iter,continuity,x-velocity,y-velocity
1,1.0,0.0003719545077719522,4.753693279999395e-05
2,0.5328006195333793,0.0002200429943004547,2.163570247981474e-05
3,0.3623272338527794,0.0001324997792692023,1.092358964208303e-05
4,0.2459213780371898,8.583909610371899e-05,6.201213369052437e-06
5,0.1594595858633659,5.749206050276053e-05,3.966635264968328e-06
6,0.1123450676609553,3.947804558520715e-05,2.80705024305942e-06
7,0.09387821381900802,2.838032247350879e-05,2.169254949230657e-06
8,0.07980143850994502,2.123563827207567e-05,1.80118718754218e-06
9,0.06654850661224848,1.692480668219109e-05,1.569004589369972e-06
10,0.05462918994729173,1.422530454746627e-05,1.42519750006855e-06
11,0.04507350108567039,1.242453618952264e-05,1.326743136351315e-06
12,0.03751255319519359,1.11369564510898e-05,1.251529773012464e-06
13,0.03121495720871311,1.015807834650647e-05,1.184441395410602e-06
14,0.02687621080881526,9.400485012826721e-06,1.130321327656858e-06
15,0.02342467593642286,8.774934022184936e-06,1.08173158485279e-06
16,0.02082764129426716,8.238003169707657e-06,1.040216188301251e-06
17,0.01862933448909161,7.761321547004501e-06,1.004455244376365e-06
18,0.01697774069766656,7.336543134406539e-06,9.724431484789093e-07
19,0.01555237261293132,6.953331903454585e-06,9.428643990331823e-07
20,0.01438713358801095,6.602566905828365e-06,9.149502395406143e-07
21,0.01412739963825903,6.281241798489684e-06,8.927213874137179e-07
22,0.0128754986598551,5.986050753713843e-06,8.637673057083366e-07
23,0.01268435908298861,5.710203197083055e-06,8.407277060162346e-07
24,0.01221740522868744,5.454998913076202e-06,8.166608511130847e-07
25,0.01096790915565364,5.215408518669827e-06,7.882542373560362e-07
26,0.01063973865645146,4.987975882127665e-06,7.655358278807045e-07
27,0.01020989696651331,4.775128228620735e-06,7.426361561776111e-07
28,0.009698322383563012,4.573611214221949e-06,7.199368521950384e-07
29,0.009165554594845256,4.383158257389848e-06,6.971321986499053e-07
30,0.00864782108519066,4.202942181126912e-06,6.74515741424555e-07
31,0.008146237607539094,4.032002051551836e-06,6.521220417728159e-07
32,0.007662710284040063,3.86998702520349e-06,6.301918941541801e-07
33,0.007204967540509039,3.715685337160113e-06,6.087125100274345e-07
34,0.006790189573262112,3.569296662304061e-06,5.879032540327261e-07
35,0.006422522432561445,3.4308583793261e-06,5.680040291421411e-07
36,0.006069043606686158,3.298537160221137e-06,5.487001395349537e-07
37,0.005754379878549053,3.172433595941494e-06,5.301166903159278e-07
38,0.005470100383963528,3.052414857903878e-06,5.123604880575998e-07
39,0.005206143049598034,2.938394409217801e-06,4.952961078248197e-07
40,0.004959927690698322,2.829443968558404e-06,4.787548432321803e-07
41,0.00473699899317295,2.725686139793497e-06,4.627287589420778e-07
42,0.004529861765499239,2.62637809848673e-06,4.473454922318929e-07
43,0.00432991942489076,2.53155659025404e-06,4.323660060801648e-07
44,0.004138579517238845,2.441088912460767e-06,4.179128747588109e-07
45,0.003957121903673025,2.354803641665554e-06,4.039518817264686e-07
46,0.00377562125812876,2.272352466399414e-06,3.903875635533679e-07
47,0.003616184802026548,2.193527989480464e-06,3.774135881199386e-07
48,0.003467845127601885,2.118276636743449e-06,3.649864489688445e-07
49,0.003323854153895891,2.046124167954602e-06,3.529555968604697e-07
50,0.003176818909822487,1.977538635728443e-06,3.414489526333591e-07
51,0.003043109490507943,1.911014745410827e-06,3.304230049732629e-07
52,0.002922832636440677,1.847461185032367e-06,3.199636064933059e-07
53,0.00279943735381383,1.786297314333388e-06,3.09792013548046e-07
54,0.002682452468448138,1.727968594141433e-06,2.999941733472423e-07
55,0.002565260309655506,1.671566802173712e-06,2.905292880403182e-07
56,0.002461813802446119,1.617432406421895e-06,2.814312169448721e-07
57,0.002356942344752788,1.565606476502116e-06,2.726639950390654e-07
58,0.002262679259683555,1.515550683725565e-06,2.642212814511852e-07
59,0.002173867805704372,1.467521086673398e-06,2.560827346554294e-07
60,0.002087922721105072,1.421265209181305e-06,2.482174083082213e-07
61,0.00200801949191987,1.376764553871781e-06,2.407126975197709e-07
62,0.001930898996811128,1.334038617048054e-06,2.33553774516369e-07
63,0.001859054128567723,1.292908506720427e-06,2.266577906454204e-07
64,0.001791040014936111,1.25334482605835e-06,2.200433580113474e-07
65,0.001729148089510546,1.215237391095341e-06,2.13690289580322e-07
66,0.001674009239950545,1.178719415869111e-06,2.076125674428272e-07
67,0.001618752519614069,1.143538147885416e-06,2.017482917954685e-07
68,0.001562687099559311,1.109695459730182e-06,1.961274901712813e-07
69,0.001516226670789621,1.076918886377632e-06,1.906836211636454e-07
70,0.001467774146117859,1.045368881542656e-06,1.853734448584716e-07
71,0.001424438650035169,1.014739893339396e-06,1.802402688193052e-07
72,0.00138358585735681,9.851790297232575e-07,1.752831702941404e-07
73,0.00133851264325235,9.5672775811862e-07,1.704600618562883e-07
74,0.001299225316946359,9.292980847397899e-07,1.658131659202026e-07
75,0.001263435191846599,9.028477435690328e-07,1.613390581143191e-07
76,0.001227712446517672,8.772560617499685e-07,1.570431084186402e-07
77,0.001195771442386917,8.525190286661077e-07,1.528627433219175e-07
78,0.001159611890935314,8.286936875130749e-07,1.488122683288507e-07
79,0.001130953868423548,8.056875607732481e-07,1.44891078669743e-07
80,0.001097897490164954,7.834167684857057e-07,1.410396823331637e-07
81,0.001069974940506458,7.618777023728463e-07,1.373042782635136e-07
82,0.001042653607126495,7.410722770009915e-07,1.336737939552202e-07
83,0.001015136056111838,7.209334736649034e-07,1.301482409967489e-07
84,0.0009878334703184888,7.014105540508008e-07,1.267132075726402e-07
85,0.0009658236082984694,6.824525528053536e-07,1.23402809489523e-07
86,0.000937124450407911,6.640386261757255e-07,1.202133163947181e-07
87,0.0009115744880981027,6.462188782699264e-07,1.171272424170109e-07
88,0.0008918608165405643,6.288906294653439e-07,1.141318662751785e-07
89,0.0008712318951988341,6.121332130899436e-07,1.112141241853099e-07
90,0.0008544463787313165,5.95908772133139e-07,1.083817695670856e-07
91,0.0008373009596798657,5.802085677569317e-07,1.056311738800166e-07
92,0.000823088511869705,5.649981101387953e-07,1.029573229575781e-07
93,0.0008032643134039084,5.502927940795058e-07,1.003520272315209e-07
94,0.0007886016994125436,5.360587662582257e-07,9.782110006701201e-08
95,0.0007723836732048911,5.222312915577696e-07,9.536198695835137e-08
96,0.0007580757953713036,5.087766740333001e-07,9.298749025032229e-08
97,0.0007404630866289001,4.957727988263411e-07,9.067997560887766e-08
98,0.0007239268848885255,4.832101346618547e-07,8.842452321010393e-08
99,0.0007127291331197467,4.710498420623099e-07,8.62147606749428e-08
100,0.0006926308257134755,4.592270235088399e-07,8.40673951091064e-08
101,0.0006861354806640733,4.477174196701871e-07,8.198331286131626e-08
102,0.0006669824477105781,4.365100689351358e-07,7.997159251580231e-08
103,0.0006512044902404186,4.255762389610706e-07,7.801974505152824e-08
104,0.0006414907542065419,4.149873176258066e-07,7.611914278444263e-08
105,0.0006371876226242146,4.047520998994784e-07,7.426963651300034e-08
106,0.0006324762793058617,3.947889538235899e-07,7.247757838645726e-08
107,0.0006234207668778044,3.851504753544646e-07,7.07260900728501e-08
108,0.000607702806653923,3.757686331742715e-07,6.902774442530093e-08
109,0.0005978021845417843,3.666794395282301e-07,6.736733165630095e-08
110,0.0005840605020736476,3.579299823299771e-07,6.575106628117572e-08
111,0.000577845402723983,3.493986253533565e-07,6.417851845449226e-08
112,0.0005683619167810536,3.410444478578809e-07,6.264150181382064e-08
113,0.0005613124444025397,3.329045314234392e-07,6.113854746424124e-08
114,0.0005571456813163412,3.249930239455531e-07,5.967310756191713e-08
115,0.0005584507054128656,3.173110038039147e-07,5.824380090231443e-08
116,0.000546072892467916,3.097510227763143e-07,5.685775532682072e-08
117,0.0005402587811502455,3.024813535107029e-07,5.551460910392128e-08
118,0.0005363474526226492,2.953757718987484e-07,5.419642286694852e-08
119,0.0005232590297351811,2.884429001481224e-07,5.292161776553256e-08
120,0.0005118246733767087,2.817274748669498e-07,5.167287641601168e-08
121,0.0004981655392825001,2.752005541944935e-07,5.044235332947093e-08
122,0.0004923839332389061,2.688707557074873e-07,4.925172860914823e-08
123,0.0004834552413792392,2.626965177131527e-07,4.808920546941123e-08
124,0.0004777403767073886,2.567172159535406e-07,4.696344816629654e-08
125,0.0004692357544892963,2.508657348012635e-07,4.585928336975539e-08
126,0.0004622765174826421,2.451746738300994e-07,4.477721496360547e-08
127,0.0004521251375303317,2.39615386076845e-07,4.371413104524946e-08
128,0.0004481012753297859,2.341815113596384e-07,4.267679850026475e-08
129,0.0004469310670962707,2.289094611414445e-07,4.166676759008835e-08
130,0.000440992051705188,2.237304991779669e-07,4.069739599649771e-08
131,0.0004318069631379855,2.186869144805156e-07,3.974460401703006e-08
132,0.0004274685097718287,2.137781944834021e-07,3.882461961589773e-08
133,0.0004253867679373957,2.089940973916183e-07,3.791515056760213e-08
134,0.0004204669760017567,2.043283174110037e-07,3.703486952366958e-08
135,0.0004134094245860016,1.997532266603514e-07,3.618397746957505e-08
136,0.0003974188477356749,1.952802724768094e-07,3.534218300015302e-08
137,0.0003883043116026624,1.90957455017825e-07,3.451835554252549e-08
138,0.000383891047146169,1.867282764776119e-07,3.370785263475907e-08
139,0.0003764953380817647,1.825943609562808e-07,3.292228123455689e-08
140,0.00036979973012633,1.785741968554409e-07,3.2158879030424e-08
141,0.0003605073384856155,1.746490915579715e-07,3.141919866232448e-08
142,0.0003544473069744743,1.708371428475536e-07,3.070241374571012e-08
143,0.0003470534029386583,1.671097129941534e-07,3.000693931713618e-08
144,0.0003402137064789669,1.634567417188219e-07,2.933295786416901e-08
145,0.0003312083369686137,1.598839884917339e-07,2.865466433719192e-08
146,0.0003245748210512459,1.563964799063251e-07,2.799214219812609e-08
147,0.0003211172631867218,1.530065449752409e-07,2.735961780271154e-08
148,0.0003158628415154846,1.496927122820935e-07,2.673657651244744e-08
149,0.0003128927184885958,1.464650620424382e-07,2.611764203264638e-08
150,0.0003096748888265809,1.433237039763977e-07,2.55184650317267e-08
151,0.0003055191166374966,1.402556823833723e-07,2.493325616904916e-08
152,0.0003000400423177159,1.372681851611044e-07,2.435958618611626e-08
153,0.0002934505606926758,1.343248399706566e-07,2.379586780965949e-08
154,0.0002912048512196083,1.314551115460166e-07,2.324652362673986e-08
155,0.0002862258729330433,1.28666729372555e-07,2.270527717796209e-08
156,0.0002779141401857736,1.259209011391495e-07,2.217551039509652e-08
157,0.0002707471090856212,1.232564430806671e-07,2.165147943575161e-08
158,0.0002639076574622703,1.206614437618315e-07,2.114071116572711e-08
159,0.0002588932992170947,1.181294870628702e-07,2.063974344693884e-08
160,0.0002520975761491529,1.156462736708725e-07,2.014253111401989e-08
161,0.0002471786481682369,1.132291307788563e-07,1.966141972691343e-08
162,0.0002426952659127385,1.108720440115997e-07,1.919380270046108e-08
163,0.0002375542939052361,1.08566768118327e-07,1.874020632809343e-08
164,0.0002322466927976736,1.063215431017523e-07,1.829738081717562e-08
165,0.0002279262022608247,1.041240972533743e-07,1.787178956141269e-08
166,0.0002232513713620637,1.019795125823986e-07,1.745526098006566e-08
167,0.0002176440776487578,9.988546831601085e-08,1.705215121423747e-08
168,0.0002125963667243625,9.785185288158547e-08,1.66661346125287e-08
169,0.000206905416944763,9.586983930766617e-08,1.630046038652855e-08
170,0.0002017307296887881,9.392640073212708e-08,1.59495642464074e-08
171,0.0001971902393782202,9.202701464870138e-08,1.561710537363697e-08
172,0.0001939278458856707,9.017645391214951e-08,1.529878883416387e-08
173,0.0001893111146968022,8.835526336235944e-08,1.498755364631083e-08
174,0.0001857253342737282,8.658246385125464e-08,1.468247580803967e-08
175,0.0001823627170593434,8.48486963129131e-08,1.438164508765003e-08
176,0.0001792989763221543,8.31525612560368e-08,1.408333469945592e-08
177,0.0001772526689707849,8.149805876700229e-08,1.379207860288189e-08
178,0.000174423614475189,7.988105268344247e-08,1.350126482378225e-08
179,0.0001700704292782243,7.829329887774213e-08,1.321456311163934e-08
180,0.000166044978199223,7.67431522363715e-08,1.2927967946224e-08
181,0.0001612193933931864,7.522816673092923e-08,1.264317988119025e-08
182,0.0001584890830659386,7.375141005710177e-08,1.236334576890494e-08
183,0.000155189877251288,7.230723877281817e-08,1.208271247318659e-08
184,0.000151436297446439,7.089025856823644e-08,1.1806740681729e-08
185,0.0001486974251746127,6.95092450805946e-08,1.153153462743621e-08
186,0.0001462726872125319,6.815194785681354e-08,1.125692569568478e-08
187,0.0001431270369768293,6.682212560905142e-08,1.098842530717658e-08
188,0.0001398333039199878,6.551606144221705e-08,1.072117627321849e-08
189,0.0001368271785217887,6.4236552122811e-08,1.045676783930401e-08
190,0.0001347981491212198,6.298733545685415e-08,1.019390547010735e-08
191,0.0001326448176624368,6.175982055336758e-08,9.933039091353722e-09
192,0.0001296644277361687,6.055300622455215e-08,9.672703571006443e-09
193,0.0001265287934879953,5.936654289110686e-08,9.416597063474674e-09
194,0.0001243211469189356,5.820539710916882e-08,9.166410761772393e-09
195,0.0001218964719717342,5.705908237647997e-08,8.91727488095568e-09
196,0.0001188288418230714,5.592925669924803e-08,8.665313985007849e-09
197,0.0001160227977744798,5.481777791420973e-08,8.42136412995681e-09
198,0.0001140120870104802,5.372772504056769e-08,8.181879485454465e-09
199,0.0001121707997078271,5.265420403138933e-08,7.94754246878576e-09
200,0.00011034671178026,5.159616001876277e-08,7.718508931852621e-09
201,0.0001083419089434742,5.055639738123138e-08,7.491100385128976e-09
202,0.0001065688811697826,4.953594329506357e-08,7.266050643394217e-09
203,0.0001043890908243463,4.852785538075057e-08,7.045177402873797e-09
204,0.0001023151434269529,4.753392094992096e-08,6.830601600345053e-09
205,0.0001004044148974794,4.655290519308944e-08,6.621338014493505e-09
206,9.802938176774244e-05,4.558176538072434e-08,6.412972979674083e-09
207,9.561780495361767e-05,4.462196667246372e-08,6.211370873916117e-09
208,9.316232522783604e-05,4.367484285205026e-08,6.016289109165774e-09
209,9.075444614026975e-05,4.274141285948921e-08,5.824026625861727e-09
210,8.802087130310817e-05,4.182257530604086e-08,5.635438476723126e-09
211,8.587785959745285e-05,4.091826121842567e-08,5.449128066465552e-09
212,8.410525206579336e-05,4.002842942471391e-08,5.270304257831667e-09
213,8.23978512273103e-05,3.91505441234777e-08,5.095976890927204e-09
214,8.069737737586815e-05,3.828564936365351e-08,4.929532308164567e-09
215,7.876680366222769e-05,3.74316825625405e-08,4.767664455640684e-09
216,7.679506182451877e-05,3.658926968068812e-08,4.611876758745798e-09
217,7.486541004955165e-05,3.575942461482874e-08,4.459763157439196e-09
218,7.324481106078077e-05,3.494326834171193e-08,4.311433457077537e-09
219,7.128066502130435e-05,3.413406607085136e-08,4.166218151423742e-09
220,6.905917797674366e-05,3.334094727375241e-08,4.026024239428963e-09
221,6.664588336926638e-05,3.256218707463746e-08,3.888670232079355e-09
222,6.450671103025161e-05,3.179577892048231e-08,3.756106965008669e-09
223,6.255180471919074e-05,3.104173764961418e-08,3.627201889149471e-09
224,6.047360615125559e-05,3.030026782227099e-08,3.50354087621502e-09
225,5.862339529532114e-05,2.957091703879754e-08,3.38472099814562e-09
226,5.674798956945064e-05,2.885381994602957e-08,3.271609448194703e-09
227,5.510364203437037e-05,2.815111822484293e-08,3.16352901553743e-09
228,5.346217067398366e-05,2.746149456511236e-08,3.057913492113584e-09
229,5.188174189788427e-05,2.678392781503777e-08,2.956338069291231e-09
230,5.032908901693892e-05,2.611978973846387e-08,2.858753296161175e-09
231,4.887797121559498e-05,2.546750667460295e-08,2.764912047186723e-09
232,4.751338166697578e-05,2.482666991530676e-08,2.674094614621847e-09
233,4.62292456032441e-05,2.419718084202151e-08,2.587597869468433e-09
234,4.504025979934591e-05,2.35794865865478e-08,2.505316808963765e-09
235,4.39118935989947e-05,2.297337908488048e-08,2.425276041744336e-09
236,4.289917144129018e-05,2.238216769339767e-08,2.348809147816588e-09
237,4.186331835957068e-05,2.180114444744289e-08,2.276198217667726e-09
238,4.092173264068489e-05,2.123085836351646e-08,2.207378984733639e-09
239,4.000034286516707e-05,2.067164336522599e-08,2.141600992688822e-09
240,3.915577150260694e-05,2.012390259511902e-08,2.078649530167662e-09
241,3.826242321293657e-05,1.958769773288588e-08,2.018196142591428e-09
242,3.737309080766324e-05,1.90625918423946e-08,1.960631297517363e-09
243,3.655543449303677e-05,1.854940101711911e-08,1.906230761260633e-09
244,3.571137924542475e-05,1.804738794600587e-08,1.854467100973992e-09
245,3.494730519985399e-05,1.755645212988302e-08,1.805629582181273e-09
246,3.415018238425287e-05,1.707618380978855e-08,1.757252864978284e-09
247,3.341757323536842e-05,1.66067072618418e-08,1.711582093918758e-09
248,3.263958909772047e-05,1.614791258949787e-08,1.667716328546111e-09
249,3.202629442652184e-05,1.570013147223431e-08,1.626209428012902e-09
250,3.147601066215555e-05,1.526303165525704e-08,1.586895357353326e-09
251,3.097407332767643e-05,1.483609498418881e-08,1.549209846087284e-09
252,3.043119299891479e-05,1.441894648199482e-08,1.513092372717178e-09
253,2.976628484737044e-05,1.401105603182332e-08,1.47743152035015e-09
254,2.907800764192069e-05,1.361272447304758e-08,1.44378525437351e-09
255,2.837314515961966e-05,1.322342134253705e-08,1.411152913294922e-09
256,2.7756265905702e-05,1.284411808258518e-08,1.380565463471404e-09
257,2.727516917362306e-05,1.247453812842584e-08,1.351842271089431e-09
258,2.668774765590223e-05,1.211351117095125e-08,1.32362351513666e-09
259,2.59814209797458e-05,1.176095426327819e-08,1.295625428785858e-09
260,2.524379498646025e-05,1.141711212355672e-08,1.268429473063402e-09
261,2.453591226348244e-05,1.1082201782028e-08,1.242274257479285e-09
262,2.382817367497164e-05,1.075569420752901e-08,1.216503259019369e-09
263,2.253806229370941e-05,1.043456027927624e-08,1.18713722131041e-09
264,2.128707201031441e-05,1.012234678494229e-08,1.158423659881885e-09
265,2.035440352729737e-05,9.81973048846827e-09,1.131770320468329e-09
266,1.961876805429168e-05,9.525946752201947e-09,1.106343615249265e-09
267,1.900425799455994e-05,9.240404548016955e-09,1.081651803275047e-09
268,1.844713619685795e-05,8.962420392084758e-09,1.058058721980051e-09
269,1.790679338461856e-05,8.691967461176226e-09,1.035073023959384e-09
270,1.747768432646919e-05,8.428770397050092e-09,1.012955133826525e-09
271,1.707043621195112e-05,8.172645549415268e-09,9.911308001347013e-10
272,1.668778957767442e-05,7.923229995539068e-09,9.696541004631816e-10
273,1.629901315984135e-05,7.68047750570074e-09,9.481335363979907e-10
274,1.591740915286896e-05,7.444541644971025e-09,9.272616419298226e-10
275,1.55109114394374e-05,7.214977343855536e-09,9.063354493137998e-10
276,1.515025962966911e-05,6.99192063340565e-09,8.85573278937944e-10
277,1.479711069515751e-05,6.775078480594966e-09,8.652713050259814e-10
278,1.444276505989497e-05,6.564301069390596e-09,8.449690055285307e-10
279,1.410566007423426e-05,6.359456301055546e-09,8.25082839784938e-10
280,1.375548147539518e-05,6.16039388836966e-09,8.054240072184162e-10
281,1.34289957410411e-05,5.967014124848391e-09,7.859857004911571e-10
282,1.303442951669949e-05,5.77886470954807e-09,7.66602384506102e-10
283,1.265803445864701e-05,5.596171702614353e-09,7.47375790288201e-10
284,1.229637866607479e-05,5.418861954830053e-09,7.287265146267418e-10
285,1.196336000442933e-05,5.246757466954428e-09,7.102914483095708e-10
286,1.166355682690106e-05,5.079684572883896e-09,6.923428821203592e-10
287,1.135683387104469e-05,4.917499487166209e-09,6.746638641371992e-10
288,1.106776662920442e-05,4.760064745786832e-09,6.572618318621022e-10
289,1.076729339807093e-05,4.607281002854463e-09,6.402230459948327e-10
290,1.048806327959536e-05,4.459112637446002e-09,6.234842183180176e-10
291,1.020036874624672e-05,4.315318196040243e-09,6.071485409787364e-10
292,9.916758841264251e-06,4.175838554987672e-09,5.910364314017369e-10
293,9.664200320529403e-06,4.040561534835259e-09,5.752889176252582e-10
294,9.407222819072844e-06,3.909340877356357e-09,5.599124883529607e-10
295,9.150709347732146e-06,3.782054572002523e-09,5.446813452247786e-10
296,8.923805453848757e-06,3.658635595258584e-09,5.298902027292088e-10
297,8.686511772071657e-06,3.538995416062469e-09,5.154404218737263e-10
298,8.46562304127453e-06,3.423047295449149e-09,5.012642767274203e-10
299,8.236137282626887e-06,3.310631115055658e-09,4.874271043925464e-10
300,7.961100325072139e-06,3.20154065396756e-09,4.736056275149292e-10
301,7.720369334203072e-06,3.095882826873266e-09,4.602280821187138e-10
302,7.456510792580194e-06,2.993417741595909e-09,4.471946785425866e-10
303,7.204083472533743e-06,2.894174149414627e-09,4.344250543623571e-10
304,6.978003615579146e-06,2.798133293351331e-09,4.219967260057528e-10
305,6.771368208166149e-06,2.705143035177845e-09,4.099423605734611e-10
306,6.571607249863317e-06,2.615069811778714e-09,3.981513337680153e-10
307,6.374632392318588e-06,2.527771117201558e-09,3.865286889646507e-10
308,6.196739234946526e-06,2.443268895950383e-09,3.753049952108179e-10
309,6.023817057662594e-06,2.361443385467838e-09,3.644386822994584e-10
310,5.851872527085476e-06,2.282205682579302e-09,3.538263309100349e-10
311,5.680991170006958e-06,2.205472485835536e-09,3.433783184255072e-10
312,5.513989203609173e-06,2.131171963192983e-09,3.33224353561826e-10
313,5.349392524747202e-06,2.059246156541401e-09,3.233234224253932e-10
314,5.171460917237822e-06,1.98955249181044e-09,3.135738360965133e-10
315,5.003482188859985e-06,1.922133898129402e-09,3.041145027647186e-10
316,4.843058837123181e-06,1.856915553989867e-09,2.948941753840751e-10
317,4.687340380307164e-06,1.793818722449923e-09,2.859056974664923e-10
318,4.53898138379844e-06,1.732773098510834e-09,2.771562262901203e-10
319,4.394778010370897e-06,1.67371256826814e-09,2.686794484985033e-10
320,4.255474479075757e-06,1.616576770044811e-09,2.604553392333356e-10
321,4.109811474074941e-06,1.561253594296889e-09,2.523848540139087e-10
322,3.947839622872554e-06,1.507633112103417e-09,2.44385249515076e-10
323,3.800967778706187e-06,1.45582209310651e-09,2.367008707707238e-10
324,3.662216354798351e-06,1.405724961395138e-09,2.292570545822371e-10
325,3.520661358632675e-06,1.357245531052683e-09,2.219978559049388e-10
326,3.389925477491621e-06,1.310418630375371e-09,2.150196451798766e-10
327,3.26822305589669e-06,1.265166634620287e-09,2.082447191008104e-10
328,3.152843841771674e-06,1.221428774206064e-09,2.016623333748565e-10
329,3.043199653565111e-06,1.179153001665651e-09,1.952697244115008e-10
330,2.928747189608272e-06,1.138248657925796e-09,1.889934417279653e-10
331,2.819425818347641e-06,1.098712152931083e-09,1.829240191254373e-10
332,2.715937327746403e-06,1.060524607090072e-09,1.770809698285167e-10
333,2.620002504675621e-06,1.023633055774315e-09,1.71417088271038e-10
334,2.529595392768961e-06,9.879823092360152e-10,1.659217573844081e-10
335,2.443138167175993e-06,9.535290162238675e-10,1.60583971413235e-10
336,2.360634391792032e-06,9.202356750067173e-10,1.55402666796936e-10
337,2.281330339836187e-06,8.88066088268824e-10,1.503748617196898e-10
338,2.204244429408816e-06,8.56982804358762e-10,1.454966356420885e-10
339,2.128967312200089e-06,8.26946596894492e-10,1.407644830848182e-10
340,2.055345335585048e-06,7.979336265119303e-10,1.361751979088842e-10
341,1.984112534903756e-06,7.699075673271209e-10,1.317250418546248e-10
342,1.914319017864062e-06,7.42829504244912e-10,1.273943590344568e-10
343,1.849406374900499e-06,7.166805349769558e-10,1.232102588483288e-10
344,1.786736493361028e-06,6.914284062167364e-10,1.191597777096796e-10
345,1.72622508899672e-06,6.6703948467658e-10,1.152332544384015e-10
346,1.667269873094418e-06,6.434853331115898e-10,1.114276881594483e-10
347,1.610347678407452e-06,6.207381293122484e-10,1.077386930517257e-10
348,1.555307572882524e-06,5.987715961072665e-10,1.041635690296904e-10
349,1.502036962568e-06,5.775602156385857e-10,1.006997796628035e-10
350,1.450466679274119e-06,5.570792112185178e-10,9.734427761817111e-11
351,1.400333222162666e-06,5.373044589440961e-10,9.409110796088918e-11
352,1.351818281577126e-06,5.182116824278571e-10,9.091505754010271e-11
353,1.304798648303384e-06,4.997786891623492e-10,8.785561418852714e-11
354,1.259369053634146e-06,4.819844637249456e-10,8.490171669530929e-11
355,1.215359464501886e-06,4.648079175332259e-10,8.204490081221263e-11
356,1.172936213814625e-06,4.482290079871603e-10,7.927908195752603e-11
357,1.131961858520598e-06,4.322269473825344e-10,7.66016146847247e-11
358,1.092460217094628e-06,4.167821387042378e-10,7.400992354061194e-11
359,1.054283733025369e-06,4.018758673142289e-10,7.150151946114443e-11
360,1.017396787765804e-06,3.874900061558842e-10,6.907397315163136e-11
361,9.817652173689667e-07,3.736070081533321e-10,6.672487119275735e-11
362,9.473507044937488e-07,3.602098872488696e-10,6.44518748481507e-11
363,9.135172811748239e-07,3.472789116686277e-10,6.224641660518422e-11
364,8.819783287753688e-07,3.348040833691108e-10,6.011781575784558e-11
365,8.51634589235397e-07,3.227690589442926e-10,5.806236530278969e-11
366,8.222516035644048e-07,3.111569873510316e-10,5.607327518397368e-11
367,7.937907664089049e-07,2.999538360114051e-10,5.414961125500197e-11
368,7.661393412384492e-07,2.891452319637341e-10,5.228870039828228e-11
369,7.393290690335533e-07,2.787177887324707e-10,5.048859693019478e-11
370,7.13367644038085e-07,2.686585200615925e-10,4.874767449688329e-11
371,6.855282164130569e-07,2.589436742490312e-10,4.704931995908407e-11
372,6.592151027457069e-07,2.495768834826142e-10,4.541674184496656e-11
373,6.344565494898065e-07,2.405451535906734e-10,4.384310904058792e-11
374,6.109819327482418e-07,2.318371143761935e-10,4.232170217409996e-11
375,5.887668404987478e-07,2.234384592601203e-10,4.085174088752394e-11
376,5.67522821086351e-07,2.153381814192563e-10,3.943060474813415e-11
377,5.47317172561657e-07,2.075260082238525e-10,3.805701408334172e-11
378,5.278484001256999e-07,1.999920242531162e-10,3.672958785129947e-11
379,5.090363026419101e-07,1.927266541773161e-10,3.544688335954219e-11
380,4.908675216257361e-07,1.857204805104817e-10,3.420749951653711e-11
381,4.733273388104617e-07,1.789644889772445e-10,3.301003971359905e-11
382,4.564005426355656e-07,1.724500030152501e-10,3.185311236480359e-11
383,4.400632980784136e-07,1.661685976108186e-10,3.073541040129728e-11
384,4.242969022791841e-07,1.601120801063089e-10,2.965566564738703e-11
385,4.090827667195364e-07,1.542725942060413e-10,2.861264852436313e-11
386,3.94402659088773e-07,1.486425470824015e-10,2.760517717071209e-11
387,3.802383975221178e-07,1.43214601861386e-10,2.663208596973977e-11
388,3.665723035491712e-07,1.379816694924305e-10,2.569225441119369e-11
389,3.533872578443834e-07,1.329369010788933e-10,2.478460217362045e-11
390,3.406667782863721e-07,1.280736798479225e-10,2.390807086335082e-11
391,3.283948012119022e-07,1.233856140785394e-10,2.306163964497452e-11
392,3.165563818692493e-07,1.188665299691681e-10,2.224431935654898e-11
393,3.051363211528236e-07,1.145104649612414e-10,2.145515519514279e-11
394,2.941210927055565e-07,1.103116601693344e-10,2.069321400064849e-11
395,2.834967638597141e-07,1.062645553975847e-10,1.995759460225616e-11
396,2.732488386656281e-07,1.023637779897454e-10,1.924742822988164e-11
397,2.633635987396797e-07,9.860413827794504e-11,1.856186537703225e-11
398,2.5382808159673e-07,9.498064315983382e-11,1.790008637357916e-11
399,2.446311933532716e-07,9.148844646837676e-11,1.726129738800798e-11
400,2.357613674160648e-07,8.812287961686567e-11,1.664472971269257e-11
401,2.272073096187021e-07,8.487943948053269e-11,1.604963883053426e-11
402,2.189580283335522e-07,8.175377733496507e-11,1.547530371930349e-11
403,2.110023311868523e-07,7.874169462258536e-11,1.49210261830568e-11
404,2.031959200482763e-07,7.583838758424533e-11,1.438485467601589e-11
405,1.959082135610558e-07,7.304124012113346e-11,1.386854230517239e-11
406,1.889212296185736e-07,7.034629187215217e-11,1.337102394390547e-11
407,1.821433528915685e-07,6.774953411548216e-11,1.289084398272495e-11
408,1.756044321315302e-07,6.52474623281337e-11,1.24274016222403e-11
409,1.692694224648874e-07,6.283663785991886e-11,1.198027776238991e-11
410,1.631398471964429e-07,6.051378269017079e-11,1.154881720149597e-11
411,1.572153567870742e-07,5.827575004818554e-11,1.113249871592834e-11
412,1.514938581576199e-07,5.611949974354028e-11,1.07308351097341e-11
413,1.45971448790792e-07,5.404209628929393e-11,1.034334342503448e-11
414,1.406426258050875e-07,5.204070699787034e-11,9.969545114339347e-12
415,1.355023199632549e-07,5.011259271943609e-11,9.608974932177217e-12
416,1.305451060761476e-07,4.825511265139194e-11,9.261181167435927e-12
417,1.257650375526015e-07,4.646572182365713e-11,8.92572565526397e-12
418,1.211564064266941e-07,4.474195879622117e-11,8.602184111187565e-12
419,1.167135161573408e-07,4.308145193694499e-11,8.290146538626058e-12
420,1.124307470423364e-07,4.148191373528292e-11,7.98921435765947e-12
421,1.083025863730209e-07,3.994113768507671e-11,7.699003102485429e-12
422,1.043236612451425e-07,3.845699554527162e-11,7.419140995752935e-12
423,1.004887469502077e-07,3.702743466738342e-11,7.149268589868405e-12
424,9.679273781683735e-08,3.565047690236951e-11,6.889038392559311e-12
425,9.323079078403284e-08,3.432421133452684e-11,6.638114568587445e-12
426,8.979814850505621e-08,3.304679669206909e-11,6.396172519635883e-12
427,8.649016922177567e-08,3.181645737969989e-11,6.162898481229027e-12
428,8.330242576657106e-08,3.06314812288927e-11,5.937989308384625e-12
429,8.02314375875977e-08,2.949021679330275e-11,5.72115198752976e-12
430,7.727207172353403e-08,2.839107253067481e-11,5.512103562374266e-12
431,7.441114759899515e-08,2.733251346226808e-11,5.31054673967984e-12
432,7.165916624988068e-08,2.63130596279137e-11,5.116252990830805e-12
433,6.901455653441597e-08,2.53312841579962e-11,4.928968823324131e-12
434,6.647095203512313e-08,2.438581111671174e-11,4.748434363039551e-12
435,6.401832091460874e-08,2.347531422040387e-11,4.574411777309065e-12
436,6.165300449098608e-08,2.259851482319294e-11,4.406671540777307e-12
437,5.937275116004341e-08,2.175418091456848e-11,4.244991083750649e-12
438,5.717509466855819e-08,2.094112394334045e-11,4.089155905891798e-12
439,5.505743495026157e-08,2.015819787708621e-11,3.938959233878327e-12
440,5.30171102335446e-08,1.940429857691038e-11,3.794200721300473e-12
441,5.105145224529762e-08,1.867836169676306e-11,3.65468727372713e-12
442,4.915782906876055e-08,1.797936252152873e-11,3.52023246654554e-12
443,4.733367801724214e-08,1.730631142779941e-11,3.390656362197153e-12
444,4.557649936760795e-08,1.665825508351914e-11,3.265785270889157e-12
445,4.388387796610895e-08,1.603427501107207e-11,3.145451504747418e-12
446,4.225348298334362e-08,1.543348601578055e-11,3.029493209537368e-12
447,4.068304865589249e-08,1.485503501016398e-11,2.917754147430625e-12
448,3.917039414208965e-08,1.429809981702437e-11,2.81008353123065e-12
449,3.771341926255795e-08,1.376188877643294e-11,2.706335813305152e-12
450,3.63101108458137e-08,1.324563779157238e-11,2.606370539875158e-12
451,3.495850633721747e-08,1.27486110300085e-11,2.510052145926195e-12
452,3.365672430687394e-08,1.227009952295877e-11,2.417249836169482e-12
453,3.240295727896793e-08,1.180942033053001e-11,2.327837369963234e-12
454,3.119546740731448e-08,1.136591513979335e-11,2.241692956239536e-12
455,3.003256554429874e-08,1.093895012750207e-11,2.158699021774424e-12
456,2.891262366910887e-08,1.052791379632141e-11,2.078742224483206e-12
457,2.783405701787273e-08,1.013221701231134e-11,2.001713207932214e-12
458,2.67953640713155e-08,9.751292545818859e-12,1.92750635449594e-12
459,2.579507996773492e-08,9.384593761274105e-12,1.856019902268461e-12
460,2.483181167669957e-08,9.031594382943348e-12,1.787155661692448e-12
461,2.390419893024866e-08,8.691786748356303e-12,1.720818778403659e-12
462,2.30109454534721e-08,8.364681945632934e-12,1.656917856809247e-12
463,2.215078805137421e-08,8.049809164433368e-12,1.595364721792159e-12
464,2.132251267311988e-08,7.746714800829204e-12,1.536074351037724e-12
465,2.05249577504214e-08,7.45496172453384e-12,1.47896472547677e-12
466,1.975698839680009e-08,7.174129256706846e-12,1.423956747375146e-12
467,1.901752249929569e-08,6.903811613897268e-12,1.370974138915159e-12
468,1.830550537201286e-08,6.643618364852264e-12,1.319943327297764e-12
469,1.761993841872186e-08,6.393173061799007e-12,1.270793364462538e-12
470,1.695985459056136e-08,6.152113642181077e-12,1.223455839110598e-12
471,1.632431685373023e-08,5.920091183257673e-12,1.177864793723302e-12
472,1.571241212755608e-08,5.696769092492294e-12,1.133956602558323e-12
473,1.512327442551184e-08,5.481823535568286e-12,1.091669938907953e-12
474,1.455605738782526e-08,5.274942752510635e-12,1.050945669433935e-12
475,1.400996244665791e-08,5.075826337722217e-12,1.011726789654677e-12
476,1.348420473385455e-08,4.884184981218299e-12,9.739583330817845e-13
477,1.297803658484861e-08,4.69974016463275e-12,9.375872670176712e-13
478,1.249072936698058e-08,4.522223336223835e-12,9.025625111680804e-13
479,1.202159862145317e-08,4.351376189740797e-12,8.688348184313392e-13
480,1.156996229772483e-08,4.186949714731307e-12,8.363566994742639e-13
481,1.113517157234668e-08,4.028704351366106e-12,8.050823842566678e-13
482,1.071661599334419e-08,3.876409374702543e-12,7.749677644718415e-13
483,1.03136870919335e-08,3.72984247986396e-12,7.459703087621086e-13
484,9.92580593278735e-09,3.588789507810341e-12,7.18049021136806e-13
485,9.552415833844305e-09,3.453044474965728e-12,6.91164396964178e-13
486,9.192978976274349e-09,3.322408771521165e-12,6.652783581026032e-13
487,8.846982926893146e-09,3.196691457823033e-12,6.403542036743872e-13
488,8.513927811043671e-09,3.075708454345036e-12,6.163565630936666e-13
489,8.193330491506374e-09,2.959282565898834e-12,5.932513473197116e-13
490,7.884733334980467e-09,2.847243196014351e-12,5.710057089444333e-13
491,7.587685444171624e-09,2.739426045885963e-12,5.495879878001998e-13
492,7.301763124197484e-09,2.635672994271975e-12,5.289676626072925e-13
493,7.026552417657831e-09,2.535831689595943e-12,5.091153653825121e-13
494,6.761650999558739e-09,2.439755514965292e-12,4.900027362397092e-13
495,6.506676741875856e-09,2.347303273037558e-12,4.716024916260485e-13
496,6.261264773143157e-09,2.258339100955548e-12,4.538883211430889e-13
497,6.025051307000429e-09,2.172732161940949e-12,4.368348865173396e-13
498,5.797699386231307e-09,2.090356475222053e-12,4.204177841223127e-13
499,5.578888722935443e-09,2.011090698202571e-12,4.046134454791156e-13
500,5.368286153004566e-09,1.934818091898587e-12,3.89399236049548e-13
501,5.165591646513806e-09,1.861426282064829e-12,3.747533071828791e-13
502,4.970507394697353e-09,1.790806980891273e-12,3.606546101471479e-13
503,4.782751211387917e-09,1.722855986051557e-12,3.470828879603776e-13
504,4.602049327546532e-09,1.65747297471073e-12,3.340185944871215e-13
505,4.428138486571685e-09,1.594561464111611e-12,3.214429400384168e-13
506,4.260765253037343e-09,1.534028465410859e-12,3.093377664086119e-13
507,4.099684905421863e-09,1.475784517795412e-12,2.976856475121347e-13
508,3.944666574129595e-09,1.419743482605194e-12,2.864697505360266e-13
509,3.795483624986439e-09,1.365822452746002e-12,2.756738682134006e-13
510,3.651907518030484e-09,1.313941624744697e-12,2.652824146396986e-13
511,3.513739367358233e-09,1.26402421722792e-12,2.552803491702605e-13
512,3.380774239968e-09,1.215996234053303e-12,2.456531882487239e-13
513,3.252816349205679e-09,1.169786487740908e-12,2.363869923711159e-13
514,3.129678110666916e-09,1.12532647623183e-12,2.274683247177021e-13
515,3.011180666331267e-09,1.082550245152058e-12,2.188842477904635e-13
516,2.897147818933351e-09,1.041394324279276e-12,2.106223139677574e-13
517,2.787413832449757e-09,1.001797596921987e-12,2.026704983279742e-13
518,2.681818648593489e-09,9.637012943529233e-13,1.950172767423737e-13
519,2.580204859554901e-09,9.270487528381914e-13,1.876514767859599e-13
520,2.482426720425573e-09,8.917855510334548e-13,1.80562409924885e-13
521,2.388335884776875e-09,8.578592288044663e-13,1.737397422599637e-13
522,2.297798549797166e-09,8.252193110834951e-13,1.671735318384996e-13
523,2.210675072282353e-09,7.938172483143278e-13,1.608542031955516e-13
524,2.126838814265723e-09,7.636062752455518e-13,1.547725340657708e-13
525,2.04617562168073e-09,7.345413904100135e-13,1.489196505898838e-13
526,1.968557332255118e-09,7.06579302495195e-13,1.432870029089805e-13
527,1.893868906110258e-09,6.796783445330158e-13,1.378663461794846e-13
528,1.822003303797269e-09,6.537983910299169e-13,1.326497616203532e-13
529,1.752855713238256e-09,6.289008545068221e-13,1.276296189891707e-13
530,1.686318609735831e-09,6.049485910203602e-13,1.22798553900031e-13
531,1.622297446899383e-09,5.819058513970103e-13,1.181494910119537e-13
532,1.560703133689481e-09,5.597382357172026e-13,1.136756241346876e-13
533,1.501439145460084e-09,5.384126198094724e-13,1.093703948954439e-13
534,1.444410328637124e-09,5.178971290951162e-13,1.052274714843174e-13
535,1.389541612313218e-09,4.981611257256995e-13,1.012407685844525e-13
536,1.336753234527635e-09,4.791751054679989e-13,9.740444070184937e-14
537,1.285958556331876e-09,4.609106396824961e-13,9.371284202146958e-14
538,1.237091584717294e-09,4.433404174701909e-13,9.01605608237987e-14
539,1.190073883457033e-09,4.264381636088261e-13,8.674233877478943e-14
540,1.144830068865845e-09,4.101785575292548e-13,8.345315998772478e-14
541,1.101306833743604e-09,3.945372292843912e-13,8.028819089364452e-14
542,1.05943194343493e-09,3.794907787916337e-13,7.724274429908628e-14
543,1.019148191578882e-09,3.650166429691564e-13,7.431234333906855e-14
544,9.803858030562728e-10,3.510931297055937e-13,7.149266469296977e-14
545,9.430957861120543e-10,3.37699361638214e-13,6.877954997506934e-14
546,9.07217332124048e-10,3.248152423675485e-13,6.616898230506576e-14
547,8.727012577299895e-10,3.12421449370396e-13,6.365711065052723e-14
548,8.394892830826904e-10,3.004993944237469e-13,6.124023075289074e-14
549,8.075419870934913e-10,2.890311710517662e-13,5.891475459437567e-14
550,7.768090789603163e-10,2.779995181537067e-13,5.66772433819625e-14
551,7.472369709002583e-10,2.673879372546883e-13,5.452439257976718e-14
552,7.187902755249671e-10,2.571804325330007e-13,5.245301841891511e-14
553,6.914260706626976e-10,2.473616749644727e-13,5.04600462028864e-14
554,6.650947366269519e-10,2.379169056621275e-13,4.854251699203574e-14
555,6.397707895381667e-10,2.288319433362243e-13,4.669759739621529e-14
556,6.153995258478575e-10,2.200930815936809e-13,4.492254923617336e-14
557,5.919585372469272e-10,2.116871882801405e-13,4.32147378993141e-14
558,5.694079297537979e-10,2.036016206583003e-13,4.157161546130832e-14
559,5.477137298480507e-10,1.958242164481544e-13,3.999076433263646e-14
560,5.268466812992942e-10,1.883432378921651e-13,3.846982301442618e-14
561,5.067707775022647e-10,1.811474585732927e-13,3.700653329425976e-14
562,4.874605028248474e-10,1.742259877092086e-13,3.559871400918231e-14
563,4.688804974874568e-10,1.675684124505204e-13,3.424427565534176e-14
564,4.510118029441599e-10,1.611647194093067e-13,3.294121375162392e-14
565,4.338179317077475e-10,1.550052388516998e-13,3.168756710355047e-14
566,4.172793612941351e-10,1.490806596370968e-13,3.04814782718031e-14
567,4.013706426867614e-10,1.433820892079247e-13,2.932115219637625e-14
568,3.860663372087432e-10,1.379008980568376e-13,2.820486098109204e-14
569,3.713470671668054e-10,1.326288103094656e-13,2.713093573227477e-14
570,3.571860554363811e-10,1.27557899869889e-13,2.609777352353259e-14
571,3.435645608733532e-10,1.226805000442002e-13,2.510384869972709e-14
572,3.304627548991485e-10,1.179892165043083e-13,2.414765920695995e-14
573,3.178546395197412e-10,1.134770013119494e-13,2.322777632874666e-14
574,3.057332730791506e-10,1.09137001677535e-13,2.234283801509804e-14
575,2.940706622831474e-10,1.049627031387832e-13,2.149152208965588e-14
576,2.828491061749873e-10,1.009477535166006e-13,2.067253903807071e-14
577,2.720575058160173e-10,9.708611389196637e-14,1.988468855006865e-14
578,2.616830967241423e-10,9.337192110829466e-14,1.912677918224285e-14
579,2.516939854369206e-10,8.979955906943259e-14,1.839767962206028e-14
580,2.420961215004675e-10,8.636364137525344e-14,1.769629811505033e-14
581,2.328598244620345e-10,8.305894518499313e-14,1.702158485247891e-14
582,2.239702425839297e-10,7.988050603008678e-14,1.637252177677579e-14
583,2.154251395507047e-10,7.682347025533346e-14,1.574813575101189e-14
584,2.072041173389677e-10,7.388323522160518e-14,1.514752857686365e-14
585,1.992965784816769e-10,7.105536272749884e-14,1.456975837183089e-14
586,1.916907098019838e-10,6.833550971957809e-14,1.401395177223123e-14
587,1.843768166276988e-10,6.571961924267237e-14,1.347929713579621e-14
588,1.773401943308151e-10,6.320372714368582e-14,1.296502176863428e-14
589,1.705729558350255e-10,6.078395186128606e-14,1.247029687470216e-14
590,1.640625053206172e-10,5.845669034730809e-14,1.199438944401607e-14
591,1.578039656297869e-10,5.621839495068563e-14,1.15366206124589e-14
592,1.51778466373165e-10,5.406567076831923e-14,1.109627753900052e-14
593,1.459899709354851e-10,5.199525445109651e-14,1.067271203324367e-14
594,1.404179080426328e-10,5.000397642984292e-14,1.026527944653338e-14
595,1.350605045158407e-10,4.808887435923441e-14,9.87335844679297e-15
596,1.299059121603658e-10,4.624698854202256e-14,9.496340705984064e-15
597,1.249508081679613e-10,4.447556948330878e-14,9.133719748935051e-15
598,1.201837452986426e-10,4.27718905897293e-14,8.784914302145508e-15
599,1.15600849026941e-10,4.11333914361281e-14,8.449404118716455e-15
600,1.111929534942639e-10,3.955754357798668e-14,8.126652857980551e-15
601,1.069492112894496e-10,3.804199897457019e-14,7.81621415613645e-15
602,1.028673714539175e-10,3.658445089640958e-14,7.517614705835062e-15
603,9.894886271243957e-11,3.518267019432826e-14,7.230409597253863e-15
604,9.517698873064464e-11,3.383450869298559e-14,6.954151333624661e-15
605,9.15474944115764e-11,3.253795605481468e-14,6.68841887553494e-15
606,8.805526928192175e-11,3.129100811973461e-14,6.432805756344924e-15
607,8.469670458931164e-11,3.009179780357497e-14,6.186960716614411e-15
608,8.147103278202378e-11,2.893848971577166e-14,5.950506411545476e-15
609,7.8369380828148e-11,2.782930750404476e-14,5.723053275842222e-15
610,7.538177250285018e-11,2.676261124069239e-14,5.504283921262373e-15
611,7.251045687913806e-11,2.573670434125866e-14,5.293848159992946e-15
612,6.974841169034985e-11,2.475012088403013e-14,5.091477619306349e-15
613,6.709669854758568e-11,2.380129358518426e-14,4.896816159110582e-15
614,6.453281562843374e-11,2.288879245390091e-14,4.709576981761088e-15
615,6.208119080139413e-11,2.201124773345168e-14,4.529480410336624e-15
616,5.971986727120631e-11,2.116729362973865e-14,4.356256521749371e-15
617,5.744617490250951e-11,2.035566141782655e-14,4.189660700502664e-15
618,5.52619121901637e-11,1.957513756779807e-14,4.029414636660361e-15
619,5.316025570409343e-11,1.882449416624537e-14,3.875277746529525e-15
620,5.113595664598606e-11,1.810261029550091e-14,3.727055185149221e-15
621,4.919654986038249e-11,1.740836208733362e-14,3.584472961248733e-15
622,4.731970340254694e-11,1.674070945825431e-14,3.447327876102657e-15
623,4.553164580802154e-11,1.6098686868442e-14,3.315476027260082e-15
624,4.379831059455619e-11,1.548120758261755e-14,3.188591548679403e-15
625,4.213963042756573e-11,1.488738533157959e-14,3.066576785072231e-15
626,4.05391998903985e-11,1.431634404973923e-14,2.949264037136692e-15
627,3.899601011726694e-11,1.376715495635547e-14,2.836393638158912e-15
628,3.752980659353636e-11,1.323905360400017e-14,2.727857892807612e-15
629,3.610282082639655e-11,1.273115099793505e-14,2.62343585177169e-15
630,3.473317211624757e-11,1.224274611482355e-14,2.523040544976794e-15
631,3.341732359052422e-11,1.177302361936093e-14,2.426440041082243e-15
632,3.215076483217189e-11,1.132131638114477e-14,2.333553124296889e-15
633,3.093465534196314e-11,1.088696636851066e-14,2.244269785520159e-15
634,2.977197162346719e-11,1.046923323153551e-14,2.158334066665843e-15
635,2.864857591505186e-11,1.006752477416456e-14,2.075712903116531e-15
636,2.756283216671584e-11,9.681196365540278e-15,1.99627692630136e-15
637,2.652603304699152e-11,9.309661186685754e-15,1.919793125344862e-15
638,2.552082344811955e-11,8.952439006546814e-15,1.846326203598111e-15
639,2.45649913190487e-11,8.608879832439447e-15,1.775647533148475e-15
640,2.364026732203043e-11,8.278485435154709e-15,1.707636316746811e-15
641,2.274578925769427e-11,7.960768902000321e-15,1.642222712922204e-15
642,2.188587776848133e-11,7.655250564276162e-15,1.579385374817579e-15
643,2.10701119548499e-11,7.36141225000554e-15,1.518862511090996e-15
644,2.027952302635204e-11,7.078835618700976e-15,1.460681503985392e-15
645,1.952942329144489e-11,6.807177253991467e-15,1.404780209614793e-15
646,1.878672602335134e-11,6.545876319814435e-15,1.350981999101771e-15
647,1.808250160169455e-11,6.294626567699861e-15,1.299218253719035e-15
648,1.741726453001167e-11,6.053000822341008e-15,1.249490883993928e-15
649,1.67608519888769e-11,5.820601398530251e-15,1.201587587228414e-15
650,1.613327589592655e-11,5.597190745335615e-15,1.155588729939886e-15
651,1.553717923100125e-11,5.382325584852481e-15,1.1113475181804e-15
652,1.494985855877211e-11,5.175660379942016e-15,1.068725169365622e-15
653,1.440161849401741e-11,4.976963538590521e-15,1.027796565888238e-15
654,1.387363446008585e-11,4.785915029808823e-15,9.88458089838428e-16
655,1.33545443074098e-11,4.602186844314737e-15,9.506013408002054e-16
656,1.286160988027954e-11,4.425485426016738e-15,9.141886184095665e-16
657,1.237998372415428e-11,4.255539911327047e-15,8.791430147825685e-16
658,1.192879305039691e-11,4.0921889822123e-15,8.454808694659093e-16
659,1.148455972931973e-11,3.935044060646301e-15,8.131070972576701e-16
660,1.106887977358031e-11,3.783970879328868e-15,7.81940668944301e-16
661,1.066573787433202e-11,3.638661778390004e-15,7.519782285552943e-16
662,1.026884789779876e-11,3.4989884488373e-15,7.232202658678943e-16
663,9.89676258575422e-12,3.364606461174023e-15,6.954914166332124e-16
664,9.539217646256957e-12,3.235404209910749e-15,6.68828105456689e-16
665,9.194733044431853e-12,3.111201870024057e-15,6.43258972744499e-16
666,8.854361941557565e-12,2.991701753110224e-15,6.185651172275749e-16
667,8.542283560486676e-12,2.876846853777563e-15,5.949146994994759e-16
668,8.224515474545446e-12,2.766385679034196e-15,5.721122664193519e-16
669,7.93187096346496e-12,2.660137546484229e-15,5.501965179907504e-16
670,7.64368937988465e-12,2.557964210777101e-15,5.291074427858398e-16
671,7.371631643822571e-12,2.459789386307844e-15,5.088917683628706e-16
672,7.113504866958794e-12,2.365293310244814e-15,4.893553512965731e-16
673,6.859896050670887e-12,2.274494740296862e-15,4.706490818662609e-16
674,6.607701515453532e-12,2.187157554278635e-15,4.525913589100029e-16
675,6.384416598410808e-12,2.103183224795766e-15,4.352934373553875e-16
676,6.157143550514581e-12,2.022395896131962e-15,4.185851795321961e-16
677,5.944385183614238e-12,1.944741191182026e-15,4.025889597221461e-16
678,5.731328842528768e-12,1.870061439019353e-15,3.87176411127033e-16
679,5.53147174602052e-12,1.798271866282945e-15,3.723590194642063e-16
680,5.339235426840772e-12,1.729211277318083e-15,3.58075951811878e-16
681,5.159772562581644e-12,1.662788726312191e-15,3.443467326820183e-16
682,4.974381568076418e-12,1.598961671186574e-15,3.311794251101377e-16
683,4.811695676608977e-12,1.53759728644312e-15,3.185564633978689e-16
684,4.637049567357479e-12,1.478546277209275e-15,3.063356670523021e-16
685,4.479487314044122e-12,1.421770761539142e-15,2.945771959904882e-16
686,4.321557488584026e-12,1.367147533545323e-15,2.832946338197712e-16
687,4.18932473336734e-12,1.314725175300547e-15,2.725439299253369e-16
688,4.045786795710044e-12,1.264223350818091e-15,2.620568162180603e-16
689,3.917229592631013e-12,1.2156807928064e-15,2.520606359355482e-16
690,3.775398724542187e-12,1.169007675018388e-15,2.423933814581565e-16
691,3.66101761368012e-12,1.124140289242934e-15,2.331651490716479e-16
692,3.539179886301504e-12,1.080992748885305e-15,2.242698567101306e-16
693,3.4275759740422e-12,1.039474805464406e-15,2.156573673173434e-16
694,3.316249102586808e-12,9.995809327870578e-16,2.073726725829253e-16
695,3.205227075530924e-12,9.612413923303485e-16,1.994682264403386e-16
696,3.099075281803438e-12,9.243590931682274e-16,1.918581762804912e-16
697,3.007265607950519e-12,8.888746759040665e-16,1.845505988562785e-16
698,2.916745051374521e-12,8.54748446217521e-16,1.774899389838492e-16
699,2.824881097847985e-12,8.219307476813861e-16,1.706551621803292e-16
700,2.744616996106313e-12,7.904347985731399e-16,1.642468938065085e-16
701,2.654823386683137e-12,7.600971419683423e-16,1.579313079102479e-16
702,2.570451999168792e-12,7.309394716002095e-16,1.51909080805646e-16
703,2.498447069103257e-12,7.028999946304244e-16,1.46115691305888e-16
704,2.423568426544359e-12,6.759422111012404e-16,1.405360267386979e-16
705,2.342563496976119e-12,6.500135682571518e-16,1.351834195564023e-16
706,2.269878751612094e-12,6.250878224512399e-16,1.299968423925194e-16
707,2.214303753322807e-12,6.011009579571967e-16,1.250595630403748e-16
708,2.156387795171941e-12,5.780941826755073e-16,1.2033519885697e-16
709,2.08947176396714e-12,5.559142831309826e-16,1.157315112754518e-16
710,2.036641003034902e-12,5.345972763695927e-16,1.113295549768654e-16
711,1.971894183201539e-12,5.141155859683113e-16,1.070971072452837e-16
712,1.922364762973843e-12,4.944177680411948e-16,1.030413218785372e-16
713,1.872862367589212e-12,4.754896241991411e-16,9.909794003741337e-17
714,1.818908664536962e-12,4.572554756475625e-16,9.533080403706421e-17
715,1.774203290595604e-12,4.397264391884241e-16,9.175160849412755e-17
716,1.725557908727557e-12,4.228746482445363e-16,8.823938613958222e-17
717,1.676035380183549e-12,4.066902213193638e-16,8.484150011833773e-17
718,1.635963473514416e-12,3.911091543162772e-16,8.16181469864602e-17
719,1.600093299137185e-12,3.761561487283302e-16,7.852800130065656e-17
720,1.560591208118417e-12,3.617702037892643e-16,7.557888536945058e-17
721,1.514965293068408e-12,3.47902522795105e-16,7.266671855414666e-17
722,1.482231758176273e-12,3.345938149301262e-16,6.995052256653751e-17
723,1.459706570700349e-12,3.218469621041522e-16,6.742147212751608e-17
724,1.417909839527307e-12,3.095053168224887e-16,6.476064161352648e-17
725,1.3789970660095e-12,2.97691086195205e-16,6.234864562282294e-17
726,1.357192693135227e-12,2.863151497278401e-16,5.999461078252872e-17
727,1.324784660224557e-12,2.753538104141159e-16,5.769413149147116e-17
728,1.287746583769325e-12,2.647999814962371e-16,5.550152564366566e-17
729,1.263101676578692e-12,2.547117661705049e-16,5.343360703480809e-17
730,1.241683674155299e-12,2.450124599079877e-16,5.14541027528065e-17
731,1.213929296234463e-12,2.356530542846204e-16,4.950166005044266e-17
732,1.189111869464235e-12,2.266758505971206e-16,4.764278204678633e-17
733,1.157311545124379e-12,2.179997283749484e-16,4.58083320257152e-17
734,1.158814290142578e-12,2.097346057766784e-16,4.419571028317844e-17
735,1.125175827106959e-12,2.017036361546721e-16,4.246501179677328e-17
736,1.105300104004409e-12,1.940788843401353e-16,4.092673614372072e-17
737,1.079807742107896e-12,1.866624662052819e-16,3.936938550234266e-17
738,1.061172442926646e-12,1.795652979357922e-16,3.791825690939479e-17
739,1.04137083613459e-12,1.72727456616263e-16,3.648151140570431e-17
740,1.019624622973689e-12,1.6614636833149e-16,3.511273756810157e-17
741,1.028238059345418e-12,1.598630342478636e-16,3.390058918906638e-17
742,9.990241700653065e-13,1.537950407868256e-16,3.262589320913577e-17
743,9.78406196371873e-13,1.479399727069136e-16,3.137009965511217e-17
744,9.67318173599964e-13,1.423368068423529e-16,3.021675936477695e-17
745,9.491949813857951e-13,1.36935991629539e-16,2.909586664312622e-17
746,9.41225635117613e-13,1.317487461983331e-16,2.806830090705596e-17
747,9.198596555665276e-13,1.267689101826456e-16,2.701924204403821e-17
748,9.05952774911837e-13,1.219404062640128e-16,2.598193099535809e-17
749,9.030053242773458e-13,1.173166209308106e-16,2.507507173473647e-17
750,9.033333075552695e-13,1.128201208045211e-16,2.40914573181065e-17
751,9.043436084728274e-13,1.085886732172958e-16,2.325004760676944e-17
752,8.873027513566786e-13,1.045477848373158e-16,2.249434873178843e-17
753,8.736565264948815e-13,1.006243090037422e-16,2.16609973439812e-17
754,8.652011387579519e-13,9.687753375261415e-17,2.088321380203378e-17
755,8.539637167323653e-13,9.322802402188861e-17,2.011142993663346e-17
756,8.375013937225238e-13,8.978254611161925e-17,1.943501028445514e-17
757,8.315246917894779e-13,8.64398048317865e-17,1.877703955441865e-17
758,8.254652003779347e-13,8.322061155485758e-17,1.804519733038411e-17
759,8.161248756538909e-13,8.014646507909592e-17,1.742716998777937e-17
760,7.998844965516715e-13,7.71575719298829e-17,1.679256867144027e-17
761,7.917001834645444e-13,7.42919700779309e-17,1.617951936035492e-17
762,7.950015665560878e-13,7.154090720625229e-17,1.563186128350548e-17
763,7.817062721269292e-13,6.892994532464576e-17,1.510400577459838e-17
764,7.751967191882199e-13,6.63631160426849e-17,1.456595764478245e-17
765,7.648428933140577e-13,6.394537906930806e-17,1.412378449437856e-17
766,7.602324166986844e-13,6.158340285415458e-17,1.357332904454326e-17
767,7.552491622880643e-13,5.934520624269967e-17,1.315721011490142e-17
768,7.525548149961998e-13,5.715267861286555e-17,1.270969702579511e-17
769,7.426776763337774e-13,5.505961814818397e-17,1.226866642329333e-17
770,7.392588568995277e-13,5.306864814174519e-17,1.184098680973847e-17
771,7.316638693653436e-13,5.113551497250246e-17,1.144144666988626e-17
772,7.222566672577389e-13,4.925479997071001e-17,1.102226846535403e-17
773,7.141649640520249e-13,4.747558947356481e-17,1.066562950766108e-17
774,7.096600738759796e-13,4.57583856927854e-17,1.028898580389878e-17
775,7.157194219788976e-13,4.412317927592077e-17,1.001350224512687e-17
776,7.074503068898349e-13,4.252450303045947e-17,9.656764680505966e-18
777,6.963376307722771e-13,4.098856842671123e-17,9.324457426967431e-18
778,6.965592997378255e-13,3.949847556905388e-17,9.039793525205127e-18
779,6.948311894574729e-13,3.812435939318763e-17,8.780588512964728e-18
780,6.900918473428683e-13,3.676038650191222e-17,8.473613274937367e-18
781,6.855728516526713e-13,3.542109392515244e-17,8.21946501952274e-18
782,6.821387010369343e-13,3.420443225950046e-17,7.973446718051122e-18
783,6.76664849648131e-13,3.299100930051189e-17,7.678662098254899e-18
784,6.818413481640663e-13,3.183191960829201e-17,7.501351629453736e-18
785,6.705099269467738e-13,3.069153884984998e-17,7.232732606755305e-18
786,6.648371311211243e-13,2.961361869966924e-17,6.988470741666025e-18
787,6.631563678247167e-13,2.858181679036705e-17,6.755381943725747e-18
788,6.566064578405772e-13,2.759343224822052e-17,6.556633085873e-18
789,6.59540101229533e-13,2.664920026779549e-17,6.403475957952455e-18
790,6.561909533795595e-13,2.57408450877912e-17,6.204420243226569e-18
791,6.512241144616137e-13,2.48219081802292e-17,5.995457289518249e-18
792,6.48815794077668e-13,2.399050390252553e-17,5.849537294556372e-18
793,6.470215115237794e-13,2.320539231131912e-17,5.684372179523868e-18
794,6.440287561762744e-13,2.239103803752687e-17,5.499282454307075e-18
795,6.420891620258026e-13,2.165020760499806e-17,5.328148581717424e-18
796,6.373928659021747e-13,2.091303390392531e-17,5.167453274156783e-18
797,6.414354876063317e-13,2.021571028185912e-17,5.055880185801507e-18
798,6.411530912616309e-13,1.956110436404435e-17,4.915322052985495e-18
799,6.362134570368529e-13,1.890832341969099e-17,4.790642181560885e-18
800,6.344835239169805e-13,1.830905984170189e-17,4.647556165588655e-18
801,6.27153182728809e-13,1.769553346485704e-17,4.516725273279803e-18
802,6.268253191948612e-13,1.714991036520104e-17,4.41180181337824e-18
803,6.256259637071017e-13,1.657121018421307e-17,4.275964887460927e-18
804,6.22261959623569e-13,1.603256868431097e-17,4.186177544032638e-18
805,6.285166338308746e-13,1.555603354179541e-17,4.103640116196001e-18
806,6.225797613856046e-13,1.505015426613915e-17,4.000612565396575e-18
807,6.226339985015752e-13,1.460947540669404e-17,3.903510633092529e-18
808,6.223455348589089e-13,1.412869883721937e-17,3.782945588649383e-18
809,6.212457460783398e-13,1.37125695663596e-17,3.726975289457375e-18
810,6.307061897688974e-13,1.330845191050954e-17,3.687889978874852e-18
811,6.228038459023204e-13,1.289419988403249e-17,3.544620466101003e-18
812,6.142768378663654e-13,1.252633754007611e-17,3.494780772092156e-18
813,6.12924452470436e-13,1.215672422160788e-17,3.425929445996154e-18
814,6.133335180001578e-13,1.182689444506982e-17,3.343948501513496e-18
815,6.121304751963933e-13,1.144414371948375e-17,3.230361711386724e-18
816,6.065335560613408e-13,1.11344602112813e-17,3.178605182621265e-18
817,6.232012083612716e-13,1.083830404523232e-17,3.191266411455838e-18
818,6.07744046734839e-13,1.050464031318534e-17,3.077466849337469e-18
819,6.13730499182448e-13,1.022952368366667e-17,3.044837738402482e-18
820,6.095203956183208e-13,9.980703977936104e-18,2.999673780649288e-18
821,6.004664014679025e-13,9.703849155190974e-18,2.91679059135348e-18
822,6.032008279542503e-13,9.445385984197413e-18,2.89427996243758e-18
823,6.092476043921536e-13,9.216274491769763e-18,2.833436316902881e-18
824,5.996817578387439e-13,8.932664847174467e-18,2.705438026468668e-18
825,6.049906301730297e-13,8.723445974438787e-18,2.761349361086191e-18
826,6.041768305643993e-13,8.545934905498799e-18,2.714494744452849e-18
827,6.047891704698015e-13,8.306620841308942e-18,2.681614214153194e-18
828,6.027421547105113e-13,8.087424976855762e-18,2.61013872980793e-18
829,5.946553007191331e-13,7.90539714157254e-18,2.504194149128621e-18
830,5.932452617616734e-13,7.765883484748076e-18,2.530954233459143e-18
831,5.936447720364214e-13,7.569945357817863e-18,2.487778543901505e-18
832,5.891053187780593e-13,7.408554129200514e-18,2.459784440748476e-18
833,5.890095066758928e-13,7.230060564383295e-18,2.417217289647763e-18
834,5.927552921357281e-13,7.081988267383952e-18,2.388563153581743e-18
835,5.983724674242923e-13,6.953153385868216e-18,2.418899943131768e-18
836,5.932108590642172e-13,6.784692454560035e-18,2.353478062472606e-18
837,5.900490089838829e-13,6.649666026878212e-18,2.323985517745663e-18
838,5.946204179663554e-13,6.526144206978467e-18,2.30316058969774e-18
839,5.929911856331777e-13,6.388185992489985e-18,2.269595905593821e-18
840,5.864821683318848e-13,6.276778398165632e-18,2.242210690607249e-18
841,5.850211506129169e-13,6.16953689752503e-18,2.224422967005062e-18
842,5.826978291929606e-13,6.055296574007138e-18,2.168631543174296e-18
843,5.884349046634846e-13,5.942888920037294e-18,2.198048596019316e-18
844,5.843289307647621e-13,5.821933333412317e-18,2.134965909337716e-18
845,5.902794742941189e-13,5.745239590171365e-18,2.222675840013185e-18
846,5.818787157320966e-13,5.628838271169229e-18,2.096395940981355e-18
847,5.787945863376799e-13,5.58144356225449e-18,2.124650064258626e-18
848,5.874743876074834e-13,5.472110296211558e-18,2.117030045802202e-18
849,5.85746594037129e-13,5.38917905864805e-18,2.064364407754017e-18
850,5.887289215749043e-13,5.329917903613838e-18,2.1318702407595e-18
851,5.791473969578926e-13,5.249829812574714e-18,2.032888068742675e-18
852,5.793989389262211e-13,5.139389491019057e-18,1.943439396971649e-18
853,5.863619528963478e-13,5.129255864490177e-18,2.058238529943994e-18
854,5.907303672946583e-13,5.070988571734792e-18,2.111587651183752e-18
855,5.843329091704595e-13,4.984432986628169e-18,2.014170471283493e-18
856,5.753490383844409e-13,4.92569048689312e-18,1.956377546188007e-18
857,5.88280260136338e-13,4.903253659062393e-18,2.076235473520231e-18
858,5.748549109273201e-13,4.835384530145309e-18,1.969995730896406e-18
859,5.741248877861342e-13,4.764773885245234e-18,1.947601416740434e-18
860,5.788725747748421e-13,4.756994403095222e-18,2.012570840362201e-18
861,5.756161155879284e-13,4.716676459416137e-18,1.973298775900873e-18
862,5.781596047449456e-13,4.652917875536823e-18,1.951968596815834e-18
863,5.829620148377768e-13,4.661761107693766e-18,2.032249880658829e-18
864,5.86148434751722e-13,4.583499711919103e-18,1.973127813374702e-18
865,5.747321911822882e-13,4.55155392535348e-18,1.925625472454433e-18
866,5.782691216749193e-13,4.518937597155064e-18,1.967966939057539e-18
867,5.705332671275052e-13,4.488018036906249e-18,1.92646914952115e-18
868,5.746392888380995e-13,4.457071344651042e-18,1.956213738481161e-18
869,5.648909891061434e-13,4.406322335340027e-18,1.912941258678628e-18
870,5.682322600970614e-13,4.408591499551181e-18,1.939783556440624e-18
871,5.699926030516333e-13,4.36266756799188e-18,1.919833106789197e-18
872,5.66775671182894e-13,4.314932995542083e-18,1.868041737462878e-18
873,5.621754839537859e-13,4.325543155882115e-18,1.91678860784345e-18
874,5.613958422170961e-13,4.285582638985275e-18,1.890914106621695e-18
875,5.643728274448911e-13,4.270640732351337e-18,1.915717385608651e-18
876,5.632319657504021e-13,4.210136460802135e-18,1.836873248085748e-18
877,5.626670183827692e-13,4.199043285158206e-18,1.85083693917003e-18
878,5.606157587880799e-13,4.187021183395892e-18,1.835671754978483e-18
879,5.679323640516789e-13,4.178781390619768e-18,1.859714161613572e-18
880,5.728717856549039e-13,4.166525874202927e-18,1.892891464199529e-18
881,5.595426128873737e-13,4.14131553364944e-18,1.844662004200421e-18
882,5.668686521857076e-13,4.104133520319979e-18,1.847887583310685e-18
883,5.655529510000733e-13,4.10361851304444e-18,1.873023354404453e-18
884,5.589722076524981e-13,4.093442734313156e-18,1.828851426446104e-18
885,5.601720580891677e-13,4.036382573856279e-18,1.753861662739139e-18
886,5.566883366421773e-13,4.070163155305334e-18,1.847445064312658e-18
887,5.650105033762938e-13,4.051647987975086e-18,1.843807941918264e-18
888,5.602375889185038e-13,4.042485246668817e-18,1.845249680638398e-18
889,5.715184531370645e-13,4.053393553594045e-18,1.919711797620202e-18
890,5.625219258763106e-13,4.030707534377587e-18,1.877363523651903e-18
891,5.632056383423814e-13,4.019618941216442e-18,1.847399033792387e-18
892,5.609268250090149e-13,3.987373718606498e-18,1.806979507028112e-18
893,5.563086578770708e-13,3.990044700476212e-18,1.795607966820935e-18
894,5.628068968593569e-13,3.990061469405596e-18,1.862393015505228e-18
895,5.690333847141742e-13,3.985432539711539e-18,1.893673478369015e-18
896,5.576909098429248e-13,3.989447964551176e-18,1.81372472673698e-18
897,5.529511054397441e-13,3.968363985786085e-18,1.772565056261759e-18
898,5.53809648713994e-13,3.962960576810203e-18,1.800179402773114e-18
899,5.668503334368658e-13,3.993459955783848e-18,1.901693875894302e-18
900,5.642631429551011e-13,3.991921390869612e-18,1.864257830389279e-18
901,5.580066884698896e-13,3.94606889420753e-18,1.829608102669509e-18
902,5.615539243098872e-13,3.969668578265995e-18,1.864592690847065e-18
903,5.499415928605597e-13,3.950403176351159e-18,1.77641685509683e-18
904,5.54343356233943e-13,3.941161756089839e-18,1.803262503760895e-18
905,5.46463525060268e-13,3.927304801448838e-18,1.788516703731105e-18
906,5.410586977279091e-13,3.898298036611862e-18,1.745508148579738e-18
907,5.514296379346213e-13,3.95092724238277e-18,1.858747835880928e-18
908,5.467702099866722e-13,3.904586959033003e-18,1.776622816581197e-18
909,5.494915441316413e-13,3.926189495309709e-18,1.814750800373256e-18
910,5.502710457384334e-13,3.897399631385296e-18,1.805281235790628e-18
911,5.463194739859065e-13,3.925609500649051e-18,1.82823093583994e-18
912,5.544937696961588e-13,3.898057016912011e-18,1.843838350594066e-18
913,5.613426578234596e-13,3.915834848700428e-18,1.874528948471226e-18
914,5.584584649463563e-13,3.915527201723059e-18,1.812792695719995e-18
915,5.407888890490087e-13,3.893694132567573e-18,1.710866736046255e-18
916,5.478130450972254e-13,3.872580555317695e-18,1.738021863522136e-18
917,5.490441156861671e-13,3.860836951364643e-18,1.734157575155573e-18
918,5.472932878972985e-13,3.897119855892574e-18,1.807547557561893e-18
919,5.592010639114913e-13,3.892321625637577e-18,1.869163140490605e-18
920,5.467660192848347e-13,3.869588534907902e-18,1.780558257291418e-18
921,5.381609279340422e-13,3.880157918805297e-18,1.762573818662768e-18
922,5.44107117055109e-13,3.898042144309585e-18,1.808868177862197e-18
923,5.407778489036516e-13,3.853222089480229e-18,1.751719785977802e-18
924,5.448908459925216e-13,3.859493616243536e-18,1.763462443002625e-18
925,5.492432499696382e-13,3.859937226221477e-18,1.80869763268243e-18
926,5.376616102299642e-13,3.882325659451652e-18,1.769033449879841e-18
927,5.322568552979864e-13,3.844117482814748e-18,1.688103391048117e-18
928,5.281966334199594e-13,3.87800545586364e-18,1.736159530567007e-18
929,5.459961201059679e-13,3.853117288291157e-18,1.772074328694506e-18
930,5.489863359993951e-13,3.876439574034601e-18,1.848719809386257e-18
931,5.40530927269371e-13,3.851775483993388e-18,1.729996301844565e-18
932,5.301845968783919e-13,3.826524180889822e-18,1.645094665557705e-18
933,5.331846965389578e-13,3.858786376518986e-18,1.771731430587148e-18
934,5.379345564002487e-13,3.859453595166853e-18,1.740465260781589e-18
935,5.518239027612887e-13,3.865999057231501e-18,1.862289990690352e-18
936,5.529571536574075e-13,3.904344700426621e-18,1.834294041155789e-18
937,5.359768029214628e-13,3.859664492736645e-18,1.746191845001231e-18
938,5.30514168416855e-13,3.866794396694634e-18,1.731142089948264e-18
939,5.3109750662814e-13,3.863156894667293e-18,1.737147282161083e-18
940,5.227817045121461e-13,3.862881907309052e-18,1.725812962068398e-18
941,5.232305991050197e-13,3.859858840782538e-18,1.73576639588956e-18
942,5.197505789707535e-13,3.864731636851361e-18,1.687639669547655e-18
943,5.360574357107115e-13,3.86462239294232e-18,1.790076265748349e-18
944,5.263002470739666e-13,3.860143730457931e-18,1.708662751029713e-18
945,5.178958586551102e-13,3.83675143390279e-18,1.660172854649942e-18
946,5.153272320453365e-13,3.841832752424501e-18,1.647463691072324e-18
947,5.136423840364234e-13,3.833719187132908e-18,1.653766702763873e-18
948,5.126719725341876e-13,3.831181000149995e-18,1.662808206852306e-18
949,5.242922204992801e-13,3.857998357268712e-18,1.746360805929922e-18
950,5.233267348421276e-13,3.850056836471442e-18,1.684561379711905e-18
951,5.269675186254795e-13,3.85849513203305e-18,1.75351598370212e-18
952,5.356724957150032e-13,3.829766898081993e-18,1.773795953756393e-18
953,5.397150514159189e-13,3.852958289377766e-18,1.823147179276279e-18
954,5.219028811308271e-13,3.827160714969985e-18,1.649439714689508e-18
955,5.389807111063672e-13,3.857005789607024e-18,1.769126329168336e-18
956,5.256129306769382e-13,3.853624849932028e-18,1.733990185667108e-18
957,5.306005279794096e-13,3.853832554256814e-18,1.74996938303356e-18
958,5.33354233896699e-13,3.841319792617551e-18,1.773855541007287e-18
959,5.298289119424182e-13,3.840055329459203e-18,1.701430201491027e-18
960,5.376630431614467e-13,3.858326641926058e-18,1.760325133014203e-18
961,5.306594023508941e-13,3.883653283419404e-18,1.782080691450221e-18
962,5.191428062420267e-13,3.844615178892175e-18,1.677594909193275e-18
963,5.112858731730385e-13,3.83054084605778e-18,1.627645280576596e-18
964,5.203146911902292e-13,3.830364272507182e-18,1.736162515972834e-18
965,5.135299384269077e-13,3.82924073694083e-18,1.695905622053969e-18
966,5.142259394686937e-13,3.81045944900938e-18,1.6573338966389e-18
967,5.082143400678616e-13,3.842314576606869e-18,1.631162742621156e-18
968,5.155187037342429e-13,3.835879927449822e-18,1.712540566547588e-18
969,5.234778203175047e-13,3.852466547894536e-18,1.766823033937907e-18
970,5.265670147979698e-13,3.852058370874317e-18,1.754224475789624e-18
971,5.298040776593122e-13,3.84099092066314e-18,1.715091721402332e-18
972,5.363617415361508e-13,3.876723210521902e-18,1.806530076956918e-18
973,5.235503737893425e-13,3.832055666494034e-18,1.703666566203393e-18
974,5.150097124162041e-13,3.829560155275299e-18,1.681722439641301e-18
975,5.161403954520881e-13,3.85464046495614e-18,1.725006122981568e-18
976,5.102548892119567e-13,3.831196535313369e-18,1.66411571165399e-18
977,4.963482122379039e-13,3.825449797469257e-18,1.596764126931377e-18
978,5.042755709480416e-13,3.854105724077884e-18,1.671131872091775e-18
979,5.031927480324138e-13,3.817176180383873e-18,1.581172261703498e-18
980,5.059069526288373e-13,3.862381542790617e-18,1.696797114552714e-18
981,4.998967271208741e-13,3.819298285225007e-18,1.598504214860752e-18
982,5.034339470324806e-13,3.839087945090956e-18,1.651147663367563e-18
983,5.2006751105119e-13,3.830321512441669e-18,1.715748421852221e-18
984,5.110690228806436e-13,3.857293058924743e-18,1.696685951034733e-18
985,5.197233148302217e-13,3.85818850270392e-18,1.746953327520396e-18
986,5.14686429297677e-13,3.805760220671386e-18,1.664566306360244e-18
987,5.034562630173096e-13,3.845375478559112e-18,1.612059764681742e-18
988,5.326374506914419e-13,3.859077801526205e-18,1.817311421368259e-18
989,5.171628070755149e-13,3.825117897460574e-18,1.656497132850462e-18
990,5.125191135550469e-13,3.829535793636418e-18,1.651853417728955e-18
991,5.169104000131143e-13,3.845720202688997e-18,1.701664998624648e-18
992,4.978711698519203e-13,3.851837789413432e-18,1.602314785679877e-18
993,5.059511012255504e-13,3.832136758432091e-18,1.659760098845855e-18
994,4.996961948639865e-13,3.850733577555071e-18,1.623875372423321e-18
995,5.006177340930846e-13,3.820321627407218e-18,1.634989753925183e-18
996,5.092637519260026e-13,3.863547625135849e-18,1.70563541111128e-18
997,5.073209612693438e-13,3.838297648983344e-18,1.689059546713916e-18
998,5.041800440106732e-13,3.826092878904811e-18,1.60870047215312e-18
999,5.042723218003803e-13,3.822154102583983e-18,1.623193520953376e-18
1000,5.062452314679326e-13,3.808974760004528e-18,1.624515947019419e-18
1001,5.16551070822774e-13,3.823445964660431e-18,1.722332405518151e-18
1002,5.071568493685236e-13,3.790122023236352e-18,1.621428065837521e-18
1003,5.119419427974397e-13,3.796573434869391e-18,1.641642254412306e-18
1004,4.919782446760158e-13,3.805315425745159e-18,1.558674343641339e-18
1005,4.948551058795679e-13,3.828168704147814e-18,1.644154651906304e-18
1006,4.906687532080397e-13,3.805876354602278e-18,1.529625875175221e-18
1007,4.864144941381301e-13,3.830466521788691e-18,1.594898601124954e-18
1008,4.922550175620083e-13,3.802941102404229e-18,1.571565071356576e-18
1009,4.949019852056254e-13,3.798771641700029e-18,1.558584001742975e-18
1010,4.854906914446983e-13,3.785096581663666e-18,1.518763460269483e-18
1011,4.873368825875049e-13,3.819047138632478e-18,1.548220495648627e-18
1012,4.83846459434409e-13,3.828587048098991e-18,1.53811800725323e-18
1013,4.906875459206341e-13,3.851900599161347e-18,1.585941573123444e-18
1014,4.994010252213529e-13,3.843834131565652e-18,1.603283738500465e-18
1015,4.991746288331643e-13,3.857705658708108e-18,1.632699585850832e-18
1016,5.061123248337327e-13,3.82928336739119e-18,1.649649922984892e-18
1017,4.95621870134637e-13,3.812700898623293e-18,1.57116851583559e-18
1018,4.976672061209571e-13,3.818867192486067e-18,1.585184867598417e-18
1019,4.865352946777984e-13,3.77663972901461e-18,1.455525992406228e-18
1020,5.111193172315562e-13,3.839450824325366e-18,1.691564604011718e-18
1021,4.905636930088411e-13,3.807373176607406e-18,1.50852183381288e-18
1022,4.921742251458727e-13,3.815369719630002e-18,1.586162524390212e-18
1023,4.836394462243205e-13,3.820233868550347e-18,1.522139542658e-18
1024,4.813858539509912e-13,3.808312540545881e-18,1.48496234691893e-18
1025,4.870739618460781e-13,3.857760049817038e-18,1.610147902874544e-18
1026,4.900068312009893e-13,3.790062072188693e-18,1.53721500281505e-18
1027,4.880629000875289e-13,3.805263734636175e-18,1.519176897415539e-18
1028,4.940867862068422e-13,3.852641198928663e-18,1.596202773627524e-18
1029,4.971561334308606e-13,3.829811435989682e-18,1.58960391985864e-18
1030,5.174606409720061e-13,3.809334666788684e-18,1.727940649474014e-18
1031,4.957163280591886e-13,3.7968382368491e-18,1.596754829834648e-18
1032,4.886658275664002e-13,3.826822354317483e-18,1.580593299653332e-18
1033,4.927014794362046e-13,3.80248705228247e-18,1.558253397246813e-18
1034,4.979685487334125e-13,3.802278866317743e-18,1.603958637358734e-18
1035,4.785201256314776e-13,3.801097622830777e-18,1.482721345716338e-18
1036,4.94218023235238e-13,3.837941922018495e-18,1.644238589762601e-18
1037,4.886508194682401e-13,3.805623079668981e-18,1.52649601844055e-18
1038,4.796291888397369e-13,3.819676970520123e-18,1.534516116641495e-18
1039,4.825881053349366e-13,3.827165592808982e-18,1.577008413711177e-18
1040,4.954668983572921e-13,3.808951392658518e-18,1.569362323996283e-18
1041,5.251772811194501e-13,3.803776592526811e-18,1.800605274080195e-18
1042,5.154716368394501e-13,3.828334093310947e-18,1.697616504756699e-18
1043,4.972004646833694e-13,3.825484998271317e-18,1.584482373042995e-18
1044,4.875747958111276e-13,3.815534106331407e-18,1.521360763970486e-18
1045,4.952282648403592e-13,3.812505874153473e-18,1.580009467358109e-18
1046,4.964214127970758e-13,3.830624249204713e-18,1.617961069089965e-18
1047,5.004196544209293e-13,3.811722351791593e-18,1.592424956733446e-18
1048,5.095981134060493e-13,3.842775855332239e-18,1.637230346320844e-18
1049,5.032975218445319e-13,3.827377867471088e-18,1.573256508158593e-18
1050,4.967598477390754e-13,3.816404125057172e-18,1.590474634440936e-18
1051,4.870116874346015e-13,3.841215689529205e-18,1.544013943552303e-18
1052,4.960772734796957e-13,3.844296324677198e-18,1.626522626725364e-18
1053,4.844853104989194e-13,3.829166119126656e-18,1.527602696395342e-18
1054,4.818860182680749e-13,3.836928048051828e-18,1.532523308287444e-18
1055,4.90573703250445e-13,3.841128302158698e-18,1.61527952193409e-18
1056,5.189274210017394e-13,3.806569567419395e-18,1.730184660018321e-18
1057,5.066289388991412e-13,3.800013493199602e-18,1.612411454621443e-18
1058,4.912995249551393e-13,3.819261422089833e-18,1.55409497223886e-18
1059,5.010317733472252e-13,3.824958476544437e-18,1.592520034193486e-18
1060,5.142009961603921e-13,3.827133400057767e-18,1.693035249819252e-18
1061,5.278316068545824e-13,3.823329531683842e-18,1.783920691441054e-18
1062,5.088899499653795e-13,3.812468176794365e-18,1.642496921562719e-18
1063,5.058092683156787e-13,3.819897273771253e-18,1.593283677561307e-18
1064,4.944656187637247e-13,3.829455895754617e-18,1.538469372856928e-18
1065,5.035917354640246e-13,3.834523432797992e-18,1.62421079909816e-18
1066,4.943321999734205e-13,3.822343050889362e-18,1.585072221105919e-18
1067,4.870004662882918e-13,3.83665695317317e-18,1.543568187648876e-18
1068,4.879834288275452e-13,3.841299817834976e-18,1.542490684355295e-18
1069,4.795298891178804e-13,3.826194245742813e-18,1.474713477647397e-18
1070,4.82471361069869e-13,3.824577548814174e-18,1.532011488406591e-18
1071,4.846605893608486e-13,3.842518884544673e-18,1.53993085522454e-18
1072,5.086858164324266e-13,3.817444144899799e-18,1.673904651985505e-18
1073,5.102095003638585e-13,3.831571265744202e-18,1.689666634381972e-18
1074,4.904668940129701e-13,3.806760346117891e-18,1.517257216113836e-18
1075,4.91350145980825e-13,3.814746858094817e-18,1.546865930861496e-18
1076,4.805211063601419e-13,3.812203138131933e-18,1.443756390673973e-18
1077,4.997467221390364e-13,3.807007593481992e-18,1.629276250614429e-18
1078,4.889245405059433e-13,3.827502149118079e-18,1.561647939036082e-18
1079,4.816815862442725e-13,3.825626255378647e-18,1.527136605388328e-18
1080,4.90265674269939e-13,3.800199173876171e-18,1.539621861741471e-18
1081,4.889159556398954e-13,3.814717228471181e-18,1.57137619725475e-18
1082,5.054731029018025e-13,3.85901335695576e-18,1.670262571714504e-18
1083,4.871028617177345e-13,3.808083670359626e-18,1.487895051750692e-18
1084,4.789430582033223e-13,3.820690404662908e-18,1.510563564695612e-18
1085,4.831771217099974e-13,3.809604609759497e-18,1.519613260267679e-18
1086,4.757355420469895e-13,3.797577926084398e-18,1.475799728896322e-18
1087,4.92837800666667e-13,3.840519887470979e-18,1.593842491709412e-18
1088,4.766874679667935e-13,3.828574456154357e-18,1.508260315171209e-18
1089,4.925367155351105e-13,3.804165488651473e-18,1.574666731558883e-18
1090,5.052307230143771e-13,3.830558922568621e-18,1.646751657456034e-18
1091,4.86097171395651e-13,3.784944750188716e-18,1.502993800566046e-18
1092,4.838155344950474e-13,3.80467050703809e-18,1.480172613307197e-18
1093,4.911325787802068e-13,3.81282659129132e-18,1.574781514467807e-18
1094,4.987658801086834e-13,3.799654826546979e-18,1.597235395359603e-18
1095,4.917704461575195e-13,3.830819250634437e-18,1.54415512099414e-18
1096,4.908745000821288e-13,3.834374625757657e-18,1.607112581020289e-18
1097,4.879516143802141e-13,3.817232605821468e-18,1.531975824669353e-18
1098,4.729211151992768e-13,3.807251473057628e-18,1.428135950152934e-18
1099,4.976508443412381e-13,3.850707110478451e-18,1.630446363660286e-18
1100,4.940990429278185e-13,3.849112244246899e-18,1.576766857420867e-18
1101,4.961047710840739e-13,3.839829337832316e-18,1.593494179913695e-18
1102,4.941189011094048e-13,3.79633525394946e-18,1.537962207218698e-18
1103,4.922832183159976e-13,3.820499783834389e-18,1.549566057451788e-18
1104,4.84038641685989e-13,3.824847686526883e-18,1.574158623656281e-18
1105,4.830985686459001e-13,3.841942935545526e-18,1.548058091067683e-18
1106,4.894381856636438e-13,3.849683395025125e-18,1.564883132851141e-18
1107,4.826328630329913e-13,3.821665321943705e-18,1.49067896735943e-18
1108,4.735832007659469e-13,3.796723808241546e-18,1.404251792203482e-18
1109,4.758942629965518e-13,3.820709201564046e-18,1.463039264657629e-18
1110,5.00259325364615e-13,3.842871293394121e-18,1.634612434993242e-18
1111,5.005031150673083e-13,3.824533068057876e-18,1.580973101149381e-18
1112,5.207058182040683e-13,3.836755043720033e-18,1.735966344751542e-18
1113,5.023202927535154e-13,3.795738551887548e-18,1.589809442655026e-18
1114,4.847692846155493e-13,3.819732772179574e-18,1.498762645690202e-18
1115,4.775645950306792e-13,3.823504640023663e-18,1.491172790884307e-18
1116,5.127903891432889e-13,3.83053158668872e-18,1.650272236759346e-18
1117,5.236858608439178e-13,3.828176431209979e-18,1.78259836205768e-18
1118,4.970735158774733e-13,3.834560852134704e-18,1.558667136678859e-18
1119,5.109857112018978e-13,3.836377592498271e-18,1.680365106399729e-18
1120,4.876157353137338e-13,3.806038568357804e-18,1.516373511337201e-18
1121,4.899554728494109e-13,3.795689676455112e-18,1.541823736990953e-18
1122,4.926078672674738e-13,3.788531006536794e-18,1.539283337581719e-18
1123,4.866564789148817e-13,3.830775175998649e-18,1.608024270930581e-18
1124,4.907584350250204e-13,3.797293792604198e-18,1.53242334146884e-18
1125,4.877795449774891e-13,3.798414041350335e-18,1.544358009121898e-18
1126,4.865093395856812e-13,3.816212019367165e-18,1.567564345218332e-18
1127,4.879045466441102e-13,3.811596797013351e-18,1.519110530455714e-18
1128,4.887385275652752e-13,3.83195591459485e-18,1.580631512566069e-18
1129,4.792443921209062e-13,3.82142309625081e-18,1.492075285547298e-18
1130,4.737740418683297e-13,3.815724194672756e-18,1.506588807458041e-18
1131,4.947799716738471e-13,3.851437511969606e-18,1.609247201428825e-18
1132,4.834924245397864e-13,3.79796988092046e-18,1.461962928644803e-18
1133,4.892129151482072e-13,3.844097338663124e-18,1.601391368270487e-18
1134,4.758300811064781e-13,3.798294896196632e-18,1.461485414701947e-18
1135,5.038094999878254e-13,3.822567201746294e-18,1.634417268521741e-18
1136,4.889808031737701e-13,3.805501014854159e-18,1.526201948167847e-18
1137,4.986644710729207e-13,3.823426986957452e-18,1.612071004625117e-18
1138,5.069565719495478e-13,3.844825618259387e-18,1.697310291272922e-18
1139,4.914577609126295e-13,3.824543441706735e-18,1.549976384572117e-18
1140,4.858689676925145e-13,3.816160159579802e-18,1.567588317609569e-18
1141,4.794029449709433e-13,3.824504595347041e-18,1.51437858203639e-18
1142,4.769115377050058e-13,3.78131811351516e-18,1.472705801273057e-18
1143,4.731528174869276e-13,3.77333556738803e-18,1.431462645413374e-18
1144,4.764488951195068e-13,3.808842412871859e-18,1.488767008689173e-18
1145,4.941751232117472e-13,3.813532693973116e-18,1.596107159678426e-18
1146,4.873930494768184e-13,3.822285614148823e-18,1.548028836060423e-18
1147,5.038205084094024e-13,3.806882012902754e-18,1.584041946942987e-18
1148,4.849442180755951e-13,3.812880462375041e-18,1.525346575092366e-18
1149,4.695461193338732e-13,3.809047777508281e-18,1.410430326616366e-18
1150,4.751965621252552e-13,3.832346718737956e-18,1.459016450112446e-18
1151,4.718114283651532e-13,3.838251309566123e-18,1.481781264100086e-18
1152,4.748564349057033e-13,3.814463142545641e-18,1.460660690950119e-18
1153,4.822698479870351e-13,3.811208340034064e-18,1.495837468232109e-18
1154,4.898002501192655e-13,3.798247562665289e-18,1.578578594545633e-18
1155,4.868416495324373e-13,3.817790540334929e-18,1.552362278016507e-18
1156,4.822631647778697e-13,3.807292243613592e-18,1.507622665108081e-18
1157,4.80891947060258e-13,3.832882356649581e-18,1.511874427462934e-18
1158,5.012404860137901e-13,3.816546928736423e-18,1.6777869560085e-18
1159,4.869067171723594e-13,3.808556961719391e-18,1.506589565076935e-18
1160,4.925386429313524e-13,3.827193265792687e-18,1.541408587390207e-18
1161,4.960726654994291e-13,3.831799430659979e-18,1.578426209975789e-18
1162,5.407481633942062e-13,3.8553368004002e-18,1.876695763271964e-18
1163,5.177335343420785e-13,3.831571489964826e-18,1.678680167510578e-18
1164,5.129796181188809e-13,3.844175563482806e-18,1.657489035188391e-18
1165,5.053869688344491e-13,3.822909452018131e-18,1.608837122959028e-18
1166,4.959050478589812e-13,3.861023339915842e-18,1.610869090776869e-18
1167,4.970450373003163e-13,3.824799950630933e-18,1.618052584031671e-18
1168,4.84976880143918e-13,3.841424247630243e-18,1.491744755268355e-18
1169,4.81538077390984e-13,3.847114837676104e-18,1.528192743287732e-18
1170,4.858456654767119e-13,3.836840398864083e-18,1.565453659328233e-18
1171,4.868121136573246e-13,3.831094997978073e-18,1.539920535406971e-18
1172,4.857433015369111e-13,3.811994118550033e-18,1.542365329151851e-18
1173,4.962783768717747e-13,3.80789764248229e-18,1.612038327002141e-18
1174,4.978018651785202e-13,3.799083727132824e-18,1.606877184664021e-18
1175,5.16912364169098e-13,3.846878682741194e-18,1.703239536240305e-18
1176,5.118998687748314e-13,3.858859522945449e-18,1.65371234547092e-18
1177,5.055153632153056e-13,3.80356102419684e-18,1.589395425520089e-18
1178,5.423232047406626e-13,3.846854269443335e-18,1.858087484579282e-18
1179,5.295583366465042e-13,3.811626822089714e-18,1.71080541719983e-18
1180,5.090695557580587e-13,3.821100195750888e-18,1.609778423972951e-18
1181,5.048178528097121e-13,3.840275923125817e-18,1.639781098765336e-18
1182,5.132149565731993e-13,3.811472524131728e-18,1.675980578854637e-18
1183,4.954558551959138e-13,3.82068794267195e-18,1.60205622375901e-18
1184,4.993777890802238e-13,3.853935974980171e-18,1.608296842086703e-18
1185,4.982540315471504e-13,3.813076267651852e-18,1.621535782284597e-18
1186,4.844456958788386e-13,3.811592941453244e-18,1.55160701532577e-18
1187,5.023462270350869e-13,3.835552174512041e-18,1.629356206338562e-18
1188,5.001647269291947e-13,3.845755233715452e-18,1.620246598338881e-18
1189,4.979219229674264e-13,3.812433921418391e-18,1.553324890133191e-18
1190,5.021938730529688e-13,3.811222671903111e-18,1.630580674145377e-18
1191,5.001667903995795e-13,3.865024460088169e-18,1.608256682411255e-18
1192,4.904339423232811e-13,3.818796729457129e-18,1.560500632847742e-18
1193,4.923161418416051e-13,3.820208808682691e-18,1.587754319706683e-18
1194,5.02227038479345e-13,3.797148943555697e-18,1.598630238747278e-18
1195,4.93588042796841e-13,3.81621371164761e-18,1.501806692716211e-18
1196,4.844595842315318e-13,3.84912689962722e-18,1.52790347336344e-18
1197,4.824859222571924e-13,3.873570000088418e-18,1.586612867121323e-18
1198,4.860850529036853e-13,3.813610461192879e-18,1.519146723171296e-18
1199,5.070167065138728e-13,3.859004841490205e-18,1.670071300529672e-18
1200,4.968181261566893e-13,3.817240173221938e-18,1.593693266323842e-18
1201,4.85079162127313e-13,3.831674119844086e-18,1.523814290532304e-18
1202,4.891779608879495e-13,3.814050614563522e-18,1.5628054287701e-18
1203,4.809683632178243e-13,3.835875415115543e-18,1.540218597706956e-18
1204,5.034725042236468e-13,3.818513898064604e-18,1.655669536430037e-18
1205,5.061529069298978e-13,3.790281165702766e-18,1.627633575368028e-18
1206,4.900522435502415e-13,3.798144585293771e-18,1.532806151211155e-18
1207,4.992698349214424e-13,3.800230867398352e-18,1.647776415318082e-18
1208,4.834670807634051e-13,3.775543940260255e-18,1.483277261960067e-18
1209,4.846850768570827e-13,3.763112689436841e-18,1.459308350800232e-18
1210,4.879044700054257e-13,3.815704729923378e-18,1.561449731270081e-18
1211,4.824661830020816e-13,3.802147050681887e-18,1.500864787055964e-18
1212,5.035848976877446e-13,3.808378621654184e-18,1.646512351890399e-18
1213,4.894367693123406e-13,3.837296691404453e-18,1.562131528367709e-18
1214,4.862651259732807e-13,3.805393329597999e-18,1.530196803674455e-18
1215,4.715269388105118e-13,3.804962411326263e-18,1.449706888982685e-18
1216,4.907568875641038e-13,3.792783465982746e-18,1.519702344743608e-18
1217,5.222667534807903e-13,3.861815281239901e-18,1.830916987563148e-18
1218,4.899874309863382e-13,3.830247905859239e-18,1.542846812170035e-18
1219,4.880020384994044e-13,3.822366261949395e-18,1.555426690700605e-18
1220,4.786726836315515e-13,3.79183414192428e-18,1.454760584300622e-18
1221,4.977341672308519e-13,3.828066654918584e-18,1.606974018191178e-18
1222,5.080277528331168e-13,3.82964753312595e-18,1.684184389591783e-18
1223,4.979358780654609e-13,3.829505511629288e-18,1.588969664197403e-18
1224,4.995869648131808e-13,3.836433615767911e-18,1.663063033287591e-18
1225,4.764746517852126e-13,3.829317173720247e-18,1.482507248303565e-18
1226,4.913721974209161e-13,3.824875831442495e-18,1.577162768692095e-18
1227,4.755586310176028e-13,3.820889577107484e-18,1.447108889537074e-18
1228,5.127790323117443e-13,3.819071829432202e-18,1.734722443350872e-18
1229,5.263502696535959e-13,3.814501396170107e-18,1.748649244787681e-18
1230,5.090561045577865e-13,3.824132967070582e-18,1.642962837273836e-18
1231,4.919162094072358e-13,3.833982499307395e-18,1.598316838499046e-18
1232,4.793742176077588e-13,3.821493571710826e-18,1.480972797747767e-18
1233,5.037230482620145e-13,3.810736737599109e-18,1.655119304834313e-18
1234,4.923511747088978e-13,3.788004888022893e-18,1.547624885367444e-18
1235,4.805879239034624e-13,3.835663871709533e-18,1.502099891342741e-18
1236,4.880197258402536e-13,3.806254660611557e-18,1.527062044708053e-18
1237,4.765509796606656e-13,3.803110972220124e-18,1.450203517563339e-18
1238,4.828612770162959e-13,3.816658742381951e-18,1.538184467087892e-18
1239,4.839591626478455e-13,3.80809016116041e-18,1.518927617354603e-18
1240,5.028897308774039e-13,3.819698221491258e-18,1.614792054801434e-18
1241,4.974334999055283e-13,3.825130091855602e-18,1.596771323182071e-18
1242,4.943189828481357e-13,3.791386738570868e-18,1.530305100809006e-18
1243,4.90477494315298e-13,3.829253990195037e-18,1.553553711715866e-18
1244,4.90981779814932e-13,3.809516020053046e-18,1.565237413919198e-18
1245,4.851993241475285e-13,3.826892910780325e-18,1.538041418766694e-18
1246,4.804418755167271e-13,3.810117785873492e-18,1.52878960322372e-18
1247,4.876633233293571e-13,3.821794572358793e-18,1.581687495811465e-18
1248,4.969022920043675e-13,3.813364850221779e-18,1.615030849988399e-18
1249,4.949659014993223e-13,3.834905019386322e-18,1.630060047346252e-18
1250,5.065163638507291e-13,3.805050178874162e-18,1.694882206323615e-18
1251,4.994283980299197e-13,3.81433423542974e-18,1.594703687779802e-18
1252,4.818250063551076e-13,3.782913175985283e-18,1.458750824110857e-18
1253,4.887782168239422e-13,3.819794489536446e-18,1.509594724795922e-18
1254,4.800629689641471e-13,3.850037839248534e-18,1.533251116004685e-18
1255,4.697189130062942e-13,3.819344525333404e-18,1.43947261106387e-18
1256,4.735935113476974e-13,3.820773315172225e-18,1.468614377538024e-18
1257,4.75743608284393e-13,3.806248971799726e-18,1.492567657371526e-18
1258,4.712846076596068e-13,3.811092537927338e-18,1.44548504665465e-18
1259,4.782234874445015e-13,3.794983515964736e-18,1.491934374995984e-18
1260,4.719278917235683e-13,3.826109420918951e-18,1.457815759308993e-18
1261,4.858447025087855e-13,3.827031557044359e-18,1.571388665521193e-18
1262,4.928390861702744e-13,3.787743405331656e-18,1.539548253159464e-18
1263,4.842064089806118e-13,3.841816949068256e-18,1.542074434732396e-18
1264,4.899864482039467e-13,3.829950077067963e-18,1.589186275684296e-18
1265,4.729557716869745e-13,3.814485668374837e-18,1.470533184536926e-18
1266,4.698406045579743e-13,3.802379881331979e-18,1.423131962610408e-18
1267,5.050107715538106e-13,3.817998686712759e-18,1.681097756106658e-18
1268,4.931910049847856e-13,3.80038363500898e-18,1.56008263592241e-18
1269,4.853716655159907e-13,3.78522449282357e-18,1.494821661841688e-18
1270,4.877001050722198e-13,3.776989664732619e-18,1.500514536706844e-18
1271,4.888962942973409e-13,3.827529994112429e-18,1.586442999801482e-18
1272,5.087931177853392e-13,3.844632538764247e-18,1.675349406661595e-18
1273,4.898509748722676e-13,3.824209523387733e-18,1.521036936844767e-18
1274,5.02862358775221e-13,3.827003201079884e-18,1.657059828261958e-18
1275,4.94890308342491e-13,3.817081468661686e-18,1.594886385992513e-18
1276,4.936985015865616e-13,3.80120279358494e-18,1.614665029860345e-18
1277,4.814832259630984e-13,3.818663594853761e-18,1.552212419438437e-18
1278,4.894435239773961e-13,3.809367013196303e-18,1.52370294212942e-18
1279,5.159093878414101e-13,3.860072985415916e-18,1.725455923392158e-18
1280,4.946024437649591e-13,3.850758615522219e-18,1.563024672616651e-18
1281,4.895614818695254e-13,3.82882340685493e-18,1.567648809823811e-18
1282,4.855148558218893e-13,3.812947447219095e-18,1.495327929135182e-18
1283,4.882975613895447e-13,3.871107931426436e-18,1.581345178514027e-18
1284,4.878261719101992e-13,3.841810297935606e-18,1.572845958969317e-18
1285,4.844149616670978e-13,3.829381696330776e-18,1.552381205458246e-18
1286,4.946167939339829e-13,3.8498006650546e-18,1.583623673592789e-18
1287,4.968229204119769e-13,3.824784853121723e-18,1.549567805272428e-18
1288,5.12267231312071e-13,3.830512238491921e-18,1.689522209043073e-18
1289,5.094072435086017e-13,3.829988905496921e-18,1.641475665875287e-18
1290,4.86682749911402e-13,3.857530735791211e-18,1.547313354433022e-18
1291,4.873953572091989e-13,3.830834070453737e-18,1.541042125111459e-18
1292,4.793563364399306e-13,3.818333677701578e-18,1.482646801511529e-18
1293,4.989707027707176e-13,3.823682214810989e-18,1.629034609732933e-18
1294,5.037525070063552e-13,3.834699527291891e-18,1.646538300290213e-18
1295,4.847025456276739e-13,3.80561444155946e-18,1.528451907423506e-18
1296,4.978223877459092e-13,3.837913638391921e-18,1.650171875612981e-18
1297,4.776337849008222e-13,3.794361940868129e-18,1.451287234180436e-18
1298,4.885577207652018e-13,3.813855660467966e-18,1.55172003585617e-18
1299,4.748671809294732e-13,3.821171212743046e-18,1.462967747041846e-18
1300,4.883574454733147e-13,3.823902017875116e-18,1.553200508991659e-18
1301,4.844719078129345e-13,3.805538020133548e-18,1.532763575939393e-18
1302,4.809766409854574e-13,3.83811931390642e-18,1.526856669743717e-18
1303,4.758850932763847e-13,3.818457024494878e-18,1.487678742921498e-18
1304,4.784130987285513e-13,3.801778832317571e-18,1.453154500389712e-18
1305,4.789215369956202e-13,3.793524849319863e-18,1.46013063935027e-18
1306,4.882694565172484e-13,3.848840974853889e-18,1.618627283406488e-18
1307,4.84158662207192e-13,3.811133392338177e-18,1.532946744143471e-18
1308,4.771916503065994e-13,3.821782822038113e-18,1.493424765415252e-18
1309,4.809066392460782e-13,3.796931661208489e-18,1.478790112531838e-18
1310,4.867671862564913e-13,3.834166848127707e-18,1.5537092808949e-18
1311,4.807480618988063e-13,3.804023038873324e-18,1.485769045134512e-18
1312,4.858322683902083e-13,3.78020590645943e-18,1.50750323625221e-18
1313,4.835758346360638e-13,3.799179824801248e-18,1.478174501979483e-18
1314,4.876937909764197e-13,3.814331884180535e-18,1.558660570912655e-18
1315,4.892577492428708e-13,3.818350921240271e-18,1.551024327162562e-18
1316,4.934762427547434e-13,3.823118574878901e-18,1.594602205387779e-18
1317,4.851335294560277e-13,3.839164472858237e-18,1.559860476291176e-18
1318,4.914942106352184e-13,3.801977339064356e-18,1.576766468833827e-18
1319,4.988407776519879e-13,3.808631301303039e-18,1.633394343903492e-18
1320,4.830934995993397e-13,3.80915244548974e-18,1.49274060342136e-18
1321,4.99336783943442e-13,3.819587042608566e-18,1.635046232560659e-18
1322,5.113901568896594e-13,3.830765350229141e-18,1.727542322405312e-18
1323,4.847625863818364e-13,3.809856228116391e-18,1.515054314044872e-18
1324,4.914062106627381e-13,3.809577491376793e-18,1.515653787507978e-18
1325,4.832389353488455e-13,3.84466864776462e-18,1.530120577565083e-18
1326,4.842810545790036e-13,3.824710639780514e-18,1.527183011547037e-18
1327,4.738608806250525e-13,3.848473082823104e-18,1.524745519323098e-18
1328,4.72539461460195e-13,3.788450660265538e-18,1.434100917642279e-18
1329,4.797987579252267e-13,3.800123816428912e-18,1.508882806140558e-18
1330,4.792736641536965e-13,3.832919852861371e-18,1.548188246351689e-18
1331,4.830158200543314e-13,3.825021311383e-18,1.549622143942748e-18
1332,4.703595834022157e-13,3.827818682693015e-18,1.482959701790043e-18
1333,4.90078286436353e-13,3.805508170999201e-18,1.580748491613069e-18
1334,4.730356207155103e-13,3.827092485670547e-18,1.46699456640111e-18
1335,4.977718231118817e-13,3.820744401362765e-18,1.624167663100803e-18
1336,4.919235367908939e-13,3.789711330718585e-18,1.532789444464356e-18
1337,5.075118126738199e-13,3.818287516822873e-18,1.675287741975787e-18
1338,5.016521484488239e-13,3.805420160760418e-18,1.641976424107482e-18
1339,4.956062019365989e-13,3.813738035622601e-18,1.606057364397896e-18
1340,4.890085952370535e-13,3.812892521057107e-18,1.564670046302776e-18
1341,4.746540794521354e-13,3.771235733352112e-18,1.412971909309532e-18
1342,5.03285483920015e-13,3.817005772115556e-18,1.673204217913962e-18
1343,4.812147749738901e-13,3.796885318054772e-18,1.498528808650972e-18
1344,4.968315884646499e-13,3.815177404374417e-18,1.620403882995476e-18
1345,4.846202238427801e-13,3.829565000283757e-18,1.5493495067e-18
1346,4.770937637692239e-13,3.803752542405293e-18,1.465296672555658e-18
1347,4.73994101365948e-13,3.798860577872712e-18,1.446845464464238e-18
1348,5.01951145862773e-13,3.842635609105989e-18,1.662212603056356e-18
1349,5.051812949679136e-13,3.8299574377698e-18,1.643418689440142e-18
1350,4.966466603391619e-13,3.811660406071724e-18,1.567387048900955e-18
1351,4.860944681438464e-13,3.816838601459023e-18,1.564626493168922e-18
1352,4.803394135165548e-13,3.83085636112859e-18,1.5228801708526e-18
1353,4.87390026618048e-13,3.821529235751717e-18,1.552509628060019e-18
1354,4.853783647060997e-13,3.823719702942612e-18,1.518889616752353e-18
1355,4.855148009223677e-13,3.801077234325688e-18,1.488714997505861e-18
1356,4.894654180923007e-13,3.815932915892249e-18,1.576137374470365e-18
1357,4.853157638420829e-13,3.808050520736686e-18,1.527600695237354e-18
1358,4.882143131266117e-13,3.795798678238758e-18,1.528609260923935e-18
1359,4.940533028005642e-13,3.788085552322027e-18,1.574981326077241e-18
1360,4.887575144104194e-13,3.807840215253545e-18,1.559124643062855e-18
1361,4.886586681790878e-13,3.806947504629003e-18,1.513078345591528e-18
1362,4.836694612856645e-13,3.816236596718219e-18,1.561911497783218e-18
1363,4.715972201271131e-13,3.820372227299597e-18,1.453219039263752e-18
1364,4.930658789985671e-13,3.827363147345029e-18,1.589109810190886e-18
1365,4.771446915321958e-13,3.831959063905325e-18,1.494582419160512e-18
1366,4.858487645416056e-13,3.830758652498362e-18,1.579395101553997e-18
1367,4.879722317736886e-13,3.791979745629616e-18,1.558573799773637e-18
1368,4.944152402420118e-13,3.778428367043089e-18,1.490686639370636e-18
1369,5.017494882887162e-13,3.839708760826555e-18,1.680144412646573e-18
1370,4.8621510237376e-13,3.786549952810058e-18,1.517233348887892e-18
1371,5.044002853743658e-13,3.806885576663717e-18,1.636125614984453e-18
1372,4.996059134937522e-13,3.747472789508105e-18,1.55101879291796e-18
1373,4.915869670952586e-13,3.825441447474449e-18,1.606615360861078e-18
1374,4.933903082051246e-13,3.787229785754311e-18,1.57437949524717e-18
1375,4.958434532031097e-13,3.81940825214107e-18,1.621812701963414e-18
1376,4.848459794574368e-13,3.817887978831471e-18,1.507660040580642e-18
1377,4.795104967647264e-13,3.829915060273462e-18,1.517173600322835e-18
1378,4.749381465534904e-13,3.837884762940943e-18,1.495636553149094e-18
1379,5.009901760226308e-13,3.84733715514807e-18,1.683640051840938e-18
1380,4.825233754735075e-13,3.813162600517373e-18,1.51274343495518e-18
1381,4.975296686085408e-13,3.817454638729502e-18,1.618349049901637e-18
1382,4.877078120340428e-13,3.825352722919806e-18,1.538130294045748e-18
1383,4.758973408977078e-13,3.817768150766831e-18,1.436079337339947e-18
1384,4.817811762899107e-13,3.815521784823977e-18,1.481152306630583e-18
1385,4.836347550812396e-13,3.819731262995455e-18,1.542009758650633e-18
1386,4.909661716277776e-13,3.832587328912468e-18,1.560601458023913e-18
1387,4.89686403341732e-13,3.830718452663692e-18,1.543758978763554e-18
1388,4.870522558673971e-13,3.817013538041838e-18,1.530175584044968e-18
1389,4.837941197647967e-13,3.823590700587283e-18,1.536596963879583e-18
1390,4.884259405355262e-13,3.822201582748067e-18,1.587076709938939e-18
1391,4.735198278917945e-13,3.812248111353522e-18,1.471722650856829e-18
1392,4.812514596564307e-13,3.82229629353114e-18,1.51138179564011e-18
1393,4.82373588684925e-13,3.809755205842755e-18,1.554038735262502e-18
1394,4.827642584263072e-13,3.793827788856592e-18,1.493157125524634e-18
1395,4.834212364921476e-13,3.84158556110828e-18,1.534812263558682e-18
1396,4.90184645508863e-13,3.840695602633125e-18,1.560393045757673e-18
1397,5.004871049318428e-13,3.842374156073188e-18,1.621199664568365e-18
1398,5.027591807160736e-13,3.815511331721992e-18,1.604527347201963e-18
1399,5.054252283244872e-13,3.861437337368226e-18,1.647741290748396e-18
1400,5.116046800518957e-13,3.840586267650534e-18,1.675571359214697e-18
1401,4.884762809799722e-13,3.805124453454743e-18,1.504832570633275e-18
1402,4.874016532366514e-13,3.834927915049552e-18,1.53961381905961e-18
1403,4.885964765613597e-13,3.843101682545915e-18,1.581598247226993e-18
1404,4.853743460484256e-13,3.828874464393417e-18,1.489194020638575e-18
1405,4.953740798426172e-13,3.803637326863012e-18,1.568481474843189e-18
1406,4.760654531537161e-13,3.813178741148929e-18,1.465178408871638e-18
1407,4.940361327470239e-13,3.803892210903119e-18,1.573154306477461e-18
1408,4.851875450730253e-13,3.813180798187117e-18,1.530808578255098e-18
1409,4.937708244796153e-13,3.799546894337577e-18,1.527399797314187e-18
1410,4.835255178753205e-13,3.852002728245476e-18,1.528031751293785e-18
1411,4.722090207361891e-13,3.829907005062541e-18,1.411833379947413e-18
1412,4.708060168027914e-13,3.857686730087013e-18,1.473107490752602e-18
1413,4.740237116891613e-13,3.815476260632796e-18,1.457599368728909e-18
1414,4.715596722791666e-13,3.829624854521246e-18,1.5067120107098e-18
1415,4.708403695136657e-13,3.815811118110484e-18,1.486988145956049e-18
1416,4.960874134221136e-13,3.824139868416037e-18,1.625157225570527e-18
1417,5.168974393885216e-13,3.8185680431072e-18,1.708161411110802e-18
1418,4.995003001284987e-13,3.834832994922014e-18,1.641486946597354e-18
1419,4.919367568925151e-13,3.821107946243311e-18,1.545786387076528e-18
1420,4.867309318688922e-13,3.799597019205346e-18,1.497973516067587e-18
1421,4.833246287517008e-13,3.839520162382398e-18,1.544342681512635e-18
1422,4.847209086247205e-13,3.830324226501517e-18,1.495081752087787e-18
1423,5.094012050255433e-13,3.847420126699425e-18,1.722072997805676e-18
1424,4.933164438554175e-13,3.825092437603562e-18,1.551806012696245e-18
1425,5.049457302802626e-13,3.82390518469911e-18,1.654070780294768e-18
1426,5.058920127165654e-13,3.838555742772347e-18,1.657811778264524e-18
1427,4.938896444934486e-13,3.805710223523327e-18,1.550404780573271e-18
1428,4.948810420342472e-13,3.803748849633614e-18,1.555478297161416e-18
1429,4.778615685555523e-13,3.796135663011511e-18,1.409901920982262e-18
1430,4.90712316581568e-13,3.815672797077151e-18,1.586883632461416e-18
1431,5.092271700540667e-13,3.823964995542549e-18,1.708668523163863e-18
1432,4.910167884588129e-13,3.811385759821501e-18,1.550260671227688e-18
1433,4.89233080547262e-13,3.820756723123696e-18,1.602135222805199e-18
1434,4.756209233704367e-13,3.807100719426907e-18,1.456094971670884e-18
1435,5.05871323577504e-13,3.825022128586885e-18,1.675245623547817e-18
1436,4.911887485069612e-13,3.80115786845351e-18,1.527782696934707e-18
1437,4.892670079475667e-13,3.815564415716836e-18,1.586156345383113e-18
1438,4.759121571253341e-13,3.820984820497989e-18,1.475632202811265e-18
1439,4.826836060765741e-13,3.817497930793908e-18,1.522038309575746e-18
1440,4.885178043803014e-13,3.822916121145472e-18,1.595304550997117e-18
1441,4.842784497090147e-13,3.793414495398849e-18,1.522842185608501e-18
1442,4.929103507415126e-13,3.788806140916293e-18,1.530717451041127e-18
1443,4.792502011760307e-13,3.840364753320639e-18,1.539329653072889e-18
1444,4.771260663238593e-13,3.817350379838265e-18,1.515496928762404e-18
1445,4.727700545584528e-13,3.827794521219293e-18,1.493372986893508e-18
1446,4.779089947656102e-13,3.817186495580358e-18,1.516128745042309e-18
1447,4.811219110522234e-13,3.806750592642279e-18,1.547694677473889e-18
1448,4.980577078977415e-13,3.823673978351355e-18,1.573812223902352e-18
1449,4.999627021228172e-13,3.816254065967379e-18,1.627942270551142e-18
1450,4.882618486356881e-13,3.825246640612382e-18,1.558305968920669e-18
1451,4.834953484373475e-13,3.80304686930214e-18,1.521095362510804e-18
1452,4.89174373862584e-13,3.799832310469705e-18,1.528528605835401e-18
1453,4.75366176141523e-13,3.816488632334739e-18,1.483633560440739e-18
1454,4.958203813081421e-13,3.820128661948925e-18,1.621590670773033e-18
1455,4.951326021502923e-13,3.808264428471967e-18,1.576547795494291e-18
1456,5.025865259592049e-13,3.8272859110872e-18,1.648797645874688e-18
1457,4.854435148341999e-13,3.802207689683293e-18,1.485126642708451e-18
1458,4.839076039927793e-13,3.795087001986751e-18,1.486246878703595e-18
1459,4.780042042826282e-13,3.804590667574225e-18,1.479258959038133e-18
1460,4.781392200204063e-13,3.799376301546227e-18,1.49808501910808e-18
1461,5.096427668410471e-13,3.821332969249727e-18,1.742824569420566e-18
1462,4.983030802138714e-13,3.797002421048769e-18,1.57124632095931e-18
1463,4.936136532410802e-13,3.796144460874152e-18,1.587135835473371e-18
1464,4.993647693138378e-13,3.812618965826975e-18,1.601404680495136e-18
1465,4.876921484195631e-13,3.808327945605002e-18,1.539355604049524e-18
1466,5.082092886729618e-13,3.841587966983439e-18,1.682323127302522e-18
1467,4.994301416155474e-13,3.819531304820789e-18,1.604169493114787e-18
1468,4.923087266520476e-13,3.829513578714682e-18,1.571672131814441e-18
1469,4.900188183095185e-13,3.792386965287372e-18,1.581310155814542e-18
1470,4.911709104126768e-13,3.799206035992399e-18,1.56818655766047e-18
1471,4.922191144138809e-13,3.83702515300614e-18,1.592889998614052e-18
1472,4.768603057763027e-13,3.810687216239851e-18,1.493543306016106e-18
1473,4.752727271514409e-13,3.787259896888882e-18,1.458076592827101e-18
1474,4.843905191175156e-13,3.804727963837126e-18,1.55312628278849e-18
1475,4.8665785250218e-13,3.830061375604684e-18,1.564611275958401e-18
1476,4.921280818797727e-13,3.788811658741595e-18,1.577247807498723e-18
1477,4.836741333166957e-13,3.774853125518826e-18,1.50476025123298e-18
1478,4.964291763648532e-13,3.802090445778007e-18,1.621850592537539e-18
1479,4.947071459981652e-13,3.800093074988053e-18,1.55778323705442e-18
1480,4.761935336342364e-13,3.798982064355766e-18,1.486262523544839e-18
1481,4.911926954944489e-13,3.827979890507094e-18,1.573627992223888e-18
1482,4.864891539316635e-13,3.795357852205558e-18,1.52057280407644e-18
1483,4.704228412310358e-13,3.801187617561034e-18,1.404961276112947e-18
1484,4.895796810291608e-13,3.842863889228267e-18,1.588747976241159e-18
1485,4.987339614260745e-13,3.796540688242829e-18,1.613715402927576e-18
1486,4.842215662924491e-13,3.79220279258755e-18,1.503812705380062e-18
1487,4.853238376393815e-13,3.789905007395661e-18,1.559369347709768e-18
1488,4.818628051796653e-13,3.788310508118901e-18,1.49171905844027e-18
1489,4.923970367032481e-13,3.820077882224975e-18,1.559764596518578e-18
1490,4.951570454419744e-13,3.793669565186031e-18,1.565678601776097e-18
1491,5.02204610175508e-13,3.793511445069432e-18,1.599905158538439e-18
1492,4.92908915333718e-13,3.819193638081133e-18,1.538631586542212e-18
1493,4.860701608588435e-13,3.807925460560652e-18,1.547102975983354e-18
1494,4.783275963390449e-13,3.830831698377744e-18,1.464970340052721e-18
1495,4.966426806873716e-13,3.815053578549427e-18,1.5770571636148e-18
1496,4.820903135827825e-13,3.812994162159414e-18,1.518567872453517e-18
1497,5.079932696594863e-13,3.825068380116869e-18,1.713994259838537e-18
1498,5.019450331578156e-13,3.805742937400664e-18,1.623695086238514e-18
1499,4.961868237882928e-13,3.795292448253258e-18,1.563100137716922e-18
1500,4.927588586945814e-13,3.815055205813414e-18,1.551881132731163e-18
1501,4.924064581699054e-13,3.849701257718553e-18,1.636080035734521e-18
1502,4.944834339560908e-13,3.790208192987927e-18,1.572229502979571e-18
1503,4.802151477987747e-13,3.804432424882127e-18,1.485872079797495e-18
1504,4.86701451742549e-13,3.816010171930339e-18,1.568458520312146e-18
1505,4.761247933496645e-13,3.832216666252741e-18,1.495842400385342e-18
1506,4.817446152920157e-13,3.80869883372115e-18,1.518724459514611e-18
1507,4.864831675146541e-13,3.78717285484857e-18,1.532045493160606e-18
1508,4.796055866250744e-13,3.832217040770039e-18,1.493183758049863e-18
1509,4.790693601441175e-13,3.82977354871434e-18,1.490574635697908e-18
1510,4.810149231512124e-13,3.854636876111635e-18,1.550964845785396e-18
1511,4.755825698440344e-13,3.815649688296744e-18,1.448093327914933e-18
1512,4.965549906388418e-13,3.794356469246151e-18,1.574003711073218e-18
1513,4.877553839020476e-13,3.825896677232605e-18,1.545935085779604e-18
1514,4.894256288604701e-13,3.804542007202924e-18,1.564276124366995e-18
1515,4.874478101581839e-13,3.812429826136565e-18,1.55644887802043e-18
1516,4.902001711840288e-13,3.809919924104167e-18,1.594547057135799e-18
1517,4.959212678936439e-13,3.800434875892237e-18,1.610538912618102e-18
1518,4.79187025502039e-13,3.777415717404708e-18,1.445692865361343e-18
1519,4.945583099705602e-13,3.816393379919763e-18,1.632259886825056e-18
1520,4.769663541510148e-13,3.809486787069833e-18,1.501156842398852e-18
1521,5.006573562651236e-13,3.837227401395488e-18,1.672401970500155e-18
1522,4.950712523913683e-13,3.806734698549754e-18,1.60220215691135e-18
1523,4.911126541628182e-13,3.838642856339905e-18,1.610219115730283e-18
1524,4.82773447877602e-13,3.810525280379629e-18,1.506770027969041e-18
1525,5.235829027479537e-13,3.808649924030787e-18,1.778186183355321e-18
1526,5.155355229769041e-13,3.802348776304534e-18,1.658535554470214e-18
1527,4.976209326857661e-13,3.868696106450724e-18,1.605332909228083e-18
1528,4.890163618406943e-13,3.844559522295539e-18,1.565600916725399e-18
1529,4.820274485827781e-13,3.858942956404041e-18,1.528924435103194e-18
1530,4.806020769953474e-13,3.839694870209461e-18,1.456460403053375e-18
1531,4.824077490212723e-13,3.850245032959462e-18,1.525830073164998e-18
1532,4.805316997216528e-13,3.816779761129449e-18,1.452828085955498e-18
1533,4.790532868785674e-13,3.841459824292401e-18,1.515620447960469e-18
1534,4.741282177897194e-13,3.813977357693904e-18,1.466459055273499e-18
1535,4.857008379634258e-13,3.809136932537634e-18,1.528191850099914e-18
1536,4.736114567170914e-13,3.785831359792401e-18,1.44394667261585e-18
1537,4.840102151669442e-13,3.829681664446284e-18,1.558903378748021e-18
1538,4.820208480403709e-13,3.812521701013633e-18,1.475259826717012e-18
1539,4.749020780480359e-13,3.831628431376272e-18,1.479265050624682e-18
1540,4.929034623556042e-13,3.803007353834632e-18,1.574919970885304e-18
1541,4.930922149824059e-13,3.808407382936852e-18,1.565192517131828e-18
1542,4.848305739032496e-13,3.859319490598576e-18,1.553062999860982e-18
1543,4.838773893105209e-13,3.821481513562135e-18,1.546199455940709e-18
1544,4.856839750797325e-13,3.844032437146532e-18,1.576189827270509e-18
1545,4.865587636002007e-13,3.8355324456068e-18,1.573562883492232e-18
1546,4.876295536510838e-13,3.838712992684103e-18,1.531325502476936e-18
1547,4.834430654689325e-13,3.829072854851373e-18,1.530393838689015e-18
1548,4.869180385696241e-13,3.851245189039045e-18,1.556773937527407e-18
1549,4.742318049284806e-13,3.811291108357348e-18,1.418108548881974e-18
1550,4.837716197947417e-13,3.833889938433247e-18,1.509846075001897e-18
1551,4.958193681194955e-13,3.848466823050553e-18,1.626905129214998e-18
1552,5.066430399725986e-13,3.83017959842911e-18,1.645977347477935e-18
1553,4.951395319191853e-13,3.802470047575446e-18,1.535358372552223e-18
1554,4.863144504551343e-13,3.819565489596193e-18,1.55873718854229e-18
1555,4.804492474422551e-13,3.807010841679427e-18,1.532665096627972e-18
1556,4.922459431838251e-13,3.850338548078773e-18,1.595652724371587e-18
1557,4.913174747850697e-13,3.834320193387907e-18,1.561586734289092e-18
1558,5.007920846951412e-13,3.845428714363021e-18,1.598757016841718e-18
1559,4.852870472651426e-13,3.83932992575311e-18,1.527560607229636e-18
1560,4.764932952365085e-13,3.827524257069819e-18,1.472844111025015e-18
1561,4.796162997424664e-13,3.839402896843224e-18,1.502809879676969e-18
1562,4.826208680550279e-13,3.809896003229371e-18,1.527917125839807e-18
1563,4.758928972112239e-13,3.816833302226231e-18,1.471419555509693e-18
1564,4.772534742157932e-13,3.796723857374267e-18,1.461734507638979e-18
1565,4.714571063016658e-13,3.807122364280983e-18,1.442879644315333e-18
1566,4.699142417893848e-13,3.821530599400183e-18,1.446115831170248e-18
1567,4.705941865267712e-13,3.795596045044239e-18,1.474006023964676e-18
1568,4.803478626021251e-13,3.825462517096976e-18,1.555678643658279e-18
1569,4.850075946284996e-13,3.783358542260747e-18,1.513527730465064e-18
1570,4.968700138517242e-13,3.826263564107181e-18,1.628293860672696e-18
1571,5.015681319814977e-13,3.788523022760876e-18,1.594733133607287e-18
1572,4.935893529326105e-13,3.797727252671501e-18,1.534404071822739e-18
1573,4.838024715955908e-13,3.812408507439046e-18,1.550290193599947e-18
1574,4.791275540972659e-13,3.815396973388124e-18,1.505556406086141e-18
1575,4.790353808761861e-13,3.810421755232757e-18,1.476335338761936e-18
1576,4.849095075892139e-13,3.782661427003335e-18,1.507267195533579e-18
1577,4.954569136367829e-13,3.810928044789859e-18,1.578827511939691e-18
1578,4.760762596050568e-13,3.79863070196175e-18,1.461567285352988e-18
1579,4.922545707146668e-13,3.805053902869145e-18,1.603417460956823e-18
1580,4.776102181839349e-13,3.786263812079937e-18,1.449475116572984e-18
1581,4.885698572818622e-13,3.80914404885403e-18,1.602680342891417e-18
1582,4.851070716487458e-13,3.805837312666667e-18,1.543309115318728e-18
1583,4.949956313442784e-13,3.810967274092215e-18,1.588180839949245e-18
1584,4.907458844126269e-13,3.855311606634535e-18,1.609922604482271e-18
1585,4.777122323089372e-13,3.813300855786594e-18,1.487199083343828e-18
1586,4.841488106281419e-13,3.833742546071321e-18,1.538875705056109e-18
1587,4.913304493389179e-13,3.783310835964606e-18,1.538497679367127e-18
1588,5.010472596633152e-13,3.794206140174497e-18,1.58666507804151e-18
1589,4.864228635689948e-13,3.825453741387797e-18,1.527953721961603e-18
1590,4.817875336338665e-13,3.833221595919036e-18,1.52127466797901e-18
1591,4.790944359509894e-13,3.828519296008364e-18,1.498515765165553e-18
1592,4.743689049908423e-13,3.799742121309269e-18,1.432536644879326e-18
1593,4.927372063296445e-13,3.823707948216085e-18,1.597554084281624e-18
1594,5.131905403542753e-13,3.825106391964009e-18,1.735028158519038e-18
1595,5.13191526497943e-13,3.827251498715177e-18,1.655537729050364e-18
1596,5.142516890150023e-13,3.791664085092714e-18,1.64970854539773e-18
1597,4.982473616521309e-13,3.838962563099162e-18,1.613310273347767e-18
1598,5.000109157564662e-13,3.830790153952496e-18,1.609105619990413e-18
1599,5.109893967995646e-13,3.839832066874917e-18,1.712990902099244e-18
1600,4.896201208405605e-13,3.831153479875247e-18,1.557981080008561e-18
1601,5.084353947413372e-13,3.8459905605584e-18,1.699848427264705e-18
1602,4.912474109196238e-13,3.814500620769436e-18,1.521416904487199e-18
1603,4.928848610571721e-13,3.825916006064307e-18,1.569810469931172e-18
1604,4.879120967966448e-13,3.816303474427877e-18,1.530028412473282e-18
1605,4.736872175488239e-13,3.802146650023998e-18,1.423009668902768e-18
1606,5.018892820984474e-13,3.808419057075446e-18,1.613566866348771e-18
1607,4.793418122980771e-13,3.801143031243135e-18,1.475334106459432e-18
1608,4.782564286019273e-13,3.792305719026974e-18,1.454849599456055e-18
1609,4.744280061194946e-13,3.822293559685699e-18,1.505515550896762e-18
1610,5.278431727876658e-13,3.811151288384585e-18,1.764992461862503e-18
1611,5.187313704530442e-13,3.835658223829314e-18,1.72905393380206e-18
1612,5.027457069710434e-13,3.841293868338524e-18,1.583891171886234e-18
1613,4.893048124827223e-13,3.825336328482302e-18,1.560765337081444e-18
1614,4.797238914469398e-13,3.841149288242031e-18,1.495956345802706e-18
1615,5.093192964633238e-13,3.83047902499184e-18,1.707901606342875e-18
1616,4.910158853906536e-13,3.842255567925391e-18,1.584046087986322e-18
1617,4.890298347086974e-13,3.817781437656899e-18,1.489003030963373e-18
1618,4.967620893332872e-13,3.839895976614373e-18,1.668538940199959e-18
1619,4.740107833598054e-13,3.80954976292778e-18,1.452865866639248e-18
1620,4.924304538562722e-13,3.82615661059239e-18,1.590350268482634e-18
1621,4.819697205294943e-13,3.82818632426392e-18,1.49684992048659e-18
1622,4.780712799814838e-13,3.826814411152575e-18,1.541380554419755e-18
1623,4.937212362983035e-13,3.795948460771538e-18,1.595765884982806e-18
1624,4.989256426887652e-13,3.807646447920135e-18,1.610594211275672e-18
1625,4.835028214273626e-13,3.80046401735954e-18,1.499248732243308e-18
1626,4.886252283820944e-13,3.832915145425649e-18,1.597169400622864e-18
1627,5.235010164765114e-13,3.822259189793758e-18,1.78074663044615e-18
1628,5.143173821777075e-13,3.821468491039888e-18,1.664396670557325e-18
1629,4.868910768725169e-13,3.84318416430774e-18,1.582935892922948e-18
1630,4.937580487172759e-13,3.812213871295522e-18,1.555240483523024e-18
1631,4.96869493183297e-13,3.822943636880311e-18,1.609976887239866e-18
1632,4.960329200157787e-13,3.808855581568771e-18,1.590802665073544e-18
1633,4.961254537863111e-13,3.834006376629617e-18,1.592464554382317e-18
1634,4.917121727441195e-13,3.841605375229508e-18,1.573492952943769e-18
1635,5.034163642324797e-13,3.816448857283252e-18,1.660882880536644e-18
1636,4.819386781161096e-13,3.792985194664478e-18,1.488034412801372e-18
1637,4.875088340201508e-13,3.823708743532309e-18,1.531317802146951e-18
1638,4.775754870616195e-13,3.80885235772116e-18,1.500693134694269e-18
1639,4.952709398845472e-13,3.791715189094721e-18,1.601075399087129e-18
1640,5.098156819837193e-13,3.833651083102631e-18,1.703495976694017e-18
1641,4.885435116983456e-13,3.791111552556035e-18,1.486731327073892e-18
1642,4.86775843042738e-13,3.822800265630277e-18,1.526102754047506e-18
1643,4.78211026808749e-13,3.799750721265568e-18,1.473191739618031e-18
1644,5.066206000610488e-13,3.846231950957057e-18,1.709050520138752e-18
1645,5.097975000312782e-13,3.833186079818155e-18,1.650968958135459e-18
1646,4.956882501247231e-13,3.83461470169933e-18,1.543780405897545e-18
1647,5.0212202941361e-13,3.839236731045672e-18,1.618006180678273e-18
1648,4.863039020601175e-13,3.845641517027737e-18,1.566382140947127e-18
1649,4.965999436996654e-13,3.815927552024273e-18,1.598119023639566e-18
1650,4.924336753240026e-13,3.854964279740292e-18,1.609248247489726e-18
1651,4.797541300351342e-13,3.810830197611703e-18,1.437510104953238e-18
1652,5.039634263328766e-13,3.826907033977401e-18,1.649988364879919e-18
1653,4.892790087710552e-13,3.816839189378431e-18,1.613515719689026e-18
1654,4.804788537216189e-13,3.810353188626576e-18,1.500598322665248e-18
1655,4.886072066875235e-13,3.836696891018276e-18,1.620891458381893e-18
1656,4.738634032727495e-13,3.812954262172624e-18,1.486171444493456e-18
1657,4.81255324850219e-13,3.805734722961525e-18,1.516437363904767e-18
1658,4.744499180686084e-13,3.812644020229957e-18,1.458824742280754e-18
1659,4.897470794167777e-13,3.8121377997747e-18,1.597612658804098e-18
1660,4.980494488572187e-13,3.801156055986755e-18,1.608386262665419e-18
1661,4.788238376261666e-13,3.791185608057059e-18,1.446790873275423e-18
1662,4.939609177714636e-13,3.843906551789211e-18,1.627988221742098e-18
1663,4.806454714081971e-13,3.803416709939835e-18,1.504921308038809e-18
1664,4.760158696075524e-13,3.811317119661848e-18,1.48258090537723e-18
1665,4.813662578100515e-13,3.808518453743576e-18,1.514819446101732e-18
1666,4.827899714827286e-13,3.827139878745612e-18,1.516130910570129e-18
1667,5.083461443304635e-13,3.809427362156532e-18,1.718758402140602e-18
1668,4.88037723438403e-13,3.790484989943244e-18,1.536803299405132e-18
1669,5.039131642097372e-13,3.807092666152563e-18,1.670243766808907e-18
1670,4.796534414037984e-13,3.792476022241512e-18,1.496693457623398e-18
1671,4.832802116457695e-13,3.796233303193939e-18,1.541468503479159e-18
1672,4.958975063457597e-13,3.815752748321777e-18,1.599128561701154e-18
1673,4.868976127331761e-13,3.789932525959864e-18,1.505524002446775e-18
1674,4.822876170818992e-13,3.768283292850818e-18,1.473355606385105e-18
1675,4.817170226988457e-13,3.788434177826142e-18,1.529988647295051e-18
1676,4.829976826993185e-13,3.818484474406842e-18,1.572833653239305e-18
1677,4.781148576295226e-13,3.777572507584957e-18,1.446017752925458e-18
1678,4.848084634721662e-13,3.783727886278754e-18,1.48131357127436e-18
1679,4.823215311640896e-13,3.822386026009859e-18,1.482762839059442e-18
1680,4.871604950243019e-13,3.823865246050593e-18,1.563685949618648e-18
1681,5.121290785273751e-13,3.810193212542032e-18,1.677408510807361e-18
1682,4.947548226689359e-13,3.819028428348478e-18,1.594297897065889e-18
1683,4.757993808249749e-13,3.774245959202696e-18,1.407532961899739e-18
1684,4.79807241968863e-13,3.853606140046796e-18,1.524463814718524e-18
1685,4.839055039491699e-13,3.814422327142546e-18,1.49670101510333e-18
1686,4.847424599370757e-13,3.807657882704891e-18,1.49890460842906e-18
1687,4.816103894620777e-13,3.814416997634034e-18,1.47314489225465e-18
1688,4.79218632649507e-13,3.815256140225583e-18,1.477066268985589e-18
1689,4.74545067860471e-13,3.82502755190224e-18,1.451408183248438e-18
1690,4.757356833753587e-13,3.837527726891949e-18,1.475488022321624e-18
1691,4.933932125937912e-13,3.823081330893978e-18,1.606133961192133e-18
1692,5.008351494846602e-13,3.793737653683509e-18,1.603090883885597e-18
1693,4.937442700167931e-13,3.828199882784487e-18,1.582244525977086e-18
1694,4.870399712918783e-13,3.811365717700786e-18,1.57562605566889e-18
1695,4.807781296611513e-13,3.798228412774831e-18,1.498738299851424e-18
1696,5.001943835761115e-13,3.827075116613293e-18,1.618822195686803e-18
1697,4.992409060364565e-13,3.813292376501878e-18,1.606334751435503e-18
1698,4.8533583078789e-13,3.828827920513013e-18,1.552253275482747e-18
1699,4.809789956090296e-13,3.810896518002645e-18,1.514406014161793e-18
1700,4.832490077085793e-13,3.802348605940891e-18,1.490139949016169e-18
1701,4.697412439005855e-13,3.787807865027661e-18,1.390703654694656e-18
1702,4.662786365857502e-13,3.829219010201118e-18,1.487043960048629e-18
1703,4.721107894596611e-13,3.809241392731159e-18,1.488317667886143e-18
1704,4.843194234474292e-13,3.791814503128741e-18,1.542474660016394e-18
1705,4.779513561674112e-13,3.790694550625312e-18,1.471184584472992e-18
1706,4.873955869069873e-13,3.839108644493116e-18,1.612239983307299e-18
1707,4.901854791609149e-13,3.797132921861535e-18,1.524547524352993e-18
1708,4.85305230289065e-13,3.771860329000202e-18,1.477916642137588e-18
1709,4.882893353942955e-13,3.77984296685479e-18,1.539428512555415e-18
1710,4.909922028426809e-13,3.793690445174251e-18,1.578371725788948e-18
1711,4.790708084969922e-13,3.814172722576425e-18,1.500678829742437e-18
1712,5.200799347287782e-13,3.80342985614779e-18,1.794095161870148e-18
1713,4.966724446649563e-13,3.791061563473246e-18,1.547472727692207e-18
1714,5.049216275807038e-13,3.81516640604192e-18,1.705120716331574e-18
1715,4.951515713398074e-13,3.82989395465062e-18,1.632939985957001e-18
1716,4.747481640845451e-13,3.791926931427907e-18,1.4245074041154e-18
1717,4.958732189466541e-13,3.795600378980488e-18,1.607600277541285e-18
1718,4.830228595905199e-13,3.802913605135686e-18,1.535374369570493e-18
1719,4.907596314210771e-13,3.798556126087723e-18,1.565390410165044e-18
1720,4.910014532493502e-13,3.795626921949342e-18,1.578712789831468e-18
1721,4.860536966653649e-13,3.791667825827049e-18,1.489939991182875e-18
1722,4.901247459084581e-13,3.77666997034882e-18,1.550041987267106e-18
1723,4.83383871815895e-13,3.800134667563452e-18,1.52742951989233e-18
1724,4.905541700530727e-13,3.795343180688683e-18,1.55907106867049e-18
1725,4.782102179952186e-13,3.79463433653635e-18,1.484593019088724e-18
1726,4.763688524147927e-13,3.775849936180966e-18,1.418816367154622e-18
1727,4.737913225265082e-13,3.82477112638427e-18,1.481372286894387e-18
1728,4.680809113734079e-13,3.810625651218724e-18,1.425499374476123e-18
1729,4.815933916431862e-13,3.826860357414695e-18,1.554224367550179e-18
1730,4.831058474755863e-13,3.774667093601203e-18,1.462423697813909e-18
1731,4.990611572010382e-13,3.810776355118436e-18,1.636695447368855e-18
1732,5.084392012100193e-13,3.830995290829949e-18,1.691319672035078e-18
1733,5.211397986716507e-13,3.837218054150396e-18,1.699751645500247e-18
1734,5.052818039316959e-13,3.885672518555152e-18,1.620424666742293e-18
1735,4.900520035702022e-13,3.830693921513502e-18,1.543875534587865e-18
1736,4.840997858871991e-13,3.857079679703717e-18,1.548619437210667e-18
1737,4.896411859941197e-13,3.815849037399969e-18,1.506518273176129e-18
1738,4.738696009541023e-13,3.784495055717177e-18,1.421179960318892e-18
1739,4.808781416679881e-13,3.780763769978884e-18,1.528342053641664e-18
1740,5.074713904863016e-13,3.842776366555727e-18,1.663367549191606e-18
1741,4.939328671240524e-13,3.843304992239933e-18,1.578981295496347e-18
1742,4.919128866885012e-13,3.818076120118889e-18,1.57640785333195e-18
1743,4.76002883080894e-13,3.795637488628729e-18,1.444177900585194e-18
1744,4.894847888928089e-13,3.811207183725428e-18,1.556347239707308e-18
1745,5.057982710017901e-13,3.818504938133721e-18,1.646584103192137e-18
1746,4.820037172824112e-13,3.792399917579939e-18,1.48193223507932e-18
1747,4.877328602482898e-13,3.771759459172592e-18,1.494345150288269e-18
1748,4.78694548808527e-13,3.816869548561283e-18,1.484081036946942e-18
1749,4.714851204155368e-13,3.804590815583657e-18,1.418465697549168e-18
1750,4.783825715984088e-13,3.822270749685054e-18,1.572110844190481e-18
1751,4.774301873703829e-13,3.79891583442683e-18,1.498345979707023e-18
1752,4.636982719153922e-13,3.807799012089506e-18,1.395227490368869e-18
1753,4.644150957416918e-13,3.819883513387553e-18,1.437312157796968e-18
1754,4.706479214395073e-13,3.78555124196393e-18,1.424412250733746e-18
1755,4.759687722072932e-13,3.792614942349902e-18,1.454449006971419e-18
1756,4.815430961930134e-13,3.817255721198348e-18,1.545305659749815e-18
1757,4.807529542065284e-13,3.825422310415613e-18,1.526321068696358e-18
1758,4.821355882070172e-13,3.813385808408196e-18,1.533779570860748e-18
1759,5.057784688427963e-13,3.819452925785772e-18,1.689482892977081e-18
1760,5.156313560007331e-13,3.8062762231457e-18,1.707099901597247e-18
1761,4.876698623528701e-13,3.817132676402144e-18,1.566851586747132e-18
1762,4.762424254837323e-13,3.830498703737105e-18,1.488824828449449e-18
1763,4.732371101622628e-13,3.815675814541124e-18,1.468108986894566e-18
1764,4.790872138820272e-13,3.827469835738604e-18,1.547498277454619e-18
1765,4.87691992999232e-13,3.81798252594235e-18,1.577823876704133e-18
1766,5.133003032090249e-13,3.823754832623846e-18,1.710365871378396e-18
1767,4.946959298640065e-13,3.827936117266562e-18,1.570638090364015e-18
1768,4.832992515847909e-13,3.813579632221051e-18,1.499381178482956e-18
1769,4.870812370049492e-13,3.848074479661205e-18,1.603777065079589e-18
1770,5.051199734722824e-13,3.795209927792263e-18,1.663462929906267e-18
1771,4.867284367463565e-13,3.797711447276458e-18,1.513539131564079e-18
1772,4.861693826879858e-13,3.822868377473693e-18,1.564667256218136e-18
1773,4.860649484401627e-13,3.824385436016867e-18,1.587049498293973e-18
1774,4.991384853240262e-13,3.808557653296757e-18,1.586112225017659e-18
1775,4.904166632842297e-13,3.817327853700361e-18,1.614386738138171e-18
1776,4.965952760577387e-13,3.820118935763195e-18,1.610770658424352e-18
1777,5.082067589415836e-13,3.836535434445569e-18,1.724471188639579e-18
1778,4.990693474802476e-13,3.819016381370881e-18,1.605608168920064e-18
1779,4.847594874201224e-13,3.807447949986685e-18,1.521428244541716e-18
1780,4.911211175744888e-13,3.83551727849599e-18,1.588921277733594e-18
1781,4.995869442050258e-13,3.823647513147767e-18,1.610696580384492e-18
1782,4.856785575716147e-13,3.836791831508239e-18,1.528679977172832e-18
1783,5.016874112718543e-13,3.835110336799407e-18,1.603119703574311e-18
1784,4.991224694938365e-13,3.841721221904446e-18,1.650473710522463e-18
1785,4.92769276813359e-13,3.796242795989168e-18,1.543541724895289e-18
1786,4.805981987096464e-13,3.828255971388314e-18,1.522704824953806e-18
1787,4.736212793383701e-13,3.793933174050918e-18,1.454300706782206e-18
1788,4.821792815631193e-13,3.843656953807811e-18,1.565351403792989e-18
1789,4.837199382526882e-13,3.794205564935842e-18,1.493793582081826e-18
1790,4.927944463073716e-13,3.852918721734714e-18,1.637440711517984e-18
1791,5.044120935534728e-13,3.813991673945834e-18,1.580856499505345e-18
1792,5.120283759786891e-13,3.81355623831368e-18,1.605031481142353e-18
1793,4.903175518692399e-13,3.840024408828519e-18,1.514250475479316e-18
1794,4.808233846971222e-13,3.842482666639502e-18,1.503635036382615e-18
1795,4.764688198638857e-13,3.853218030017782e-18,1.497794909419337e-18
1796,4.909127281420521e-13,3.836344749035025e-18,1.560850615224008e-18
1797,4.914626121627796e-13,3.822862584173843e-18,1.561292824031756e-18
1798,4.81377999259691e-13,3.837749540704026e-18,1.512967459246204e-18
1799,4.800030007849773e-13,3.827421845567285e-18,1.473982401284064e-18
1800,4.944182986263364e-13,3.832211412197109e-18,1.582967275134804e-18
1801,4.789193962833467e-13,3.84682556340295e-18,1.478259505506531e-18
1802,4.836287111693432e-13,3.841821212050949e-18,1.547265364154427e-18
1803,4.99313691083159e-13,3.796682327104855e-18,1.602912548127025e-18
1804,4.807209809379056e-13,3.817911937182894e-18,1.509122384851272e-18
1805,4.910149890728259e-13,3.807395685867388e-18,1.55716956767602e-18
1806,4.792191809343698e-13,3.804473320456486e-18,1.446117762584647e-18
1807,4.901150013941898e-13,3.831948086575493e-18,1.606433208959296e-18
1808,4.78288608444187e-13,3.827878145250077e-18,1.477378614296721e-18
1809,4.884827352374176e-13,3.841380996404247e-18,1.609740887028797e-18
1810,4.81206452088962e-13,3.782166674560498e-18,1.488705451907282e-18
1811,4.857612576092116e-13,3.79500580326906e-18,1.523385570836893e-18
1812,4.810391260183888e-13,3.798956329922046e-18,1.484131168725632e-18
1813,4.781375520813508e-13,3.802448265285837e-18,1.48435232400721e-18
1814,4.696765232658001e-13,3.812284561259245e-18,1.408925831398673e-18
1815,4.783281323653692e-13,3.83971985078552e-18,1.557455450511253e-18
1816,4.97034414810391e-13,3.818782076505764e-18,1.598741856962976e-18
1817,4.764691305418416e-13,3.809282719310597e-18,1.452886507388422e-18
1818,4.937356170362888e-13,3.83503816701277e-18,1.612132502025362e-18
1819,4.8734102877922e-13,3.810150650485764e-18,1.536692641853413e-18
1820,4.852183569473103e-13,3.801895706443075e-18,1.515306648183826e-18
1821,4.915451860116398e-13,3.813043806865606e-18,1.588658024438537e-18
1822,4.823716838413779e-13,3.794292383687946e-18,1.500082678877927e-18
1823,4.971325531220359e-13,3.810807941961702e-18,1.615188448873785e-18
1824,4.720148743841836e-13,3.790440589423942e-18,1.435924454519863e-18
1825,5.144241830496922e-13,3.839510084350629e-18,1.734094713584556e-18
1826,5.027166765017036e-13,3.81596983495887e-18,1.645661625371905e-18
1827,4.956260509470999e-13,3.820495403463317e-18,1.62904813388324e-18
1828,5.030556149049361e-13,3.801458760099106e-18,1.635782993890135e-18
1829,4.825346098903101e-13,3.785727875624424e-18,1.495756508848168e-18
1830,5.18977260314432e-13,3.804679581424265e-18,1.740537342516455e-18
1831,5.030481431649825e-13,3.822427956566818e-18,1.619770584887887e-18
1832,4.810606328047478e-13,3.804552054305887e-18,1.514773583775526e-18
1833,5.031784384963377e-13,3.808698993358795e-18,1.65599305991412e-18
1834,4.843580332364166e-13,3.772416984488497e-18,1.458229708335862e-18
1835,4.783427598019779e-13,3.846847691288417e-18,1.531417381426954e-18
1836,4.717633029302801e-13,3.818549833467735e-18,1.483785840725366e-18
1837,4.955989925190517e-13,3.799097277575957e-18,1.607750727508777e-18
1838,4.76224930172155e-13,3.801089727862074e-18,1.461171619221826e-18
1839,4.927978747178048e-13,3.787588588372029e-18,1.603242021579711e-18
1840,4.850539077958006e-13,3.785821691550951e-18,1.490210720599455e-18
1841,4.859335649363196e-13,3.801407875409929e-18,1.550785924371563e-18
1842,4.804595858983902e-13,3.806623940096192e-18,1.501160075464714e-18
1843,4.771703179772208e-13,3.786646336034551e-18,1.448632270623013e-18
1844,4.807274079995708e-13,3.80078887385901e-18,1.528431576650331e-18
1845,4.800089891068422e-13,3.785602229506559e-18,1.49928393425971e-18
1846,5.015523369597709e-13,3.781221422584828e-18,1.597951288964396e-18
1847,4.832573415265841e-13,3.828088883373818e-18,1.540511224740862e-18
1848,4.978834446531496e-13,3.804121664106729e-18,1.611893080200004e-18
1849,4.834996316238856e-13,3.806361701358583e-18,1.483454011709598e-18
1850,4.820685004401085e-13,3.824723724110357e-18,1.546223256858095e-18
1851,4.816535561018366e-13,3.823275885760541e-18,1.505760679224442e-18
1852,5.048769964880731e-13,3.818486409697268e-18,1.671321712330453e-18
1853,4.993439270164612e-13,3.81955528237045e-18,1.622886523637551e-18
1854,4.795257342114515e-13,3.808790516295121e-18,1.503800108459581e-18
1855,4.784152688509992e-13,3.823656847806947e-18,1.49594004781692e-18
1856,4.827951807187134e-13,3.831479409773878e-18,1.505309390571997e-18
1857,4.762034824839364e-13,3.808640422588945e-18,1.462264501658878e-18
1858,5.001680806296095e-13,3.80872519877506e-18,1.6601507737078e-18
1859,4.888057177975334e-13,3.803235997501815e-18,1.572020545914384e-18
1860,4.901469498084175e-13,3.799788645934861e-18,1.552013831280492e-18
1861,4.884027597383849e-13,3.813163255102698e-18,1.588356660175286e-18
1862,4.847358384055425e-13,3.8148939418245e-18,1.532241762883756e-18
1863,4.728879822943391e-13,3.786631906740234e-18,1.418916437351036e-18
1864,4.758156314682836e-13,3.850736679802782e-18,1.533072427162773e-18
1865,4.849375626376349e-13,3.816004958473284e-18,1.549637985933114e-18
1866,4.856609417858669e-13,3.816232116469964e-18,1.558559111479145e-18
1867,4.809955824751994e-13,3.821316056918876e-18,1.494228842064958e-18
1868,4.777106855702783e-13,3.792291810484476e-18,1.464222232227226e-18
1869,4.892673617109718e-13,3.793699222464698e-18,1.593212555335937e-18
1870,4.865897998188367e-13,3.824675635828295e-18,1.560072507811701e-18
1871,4.867747400917466e-13,3.804222345724687e-18,1.5413403172473e-18
1872,4.858960548243532e-13,3.812188351759906e-18,1.552298988741517e-18
1873,4.787578535047279e-13,3.809903566135303e-18,1.49300467208909e-18
1874,4.706959045062776e-13,3.798555447635657e-18,1.40469834332638e-18
1875,4.67149353973745e-13,3.806971022484326e-18,1.434151429732012e-18
1876,4.72917974120415e-13,3.767935758842775e-18,1.423871699273484e-18
1877,4.862762339513342e-13,3.827782538311935e-18,1.594150235364941e-18
1878,4.88896549940848e-13,3.809346342277046e-18,1.555449869196312e-18
1879,4.939474359228608e-13,3.79056083985306e-18,1.57611223458628e-18
1880,4.765488370157577e-13,3.783621690808547e-18,1.453526843628148e-18
1881,5.039211424071028e-13,3.820655594793482e-18,1.690704983519552e-18
1882,4.906655396732386e-13,3.821812779050003e-18,1.551929036834434e-18
1883,4.98612126899119e-13,3.785212966820543e-18,1.583013298583853e-18
1884,4.89949784252583e-13,3.818175335998025e-18,1.589200875327224e-18
1885,4.743198984531744e-13,3.808128074482047e-18,1.51584530855249e-18
1886,4.657557336638763e-13,3.814459589220826e-18,1.406632343724546e-18
1887,4.780201378825891e-13,3.825299069745168e-18,1.51592833226094e-18
1888,4.766787675791992e-13,3.820999417286682e-18,1.465290909278027e-18
1889,4.858751415155527e-13,3.799247832508403e-18,1.525837606404021e-18
1890,4.835865240697531e-13,3.82181521660504e-18,1.51532693831934e-18
1891,4.982153536159277e-13,3.808108427977914e-18,1.576751055394711e-18
1892,4.818089441456561e-13,3.794182254757485e-18,1.47974419307388e-18
1893,4.818210097858198e-13,3.83919392211023e-18,1.50162413105308e-18
1894,4.825934204173893e-13,3.810017063485177e-18,1.511309000927539e-18
1895,4.720496880105507e-13,3.812769438312122e-18,1.463096298895672e-18
1896,4.813129883368399e-13,3.799474339055099e-18,1.495498110366766e-18
1897,4.758841243875326e-13,3.821987158016324e-18,1.514669497400567e-18
1898,4.797715399456921e-13,3.808115266587046e-18,1.501948394441924e-18
1899,4.800735433763146e-13,3.827997185968102e-18,1.522266091813431e-18
1900,4.894616517446366e-13,3.822733174086124e-18,1.543771918540998e-18
1901,4.744211207178599e-13,3.819151938529723e-18,1.460208920749429e-18
1902,4.817556273566287e-13,3.798336826076313e-18,1.48231102021841e-18
1903,4.824912236088122e-13,3.770140075320111e-18,1.455986220025563e-18
1904,4.773482431000605e-13,3.808757179735907e-18,1.509673961636546e-18
1905,4.669289672814868e-13,3.799828427577216e-18,1.417013610208369e-18
1906,5.045818449971246e-13,3.836872351099867e-18,1.710444472870605e-18
1907,5.120090216512122e-13,3.822968487220927e-18,1.693812726238703e-18
1908,5.008039356422216e-13,3.788765659918148e-18,1.545294773641944e-18
1909,4.941952783444248e-13,3.784531192261069e-18,1.511232665179244e-18
1910,4.884822837549278e-13,3.84860161661309e-18,1.572384042929574e-18
1911,4.980671648582055e-13,3.816143476944634e-18,1.60544301495883e-18
1912,4.767624612251161e-13,3.830635142421387e-18,1.483837371993769e-18
1913,4.825740286396606e-13,3.827287995133754e-18,1.537165752553599e-18
1914,4.917253024722549e-13,3.831763980278934e-18,1.588248430194384e-18
1915,4.764864379910184e-13,3.841731956009334e-18,1.480449831874145e-18
1916,4.803158138337627e-13,3.821149810930383e-18,1.489082316005941e-18
1917,4.816039103026157e-13,3.83002675187222e-18,1.554421068155416e-18
1918,4.7242229699592e-13,3.8032067345587e-18,1.450398000682362e-18
1919,4.745350177994512e-13,3.777170814759619e-18,1.41483331449367e-18
1920,4.853726831929531e-13,3.848309528259688e-18,1.609112397406773e-18
1921,4.844988285000913e-13,3.798846453183606e-18,1.533002213964407e-18
1922,5.041223060918253e-13,3.807797958298418e-18,1.587105808487215e-18
1923,4.923451341503406e-13,3.801907645714501e-18,1.537100359931188e-18
1924,4.805414752691911e-13,3.809261543193505e-18,1.489691802369566e-18
1925,4.848208580927718e-13,3.837975671930561e-18,1.56660658704616e-18
1926,4.73634443560263e-13,3.816709809964515e-18,1.480112852335797e-18
1927,4.834005145935408e-13,3.805268947447112e-18,1.508505067926045e-18
1928,4.847598824831747e-13,3.820680947732975e-18,1.56012079424199e-18
1929,5.295105838926319e-13,3.835705365291788e-18,1.782370011478733e-18
1930,5.02402623058669e-13,3.838906790668084e-18,1.600478882545988e-18
1931,4.988405248617955e-13,3.841739543588422e-18,1.610091770087196e-18
1932,4.883584440183851e-13,3.845889339540846e-18,1.578917757433074e-18
1933,4.713307650970377e-13,3.831772595517265e-18,1.455852463978714e-18
1934,4.695712591557938e-13,3.835480134204035e-18,1.47683537385127e-18
1935,4.661306472663939e-13,3.813661673955511e-18,1.410199040542306e-18
1936,4.652876927815203e-13,3.815215894618881e-18,1.410568979161877e-18
1937,4.691484355932708e-13,3.823977153821103e-18,1.528616125614347e-18
1938,4.767570038896455e-13,3.816640753771193e-18,1.496210002348712e-18
1939,4.811544451618813e-13,3.820309435996797e-18,1.522285154680877e-18
1940,4.835937040056937e-13,3.820520793670899e-18,1.527662080528995e-18
1941,4.766124115863234e-13,3.81828003508854e-18,1.505221473398687e-18
1942,4.839007140790183e-13,3.804028830042131e-18,1.538012329545041e-18
1943,4.804911508136255e-13,3.755420968722434e-18,1.452143080073367e-18
1944,4.815676702530223e-13,3.834809868914659e-18,1.570743829371433e-18
1945,4.945113403821335e-13,3.817421470578906e-18,1.525091972368108e-18
1946,5.076671852129096e-13,3.814139024202531e-18,1.675344773295912e-18
1947,5.000229637171903e-13,3.832919015669364e-18,1.60760284453259e-18
1948,4.82889363240851e-13,3.815288609970023e-18,1.515625606367657e-18
1949,4.809751992043339e-13,3.827767292392203e-18,1.521936198288838e-18
1950,4.816686246275676e-13,3.812727687582498e-18,1.514336930323278e-18
1951,5.017356467914986e-13,3.817119609411718e-18,1.605396417309726e-18
1952,4.829242830232251e-13,3.825486952324041e-18,1.513000523363716e-18
1953,4.878766699020649e-13,3.824192399401533e-18,1.52508538634047e-18
1954,4.868969581851582e-13,3.839073152580941e-18,1.55250003800392e-18
1955,4.888252417325461e-13,3.827263525770935e-18,1.554277878753064e-18
1956,4.984714247709705e-13,3.835385732153376e-18,1.618512744376005e-18
1957,4.879805219824088e-13,3.801144484614973e-18,1.509340257452548e-18
1958,4.844231277982959e-13,3.822254706488332e-18,1.532224350044619e-18
1959,4.723120160998564e-13,3.834585564644163e-18,1.449182790381963e-18
1960,4.848462918934154e-13,3.809469613703562e-18,1.53848699102935e-18
1961,4.797398462582599e-13,3.819649555855625e-18,1.504487913477471e-18
1962,4.872299225172258e-13,3.818049257461082e-18,1.547508167884592e-18
1963,4.809891168164005e-13,3.783186007192616e-18,1.511574057927536e-18
1964,4.736432601083239e-13,3.81039509751056e-18,1.466661815651346e-18
1965,4.783876030280423e-13,3.841157342857125e-18,1.538330172428376e-18
1966,4.921100534428071e-13,3.794151167262554e-18,1.603741211620856e-18
1967,5.041265133857475e-13,3.809178473895051e-18,1.682493169747711e-18
1968,4.95814902554953e-13,3.837746539563146e-18,1.590315611881779e-18
1969,4.848000525948215e-13,3.83381253280678e-18,1.538263591426337e-18
1970,4.874409735922808e-13,3.801183121497507e-18,1.493778503874167e-18
1971,4.820386731181432e-13,3.782624986590682e-18,1.450087478597465e-18
1972,5.140567513146098e-13,3.847737085991601e-18,1.701500476373451e-18
1973,5.07153230532072e-13,3.830572304684995e-18,1.622667330940379e-18
1974,4.904186662198956e-13,3.859306620920987e-18,1.518629423013651e-18
1975,4.885475568335106e-13,3.849452787782355e-18,1.574419538575436e-18
1976,4.70957398816541e-13,3.822842935214379e-18,1.446592769086206e-18
1977,4.748093100199673e-13,3.817158875388384e-18,1.514608882002971e-18
1978,4.816857089388019e-13,3.81715709775475e-18,1.521296431986537e-18
1979,4.84123405257466e-13,3.826350043633184e-18,1.497346872489279e-18
1980,4.900325275224619e-13,3.823303327802927e-18,1.563632620961084e-18
1981,5.120589742670881e-13,3.825404756039158e-18,1.694673333661573e-18
1982,5.218255516426927e-13,3.8450140044044e-18,1.773858172443138e-18
1983,5.047158503678232e-13,3.792224861994544e-18,1.551432793608042e-18
1984,5.033067161174921e-13,3.845080712189087e-18,1.628575547237345e-18
1985,4.85177004710149e-13,3.834192207596711e-18,1.520847358350626e-18
1986,4.937313359054072e-13,3.819403121814876e-18,1.560436538155328e-18
1987,5.121996418975106e-13,3.85489588139336e-18,1.727963771298272e-18
1988,4.952886508932254e-13,3.832152471664422e-18,1.590612936509446e-18
1989,4.966854076110916e-13,3.838665128071388e-18,1.639177514019688e-18
1990,4.920550161605561e-13,3.818111675891124e-18,1.576020334227995e-18
1991,4.832616389916013e-13,3.80509415584389e-18,1.50016510736835e-18
1992,4.762754124370579e-13,3.822065037780355e-18,1.502548464830733e-18
1993,4.945122304417174e-13,3.815054560930793e-18,1.585327442553347e-18
1994,4.970833269624712e-13,3.831337746371389e-18,1.609145758101258e-18
1995,4.887572101335716e-13,3.827580163020637e-18,1.524961982038829e-18
1996,4.766828101864622e-13,3.850045353404796e-18,1.456257325806508e-18
1997,4.906165479537587e-13,3.859882065525026e-18,1.629173829913458e-18
1998,4.892452698641344e-13,3.830784415248673e-18,1.582636340819928e-18
1999,4.799413172517251e-13,3.845493172228904e-18,1.525970788865228e-18
2000,4.802511879853782e-13,3.824866768217576e-18,1.56009902168187e-18
