{
  "uin": 0.5,
  "n_iter": 200,
  "inlet": "inlet",
  "outlet": "outlet",
  "p_in_Pa": 101327.9993503963,
  "p_out_Pa": 101325.0,
  "dp_Pa": 2.99935039630509,
  "mdot_in_kgps": 0.0006125000000061251,
  "mdot_out_kgps": -0.0006063344135084197,
  "mdot_in_abs_kgps": 0.0006125000000061251,
  "mdot_out_abs_kgps": 0.0006063344135084197
}