iter,continuity,x-velocity,y-velocity
1,1.0,0.000368146780595106,4.399322201081145e-05
2,0.5249525093674632,0.0002188962521177106,2.027167271689337e-05
3,0.3613820656539939,0.0001308131303029381,1.038073457463741e-05
4,0.239764890843215,8.390720624889346e-05,5.883344860324191e-06
5,0.163539058522322,5.584359074820339e-05,3.721577652099187e-06
6,0.1212218919865635,3.82502004829626e-05,2.603291425333524e-06
7,0.1024804046753604,2.745898590955812e-05,1.972883827626466e-06
8,0.0877298539489672,2.07685091184466e-05,1.594512528352006e-06
9,0.07327730656787208,1.662832488981361e-05,1.355309480032767e-06
10,0.06052393386599926,1.396492075552326e-05,1.200149169322006e-06
11,0.05010254152982799,1.213501274205884e-05,1.087886535684994e-06
12,0.04167120552969187,1.077789341980564e-05,9.974894892380968e-07
13,0.0356413316251424,9.754375064669474e-06,9.213226834772547e-07
14,0.03039667153748129,8.926609814918118e-06,8.499360674061118e-07
15,0.02610389412553939,8.230654018112119e-06,7.852132611758193e-07
16,0.02250832492444609,7.632710660369718e-06,7.278727004498917e-07
17,0.01951609278496479,7.103970006540186e-06,6.77250082948986e-07
18,0.01709927105947568,6.636052679815078e-06,6.318829946737705e-07
19,0.01517594291771027,6.213244120116656e-06,5.911588926378313e-07
20,0.013574353469665,5.830786207723349e-06,5.542944954120399e-07
21,0.0121944512115111,5.480553978617792e-06,5.206763812290231e-07
22,0.01106134088935928,5.15936674319374e-06,4.89765649716491e-07
23,0.01010016706504531,4.861413137204445e-06,4.608903969378994e-07
24,0.009908990110697553,4.584641302487298e-06,4.375867986704148e-07
25,0.008878344665776123,4.331243254170644e-06,4.116960349305772e-07
26,0.008130956566155149,4.093679792020521e-06,3.887753179787262e-07
27,0.00805071126357423,3.869972571882917e-06,3.704437200459509e-07
28,0.007848826878140178,3.662188833993407e-06,3.528296726519435e-07
29,0.007558720269890716,3.468250989004504e-06,3.356072487904568e-07
30,0.007224259112220501,3.286890300800367e-06,3.190228059000665e-07
31,0.006888210740639017,3.116469808706327e-06,3.031772819511652e-07
32,0.006550348087781582,2.956337580234574e-06,2.881176993877803e-07
33,0.006214456188185028,2.80521064543845e-06,2.738065118754365e-07
34,0.005891857799190895,2.662954426311785e-06,2.602455071456501e-07
35,0.005595001101437976,2.52875294149798e-06,2.474026964478204e-07
36,0.00531365042074078,2.401806582196307e-06,2.352417652173776e-07
37,0.00505606514423364,2.281725134312521e-06,2.23749155086381e-07
38,0.004824360585807614,2.167990946198064e-06,2.12880479755456e-07
39,0.004615000573545892,2.060536480690028e-06,2.025605773535398e-07
40,0.004421259430639502,1.958847622517322e-06,1.927674333661105e-07
41,0.004241286951483533,1.862440082940445e-06,1.835025869989662e-07
42,0.004066151934892666,1.771068800624393e-06,1.747079879204748e-07
43,0.003904874406796612,1.684387543390936e-06,1.663578425664321e-07
44,0.003754921200714233,1.602187166002193e-06,1.584112555696843e-07
45,0.003614205987562462,1.524097734058501e-06,1.508531333005041e-07
46,0.003482982542119669,1.450056106410805e-06,1.43691981988151e-07
47,0.003354072613681789,1.379849525404817e-06,1.36834893103272e-07
48,0.003231439616786501,1.31315549818893e-06,1.303094103530572e-07
49,0.003108455953478379,1.249725113079523e-06,1.240900478321281e-07
50,0.002994952436718408,1.189502859509872e-06,1.181803135729676e-07
51,0.002887143848375481,1.132207606842252e-06,1.12550002944806e-07
52,0.002775124011510365,1.077762437289289e-06,1.07172578554878e-07
53,0.002664364283175413,1.026021956133204e-06,1.020797208584365e-07
54,0.002551977124643427,9.768534525789062e-07,9.722751307363414e-08
55,0.002449852879043648,9.300751730908092e-07,9.264010297081207e-08
56,0.00234283226578692,8.856485030464444e-07,8.824741021084103e-08
57,0.002244664225556668,8.43423192853166e-07,8.407827921133651e-08
58,0.002147396028087199,8.032914273878031e-07,8.012679174826399e-08
59,0.002052302491749937,7.651591312301547e-07,7.636594663235888e-08
60,0.001957551373639216,7.28856185180718e-07,7.277890825362738e-08
61,0.00187201117676062,6.943711364430406e-07,6.942994507858545e-08
62,0.001789723932738956,6.616019792478733e-07,6.623065203536724e-08
63,0.00170554418526778,6.304324318338744e-07,6.317964694840973e-08
64,0.001629517091042871,6.008040377260525e-07,6.02983958759779e-08
65,0.00155844799371358,5.726846332633695e-07,5.757155795126999e-08
66,0.001488298569729087,5.45892715382448e-07,5.497686672378643e-08
67,0.001409129115705003,5.204064906211895e-07,5.249553445335662e-08
68,0.001346220635335581,4.961893544845875e-07,5.016260658837191e-08
69,0.001283207968654611,4.731912290878312e-07,4.794345667165447e-08
70,0.001220737471139096,4.513283035179812e-07,4.582870559015341e-08
71,0.001161450249557715,4.305278282995242e-07,4.382229465250244e-08
72,0.001102971782398257,4.107327483264962e-07,4.190174638812734e-08
73,0.001048835393794363,3.918809516095808e-07,4.009952565881828e-08
74,0.0009985368190576474,3.73937306204367e-07,3.83789997102902e-08
75,0.0009499576423454559,3.568912166829408e-07,3.675381888441679e-08
76,0.0009032661245409822,3.406895255658569e-07,3.519735599124263e-08
77,0.0008599169672718436,3.252673903443048e-07,3.372578686952462e-08
78,0.0008183092306652586,3.105849710925867e-07,3.232598653244663e-08
79,0.0007783045939520909,2.96618863049117e-07,3.099556515646819e-08
80,0.0007409367686665286,2.833330568542841e-07,2.974566041089674e-08
81,0.0007034342946679172,2.706875695250882e-07,2.854183650345179e-08
82,0.0006707341703062734,2.586562766958005e-07,2.739579289165325e-08
83,0.0006419769398158487,2.472228223492059e-07,2.632106357718456e-08
84,0.0006091019502099334,2.363389501577447e-07,2.529125368956651e-08
85,0.0005807778350082212,2.259855025825812e-07,2.43025627467865e-08
86,0.00055467079070525,2.161371978044512e-07,2.337741480082774e-08
87,0.0005300599349975947,2.067356025737323e-07,2.249698781259592e-08
88,0.0005037908237446283,1.97806763849778e-07,2.165620987034703e-08
89,0.0004810645746355438,1.893264051890607e-07,2.086460994840508e-08
90,0.0004597542773095179,1.812629690767277e-07,2.011071625945372e-08
91,0.0004393290513347761,1.73617574132926e-07,1.938391915708159e-08
92,0.0004177036077519005,1.663402260670575e-07,1.869349250440636e-08
93,0.0004007276251736249,1.594373924189146e-07,1.803841330323989e-08
94,0.000384281234041305,1.528581995493483e-07,1.741456119660029e-08
95,0.0003664862270306822,1.465793648951338e-07,1.681693606367885e-08
96,0.0003488037919447538,1.405925423206865e-07,1.624923027418264e-08
97,0.0003333519146107729,1.348843762923759e-07,1.570280846483892e-08
98,0.0003204196536415254,1.294422876368217e-07,1.518464758321681e-08
99,0.0003081339876093282,1.242530261929305e-07,1.468964397760852e-08
100,0.0002952955440435517,1.193030081186057e-07,1.421684393350448e-08
101,0.0002842373638080308,1.145770960783216e-07,1.376490397497442e-08
102,0.0002747023045015217,1.100718326380934e-07,1.333448896055289e-08
103,0.0002658681613142888,1.057683377586874e-07,1.292374405266929e-08
104,0.0002567030575199147,1.016602216929602e-07,1.252310229281109e-08
105,0.0002494958520878999,9.774284176275749e-08,1.214775016631606e-08
106,0.0002393340440176991,9.399836384471775e-08,1.178662075713305e-08
107,0.0002293873782673098,9.042611448507558e-08,1.144270659010273e-08
108,0.0002227368692157046,8.701613389165827e-08,1.111337069439688e-08
109,0.0002154423399397721,8.375983787519666e-08,1.079412491665206e-08
110,0.0002073883486420673,8.065022268068388e-08,1.048833724120203e-08
111,0.0002003979107336327,7.767828924127354e-08,1.019211555006218e-08
112,0.0001945201194781966,7.484218076646638e-08,9.904932838982586e-09
113,0.0001890325795823444,7.213994631201932e-08,9.63251869745003e-09
114,0.0001830826711131463,6.955574262138175e-08,9.367561895662746e-09
115,0.0001772171525942177,6.708647048462366e-08,9.111768585779784e-09
116,0.0001718738252790234,6.472605432968155e-08,8.866456496468003e-09
117,0.0001657125586132145,6.246656481414593e-08,8.630566076571135e-09
118,0.0001596926684645228,6.030464011993527e-08,8.401189957029143e-09
119,0.0001546588469857677,5.824048430534615e-08,8.175025606848258e-09
120,0.0001504396344841432,5.626618947569045e-08,7.95768780858263e-09
121,0.0001466093589934114,5.437791417820975e-08,7.74572902849159e-09
122,0.0001431562561641148,5.25739390873608e-08,7.538163098392077e-09
123,0.0001389680920007741,5.084921088351024e-08,7.33617492228392e-09
124,0.0001348120762605808,4.920183503762391e-08,7.140383459389181e-09
125,0.0001297517314997976,4.762412444212199e-08,6.94684828621863e-09
126,0.0001253934046959648,4.61111147400754e-08,6.756667535526224e-09
127,0.0001216306880776912,4.466689913111505e-08,6.567836456765386e-09
128,0.0001180930460775078,4.328720181811284e-08,6.383143236195278e-09
129,0.0001150678013925747,4.196676355456999e-08,6.203033258783026e-09
130,0.0001119835698661566,4.070244002080103e-08,6.025854909387917e-09
131,0.0001088022281665149,3.949294173829059e-08,5.853145267950864e-09
132,0.0001060804140389037,3.833272531923031e-08,5.683736023079055e-09
133,0.0001036856577594119,3.721885067274926e-08,5.516815774339473e-09
134,0.0001009698848452539,3.61502592627407e-08,5.354120453866661e-09
135,9.719689614627605e-05,3.512306975844069e-08,5.195662309745559e-09
136,9.367376090035136e-05,3.413734110137541e-08,5.043811513215304e-09
137,9.085672120772622e-05,3.319274030340413e-08,4.891010861893894e-09
138,8.841975117292238e-05,3.228457893468797e-08,4.741157490163915e-09
139,8.600534448039195e-05,3.141221659680793e-08,4.595370524880289e-09
140,8.337829173549301e-05,3.05725468786247e-08,4.450903740036761e-09
141,8.107356549405122e-05,2.976412627665304e-08,4.310796917851254e-09
142,7.906819913465939e-05,2.89841950449989e-08,4.172902654407894e-09
143,7.689906236712902e-05,2.822987482649269e-08,4.037908744898963e-09
144,7.432616386928117e-05,2.750001216113595e-08,3.906338207571899e-09
145,7.221842612221089e-05,2.679517190651828e-08,3.779791353375953e-09
146,7.060609465846112e-05,2.611549977984381e-08,3.658329114678924e-09
147,6.910157978427722e-05,2.545676794943804e-08,3.539092390659036e-09
148,6.758671086883644e-05,2.481766361901655e-08,3.423706371107847e-09
149,6.656977246803381e-05,2.41952039306982e-08,3.311892702862356e-09
150,6.558544839342636e-05,2.358788215649596e-08,3.202953996829123e-09
151,6.431402320655707e-05,2.299300874034118e-08,3.0951295005998e-09
152,6.30335060829841e-05,2.240973759987075e-08,2.986446821199693e-09
153,6.206809709743953e-05,2.183982459927371e-08,2.879601775196164e-09
154,6.19937658595296e-05,2.128555045160911e-08,2.780488250465979e-09
155,6.192500084490765e-05,2.074319676273177e-08,2.684011141729385e-09
156,6.173284896442952e-05,2.021360477370425e-08,2.594984125327377e-09
157,6.125158392366876e-05,1.969584916077114e-08,2.51066119685775e-09
158,6.022487130079823e-05,1.918639277474346e-08,2.429932570597029e-09
159,5.863300652822353e-05,1.868524198088558e-08,2.350863242521076e-09
160,5.674036924623842e-05,1.819298943224466e-08,2.272332658281143e-09
161,5.458418753527961e-05,1.770942568556214e-08,2.194931121003572e-09
162,5.218571039634576e-05,1.72337109419182e-08,2.118207263194029e-09
163,4.972596813957245e-05,1.676766283619533e-08,2.044766291795755e-09
164,4.741198127571424e-05,1.631220077229176e-08,1.973642985175549e-09
165,4.509641936112806e-05,1.586595390772033e-08,1.904542422593447e-09
166,4.309964825182349e-05,1.542955204767804e-08,1.83930179308085e-09
167,4.13019539117245e-05,1.500316271873003e-08,1.776658870662237e-09
168,3.946802170250749e-05,1.458399747208194e-08,1.715307878702881e-09
169,3.793395366459183e-05,1.417576530694733e-08,1.657900786525228e-09
170,3.649378299846171e-05,1.377766159284092e-08,1.603017730888424e-09
171,3.519505700246178e-05,1.338833208555925e-08,1.55070592339683e-09
172,3.392647919594474e-05,1.300764526958779e-08,1.500843064396794e-09
173,3.277610887365248e-05,1.26356887464066e-08,1.453527195031555e-09
174,3.171670985328191e-05,1.227251044902101e-08,1.408310937970896e-09
175,3.058895206513291e-05,1.191698383622361e-08,1.364493097692215e-09
176,2.960244902952989e-05,1.156969180873384e-08,1.323587260614902e-09
177,2.862963440691657e-05,1.123079596485707e-08,1.284213910946736e-09
178,2.752171097626095e-05,1.08990835198584e-08,1.246223150765677e-09
179,2.65457756756457e-05,1.057584086264708e-08,1.210248130883479e-09
180,2.56820047113902e-05,1.026055945195276e-08,1.175373060966039e-09
181,2.487236548317616e-05,9.952377731132014e-09,1.142184375564097e-09
182,2.417338589028198e-05,9.651682025320787e-09,1.111169890607558e-09
183,2.359737376349599e-05,9.359442080099336e-09,1.082361532104951e-09
184,2.29472986546197e-05,9.07429542061171e-09,1.05392641721685e-09
185,2.227148852020516e-05,8.796179511754039e-09,1.026467886904972e-09
186,2.157942635839687e-05,8.525099698977316e-09,1.00076650491143e-09
187,2.095490034305423e-05,8.260914879599155e-09,9.762221611458295e-10
188,2.035847422403009e-05,8.003553291500959e-09,9.525301073224417e-10
189,1.975924784746347e-05,7.75301950512607e-09,9.297363324220476e-10
190,1.912679539590255e-05,7.509159340519714e-09,9.082714824552059e-10
191,1.852469013319748e-05,7.271941460538062e-09,8.880607769905449e-10
192,1.796333362387621e-05,7.041023319100515e-09,8.685586838127841e-10
193,1.740274011084208e-05,6.816358455658152e-09,8.499798474116676e-10
194,1.681874353631002e-05,6.598532133186292e-09,8.321489617440239e-10
195,1.630062406087385e-05,6.38641184177188e-09,8.152216503085839e-10
196,1.580593377811086e-05,6.180470135587538e-09,7.986427933649868e-10
197,1.533478751329966e-05,5.980069479062395e-09,7.82273747505732e-10
198,1.487632360184703e-05,5.78491285247397e-09,7.66195802303623e-10
199,1.446676692496457e-05,5.595063061133782e-09,7.503565327989449e-10
200,1.406304937695239e-05,5.41041568007989e-09,7.345645909741714e-10
201,1.36537313965887e-05,5.230924701808016e-09,7.1870892435046e-10
202,1.319656634884e-05,5.056548322869757e-09,7.023960101354185e-10
203,1.271755984339576e-05,4.887346686426367e-09,6.864648901734237e-10
204,1.228638246264366e-05,4.72335849035582e-09,6.70953524847784e-10
205,1.185760226088548e-05,4.56419082162472e-09,6.554531888168717e-10
206,1.145050925355133e-05,4.409793413198483e-09,6.402481293234668e-10
207,1.107988549658761e-05,4.260191302165818e-09,6.251979116282092e-10
208,1.072690574372541e-05,4.115092571824796e-09,6.101386866435387e-10
209,1.038504183746995e-05,3.974458602981804e-09,5.952688590184688e-10
210,1.003729723915402e-05,3.837988432042623e-09,5.804936633796324e-10
211,9.704709415678893e-06,3.705737318118525e-09,5.659622484268664e-10
212,9.381354758090116e-06,3.57768721798502e-09,5.516429881448907e-10
213,9.074967403299068e-06,3.453516871674052e-09,5.375214796920214e-10
214,8.775636095022036e-06,3.333175844391712e-09,5.23596759535483e-10
215,8.482981887583263e-06,3.216598848887154e-09,5.098722544622758e-10
216,8.196386048134977e-06,3.103665226602126e-09,4.963405311982362e-10
217,7.921255035105221e-06,2.994380615696789e-09,4.831021889296908e-10
218,7.655795136804634e-06,2.888569686793495e-09,4.700322923912694e-10
219,7.40026139166711e-06,2.786158705100838e-09,4.572109720469657e-10
220,7.148347149349361e-06,2.687059961724384e-09,4.446129391965115e-10
221,6.907499636380065e-06,2.591163013295959e-09,4.322376489516501e-10
222,6.675520908273442e-06,2.498380913475638e-09,4.200948552673308e-10
223,6.44620291074677e-06,2.408627502572562e-09,4.081896307076734e-10
224,6.223768670694946e-06,2.321815753433381e-09,3.965141234439754e-10
225,6.012216491591574e-06,2.237865673690392e-09,3.85072728229882e-10
226,5.808501012780488e-06,2.156698770371787e-09,3.738684970480772e-10
227,5.611078923981733e-06,2.078236972422055e-09,3.628995171352988e-10
228,5.420237154318101e-06,2.00240263693983e-09,3.52165442526998e-10
229,5.236098654663685e-06,1.929119303578426e-09,3.416663465314607e-10
230,5.059581971675789e-06,1.858316434663111e-09,3.314040531370732e-10
231,4.888035852739904e-06,1.789910319467194e-09,3.213735429132967e-10
232,4.721212374752194e-06,1.723834027992962e-09,3.115744203875656e-10
233,4.55887113929308e-06,1.66001821050946e-09,3.020053941515722e-10
234,4.398787286263741e-06,1.598394599395757e-09,2.926647144422163e-10
235,4.244933503575144e-06,1.538895817919979e-09,2.835506833309029e-10
236,4.097747331528142e-06,1.481457354083825e-09,2.74661076020887e-10
237,3.956114743895446e-06,1.426015552005289e-09,2.659942886878059e-10
238,3.818503620640843e-06,1.372508653003242e-09,2.575477384940812e-10
239,3.686139972423078e-06,1.320876267430713e-09,2.493149312015662e-10
240,3.556502748549912e-06,1.271059567420825e-09,2.412998261420321e-10
241,3.431059527452508e-06,1.222997537050373e-09,2.334974720702819e-10
242,3.309727237705173e-06,1.176630978273874e-09,2.258842014403467e-10
243,3.191692006919444e-06,1.13192122151433e-09,2.18501378201213e-10
244,3.07800793834831e-06,1.088809595953955e-09,2.11313648193486e-10
245,2.967806921131811e-06,1.047241750163828e-09,2.043216048181625e-10
246,2.86191149483238e-06,1.007167779942723e-09,1.975230642846796e-10
247,2.759256952850283e-06,9.685378178601084e-10,1.909150738457908e-10
248,2.660640075595271e-06,9.313053399403571e-10,1.844945008257167e-10
249,2.565083171669366e-06,8.954239205045872e-10,1.782579840260581e-10
250,2.472253004613763e-06,8.608488076509583e-10,1.72202227520377e-10
251,2.382672704541641e-06,8.27536525249816e-10,1.663236876277804e-10
252,2.296140399507751e-06,7.954447129738798e-10,1.606187190319217e-10
253,2.21242913731064e-06,7.645324920373534e-10,1.550835100368429e-10
254,2.131581406169358e-06,7.347600182132823e-10,1.497138634687226e-10
255,2.053242265675778e-06,7.060884222179182e-10,1.445059273443768e-10
256,1.977587389586723e-06,6.78480143622234e-10,1.394575735291277e-10
257,1.904661750229177e-06,6.518986820966823e-10,1.345652701408704e-10
258,1.833768193809472e-06,6.263046607709085e-10,1.298159967507e-10
259,1.765408363458792e-06,6.016707238743298e-10,1.252276313598667e-10
260,1.699438994167921e-06,5.779617258664883e-10,1.207815436214223e-10
261,1.636003044818562e-06,5.551454004070592e-10,1.164752728195389e-10
262,1.575090230779597e-06,5.331898195630494e-10,1.123058813259823e-10
263,1.51629505311319e-06,5.120634535959118e-10,1.082701895371757e-10
264,1.459428459514234e-06,4.917376294281337e-10,1.04364819686476e-10
265,1.404637619919562e-06,4.721846665887835e-10,1.005864192774797e-10
266,1.351696928695473e-06,4.533767219586482e-10,9.693165874216666e-11
267,1.300759635919953e-06,4.352872633236982e-10,9.339721819660591e-11
268,1.251596729548181e-06,4.178905978825106e-10,8.997982873611176e-11
269,1.204269528732496e-06,4.01161725179345e-10,8.667627766115487e-11
270,1.158499673445451e-06,3.85076615146898e-10,8.348339590809298e-11
271,1.114380163579724e-06,3.696119745646982e-10,8.039806777343333e-11
272,1.071869778469559e-06,3.54745247017659e-10,7.741723864327698e-11
273,1.030928333315854e-06,3.404554161577276e-10,7.453743836214868e-11
274,9.914888807828402e-07,3.267240362150992e-10,7.175162594622356e-11
275,9.53382794973617e-07,3.135241715646142e-10,6.906455944392362e-11
276,9.165592309365856e-07,3.00838649516589e-10,6.647418331378327e-11
277,8.813177174997897e-07,2.886488051212801e-10,6.397325988870579e-11
278,8.475129259864435e-07,2.769368115493389e-10,6.155926153376685e-11
279,8.148277909664876e-07,2.656844617594463e-10,5.922969579601878e-11
280,7.831349708908607e-07,2.548742677023296e-10,5.698203536009075e-11
281,7.524356181435664e-07,2.444897605341562e-10,5.4813796390562e-11
282,7.232770957938998e-07,2.345150251212753e-10,5.272250454699709e-11
283,6.951972284185857e-07,2.249345597856186e-10,5.07057489782661e-11
284,6.680476825558326e-07,2.157327546673071e-10,4.876011956970435e-11
285,6.418271601263382e-07,2.068957454604622e-10,4.688482493524809e-11
286,6.165099031613277e-07,1.984108134788269e-10,4.507872722061072e-11
287,5.922358998172302e-07,1.902636345027677e-10,4.333779939465167e-11
288,5.689258315981458e-07,1.824413669671371e-10,4.165995203324077e-11
289,5.464955870302743e-07,1.74931401426134e-10,4.004319313931629e-11
290,5.248982023317891e-07,1.677218478171601e-10,3.84855792337859e-11
291,5.040941088888242e-07,1.608011949372437e-10,3.698518429950985e-11
292,4.840917433566869e-07,1.541583344213393e-10,3.55400991853427e-11
293,4.647283005275397e-07,1.477825508930585e-10,3.41484919755369e-11
294,4.461948357556499e-07,1.416635261102471e-10,3.280854413255372e-11
295,4.283861297594218e-07,1.357911990633423e-10,3.151850014855637e-11
296,4.113394387875285e-07,1.301560674528679e-10,3.027665007252071e-11
297,3.949634461998407e-07,1.247489623651169e-10,2.908133242244697e-11
298,3.791809600523595e-07,1.195609587760244e-10,2.793093538704249e-11
299,3.639681269456297e-07,1.145834890583392e-10,2.682390032775466e-11
300,3.493286011478749e-07,1.098082960982332e-10,2.575871369616092e-11
301,3.352623419099428e-07,1.052274237408533e-10,2.473391073518118e-11
302,3.216718643617858e-07,1.008332300276125e-10,2.374807544933468e-11
303,3.086286166497755e-07,9.661834523814103e-11,2.279982457172882e-11
304,2.961287076772224e-07,9.25756882079517e-11,2.188782371524014e-11
305,2.841385274384384e-07,8.869854605387959e-11,2.10107762960904e-11
306,2.726195122875644e-07,8.49804925853769e-11,2.016743107306952e-11
307,2.615473012475918e-07,8.141483064426973e-11,1.935659611045659e-11
308,2.508999432725169e-07,7.799555423685852e-11,1.85770809169508e-11
309,2.406682838956696e-07,7.47168601008261e-11,1.782774050374897e-11
310,2.308388275293847e-07,7.157315241097655e-11,1.710747852328428e-11
311,2.213944027494607e-07,6.855904172459621e-11,1.64152384378813e-11
312,2.123102088901854e-07,6.566921949851488e-11,1.574998483430393e-11
313,2.035607422395954e-07,6.28986770384918e-11,1.511072926089028e-11
314,1.951829804149901e-07,6.024334150272657e-11,1.449652076536182e-11
315,1.871184807853862e-07,5.769788826888816e-11,1.39064199738975e-11
316,1.793789584718245e-07,5.525794215091155e-11,1.333952452097294e-11
317,1.719830744210326e-07,5.291924177356159e-11,1.279496695969355e-11
318,1.648897291031579e-07,5.067770171692752e-11,1.227191179059377e-11
319,1.58070851657163e-07,4.852940508932039e-11,1.176955361209317e-11
320,1.515319096007467e-07,4.647057816927372e-11,1.128711535512622e-11
321,1.452681691998017e-07,4.449758677520687e-11,1.082384210946296e-11
322,1.392522537922137e-07,4.260693869615361e-11,1.037900614707086e-11
323,1.334717830367372e-07,4.079527831209114e-11,9.951906654196928e-12
324,1.279253197713677e-07,3.9059382093141e-11,9.541867500803994e-12
325,1.2260843040933e-07,3.739615336712479e-11,9.148236558445328e-12
326,1.175059110584341e-07,3.580261801716065e-11,8.770384959002245e-12
327,1.126068823541532e-07,3.427591952507203e-11,8.407706191129485e-12
328,1.079068469228333e-07,3.281331472443581e-11,8.059616681246761e-12
329,1.034012886119867e-07,3.141216951355823e-11,7.725552113361917e-12
330,9.90792665596585e-08,3.006995483237695e-11,7.404968633134019e-12
331,9.493361691401235e-08,2.878424268372033e-11,7.097342949152358e-12
332,9.095745084153809e-08,2.755270354622554e-11,6.802173477282001e-12
333,8.714395320999064e-08,2.637309900882683e-11,6.518971880842274e-12
334,8.348679338596453e-08,2.524328132660635e-11,6.247271399358384e-12
335,7.997978991530532e-08,2.416118951981308e-11,5.986620905754033e-12
336,7.661697784635097e-08,2.31248456579956e-11,5.736586655314788e-12
337,7.339262155049914e-08,2.213235161068753e-11,5.496750370524842e-12
338,7.03011868653587e-08,2.118188595609847e-11,5.266710049561034e-12
339,6.73373789225601e-08,2.027170107400097e-11,5.046079273167659e-12
340,6.449228878864773e-08,1.94001201687919e-11,4.83448549231342e-12
341,6.175835751334276e-08,1.856553454295458e-11,4.631569831226176e-12
342,5.91482244123873e-08,1.77664008271513e-11,4.436987440997258e-12
343,5.663999997833045e-08,1.700123902788315e-11,4.250406461235349e-12
344,5.424417100568639e-08,1.626862897253521e-11,4.071507682889983e-12
345,5.195063406192293e-08,1.556720856705852e-11,3.899984238970323e-12
346,4.975306313266305e-08,1.489567132166485e-11,3.735540884394301e-12
347,4.764459816415717e-08,1.425276430620944e-11,3.577893654172076e-12
348,4.56230208274244e-08,1.363728602347298e-11,3.426769492602587e-12
349,4.368518470132534e-08,1.304808432687172e-11,3.281905887220752e-12
350,4.182792468805525e-08,1.248405444502207e-11,3.143050422939587e-12
351,4.004813003784236e-08,1.194413712803868e-11,3.009960515197653e-12
352,3.834254484428349e-08,1.142731676659826e-11,2.882403040579204e-12
353,3.670812575406115e-08,1.093261965062592e-11,2.760154156027635e-12
354,3.514226703920119e-08,1.045911230949771e-11,2.642998136001196e-12
355,3.364218266135126e-08,1.000589995988643e-11,2.530728421838058e-12
356,3.22052201531447e-08,9.572124822806663e-12,2.423145762961126e-12
357,3.08287029919878e-08,9.156964684047342e-12,2.320059124885784e-12
358,2.951012624008197e-08,8.759631432040044e-12,2.221285370277687e-12
359,2.824710447317974e-08,8.37936981135328e-12,2.12664811473222e-12
360,2.703735584187139e-08,8.015456044225474e-12,2.035977877751817e-12
361,2.587868076293129e-08,7.66719658821201e-12,1.949112127572859e-12
362,2.476896658353791e-08,7.333926233598372e-12,1.865894528096435e-12
363,2.370618054486053e-08,7.015007932459057e-12,1.786175190280312e-12
364,2.26883767973353e-08,6.709831257969807e-12,1.70981013354336e-12
365,2.17136883107166e-08,6.417811270969002e-12,1.636661196086013e-12
366,2.078032590179746e-08,6.138387567900202e-12,1.566595690048563e-12
367,1.988655427222154e-08,5.871023478127787e-12,1.499486244704378e-12
368,1.903073838355421e-08,5.615204512378148e-12,1.435210752828536e-12
369,1.821128388729209e-08,5.370437641691497e-12,1.373652001252818e-12
370,1.742667930712157e-08,5.136250783377717e-12,1.314697103413326e-12
371,1.667546689069384e-08,4.912191802116145e-12,1.258237997553404e-12
372,1.595624477605132e-08,4.697827485269954e-12,1.204170964931024e-12
373,1.526767227501845e-08,4.492742759828359e-12,1.152396570768285e-12
374,1.460847484874252e-08,4.296540222838043e-12,1.102819423055959e-12
375,1.397740516661573e-08,4.108839191231421e-12,1.05534789520002e-12
376,1.337329176526474e-08,3.929275103161536e-12,1.009894026709762e-12
377,1.27949981412314e-08,3.757498948958694e-12,9.663735422238135e-13
378,1.224143834420292e-08,3.59317637255041e-12,9.247055526326056e-13
379,1.171155900840459e-08,3.435987038292924e-12,8.848125226430162e-13
380,1.120437935845041e-08,3.285624240272129e-12,8.466200992942026e-13
381,1.07189293940873e-08,3.14179441324807e-12,8.100569167538892e-13
382,1.025391833675081e-08,3.004216410337677e-12,7.750546003978574e-13
383,9.808057025952773e-09,2.872620967800781e-12,7.415475296034127e-13
384,9.382962141652104e-09,2.746750316883911e-12,7.094728210104483e-13
385,8.975965791347399e-09,2.626357667951243e-12,6.787701763469531e-13
386,8.58635485834558e-09,2.511206796708564e-12,6.493817470453999e-13
387,8.21342209444629e-09,2.401071445130273e-12,6.212521631093943e-13
388,7.856499882617765e-09,2.295735038352162e-12,5.943282799183975e-13
389,7.514912200881012e-09,2.194990287370152e-12,5.6855913779461e-13
390,7.188031453968895e-09,2.09863869000311e-12,5.438958363703364e-13
391,6.875231999258196e-09,2.006490302011586e-12,5.202916303808837e-13
392,6.575919751212054e-09,1.918363245844726e-12,4.977016362571278e-13
393,6.289520414430498e-09,1.834083456632121e-12,4.760828435125019e-13
394,6.015487452217818e-09,1.753484306248606e-12,4.553940671883528e-13
395,5.7532885915831e-09,1.676406317853299e-12,4.355958194752276e-13
396,5.502423859401049e-09,1.602696853650679e-12,4.166502153480422e-13
397,5.262406238244051e-09,1.532209822247152e-12,3.985210406407916e-13
398,5.032767220737471e-09,1.464805422812618e-12,3.811735339899315e-13
399,4.81307147904549e-09,1.400349816415179e-12,3.645743785283996e-13
400,4.602893958743967e-09,1.338714944623684e-12,3.48691723418581e-13
401,4.401814709020419e-09,1.279778246176392e-12,3.334949532303032e-13
402,4.209457395117446e-09,1.223422440994017e-12,3.189548372724636e-13
403,4.025438188544359e-09,1.169535305327339e-12,3.050432971827821e-13
404,3.84940611008484e-09,1.118009466058741e-12,2.91733480283835e-13
405,3.681012853956217e-09,1.068742115339704e-12,2.789996664415764e-13
406,3.519938318366301e-09,1.021634933636456e-12,2.668171804193373e-13
407,3.365853206449712e-09,9.765938391030976e-13,2.55162417681375e-13
408,3.218467929238775e-09,9.335287896743768e-13,2.440127369201465e-13
409,3.077494590960661e-09,8.923536546499734e-13,2.333464950722562e-13
410,2.942651859701403e-09,8.529860389997814e-13,2.23142945839427e-13
411,2.813676933883726e-09,8.153470526535216e-13,2.133822286984332e-13
412,2.690320807077948e-09,7.793612931869519e-13,2.040452962070449e-13
413,2.572332644734169e-09,7.449565470912546e-13,1.951139453099955e-13
414,2.459486825638628e-09,7.120638114609215e-13,1.865707295522434e-13
415,2.351558282432054e-09,6.806169875347883e-13,1.783989395738529e-13
416,2.248342725365786e-09,6.505529007498149e-13,1.705825763871132e-13
417,2.149624524775002e-09,6.218111116293219e-13,1.631063323958593e-13
418,2.055212800089975e-09,5.94333793917368e-13,1.559555363209829e-13
419,1.964924894735611e-09,5.680656171374531e-13,1.491161406471412e-13
420,1.878577220696606e-09,5.429536677739507e-13,1.425747348846534e-13
421,1.79600375987829e-09,5.189472994664974e-13,1.363184043000978e-13
422,1.71704355504661e-09,4.959981166032534e-13,1.303348721194022e-13
423,1.641530883042255e-09,4.74059826309307e-13,1.246123100739871e-13
424,1.569323081098591e-09,4.530880906966675e-13,1.191394777317097e-13
425,1.500271209940053e-09,4.330405784588232e-13,1.139055109179401e-13
426,1.434243841259586e-09,4.138767420830146e-13,1.089000784739512e-13
427,1.3711059354334e-09,3.955578341802362e-13,1.04113331046933e-13
428,1.310734807848837e-09,3.780467727559034e-13,9.953574755687722e-14
429,1.253001491165316e-09,3.61308117274453e-13,9.515826834507663e-14
430,1.197810685674198e-09,3.453079345182226e-13,9.097219654219e-14
431,1.1450279189015e-09,3.300138129783947e-13,8.696924781473674e-14
432,1.094561931808277e-09,3.153947513420369e-13,8.314147852363789e-14
433,1.046312657491914e-09,3.014210683729682e-13,7.948125802799938e-14
434,1.000182254352205e-09,2.880644023992611e-13,7.598130564408325e-14
435,9.560721674923374e-10,2.752976371077452e-13,7.263466218520576e-14
436,9.138990431728213e-10,2.630948541538726e-13,6.943467463344029e-14
437,8.735794852135703e-10,2.514311995461807e-13,6.637491880620657e-14
438,8.350257692856961e-10,2.402829825149612e-13,6.344933640285006e-14
439,7.981778040235865e-10,2.29627490787664e-13,6.065203751177878e-14
440,7.629438338625095e-10,2.194430875076198e-13,5.797746689504648e-14
441,7.292585870081276e-10,2.09709012944715e-13,5.5420285648701e-14
442,6.970518998128746e-10,2.004054164053431e-13,5.297534395029453e-14
443,6.662620569396141e-10,1.915133197403521e-13,5.063774353626751e-14
444,6.368246810756483e-10,1.830146539808272e-13,4.840282382481502e-14
445,6.08689781754542e-10,1.748920070377645e-13,4.626608023784746e-14
446,5.817986167483267e-10,1.671288766123815e-13,4.422327633938947e-14
447,5.560807405719959e-10,1.597093298193325e-13,4.227022614613599e-14
448,5.314984132219571e-10,1.526182930676484e-13,4.040310376311715e-14
449,5.080032393317159e-10,1.458412229099334e-13,3.861807282996497e-14
450,4.855409232237774e-10,1.393642699369697e-13,3.691153530870872e-14
451,4.640624206000399e-10,1.331742215324514e-13,3.528015677432565e-14
452,4.435373211652841e-10,1.272584014146008e-13,3.372057390663763e-14
453,4.239157697318712e-10,1.216047006487602e-13,3.22296428729097e-14
454,4.051591673785994e-10,1.162015087959633e-13,3.08043592299903e-14
455,3.872393618852639e-10,1.110378152914745e-13,2.94418510618504e-14
456,3.701075710676387e-10,1.061030146086581e-13,2.813939731454982e-14
457,3.537262919929902e-10,1.013870138361811e-13,2.689434804704782e-14
458,3.380659196476954e-10,9.688010850657716e-14,2.570415222178677e-14
459,3.231028640638126e-10,9.257307603173226e-14,2.456644929581038e-14
460,3.088002935220695e-10,8.845708732464081e-14,2.347893507365283e-14
461,2.951286570598413e-10,8.452366772370288e-14,2.243934608098158e-14
462,2.820622954223923e-10,8.076478585126039e-14,2.144563401137344e-14
463,2.69566892003961e-10,7.71727034670575e-14,2.049584616327692e-14
464,2.576339633692843e-10,7.373998955386561e-14,1.958789525172748e-14
465,2.462227227970968e-10,7.04596813319258e-14,1.872009217811426e-14
466,2.353131374043049e-10,6.73249363059123e-14,1.789054065110484e-14
467,2.24895408974925e-10,6.432941270951839e-14,1.709766842091583e-14
468,2.149287717594587e-10,6.146687028372647e-14,1.633982802090046e-14
469,2.054065854631415e-10,5.873146460023128e-14,1.561547878532886e-14
470,1.963110754291653e-10,5.611750352397934e-14,1.492310796806265e-14
471,1.876282254937583e-10,5.361971075293512e-14,1.426136133060499e-14
472,1.793194524054716e-10,5.123283706164776e-14,1.3628851373214e-14
473,1.713729623978175e-10,4.89520366914222e-14,1.302436543498904e-14
474,1.637824064996243e-10,4.677255697546704e-14,1.244652666609301e-14
475,1.565256713689098e-10,4.468995108338939e-14,1.189430845216482e-14
476,1.49595320278482e-10,4.269992224854556e-14,1.136654425731625e-14
477,1.429685715496799e-10,4.079831826970261e-14,1.086207618222548e-14
478,1.366358074424005e-10,3.898125797630935e-14,1.037993031271768e-14
479,1.305837536551937e-10,3.724499838679099e-14,9.919179811744416e-15
480,1.248086427095971e-10,3.55859398428986e-14,9.478819971175809e-15
481,1.192810973935642e-10,3.4000665480306e-14,9.05794657729459e-15
482,1.139963344041989e-10,3.248583939073321e-14,8.655663909604946e-15
483,1.089501639268363e-10,3.103850894862662e-14,8.27132991624518e-15
484,1.041227557089238e-10,2.965541669633904e-14,7.903874853354127e-15
485,9.95169778008559e-11,2.833395304684406e-14,7.552815380459546e-15
486,9.511334807210073e-11,2.707124188415062e-14,7.217236403186361e-15
487,9.090979575624437e-11,2.586468938350933e-14,6.896508703231773e-15
488,8.688805445029774e-11,2.471189391520273e-14,6.590100396133076e-15
489,8.304437815115411e-11,2.361042942399948e-14,6.297258336610831e-15
490,7.936718543876502e-11,2.255786323274714e-14,6.01729532327766e-15
491,7.586332635349109e-11,2.155228160910965e-14,5.749887126199821e-15
492,7.251206500189718e-11,2.059143037726481e-14,5.494279525707494e-15
493,6.930613698665204e-11,1.967332164726262e-14,5.250009200727069e-15
494,6.624140896125141e-11,1.879608159974501e-14,5.016539254105434e-15
495,6.331776981936738e-11,1.795794953473657e-14,4.79349392997373e-15
496,6.052337022880026e-11,1.715715547865058e-14,4.580339758006387e-15
497,5.78507071564449e-11,1.639195190775934e-14,4.376559906586547e-15
498,5.530376926327783e-11,1.566092903118883e-14,4.18198275223645e-15
499,5.285784191375303e-11,1.496237194155345e-14,3.99589732848126e-15
500,5.052554016108406e-11,1.429497202900787e-14,3.818113049527154e-15
501,4.830294596537147e-11,1.365734323352384e-14,3.64827605446253e-15
502,4.617418886486646e-11,1.304811949944237e-14,3.485971202491529e-15
503,4.41418762312131e-11,1.246598078807264e-14,3.330819281567973e-15
504,4.220163091657971e-11,1.190981827218634e-14,3.182619718454379e-15
505,4.034079531924385e-11,1.137841752791351e-14,3.040931051854139e-15
506,3.856967520893831e-11,1.087081685877147e-14,2.905691621273293e-15
507,3.688083400539236e-11,1.038575132178946e-14,2.776314443922781e-15
508,3.52569572293945e-11,9.922297945507011e-15,2.652780100535122e-15
509,3.371037867419567e-11,9.479522331622375e-15,2.534652097389031e-15
510,3.223435285383229e-11,9.056465364947068e-15,2.421838768514313e-15
511,3.08212721639421e-11,8.65228009433169e-15,2.313963059580423e-15
512,2.947193154673241e-11,8.26612060001113e-15,2.210954579484775e-15
513,2.818198436971999e-11,7.897255365565046e-15,2.112566751146894e-15
514,2.694925284232802e-11,7.544700375498032e-15,2.018426200050661e-15
515,2.577187984097287e-11,7.207931409728746e-15,1.928544449486294e-15
516,2.464450015216005e-11,6.886192014731026e-15,1.842649169032237e-15
517,2.357754712306504e-11,6.57879117273046e-15,1.760566179489519e-15
518,2.255583844761569e-11,6.28517053200563e-15,1.682234032475347e-15
519,2.156304857917025e-11,6.004541073742261e-15,1.607265194259113e-15
520,2.063371646523055e-11,5.736519231788567e-15,1.535748166400909e-15
521,1.973934074650339e-11,5.480422286485164e-15,1.467337793378481e-15
522,1.888237508985645e-11,5.235753897421838e-15,1.401971738422179e-15
523,1.805950046355853e-11,5.001944348810865e-15,1.339481352029009e-15
524,1.727973618802352e-11,4.77867652882079e-15,1.279893305674276e-15
525,1.654489726287644e-11,4.56530882993868e-15,1.222884520512793e-15
526,1.582700722045584e-11,4.361441443308401e-15,1.168364248880841e-15
527,1.514551156557346e-11,4.166717009375244e-15,1.116345303672546e-15
528,1.449509532857752e-11,3.980692336459084e-15,1.066638403420514e-15
529,1.387711588922157e-11,3.80292613445403e-15,1.019083644013982e-15
530,1.327503170510469e-11,3.633083351561678e-15,9.73667675414171e-16
531,1.271100965318602e-11,3.470891890731327e-15,9.303471702078224e-16
532,1.216487871969788e-11,3.315836766464642e-15,8.88817306412046e-16
533,1.165984071772745e-11,3.167849459489409e-15,8.493207885443529e-16
534,1.115563789580924e-11,3.026338837500811e-15,8.114009051556512e-16
535,1.069014857653348e-11,2.891227218861781e-15,7.753085774409658e-16
536,1.023742005722776e-11,2.762154832564421e-15,7.407868063417648e-16
537,9.797588993548531e-12,2.63877847626284e-15,7.077796804103296e-16
538,9.387003704880469e-12,2.52092590644595e-15,6.762467906859833e-16
539,8.993406512883354e-12,2.408349734839653e-15,6.46117162609512e-16
540,8.627641399170666e-12,2.300912765129874e-15,6.174210357231087e-16
541,8.271369329366078e-12,2.198133192718791e-15,5.898937705256173e-16
542,7.916683428329783e-12,2.099924767708915e-15,5.635522376358175e-16
543,7.595661865799266e-12,2.006236187073148e-15,5.385826245946856e-16
544,7.281371145267118e-12,1.916577084302973e-15,5.144998928014948e-16
545,6.978597943005306e-12,1.831005392961805e-15,4.915636926597728e-16
546,6.689119137103101e-12,1.749226433262135e-15,4.69624469209172e-16
547,6.421661494203343e-12,1.671158214056485e-15,4.487693022984709e-16
548,6.161157229899776e-12,1.596549035551096e-15,4.288384294493249e-16
549,5.912732743137889e-12,1.525247527969547e-15,4.09696400158283e-16
550,5.670934216597622e-12,1.457191580046677e-15,3.915046626235074e-16
551,5.432076487312626e-12,1.39214504228207e-15,3.740316079128534e-16
552,5.232078292887454e-12,1.33008310535944e-15,3.575186514783213e-16
553,5.033259148750568e-12,1.270660358723324e-15,3.415476111725239e-16
554,4.821834245393049e-12,1.213973539464823e-15,3.264093892936413e-16
555,4.643712407423933e-12,1.159813197501214e-15,3.118886263033103e-16
556,4.454052733392198e-12,1.107988537594619e-15,2.979614184064992e-16
557,4.286015877710122e-12,1.058605501756992e-15,2.847480484402532e-16
558,4.119245960720999e-12,1.011311898081929e-15,2.720318756574116e-16
559,3.960586453336977e-12,9.662275488749108e-16,2.599776714473246e-16
560,3.809951980471763e-12,9.231082638443074e-16,2.484042831474223e-16
561,3.670098582856577e-12,8.819064352399817e-16,2.373643224279306e-16
562,3.527639383720975e-12,8.426449256339326e-16,2.269078427333804e-16
563,3.394281391384659e-12,8.050137279822961e-16,2.167313079067648e-16
564,3.281053874094422e-12,7.691831060755248e-16,2.072718363312668e-16
565,3.151464229528844e-12,7.348778739854865e-16,1.97976177483017e-16
566,3.043641715721971e-12,7.02087709529311e-16,1.89213645873131e-16
567,2.924531339580341e-12,6.708269433289145e-16,1.808741985824261e-16
568,2.818844086268434e-12,6.408697026573357e-16,1.727605988186048e-16
569,2.737456420164836e-12,6.124024624004085e-16,1.652257572944664e-16
570,2.638832873970049e-12,5.850516742918248e-16,1.577886628033727e-16
571,2.535517162215746e-12,5.590298729956134e-16,1.508623868082707e-16
572,2.459590966635073e-12,5.341064508216713e-16,1.44148488555186e-16
573,2.384504005110618e-12,5.10374947795534e-16,1.378785636729172e-16
574,2.295435407461842e-12,4.876092415132741e-16,1.317046453790325e-16
575,2.215878858947712e-12,4.659469338421085e-16,1.259231279012262e-16
576,2.158781760959173e-12,4.451953782308456e-16,1.203197031574202e-16
577,2.072746748864846e-12,4.253636713821891e-16,1.150118082172659e-16
578,2.015692300139332e-12,4.065051271474331e-16,1.099940656341085e-16
579,1.954269486335814e-12,3.884258614967746e-16,1.051251356174685e-16
580,1.889697317840825e-12,3.711228217069511e-16,1.004066134093318e-16
581,1.823617822406571e-12,3.546082127157111e-16,9.596939662421119e-17
582,1.769018657283592e-12,3.388945283633846e-16,9.177138464083328e-17
583,1.719569078764563e-12,3.239010464827083e-16,8.778789560771133e-17
584,1.671405172718827e-12,3.094422424567624e-16,8.383902432517179e-17
585,1.618185004545369e-12,2.957605844709439e-16,8.018901180976162e-17
586,1.578302149555051e-12,2.825997406330133e-16,7.668551648524083e-17
587,1.55837225746354e-12,2.701404989867666e-16,7.344166995127009e-17
588,1.503562008830279e-12,2.581938491604034e-16,7.018259650503565e-17
589,1.455950908240186e-12,2.46706845410433e-16,6.706948718635863e-17
590,1.4319529352271e-12,2.357987967616296e-16,6.417558372298935e-17
591,1.382469439985198e-12,2.25374511788973e-16,6.13483675348811e-17
592,1.34392973537657e-12,2.153930936909842e-16,5.859996265522653e-17
593,1.317771352733653e-12,2.058518747817419e-16,5.612983216183904e-17
594,1.276987660032305e-12,1.967327216579027e-16,5.358995507186571e-17
595,1.272102026500654e-12,1.881246267869907e-16,5.14403896676726e-17
596,1.237454106973165e-12,1.798177388203582e-16,4.913043596397731e-17
597,1.202626704199624e-12,1.718342738455154e-16,4.685890857506368e-17
598,1.176430956171016e-12,1.64309265615585e-16,4.49958791016327e-17
599,1.159923665253372e-12,1.571324433265939e-16,4.30744062612191e-17
600,1.13264896559886e-12,1.50176579442298e-16,4.113373237016433e-17
601,1.100636635586414e-12,1.435351744970252e-16,3.93159792469158e-17
602,1.071103199088183e-12,1.372546985960753e-16,3.76464511816153e-17
603,1.058319157683998e-12,1.312347692373341e-16,3.59922363854965e-17
604,1.041387426235052e-12,1.255386283292761e-16,3.455208987850213e-17
605,1.031116953344532e-12,1.199703300783501e-16,3.301244912216009e-17
606,1.010440748865838e-12,1.148064812971596e-16,3.175259021357601e-17
607,9.995353533565628e-13,1.097435772016076e-16,3.033731328411681e-17
608,9.775689398143417e-13,1.050071044893956e-16,2.905708530595352e-17
609,9.722278876283725e-13,1.004043763761503e-16,2.783781324450748e-17
610,9.47724846799976e-13,9.609447161390349e-17,2.667125460304603e-17
611,9.207305728464708e-13,9.184172850038669e-17,2.549734810629766e-17
612,9.062275174757607e-13,8.785820888732774e-17,2.440171626597222e-17
613,8.994058817171832e-13,8.410434674087725e-17,2.34160155113624e-17
614,9.06171940322532e-13,8.045244583909834e-17,2.24017611102355e-17
615,8.924760334538903e-13,7.701539915650888e-17,2.150493372374585e-17
616,8.916760337148793e-13,7.365111999131867e-17,2.053692067098378e-17
617,8.753398216977325e-13,7.049493394841177e-17,1.970632143636236e-17
618,8.644084339818126e-13,6.757877726706581e-17,1.89736960292715e-17
619,8.554211832094335e-13,6.460261790602056e-17,1.807976772891339e-17
620,8.60652308225628e-13,6.194091479759979e-17,1.754123531454053e-17
621,8.362914732562798e-13,5.927615461526911e-17,1.666578038211119e-17
622,8.264599241871017e-13,5.680396137043869e-17,1.611208964580382e-17
623,8.177032759519134e-13,5.440977388058706e-17,1.544474411185289e-17
624,8.007347189576396e-13,5.206655207955372e-17,1.469230758719161e-17
625,8.02082039320666e-13,4.994080407516731e-17,1.423709749810187e-17
626,8.077933071062541e-13,4.790093753257231e-17,1.377704032351329e-17
627,7.939775036836124e-13,4.588861638835159e-17,1.315608276834787e-17
628,7.811061494423324e-13,4.396847241058875e-17,1.266121361855097e-17
629,7.64832565244387e-13,4.207982229842873e-17,1.199626391221766e-17
630,7.566868261729026e-13,4.035995895638962e-17,1.153576033232554e-17
631,7.652585588843051e-13,3.879018824999856e-17,1.131168154774978e-17
632,7.595829032085133e-13,3.718909676546154e-17,1.078084746891252e-17
633,7.382808768706493e-13,3.56309823202948e-17,1.029196587706343e-17
634,7.382814307629999e-13,3.429106037011941e-17,1.01070395958691e-17
635,7.295749348260717e-13,3.281637996672738e-17,9.566801414561286e-18
636,7.291104344663838e-13,3.153137981225199e-17,9.314197883072835e-18
637,7.142249578844693e-13,3.024557195256548e-17,8.910394315812624e-18
638,7.267358684252387e-13,2.905508706547199e-17,8.600138252031957e-18
639,7.173029551822279e-13,2.795152212282828e-17,8.391962321545597e-18
640,7.126610681551433e-13,2.681807472820177e-17,8.001857052873874e-18
641,7.0813241963907e-13,2.576534218190009e-17,7.763504336938952e-18
642,7.007368540969255e-13,2.473883066352883e-17,7.436001631064717e-18
643,6.956687183292544e-13,2.38664714184686e-17,7.273852082648404e-18
644,6.91846035815351e-13,2.292002897177178e-17,7.005995250611095e-18
645,6.847829491997942e-13,2.202433944386159e-17,6.714723949499754e-18
646,6.891295883121872e-13,2.12163300066182e-17,6.542761423059922e-18
647,6.835363612628885e-13,2.043795963086002e-17,6.388808192625135e-18
648,6.807283583698847e-13,1.964421012983451e-17,6.097688763510819e-18
649,6.784630494809845e-13,1.892687707729496e-17,5.909423064029863e-18
650,6.706288312438507e-13,1.821472543559047e-17,5.672012877842652e-18
651,6.764241043954752e-13,1.758783463365168e-17,5.55592411796379e-18
652,6.591651263713694e-13,1.688328380382114e-17,5.244144171705726e-18
653,6.672369792892984e-13,1.631841303906783e-17,5.199014539585495e-18
654,6.634150001357724e-13,1.575678395550379e-17,5.07257423276262e-18
655,6.60770244073255e-13,1.516210427531854e-17,4.84748228407121e-18
656,6.731718559113521e-13,1.467516452693126e-17,4.806933132570236e-18
657,6.722071275219611e-13,1.413701234214809e-17,4.704962427775142e-18
658,6.747211274159485e-13,1.375155746019704e-17,4.61654432972365e-18
659,6.658651945126269e-13,1.324091747427566e-17,4.490704820351063e-18
660,6.529298932174832e-13,1.279643086215021e-17,4.285053362991521e-18
661,6.667373696099119e-13,1.239077903976375e-17,4.212633885685373e-18
662,6.640979085470512e-13,1.195820391756906e-17,4.147799685492868e-18
663,6.580816791102534e-13,1.155825911635261e-17,3.925272658820927e-18
664,6.490721183015091e-13,1.118186079692404e-17,3.784544518842073e-18
665,6.521739996411819e-13,1.087021248588459e-17,3.814448002372498e-18
666,6.451374168767873e-13,1.060471203762359e-17,3.719197113122192e-18
667,6.475815598841481e-13,1.021660530722795e-17,3.535095559037274e-18
668,6.430352538958881e-13,9.921559274813797e-18,3.52416146443589e-18
669,6.452620824856373e-13,9.570554372474447e-18,3.309870156029124e-18
670,6.38930379587215e-13,9.363463626031509e-18,3.382947366559286e-18
671,6.496769286964875e-13,9.1379743204047e-18,3.360028431721244e-18
672,6.469993266542603e-13,8.883661694804968e-18,3.276018564805414e-18
673,6.348720615447711e-13,8.561605197531424e-18,3.048837233955645e-18
674,6.369922973012632e-13,8.405040688663303e-18,3.161579222881296e-18
675,6.367636751503865e-13,8.172836905420214e-18,3.045207503117847e-18
676,6.486413208520261e-13,7.986253860772228e-18,3.133510714084533e-18
677,6.293748463545227e-13,7.694130774115804e-18,2.85925793601987e-18
678,6.196246700133383e-13,7.500362181462279e-18,2.720112926272444e-18
679,6.403746871823692e-13,7.473119907980303e-18,3.015103260138833e-18
680,6.267220917713161e-13,7.266345917509409e-18,2.791777607832696e-18
681,6.461597445005865e-13,7.104595595966955e-18,2.846518287514173e-18
682,6.35040348590237e-13,6.953790069956288e-18,2.761088435245894e-18
683,6.353801302735867e-13,6.756672181499658e-18,2.656259391405658e-18
684,6.245347969704081e-13,6.63457498538417e-18,2.660715369675828e-18
685,6.388716523171458e-13,6.496916765706817e-18,2.661011189833823e-18
686,6.285953365294604e-13,6.433062136329725e-18,2.60277092039923e-18
687,6.223904109590716e-13,6.236112881463761e-18,2.471416153234823e-18
688,6.271228892883996e-13,6.124663183189744e-18,2.557720434624196e-18
689,6.220510967913146e-13,6.0989837507932e-18,2.51604654302333e-18
690,6.223095675338673e-13,5.950220839592744e-18,2.447511266559617e-18
691,6.225725388535021e-13,5.837825988809642e-18,2.405060633143378e-18
692,6.156154974750271e-13,5.731136727450678e-18,2.352731158339288e-18
693,6.310173266512089e-13,5.663816943138374e-18,2.396945445543206e-18
694,6.244940730356559e-13,5.606560805293613e-18,2.469637895439897e-18
695,6.197689964761697e-13,5.50620387887639e-18,2.344833270576971e-18
696,6.193816111342741e-13,5.413534632778681e-18,2.290823283425602e-18
697,6.160064244436156e-13,5.368354616687004e-18,2.257943292633949e-18
698,6.140783474784905e-13,5.242230916970753e-18,2.193387881151593e-18
699,6.130705095074614e-13,5.273864113948529e-18,2.296380711568854e-18
700,6.139673229133535e-13,5.179942975755882e-18,2.23169870036358e-18
701,6.30345075425874e-13,5.160784480982377e-18,2.326922341655316e-18
702,6.157422565861575e-13,5.034857480427004e-18,2.141654144673229e-18
703,6.132012418581203e-13,5.017949192777807e-18,2.212593366613577e-18
704,6.080702305564352e-13,4.955374594800086e-18,2.180528941158429e-18
705,6.130801161628279e-13,4.982742443078833e-18,2.235495745358996e-18
706,6.070275210254945e-13,4.905947837678997e-18,2.194447067015529e-18
707,6.102189100369582e-13,4.841747691616498e-18,2.15033495258366e-18
708,6.070511536395148e-13,4.779403206309304e-18,2.101373174185305e-18
709,6.138028359390406e-13,4.826980115506778e-18,2.311311852179219e-18
710,6.075877787641545e-13,4.742735857503059e-18,2.1643021946467e-18
711,5.968919856717882e-13,4.628966403069096e-18,1.993538625144749e-18
712,6.042945362199995e-13,4.658408593268802e-18,2.129140846871902e-18
713,5.985777587519283e-13,4.623462248709467e-18,2.067692935040115e-18
714,5.971502285443563e-13,4.545255784378606e-18,2.004789721063436e-18
715,6.004600744962542e-13,4.555601964009121e-18,2.018801505721864e-18
716,6.013447116427769e-13,4.506367103357034e-18,2.027509326757062e-18
717,6.056720526114597e-13,4.571410812420713e-18,2.150171576898522e-18
718,6.038593384097196e-13,4.501300024236818e-18,2.096077920291382e-18
719,5.970334373490877e-13,4.496955870007803e-18,2.088357288009203e-18
720,5.958760886783577e-13,4.474464547917196e-18,2.065203315000301e-18
721,5.9674116590511e-13,4.385366560280659e-18,1.996862848304615e-18
722,5.936836362018396e-13,4.396954888875035e-18,2.009609315934704e-18
723,6.025921020316878e-13,4.446334290044205e-18,2.184560382116526e-18
724,6.058471158349662e-13,4.380702305294131e-18,2.072499451509975e-18
725,6.000922854849504e-13,4.390743011611093e-18,2.088542470930423e-18
726,5.931707903904755e-13,4.380109625838268e-18,2.086725219691232e-18
727,5.909569659366442e-13,4.301468802240948e-18,1.98207964533983e-18
728,5.961674955727384e-13,4.344381572261357e-18,2.068979842665613e-18
729,5.974253329878466e-13,4.300903786077441e-18,2.041673310498232e-18
730,6.066484513717019e-13,4.327458787274262e-18,2.117750648314427e-18
731,5.972572003471472e-13,4.311622459845131e-18,2.068658318727745e-18
732,5.946493423754491e-13,4.278777059553692e-18,2.039949373369576e-18
733,5.907817985010912e-13,4.250933546260621e-18,1.993249499087917e-18
734,6.027001466678613e-13,4.318721683980875e-18,2.112408591483882e-18
735,5.977511093355232e-13,4.254825715381737e-18,2.011831881265403e-18
736,5.87973422214338e-13,4.187700941573447e-18,1.915442119914132e-18
737,5.916059039826085e-13,4.289912744574118e-18,2.049002450442794e-18
738,5.845392444758055e-13,4.217467205487808e-18,1.949952397082547e-18
739,5.83557449598883e-13,4.218522718881343e-18,1.977697032863162e-18
740,5.871664268685941e-13,4.247123598825294e-18,2.090443182761836e-18
741,5.91529060732145e-13,4.223923102742699e-18,2.005869553615146e-18
742,5.866563378962522e-13,4.215750696941178e-18,2.005722951789782e-18
743,5.856052932576995e-13,4.165770759883655e-18,2.028413587391666e-18
744,5.904314582140951e-13,4.155332888396488e-18,1.94788945339152e-18
745,5.925975817851858e-13,4.208887279710944e-18,2.048824138118465e-18
746,5.854641458693851e-13,4.17148679664138e-18,1.95008067505445e-18
747,5.912108439042011e-13,4.234587677916822e-18,2.086536432803685e-18
748,5.772932439764079e-13,4.145407994767907e-18,1.907789358815702e-18
749,5.827903759881194e-13,4.158318790079024e-18,1.954936730881845e-18
750,5.774754234641002e-13,4.10281373299669e-18,1.870438064017649e-18
751,5.775720888208566e-13,4.146086902845676e-18,1.918757495547504e-18
752,5.782271091784143e-13,4.190437906371479e-18,2.018545925347654e-18
753,5.797375283008447e-13,4.153612614850865e-18,1.963227727060233e-18
754,5.761530753374263e-13,4.176689616464919e-18,1.97968284573996e-18
755,5.819968686498848e-13,4.138218674084146e-18,1.942705063279817e-18
756,5.770864179308228e-13,4.145245019958203e-18,1.995347540021288e-18
757,5.739466020557843e-13,4.156711257415518e-18,1.951343328069387e-18
758,5.796585354666694e-13,4.158320768505684e-18,1.989108376930674e-18
759,5.756398404547327e-13,4.138252508808251e-18,1.940612330409111e-18
760,5.73868782698861e-13,4.148798520855425e-18,1.999490380068048e-18
761,5.727930116167042e-13,4.110476087535008e-18,1.907323953475197e-18
762,5.85885517937924e-13,4.1963159299276e-18,2.072072670416048e-18
763,6.026128333478179e-13,4.131857976002676e-18,2.125447366974289e-18
764,5.927870983209946e-13,4.137391310803788e-18,2.018416661235351e-18
765,5.878573517130665e-13,4.13725938504017e-18,1.984754918675112e-18
766,5.791911399469711e-13,4.194855088571115e-18,2.05342174618838e-18
767,5.72140352733262e-13,4.109365218017384e-18,1.91442551829764e-18
768,5.82667140049602e-13,4.202229865795714e-18,2.017458846604691e-18
769,5.784306578099576e-13,4.158078598048771e-18,1.983146084755073e-18
770,5.819246382127175e-13,4.143171466639617e-18,2.052356633187915e-18
771,5.788153526083171e-13,4.177383978330993e-18,2.042220751252464e-18
772,5.69065699664022e-13,4.116099371404974e-18,1.909273045268546e-18
773,5.73178542508919e-13,4.153976135873481e-18,1.952512945361804e-18
774,5.76790511208865e-13,4.101342939256113e-18,1.88741478891178e-18
775,5.707227694273627e-13,4.140365159429616e-18,1.93402321434251e-18
776,5.824699505073388e-13,4.119509944573034e-18,1.973896072753577e-18
777,5.806614626151366e-13,4.088771108253863e-18,1.928551351659063e-18
778,5.72013981369602e-13,4.106366214053896e-18,1.904756692322067e-18
779,5.677076596483035e-13,4.147700528536732e-18,1.940327916135382e-18
780,5.788289550575174e-13,4.142193094101834e-18,2.012075015721421e-18
781,5.812769258779108e-13,4.060426328649436e-18,1.907493347184455e-18
782,5.75368986624797e-13,4.192716196412422e-18,2.0136357564845e-18
783,5.67599349486746e-13,4.145286618510005e-18,1.924433315553837e-18
784,5.730698694892545e-13,4.112327560578704e-18,1.959147458831149e-18
785,5.567183115636635e-13,4.027868363050151e-18,1.750088344814694e-18
786,5.575635268196489e-13,4.118396117284255e-18,1.897725579916804e-18
787,5.640701783341963e-13,4.078759312172676e-18,1.903417606561866e-18
788,5.605612117638243e-13,4.118163272147141e-18,1.879540687821589e-18
789,5.606026843913503e-13,4.16037655883672e-18,2.003186138652315e-18
790,5.604258872313111e-13,4.086578349137169e-18,1.871827802444262e-18
791,5.729163541341717e-13,4.122056672313348e-18,1.973178153844342e-18
792,5.671602129498791e-13,4.127619571512179e-18,1.935556141598679e-18
793,5.607314915535766e-13,4.113403473898991e-18,1.895553875972191e-18
794,5.578414311151563e-13,4.146808535446667e-18,1.90680204347596e-18
795,5.625900132294376e-13,4.079990959363359e-18,1.830839174165438e-18
796,5.486218896081151e-13,4.020996822036226e-18,1.710106811902535e-18
797,5.584541503956178e-13,4.146821669177933e-18,1.952732307270221e-18
798,5.552052598438301e-13,4.077320449911167e-18,1.844975150786014e-18
799,5.662314026973217e-13,4.146155039335722e-18,1.984159600917509e-18
800,5.651498534044142e-13,4.118021112668814e-18,1.945795741990459e-18
801,5.62688500764986e-13,4.081056412555879e-18,1.898570657909417e-18
802,5.580148692918876e-13,4.070585144555703e-18,1.880875692229502e-18
803,5.588396696211372e-13,4.041786470895656e-18,1.819449090241744e-18
804,5.495355579305905e-13,4.050595648730467e-18,1.793518830590228e-18
805,5.61881438454398e-13,4.15447934274958e-18,1.995713207593485e-18
806,5.515518836366869e-13,4.091782074554342e-18,1.829182506537861e-18
807,5.590295785678699e-13,4.100805213794344e-18,1.887720120134697e-18
808,5.507307467762006e-13,4.080090446866371e-18,1.848031294176717e-18
809,5.537114938423792e-13,4.080730082271452e-18,1.910908206480676e-18
810,5.464303574326432e-13,4.071488942320605e-18,1.807987171199875e-18
811,5.471916682906478e-13,4.058281397367175e-18,1.816116145471704e-18
812,5.786914319864216e-13,4.173006642133675e-18,2.092935778461984e-18
813,5.670805115615563e-13,4.130565827069543e-18,2.057919703820413e-18
814,5.662978059895204e-13,4.118636592981495e-18,1.972474723510735e-18
815,5.569342366364455e-13,4.113622148298727e-18,1.911576915651838e-18
816,5.47348171250425e-13,4.120971623488457e-18,1.879974512061099e-18
817,5.504756612757483e-13,4.099738527369603e-18,1.858384300048357e-18
818,5.707341351383401e-13,4.106145151407133e-18,1.978721885383406e-18
819,5.83507468633677e-13,4.133517417836398e-18,2.030541765617463e-18
820,5.559956958635204e-13,4.088211320392541e-18,1.889039168063954e-18
821,5.661782573580238e-13,4.152319935355205e-18,1.990257574934309e-18
822,5.52433154597658e-13,4.145629541531408e-18,1.985937882744174e-18
823,5.494149447385814e-13,4.121152614524216e-18,1.897529708307931e-18
824,5.50129959175692e-13,4.050231629005391e-18,1.808105191882398e-18
825,5.583823618672201e-13,4.125171415171441e-18,1.955281224566963e-18
826,5.523057997997107e-13,4.075967872548774e-18,1.867697894860201e-18
827,5.614190953003219e-13,4.173491470778281e-18,2.051706970400196e-18
828,5.597998314560167e-13,4.078617484806501e-18,1.876509376941065e-18
829,5.595217830737956e-13,4.116092091037229e-18,1.922962814879359e-18
830,5.506949769966605e-13,4.03341412146895e-18,1.767729253459317e-18
831,5.493825698273847e-13,4.136809765140235e-18,1.960806894799334e-18
832,5.494848535830293e-13,4.113976408170904e-18,1.875961876517172e-18
833,5.370097315781469e-13,4.035192415925422e-18,1.724533146474453e-18
834,5.361132792422093e-13,4.090797164904536e-18,1.797804263460561e-18
835,5.491064363535182e-13,4.099349154131588e-18,1.933729453295693e-18
836,5.605326960949047e-13,4.100168280480735e-18,1.932992983368385e-18
837,5.469692434438251e-13,4.076348689336368e-18,1.815936614338572e-18
838,5.409635343769229e-13,4.07337985778688e-18,1.816779483465272e-18
839,5.483483753662114e-13,4.107446953615421e-18,1.896119935905943e-18
840,5.417409607312134e-13,4.106532437774787e-18,1.85326731542398e-18
841,5.402666679453911e-13,4.054788481659338e-18,1.825685154741016e-18
842,5.42168933462434e-13,4.144404500000908e-18,1.897179554808259e-18
843,5.42579090005415e-13,4.119179294396324e-18,1.882026260861939e-18
844,5.423218488871024e-13,4.037876860307224e-18,1.814915716759887e-18
845,5.368190349248711e-13,4.087192309026699e-18,1.821629094192885e-18
846,5.351914207842511e-13,4.099075290197932e-18,1.818492928387738e-18
847,5.411613043714635e-13,4.010637611130327e-18,1.765931615559702e-18
848,5.469307460447667e-13,4.140325399182955e-18,1.939418035792488e-18
849,5.418458483117287e-13,4.090906928660347e-18,1.835919471772819e-18
850,5.427046699378585e-13,4.119304060708766e-18,1.930298627391744e-18
851,5.397276363747346e-13,4.095971247299578e-18,1.864622881113642e-18
852,5.390458390707627e-13,4.063011020210924e-18,1.753766526570686e-18
853,5.361098096152355e-13,4.006683243156004e-18,1.678652419707824e-18
854,5.513147397839557e-13,4.08200945354981e-18,1.923256348012417e-18
855,5.472433971578971e-13,4.017095458547831e-18,1.770037743770824e-18
856,5.531966192294072e-13,4.164674113685564e-18,1.989592440451362e-18
857,5.37762759398753e-13,4.076157058088658e-18,1.817066346811012e-18
858,5.567473839034321e-13,4.128761547187734e-18,1.998780091432018e-18
859,5.535472492132249e-13,4.116059561581824e-18,1.890646748337788e-18
860,5.629806643133497e-13,4.070310199868674e-18,1.909592928725742e-18
861,5.428533140322534e-13,4.077945857022751e-18,1.808243307395334e-18
862,5.491963460097111e-13,4.124718373133662e-18,1.92263064575386e-18
863,5.300617138774952e-13,4.067211612380448e-18,1.750051859365155e-18
864,5.374125163274236e-13,4.112186799084181e-18,1.878376247815996e-18
865,5.360621432040638e-13,4.085150900856953e-18,1.819207086268057e-18
866,5.340841099409761e-13,4.072295571017858e-18,1.759372287662705e-18
867,5.425978712716639e-13,4.119038935996413e-18,1.876823750746268e-18
868,5.464194794537076e-13,4.023134177587616e-18,1.783407773892797e-18
869,5.549884405104719e-13,4.12756093857969e-18,2.005815011154357e-18
870,5.51213938150072e-13,4.09878242913546e-18,1.865397725078143e-18
871,5.422796886649875e-13,4.092920782253782e-18,1.862177955940299e-18
872,5.415204409593728e-13,4.092668455568097e-18,1.883554093951892e-18
873,5.298976378214842e-13,4.043423778155114e-18,1.760342829209795e-18
874,5.54562658722783e-13,4.047461407697578e-18,1.895052026039346e-18
875,5.562244168324057e-13,4.112045314334458e-18,1.919919488320222e-18
876,5.418160776393958e-13,4.069831280226586e-18,1.823773146906126e-18
877,5.358290820572377e-13,4.11163910409148e-18,1.857752398967974e-18
878,5.319887791192149e-13,4.081398774600304e-18,1.830052496081901e-18
879,5.266800398607756e-13,4.008169281468873e-18,1.654891276976365e-18
880,5.265054197684982e-13,4.009711171199748e-18,1.644337338430648e-18
881,5.379052919491257e-13,4.125010440533145e-18,1.848273423951321e-18
882,5.462327429847151e-13,4.081386559957786e-18,1.853901382095832e-18
883,5.350831131156472e-13,4.069557788489338e-18,1.769899788826541e-18
884,5.394837026019046e-13,4.049453368410274e-18,1.811152158909372e-18
885,5.469163473727141e-13,4.100351234838193e-18,1.918479660664749e-18
886,5.363591858285542e-13,4.094877733795387e-18,1.815688685632122e-18
887,5.377741700833639e-13,4.104831524877534e-18,1.829079702271419e-18
888,5.491255255580757e-13,4.117243381172727e-18,1.909954827372538e-18
889,5.404200482859689e-13,4.099716669529423e-18,1.820281145576684e-18
890,5.327869046064888e-13,4.105697716348183e-18,1.809996351505867e-18
891,5.233608080070622e-13,4.058302172643043e-18,1.682405534295235e-18
892,5.348470425506653e-13,4.105625502745586e-18,1.802163093914591e-18
893,5.381859934970335e-13,4.046956022706525e-18,1.760051990980022e-18
894,5.4302913125916e-13,4.047985276914672e-18,1.754288425623823e-18
895,5.352153510669619e-13,4.114036340300095e-18,1.816175843142873e-18
896,5.275331340663469e-13,4.117356850812459e-18,1.787717764676354e-18
897,5.479343573350364e-13,4.088356579675165e-18,1.941011502153315e-18
898,5.433102170182069e-13,4.084566773816028e-18,1.860241193822203e-18
899,5.543396636040933e-13,4.087253425346679e-18,1.914690403939619e-18
900,5.471310877315979e-13,4.096008244916912e-18,1.834811368831009e-18
901,5.480503861992045e-13,4.127563788023783e-18,1.927250589368544e-18
902,5.375753806299929e-13,4.055291302191532e-18,1.750200160702979e-18
903,5.50031839539921e-13,4.012509624754738e-18,1.781792933273885e-18
904,5.444944076917886e-13,4.075793401625511e-18,1.788441195755166e-18
905,5.420812847701324e-13,4.043634079092085e-18,1.790583230249572e-18
906,5.427644136799971e-13,4.152401932241498e-18,1.926597440037589e-18
907,5.748178836616518e-13,4.109425540328994e-18,2.048761553523806e-18
908,5.620911205815337e-13,4.107951713341843e-18,1.932624714586997e-18
909,5.469689742555267e-13,4.101327021324492e-18,1.857886811037067e-18
910,5.569307964736807e-13,4.064093460515401e-18,1.936039056759479e-18
911,5.668406092923114e-13,4.120337351951811e-18,1.966824725014506e-18
912,5.565425403344473e-13,4.08880843325257e-18,1.836821549655566e-18
913,5.56015549648493e-13,3.999477092530436e-18,1.760505695390316e-18
914,5.560697216885721e-13,4.151206377703517e-18,1.927463827485937e-18
915,5.554382898114465e-13,4.081704717731246e-18,1.853924737532679e-18
916,5.543540755243303e-13,4.153913910224674e-18,1.958782697508823e-18
917,5.438173127217947e-13,4.077415297448514e-18,1.782366951241568e-18
918,5.371299490740015e-13,4.164315717658801e-18,1.856123413161248e-18
919,5.39232390224335e-13,4.081439980307195e-18,1.806339277670959e-18
920,5.519879730890056e-13,4.153673818907173e-18,1.957664250160264e-18
921,5.64436124151053e-13,4.107019376710095e-18,1.992293638855618e-18
922,5.571668445432516e-13,4.071713932101394e-18,1.819950433429845e-18
923,5.577841934913456e-13,4.059516234364288e-18,1.877768549421971e-18
924,5.505700438049185e-13,4.044111009957542e-18,1.868399371876082e-18
925,5.635394496075914e-13,4.052866853753877e-18,1.907671904149522e-18
926,5.457629605388427e-13,3.987656718169296e-18,1.715973907579656e-18
927,5.462697808687501e-13,4.178726219993203e-18,1.993900433104703e-18
928,5.475145899411262e-13,4.060748653225488e-18,1.818170274846531e-18
929,5.382698396164342e-13,4.052655654977051e-18,1.766947146195785e-18
930,5.547081312794169e-13,4.062758398412172e-18,1.875758524418783e-18
931,5.324387129770826e-13,4.051172713137925e-18,1.735847314151196e-18
932,5.516945497856329e-13,4.075640214892314e-18,1.864039983650323e-18
933,5.38813462219171e-13,4.066311965376762e-18,1.754204389251508e-18
934,5.479870373081888e-13,4.075662340950792e-18,1.845722418366802e-18
935,5.511565113495243e-13,4.107031808100954e-18,1.954850285380928e-18
936,5.749593971905053e-13,4.11778710287171e-18,2.026603959475517e-18
937,5.439139326001178e-13,4.07983899063528e-18,1.814907578891075e-18
938,5.584317413111957e-13,4.13570252253041e-18,2.019904578280657e-18
939,5.455876937469033e-13,4.030836646289194e-18,1.774985376514222e-18
940,5.469691444589934e-13,4.059534755532607e-18,1.824027358214064e-18
941,5.358197599754763e-13,4.018425901661256e-18,1.73171991870717e-18
942,5.47037272169677e-13,4.062437179738108e-18,1.832397745984554e-18
943,5.406542087287687e-13,4.125254354151847e-18,1.870270582379797e-18
944,5.418318111020381e-13,4.126751726142563e-18,1.874592017822569e-18
945,5.588646846856067e-13,4.112329867285054e-18,1.965250355667289e-18
946,5.704950123939079e-13,4.120251748664547e-18,2.028567344295597e-18
947,5.534715303078597e-13,4.009538778019525e-18,1.811747628936544e-18
948,5.410466604441692e-13,4.082567830103734e-18,1.825448633739537e-18
949,5.36543488960555e-13,4.093855795951078e-18,1.80964550095769e-18
950,5.317513823105323e-13,4.081437704273884e-18,1.740404358591726e-18
951,5.220589491125206e-13,4.100382945776757e-18,1.713590159153905e-18
952,5.364750696459092e-13,4.064380395142832e-18,1.74517173730854e-18
953,5.364838700568414e-13,4.134595127234456e-18,1.86736264984729e-18
954,5.472151582397486e-13,4.134425836369168e-18,1.910335495653633e-18
955,5.243133486091636e-13,4.043870346977338e-18,1.66572994290053e-18
956,5.582542598449294e-13,4.133976171797522e-18,2.007294732308794e-18
957,5.410816293151514e-13,4.091520498115334e-18,1.862359037876373e-18
958,5.508532608700141e-13,4.101091622338179e-18,1.937669799176616e-18
959,5.29671712390465e-13,4.022399252291601e-18,1.681277943278266e-18
960,5.549952201567555e-13,4.118303954009721e-18,1.97371410941234e-18
961,5.340546076928463e-13,4.038011576595866e-18,1.737524056763129e-18
962,5.518402053716636e-13,4.06180814059181e-18,1.92176780230996e-18
963,5.414974610935534e-13,4.173148747960283e-18,1.879972802356433e-18
964,5.639751510357559e-13,4.080100666094806e-18,1.958903394365661e-18
965,5.345613013835178e-13,4.085598422331508e-18,1.812066269848511e-18
966,5.443523707381307e-13,4.053352958894899e-18,1.849921916871931e-18
967,5.430014042664098e-13,4.043028069443644e-18,1.787057251970937e-18
968,5.314071549179333e-13,4.083163049387979e-18,1.782179601780701e-18
969,5.199716421847592e-13,4.004547464556547e-18,1.632887844286405e-18
970,5.318552867446371e-13,4.0914792711231e-18,1.813374820368533e-18
971,5.314638261814936e-13,4.120954218947602e-18,1.850898333028961e-18
972,5.426610838890062e-13,4.106992642437356e-18,1.892892366707108e-18
973,5.460657467725343e-13,4.068030421902176e-18,1.853358834270815e-18
974,5.326217028823866e-13,4.008799098227016e-18,1.697421345877423e-18
975,5.477207399584176e-13,4.065500064890575e-18,1.883150916121405e-18
976,5.380458236103908e-13,3.991809858822243e-18,1.72319664855611e-18
977,5.664892343938247e-13,4.082861646292452e-18,1.977858511935969e-18
978,5.424179103824404e-13,4.058944391219105e-18,1.830057242894627e-18
979,5.518162852850194e-13,4.131694217222756e-18,1.949446691689443e-18
980,5.307364628137767e-13,4.11445290021277e-18,1.771270599141462e-18
981,5.387944853851389e-13,4.119412175329539e-18,1.933134542802979e-18
982,5.246075615510699e-13,4.017941559388743e-18,1.650880426434814e-18
983,5.51715169644168e-13,4.135293239540624e-18,1.977844759249956e-18
984,5.355177597228672e-13,4.096367621926901e-18,1.813534045937276e-18
985,5.42566036513491e-13,4.140864000272997e-18,1.927473030218733e-18
986,5.396648967077959e-13,4.073682823469659e-18,1.844324851433658e-18
987,5.321504008293747e-13,4.031953240476748e-18,1.734034321747883e-18
988,5.27767527685427e-13,3.951255377363512e-18,1.632152327310455e-18
989,5.610787328251189e-13,4.158713147283428e-18,2.014874409374516e-18
990,5.496051826627288e-13,4.109557803840188e-18,1.859298961776464e-18
991,5.553306178400372e-13,4.107624499681279e-18,1.932875917451253e-18
992,5.534478768609971e-13,4.110579421205903e-18,1.932383610497178e-18
993,5.453291956806615e-13,4.097921216819267e-18,1.847928650878363e-18
994,5.349985913786149e-13,4.135255999128289e-18,1.865337123803022e-18
995,5.306466492609853e-13,4.062342620660148e-18,1.728704411829755e-18
996,5.380849902346358e-13,4.004050242209827e-18,1.712373610419576e-18
997,5.431480186630553e-13,4.110456538916492e-18,1.948471017841605e-18
998,5.504173126715467e-13,4.043931494858909e-18,1.845129693322822e-18
999,5.466509525210125e-13,4.047237973942375e-18,1.810722233217982e-18
1000,5.460048843738074e-13,4.064623554385444e-18,1.851473709234764e-18
1001,5.415496932450409e-13,4.079246076147687e-18,1.830098707921235e-18
1002,5.351885426258798e-13,4.101140106791001e-18,1.796723086524843e-18
1003,5.383256190390204e-13,4.079807057949104e-18,1.851256810546748e-18
1004,5.366420120827358e-13,4.058086161684172e-18,1.767276374074572e-18
1005,5.375159730136814e-13,4.097336401501806e-18,1.834400416937774e-18
1006,5.425798924872006e-13,4.076926185281296e-18,1.824228800976368e-18
1007,5.467887486922235e-13,4.090917598431072e-18,1.880058641224101e-18
1008,5.476189245104424e-13,4.124465151440346e-18,1.911960454836023e-18
1009,5.374699289833789e-13,4.078984800241911e-18,1.832030850880621e-18
1010,5.278723610959821e-13,4.027626579775903e-18,1.693375402046068e-18
1011,5.455713893329092e-13,4.119010064806141e-18,1.920072341248136e-18
1012,5.535976234999537e-13,4.056153656384076e-18,1.851774529585593e-18
1013,5.402472475743314e-13,4.024870942680038e-18,1.728670431479239e-18
1014,5.501992120216853e-13,4.160329316206319e-18,1.919347644207604e-18
1015,5.398244531986642e-13,4.104938832775264e-18,1.850451492263745e-18
1016,5.516753165840358e-13,4.041225740052358e-18,1.814549514203658e-18
1017,5.418198218994058e-13,4.074845073673991e-18,1.813920924788331e-18
1018,5.336802572865956e-13,4.046005434333789e-18,1.727391851876596e-18
1019,5.354566274782094e-13,4.125966118977127e-18,1.882126107993379e-18
1020,5.385693148373388e-13,4.098636727034203e-18,1.843393840951221e-18
1021,5.351917911350766e-13,4.051641359979773e-18,1.744562983727419e-18
1022,5.470725890422438e-13,4.118932853533521e-18,1.948663698210055e-18
1023,5.398127939553313e-13,4.107692436055811e-18,1.858499145698473e-18
1024,5.383971518354999e-13,4.030371510996837e-18,1.772740680354515e-18
1025,5.241246511656377e-13,4.013021566211179e-18,1.676428068186826e-18
1026,5.440441623119788e-13,4.106734393891983e-18,1.935648887996301e-18
1027,5.430673489912399e-13,4.060318654331568e-18,1.84522604098563e-18
1028,5.519430951129238e-13,4.086716440563554e-18,1.900877002327236e-18
1029,5.481735591770335e-13,4.115902403512197e-18,1.87579532184956e-18
1030,5.445916780311563e-13,4.040609089977118e-18,1.82926779687769e-18
1031,5.503602535535867e-13,4.078641967225668e-18,1.853679996162047e-18
1032,5.411426390005456e-13,4.107820969915161e-18,1.881765226940049e-18
1033,5.541449661553533e-13,4.081304140711548e-18,1.94717467597924e-18
1034,5.415637575479063e-13,4.071867864520897e-18,1.809796746111874e-18
1035,5.362606892297244e-13,4.002350213595969e-18,1.761450909731501e-18
1036,5.387627213008273e-13,4.045843075930986e-18,1.806650933053432e-18
1037,5.409895346347845e-13,4.043971760463776e-18,1.806697131454115e-18
1038,5.368421104202715e-13,4.121276834208684e-18,1.85970811758739e-18
1039,5.296614284638257e-13,4.093686299921352e-18,1.78617882211213e-18
1040,5.346041433700052e-13,4.078654971677391e-18,1.791045870894662e-18
1041,5.485745494814031e-13,4.066919082312562e-18,1.851738591699415e-18
1042,5.325699186374411e-13,4.041357394570001e-18,1.709891148707112e-18
1043,5.465843913055042e-13,4.029314607840111e-18,1.82180929627931e-18
1044,5.519569842292798e-13,4.096315237129875e-18,1.905429576402341e-18
1045,5.375842057572695e-13,4.085584552144417e-18,1.828058652008736e-18
1046,5.368075664576191e-13,4.077489888071306e-18,1.79659716654218e-18
1047,5.611980709897382e-13,4.082971805335452e-18,1.988138471509999e-18
1048,5.631891653068227e-13,4.112134776251331e-18,1.905637594595376e-18
1049,5.730401162030401e-13,4.096659879316404e-18,1.997886600030595e-18
1050,5.409903818978639e-13,4.050328686255732e-18,1.756375174688644e-18
1051,5.529390302572124e-13,4.096215931393653e-18,1.93124611199602e-18
1052,5.414390985993912e-13,4.06779498548378e-18,1.788142071880523e-18
1053,5.499809723337093e-13,4.130908511707342e-18,1.970358847986124e-18
1054,5.341130235135922e-13,4.100863923670976e-18,1.806752572198897e-18
1055,5.427250083616491e-13,4.086934179087249e-18,1.890219566635611e-18
1056,5.299999117110444e-13,4.008573602000302e-18,1.680337145831936e-18
1057,5.680911675266883e-13,4.168821204036253e-18,2.065155818877485e-18
1058,5.41196727437435e-13,4.055152041521964e-18,1.775126794106451e-18
1059,5.56653862702919e-13,4.065851864424639e-18,1.878600492795868e-18
1060,5.395798630245791e-13,4.096515149121807e-18,1.845306900644304e-18
1061,5.648810812808821e-13,4.12352755443466e-18,2.018799072804294e-18
1062,5.43518784834884e-13,4.051665868844483e-18,1.765334044554836e-18
1063,5.430438624356314e-13,4.076158025681993e-18,1.855994121599587e-18
1064,5.388465008729082e-13,4.071248836637733e-18,1.804290893561127e-18
1065,5.579945424260641e-13,4.146085171435874e-18,1.984702657056608e-18
1066,5.379388737866187e-13,4.11162076212457e-18,1.820516053732744e-18
1067,5.441699943224203e-13,4.08038742995904e-18,1.826325925843028e-18
1068,5.40535500087821e-13,4.098742690678526e-18,1.865953219802686e-18
1069,5.416325920251179e-13,4.112267919837129e-18,1.844723633037048e-18
1070,5.414281346049924e-13,4.072620802294409e-18,1.811972399631249e-18
1071,5.398549414003508e-13,4.063899671287915e-18,1.77698172468851e-18
1072,5.52957369125215e-13,4.105278016349027e-18,2.023436876349336e-18
1073,5.549010403978118e-13,4.10022829361486e-18,1.886138325686759e-18
1074,5.431165073155731e-13,4.096680514536362e-18,1.821646830914666e-18
1075,5.39197322119019e-13,4.086942904005625e-18,1.818674277629831e-18
1076,5.497599866374254e-13,4.063137712291668e-18,1.823681971085563e-18
1077,5.476865014369894e-13,4.093789921849714e-18,1.849686911835442e-18
1078,5.521169168578187e-13,4.110353527375577e-18,1.911529545086139e-18
1079,5.548417623158244e-13,4.09149164770781e-18,1.877959803063563e-18
1080,5.558218765320316e-13,4.082683608191293e-18,1.917456662250042e-18
1081,5.367475896182812e-13,4.094811063698657e-18,1.768179949893862e-18
1082,5.307500167783289e-13,4.129867622985926e-18,1.773773331287114e-18
1083,5.344796492852165e-13,4.057794931310358e-18,1.727008083313987e-18
1084,5.625554242958167e-13,4.116544523691102e-18,1.97033329413072e-18
1085,5.502461279454684e-13,4.078226631713481e-18,1.830598341748055e-18
1086,5.487960856433007e-13,4.094455894617569e-18,1.891145752880039e-18
1087,5.24298030023942e-13,4.010420083999047e-18,1.613562875578292e-18
1088,5.482451447140172e-13,4.123784105696516e-18,1.987070625860836e-18
1089,5.546244429986485e-13,4.071625834898818e-18,1.900123079941949e-18
1090,5.405524007244779e-13,4.058195514543726e-18,1.757583239357713e-18
1091,5.752600853614614e-13,4.124289611953919e-18,2.068413378197686e-18
1092,5.562363630294383e-13,4.073500359751401e-18,1.845531719521943e-18
1093,5.633020914802975e-13,4.060658111841029e-18,1.906704800218746e-18
1094,5.40358240601229e-13,4.08218661302294e-18,1.862267862656201e-18
1095,5.656841651635012e-13,4.117213637664519e-18,2.002407380043846e-18
1096,5.444595559856324e-13,4.077165515928572e-18,1.849271087383099e-18
1097,5.723085255669519e-13,4.140476348847881e-18,2.049471506915058e-18
1098,5.382469589243884e-13,4.0600370688742e-18,1.755435138382192e-18
1099,5.549159235494542e-13,4.020491701441461e-18,1.796368460224757e-18
1100,5.339876718977717e-13,4.046083733708213e-18,1.736142009132171e-18
1101,5.490330295786545e-13,4.049872265102084e-18,1.906643703627288e-18
1102,5.487229027676437e-13,4.08233958500676e-18,1.847497761297426e-18
1103,5.592234387195493e-13,4.13424906782465e-18,1.983659601220256e-18
1104,5.452368000239218e-13,4.103594477063889e-18,1.818983591276401e-18
1105,5.468620003714436e-13,4.046621751788367e-18,1.815045799345842e-18
1106,5.27063271193987e-13,4.039001373618003e-18,1.695812451613676e-18
1107,5.385881318677696e-13,4.001772296466569e-18,1.70010866882545e-18
1108,5.489495479915218e-13,4.151683758626412e-18,1.989130279718554e-18
1109,5.51925570754897e-13,4.089321569102735e-18,1.903556051982562e-18
1110,5.326895523640754e-13,4.050134243834495e-18,1.72189232587858e-18
1111,5.410563357319451e-13,4.053318509506883e-18,1.803354964490354e-18
1112,5.365463766653553e-13,4.029296000180536e-18,1.748445058137228e-18
1113,5.358164578804667e-13,4.05189292641695e-18,1.75743446587074e-18
1114,5.492599240246165e-13,4.143123632978019e-18,1.951920347096837e-18
1115,5.474772766636238e-13,4.117273846416657e-18,1.911124085916962e-18
1116,5.33218140521815e-13,4.075906602168711e-18,1.765586846552141e-18
1117,5.346012099292749e-13,4.10255305091403e-18,1.795228375904089e-18
1118,5.37877973212902e-13,4.095376183532172e-18,1.806968645143094e-18
1119,5.563220409070382e-13,4.065219912548348e-18,1.883478639950731e-18
1120,5.401128848644441e-13,4.127387155700923e-18,1.884114621827577e-18
1121,5.342442804315009e-13,4.050439065280246e-18,1.772812433142701e-18
1122,5.361523118804034e-13,4.11679773794507e-18,1.854922726828209e-18
1123,5.475543489430399e-13,4.083943782843043e-18,1.851169724170687e-18
1124,5.458663311121683e-13,4.086256270000313e-18,1.860634418288853e-18
1125,5.409298671348299e-13,4.091881104768264e-18,1.833622930996631e-18
1126,5.417572687902669e-13,4.111167783485478e-18,1.826201000878438e-18
1127,5.549001277492454e-13,4.116064016389624e-18,1.915399969200852e-18
1128,5.510785223900042e-13,4.116497034061725e-18,1.890176881865019e-18
1129,5.365725905362166e-13,4.118191453231092e-18,1.842448815773467e-18
1130,5.40827890119818e-13,4.146288457218829e-18,1.894285463435481e-18
1131,5.397675089512452e-13,4.065548395835838e-18,1.747945648625328e-18
1132,5.451647743779132e-13,4.099011943036555e-18,1.825285373104465e-18
1133,5.342963486980825e-13,4.150053620524108e-18,1.854205171171206e-18
1134,5.624215182796687e-13,4.094994614990126e-18,1.986443796330768e-18
1135,5.495264492212542e-13,4.044368362392021e-18,1.808190647876736e-18
1136,5.384983170406862e-13,4.030332828932389e-18,1.749282616327568e-18
1137,5.336953079480169e-13,4.044386997411412e-18,1.710106011586966e-18
1138,5.476435113792196e-13,4.120435541221498e-18,1.926023572670347e-18
1139,5.590485483323707e-13,4.131410404758791e-18,2.000185017969264e-18
1140,5.431944734113255e-13,4.103294640621628e-18,1.844106592926149e-18
1141,5.476850747204397e-13,4.083700267078014e-18,1.88825259931824e-18
1142,5.442693713371691e-13,4.094757670322834e-18,1.848919634359983e-18
1143,5.305455474715867e-13,4.080045881222704e-18,1.766689588315103e-18
1144,5.365078494781685e-13,3.998441352709792e-18,1.704151286030181e-18
1145,5.504121091123042e-13,4.153245638418282e-18,1.956576575997886e-18
1146,5.288638766862154e-13,4.095633038440627e-18,1.715209752656714e-18
1147,5.493384228113205e-13,4.099863126839065e-18,1.882385286746359e-18
1148,5.525257300638539e-13,4.078373509368973e-18,1.852266138854046e-18
1149,5.548632527728951e-13,4.11378907818561e-18,1.911805848599643e-18
1150,5.353436931648434e-13,4.054887973942647e-18,1.730849010573744e-18
1151,5.53437476193585e-13,4.044887495037149e-18,1.856659874695614e-18
1152,5.402104764354082e-13,4.072683254776065e-18,1.825581913142333e-18
1153,5.574486505228082e-13,4.073044066202664e-18,1.925432491753538e-18
1154,5.584624749626574e-13,4.104481441746382e-18,1.887294682392765e-18
1155,5.534862206421693e-13,4.077302487232571e-18,1.913079713239861e-18
1156,5.342498399224912e-13,4.094355689132208e-18,1.780694906008646e-18
1157,5.535283547228143e-13,4.092571544053105e-18,1.984794893879189e-18
1158,5.438986563813847e-13,4.050780582962538e-18,1.806693365263899e-18
1159,5.589504275758731e-13,4.009619689840082e-18,1.813217360490137e-18
1160,5.471979754663441e-13,4.132508243448335e-18,1.954202350709114e-18
1161,5.703480822124023e-13,4.086831005800694e-18,2.008293465073722e-18
1162,5.672078872583689e-13,4.053941408217431e-18,1.896117669696489e-18
1163,5.779438645920268e-13,4.159479722685252e-18,2.071158002711058e-18
1164,5.527768132247284e-13,4.150436138283119e-18,1.932471946619171e-18
1165,5.463057168441369e-13,4.097164071605419e-18,1.893067140855597e-18
1166,5.415631780338092e-13,4.099006597642285e-18,1.817291239985778e-18
1167,5.380083976949397e-13,4.171712988550142e-18,1.913661533417976e-18
1168,5.291969053034617e-13,4.050297542510705e-18,1.678036930653159e-18
1169,5.556041065695223e-13,4.08168841684033e-18,1.918584703613778e-18
1170,5.384946072705663e-13,4.109403924701305e-18,1.795086422583769e-18
1171,5.384988547929622e-13,4.025999866142447e-18,1.73110763091334e-18
1172,5.406062858506309e-13,4.114880358825505e-18,1.921899431334021e-18
1173,5.460609109654334e-13,4.045958827679188e-18,1.797379238207677e-18
1174,5.403539159510339e-13,4.039201452101207e-18,1.766422590713567e-18
1175,5.659492409649659e-13,4.131272022504878e-18,2.030752418871914e-18
1176,5.448505773113754e-13,4.070817701765736e-18,1.78515155419494e-18
1177,5.512771870908268e-13,4.055583584587701e-18,1.835798447479245e-18
1178,5.350183611328137e-13,4.099739878448625e-18,1.768891232254614e-18
1179,5.419681805962732e-13,4.12626649438409e-18,1.905194316348593e-18
1180,5.277819788869898e-13,4.092248941270942e-18,1.741889655634705e-18
1181,5.420983990044658e-13,4.134563853114328e-18,1.902527543114791e-18
1182,5.339705846763327e-13,4.097833949449221e-18,1.826462169239451e-18
1183,5.381199408401469e-13,4.102755954687863e-18,1.829732922319712e-18
1184,5.469049236733647e-13,4.11981957844305e-18,1.883462318768864e-18
1185,5.498746237213722e-13,4.080980470949521e-18,1.916822037127874e-18
1186,5.64830414979529e-13,4.117242702728025e-18,1.937364131501949e-18
1187,5.53693273823557e-13,4.133813251843896e-18,1.925338805442743e-18
1188,5.292066028908446e-13,4.011855404919423e-18,1.631574645040921e-18
1189,5.479016313922558e-13,4.13940676354602e-18,1.916835237550763e-18
1190,5.328097470015586e-13,4.067526083788407e-18,1.737097382088148e-18
1191,5.448690252153055e-13,4.134948070011948e-18,1.914652238619693e-18
1192,5.520128006485007e-13,4.072135322085154e-18,1.860898723192871e-18
1193,5.361210898258096e-13,4.109306288859211e-18,1.81959597983601e-18
1194,5.286558653604394e-13,4.088982669899923e-18,1.725161289704348e-18
1195,5.271014759512354e-13,4.108776231425825e-18,1.772544590302106e-18
1196,5.390776764826498e-13,4.053473498309519e-18,1.78108337724485e-18
1197,5.486353866965609e-13,4.033147455644503e-18,1.817877170475184e-18
1198,5.452016816631939e-13,4.040068302778735e-18,1.810023986015624e-18
1199,5.341613200853481e-13,3.995064039855776e-18,1.682718778413195e-18
1200,5.54509740377648e-13,4.092425899329017e-18,1.942188519641842e-18
1201,5.655596730873861e-13,4.067874671001993e-18,1.932426781583466e-18
1202,5.407261209105741e-13,4.044091137558212e-18,1.773126980330884e-18
1203,5.428564265649805e-13,4.039729169557361e-18,1.819599776495765e-18
1204,5.415154182061284e-13,4.142482281028627e-18,1.885032105895248e-18
1205,5.325469183407139e-13,4.03525536571289e-18,1.719241324550897e-18
1206,5.752433526906821e-13,4.113124526556299e-18,2.041364621400362e-18
1207,5.576100735527736e-13,4.128722725180991e-18,1.916492044111967e-18
1208,5.360220505756724e-13,4.107324949292713e-18,1.824289753940587e-18
1209,5.245315490721765e-13,3.981213007100859e-18,1.611290843679949e-18
1210,5.275752321703503e-13,4.071057084823785e-18,1.714019866186085e-18
1211,5.344323172482954e-13,4.105253905396859e-18,1.833335772309909e-18
1212,5.329030848699416e-13,4.06185110259633e-18,1.738185625652237e-18
1213,5.494155166339098e-13,4.135093028680051e-18,1.945188527280657e-18
1214,5.290727185272641e-13,4.067857556452794e-18,1.680664197727536e-18
1215,5.427048598044066e-13,4.108141188911484e-18,1.890041271978598e-18
1216,5.440725753917135e-13,4.097643760351405e-18,1.86997852226444e-18
1217,5.414195541314833e-13,4.092347702664939e-18,1.862996514567454e-18
1218,5.298596233762898e-13,4.0640196206244e-18,1.748448586805432e-18
1219,5.460258314436568e-13,4.083989773845323e-18,1.849423793988547e-18
1220,5.325213510380681e-13,4.083478405687427e-18,1.752211716080131e-18
1221,5.43949500554407e-13,4.076783700088111e-18,1.865080423066268e-18
1222,5.290458748868937e-13,4.050726804314297e-18,1.78730788101844e-18
1223,5.509886828104005e-13,4.141467742673233e-18,2.007944607899535e-18
1224,5.631887841937045e-13,4.11842912010933e-18,1.963354706536852e-18
1225,5.462872302688782e-13,4.091696457745417e-18,1.895629221266593e-18
1226,5.263166553203545e-13,4.034155580906669e-18,1.661904092238557e-18
1227,5.545041202765505e-13,4.121208218163083e-18,1.965045279176108e-18
1228,5.29097449417465e-13,4.008850295079193e-18,1.660202475356734e-18
1229,5.271883567842204e-13,4.075113206652661e-18,1.740569082004839e-18
1230,5.290263206488378e-13,4.137135528013801e-18,1.84124398118937e-18
1231,5.451197400993848e-13,4.09354753049165e-18,1.87951141486967e-18
1232,5.532107723415574e-13,4.11423034338538e-18,1.902487349399642e-18
1233,5.341839768210248e-13,4.077617962306023e-18,1.785105449084238e-18
1234,5.517633068636246e-13,4.050267626226853e-18,1.881134648548855e-18
1235,5.404134843235842e-13,4.117618672063314e-18,1.869845139471269e-18
1236,5.415579433824994e-13,4.064768100597235e-18,1.834119473219823e-18
1237,5.424305433440101e-13,4.124268081719312e-18,1.906878135696858e-18
1238,5.590815994910498e-13,4.04666556058258e-18,1.901994639813937e-18
1239,5.4341005093609e-13,4.09861589476822e-18,1.844113255486147e-18
1240,5.502541173847549e-13,4.073652852837001e-18,1.949935529230822e-18
1241,5.394422628386089e-13,4.084044573222682e-18,1.834689233115631e-18
1242,5.494639605466304e-13,4.070568678376495e-18,1.940244122074867e-18
1243,5.558335512059077e-13,4.090326226470238e-18,1.941907964479822e-18
1244,5.645932919326579e-13,4.085962743401615e-18,1.929439539905484e-18
1245,5.645918742146324e-13,4.112354810141341e-18,1.967931309039232e-18
1246,5.551670269247128e-13,4.09338824709651e-18,1.874510005635038e-18
1247,5.441997830950666e-13,4.076042452157381e-18,1.855006955049003e-18
1248,5.440335156091119e-13,4.125982433256834e-18,1.856524026635691e-18
1249,5.310530106083935e-13,4.057753428672995e-18,1.709978991242349e-18
1250,5.298564571058503e-13,4.071062497585927e-18,1.7366129339673e-18
1251,5.33683437679642e-13,4.143627397766283e-18,1.918204378753234e-18
1252,5.283086913205647e-13,4.075205605270742e-18,1.773937289527481e-18
1253,5.485805013056354e-13,4.106316695314947e-18,1.911831453021734e-18
1254,5.378769665411606e-13,4.021382825616905e-18,1.733362350444824e-18
1255,5.397799744441421e-13,4.079148134354126e-18,1.856265718694719e-18
1256,5.431042391706837e-13,4.05956259891396e-18,1.815631004468159e-18
1257,5.564043606100628e-13,4.052608450212279e-18,1.881743058826685e-18
1258,5.472357373928983e-13,4.077937239924164e-18,1.848748463537954e-18
1259,5.422887738168142e-13,4.00111548261637e-18,1.721018210153117e-18
1260,5.375821738040761e-13,4.107954795403448e-18,1.839250057647942e-18
1261,5.354416827697516e-13,4.101275758145948e-18,1.887209255088663e-18
1262,5.327206555137922e-13,4.030225809968168e-18,1.763051988881359e-18
1263,5.41750761940699e-13,4.118705183224583e-18,1.901636053838489e-18
1264,5.516014789782201e-13,4.077178360214517e-18,1.876680571964563e-18
1265,5.688974560709273e-13,4.127465570889484e-18,1.957021008199266e-18
1266,5.459049451681215e-13,4.104739380678795e-18,1.815312510782751e-18
1267,5.518438508738917e-13,4.068749517386103e-18,1.837528163031128e-18
1268,5.442667904393578e-13,4.077695138229293e-18,1.778044317101306e-18
1269,5.465931055502061e-13,4.140527395144387e-18,1.906562350083037e-18
1270,5.335684801017448e-13,4.082162470142483e-18,1.731335226512372e-18
1271,5.366351612808426e-13,4.140656745088617e-18,1.893532984090427e-18
1272,5.436733227323609e-13,4.098860099342367e-18,1.845412729916214e-18
1273,5.575488666578139e-13,4.09083570546746e-18,1.941433990932716e-18
1274,5.463171750189192e-13,4.086683567257353e-18,1.84446101785492e-18
1275,5.395061092132932e-13,4.070760156358867e-18,1.776036901868832e-18
1276,5.311404396672712e-13,4.072167459919127e-18,1.764546801748856e-18
1277,5.211946801290158e-13,4.005646606932042e-18,1.616184724504476e-18
1278,5.321113264646696e-13,4.088678781012862e-18,1.797142046357922e-18
1279,5.38554908965774e-13,4.082305613408337e-18,1.829543580163165e-18
1280,5.618750620287667e-13,4.107208540957483e-18,2.020303363053879e-18
1281,5.490428033737775e-13,4.074690462513235e-18,1.836474934051483e-18
1282,5.310768196437743e-13,4.04825138821569e-18,1.706499350324127e-18
1283,5.244774507356246e-13,4.118162357522331e-18,1.77815410219741e-18
1284,5.311898437373174e-13,4.063214680802024e-18,1.760301284876955e-18
1285,5.321286530175907e-13,4.089145031296978e-18,1.802771686337053e-18
1286,5.372983955619073e-13,4.122719936796419e-18,1.849852531797946e-18
1287,5.229360595647665e-13,4.082985354872565e-18,1.721981820975486e-18
1288,5.383771799193394e-13,4.047141816509535e-18,1.782481731377666e-18
1289,5.471010192460699e-13,4.097496165843923e-18,1.869089370676112e-18
1290,5.583637112594861e-13,4.100157897269051e-18,1.985817092611935e-18
1291,5.379777593857153e-13,4.089512580733068e-18,1.804406798449294e-18
1292,5.350986687934295e-13,4.076808792250044e-18,1.777775515845519e-18
1293,5.211795262081189e-13,4.087419642568492e-18,1.718098734276353e-18
1294,5.203322483301268e-13,4.058998572205864e-18,1.69183573542358e-18
1295,5.347678274333492e-13,4.114975762287329e-18,1.841987902511501e-18
1296,5.612908615166444e-13,4.117026731946254e-18,1.978285178549685e-18
1297,5.438476359881356e-13,4.118199559739613e-18,1.838781390517894e-18
1298,5.455355867544957e-13,4.096979382191109e-18,1.882960450213648e-18
1299,5.364990831887695e-13,4.105650058393761e-18,1.814837890872803e-18
1300,5.544078024105827e-13,4.108804798163474e-18,1.951128692252637e-18
1301,5.394407616569014e-13,4.101582855946043e-18,1.829893457110451e-18
1302,5.568289038104306e-13,4.08380654706284e-18,1.893275896927721e-18
1303,5.39059548819837e-13,4.141126378642785e-18,1.88977127601101e-18
1304,5.371522333092056e-13,4.09026864689692e-18,1.797309706665771e-18
1305,5.401572883137633e-13,4.060879751670929e-18,1.796045505331367e-18
1306,5.443571410147737e-13,4.033104705824527e-18,1.869228916314889e-18
1307,5.336460817646301e-13,4.089515059148248e-18,1.816812443475034e-18
1308,5.409992602791722e-13,4.049209059981808e-18,1.798906998656496e-18
1309,5.389471338616962e-13,4.027328067092324e-18,1.759913571657013e-18
1310,5.485505840524358e-13,4.052762664095133e-18,1.840365808576008e-18
1311,5.609743093744322e-13,4.160288301734931e-18,2.061262166868115e-18
1312,5.535082941600615e-13,4.074544212317343e-18,1.842552877375941e-18
1313,5.422691492200222e-13,4.06750564317907e-18,1.775435133274788e-18
1314,5.532250810147773e-13,4.110226619446046e-18,1.888273065643986e-18
1315,5.335957765959902e-13,4.074691028495674e-18,1.746015380752569e-18
1316,5.402590468888965e-13,4.130459732601167e-18,1.879748883998746e-18
1317,5.269510211765216e-13,4.084402902487467e-18,1.732015610172535e-18
1318,5.456752756611042e-13,4.036751318172158e-18,1.814013711810699e-18
1319,5.522709072274752e-13,4.122543604472971e-18,1.90193681324515e-18
1320,5.474220224042272e-13,4.048406289054083e-18,1.897581208794121e-18
1321,5.402935192946706e-13,4.110769182587707e-18,1.907632503113147e-18
1322,5.602209579814422e-13,4.087359719578725e-18,1.939294198466513e-18
1323,5.383447865171538e-13,4.066749477732123e-18,1.780687665269536e-18
1324,5.451646205275139e-13,4.095562891714334e-18,1.883732500125604e-18
1325,5.426887157217987e-13,4.085764449396597e-18,1.864314581874546e-18
1326,5.417067483671779e-13,4.032553306463257e-18,1.771951292711824e-18
1327,5.333003939795205e-13,4.060306546346296e-18,1.776744238595807e-18
1328,5.503055269815127e-13,4.142298060296122e-18,1.960639031640511e-18
1329,5.383488279820272e-13,4.070366678946137e-18,1.776822507070308e-18
1330,5.461425166075471e-13,4.134230250972995e-18,1.965280438500252e-18
1331,5.265625338850046e-13,4.02582065203824e-18,1.655180819619897e-18
1332,5.722458867788609e-13,4.066359563106111e-18,1.95832993658255e-18
1333,5.469579156922465e-13,4.050142050444425e-18,1.761566734779067e-18
1334,5.53446460015262e-13,4.131372649996827e-18,1.966639961718597e-18
1335,5.279925976755007e-13,4.06036158257609e-18,1.72595939421598e-18
1336,5.397594010956258e-13,4.053501747857451e-18,1.777097463565579e-18
1337,5.27933839421293e-13,4.088863286618501e-18,1.749512360966394e-18
1338,5.571264626757362e-13,4.072292050820258e-18,1.914405195323696e-18
1339,5.565349164654766e-13,4.130823954056555e-18,1.945299556896609e-18
1340,5.564373799925264e-13,4.08726081016088e-18,1.900547889274865e-18
1341,5.449453806960187e-13,4.093459526489306e-18,1.872974306530753e-18
1342,5.470447899109995e-13,4.039968447274074e-18,1.834649601601282e-18
1343,5.492193766170215e-13,4.067022860022954e-18,1.841147923212589e-18
1344,5.676857935561636e-13,4.099476026859219e-18,1.962769174648271e-18
1345,5.373435532355474e-13,4.07502101149908e-18,1.752438429008433e-18
1346,5.392120376053187e-13,4.091678542966065e-18,1.809967621574763e-18
1347,5.277212129752776e-13,4.059865114000942e-18,1.672706340959496e-18
1348,5.331275685864488e-13,4.163126417235434e-18,1.878293203139659e-18
1349,5.27601024744097e-13,4.054175328167828e-18,1.717173066675621e-18
1350,5.30742936340484e-13,3.97614980902664e-18,1.622383501030122e-18
1351,5.431360399724144e-13,4.133975780160546e-18,1.903758809680619e-18
1352,5.437194045765584e-13,4.079429884583023e-18,1.838323853200658e-18
1353,5.544987997849284e-13,4.089198506410445e-18,1.903337412220787e-18
1354,5.484716137518462e-13,4.089538337340893e-18,1.854442546291138e-18
1355,5.464358976226463e-13,4.113161462801696e-18,1.888730439207883e-18
1356,5.41753361214042e-13,4.087439654357868e-18,1.838030860647926e-18
1357,5.343062559742565e-13,4.136398740332904e-18,1.838806719901437e-18
1358,5.427156355198088e-13,4.089799821328336e-18,1.845979254424214e-18
1359,5.521738106482255e-13,4.147330424082433e-18,1.950548614700084e-18
1360,5.334630496204203e-13,4.050660818715422e-18,1.752426712411109e-18
1361,5.4091777376732e-13,4.051259055388352e-18,1.790374408113243e-18
1362,5.460751595839125e-13,4.026543177566745e-18,1.781446884066944e-18
1363,5.50234403394064e-13,4.048054818613848e-18,1.842308334930632e-18
1364,5.445402955951952e-13,4.12839009527753e-18,1.887715172098656e-18
1365,5.62907623644115e-13,4.074498148586036e-18,1.907433244032997e-18
1366,5.398179892902052e-13,4.074927648170916e-18,1.795845948431162e-18
1367,5.429436525502319e-13,4.128461275554626e-18,1.925075938776449e-18
1368,5.348650279145836e-13,4.074326278421156e-18,1.796584229654675e-18
1369,5.493252768905686e-13,4.034899367555091e-18,1.820278756397228e-18
1370,5.460136083276309e-13,4.136027157993406e-18,1.904255151641466e-18
1371,5.412423398788862e-13,4.059870283541963e-18,1.863706926970432e-18
1372,5.404923713232512e-13,4.093484866253632e-18,1.807617934135836e-18
1373,5.398487101261967e-13,4.062914663908742e-18,1.7975009443633e-18
1374,5.476443399514422e-13,4.133281262997844e-18,1.924204691819144e-18
1375,5.522666324891191e-13,4.085185302453973e-18,1.870132620842766e-18
1376,5.665098693706426e-13,4.115779384664826e-18,1.989480511671462e-18
1377,5.465674634561514e-13,4.075084827081473e-18,1.831653921849925e-18
1378,5.349214626946476e-13,4.066089689641347e-18,1.746628088899127e-18
1379,5.411465808932416e-13,4.135403055838566e-18,1.925541758063653e-18
1380,5.429988086993525e-13,4.069821302587417e-18,1.862963148800109e-18
1381,5.449133149325984e-13,4.128623827256544e-18,1.866452883676158e-18
1382,5.522124666452147e-13,4.109656293465533e-18,1.960419463288677e-18
1383,5.457741225110331e-13,4.083727592554019e-18,1.822414849158175e-18
1384,5.501384449055684e-13,4.083173568868775e-18,1.87325188901837e-18
1385,5.55630982858332e-13,4.076790419574882e-18,1.938457002220061e-18
1386,5.58911263302076e-13,4.102656268402713e-18,1.926922780601345e-18
1387,5.569881992450302e-13,4.120735818751644e-18,1.935724756522338e-18
1388,5.420146301244574e-13,4.067308172413832e-18,1.786316332703859e-18
1389,5.580332561653879e-13,4.12574676823784e-18,1.967978702554108e-18
1390,5.468288878299008e-13,4.130411349371948e-18,1.837290092434574e-18
1391,5.380648365048091e-13,4.140043025983706e-18,1.852805738567191e-18
1392,5.383505061275368e-13,4.079964849561881e-18,1.768591666041306e-18
1393,5.448548138045215e-13,4.066034337067474e-18,1.790251065427288e-18
1394,5.474914440802609e-13,4.148329268275343e-18,1.878819414409977e-18
1395,5.444001561846931e-13,4.115697700048482e-18,1.827740669129686e-18
1396,5.572869463978074e-13,4.105295318792308e-18,1.889771419424227e-18
1397,5.463177263853379e-13,4.135592628737313e-18,1.907685147307122e-18
1398,5.538844253871498e-13,4.121887369766912e-18,1.983030238768367e-18
1399,5.475720741990632e-13,4.089819656870391e-18,1.806241514749932e-18
1400,5.569560634671131e-13,4.106361670258505e-18,1.942625914168282e-18
1401,5.523248449604208e-13,4.075271014224838e-18,1.875528374838988e-18
1402,5.604006131126507e-13,4.146230689368225e-18,1.989340785576988e-18
1403,5.602010148742566e-13,4.110895500422048e-18,1.926725411938358e-18
1404,5.795232070768369e-13,4.094358537913464e-18,1.963565730977569e-18
1405,5.66445613900186e-13,4.071805359491745e-18,1.862505394396991e-18
1406,5.491928049389844e-13,4.089309265525033e-18,1.794964627264771e-18
1407,5.786009314092647e-13,4.166087282707813e-18,2.068136776183615e-18
1408,5.653599947059174e-13,4.131421073236439e-18,1.935839324395489e-18
1409,5.745216817113253e-13,4.108974057802921e-18,1.971670346514308e-18
1410,5.597507044810475e-13,4.081473442305062e-18,1.882941086463532e-18
1411,5.465610918355468e-13,4.123942699574722e-18,1.892004237921826e-18
1412,5.353831511115697e-13,4.061182793579031e-18,1.736031370020429e-18
1413,5.449732723616878e-13,4.172146388865594e-18,1.931965883599562e-18
1414,5.547734248710463e-13,4.148123857970145e-18,1.998369791699972e-18
1415,5.476353278279885e-13,4.069388700964759e-18,1.841074227452386e-18
1416,5.462083991442453e-13,4.097370317343219e-18,1.881280772632629e-18
1417,5.459234633860838e-13,4.117307992798079e-18,1.927536984763608e-18
1418,5.312293006529913e-13,4.079634986440555e-18,1.760286391590541e-18
1419,5.790702515067988e-13,4.122778188896081e-18,2.057947175560014e-18
1420,5.613038539343677e-13,4.099809630582476e-18,1.928629451765396e-18
1421,5.680037011973568e-13,4.121433190886575e-18,2.035501475612573e-18
1422,5.59669278647724e-13,4.081527916918422e-18,1.876666914938116e-18
1423,5.639186114834152e-13,4.161225473347769e-18,1.987917512296663e-18
1424,5.567326072152827e-13,4.07443751262282e-18,1.824815258125278e-18
1425,5.611211910835483e-13,4.049398684855994e-18,1.8657377432985e-18
1426,5.561407520731706e-13,4.094827305907911e-18,1.909818753046182e-18
1427,5.610619073975283e-13,4.146944925744558e-18,1.966985503025058e-18
1428,5.367725143587328e-13,4.077669378180188e-18,1.778006823956569e-18
1429,5.476590510536369e-13,4.054098029297387e-18,1.821287434231104e-18
1430,5.35300775916458e-13,4.154597605259532e-18,1.881003717906677e-18
1431,5.735548094021487e-13,4.127802673899401e-18,2.052979942039175e-18
1432,5.483759933434207e-13,4.126720802416463e-18,1.900341698522849e-18
1433,5.625988410134931e-13,4.126345908956592e-18,1.984410492426776e-18
1434,5.558913452954362e-13,4.130713959436265e-18,1.959576327045634e-18
1435,5.548685051263147e-13,4.068942953438506e-18,1.874689142980996e-18
1436,5.508850060009757e-13,4.116551738616489e-18,1.915057464791936e-18
1437,5.727802312291593e-13,4.097908923005313e-18,2.042918427377105e-18
1438,5.449405616818279e-13,4.085875263544422e-18,1.826382252674647e-18
1439,5.526999675154886e-13,4.051357074301154e-18,1.85314707593711e-18
1440,5.450195320606325e-13,4.11433944854612e-18,1.861954586412228e-18
1441,5.439410363451186e-13,4.149209092581767e-18,1.906883385568765e-18
1442,5.34433722992495e-13,4.08014177420575e-18,1.820548352215215e-18
1443,5.391843649533493e-13,4.097169983793515e-18,1.795590210549262e-18
1444,5.710001712683506e-13,4.078348760536122e-18,1.966022788383801e-18
1445,5.407166354860153e-13,4.066353607402381e-18,1.832419097497033e-18
1446,5.418080525442559e-13,4.100592095386409e-18,1.874806877303576e-18
1447,5.261613064822116e-13,4.011641778414181e-18,1.665667618885171e-18
1448,5.309680213301189e-13,4.026072225787672e-18,1.731546374948363e-18
1449,5.369077178247965e-13,4.112995876748841e-18,1.871522528806142e-18
1450,5.332689622252094e-13,4.071914284702823e-18,1.805296133576152e-18
1451,5.287455120520903e-13,4.044153131499103e-18,1.776621399192615e-18
1452,5.648931074118608e-13,4.070006612533103e-18,1.919562986380779e-18
1453,5.653582899004137e-13,4.06390580262303e-18,1.880697888859329e-18
1454,5.545330474495185e-13,4.154510413109896e-18,1.961315718211417e-18
1455,5.350910039944217e-13,4.104142229172559e-18,1.796637596644788e-18
1456,5.402555924870682e-13,4.140017503042322e-18,1.901889087031761e-18
1457,5.290313889922417e-13,4.020565084710472e-18,1.718584106454202e-18
1458,5.602524998351118e-13,4.123293742113411e-18,1.983578632183458e-18
1459,5.678661131115291e-13,4.132639997169433e-18,2.005141363966532e-18
1460,5.521190578772529e-13,4.055928939904345e-18,1.793425381647462e-18
1461,5.54834663801317e-13,4.166473380943004e-18,1.899834760830229e-18
1462,5.500270267585475e-13,4.086995765206049e-18,1.879459693185091e-18
1463,5.37923600482361e-13,4.119207800755259e-18,1.810376059186292e-18
1464,5.531750865435571e-13,4.15905132758398e-18,2.002867480947553e-18
1465,5.555451977948494e-13,4.061523340002097e-18,1.845479309036155e-18
1466,5.520422723687241e-13,4.066988272647043e-18,1.792797072872545e-18
1467,5.564968554817489e-13,4.123089227614717e-18,1.939827653305758e-18
1468,5.513894107248487e-13,4.141564582218044e-18,1.916886076035471e-18
1469,5.761380381924123e-13,4.081030907411518e-18,1.953245074070013e-18
1470,5.591058056619013e-13,4.081304587686429e-18,1.871602268557414e-18
1471,5.555524126609866e-13,4.078641245833262e-18,1.879933462885455e-18
1472,5.549068236471019e-13,4.059543260565615e-18,1.844069307428431e-18
1473,5.387625680591593e-13,4.090960871887688e-18,1.808855238776509e-18
1474,5.437272100355429e-13,4.131173415883456e-18,1.901429020803701e-18
1475,5.507139615770437e-13,4.121017800902204e-18,1.963179047936474e-18
1476,5.599662515951614e-13,4.075374763292655e-18,1.931026404882246e-18
1477,5.337034309469025e-13,4.021456268246784e-18,1.698524951471832e-18
1478,5.5311018368969e-13,4.034981559707829e-18,1.83880318544644e-18
1479,5.316591611400977e-13,4.155996264413794e-18,1.857652668469762e-18
1480,5.662392591538948e-13,4.106736462106754e-18,2.027410419380479e-18
1481,5.476346854336834e-13,4.115135405581657e-18,1.89746793119172e-18
1482,5.357831437822959e-13,4.036303449135523e-18,1.761858324374791e-18
1483,5.368246688567683e-13,4.120697162409931e-18,1.870071177115485e-18
1484,5.355025623527968e-13,4.097718945708837e-18,1.804776554316859e-18
1485,5.35809345876401e-13,4.104381397944626e-18,1.81180626916767e-18
1486,5.499391865022854e-13,4.11390142751713e-18,1.913662101442983e-18
1487,5.428150655803937e-13,4.070055401511034e-18,1.830878919272684e-18
1488,5.413577710243793e-13,4.08338701289102e-18,1.823965344670644e-18
1489,5.396004737752622e-13,4.079182190762022e-18,1.778101230737519e-18
1490,5.495134088551288e-13,4.089741763529539e-18,1.892246313406083e-18
1491,5.389065139216005e-13,4.064392183643422e-18,1.830386699766365e-18
1492,5.558017044785723e-13,4.070455650299596e-18,1.955666363851356e-18
1493,5.465977998003891e-13,4.03991938778343e-18,1.79328920413994e-18
1494,5.536790134892814e-13,4.044741762487879e-18,1.831935001937673e-18
1495,5.398307320161547e-13,4.149584168996145e-18,1.895504936124503e-18
1496,5.59973246002553e-13,4.110605548989541e-18,1.969227479121036e-18
1497,5.37343991748826e-13,4.046643229331329e-18,1.744740846566778e-18
1498,5.413710313587074e-13,4.049335296160894e-18,1.794863621615554e-18
1499,5.333279995948932e-13,4.056328140934773e-18,1.768105290293765e-18
1500,5.424536298209583e-13,4.155382932033243e-18,1.944017249323699e-18
1501,5.353860968519108e-13,4.071273921665946e-18,1.780635986378812e-18
1502,5.425765487903311e-13,4.089961322373737e-18,1.941018652787405e-18
1503,5.508724136798343e-13,4.074104348598362e-18,1.923080675598366e-18
1504,5.458543834612291e-13,4.071347611011181e-18,1.848828609704284e-18
1505,5.325186609123893e-13,4.07079853041071e-18,1.816436807140105e-18
1506,5.304248002443593e-13,4.053191966571543e-18,1.758142229922408e-18
1507,5.303986533703875e-13,4.063450102692742e-18,1.762139142562997e-18
1508,5.287434159506595e-13,4.044018517038168e-18,1.750483484221218e-18
1509,5.434158923656919e-13,4.03359956302518e-18,1.788760836101485e-18
1510,5.4309325925873e-13,4.095051824791982e-18,1.861826671135217e-18
1511,5.389694215719387e-13,4.133649406436138e-18,1.835507240818404e-18
1512,5.393994719123354e-13,4.120706431982626e-18,1.805900248146593e-18
1513,5.46352134113291e-13,4.085881416530342e-18,1.809793781389455e-18
1514,5.456776904627364e-13,4.100536479474943e-18,1.850988443173395e-18
1515,5.627684008311048e-13,4.052257318492487e-18,1.888845020572641e-18
1516,5.492646579872407e-13,4.101884007402047e-18,1.846955614646594e-18
1517,5.70170427451111e-13,4.137659847013515e-18,2.038976904340423e-18
1518,5.551584149989076e-13,4.102010581786326e-18,1.911635932448474e-18
1519,5.471579869517307e-13,4.118323882487094e-18,1.93401628998503e-18
1520,5.292976884692748e-13,4.090892348813167e-18,1.74516275173542e-18
1521,5.36405873420591e-13,4.117582727649722e-18,1.832962739774174e-18
1522,5.292482451608078e-13,4.120740829779233e-18,1.780915436891549e-18
1523,5.475030117105604e-13,4.120978622831072e-18,1.922427981378726e-18
1524,5.503782075097796e-13,4.08548749398448e-18,1.878644965982881e-18
1525,5.42200201577077e-13,4.054705017211683e-18,1.798436062065392e-18
1526,5.426579825065156e-13,4.068633910351415e-18,1.795696880255797e-18
1527,5.357833401464197e-13,4.079018428647973e-18,1.792402997521094e-18
1528,5.417611350890176e-13,4.088196725396386e-18,1.891198900101973e-18
1529,5.326698634093844e-13,4.072773875605404e-18,1.734869683592081e-18
1530,5.677246716506828e-13,4.104321965779335e-18,2.031297628215513e-18
1531,5.491891154094312e-13,4.053397365679343e-18,1.838483192111482e-18
1532,5.492201575270528e-13,4.093626477609265e-18,1.900003781512709e-18
1533,5.498675924308044e-13,4.079158405525263e-18,1.845026465555486e-18
1534,5.385766966500267e-13,4.088974701692628e-18,1.786219426970983e-18
1535,5.440748821040598e-13,4.049225950349231e-18,1.808956628008314e-18
1536,5.439686908116308e-13,4.129520101539594e-18,1.88521801681517e-18
1537,5.43270385336823e-13,4.102875306377708e-18,1.889624787487358e-18
1538,5.486772126119806e-13,4.052243563113655e-18,1.828128060850024e-18
1539,5.562076979958904e-13,4.06946956734238e-18,1.908945551130427e-18
1540,5.691496041104376e-13,4.170755229984114e-18,2.094662598393301e-18
1541,5.583259824384695e-13,4.078512476087743e-18,1.904841903567899e-18
1542,5.55266260915979e-13,4.156325548480248e-18,1.993152052403891e-18
1543,5.41051006635872e-13,4.101012437349185e-18,1.825097299103094e-18
1544,5.338057936894521e-13,4.082980559737777e-18,1.768566298940479e-18
1545,5.400108849189086e-13,4.126928722817547e-18,1.865076816476308e-18
1546,5.662606363918672e-13,4.109008353414751e-18,2.019795257230417e-18
1547,5.478135748432305e-13,4.063686367464214e-18,1.835106251241916e-18
1548,5.464793381406051e-13,4.120218833253942e-18,1.872663058850291e-18
1549,5.405277314032178e-13,4.101610529181233e-18,1.814514553673807e-18
1550,5.3744470040651e-13,4.09508552550783e-18,1.779913981812354e-18
1551,5.498279232227255e-13,4.137488664634681e-18,1.947132384719355e-18
1552,5.355726805068863e-13,4.091750684063012e-18,1.788156772366083e-18
1553,5.260446084237033e-13,4.064041006929921e-18,1.668437589502463e-18
1554,5.479096525412018e-13,4.097563535093966e-18,1.859312729433742e-18
1555,5.523822302772304e-13,4.078643864591825e-18,1.846190219492165e-18
1556,5.528726919844758e-13,4.090640930097098e-18,1.946578108540764e-18
1557,5.322839169618632e-13,4.051056043067108e-18,1.705209156461134e-18
1558,5.567663063217328e-13,4.0627451526852e-18,1.859811266954652e-18
1559,5.335480101801934e-13,4.139434036763379e-18,1.830741578463032e-18
1560,5.493526735440701e-13,4.118540284569342e-18,1.919316498035429e-18
1561,5.301670501139244e-13,4.057459477100966e-18,1.748198494867813e-18
1562,5.557368845192962e-13,4.115843457401402e-18,1.997058779718357e-18
1563,5.348109378968714e-13,4.11177488138331e-18,1.834143985830822e-18
1564,5.486763799437964e-13,4.087418957027346e-18,1.928729059820411e-18
1565,5.500541111754458e-13,4.047201626616696e-18,1.853697710514617e-18
1566,5.522897983159325e-13,4.07704421854583e-18,1.930235184145851e-18
1567,5.554488855133938e-13,4.061082401256085e-18,1.884219909036891e-18
1568,5.317266098182715e-13,3.997881206693648e-18,1.70560465428148e-18
1569,5.64266090812148e-13,4.104410639646911e-18,2.022091145436971e-18
1570,5.408163338642735e-13,4.125711047136867e-18,1.836344178880587e-18
1571,5.411387449709747e-13,4.040178447800919e-18,1.842266085388782e-18
1572,5.504484527139669e-13,4.11092767744017e-18,1.953460320384386e-18
1573,5.412112580733405e-13,4.071308602870402e-18,1.820539998171906e-18
1574,5.379921169111406e-13,4.11444213238738e-18,1.866287806846087e-18
1575,5.378598167626333e-13,4.075181047777242e-18,1.814572027067992e-18
1576,5.278739316149667e-13,4.040115088872426e-18,1.688822598824029e-18
1577,5.360794905052165e-13,4.049708538586482e-18,1.778606744518586e-18
1578,5.403474660284055e-13,4.108275934297844e-18,1.863838175117721e-18
1579,5.415835277490098e-13,4.105486007807396e-18,1.889125055464887e-18
1580,5.393481362542828e-13,4.049851735156613e-18,1.789242620935795e-18
1581,5.341533889235093e-13,4.110184352897585e-18,1.827841312033943e-18
1582,5.425580944162071e-13,4.139142523167266e-18,1.919566083089519e-18
1583,5.374418402140076e-13,4.073025263034287e-18,1.826106208938065e-18
1584,5.530532427087806e-13,4.09377412630875e-18,1.921449207257557e-18
1585,5.269424190225299e-13,4.010556160774076e-18,1.6929636136017e-18
1586,5.296767942336872e-13,4.070225643604082e-18,1.787878580120363e-18
1587,5.295693235355598e-13,4.094881521690121e-18,1.78883053960744e-18
1588,5.443926008472651e-13,4.099168063523199e-18,1.850563457090701e-18
1589,5.364278225456971e-13,4.032617072224192e-18,1.706777254965864e-18
1590,5.448945707479279e-13,4.086669382502871e-18,1.877535487249455e-18
1591,5.283295522497669e-13,4.029492184716006e-18,1.674007382738128e-18
1592,5.481279383779018e-13,4.098305298405924e-18,1.888729863815396e-18
1593,5.373548822805385e-13,4.153064137502884e-18,1.888363657686875e-18
1594,5.390188048867581e-13,4.045106483641977e-18,1.802546943962652e-18
1595,5.358554757877889e-13,4.018596341959571e-18,1.749760518042158e-18
1596,5.474980824457776e-13,4.099494460966839e-18,1.928177235255831e-18
1597,5.449835729224089e-13,4.056498309712708e-18,1.840704980321309e-18
1598,5.525121968163538e-13,4.03455867366263e-18,1.818593151826444e-18
1599,5.363030956481214e-13,4.046129974980603e-18,1.795560419706163e-18
1600,5.399183626956184e-13,4.00709047480029e-18,1.746159254529483e-18
1601,5.451364241417443e-13,4.116156068250686e-18,1.883730339699561e-18
1602,5.491262822335113e-13,4.124504272773348e-18,1.973987856711668e-18
1603,5.413016329830864e-13,4.09002211076037e-18,1.852662527678729e-18
1604,5.547598229774124e-13,4.101191316932797e-18,1.935626280205525e-18
1605,5.336329619557677e-13,4.032730749144105e-18,1.710415829782553e-18
1606,5.462736627750604e-13,4.070782607796314e-18,1.851743066735168e-18
1607,5.391764907794764e-13,4.110883685850317e-18,1.850165318821582e-18
1608,5.618387266509397e-13,4.096839201883568e-18,1.96223577012916e-18
1609,5.421122075828746e-13,4.077527264524701e-18,1.800913187969074e-18
1610,5.599031816851773e-13,4.087846736854825e-18,1.979190268959806e-18
1611,5.563218789164812e-13,4.126042131929755e-18,1.944625249022453e-18
1612,5.590479261555142e-13,4.036551826791266e-18,1.819398261392385e-18
1613,5.618478517216045e-13,4.074784197940563e-18,1.899430389460802e-18
1614,5.655706840856775e-13,4.100880074233038e-18,2.027998042832443e-18
1615,5.617545706833585e-13,4.058273377975335e-18,1.926086969482143e-18
1616,5.417915341026028e-13,4.078020086662625e-18,1.814011522769796e-18
1617,5.318830410769992e-13,4.082775269581775e-18,1.744176604826165e-18
1618,5.303080041247425e-13,4.037319398040432e-18,1.661476418681267e-18
1619,5.364323585216024e-13,4.101061159530476e-18,1.791941699828014e-18
1620,5.197886313499435e-13,4.061048470200911e-18,1.644331633456779e-18
1621,5.500437100849797e-13,4.072317611732219e-18,1.855651907430597e-18
1622,5.537024791283031e-13,4.060092319386674e-18,1.858651838729305e-18
1623,5.422779070557372e-13,4.031969530146747e-18,1.799605923567269e-18
1624,5.417686833192723e-13,4.067898004955223e-18,1.814850661065878e-18
1625,5.464598147637023e-13,4.050249467232745e-18,1.801986155618529e-18
1626,5.524933901827238e-13,4.119245197448505e-18,1.969606802152817e-18
1627,5.586798228457687e-13,4.081175600174859e-18,1.985946111890865e-18
1628,5.650341449856283e-13,4.123333250031852e-18,1.994924619503254e-18
1629,5.475793150375818e-13,4.116195743272208e-18,1.883002657576407e-18
1630,5.382054843302277e-13,4.011806656804399e-18,1.717738216923176e-18
1631,5.355977098721118e-13,4.027928791051918e-18,1.681363089109251e-18
1632,5.556139751892244e-13,4.072162713538848e-18,1.902746537142258e-18
1633,5.61224744240165e-13,4.066607092739881e-18,1.86922435830426e-18
1634,5.66046141771701e-13,4.182320902173158e-18,2.029457857447096e-18
1635,5.694338321108591e-13,4.13322762362576e-18,1.982113683069923e-18
1636,5.608220613849989e-13,4.123236058147554e-18,1.927165439560741e-18
1637,5.470935657212064e-13,4.083654885413701e-18,1.839925949943296e-18
1638,5.327626157549052e-13,4.013151714700891e-18,1.636842311360542e-18
1639,5.715442187060656e-13,4.132092520412366e-18,2.019982916323844e-18
1640,5.444702694318896e-13,4.152029022887176e-18,1.913391975346503e-18
1641,5.373504367134619e-13,4.105659527718984e-18,1.849768750930561e-18
1642,5.305799140202007e-13,4.050453749503185e-18,1.668683900678517e-18
1643,5.529710252211877e-13,4.088653655218299e-18,1.8755872386189e-18
1644,5.405664140769234e-13,4.073180747879368e-18,1.75553144687983e-18
1645,5.485777431957191e-13,4.047806721896165e-18,1.898496756700948e-18
1646,5.361765601719722e-13,4.067498151045611e-18,1.766725582218803e-18
1647,5.47949308540337e-13,4.060907519820182e-18,1.832663888270017e-18
1648,5.376083172616373e-13,4.025238526961782e-18,1.719578826376211e-18
1649,5.419656527377021e-13,4.021084905476434e-18,1.7437927957745e-18
1650,5.426701847308714e-13,4.117325575054839e-18,1.885580878176797e-18
1651,5.354386824564496e-13,4.079826927607817e-18,1.758724817278699e-18
1652,5.301747181378025e-13,4.114142866353395e-18,1.776070465465941e-18
1653,5.430413412731716e-13,4.060257508784164e-18,1.798324122711181e-18
1654,5.438573135583375e-13,4.109413195597473e-18,1.859044324412909e-18
1655,5.424348894776844e-13,4.043569911003085e-18,1.744603892741794e-18
1656,5.413237114465127e-13,4.114391391423793e-18,1.85645774112337e-18
1657,5.51963737028626e-13,4.115432183788282e-18,1.920916028825037e-18
1658,5.629609381451008e-13,4.056278941718607e-18,1.914095875805948e-18
1659,5.684766882398252e-13,4.109524997214949e-18,2.074598574379415e-18
1660,5.590665898627974e-13,4.070833757701345e-18,1.909006832023525e-18
1661,5.521850167607995e-13,4.141209531357198e-18,1.900079496021371e-18
1662,5.429695260260186e-13,4.097448252073234e-18,1.824358877942924e-18
1663,5.436819485241426e-13,4.065643909884752e-18,1.834984247232952e-18
1664,5.588083398091715e-13,4.116122284249382e-18,1.979773938060837e-18
1665,5.400505041585859e-13,4.04020707622645e-18,1.759055125951503e-18
1666,5.485425085287315e-13,4.136274659036731e-18,1.97615374079073e-18
1667,5.28966185573197e-13,4.036127889587505e-18,1.684582921244422e-18
1668,5.41366046408765e-13,4.132300841090695e-18,1.915135506034014e-18
1669,5.235791996173775e-13,4.045753283647566e-18,1.697049985235264e-18
1670,5.435012687436647e-13,4.065459066790263e-18,1.784661807375052e-18
1671,5.364386539482577e-13,4.133364507010081e-18,1.885554376195585e-18
1672,5.19797892566966e-13,4.052341286299381e-18,1.662623540421313e-18
1673,5.437956378856854e-13,4.069111510590786e-18,1.810460235281378e-18
1674,5.286503012630245e-13,4.065285188017963e-18,1.732000349220156e-18
1675,5.27872802417273e-13,4.08774462787409e-18,1.751590054465145e-18
1676,5.481212418635857e-13,4.1329179863809e-18,1.93882739936633e-18
1677,5.337115210752288e-13,4.053877344717938e-18,1.722945070787978e-18
1678,5.351840167970068e-13,4.051707771414948e-18,1.774993587567547e-18
1679,5.518476300670323e-13,4.122003276119607e-18,1.990962404619277e-18
1680,5.542378271300702e-13,4.080634769976369e-18,1.942087224513605e-18
1681,5.536893077876048e-13,4.1046094963023e-18,1.92878268305009e-18
1682,5.448600053528293e-13,4.034986123651602e-18,1.770881812650066e-18
1683,5.351705370696294e-13,4.091178678678258e-18,1.783540970183651e-18
1684,5.3072058252956e-13,4.099271410462669e-18,1.851827399037578e-18
1685,5.297512536003674e-13,4.095410363731499e-18,1.787855913022155e-18
1686,5.521023603351418e-13,4.077048641724367e-18,1.907726839384454e-18
1687,5.557143269283457e-13,4.136395358759216e-18,1.909877742907952e-18
1688,5.532646716047746e-13,4.052115218817929e-18,1.839982563432028e-18
1689,5.416314897571068e-13,4.054441154529141e-18,1.782653054562314e-18
1690,5.521574264523849e-13,4.099417142490362e-18,1.900745346868361e-18
1691,5.386190026094987e-13,4.053124506424212e-18,1.73020713018417e-18
1692,5.435942151447005e-13,4.116164304699935e-18,1.922507197967688e-18
1693,5.39854653586419e-13,4.089041864407718e-18,1.828632541147892e-18
1694,5.485634071385831e-13,4.092074149904572e-18,1.885815583616611e-18
1695,5.46458433612595e-13,4.081136811215348e-18,1.828048551869218e-18
1696,5.340153595600951e-13,4.046331549109169e-18,1.743977650184815e-18
1697,5.368199412466823e-13,4.074772461019553e-18,1.807866866569538e-18
1698,5.433302566038793e-13,4.098856137871057e-18,1.844210421677008e-18
1699,5.333032778212052e-13,4.014412150385638e-18,1.658742752263211e-18
1700,5.333245553684786e-13,4.08107024448671e-18,1.786765100432038e-18
1701,5.325184360322303e-13,4.006390813682719e-18,1.688068555009262e-18
1702,5.301239461593705e-13,4.057438111843382e-18,1.719727683313834e-18
1703,5.474241751353938e-13,4.059546830863205e-18,1.851077668256813e-18
1704,5.293492187234855e-13,4.017948271008672e-18,1.670563461205879e-18
1705,5.551285490220458e-13,4.082145668114943e-18,2.00219469864155e-18
1706,5.534197939150467e-13,4.079713204916232e-18,1.880373691894489e-18
1707,5.550410951840652e-13,4.0306363129956e-18,1.852756398787431e-18
1708,5.421737035519339e-13,4.126617516584428e-18,1.907678552932917e-18
1709,5.41379958352646e-13,4.045410574701148e-18,1.806645916948651e-18
1710,5.365241521367218e-13,4.076872780396395e-18,1.790619662877898e-18
1711,5.440964138996978e-13,4.097836590046063e-18,1.866803847357207e-18
1712,5.529565363515003e-13,4.132543407969007e-18,1.959213951385146e-18
1713,5.399221279416361e-13,4.073013532128192e-18,1.813780525832585e-18
1714,5.29538227016664e-13,4.026759245807879e-18,1.703574891193329e-18
1715,5.475449809654541e-13,4.007668289241766e-18,1.781288365695243e-18
1716,5.404412709528846e-13,4.117981310478403e-18,1.860667390754014e-18
1717,5.52591742574386e-13,4.042354487360566e-18,1.817666241723124e-18
1718,5.546279092366602e-13,4.106997603646239e-18,1.876651438095616e-18
1719,5.40354179864216e-13,4.081448253387179e-18,1.817735158913557e-18
1720,5.299347541627072e-13,4.033951516520019e-18,1.676545161684537e-18
1721,5.527486832415741e-13,4.067942368443422e-18,1.918367237179907e-18
1722,5.530028338783306e-13,4.092715202413678e-18,1.911425881686706e-18
1723,5.340883551889406e-13,4.039480400134934e-18,1.755085717581603e-18
1724,5.470645495797253e-13,4.067515902730816e-18,1.849886561381358e-18
1725,5.430581963569111e-13,4.106949206434578e-18,1.850293067698649e-18
1726,5.539038836791005e-13,4.05118360038984e-18,1.88059094060605e-18
1727,5.526716228599676e-13,4.071544945210755e-18,1.897087672841512e-18
1728,5.468997696560719e-13,4.112312204484967e-18,1.909412284997532e-18
1729,5.552499603146671e-13,4.044467862566381e-18,1.878195953883348e-18
1730,5.39879069493497e-13,4.135458320727141e-18,1.899784907254741e-18
1731,5.677841913803562e-13,4.067995145740805e-18,1.933730401688823e-18
1732,5.50257668171865e-13,4.083517791110676e-18,1.830196689026728e-18
1733,5.495093271142531e-13,4.051663129846907e-18,1.872224164032989e-18
1734,5.392178836565352e-13,4.104144411018328e-18,1.820965719458132e-18
1735,5.461658725458802e-13,4.076959274564066e-18,1.854933247937969e-18
1736,5.505692166888011e-13,4.122288977350314e-18,1.932949390040717e-18
1737,5.401807049308916e-13,4.091871490993479e-18,1.801268903067567e-18
1738,5.585763317146578e-13,4.131436555257982e-18,1.989757372784006e-18
1739,5.373096918841748e-13,4.089873329594924e-18,1.784800643584613e-18
1740,5.391398175420338e-13,4.06659427180688e-18,1.807049177010231e-18
1741,5.449566825704861e-13,4.113682339604725e-18,1.908401684117059e-18
1742,5.500566942101126e-13,4.099494643696044e-18,1.943977456094727e-18
1743,5.469079568750143e-13,4.118177023526392e-18,1.914984228070142e-18
1744,5.691853396032868e-13,4.107251958743721e-18,1.993793500121097e-18
1745,5.671677556371944e-13,4.136091677243117e-18,1.998500072036947e-18
1746,5.512729868926453e-13,4.088059432918356e-18,1.839895621004033e-18
1747,5.420070679334887e-13,4.108964065327147e-18,1.812030568625917e-18
1748,5.45294938064843e-13,4.06496321982183e-18,1.788380965593411e-18
1749,5.481411351428769e-13,4.118218494908617e-18,1.894945289780523e-18
1750,5.373833624604278e-13,4.125252364300838e-18,1.872035088465981e-18
1751,5.466648162809136e-13,4.09788511900843e-18,1.897435358110645e-18
1752,5.431827196065731e-13,4.12864288413356e-18,1.892150599653606e-18
1753,5.490899424503269e-13,4.076256349673668e-18,1.863086983831806e-18
1754,5.414370709513549e-13,4.013462502927002e-18,1.722641926717929e-18
1755,5.380632793320775e-13,4.050612445196583e-18,1.756011983786024e-18
1756,5.538952142669917e-13,4.14492373118693e-18,1.978528085878504e-18
1757,5.321955794912877e-13,4.075547775332373e-18,1.726768980493129e-18
1758,5.371639348562683e-13,4.061247987010188e-18,1.773444162033116e-18
1759,5.519718297462423e-13,4.089407500531042e-18,1.970462139636725e-18
1760,5.533542106297269e-13,4.148606230976056e-18,2.003423016921234e-18
1761,5.490580536287899e-13,4.083395741102951e-18,1.867126807168579e-18
1762,5.645273131442562e-13,4.128235204507001e-18,2.046153153412628e-18
1763,5.398275624038554e-13,4.090222761912431e-18,1.829810593321364e-18
1764,5.409403383497867e-13,4.057544036000814e-18,1.807872326558045e-18
1765,5.489912007612845e-13,4.05007630823764e-18,1.834915127319464e-18
1766,5.413767329405296e-13,4.090152429497066e-18,1.809378967435373e-18
1767,5.418905883432404e-13,4.057454914084394e-18,1.791098227230124e-18
1768,5.354999033383726e-13,4.097643611858385e-18,1.800715926256169e-18
1769,5.481043038926505e-13,4.06719138455921e-18,1.852077260659322e-18
1770,5.333319287718533e-13,4.102376040820821e-18,1.790780252996844e-18
1771,5.656688027592838e-13,4.049251373231894e-18,1.898167730404266e-18
1772,5.398615181958607e-13,4.099560476884845e-18,1.828658547142366e-18
1773,5.414519487328103e-13,4.102684452092898e-18,1.890581228840067e-18
1774,5.244320851493538e-13,4.069354509783845e-18,1.717396360661768e-18
1775,5.326384003938512e-13,4.109341113146153e-18,1.82193575659375e-18
1776,5.25570818435289e-13,4.087473979219816e-18,1.757185968018348e-18
1777,5.477586941976378e-13,4.082683491955576e-18,1.915480384911773e-18
1778,5.398666483558418e-13,4.065010240407655e-18,1.815855447720419e-18
1779,5.455516348440961e-13,4.063544688722417e-18,1.805783156587534e-18
1780,5.382638699858277e-13,4.072712993746473e-18,1.763544809837483e-18
1781,5.348046455532467e-13,4.061362711376004e-18,1.743566796905578e-18
1782,5.390987750641763e-13,4.120964361034376e-18,1.845659103658593e-18
1783,5.385568869455439e-13,4.068744469690916e-18,1.791186711795896e-18
1784,5.469150952326765e-13,4.045347259610147e-18,1.780350086746905e-18
1785,5.377633122427293e-13,4.034784277535411e-18,1.754406168045494e-18
1786,5.386540687786265e-13,4.050446044345459e-18,1.757795434499401e-18
1787,5.392838769921301e-13,4.058686237246953e-18,1.804891557708562e-18
1788,5.456007548613268e-13,4.117567078270775e-18,1.917726503253797e-18
1789,5.381057417932647e-13,4.05367695314872e-18,1.783909898177763e-18
1790,5.380284838569205e-13,4.107746522992026e-18,1.864388485110659e-18
1791,5.358325566839764e-13,4.05183838054865e-18,1.762575032427344e-18
1792,5.379728233773192e-13,4.092298230385258e-18,1.839577212666319e-18
1793,5.35716301002462e-13,4.080480837700328e-18,1.794369572371462e-18
1794,5.493799445225658e-13,4.100694141780394e-18,1.908501180280215e-18
1795,5.443535188711198e-13,4.023661644000097e-18,1.807391982330494e-18
1796,5.528191350798365e-13,4.120834959467652e-18,2.00481187198677e-18
1797,5.488558105760608e-13,4.074785556031025e-18,1.910413002523004e-18
1798,5.419142250904646e-13,4.127949537711236e-18,1.90208077514937e-18
1799,5.61722559061184e-13,4.113560219312314e-18,1.972700440798841e-18
1800,5.511318843947526e-13,4.089211650908863e-18,1.9068625556408e-18
1801,5.513798257644219e-13,4.103814830218507e-18,1.855516336029934e-18
1802,5.358577480302985e-13,4.101972689255992e-18,1.806378704515349e-18
1803,5.466256801290118e-13,4.142994928751193e-18,1.958872457269407e-18
1804,5.298366714704726e-13,4.084674804396076e-18,1.746930124920358e-18
1805,5.38772860651276e-13,4.071848774154024e-18,1.844957137316943e-18
1806,5.412623121353552e-13,4.140647223318508e-18,1.874566517413871e-18
1807,5.399589179818104e-13,4.094809586290605e-18,1.884481271066813e-18
1808,5.333379949026658e-13,4.046159038833836e-18,1.765454298864695e-18
1809,5.377373880231863e-13,3.989621146881898e-18,1.713972187865819e-18
1810,5.606837499597211e-13,4.150117126334124e-18,2.072828022071843e-18
1811,5.380199560790785e-13,4.056605921560328e-18,1.790233654516786e-18
1812,5.39139884638391e-13,3.97848201512341e-18,1.695709890585135e-18
1813,5.655018289711611e-13,4.145968011291449e-18,2.02878209131771e-18
1814,5.651601582231233e-13,4.107334116764533e-18,1.956688852319853e-18
1815,5.518291499172637e-13,4.044060902274667e-18,1.823064095033758e-18
1816,5.511233500317261e-13,4.100720435456979e-18,1.858413107635134e-18
1817,5.478513115922116e-13,4.125654615662786e-18,1.907424378562993e-18
1818,5.296073234569455e-13,4.100714897896565e-18,1.773311512249333e-18
1819,5.511057197386572e-13,4.024451760152544e-18,1.816033134884859e-18
1820,5.494750331102649e-13,4.091400242738388e-18,1.854401696428147e-18
1821,5.430116851998924e-13,4.089724611462842e-18,1.85074972339161e-18
1822,5.463005659717007e-13,4.029351837039093e-18,1.757693778784036e-18
1823,5.413695405460192e-13,4.107430947858891e-18,1.808362732555858e-18
1824,5.41297290499868e-13,4.098769980481671e-18,1.820072442313256e-18
1825,5.367674785502433e-13,4.086773765639954e-18,1.78852497168442e-18
1826,5.495166046183583e-13,4.050504700037379e-18,1.790686270205148e-18
1827,5.318683898222154e-13,4.071553692593112e-18,1.738094506553985e-18
1828,5.373765186691715e-13,4.064240700692546e-18,1.795427440257802e-18
1829,5.386010784090555e-13,4.128209148904954e-18,1.884650194319089e-18
1830,5.403872609634561e-13,4.080431778431685e-18,1.80809764623346e-18
1831,5.518190447936786e-13,4.078773255834022e-18,1.972227973128641e-18
1832,5.447978402390637e-13,4.059697663381853e-18,1.80683402534645e-18
1833,5.545217538901598e-13,4.117990494918252e-18,1.933771623352294e-18
1834,5.438434520879245e-13,4.09801904629884e-18,1.832535414207696e-18
1835,5.327473127949649e-13,4.041136082001534e-18,1.713777899044502e-18
1836,5.3917835084285e-13,4.053220378874432e-18,1.785549284897737e-18
1837,5.410304712004516e-13,4.127803293215276e-18,1.906656697651394e-18
1838,5.433524570181709e-13,4.095670048240606e-18,1.837740147811865e-18
1839,5.329997735058581e-13,4.059706316425368e-18,1.765507855100423e-18
1840,5.397572678725098e-13,4.048595661963722e-18,1.780181521186124e-18
1841,5.317341625699405e-13,4.067407792283622e-18,1.755180119835412e-18
1842,5.372269213869817e-13,4.076196186829373e-18,1.805161291388452e-18
1843,5.272607603757057e-13,4.092245506458999e-18,1.778368050870252e-18
1844,5.791715551333736e-13,4.115924692736758e-18,2.051304964752333e-18
1845,5.585642799340844e-13,4.081091709817455e-18,1.883126013653903e-18
1846,5.675281303539941e-13,4.137580179537984e-18,2.012419601810994e-18
1847,5.396144689104715e-13,4.10319573490145e-18,1.851096928333896e-18
1848,5.391258301926163e-13,4.039205207159568e-18,1.848144297310976e-18
1849,5.41565550837976e-13,4.052991131731576e-18,1.820396875021354e-18
1850,5.273424251560321e-13,4.03949801554979e-18,1.748123376958786e-18
1851,5.419136824055128e-13,4.040522848069169e-18,1.809087027047563e-18
1852,5.291150351855375e-13,4.02377131394772e-18,1.680190596169143e-18
1853,5.470327541750971e-13,4.041489458637871e-18,1.80152052450057e-18
1854,5.457646190883599e-13,4.112844914105563e-18,1.883859763149337e-18
1855,5.546512063606335e-13,4.140297686216317e-18,1.966773719699816e-18
1856,5.327308558558963e-13,4.069736086968359e-18,1.771113409599719e-18
1857,5.288784789730036e-13,4.001420701522136e-18,1.637332155591514e-18
1858,5.291324524061163e-13,4.12730869041691e-18,1.824199013846272e-18
1859,5.275331240343052e-13,4.121320589135641e-18,1.811345333009414e-18
1860,5.361756746996591e-13,4.114545183434855e-18,1.874233087555419e-18
1861,5.370499763669871e-13,4.015551852004016e-18,1.729524513312407e-18
1862,5.521810549754402e-13,4.058909532566822e-18,1.832312813637585e-18
1863,5.483036140384302e-13,4.140519104460771e-18,1.901302867447709e-18
1864,5.464419970093636e-13,4.105066039602046e-18,1.906262696235392e-18
1865,5.473211952515957e-13,4.066721458783206e-18,1.8312245666578e-18
1866,5.506675976226811e-13,4.119307929644332e-18,1.949427885110185e-18
1867,5.788163427076027e-13,4.110113896535498e-18,2.032884692118286e-18
1868,5.567557878782984e-13,4.113528734723261e-18,1.92588939075558e-18
1869,5.580589604577677e-13,4.128375134973164e-18,1.958645893888695e-18
1870,5.418621057052411e-13,4.106661617472032e-18,1.84884261752832e-18
1871,5.358373362125762e-13,4.102853758899566e-18,1.778269165390819e-18
1872,5.303418276742123e-13,4.081187437246745e-18,1.746191210450245e-18
1873,5.301023708654582e-13,4.046143349367743e-18,1.733124768923496e-18
1874,5.301192202638854e-13,4.061116083836957e-18,1.798797913132396e-18
1875,5.313739489446249e-13,4.124840006661561e-18,1.81153924898861e-18
1876,5.260411509977389e-13,4.106290775214777e-18,1.728364077296886e-18
1877,5.251238137066655e-13,4.003234021816363e-18,1.646659385336581e-18
1878,5.30439015281082e-13,4.091738116463148e-18,1.805503045468519e-18
1879,5.25564413184027e-13,4.051328890484839e-18,1.696875361027819e-18
1880,5.749071405906964e-13,4.101316020589579e-18,2.061506496661633e-18
1881,5.431713376915632e-13,4.033933624862396e-18,1.759265387399107e-18
1882,5.399003482302515e-13,4.123812976663687e-18,1.909550456046301e-18
1883,5.233845028870963e-13,4.093536397207848e-18,1.736291649873783e-18
1884,5.522679132287366e-13,4.113684026980756e-18,1.93673437668952e-18
1885,5.370175821303525e-13,4.07124711833929e-18,1.791995684850073e-18
1886,5.533535603393696e-13,4.075864224106645e-18,1.914004543193832e-18
1887,5.477408670012013e-13,4.104737537243577e-18,1.876335718823157e-18
1888,5.604045818646093e-13,4.048059734969594e-18,1.924403513734103e-18
1889,5.517185544549532e-13,4.09541224377173e-18,1.895245637690536e-18
1890,5.583695753008223e-13,4.067710940751037e-18,1.867786879781399e-18
1891,5.428476687595788e-13,4.084262022053196e-18,1.812983550009882e-18
1892,5.413822219012969e-13,3.995654354850553e-18,1.712915199304317e-18
1893,5.351666907764007e-13,4.11507058913092e-18,1.805959834543557e-18
1894,5.597634292517877e-13,4.13190381659027e-18,1.98093734725762e-18
1895,5.59011073899493e-13,4.086267090174856e-18,1.934124141110032e-18
1896,5.469829607245924e-13,4.086657781015102e-18,1.850744811529924e-18
1897,5.552757749594384e-13,4.098211938707479e-18,1.999629818276637e-18
1898,5.396867369430114e-13,4.083530494785437e-18,1.826849828061482e-18
1899,5.491975326855803e-13,4.092056752807191e-18,1.902877889096276e-18
1900,5.355559306130808e-13,4.070413997700353e-18,1.771275949222084e-18
1901,5.289755643669734e-13,4.049752705354781e-18,1.711116425117422e-18
1902,5.391087717995394e-13,4.092302221291411e-18,1.828838190913891e-18
1903,5.345270999501973e-13,4.028659953313932e-18,1.747121576325142e-18
1904,5.416803506837706e-13,4.033787227391459e-18,1.783468125016442e-18
1905,5.69505522549234e-13,4.087074710433085e-18,1.941733471192919e-18
1906,5.621836141904537e-13,4.100368879680741e-18,1.90791139019466e-18
1907,5.442404006536016e-13,4.090327388051522e-18,1.834251347498149e-18
1908,5.382272606245356e-13,4.086040937541438e-18,1.788360962633017e-18
1909,5.397666141063215e-13,4.062477820156346e-18,1.769365927193437e-18
1910,5.414922530696591e-13,4.037305096509811e-18,1.751833381151197e-18
1911,5.391544846013139e-13,4.061830535647786e-18,1.786270544986374e-18
1912,5.539054016469892e-13,4.085018625827466e-18,1.896965098650673e-18
1913,5.380336312479891e-13,4.112414406326467e-18,1.806062312019388e-18
1914,5.411141105331447e-13,4.124264663230029e-18,1.919603726191598e-18
1915,5.343037919151532e-13,4.091074830219648e-18,1.796623915752003e-18
1916,5.465330159729854e-13,4.141684260237306e-18,1.917969936926792e-18
1917,5.443684410122142e-13,4.055327651335303e-18,1.765847711508017e-18
1918,5.655129809308303e-13,4.129669265895001e-18,2.00133646467232e-18
1919,5.405920374328859e-13,4.102059219993603e-18,1.853316171652386e-18
1920,5.509942566025464e-13,4.147207754072888e-18,1.956115004346275e-18
1921,5.278560575857912e-13,4.092073229197586e-18,1.757822166219342e-18
1922,5.466341555350394e-13,4.078217232042291e-18,1.87634701973925e-18
1923,5.475684267091477e-13,4.107216642514325e-18,1.905069157894447e-18
1924,5.665630045089437e-13,4.159236317535648e-18,2.047048611474145e-18
1925,5.479008198280682e-13,4.058921934256959e-18,1.827545198773056e-18
1926,5.59067065355189e-13,4.075892668612916e-18,1.906666150972722e-18
1927,5.336017681785e-13,4.011091620273426e-18,1.67998779887856e-18
1928,5.372350788985423e-13,4.079664504288224e-18,1.849272909464406e-18
1929,5.332863170940978e-13,4.127291454807407e-18,1.867136131517231e-18
1930,5.459625196062381e-13,4.063042964442352e-18,1.841164894030839e-18
1931,5.414603988145618e-13,4.080321786758056e-18,1.848365425612329e-18
1932,5.416289511106599e-13,4.077034513490965e-18,1.839526459686796e-18
1933,5.372438549961974e-13,4.004546052207509e-18,1.729361325275554e-18
1934,5.304162678352424e-13,4.039719601843234e-18,1.72821118708214e-18
1935,5.370630714108708e-13,4.107312617561276e-18,1.843817099658769e-18
1936,5.527771230438616e-13,4.072821573631428e-18,1.903361802350761e-18
1937,5.663777324417475e-13,4.046320890899927e-18,1.902308585672738e-18
1938,5.41958472438804e-13,3.998880995074406e-18,1.687653778345383e-18
1939,5.423328165773272e-13,4.021639678448819e-18,1.779485527834309e-18
1940,5.353114162967003e-13,4.09752008328419e-18,1.810820542941462e-18
1941,5.596338594245481e-13,4.155048696856581e-18,2.001721225623661e-18
1942,5.474624021952471e-13,4.096940577332718e-18,1.893841437018162e-18
1943,5.621844723496707e-13,4.063060511257468e-18,1.872822461277611e-18
1944,5.499538531271857e-13,4.072971794229947e-18,1.859649106276528e-18
1945,5.626061581670143e-13,4.080638297536154e-18,1.943227401776674e-18
1946,5.390470829260048e-13,4.047816899173835e-18,1.731373120058007e-18
1947,5.405041570811022e-13,4.064054669639589e-18,1.794922967318749e-18
1948,5.429217972641558e-13,4.163166849649857e-18,1.900910094249251e-18
1949,5.356679794153593e-13,4.087666396922246e-18,1.786960397643025e-18
1950,5.535304922906612e-13,4.140290760503246e-18,1.966976253416846e-18
1951,5.386401239604553e-13,4.036256669150691e-18,1.741426179524619e-18
1952,5.319078276018597e-13,4.045948632806689e-18,1.711864954465582e-18
1953,5.36478176588528e-13,4.104989493437055e-18,1.863290748020358e-18
1954,5.390428458401168e-13,4.117754562385475e-18,1.864064582709457e-18
1955,5.437135495847794e-13,4.054208605176047e-18,1.821690037180984e-18
1956,5.492766161247214e-13,4.133632436301151e-18,1.937552071781572e-18
1957,5.548077110506682e-13,4.064133013043107e-18,1.915639901657204e-18
1958,5.409237317278332e-13,4.021337362293487e-18,1.73484525156533e-18
1959,5.346652329013368e-13,4.071118468176273e-18,1.800908836898473e-18
1960,5.39037745735421e-13,4.092284920548482e-18,1.789956830277885e-18
1961,5.420658760228526e-13,4.081021093536762e-18,1.849591435081612e-18
1962,5.373346395159093e-13,4.163262376512892e-18,1.874167363930498e-18
1963,5.464231868364042e-13,4.091712906973101e-18,1.862101583219084e-18
1964,5.499434461213594e-13,4.124971094960048e-18,1.905024320458264e-18
1965,5.407712544376269e-13,4.078442484816256e-18,1.807378227758717e-18
1966,5.474856269645358e-13,4.063100393238551e-18,1.838097943225933e-18
1967,5.419267661084858e-13,4.135034310848408e-18,1.894226154266532e-18
1968,5.478881603424146e-13,4.081355707305477e-18,1.864744950112501e-18
1969,5.502061895509563e-13,4.024542901241478e-18,1.826638943994063e-18
1970,5.622373823685709e-13,4.158229989186986e-18,2.055595263413446e-18
1971,5.535803843900863e-13,4.081497060824283e-18,1.860853540735439e-18
1972,5.374813070727818e-13,4.074099903229976e-18,1.779181935305183e-18
1973,5.496050706945377e-13,4.09843152032775e-18,1.874791069899763e-18
1974,5.54622549173171e-13,4.077294383436471e-18,1.884158473908545e-18
1975,5.326969029116104e-13,4.111708532038616e-18,1.801576176873657e-18
1976,5.336594445857442e-13,4.05885972446563e-18,1.793654344309537e-18
1977,5.214142683970751e-13,4.062151211957821e-18,1.728679322820736e-18
1978,5.311077309707016e-13,4.04075875883794e-18,1.748577693310667e-18
1979,5.345201940411626e-13,4.108885917910682e-18,1.817588110048322e-18
1980,5.543326439359835e-13,4.147614155816971e-18,2.014240943496302e-18
1981,5.487631719366502e-13,4.080794527264407e-18,1.868626623176466e-18
1982,5.450218856874637e-13,4.090311491612115e-18,1.879673058527698e-18
1983,5.404231975672279e-13,4.048562131646023e-18,1.798837582546073e-18
1984,5.356826095541545e-13,4.119406998573921e-18,1.810049615320728e-18
1985,5.274765277035269e-13,4.068091945424048e-18,1.680720953844712e-18
1986,5.308941468297344e-13,4.087361038005412e-18,1.78708581792512e-18
1987,5.431774334829215e-13,4.092038768589066e-18,1.836942304610869e-18
1988,5.322391014537285e-13,4.105590738967752e-18,1.822294885554114e-18
1989,5.404730830492897e-13,4.125456411691812e-18,1.892990517181145e-18
1990,5.722048614013772e-13,4.102623835459799e-18,1.982312934740298e-18
1991,5.557183338710837e-13,4.088826904115817e-18,1.859036559528785e-18
1992,5.495191549041188e-13,4.051773839699851e-18,1.838226366860353e-18
1993,5.409409779550004e-13,4.072516528508835e-18,1.825263683177928e-18
1994,5.344165031291841e-13,4.061575021351741e-18,1.759408326086128e-18
1995,5.361560754837059e-13,4.112669757403611e-18,1.803554552822649e-18
1996,5.712540412067431e-13,4.087195696802504e-18,2.026416547924924e-18
1997,5.563873783305882e-13,4.104122774339399e-18,1.894145881991936e-18
1998,5.489167050642629e-13,4.107544676908158e-18,1.872853306311968e-18
1999,5.314967839005456e-13,4.01332028009978e-18,1.646022439949403e-18
2000,5.54110250248717e-13,4.118582589213136e-18,1.926627516721186e-18
