iter,continuity,x-velocity,y-velocity
1,1.0,0.003666786571762645,0.001287588903687568
2,1.0,0.002772518321524282,0.0004363406066655954
3,0.6537628888494745,0.002066017759412342,0.0002619996702642444
4,0.397707117257286,0.001517205307196644,0.0001917259345287928
5,0.2790871891620469,0.001247501175373455,0.0001546093208840278
6,0.2175253405376574,0.001056704170837167,0.0001272970972348822
7,0.1901422270404727,0.0009308210708448125,0.0001080088618236768
8,0.1704925619685217,0.0008220780095496218,9.474233949229102e-05
9,0.1505477712043299,0.0007482682858140833,8.465212358836486e-05
10,0.1373836513169407,0.000682119899790362,7.671380040456542e-05
11,0.1257879515702323,0.0006301942793483726,7.052738488901156e-05
12,0.1093729878499057,0.0005881063953601499,6.463771806703893e-05
13,0.09786007958537256,0.0005520466743633703,6.021775381012137e-05
14,0.08902002197357975,0.0005191051215723961,5.626374811655524e-05
15,0.07938959203248526,0.0004937414782346454,5.283396841266908e-05
16,0.07299599396784269,0.0004695473873935563,4.980849595187743e-05
17,0.0692906092116561,0.0004467579051050926,4.723813644340951e-05
18,0.06408275872721676,0.0004270555679269976,4.482309661886134e-05
19,0.05812877493353191,0.0004091779752211354,4.254336783887413e-05
20,0.05439825759933186,0.0003923198719549025,4.060049055682817e-05
21,0.04920125111467415,0.0003780613244065736,3.882295935476809e-05
22,0.04715464916640974,0.0003633390614284233,3.720859382986237e-05
23,0.04324304591288473,0.0003509331175695196,3.56498641420798e-05
24,0.04138306417092071,0.0003385281695066354,3.430375345900033e-05
25,0.03845322713228439,0.0003271609701855922,3.296782825991624e-05
26,0.03594226890822171,0.0003170135543098074,3.173716502866051e-05
27,0.03450236062929123,0.0003072940560174908,3.063365486811935e-05
28,0.03362596183731151,0.0002975252723622177,2.9580080280232e-05
29,0.0314549677225539,0.0002889724462915024,2.857741105126946e-05
30,0.02985684164735876,0.0002806687865292544,2.760971526251959e-05
31,0.02864974234607259,0.0002726264750635438,2.673826578405781e-05
32,0.02699746560965319,0.0002652822591425615,2.592723402684213e-05
33,0.0258539510238102,0.0002582222732324977,2.511981606755075e-05
34,0.02484723437121041,0.0002513741937641848,2.439190550273983e-05
35,0.02391064981196561,0.0002452098497433915,2.367000776980932e-05
36,0.02358593299998005,0.0002386481550473287,2.301098801511193e-05
37,0.02229310707140444,0.0002327427567728511,2.239793247474198e-05
38,0.02108687072768484,0.0002272153847077153,2.179454096160691e-05
39,0.02045244521022518,0.000221730123052957,2.120868862387181e-05
40,0.01958378797248539,0.0002165760836633331,2.065907623696961e-05
41,0.01897471388372624,0.0002115439345594997,2.01326721944757e-05
42,0.01836885840333877,0.0002068981428582547,1.960697824970099e-05
43,0.01809209503861462,0.000202092811294947,1.917109480441917e-05
44,0.01739393979966031,0.0001976490104788492,1.870922259064724e-05
45,0.016749765505279,0.0001933887405997963,1.824259330649516e-05
46,0.01631559917063759,0.0001892795155357409,1.781258542788244e-05
47,0.01574831485958622,0.0001852638892018713,1.74322983412814e-05
48,0.01537990996687491,0.0001813430387872955,1.704043781263502e-05
49,0.01493531918266801,0.0001776246800877369,1.665320509600348e-05
50,0.01458347130415826,0.0001740010204239272,1.629313169899671e-05
51,0.01420606255915094,0.0001704589036041151,1.596754754099062e-05
52,0.01372305658442696,0.000167068529496936,1.56320843868713e-05
53,0.01325697629613195,0.0001638126992919702,1.529508736099733e-05
54,0.01302618969646573,0.0001605904929306709,1.50009953206028e-05
55,0.01265371119662946,0.0001574885012203419,1.470876546856472e-05
56,0.01220092336622874,0.0001544951909283504,1.440377862059326e-05
57,0.0119207508045524,0.00015157164033778,1.412635674713436e-05
58,0.01171368579662405,0.0001487597622629955,1.384398169753481e-05
59,0.01151067257957169,0.0001460046293952129,1.361686014890253e-05
60,0.01103988290577881,0.0001433281137753786,1.335848459992702e-05
61,0.01073688399093289,0.0001407204416923005,1.310441298423692e-05
62,0.01066705618714729,0.0001382009486382645,1.286205649354849e-05
63,0.0105479887320387,0.0001357197479498841,1.267261469004629e-05
64,0.01008900523266044,0.0001333149178701978,1.242467992239921e-05
65,0.009930246953589636,0.0001309776167083148,1.22001833805062e-05
66,0.009759727131462089,0.0001286954293388351,1.201881921626207e-05
67,0.00943678520482707,0.0001264736041502318,1.181619877374985e-05
68,0.00918881711573522,0.0001242984158119092,1.158985558920993e-05
69,0.009032156084808469,0.0001221864806152061,1.139881813485311e-05
70,0.009030542394452841,0.0001201382724344714,1.126556853122005e-05
71,0.008723910394799248,0.000118120130910992,1.104462014501222e-05
72,0.008451892214153645,0.0001161512157856653,1.089396787330807e-05
73,0.008218078582385827,0.0001142315693110538,1.070919954789333e-05
74,0.008027670918957822,0.0001123583941757416,1.054912079406365e-05
75,0.00787654627369463,0.000110523494422288,1.03757177033051e-05
76,0.007715625597906404,0.0001087436317223555,1.023214190017778e-05
77,0.007535233571831812,0.0001070091928808227,1.007675038202143e-05
78,0.007374448367265974,0.0001053032198988435,9.925352573535521e-06
79,0.007246532469097906,0.0001036383736698094,9.788824123583109e-06
80,0.007075770768273663,0.0001020043604324114,9.643037627464867e-06
81,0.006971972969204796,0.0001004163844075511,9.515685946146819e-06
82,0.006800546309580764,9.885738413745416e-05,9.375654225103261e-06
83,0.006651436434037455,9.733113444535064e-05,9.244324743194166e-06
84,0.006519617327929529,9.583881440105228e-05,9.117031177529528e-06
85,0.006401945008169394,9.43776585286664e-05,8.99238492281006e-06
86,0.006286920057755767,9.29484405036836e-05,8.872685878212092e-06
87,0.00623307358864837,9.153479255362805e-05,8.742708384814534e-06
88,0.006154540875231635,9.019388284774964e-05,8.655706201120534e-06
89,0.005996217258815596,8.8841105435236e-05,8.530138173334538e-06
90,0.005861161350037786,8.751663334601019e-05,8.406417828475963e-06
91,0.005776895441110233,8.624605814133257e-05,8.326570745700617e-06
92,0.005604605054425289,8.497613480614267e-05,8.208316948183776e-06
93,0.005495068424799569,8.373765317314436e-05,8.109411412574823e-06
94,0.005373496949596952,8.252211307998137e-05,8.007555442982154e-06
95,0.005346588321562132,8.131842732475799e-05,7.895835654554763e-06
96,0.005268919378463527,8.01740064397398e-05,7.822403988864152e-06
97,0.005144748382943253,7.903098595154315e-05,7.724660708467452e-06
98,0.005016675789009786,7.790464389056045e-05,7.621418817798387e-06
99,0.004984885503161091,7.679335594501302e-05,7.523752251313907e-06
100,0.004914138643481154,7.574535912147477e-05,7.459284258270519e-06
101,0.004787760402019501,7.467848859289598e-05,7.363423923913856e-06
102,0.004757762799034733,7.362688799323956e-05,7.266692278206629e-06
103,0.004717369215757387,7.260282451804029e-05,7.181672529723613e-06
104,0.004648821200956854,7.163931988362341e-05,7.130291325499429e-06
105,0.004484636541056915,7.065254162324758e-05,7.035611090738016e-06
106,0.004376353789841321,6.96834722201521e-05,6.951318723999456e-06
107,0.004301597103602504,6.873483659838526e-05,6.872620592374202e-06
108,0.004222612693514302,6.780469971980685e-05,6.797048871434136e-06
109,0.004152722957947386,6.689293473874394e-05,6.721276955474607e-06
110,0.004092074769395151,6.600023167544035e-05,6.648818055079304e-06
111,0.00402460799649139,6.512288706749908e-05,6.578793378695952e-06
112,0.004012703799036644,6.424446314622979e-05,6.495748164019161e-06
113,0.003941384073106069,6.342038656303286e-05,6.443932324783584e-06
114,0.003867919530778966,6.258462611635835e-05,6.37497764305789e-06
115,0.003788464389637565,6.176047387849618e-05,6.296183150500374e-06
116,0.003718914419027866,6.09615732327914e-05,6.237541869111906e-06
117,0.003652092597636217,6.016897630127374e-05,6.170647217499756e-06
118,0.00365262101618342,5.937696774828083e-05,6.097091296015448e-06
119,0.003609907342861509,5.860960280199062e-05,6.030309215305907e-06
120,0.003545606311721089,5.788451576383931e-05,5.985675966162629e-06
121,0.003488673251093536,5.713518288867609e-05,5.917229034869057e-06
122,0.003454717779305597,5.642100217580493e-05,5.865199129851292e-06
123,0.003396591371354528,5.569625879322246e-05,5.791794333041635e-06
124,0.003338010549523358,5.502047859383418e-05,5.748194967731406e-06
125,0.003304690560927516,5.430815483787065e-05,5.683850475285352e-06
126,0.003259246341495008,5.362116525074872e-05,5.620156065613975e-06
127,0.003211556583167839,5.297942789905269e-05,5.579695641155759e-06
128,0.003136849412746791,5.23211436271566e-05,5.524810258102854e-06
129,0.003074260058655454,5.166271735367358e-05,5.461189345098245e-06
130,0.003020344704514706,5.102379638583056e-05,5.406352847037192e-06
131,0.003012068728213173,5.039077624295761e-05,5.349212647616667e-06
132,0.002960127112719234,4.980457530410001e-05,5.311855971746385e-06
133,0.00292943505445797,4.917857138610757e-05,5.251387788287496e-06
134,0.002885382365845427,4.857532001738983e-05,5.193502180780644e-06
135,0.002872520359037416,4.801500578371961e-05,5.166394069093969e-06
136,0.00278235211724917,4.743569520150724e-05,5.108789829476837e-06
137,0.002743858444195149,4.685932992124047e-05,5.052498691050892e-06
138,0.002718078401744908,4.629212167608618e-05,5.005511588611139e-06
139,0.002666287295225071,4.574890032819819e-05,4.9619443193589e-06
140,0.002659799032764904,4.519639792193387e-05,4.908908323055482e-06
141,0.002605952391027413,4.468344613425298e-05,4.875073866727021e-06
142,0.002546528411416699,4.415153102464384e-05,4.825575735668786e-06
143,0.002516964935792611,4.36247017457652e-05,4.774971243648817e-06
144,0.002481825099085978,4.311712219486421e-05,4.733587735116763e-06
145,0.002480155873596882,4.260521664259058e-05,4.684205442975403e-06
146,0.002437929228533235,4.21329144923622e-05,4.654888852222183e-06
147,0.002388771479879855,4.163695521890209e-05,4.605099618464207e-06
148,0.002381427907681075,4.114546166997482e-05,4.556955616721779e-06
149,0.002378699359872121,4.067083772327218e-05,4.515888923989561e-06
150,0.002331680232509502,4.023437779772899e-05,4.493376334346254e-06
151,0.002308895057443088,3.975883924463643e-05,4.438469296031073e-06
152,0.002271665030065116,3.92948206843132e-05,4.394675661107678e-06
153,0.002241945589548587,3.887041384210726e-05,4.369632468844862e-06
154,0.002225701960011281,3.841579785779251e-05,4.319600908374807e-06
155,0.002196218517241313,3.79766567212589e-05,4.27832145965928e-06
156,0.002164652332005226,3.757545953222169e-05,4.255051694898909e-06
157,0.002120082566997736,3.714670010019724e-05,4.209526968394546e-06
158,0.002087524949171317,3.672471559136754e-05,4.170624187179827e-06
159,0.002088978177599091,3.630842049974175e-05,4.130587171234089e-06
160,0.002048456665961355,3.592457458857307e-05,4.105159013061129e-06
161,0.002023427312374241,3.552115005770596e-05,4.063350632564445e-06
162,0.001992036518307606,3.512346110641918e-05,4.027254574168134e-06
163,0.001994140808749667,3.473163719415039e-05,3.988746909774673e-06
164,0.001961614904774901,3.437272261320596e-05,3.965283938362854e-06
165,0.001936625788564346,3.398069041751494e-05,3.922894882645623e-06
166,0.00193450260609343,3.360873850837578e-05,3.886677394658813e-06
167,0.001904750995352481,3.32652924658213e-05,3.867509376494861e-06
168,0.001868520923415537,3.289587619520311e-05,3.825355639237905e-06
169,0.001874187091503559,3.253132304992683e-05,3.789650429801331e-06
170,0.001855987346051577,3.217549473896248e-05,3.755537534282249e-06
171,0.001826741187930367,3.185705181529878e-05,3.736280908045104e-06
172,0.00179895837485377,3.150059532992547e-05,3.697949470922006e-06
173,0.001787181678166819,3.116068469369217e-05,3.663590762313598e-06
174,0.001757387561699423,3.084618113200099e-05,3.642293449473336e-06
175,0.001727020492675055,3.051146304556392e-05,3.606916725014225e-06
176,0.001705592970299425,3.018638160481174e-05,3.576490113807615e-06
177,0.001687817006224004,2.986245691577714e-05,3.544968798495272e-06
178,0.0016640453087244,2.954768024557818e-05,3.515345215888426e-06
179,0.00166750559319188,2.923672270559028e-05,3.484753748609674e-06
180,0.001640087827271914,2.89567142462895e-05,3.46794090734023e-06
181,0.001616377836159671,2.863988048762873e-05,3.43231814050208e-06
182,0.00158491503116265,2.833866957079731e-05,3.403733610820492e-06
183,0.00158305592859221,2.803856773153326e-05,3.372618045444715e-06
184,0.001558189898150184,2.776619772749515e-05,3.354486156009268e-06
185,0.001541605128917648,2.746750140000039e-05,3.320010668029612e-06
186,0.001530393540048398,2.717968871468833e-05,3.29116116110398e-06
187,0.001513023005930883,2.691840489599345e-05,3.274957226005902e-06
188,0.001504999155714538,2.663334932047387e-05,3.241231324210781e-06
189,0.001487379371655909,2.635497821014814e-05,3.213864859827976e-06
190,0.001463696800707367,2.610255420354652e-05,3.195706627102702e-06
191,0.001446273100301319,2.582550059410125e-05,3.164547764462076e-06
192,0.00143700328790729,2.556119714670613e-05,3.137990251029907e-06
193,0.001414810522693992,2.532054654648972e-05,3.122018387931833e-06
194,0.001400742772255263,2.505490955977184e-05,3.091075755601421e-06
195,0.00138623768584119,2.479661254129273e-05,3.065003803839068e-06
196,0.001380593112610439,2.454769272830658e-05,3.041112054272365e-06
197,0.00136132380860671,2.432235653903758e-05,3.027137557255981e-06
198,0.001340766335350237,2.406876610127767e-05,2.997217880119459e-06
199,0.001325178565691779,2.382274367899956e-05,2.971487912895798e-06
200,0.001322040816080036,2.358481501325873e-05,2.948265386956425e-06
201,0.001303009713390801,2.337206355677096e-05,2.934924241981026e-06
202,0.0012767302996014,2.312928362771515e-05,2.906792767761722e-06
203,0.001255657140655201,2.289886812640867e-05,2.883699147514422e-06
204,0.001255159534443342,2.266946251298146e-05,2.859369800366005e-06
205,0.001252497427705941,2.244788690552793e-05,2.838051700982532e-06
206,0.001232559746702055,2.224488235175952e-05,2.823216638728873e-06
207,0.001213438633114247,2.201649111028727e-05,2.79850042848577e-06
208,0.001202250170166794,2.180482193257151e-05,2.778894599413444e-06
209,0.001181028621996651,2.159139331460176e-05,2.755889666374919e-06
210,0.001183892795872896,2.137712824515166e-05,2.733394691386124e-06
211,0.001164027063646111,2.117929348836518e-05,2.716209053949339e-06
212,0.001144498718641816,2.097583779569309e-05,2.696958281520833e-06
213,0.001133130822727093,2.077053000205961e-05,2.675282354768922e-06
214,0.001121135865903906,2.057186556828959e-05,2.656058916675824e-06
215,0.001124147221814128,2.036934074974167e-05,2.634233241128987e-06
216,0.001103341924749053,2.018350895945648e-05,2.618775809363408e-06
217,0.001087528559230134,1.999114339487884e-05,2.599199638205593e-06
218,0.00107723315395323,1.979689582138317e-05,2.578539437526985e-06
219,0.001076777514409705,1.960791562446726e-05,2.558996122661189e-06
220,0.00106439722290843,1.941992100338126e-05,2.54100319269871e-06
221,0.001056727507799838,1.924470305216853e-05,2.524831294130565e-06
222,0.001041485139289069,1.906552329301045e-05,2.506903718198884e-06
223,0.00103565703118008,1.887724922066585e-05,2.486548797514009e-06
224,0.001034638111260656,1.869819928808031e-05,2.467127051359622e-06
225,0.001021604128191904,1.853944935748422e-05,2.456338666854286e-06
226,0.001007120615516981,1.835750465853588e-05,2.434841420873854e-06
227,0.000992318570619327,1.818845122028666e-05,2.418566419077601e-06
228,0.0009805839600985048,1.801825049367097e-05,2.401060013659641e-06
229,0.0009697769595440463,1.785053840778119e-05,2.384337008381031e-06
230,0.0009607261789137145,1.768458855399444e-05,2.366787170466005e-06
231,0.0009550659772031782,1.751942181149946e-05,2.349488775884081e-06
232,0.0009442318186416415,1.736102782635516e-05,2.334619525814284e-06
233,0.0009354499443668904,1.720180732346179e-05,2.318393205578607e-06
234,0.0009235349751449982,1.704390627107044e-05,2.302182396093541e-06
235,0.0009148837775401903,1.688721951396348e-05,2.285687811716539e-06
236,0.0009089571358634543,1.673100433921553e-05,2.269260595982862e-06
237,0.000900432832390023,1.657892903516255e-05,2.254739577629556e-06
238,0.0009015714510411207,1.642420733042063e-05,2.236615630168228e-06
239,0.0008910346024297837,1.628455058437021e-05,2.226149862038277e-06
240,0.0008774515942763481,1.613751414207005e-05,2.209449104253967e-06
241,0.0008717581047962064,1.598379898542886e-05,2.192232781456523e-06
242,0.0008722073305524915,1.583754988151558e-05,2.176356424121392e-06
243,0.0008598862582730158,1.570760848165224e-05,2.167862445722797e-06
244,0.0008494952760694938,1.555937161641404e-05,2.148880653420269e-06
245,0.0008447577244319885,1.5416476059325e-05,2.133309385142045e-06
246,0.0008427618912446602,1.527926023314005e-05,2.119288818425312e-06
247,0.0008286387458041255,1.515544142500695e-05,2.110856908579235e-06
248,0.0008173160725131417,1.50127594234062e-05,2.092835490170012e-06
249,0.0008056593489910866,1.487681281931562e-05,2.078300226492841e-06
250,0.0008073950816103867,1.474068437534819e-05,2.062930676310206e-06
251,0.0008046772815495282,1.460972365135806e-05,2.048768492690497e-06
252,0.0007929777110162676,1.449358782872845e-05,2.040895732772871e-06
253,0.0007822534937810525,1.435838549260847e-05,2.024202913242834e-06
254,0.000774197277399576,1.423182145057057e-05,2.010573937037298e-06
255,0.0007710188736302869,1.410139689631438e-05,1.995969488268983e-06
256,0.0007671480959062528,1.397715744793425e-05,1.98223099991731e-06
257,0.0007604697913318648,1.386751194470371e-05,1.975908068709726e-06
258,0.0007527024701783538,1.374119754998659e-05,1.957490009619932e-06
259,0.0007377417725263151,1.362040701104437e-05,1.946755720726113e-06
260,0.00073708291032539,1.349596334257804e-05,1.931506723909933e-06
261,0.000735440937288704,1.337781033547286e-05,1.918555489893545e-06
262,0.0007268359222936348,1.327326712571971e-05,1.911627261865163e-06
263,0.0007164940032005317,1.315204686542363e-05,1.89534355908606e-06
264,0.0007067045708839216,1.304001336313227e-05,1.883931924161093e-06
265,0.0006986207528561066,1.292674120703687e-05,1.871518886315436e-06
266,0.0007003038064318968,1.281075813703423e-05,1.85788470402149e-06
267,0.0006962226124612095,1.26993686723391e-05,1.845703152816404e-06
268,0.0006890092129419935,1.260152583315306e-05,1.838938057119969e-06
269,0.0006792850251395444,1.248770577744573e-05,1.823726773506936e-06
270,0.0006699773499649943,1.238246177354293e-05,1.812789984968339e-06
271,0.0006625427137427141,1.227583903462062e-05,1.800825021226147e-06
272,0.0006643346914462503,1.216693055551089e-05,1.787921596870969e-06
273,0.0006613376885571077,1.206239116390812e-05,1.776350735620863e-06
274,0.0006542369365862926,1.197031616372451e-05,1.770312156666636e-06
275,0.0006457301858400355,1.186359415315585e-05,1.755120325708899e-06
276,0.0006437386608839655,1.176029902802008e-05,1.74319233609744e-06
277,0.000634141695989611,1.166627816208799e-05,1.735550465577195e-06
278,0.0006248202906606125,1.156775667047288e-05,1.723220752053687e-06
279,0.0006235355423404736,1.146546891239038e-05,1.710756992943051e-06
280,0.0006229669975291056,1.136750066083418e-05,1.699638580499745e-06
281,0.0006149129337037554,1.128095706981448e-05,1.693359593270741e-06
282,0.0006070180561362668,1.11813334419221e-05,1.679508476516904e-06
283,0.0006067257855632283,1.108555338212238e-05,1.668035583034218e-06
284,0.0005979713493017789,1.099916564765327e-05,1.661171523949525e-06
285,0.0005892391051736087,1.090736107673651e-05,1.649700875952655e-06
286,0.000587246200738716,1.081156356024325e-05,1.637802304067968e-06
287,0.0005795598493598781,1.072548347918207e-05,1.629470062038516e-06
288,0.0005732371036111867,1.063649769355184e-05,1.619106042865128e-06
289,0.0005724934659442573,1.054412989590231e-05,1.607200862415147e-06
290,0.000571403712762071,1.045606247065045e-05,1.597078009052928e-06
291,0.0005664094292387408,1.03791689632029e-05,1.591737865792327e-06
292,0.0005586285917778212,1.028881754216713e-05,1.579196523589895e-06
293,0.0005524484757061869,1.020472130166476e-05,1.569136683501461e-06
294,0.0005501272292061179,1.011695530882436e-05,1.558923262242315e-06
295,0.0005487740005217878,1.00337277900311e-05,1.548717240434594e-06
296,0.0005444829000607867,9.961923057533908e-06,1.544170888111833e-06
297,0.0005363668372602468,9.875817163048888e-06,1.531878978223886e-06
298,0.0005291085391617147,9.79356064479922e-06,1.521593395813443e-06
299,0.0005237738584269512,9.713788647553484e-06,1.512650891661115e-06
300,0.0005243841592332449,9.632329327879734e-06,1.502842727523244e-06
301,0.0005171424676575546,9.558300645739282e-06,1.495523477616422e-06
302,0.0005116679669783938,9.48136395686324e-06,1.486039536253224e-06
303,0.0005104096241316298,9.400645378251401e-06,1.475411311234759e-06
304,0.0005038658467113679,9.327915448049802e-06,1.468319818916845e-06
305,0.0004990636300833027,9.25291174351155e-06,1.459058016604123e-06
306,0.0004985906473767615,9.174812926033552e-06,1.44876482845769e-06
307,0.0004980468920155604,9.10010184205683e-06,1.439685445891763e-06
308,0.0004933310807433073,9.034364191989151e-06,1.435132636736356e-06
309,0.0004883272912082661,8.958701073426232e-06,1.423156552337232e-06
310,0.000479790698431172,8.886215610839012e-06,1.415518841277905e-06
311,0.0004769981336336391,8.815498452535734e-06,1.406795531277055e-06
312,0.0004760339240245132,8.743476608245125e-06,1.397764366007885e-06
313,0.0004701245642174336,8.67794824439862e-06,1.391318852179652e-06
314,0.0004639911294543644,8.60871384108204e-06,1.382116485785227e-06
315,0.0004632183644221243,8.536593272970372e-06,1.372761270580955e-06
316,0.0004569238588458397,8.471674783676763e-06,1.366032438721664e-06
317,0.0004526960253745762,8.404576308721197e-06,1.357598848269577e-06
318,0.0004519733620420317,8.334865692341285e-06,1.348255354111134e-06
319,0.0004512527437879973,8.268524222844346e-06,1.339858261900104e-06
320,0.0004478016097203143,8.21014039401458e-06,1.33563556665774e-06
321,0.0004419703280249512,8.142160287452002e-06,1.325000318062728e-06
322,0.0004399134632785708,8.07604958879698e-06,1.316668722416288e-06
323,0.00043427576097064,8.015993614846734e-06,1.310597877149431e-06
324,0.0004293598393221455,7.953797515987806e-06,1.302516259093116e-06
325,0.0004279212541707145,7.887962840036056e-06,1.29383209863127e-06
326,0.000422642659475291,7.828749283703793e-06,1.286986214924042e-06
327,0.000418679992671462,7.768313228490099e-06,1.279822804560675e-06
328,0.0004177075396126916,7.704627801416467e-06,1.270834734500939e-06
329,0.000412558023448956,7.64707208950531e-06,1.26445588976525e-06
330,0.0004088067815938839,7.588177788298234e-06,1.257135576287305e-06
331,0.0004079409768075051,7.526251784619758e-06,1.248626055398005e-06
332,0.0004032190007318078,7.470814191067418e-06,1.242583423987259e-06
333,0.0003991642896298669,7.413389981061248e-06,1.235062147625144e-06
334,0.0003983877551255525,7.353113660635342e-06,1.227010404354241e-06
335,0.0003937700131288785,7.299199266074562e-06,1.22087483273957e-06
336,0.0003899317968873867,7.243453692101964e-06,1.213723388431225e-06
337,0.000389274805143058,7.184754950239489e-06,1.205785986721212e-06
338,0.0003846307526234564,7.131996855212977e-06,1.199673288597199e-06
339,0.0003810023860535624,7.077801873013562e-06,1.192649960901019e-06
340,0.0003802071458312398,7.020679788245573e-06,1.184888555809552e-06
341,0.0003756095308448197,6.969474008659367e-06,1.178931263545448e-06
342,0.0003718868702679367,6.91670724627658e-06,1.172060119152381e-06
343,0.0003711841662767806,6.861125288172735e-06,1.164452827815938e-06
344,0.0003668864784523906,6.811229949643174e-06,1.15858776025689e-06
345,0.0003635498833195322,6.75992999127464e-06,1.15190515684938e-06
346,0.0003628045235408288,6.705796157431029e-06,1.144445580678656e-06
347,0.0003585847158208718,6.657244630029826e-06,1.138730591874846e-06
348,0.0003553554643438888,6.607281068452401e-06,1.132133669517587e-06
349,0.0003544452109665383,6.55458003649623e-06,1.124806980420852e-06
350,0.0003502741138062724,6.507270003789016e-06,1.119145739617576e-06
351,0.0003472539799828572,6.458695572071038e-06,1.112775747640084e-06
352,0.0003465063056670156,6.407381722826422e-06,1.105597556470878e-06
353,0.0003425080567029968,6.361290713611056e-06,1.10002343676839e-06
354,0.0003395202539174209,6.313998079581833e-06,1.093779775279582e-06
355,0.0003387483644065032,6.264027718178128e-06,1.086772738718905e-06
356,0.0003347668564951451,6.219142503853022e-06,1.08128521796757e-06
357,0.000331718144237879,6.173102044116884e-06,1.07517680145977e-06
358,0.0003307904808908868,6.124430067118961e-06,1.06831710408711e-06
359,0.0003269431089326872,6.080704997241532e-06,1.062912058467682e-06
360,0.000324037442423518,6.03587571942911e-06,1.056937314499529e-06
361,0.000323334627211694,5.98846057008723e-06,1.050223194251e-06
362,0.0003196695189084468,5.945861407367779e-06,1.044893709120855e-06
363,0.0003168819339520365,5.902199958534566e-06,1.039048810948918e-06
364,0.0003161771524256567,5.856008156675516e-06,1.032481627505299e-06
365,0.0003125182390090543,5.81450700254095e-06,1.027231257284305e-06
366,0.0003097129355513382,5.771976055058351e-06,1.021507832697715e-06
367,0.0003090472295166507,5.726973495322022e-06,1.01507814955488e-06
368,0.0003055722109497571,5.686529151743429e-06,1.009906484579235e-06
369,0.0003028481268834679,5.645088276377513e-06,1.004303520291496e-06
370,0.0003021647132029506,5.601239296441776e-06,9.980190850499539e-07
371,0.0002979827820255721,5.560941088248005e-06,9.924854067246782e-07
372,0.0002989141840845251,5.519306104473632e-06,9.865616621755847e-07
373,0.0002984034630852141,5.478976245212206e-06,9.808962736148652e-07
374,0.0002960456933623882,5.444494955238573e-06,9.77903388915368e-07
375,0.0002917894920540883,5.402161970911335e-06,9.711377930934005e-07
376,0.0002911192684200112,5.360375729280056e-06,9.647291304096802e-07
377,0.0002861675462289764,5.320942552204074e-06,9.59561699170037e-07
378,0.0002870673480754002,5.281290574104842e-06,9.537790241366546e-07
379,0.0002838301355887397,5.245714149106526e-06,9.497218866097196e-07
380,0.0002800767498114717,5.207840505134753e-06,9.4414991907233e-07
381,0.0002791271734324252,5.167693043243939e-06,9.383567824118721e-07
382,0.0002762417402988677,5.130683282198257e-06,9.33086095380441e-07
383,0.0002757912373217462,5.092013505026117e-06,9.276336343806213e-07
384,0.0002719209598878035,5.05646957069062e-06,9.226726634079212e-07
385,0.0002726296809499322,5.019490401256235e-06,9.173042553281758e-07
386,0.0002722646413382218,4.983823019532678e-06,9.122996123307574e-07
387,0.0002711207640722206,4.948355570549857e-06,9.075549480025562e-07
388,0.0002690548023476655,4.91258908323508e-06,9.02576184375486e-07
389,0.0002671425322232385,4.876595513003509e-06,8.973649557553121e-07
390,0.0002634609705449248,4.844238442116073e-06,8.932480740091213e-07
391,0.0002613641692114651,4.807764672918766e-06,8.877156128012342e-07
392,0.0002575518552403169,4.772717048443208e-06,8.826656731805319e-07
393,0.0002585488401727095,4.736889127106564e-06,8.772679595329314e-07
394,0.000255708559471078,4.705169400959533e-06,8.73306470192589e-07
395,0.0002534343034063446,4.669665959309238e-06,8.678155303462065e-07
396,0.0002515165728006045,4.638675850763846e-06,8.638189488973179e-07
397,0.0002480918776126847,4.605844111274493e-06,8.588064701256144e-07
398,0.0002556645921660725,4.571008163274521e-06,8.538247667654479e-07
399,0.0002465809604159155,4.538740907010509e-06,8.485353625341047e-07
400,0.0002440763126786997,4.507160690905035e-06,8.446471910566336e-07
401,0.0002426113705582259,4.473664216198586e-06,8.392763949571952e-07
402,0.0002409168503704243,4.443417447769555e-06,8.353413481826515e-07
403,0.0002388656047809325,4.410149965789583e-06,8.30192502987611e-07
404,0.0002371047168241751,4.38129562785359e-06,8.263762700004134e-07
405,0.0002338071976627518,4.350667139853507e-06,8.216719838248778e-07
406,0.0002408353622610763,4.318037982283599e-06,8.169576433776094e-07
407,0.0002327159486097327,4.28807162238092e-06,8.118206339477981e-07
408,0.0002316024866799907,4.256815155741543e-06,8.075825472845334e-07
409,0.0002291193555770277,4.228593220501745e-06,8.038189260482049e-07
410,0.0002273510548678968,4.197139682589822e-06,7.988991514729847e-07
411,0.0002271581527163325,4.167230709793165e-06,7.941413887255906e-07
412,0.00022631024006424,4.138228300765537e-06,7.896772035626876e-07
413,0.0002271824527655398,4.114974767730739e-06,7.879710768767755e-07
414,0.0002221775615210383,4.084239032341512e-06,7.826547564493324e-07
415,0.0002197986220110097,4.053824435251523e-06,7.775921519342672e-07
416,0.0002170419059092349,4.024152266417844e-06,7.729593429995954e-07
417,0.0002147141003860932,3.996214107451988e-06,7.687045289421669e-07
418,0.0002131872788553954,3.968675147742731e-06,7.646834094362864e-07
419,0.0002117333189550269,3.941100000223725e-06,7.608579587876617e-07
420,0.0002181690139468085,3.912083353817237e-06,7.563956656067093e-07
421,0.0002104454197964346,3.886264175070452e-06,7.517849922624221e-07
422,0.0002103400176338158,3.858594221934785e-06,7.477557356039015e-07
423,0.0002095980120332835,3.831684446062053e-06,7.436447632384473e-07
424,0.0002087491547344293,3.805568787344233e-06,7.397230123262463e-07
425,0.0002086069767234025,3.784683921044158e-06,7.378601394710289e-07
426,0.000204588655739762,3.756723065034482e-06,7.331146555505089e-07
427,0.0002032105646175401,3.728977458485553e-06,7.283437181438924e-07
428,0.0002000047159551762,3.701517953436816e-06,7.241131318729244e-07
429,0.00019789802319885,3.675800850086059e-06,7.199443891076805e-07
430,0.0001964773693977624,3.650960952843799e-06,7.161334262605798e-07
431,0.0001954347259448481,3.625894362044956e-06,7.124304993267942e-07
432,0.0001949497969637194,3.599967331204447e-06,7.083935787243733e-07
433,0.0001924357734029391,3.57594910856097e-06,7.046364376288396e-07
434,0.0001928362395825373,3.550827278411515e-06,7.00651857384241e-07
435,0.0001924447045536168,3.526487531772674e-06,6.967571067793029e-07
436,0.0001921686105195492,3.50314876954272e-06,6.931964390562751e-07
437,0.0001914293887792991,3.479952857193551e-06,6.897997156035726e-07
438,0.0001897014488255992,3.456088553108825e-06,6.862582450585915e-07
439,0.0001881624821410933,3.431927077317843e-06,6.823121509975527e-07
440,0.0001862622851030933,3.410164205271101e-06,6.789717574115238e-07
441,0.0001841184156029235,3.385435421114021e-06,6.75186301940891e-07
442,0.0001821044017749196,3.362793129522957e-06,6.714632853953164e-07
443,0.0001813960519316496,3.338617489711433e-06,6.675681738201172e-07
444,0.0001798976793661192,3.316998060502025e-06,6.643653457229971e-07
445,0.0001786959181771308,3.293232325194208e-06,6.603812330429371e-07
446,0.0001773225639724934,3.272022208889332e-06,6.570307369665326e-07
447,0.000176273077697991,3.248713938801385e-06,6.533130929011685e-07
448,0.0001754913987454232,3.228031343917748e-06,6.501674786403303e-07
449,0.0001740658626248863,3.20491901574314e-06,6.464285648550641e-07
450,0.000173191143882307,3.184582927871713e-06,6.43148150221408e-07
451,0.0001717900692933951,3.161811784272087e-06,6.395306811592735e-07
452,0.0001708239112331965,3.14175979817931e-06,6.363142255315999e-07
453,0.000169514439364721,3.119340991426056e-06,6.326974468645549e-07
454,0.0001683568224995828,3.09948436372512e-06,6.294967234769285e-07
455,0.0001672895287312068,3.077454720179108e-06,6.259134851169216e-07
456,0.0001661779889547468,3.057912710299915e-06,6.228186460113384e-07
457,0.0001650621368712865,3.036211730699017e-06,6.192362771542725e-07
458,0.0001639476894618745,3.016976797858754e-06,6.161769612661971e-07
459,0.0001628102945534725,2.995600546063498e-06,6.12641812618422e-07
460,0.0001618277860169984,2.976691153201529e-06,6.096300552768518e-07
461,0.0001606812095621373,2.95562735479991e-06,6.061345949352275e-07
462,0.0001597368610780675,2.937003518324043e-06,6.031408786466268e-07
463,0.0001585685462167998,2.916260891745924e-06,5.99695484499011e-07
464,0.0001576006115870574,2.897917882410302e-06,5.967392687696578e-07
465,0.0001564596750648021,2.877488431520147e-06,5.933291936745217e-07
466,0.0001554712143020835,2.859407714867883e-06,5.904045719983685e-07
467,0.0001543899994003387,2.839289162925864e-06,5.870305663761667e-07
468,0.0001534621879705044,2.821477429206168e-06,5.841498403013904e-07
469,0.0001524443394424379,2.801660304278453e-06,5.808060888015997e-07
470,0.0001515241366261264,2.784113449677418e-06,5.779620878592479e-07
471,0.0001504929263229126,2.764591011062517e-06,5.746542763308693e-07
472,0.0001495773642016177,2.747315122951537e-06,5.718547289284941e-07
473,0.0001485612985098891,2.728086891018308e-06,5.685615452460866e-07
474,0.0001476057233857502,2.711060042295923e-06,5.658167500226875e-07
475,0.0001465759352643889,2.692119108586675e-06,5.625418452834065e-07
476,0.0001456704755639839,2.675347857865914e-06,5.598360377943312e-07
477,0.0001446877124994717,2.656686806313221e-06,5.566019687751269e-07
478,0.000143799196120175,2.640155832086262e-06,5.539230986774471e-07
479,0.0001428534051825709,2.621778728703807e-06,5.507212735072743e-07
480,0.0001420079061698114,2.605496497117773e-06,5.480868632597496e-07
481,0.000141069909212838,2.587394147208085e-06,5.44915202032746e-07
482,0.0001401559403647185,2.571325230408216e-06,5.423022479657067e-07
483,0.0001392451344619578,2.553488622729544e-06,5.391589129570219e-07
484,0.0001384435140762813,2.53768242045042e-06,5.365886005941702e-07
485,0.0001374958778633514,2.52010203331713e-06,5.334945100197121e-07
486,0.0001367427141802776,2.50454195317209e-06,5.309421740507214e-07
487,0.0001357871491628425,2.487216811627579e-06,5.27885006628285e-07
488,0.0001349303038777004,2.471861124374958e-06,5.253210396481642e-07
489,0.0001340599863827442,2.454795205430986e-06,5.223395416248448e-07
490,0.0001334910332145338,2.439718150612303e-06,5.198556884095494e-07
491,0.00013248262738246,2.422866938016129e-06,5.168755782718738e-07
492,0.0001317415265098915,2.407932287158375e-06,5.143276072399501e-07
493,0.00013084230917941,2.391375448638255e-06,5.11422928642562e-07
494,0.0001302054726359092,2.376743654476355e-06,5.089984902943419e-07
495,0.0001292008164111452,2.360391523505092e-06,5.060884121320967e-07
496,0.0001284000423119517,2.345871937649234e-06,5.035962524904305e-07
497,0.0001276023669504444,2.329803451062274e-06,5.007489214518178e-07
498,0.000126995583066702,2.315590141595533e-06,4.983988112704257e-07
499,0.0001260227167139074,2.299705346565241e-06,4.955374890376629e-07
500,0.0001252047129812562,2.285585465943346e-06,4.93101270861595e-07
501,0.0001244284421955907,2.269989581263412e-06,4.903151362820511e-07
502,0.0001239086946823434,2.256224561442849e-06,4.880542925105207e-07
503,0.0001229082188784025,2.240803035104919e-06,4.852373790427257e-07
504,0.000121924033754184,2.227032331599736e-06,4.828266755912138e-07
505,0.0001213373752790872,2.211938685887743e-06,4.801032523561779e-07
506,0.0001206207220488468,2.198506829908783e-06,4.779337954433959e-07
507,0.0001198083679086219,2.183528636012177e-06,4.751288521625231e-07
508,0.0001188732118493501,2.170122166919327e-06,4.728011630454507e-07
509,0.0001182972024365943,2.15546201740889e-06,4.701166881219431e-07
510,0.000117751689026455,2.142448009376037e-06,4.680198431379379e-07
511,0.0001168389875909804,2.127885014616246e-06,4.652827558221748e-07
512,0.0001159625506462222,2.114869030713218e-06,4.629768822534881e-07
513,0.000115372224604983,2.1006322566279e-06,4.603751778483046e-07
514,0.000114875130471231,2.088012805768432e-06,4.583290908123337e-07
515,0.0001139849565426509,2.073858374948241e-06,4.556530864475883e-07
516,0.0001130748870919554,2.061171836247134e-06,4.533782825205643e-07
517,0.0001125900471578256,2.047360284022133e-06,4.508342439959653e-07
518,0.0001120773777473564,2.035093888827187e-06,4.488580977483596e-07
519,0.0001112143892642139,2.021338606573075e-06,4.462215040570449e-07
520,0.0001102989063419608,2.008986447722129e-06,4.439926691682539e-07
521,0.0001098739903685155,1.995579672520985e-06,4.415038410299006e-07
522,0.0001094291581748315,1.983664865314708e-06,4.395906566338472e-07
523,0.0001085824173788691,1.970294046079756e-06,4.370045173128922e-07
524,0.0001076816028209626,1.958277304428641e-06,4.348148607318688e-07
525,0.0001072971796650353,1.945264789478007e-06,4.32384786922661e-07
526,0.0001067387409473959,1.933682140585473e-06,4.305223125007911e-07
527,0.0001059122087778188,1.920697498171422e-06,4.279702094815089e-07
528,0.000105013141109257,1.909001754125233e-06,4.25849735570328e-07
529,0.0001046255885717858,1.896338111835861e-06,4.234643257282182e-07
530,0.0001041162632600119,1.885058140125597e-06,4.21629862032532e-07
531,0.0001033569895062832,1.872436738717391e-06,4.191464631552609e-07
532,0.0001025209367719725,1.861093811541779e-06,4.170837970449974e-07
533,0.0001021370458982396,1.848787519404232e-06,4.147390621548169e-07
534,0.0001016484799711033,1.837823118889954e-06,4.129466182914977e-07
535,0.0001009186190776107,1.825554221205415e-06,4.105185775967225e-07
536,0.000100103224109179,1.814514146450491e-06,4.084980998669172e-07
537,9.974401413072758e-05,1.80255302331618e-06,4.062044683236675e-07
538,9.92661551478121e-05,1.791889348382719e-06,4.044512394295631e-07
539,9.855156284901762e-05,1.779961237836812e-06,4.020769507137897e-07
540,9.77484037157025e-05,1.769226258316864e-06,4.000994746742115e-07
541,9.74004601220358e-05,1.7575965002637e-06,3.978579019854279e-07
542,9.693300402966282e-05,1.747225263700726e-06,3.96135833879012e-07
543,9.624725432865596e-05,1.735627423415718e-06,3.938188937729994e-07
544,9.546519317088038e-05,1.725188837613495e-06,3.918835749346773e-07
545,9.512261908777897e-05,1.713878893637468e-06,3.896923137452705e-07
546,9.465197517324765e-05,1.703790610441843e-06,3.880017044175705e-07
547,9.397321318237418e-05,1.692513155330909e-06,3.857389588297482e-07
548,9.31448925593069e-05,1.682361905685812e-06,3.838463425858287e-07
549,9.280221690112653e-05,1.671361423884855e-06,3.817032609955962e-07
550,9.235939229969373e-05,1.661546296319427e-06,3.800430381296899e-07
551,9.173134944585857e-05,1.650579299838411e-06,3.778335286835529e-07
552,9.100952658704893e-05,1.640707177816164e-06,3.759824438124138e-07
553,9.070993286874008e-05,1.630005960478579e-06,3.738851546464295e-07
554,9.027870199046294e-05,1.62045565627248e-06,3.722556146135015e-07
555,8.966155431713318e-05,1.609789780295205e-06,3.700973624483821e-07
556,8.896762346777657e-05,1.600191266020314e-06,3.682932363819187e-07
557,8.861476962986689e-05,1.589761113762602e-06,3.662320595300156e-07
558,8.82664071987261e-05,1.580465417498265e-06,3.646271710669529e-07
559,8.761242228009674e-05,1.570090256421157e-06,3.625346168923673e-07
560,8.701462849007983e-05,1.560797836039822e-06,3.607732457219835e-07
561,8.657753143059873e-05,1.550631491422389e-06,3.587634178414342e-07
562,8.620903824978126e-05,1.54159748570751e-06,3.57167526129574e-07
563,8.555731189767996e-05,1.531501269667235e-06,3.551365134539301e-07
564,8.493399587393008e-05,1.522444415041217e-06,3.534040986457997e-07
565,8.454188562718379e-05,1.512561595204909e-06,3.514338606825153e-07
566,8.416067754499412e-05,1.503760395633117e-06,3.498793905926086e-07
567,8.355206530158238e-05,1.493940917326139e-06,3.478834124648183e-07
568,8.293540552021526e-05,1.48512412423924e-06,3.461933998611125e-07
569,8.2578880244949e-05,1.475510588444628e-06,3.44260882606935e-07
570,8.224436590312401e-05,1.466944325208229e-06,3.427412450740222e-07
571,8.167648546144598e-05,1.4573896078732e-06,3.407894735136972e-07
572,8.10789441045881e-05,1.448813791365518e-06,3.391364635699405e-07
573,8.071305747587384e-05,1.439457050398172e-06,3.372467619548244e-07
574,8.029190245644755e-05,1.431109251487269e-06,3.357435116923079e-07
575,7.977567481141013e-05,1.421817115818412e-06,3.338375374612607e-07
576,7.922196765876507e-05,1.413489272457108e-06,3.322386247103504e-07
577,7.885413193795797e-05,1.404371922389133e-06,3.303826839772508e-07
578,7.842411429035719e-05,1.396237471068047e-06,3.28899738658767e-07
579,7.793691381782453e-05,1.387197740980221e-06,3.270383349453631e-07
580,7.738531105944227e-05,1.379091348916597e-06,3.254781091081776e-07
581,7.705072402985032e-05,1.370221723558255e-06,3.236614434611309e-07
582,7.66374685261072e-05,1.36230266361086e-06,3.222125226925604e-07
583,7.61568548308754e-05,1.353504112942068e-06,3.203891423296664e-07
584,7.56098848087882e-05,1.34561043828958e-06,3.188598018180546e-07
585,7.528263128779704e-05,1.3369780860204e-06,3.170826456993865e-07
586,7.488614023857679e-05,1.329270419467265e-06,3.156647278806134e-07
587,7.441715493631188e-05,1.320705112450398e-06,3.13881208874965e-07
588,7.389309802575097e-05,1.313019087239358e-06,3.123814614778288e-07
589,7.356596663916725e-05,1.304616871296891e-06,3.106435714376917e-07
590,7.318403862993799e-05,1.297113364839957e-06,3.092556577629757e-07
591,7.272330424593838e-05,1.288775106513829e-06,3.075112413764318e-07
592,7.21951677164077e-05,1.281290631531801e-06,3.060420452943785e-07
593,7.187994419900874e-05,1.273111228441327e-06,3.043417028717774e-07
594,7.150028182918318e-05,1.265804934936307e-06,3.029821696392535e-07
595,7.10527790274977e-05,1.257687095304178e-06,3.01275713447145e-07
596,7.054208540461585e-05,1.250399144484798e-06,2.9983685117493e-07
597,7.023458909404585e-05,1.242435415543981e-06,2.981735200814543e-07
598,6.986464541674557e-05,1.235320114946368e-06,2.968407253196827e-07
599,6.942910978248802e-05,1.227416477615262e-06,2.95172360918332e-07
600,6.892437048897e-05,1.220320373632445e-06,2.937634277467748e-07
601,6.862187888675816e-05,1.212565390162507e-06,2.921360301116227e-07
602,6.816538971113486e-05,1.205641466095174e-06,2.907988904618202e-07
603,6.778053804656758e-05,1.19796538038286e-06,2.891888874094831e-07
604,6.725799497947804e-05,1.191053118229142e-06,2.878138782397035e-07
605,6.945276875243603e-05,1.183376102842255e-06,2.864261595949998e-07
606,6.708065706551273e-05,1.176692470393435e-06,2.846741650170919e-07
607,6.666747335139755e-05,1.169750705914601e-06,2.834727698367175e-07
608,6.867457741134561e-05,1.162210774586871e-06,2.821066245996274e-07
609,6.602369869595981e-05,1.155368635688494e-06,2.804414198247123e-07
610,6.813572864853873e-05,1.147948170941353e-06,2.790987510376435e-07
611,6.559598157998255e-05,1.141812883695523e-06,2.775790248765541e-07
612,6.505547575257691e-05,1.134576259784659e-06,2.761839535096829e-07
613,6.51799380417627e-05,1.128414038940323e-06,2.751187211681149e-07
614,6.419985567300031e-05,1.121209118457725e-06,2.735590926096981e-07
615,6.327108675444197e-05,1.114376388888052e-06,2.720999412883126e-07
616,6.543371401576674e-05,1.107237125673017e-06,2.707842684610723e-07
617,6.310127404524618e-05,1.101132096123208e-06,2.690875079171767e-07
618,6.487232762869682e-05,1.094094759553582e-06,2.678423105100434e-07
619,6.282100054891947e-05,1.088234126586454e-06,2.665601669937017e-07
620,6.213300985885581e-05,1.081286328144882e-06,2.652194165225429e-07
621,6.235405825063056e-05,1.075414231299388e-06,2.641044924119848e-07
622,6.145335639551662e-05,1.068570577477776e-06,2.626635036312144e-07
623,6.043780582723711e-05,1.062054582327042e-06,2.61243768340388e-07
624,6.251346661243084e-05,1.055276763825344e-06,2.599813843157036e-07
625,6.030424982156609e-05,1.049418027002198e-06,2.583355054480798e-07
626,5.982031727633307e-05,1.043302655448155e-06,2.573049656859978e-07
627,5.928421041484451e-05,1.03668267579446e-06,2.559415831384061e-07
628,5.903829516256914e-05,1.030607938982803e-06,2.546626412233907e-07
629,5.861947447417354e-05,1.024131199662823e-06,2.53311983949426e-07
630,5.804071225201737e-05,1.018373064582712e-06,2.520846714712091e-07
631,5.777054708894896e-05,1.011990839373626e-06,2.507157157678915e-07
632,5.731533347487519e-05,1.006265165248111e-06,2.495428391940802e-07
633,5.920233598414843e-05,9.998678654415832e-07,2.483570882701804e-07
634,5.722457766888079e-05,9.942917975226845e-07,2.468338655185775e-07
635,5.68213756205473e-05,9.884867008572638e-07,2.457835168567983e-07
636,5.856371348604569e-05,9.822032395600818e-07,2.446180531497503e-07
637,5.629035382714273e-05,9.7653520588173e-07,2.431647818341832e-07
638,5.810872832820931e-05,9.703494379400426e-07,2.420213037821233e-07
639,5.600980766849323e-05,9.652400436139375e-07,2.407018028852249e-07
640,5.556379219967876e-05,9.59207173322326e-07,2.395057808207562e-07
641,5.559777305717442e-05,9.54096880609527e-07,2.385724646485968e-07
642,5.478516541045051e-05,9.480890355384831e-07,2.372415451890329e-07
643,5.401588343281607e-05,9.423695181217235e-07,2.359790797471549e-07
644,5.587039970497113e-05,9.364127929568428e-07,2.3485441043332e-07
645,5.38978699394869e-05,9.313439520214206e-07,2.333766862362309e-07
646,5.540582259694156e-05,9.254696241397291e-07,2.323101743234303e-07
647,5.370009113955406e-05,9.206043129350301e-07,2.311901423109068e-07
648,5.313317702576776e-05,9.148015524321893e-07,2.300489836737279e-07
649,5.328663125794863e-05,9.098921431998327e-07,2.29066015290936e-07
650,5.251981223338351e-05,9.041781789107218e-07,2.27837851724865e-07
651,5.165504085848697e-05,8.987332927173047e-07,2.266084995567843e-07
652,5.345498689730764e-05,8.930723064835824e-07,2.25529070888649e-07
653,5.158756580335066e-05,8.881852361723888e-07,2.240961824460118e-07
654,5.30332260182003e-05,8.826036974118874e-07,2.23074377165156e-07
655,5.133470474159376e-05,8.780224332749994e-07,2.219903117144353e-07
656,5.091436436870308e-05,8.725136499734954e-07,2.209110211554829e-07
657,5.105841056688439e-05,8.678658182218073e-07,2.200104056105857e-07
658,5.028343408929932e-05,8.624340607377922e-07,2.187926605572378e-07
659,4.94733446164382e-05,8.572130174199206e-07,2.176136695103646e-07
660,5.119356183855387e-05,8.518319652410194e-07,2.165788798703207e-07
661,4.936773927284261e-05,8.47215256872532e-07,2.151991813412809e-07
662,5.073454898184264e-05,8.419105868818683e-07,2.142227707436881e-07
663,4.911222179862197e-05,8.375699145857506e-07,2.131772459043222e-07
664,4.870738980418237e-05,8.323282414350254e-07,2.121465413470846e-07
665,4.884236944194822e-05,8.278966481914801e-07,2.112785791635364e-07
666,4.808282419685756e-05,8.227328128228771e-07,2.10116255031093e-07
667,4.728504950176354e-05,8.177669399289059e-07,2.089820012988577e-07
668,4.892968236526148e-05,8.126509542613183e-07,2.079915676212785e-07
669,4.718475414815398e-05,8.082544162392749e-07,2.066643011923432e-07
670,4.850378406663697e-05,8.032112236653961e-07,2.057290146768124e-07
671,4.695382631108197e-05,7.990934010814674e-07,2.047208282628506e-07
672,4.659664692598994e-05,7.94111091397497e-07,2.037386006813544e-07
673,4.672043352077874e-05,7.899023600205964e-07,2.029096237686847e-07
674,4.599770293819744e-05,7.849924391206377e-07,2.017895878639851e-07
675,4.525408744192082e-05,7.802599471430459e-07,2.007017049523285e-07
676,4.683215025365025e-05,7.753948557825055e-07,1.997536225733046e-07
677,4.516286859687276e-05,7.712241830363869e-07,1.984785173470645e-07
678,4.642715043014422e-05,7.664284243059865e-07,1.975828881771571e-07
679,4.490342975353099e-05,7.625167099756687e-07,1.966112768815614e-07
680,4.455782852703402e-05,7.577779820668446e-07,1.956720935741577e-07
681,4.467242269350204e-05,7.537757970631192e-07,1.948752172907894e-07
682,4.398207360568452e-05,7.491056861943058e-07,1.938012793697942e-07
683,4.327941450334733e-05,7.445992679946359e-07,1.92757007706017e-07
684,4.479345628793256e-05,7.399717362925952e-07,1.918493504152449e-07
685,4.319935461753813e-05,7.360083205058657e-07,1.906238945294478e-07
686,4.441057228198497e-05,7.314468968554751e-07,1.897659824689187e-07
687,4.29967159385896e-05,7.277304816358419e-07,1.888295797217316e-07
688,4.269023525116673e-05,7.232226752964179e-07,1.8793222741942e-07
689,4.277835684054165e-05,7.194175993264927e-07,1.871687012450879e-07
690,4.21046215435147e-05,7.149744710503975e-07,1.861365820822074e-07
691,4.141574905077856e-05,7.106819417526184e-07,1.851342538592756e-07
692,4.285783112241936e-05,7.062789792977573e-07,1.842653828415107e-07
693,4.133245037975854e-05,7.025131033332503e-07,1.830876070309853e-07
694,4.248188648709791e-05,6.981731822509584e-07,1.822658164352812e-07
695,4.113975737837285e-05,6.946412053624999e-07,1.813632655853317e-07
696,4.086576819716603e-05,6.903516227145535e-07,1.805055213150198e-07
697,4.094159475039119e-05,6.867331934267056e-07,1.797730039603309e-07
698,4.029571719945042e-05,6.825047027647605e-07,1.787821427192785e-07
699,3.964718800337486e-05,6.78415370019324e-07,1.77820016660756e-07
700,4.102560887153724e-05,6.742253496415845e-07,1.769882591041867e-07
701,3.956966026021752e-05,6.706465569599396e-07,1.7585597054679e-07
702,4.067142767647924e-05,6.665165244185146e-07,1.750690025254417e-07
703,3.938167050187407e-05,6.631585400788028e-07,1.741993209465499e-07
704,3.913028824454309e-05,6.590755934180775e-07,1.733797305695547e-07
705,3.919256336020609e-05,6.556337776546027e-07,1.726762210992877e-07
706,3.857665712965107e-05,6.516090497775474e-07,1.717249379439758e-07
707,3.796471130837665e-05,6.477126557834932e-07,1.7080128822699e-07
708,3.929311242356809e-05,6.437243393874845e-07,1.700049894909352e-07
709,3.789716202223457e-05,6.403220109513501e-07,1.68916595955008e-07
710,3.895455186384272e-05,6.363908300599988e-07,1.681627838969407e-07
711,3.772658926703796e-05,6.331974243408037e-07,1.673249409646642e-07
712,3.75027194551177e-05,6.293103939969971e-07,1.665412293474609e-07
713,3.754590744477334e-05,6.260354411226259e-07,1.658653758119096e-07
714,3.694629158776701e-05,6.222042158527712e-07,1.649517559177333e-07
715,3.63551432569347e-05,6.184909688919324e-07,1.64064989568843e-07
716,3.76227769121417e-05,6.146938038457747e-07,1.633023477265997e-07
717,3.628221274893219e-05,6.114584883576229e-07,1.622562108139507e-07
718,3.729055032151637e-05,6.077158319281826e-07,1.615339107190229e-07
719,3.61106075855317e-05,6.046779100008843e-07,1.607266289840691e-07
720,3.590799090430156e-05,6.009768440885728e-07,1.599766024186051e-07
721,3.594320373584272e-05,5.978595397028947e-07,1.593277720078616e-07
722,3.53757086399943e-05,5.942118853971027e-07,1.584509179486066e-07
723,3.481471977532248e-05,5.906729197158659e-07,1.575996098558673e-07
724,3.603451293992608e-05,5.87057050656503e-07,1.568694816042708e-07
725,3.475528860928775e-05,5.839793223118038e-07,1.558639641633081e-07
726,3.572265389715088e-05,5.804153897198144e-07,1.551720013449973e-07
727,3.459244937200351e-05,5.775245921608698e-07,1.543942398711755e-07
728,3.441147447296233e-05,5.739999262598702e-07,1.536768611612649e-07
729,3.443201474976863e-05,5.710319851386974e-07,1.530535529771235e-07
730,3.388790009181018e-05,5.675584491777599e-07,1.522116381221926e-07
731,3.335268304629008e-05,5.641851390868244e-07,1.513944105066223e-07
732,3.452448571073928e-05,5.607411400571322e-07,1.506951832650609e-07
733,3.330263475536843e-05,5.578133450280202e-07,1.497283283419304e-07
734,3.423109142726795e-05,5.544188361214895e-07,1.490653320263449e-07
735,3.315119016190689e-05,5.51667060292625e-07,1.483167115778036e-07
736,3.299026462610956e-05,5.483095363124784e-07,1.476307099367711e-07
737,3.29965224453851e-05,5.4548352116041e-07,1.470313373942589e-07
738,3.247366084981544e-05,5.421751133130436e-07,1.46222706690398e-07
739,3.195918041705786e-05,5.389591601945967e-07,1.454379028817054e-07
740,3.307915185934208e-05,5.356782020760245e-07,1.447681921368804e-07
741,3.190621178013002e-05,5.328921029322341e-07,1.438400113548465e-07
742,3.27913447163484e-05,5.296582160713824e-07,1.432044503603925e-07
743,3.175482499939942e-05,5.270384744708621e-07,1.424827878107509e-07
744,3.161192560874716e-05,5.238394118654456e-07,1.418262594750483e-07
745,3.160872874738033e-05,5.211473063719441e-07,1.41250133087279e-07
746,3.110997694563271e-05,5.179954505360845e-07,1.404743269542737e-07
747,3.062140325936725e-05,5.149295553610002e-07,1.397206378034007e-07
748,3.169824122226081e-05,5.118033411776551e-07,1.3907907082584e-07
749,3.058590697869347e-05,5.09151441567365e-07,1.381868173569679e-07
750,3.144455902278414e-05,5.060699769963723e-07,1.375776028118739e-07
751,3.045981567138235e-05,5.035750970562894e-07,1.368826503428857e-07
752,3.033667819288879e-05,5.005263909120052e-07,1.362537959918548e-07
753,3.032898867309507e-05,4.979619270997667e-07,1.357000754172422e-07
754,2.985092151935768e-05,4.949586108082745e-07,1.349552840498434e-07
755,2.938120687241249e-05,4.920353806312863e-07,1.342317790687992e-07
756,3.040797516088882e-05,4.89056043905576e-07,1.336168323014875e-07
757,2.933092618759734e-05,4.865310794050486e-07,1.32759649179954e-07
758,3.01457282944769e-05,4.835943452587325e-07,1.321752902909969e-07
759,2.919198081633098e-05,4.812181537616775e-07,1.315060359957709e-07
760,2.907824389072145e-05,4.783122504982488e-07,1.30903584958064e-07
761,2.905187424612997e-05,4.758681599723967e-07,1.303714509511787e-07
762,2.858625681249117e-05,4.730059102168555e-07,1.29656592926462e-07
763,2.814473251371003e-05,4.702186212844414e-07,1.289613718589063e-07
764,2.914066318568041e-05,4.673786912301849e-07,1.283722524312597e-07
765,2.812107564819536e-05,4.649740487301837e-07,1.275478407051206e-07
766,2.8904258027411e-05,4.621747507278789e-07,1.269879024982699e-07
767,2.799613571625654e-05,4.599109399637563e-07,1.26343209259425e-07
768,2.789819661916621e-05,4.571406522712829e-07,1.25766374543058e-07
769,2.787126643186932e-05,4.548109294286156e-07,1.252545766931082e-07
770,2.742817138183416e-05,4.520826434317125e-07,1.245689945076296e-07
771,2.699610600680608e-05,4.494246961809197e-07,1.239016789213211e-07
772,2.794058980776372e-05,4.467172605098115e-07,1.233371394288489e-07
773,2.695755603808458e-05,4.444269475112582e-07,1.225450779800101e-07
774,2.770557563028786e-05,4.417581631849922e-07,1.220081955984694e-07
775,2.683552114115512e-05,4.396007411768184e-07,1.213875178044138e-07
776,2.674872728687109e-05,4.36959262786271e-07,1.208350407189857e-07
777,2.671113127565456e-05,4.347382360399006e-07,1.203425352357713e-07
778,2.628505983404272e-05,4.321372784531975e-07,1.196850048070453e-07
779,2.587013540234832e-05,4.296022165685259e-07,1.190440251007511e-07
780,2.677512187792253e-05,4.270205898665592e-07,1.185031216636387e-07
781,2.582931862737616e-05,4.248385993891846e-07,1.177415298266914e-07
782,2.654157257440305e-05,4.222938576516443e-07,1.172268489022907e-07
783,2.570539102192354e-05,4.202374336823544e-07,1.166290790546351e-07
784,2.563306448339035e-05,4.177184388194615e-07,1.16099854550022e-07
785,2.558935915821763e-05,4.15600054038113e-07,1.156259190319821e-07
786,2.517829520587787e-05,4.131202328468281e-07,1.149950266199996e-07
787,2.477840189907822e-05,4.107022477834406e-07,1.143794386752908e-07
788,2.564483655077522e-05,4.082401667512054e-07,1.138609932145441e-07
789,2.474098901235985e-05,4.061609807855981e-07,1.13128610260554e-07
790,2.542403693072013e-05,4.03734102258505e-07,1.126351840176563e-07
791,2.462431412627453e-05,4.017736029202664e-07,1.120598989454662e-07
792,2.456380793457178e-05,3.993707915555048e-07,1.115520100887866e-07
793,2.451866682613969e-05,3.973504305165693e-07,1.110968199356936e-07
794,2.413202091094434e-05,3.949855913750496e-07,1.104912724841391e-07
795,2.37505623653358e-05,3.926790416066176e-07,1.099004467356981e-07
796,2.458471072023513e-05,3.903305581802265e-07,1.094034881675233e-07
797,2.372274895272559e-05,3.883488602346843e-07,1.086993194029619e-07
798,2.437988841446589e-05,3.860339383030838e-07,1.082261481602349e-07
799,2.361599544666902e-05,3.841645470675537e-07,1.076725492873397e-07
800,2.35669387783978e-05,3.818723481022305e-07,1.071861690416134e-07
801,2.351216324006149e-05,3.799448804934504e-07,1.067478471195695e-07
802,2.313713503482434e-05,3.776893247385504e-07,1.061669827910639e-07
803,2.276866560786159e-05,3.754888164537771e-07,1.055992481115815e-07
804,2.356449759843993e-05,3.732483850228888e-07,1.051229410596607e-07
805,2.273645236066062e-05,3.71359425609852e-07,1.044459089946164e-07
806,2.336284913992136e-05,3.691510208498179e-07,1.039922252308222e-07
807,2.26300239910382e-05,3.673680983484679e-07,1.034593978771605e-07
808,2.258852924527495e-05,3.651810587232408e-07,1.029932361830889e-07
809,2.253515174250227e-05,3.633422080334759e-07,1.025715255527979e-07
810,2.218848923247832e-05,3.611904479563427e-07,1.020145032966522e-07
811,2.184488615724301e-05,3.590907904294832e-07,1.014688904509361e-07
812,2.261630340687222e-05,3.569531232451335e-07,1.010123966715333e-07
813,2.182864274886584e-05,3.551523170183979e-07,1.003615358651334e-07
814,2.243293095693651e-05,3.530451324358105e-07,9.992660821297223e-08
815,2.173213438672802e-05,3.513442970914077e-07,9.941374192984686e-08
816,2.17000224518802e-05,3.492571762129233e-07,9.896726736784804e-08
817,2.163910554782266e-05,3.475023785693583e-07,9.85608808945654e-08
818,2.129699826466295e-05,3.454493208775478e-07,9.80269405187606e-08
819,2.095964553626137e-05,3.434456327266757e-07,9.750256746335336e-08
820,2.169559423840714e-05,3.414056546940728e-07,9.706493948222105e-08
821,2.093706810640446e-05,3.396884424647949e-07,9.643939716713865e-08
822,2.151351508868157e-05,3.376775995128707e-07,9.602222636994479e-08
823,2.084036903831497e-05,3.360548641251689e-07,9.552859498042633e-08
824,2.08144612835375e-05,3.340630211934251e-07,9.510064582799519e-08
825,2.075055164449312e-05,3.323879688370891e-07,9.470958728956984e-08
826,2.042254164073751e-05,3.304288243918201e-07,9.419746356369332e-08
827,2.009916003487948e-05,3.285165585720963e-07,9.369355202829655e-08
828,2.080551176810862e-05,3.265695897660635e-07,9.327382543290964e-08
829,2.007937541522588e-05,3.249317661871043e-07,9.267250496274584e-08
830,2.063105857465546e-05,3.230125574372585e-07,9.227227099602089e-08
831,1.998470001070623e-05,3.214641171737698e-07,9.179729669529357e-08
832,1.996447074379001e-05,3.195628946644919e-07,9.138694973134361e-08
833,1.989765152125479e-05,3.179639544984726e-07,9.101062495816812e-08
834,1.957930072257552e-05,3.160940836757539e-07,9.051944906814565e-08
835,1.926863108406496e-05,3.142687507123928e-07,9.003510393274446e-08
836,1.994685014694617e-05,3.124102004147398e-07,8.963250187726338e-08
837,1.92538461287478e-05,3.108477919752974e-07,8.905439514706189e-08
838,1.978558211011601e-05,3.090157165993481e-07,8.867047874464511e-08
839,1.916846779171339e-05,3.075381270996758e-07,8.821336605449626e-08
840,1.91554892862464e-05,3.057232498819862e-07,8.781971443518485e-08
841,1.909109067348781e-05,3.041967825184007e-07,8.745804871255255e-08
842,1.878681769553202e-05,3.024114259420592e-07,8.698675362074673e-08
843,1.848851407226829e-05,3.006690115490003e-07,8.652135799131972e-08
844,1.913913997820649e-05,2.988946499775142e-07,8.613534607209921e-08
845,1.847290164288617e-05,2.974041018832731e-07,8.557969648140769e-08
846,1.89815212430378e-05,2.956549096792839e-07,8.521139399979713e-08
847,1.838717960134525e-05,2.942443896255157e-07,8.477144846700034e-08
848,1.837823809945103e-05,2.925116228739941e-07,8.439391593906822e-08
849,1.830997146045799e-05,2.910541771283135e-07,8.404589948774248e-08
850,1.801883007675807e-05,2.893497393613791e-07,8.359396300294414e-08
851,1.773201767245144e-05,2.876860439054469e-07,8.314669235341959e-08
852,1.835513733629568e-05,2.859918322946164e-07,8.277645954020463e-08
853,1.771549126387402e-05,2.845694939533318e-07,8.224223451595567e-08
854,1.820277613704874e-05,2.828992675872013e-07,8.188889551631583e-08
855,1.76309497300199e-05,2.815528752324133e-07,8.146550873198836e-08
856,1.762562043437477e-05,2.798982519856697e-07,8.110348544076516e-08
857,1.755418527832515e-05,2.785062356188386e-07,8.076865448409818e-08
858,1.727368535623747e-05,2.768787316729483e-07,8.033534999079607e-08
859,1.699743844573634e-05,2.752901351716062e-07,7.990534253857353e-08
860,1.759412926506213e-05,2.736722237830744e-07,7.95502648176065e-08
861,1.698163525627593e-05,2.723148246108183e-07,7.903666283171695e-08
862,1.744667196532853e-05,2.707197179979832e-07,7.869767802909188e-08
863,1.689816962870446e-05,2.694343120815542e-07,7.829018570659004e-08
864,1.690168841076248e-05,2.678542107124631e-07,7.794284693704311e-08
865,1.683360257351204e-05,2.665245867402659e-07,7.762058650254441e-08
866,1.656744295930849e-05,2.649703174050187e-07,7.720499701617426e-08
867,1.630164637612059e-05,2.634532073152558e-07,7.679172480739921e-08
868,1.6873931507569e-05,2.619079437531982e-07,7.645126540983834e-08
869,1.628654289414714e-05,2.606122844893393e-07,7.595723666769109e-08
870,1.673536452074205e-05,2.590887457696394e-07,7.563216205482258e-08
871,1.621296532495569e-05,2.578614878528926e-07,7.524000381245926e-08
872,1.622248530493326e-05,2.563523156379717e-07,7.490699562185904e-08
873,1.615237436393566e-05,2.550818322204854e-07,7.459698413014465e-08
874,1.589434167515252e-05,2.535973283819089e-07,7.419836635626746e-08
875,1.563807164614084e-05,2.521484095288378e-07,7.380112492010529e-08
876,1.618793857761475e-05,2.506723541389206e-07,7.347454836481887e-08
877,1.562497131812065e-05,2.494356525067289e-07,7.299961121213694e-08
878,1.605452740173299e-05,2.479803026889302e-07,7.26877547957378e-08
879,1.555191749842102e-05,2.468081710918464e-07,7.231039457578881e-08
880,1.556399679728334e-05,2.45366552945355e-07,7.199112607622901e-08
881,1.548799442777774e-05,2.441527914609329e-07,7.169265405443057e-08
882,1.523677632242393e-05,2.42734761173296e-07,7.131058862781376e-08
883,1.498728260008257e-05,2.413506956437601e-07,7.092871236396679e-08
884,1.551210939597072e-05,2.399405574580431e-07,7.061551010236423e-08
885,1.497110755114397e-05,2.387598492039694e-07,7.015892305539235e-08
886,1.538045673874401e-05,2.373694428017353e-07,6.985973027952629e-08
887,1.489630429143925e-05,2.362500083960412e-07,6.949663162446398e-08
888,1.491098984319626e-05,2.348727213946226e-07,6.919039325441951e-08
889,1.449457950352633e-05,2.335509059498826e-07,6.884534411961385e-08
890,1.497393675311153e-05,2.321895583968134e-07,6.854429433579498e-08
891,1.455415985296364e-05,2.310520413588048e-07,6.811874649849555e-08
892,1.442176495623246e-05,2.297183969329992e-07,6.779721524787798e-08
893,1.482663756776469e-05,2.28384194771133e-07,6.750122782936272e-08
894,1.440951756723936e-05,2.273567650629357e-07,6.713293918839826e-08
895,1.423740999551025e-05,2.260356293700021e-07,6.681083325377224e-08
896,1.458044755080701e-05,2.247252356923601e-07,6.65169686573713e-08
897,1.440881216858347e-05,2.237203031220176e-07,6.617134082061106e-08
898,1.409105188273135e-05,2.224163730160626e-07,6.58606423363995e-08
899,1.44109497962673e-05,2.211215774095294e-07,6.556929907377891e-08
900,1.387518963924144e-05,2.199924689343129e-07,6.514202836930585e-08
901,1.376041547862459e-05,2.188461870442902e-07,6.486589661225082e-08
902,1.417671491827591e-05,2.175731618175504e-07,6.458172196354319e-08
903,1.369587659506154e-05,2.163975199326704e-07,6.419843477328678e-08
904,1.407912653633575e-05,2.151405604698832e-07,6.392152499230618e-08
905,1.36087425486697e-05,2.141166285136457e-07,6.354174079853558e-08
906,1.349078077316726e-05,2.129735436618215e-07,6.329162531404592e-08
907,1.331857752970792e-05,2.117412558073072e-07,6.297517696674108e-08
908,1.372082694133326e-05,2.105147744905979e-07,6.269738720208054e-08
909,1.324369019143497e-05,2.094932082686382e-07,6.228699448478949e-08
910,1.321872492484829e-05,2.083601113586343e-07,6.20350064827363e-08
911,1.302735811852044e-05,2.071607493519056e-07,6.173336324346201e-08
912,1.341398627892288e-05,2.059625923099452e-07,6.146146695825832e-08
913,1.302577187376266e-05,2.050074301757593e-07,6.107148084210887e-08
914,1.295715692392717e-05,2.039110002013446e-07,6.083367818261094e-08
915,1.276156490243142e-05,2.027341734825501e-07,6.053787830211311e-08
916,1.313975396596438e-05,2.015612259859742e-07,6.026972330711663e-08
917,1.269629945646484e-05,2.005748104849514e-07,5.98657510702659e-08
918,1.262712592145804e-05,1.995064640741459e-07,5.962601330001117e-08
919,1.246460591747642e-05,1.98359523901488e-07,5.932981045096063e-08
920,1.284634829676677e-05,1.97214198758803e-07,5.90711798862706e-08
921,1.248254159317012e-05,1.963081529048441e-07,5.869881362265463e-08
922,1.242534606707508e-05,1.95249045163195e-07,5.84679276973302e-08
923,1.224355669524735e-05,1.941225210837892e-07,5.818406416406148e-08
924,1.260681033100599e-05,1.930016942969185e-07,5.792709693846062e-08
925,1.218268720329993e-05,1.92081450894102e-07,5.75431044579816e-08
926,1.214075145462923e-05,1.910627471977236e-07,5.731637694098908e-08
927,1.196681855621425e-05,1.899663369402974e-07,5.703289501800171e-08
928,1.232626329493273e-05,1.888710438886596e-07,5.678373265547729e-08
929,1.196060614766322e-05,1.87980253940259e-07,5.641902862589596e-08
930,1.189501323901024e-05,1.869737622736153e-07,5.619640259720152e-08
931,1.172900827390254e-05,1.858977042511419e-07,5.592142983576434e-08
932,1.208316569468207e-05,1.848265691052501e-07,5.567594672288582e-08
933,1.169426971856013e-05,1.839592263833878e-07,5.531099606286512e-08
934,1.165798084130229e-05,1.829783867007746e-07,5.509410988082957e-08
935,1.148999393305569e-05,1.81930009587674e-07,5.482238839593847e-08
936,1.183429212240692e-05,1.808828157217295e-07,5.45828283688271e-08
937,1.147153515360088e-05,1.80029495416217e-07,5.422977476222028e-08
938,1.14192248897848e-05,1.790689525568306e-07,5.401636709760429e-08
939,1.12545804754941e-05,1.780418789581828e-07,5.37516828084347e-08
940,1.159162260805118e-05,1.770177667264074e-07,5.351630563870385e-08
941,1.122277211963618e-05,1.761877679324604e-07,5.316634861009278e-08
942,1.10185048014434e-05,1.752469829975599e-07,5.293074144804121e-08
943,1.137793516080965e-05,1.742394915893358e-07,5.27046968494783e-08
944,1.125713132615094e-05,1.734045718729853e-07,5.243389065096098e-08
945,1.105319574791656e-05,1.724033557554074e-07,5.218198439233395e-08
946,1.08407918047513e-05,1.714724984042403e-07,5.192938718263028e-08
947,1.122045501930453e-05,1.704870630297155e-07,5.169807967777911e-08
948,1.086008889411417e-05,1.696752176605231e-07,5.137935916382101e-08
949,1.074549693664825e-05,1.687026448505635e-07,5.112620089631221e-08
950,1.102418324337717e-05,1.677340930327643e-07,5.090876503044389e-08
951,1.073577504559377e-05,1.669868573177361e-07,5.063481919901757e-08
952,1.069729631843628e-05,1.661148876237325e-07,5.042602081846375e-08
953,1.051444031851729e-05,1.651661631325967e-07,5.017832515744165e-08
954,1.081756258153524e-05,1.642178462714461e-07,4.995605959944431e-08
955,1.042982561521767e-05,1.633758774177081e-07,4.960691369573888e-08
956,1.026556986182203e-05,1.625155240655648e-07,4.938879627867471e-08
957,1.060278503895176e-05,1.615849048290441e-07,4.917898695066042e-08
958,1.037186957682838e-05,1.608121640026608e-07,4.891228722632756e-08
959,1.024121205708646e-05,1.59886951948982e-07,4.868240926483947e-08
960,1.01765130739373e-05,1.590753528687227e-07,4.845771515657373e-08
961,1.006574475093477e-05,1.581744115799196e-07,4.821551747951916e-08
962,1.035926052179469e-05,1.572697657299084e-07,4.800367584542047e-08
963,1.004142521439926e-05,1.565517136552807e-07,4.769995068247499e-08
964,1.000005543800452e-05,1.557098126314649e-07,4.751214372329084e-08
965,9.855830423066259e-06,1.5481933720945e-07,4.72794439787922e-08
966,1.014449331137097e-05,1.53933235191855e-07,4.707275230947257e-08
967,9.800266805115859e-06,1.531909625286576e-07,4.675573226395588e-08
968,9.633730751834056e-06,1.523705589565286e-07,4.65464413216593e-08
969,9.952110439698726e-06,1.51500758559082e-07,4.634970870512598e-08
970,9.7909432815496e-06,1.507931971093958e-07,4.611217371806204e-08
971,9.64203994591748e-06,1.499246897152877e-07,4.589085965154665e-08
972,9.46781879329943e-06,1.491281599211948e-07,4.566579315316435e-08
973,9.797299127260923e-06,1.482765395877474e-07,4.546421245642551e-08
974,9.563853808958221e-06,1.475966243094971e-07,4.520278787902928e-08
975,9.428363881787824e-06,1.467516471278511e-07,4.497811692767455e-08
976,9.65806386627572e-06,1.459123675703465e-07,4.478599210431258e-08
977,9.35872251809924e-06,1.452299562269819e-07,4.453056954685375e-08
978,9.160911908814904e-06,1.444367147880696e-07,4.431789254808767e-08
979,9.463926870886719e-06,1.436129358013529e-07,4.412900988602873e-08
980,9.330937946718175e-06,1.429580343237142e-07,4.389375988325584e-08
981,9.175639177023165e-06,1.421395621123117e-07,4.368356862923608e-08
982,9.001314809857992e-06,1.413625616442379e-07,4.346898017660533e-08
983,9.314683072088432e-06,1.405562254114128e-07,4.327815207893928e-08
984,9.006475494194859e-06,1.398954985853789e-07,4.301303912353999e-08
985,8.924517184272765e-06,1.39101035958574e-07,4.280560818489704e-08
986,9.162199547695872e-06,1.383099833182536e-07,4.262454446900159e-08
987,8.937484051949832e-06,1.376989787876525e-07,4.239503739012463e-08
988,8.828020204159735e-06,1.369134901155228e-07,4.219137483544107e-08
989,9.037908760159788e-06,1.361351605390721e-07,4.200887737538185e-08
990,8.939030936043729e-06,1.355450526374676e-07,4.179632864086033e-08
991,8.737152986879949e-06,1.347701632266143e-07,4.159172416089858e-08
992,8.928063852303602e-06,1.340009398021657e-07,4.14111452283047e-08
993,8.588662663419817e-06,1.333305676258963e-07,4.114375043558813e-08
994,8.441003929648837e-06,1.325958054858984e-07,4.093847260379618e-08
995,8.724043635029902e-06,1.318422508889785e-07,4.076836056363587e-08
996,8.495369396366073e-06,1.3123242443964e-07,4.055416795018141e-08
997,8.408405748203189e-06,1.304839421000879e-07,4.03658371862436e-08
998,8.634957323510423e-06,1.29742524667855e-07,4.019264096587142e-08
999,8.380188284603755e-06,1.29151439820497e-07,3.994785849788363e-08
1000,8.306310777048774e-06,1.284267079784183e-07,3.975487346721774e-08
1001,8.501762724159336e-06,1.276988768105527e-07,3.958505309780525e-08
1002,8.420872513891233e-06,1.271633035819574e-07,3.941551742948137e-08
1003,8.228970039961014e-06,1.264371053217571e-07,3.921352232674018e-08
1004,8.400996158603879e-06,1.257166927584317e-07,3.90425665824226e-08
1005,8.087699565217343e-06,1.250700182542256e-07,3.877769769841874e-08
1006,8.343197157909703e-06,1.243591274233144e-07,3.861170351853849e-08
1007,8.025656813142786e-06,1.237787474899711e-07,3.84177889470581e-08
1008,8.273489461547057e-06,1.230735256516769e-07,3.825367159833033e-08
1009,7.884921174187852e-06,1.224499989320509e-07,3.80229452434742e-08
1010,8.157061374143123e-06,1.217535171464696e-07,3.786663002611402e-08
1011,7.801588566021284e-06,1.211261291086067e-07,3.766406567265117e-08
1012,8.052545133748414e-06,1.204394317838541e-07,3.750581350069584e-08
1013,7.925074955706033e-06,1.199001750302676e-07,3.73094038383639e-08
1014,7.771916232867788e-06,1.192170598910813e-07,3.713516401265962e-08
1015,7.953714633436539e-06,1.185404946985816e-07,3.697345939198271e-08
1016,7.689451474744085e-06,1.179911335676247e-07,3.674496004600639e-08
1017,7.579458536858998e-06,1.173287789283058e-07,3.656464543838024e-08
1018,7.779833476121546e-06,1.166648834062051e-07,3.641139179271097e-08
1019,7.574567636714192e-06,1.161306425353823e-07,3.621797059307643e-08
1020,7.470049648235945e-06,1.154715372422019e-07,3.604587086838278e-08
1021,7.663357053206418e-06,1.148176878445212e-07,3.589264068450237e-08
1022,7.445886144186964e-06,1.142816073585331e-07,3.567226352522578e-08
1023,7.358009070297894e-06,1.136411153871623e-07,3.55029944476242e-08
1024,7.549076721300144e-06,1.129995881691609e-07,3.535305864879311e-08
1025,7.38574909517005e-06,1.125031364854012e-07,3.51741965997852e-08
1026,7.262727823528961e-06,1.118620913768429e-07,3.500260669259628e-08
1027,7.437429837978761e-06,1.112287198244964e-07,3.485330444519601e-08
1028,7.201489017978723e-06,1.10704062515564e-07,3.463367249909754e-08
1029,7.125565095134383e-06,1.100882932834588e-07,3.446503084968554e-08
1030,7.319306091756685e-06,1.094669036482868e-07,3.432129335228749e-08
1031,7.13522417246553e-06,1.089850669797931e-07,3.415304741534799e-08
1032,7.031525263804568e-06,1.083652744295899e-07,3.398433708866341e-08
1033,7.207078410688219e-06,1.077527578288273e-07,3.383970947304284e-08
1034,6.992297288901177e-06,1.072417766517188e-07,3.362638375338621e-08
1035,6.919154507966625e-06,1.066466034611165e-07,3.346527408983822e-08
1036,7.102314449697208e-06,1.060455823659938e-07,3.332525144711644e-08
1037,6.941837215725839e-06,1.05582005771575e-07,3.316515546405479e-08
1038,6.830115130601003e-06,1.049829621257029e-07,3.29993561243175e-08
1039,6.994491838649706e-06,1.043896730365141e-07,3.285884823632947e-08
1040,6.757640256583559e-06,1.038983116773501e-07,3.265006283486033e-08
1041,6.63385435338222e-06,1.033321490347565e-07,3.248421409592801e-08
1042,6.853517949436083e-06,1.027520696183787e-07,3.234851234320705e-08
1043,6.826466831184992e-06,1.023292620673228e-07,3.221299889306544e-08
1044,6.682642758137418e-06,1.017472649506315e-07,3.206126340074592e-08
1045,6.596849728059884e-06,1.011789274471508e-07,3.187825862954073e-08
1046,6.465930324408453e-06,1.006420842130165e-07,3.171507396539509e-08
1047,6.687819807267947e-06,1.000757728958688e-07,3.158018183620225e-08
1048,6.491331893086899e-06,9.963153094304318e-08,3.139936899092365e-08
1049,6.445171675747738e-06,9.907368377192183e-08,3.124515453635956e-08
1050,6.61212252565125e-06,9.851694363445945e-08,3.111488442612577e-08
1051,6.341296686391899e-06,9.804476726352631e-08,3.093994391402357e-08
1052,6.543217273422115e-06,9.749355385091406e-08,3.080813141905017e-08
1053,6.58493118039395e-06,9.712246879124567e-08,3.068717394854204e-08
1054,6.394779078836632e-06,9.657021041329778e-08,3.053404034157363e-08
1055,6.29504405559766e-06,9.60255580082056e-08,3.036201373269704e-08
1056,6.160868803678327e-06,9.549997622195415e-08,3.02005577203597e-08
1057,6.372971397948946e-06,9.496227041968332e-08,3.007247301057493e-08
1058,6.191102465249011e-06,9.450361883086222e-08,2.989169613569221e-08
1059,6.083198442603597e-06,9.399575009970553e-08,2.974665314036069e-08
1060,6.277661597170215e-06,9.34692351060519e-08,2.962201426942476e-08
1061,6.065840943665932e-06,9.30542641207717e-08,2.946193711171824e-08
1062,6.241214065959769e-06,9.253071803383017e-08,2.933570742384464e-08
1063,5.978931394955796e-06,9.207481715016745e-08,2.916946079837225e-08
1064,6.159942300065414e-06,9.155760253202516e-08,2.904746094208083e-08
1065,6.010022545470639e-06,9.12309917928141e-08,2.891318032462028e-08
1066,6.169338981148071e-06,9.071384745890345e-08,2.879256581029372e-08
1067,5.897728533457407e-06,9.020193260317985e-08,2.862664715064625e-08
1068,6.103315165183777e-06,8.969313153976224e-08,2.850537132186997e-08
1069,5.899149363484416e-06,8.9193885582289e-08,2.832462979331751e-08
1070,5.774533917666141e-06,8.870939548066463e-08,2.818828980457173e-08
1071,5.97020020997342e-06,8.821133011503114e-08,2.806981655548401e-08
1072,5.778527969177801e-06,8.783709601472842e-08,2.791999393204496e-08
1073,5.657610769170062e-06,8.736821528554496e-08,2.777941461783454e-08
1074,5.848044083814097e-06,8.687959438661457e-08,2.76617895694429e-08
1075,5.632253970196559e-06,8.646616963910025e-08,2.749989854280716e-08
1076,5.801911032170519e-06,8.598088008483867e-08,2.73848107714886e-08
1077,5.567993340775038e-06,8.554187858504439e-08,2.723745486694583e-08
1078,5.740093493046518e-06,8.506203103021665e-08,2.712262902060885e-08
1079,5.515660960035525e-06,8.462731650184672e-08,2.697310511826747e-08
1080,5.678033526049933e-06,8.41553853738499e-08,2.68584993745468e-08
1081,5.457405046783295e-06,8.373942388480959e-08,2.67056918822839e-08
1082,5.617180547270279e-06,8.327497064546448e-08,2.659464833147375e-08
1083,5.400986905401429e-06,8.28798755799967e-08,2.64536349575427e-08
1084,5.564524694261129e-06,8.241744324776607e-08,2.634431320502253e-08
1085,5.344856105004149e-06,8.199930349360926e-08,2.618593899289312e-08
1086,5.507211902856573e-06,8.154262390280399e-08,2.607798154208667e-08
1087,5.300440720022437e-06,8.114941181113155e-08,2.593740654486941e-08
1088,5.460537619438349e-06,8.069603295509956e-08,2.58305832647288e-08
1089,5.240484150233068e-06,8.0291142986609e-08,2.567808468996469e-08
1090,5.400373761151688e-06,7.984399821424136e-08,2.55727152029654e-08
1091,5.192873213156106e-06,7.946495080957982e-08,2.543544668959444e-08
1092,5.35005283977584e-06,7.90206462289591e-08,2.533042384632863e-08
1093,5.136644939999865e-06,7.862801370375787e-08,2.518003637280044e-08
1094,5.291653029758148e-06,7.819003185892862e-08,2.507617177459155e-08
1095,5.092712494610942e-06,7.78193233850094e-08,2.494386108398858e-08
1096,5.242957091363274e-06,7.738525683576506e-08,2.483984916126688e-08
1097,5.035253357838441e-06,7.700018686859706e-08,2.469320090142747e-08
1098,5.185991436778807e-06,7.657241501260195e-08,2.459053276217149e-08
1099,4.989894704494318e-06,7.620470891784957e-08,2.446160068505801e-08
1100,5.134955955620116e-06,7.578090849047754e-08,2.435887256549985e-08
1101,4.931429892317909e-06,7.540029678147207e-08,2.421569468508905e-08
1102,5.078505692522059e-06,7.49837694650227e-08,2.411538586283056e-08
1103,4.88498267367205e-06,7.46268174772574e-08,2.398868652145348e-08
1104,5.030142860972807e-06,7.421305896745625e-08,2.38888693961227e-08
1105,4.827163477254414e-06,7.384443383618122e-08,2.374578123136889e-08
1106,4.977835006960273e-06,7.343524261022493e-08,2.364847399454218e-08
1107,4.780733826468923e-06,7.308415593224003e-08,2.352055310400712e-08
1108,4.92730531625986e-06,7.267875773394732e-08,2.342375251577688e-08
1109,4.72851840570256e-06,7.232092818811176e-08,2.328839771610082e-08
1110,4.873242731298e-06,7.192047047173276e-08,2.319295808278238e-08
1111,4.680377096405165e-06,7.157057936942966e-08,2.306392208488956e-08
1112,4.824139974068272e-06,7.11733104966808e-08,2.296953447658565e-08
1113,4.633136902350135e-06,7.082724393616216e-08,2.28396349855883e-08
1114,4.776821679077795e-06,7.043471415539791e-08,2.274652342277536e-08
1115,4.585979243069637e-06,7.00938636514462e-08,2.261799210178853e-08
1116,4.728379419602988e-06,6.970565798864811e-08,2.252559382811177e-08
1117,4.53874854817926e-06,6.936540566817354e-08,2.239585582227847e-08
1118,4.682246178538372e-06,6.898132129528282e-08,2.23047713457503e-08
1119,4.49839719251677e-06,6.864824044734216e-08,2.218217518240467e-08
1120,4.636258589062346e-06,6.826768812296212e-08,2.209125403087422e-08
1121,4.452156710640543e-06,6.793232636914047e-08,2.196207970405242e-08
1122,4.591326159385277e-06,6.755636750206502e-08,2.187238673959545e-08
1123,4.413866263778567e-06,6.723384048319727e-08,2.175385620599548e-08
1124,4.546421372243548e-06,6.686144052016914e-08,2.166416761852209e-08
1125,4.364936245424373e-06,6.653463121646152e-08,2.153901463631134e-08
1126,4.50089104460625e-06,6.616667755647236e-08,2.145076172497799e-08
1127,4.325341467719901e-06,6.584951096172507e-08,2.133457862960429e-08
1128,4.455429463670113e-06,6.548534862733694e-08,2.124654517732217e-08
1129,4.277699160955904e-06,6.516255937835739e-08,2.112329578052331e-08
1130,4.410966830060534e-06,6.480361001770508e-08,2.10367747834423e-08
1131,4.238580536607332e-06,6.449453220824344e-08,2.09226507251532e-08
1132,4.366682185656186e-06,6.413910383805574e-08,2.083662802421246e-08
1133,4.19206184148807e-06,6.382313230024302e-08,2.071557768448384e-08
1134,4.32283229418477e-06,6.347153694662622e-08,2.063095137119968e-08
1135,4.153852309843982e-06,6.316771810039496e-08,2.051882477183517e-08
1136,4.280077631668336e-06,6.281925612191192e-08,2.043475345815663e-08
1137,4.108817031716556e-06,6.250951922150645e-08,2.031549167468015e-08
1138,4.237318862040933e-06,6.216505931894765e-08,2.023265080360752e-08
1139,4.071724172962783e-06,6.186774696480226e-08,2.012260313639011e-08
1140,4.195318205797856e-06,6.152619923494417e-08,2.004017596348312e-08
1141,4.027576645451436e-06,6.122480181490975e-08,1.99235495732562e-08
1142,4.153452215002656e-06,6.088736767915159e-08,1.984230810401827e-08
1143,3.987813201759968e-06,6.059528303636274e-08,1.973379559631978e-08
1144,4.111796364635952e-06,6.026081510742382e-08,1.965329655233069e-08
1145,3.948487149031849e-06,5.997192531035447e-08,1.95408662353494e-08
1146,4.072567548132362e-06,5.964109530084887e-08,1.946115593735588e-08
1147,3.908069199783773e-06,5.934704010644782e-08,1.93490021789977e-08
1148,4.028340143713918e-06,5.90224459814757e-08,1.926963742073889e-08
1149,3.866128836238645e-06,5.873893271295658e-08,1.916513562104127e-08
1150,3.985080174196881e-06,5.841595822612584e-08,1.908687709537032e-08
1151,3.826230702255793e-06,5.813400637406883e-08,1.897790551782587e-08
1152,3.946933116795911e-06,5.781497389727698e-08,1.890042808898385e-08
1153,3.837842008064596e-06,5.760958903446139e-08,1.881566230066868e-08
1154,3.943216695673189e-06,5.728855835106602e-08,1.873865442166057e-08
1155,3.770810869733366e-06,5.697962588100491e-08,1.861646403173784e-08
1156,3.897237340872602e-06,5.666368206222885e-08,1.854067152613959e-08
1157,3.762224971745624e-06,5.638172919498896e-08,1.843100701351109e-08
1158,3.866964778181965e-06,5.606888045122289e-08,1.83554342441562e-08
1159,3.710411978839072e-06,5.579324083866648e-08,1.825373795103053e-08
1160,3.818019288571116e-06,5.548508828614734e-08,1.818025528517405e-08
1161,3.654510215262948e-06,5.52346265812645e-08,1.807752460685139e-08
1162,3.768801730605058e-06,5.492961003140152e-08,1.800426995235105e-08
1163,3.614351284179633e-06,5.46634829182773e-08,1.789829416174137e-08
1164,3.567845580318057e-06,5.438249691608253e-08,1.781969491645877e-08
1165,3.532452682842786e-06,5.409263884099644e-08,1.77349458618635e-08
1166,3.551248172943055e-06,5.380524020756216e-08,1.766375532279057e-08
1167,3.538822526590432e-06,5.350895056765317e-08,1.756384387147836e-08
1168,3.481586941921913e-06,5.323570754708992e-08,1.74769696476661e-08
1169,3.513743707592287e-06,5.306534596995295e-08,1.741624438235834e-08
1170,3.623123750097359e-06,5.27699650539222e-08,1.734337115354148e-08
1171,3.468510352234746e-06,5.248601666221586e-08,1.722447358856118e-08
1172,3.590555866836034e-06,5.219508889927776e-08,1.715453977746315e-08
1173,3.455698430137155e-06,5.192041796228848e-08,1.705363415450761e-08
1174,3.555954859635218e-06,5.163271631413725e-08,1.698482977153104e-08
1175,3.425870683785955e-06,5.136862564737502e-08,1.689520027055113e-08
1176,3.525908361128558e-06,5.108501664618817e-08,1.68269771413072e-08
1177,3.379681116352384e-06,5.085291567266463e-08,1.672505088366062e-08
1178,3.485719286104237e-06,5.057332570924809e-08,1.66573118030782e-08
1179,3.344500221514573e-06,5.034745898727928e-08,1.656372719675955e-08
1180,3.445700005825197e-06,5.007090484346315e-08,1.649603739390578e-08
1181,3.301977480683306e-06,4.982981437967186e-08,1.639929941642649e-08
1182,3.311397590283256e-06,4.95588741563263e-08,1.633283451790054e-08
1183,3.245768467579191e-06,4.930018835495444e-08,1.625015676228278e-08
1184,3.303489791217878e-06,4.903362206363839e-08,1.618162913267666e-08
1185,3.210905367696642e-06,4.876373405113883e-08,1.610302123076387e-08
1186,3.181456611021524e-06,4.85283921584064e-08,1.60210176730476e-08
1187,3.197454883806615e-06,4.82796379918888e-08,1.59437566604097e-08
1188,3.271755304311454e-06,4.801725768273218e-08,1.587642275650092e-08
1189,3.156645166852151e-06,4.779562159335094e-08,1.577932608712024e-08
1190,3.262591759506848e-06,4.753273900533478e-08,1.571696786770589e-08
1191,3.126850307130506e-06,4.729012038180581e-08,1.563106434931258e-08
1192,3.23025172210006e-06,4.703419883581629e-08,1.556625098916365e-08
1193,3.115132039175708e-06,4.680321902986163e-08,1.547771655115827e-08
1194,3.206685151124471e-06,4.654629977004911e-08,1.54174934434671e-08
1195,3.072425116475061e-06,4.63244074839804e-08,1.533324817674013e-08
1196,3.16687277290333e-06,4.607219505634961e-08,1.527001237977733e-08
1197,3.045489587488842e-06,4.585718006354197e-08,1.517972931533689e-08
1198,3.054268230622455e-06,4.56160198833588e-08,1.511475323471985e-08
1199,3.001389308668713e-06,4.536905082092605e-08,1.504517570298338e-08
1200,2.973980899884164e-06,4.514547704774448e-08,1.496160733399369e-08
1201,2.945730409837044e-06,4.491982745599624e-08,1.489849038278031e-08
1202,2.965419014860512e-06,4.467983828912782e-08,1.482969944761105e-08
1203,2.930272040974574e-06,4.443869682920876e-08,1.47589536113362e-08
1204,2.904421780908025e-06,4.422764476548768e-08,1.467542891228873e-08
1205,2.92329254862756e-06,4.400208363068937e-08,1.461506604092557e-08
1206,2.90694099582562e-06,4.377075865491386e-08,1.453342104422039e-08
1207,2.863528927383225e-06,4.355487301292509e-08,1.447455892819984e-08
1208,2.840833611424294e-06,4.33341733441241e-08,1.440549245317707e-08
1209,2.945570204296996e-06,4.309728982186203e-08,1.434630243014671e-08
1210,2.833115867151441e-06,4.28845354740497e-08,1.424988716468302e-08
1211,2.806319014144696e-06,4.266516677219705e-08,1.419210724815951e-08
1212,2.814601946480759e-06,4.243861536238259e-08,1.412372395339556e-08
1213,2.785502607444138e-06,4.221049104345155e-08,1.406367547300994e-08
1214,2.771005210853206e-06,4.202480967944855e-08,1.398615570802433e-08
1215,2.865592843507845e-06,4.179399317126062e-08,1.393120228245872e-08
1216,2.750984176913784e-06,4.158701604547053e-08,1.384955406659941e-08
1217,2.770377515001368e-06,4.137143108971043e-08,1.378245977859892e-08
1218,2.724584962501161e-06,4.114920345109155e-08,1.37257610482896e-08
1219,2.711706506935856e-06,4.095570778063616e-08,1.365008707477885e-08
1220,2.804512578172203e-06,4.073129411843177e-08,1.359784887242234e-08
1221,2.731221023682742e-06,4.05283300506565e-08,1.352476631010201e-08
1222,2.674121146250124e-06,4.03311673706311e-08,1.345546570839117e-08
1223,2.699555523744794e-06,4.012385013220159e-08,1.340008171565209e-08
1224,2.651902221596788e-06,3.990846929724065e-08,1.334033403382949e-08
1225,2.627399466321888e-06,3.971556743591884e-08,1.325787252561525e-08
1226,2.59925723046e-06,3.951253498325268e-08,1.320023441375907e-08
1227,2.593149243531178e-06,3.93121212869185e-08,1.314550571757247e-08
1228,2.686653960403438e-06,3.909677972709719e-08,1.309161398180431e-08
1229,2.579369047868142e-06,3.890374707146656e-08,1.299755371879603e-08
1230,2.553646552244334e-06,3.870426913604473e-08,1.29469361940976e-08
1231,2.574543681155153e-06,3.850476020984614e-08,1.28848584114461e-08
1232,2.533028052017766e-06,3.829709193854646e-08,1.283176310856546e-08
1233,2.530349614559341e-06,3.811771210234355e-08,1.275902075087137e-08
1234,2.497463576850666e-06,3.792641644339966e-08,1.270427339787769e-08
1235,2.483094354419626e-06,3.77339621737094e-08,1.264520073810476e-08
1236,2.575144996747127e-06,3.752783757023249e-08,1.259454368680851e-08
1237,2.477113405371655e-06,3.734360805807375e-08,1.250927415127502e-08
1238,2.497561452170988e-06,3.715194737958099e-08,1.246102584927247e-08
1239,2.446577468354248e-06,3.696393306910305e-08,1.239611073739732e-08
1240,2.424934922425333e-06,3.678068067512134e-08,1.234395257032668e-08
1241,2.44081276489788e-06,3.65912919001829e-08,1.228572224889983e-08
1242,2.411628376770587e-06,3.639613550298988e-08,1.223205429509132e-08
1243,2.391773506711623e-06,3.621777803413276e-08,1.215489307677471e-08
1244,2.408070940378022e-06,3.603563945535338e-08,1.210754606062752e-08
1245,2.379666952535232e-06,3.584428880481351e-08,1.205395638112581e-08
1246,2.367639766832117e-06,3.567106657155975e-08,1.198125735958821e-08
1247,2.339740361754209e-06,3.549301563810248e-08,1.193335351677183e-08
1248,2.341722871552944e-06,3.530214324785492e-08,1.187997570219426e-08
1249,2.347358995098497e-06,3.511991174065676e-08,1.181122676562602e-08
1250,2.322169936385027e-06,3.493391570388807e-08,1.176452450052605e-08
1251,2.299170073288093e-06,3.477631303966019e-08,1.170492759174174e-08
1252,2.38466984710865e-06,3.458908755554865e-08,1.165734789421518e-08
1253,2.328649813606927e-06,3.441939489701031e-08,1.159250954697705e-08
1254,2.290449883188479e-06,3.423405005496997e-08,1.15425487044709e-08
1255,2.273111300427036e-06,3.407146802948737e-08,1.147302611824874e-08
1256,2.346667301608726e-06,3.388645213530225e-08,1.142908852941987e-08
1257,2.300776997988783e-06,3.373266836319348e-08,1.137461602116785e-08
1258,2.258038878048173e-06,3.354845959462026e-08,1.132672527814199e-08
1259,2.230174500233787e-06,3.338504596267901e-08,1.126015692225906e-08
1260,2.242240192986469e-06,3.321857547622976e-08,1.121466096617671e-08
1261,2.20022852905312e-06,3.304123080903764e-08,1.116453729981855e-08
1262,2.179330186422429e-06,3.287858085847451e-08,1.109528848950655e-08
1263,2.184777574001164e-06,3.270589449721689e-08,1.10489263941116e-08
1264,2.155499894454836e-06,3.254408669235273e-08,1.099469748902126e-08
1265,2.175928447626556e-06,3.237682457660857e-08,1.0948424753257e-08
1266,2.142499076016934e-06,3.220437467921486e-08,1.090001264311493e-08
1267,2.12458936660822e-06,3.205071963730047e-08,1.083185567115511e-08
1268,2.202044779265964e-06,3.187673391271951e-08,1.078967974742832e-08
1269,2.153507375319659e-06,3.172468073560983e-08,1.07365465803915e-08
1270,2.118627187644729e-06,3.155423261922156e-08,1.069046489930304e-08
1271,2.099533569694399e-06,3.140690950492245e-08,1.062712931890363e-08
1272,2.087443058369538e-06,3.123854594421064e-08,1.058437320368894e-08
1273,2.103279417967587e-06,3.109003690509989e-08,1.053340855420512e-08
1274,2.070982944878678e-06,3.092425104548968e-08,1.048711418713909e-08
1275,2.047423175708592e-06,3.077572888118898e-08,1.042835033804359e-08
1276,2.069129805501047e-06,3.062283681658425e-08,1.038582176566724e-08
1277,2.113401865441298e-06,3.045692816246629e-08,1.034333169171185e-08
1278,2.028658045329921e-06,3.030783187809773e-08,1.027385740898878e-08
1279,2.022051719638089e-06,3.014594276759153e-08,1.023324741789509e-08
1280,1.996971777177008e-06,2.999808968678771e-08,1.018887329897861e-08
1281,1.976215420440216e-06,2.984708189238209e-08,1.013252760539273e-08
1282,2.04831828141498e-06,2.968627610845199e-08,1.00926474323166e-08
1283,1.975890269545253e-06,2.954900041772743e-08,1.004042001720772e-08
1284,1.957662731720324e-06,2.940089179960023e-08,9.994381188953588e-09
1285,1.972574850641126e-06,2.925031321989932e-08,9.945084908800143e-09
1286,2.012172400010813e-06,2.909403522437308e-08,9.90415566501681e-09
1287,1.936390315997097e-06,2.895466419752612e-08,9.845824559871178e-09
1288,1.950589872360286e-06,2.881061270916498e-08,9.804334003485483e-09
1289,1.991019901496138e-06,2.865631380595852e-08,9.763384187678086e-09
1290,1.912396382699223e-06,2.851720283790474e-08,9.704024810554414e-09
1291,1.925193774916656e-06,2.837414943261613e-08,9.665160025925135e-09
1292,1.892498987278052e-06,2.822503342813814e-08,9.622818842634045e-09
1293,1.883824195842197e-06,2.807412793065476e-08,9.57729607967617e-09
1294,1.870863898581829e-06,2.794522828591712e-08,9.519179487444821e-09
1295,1.851096771221646e-06,2.781195662109771e-08,9.476591522278874e-09
1296,1.918864456964219e-06,2.766130068202602e-08,9.4400840918793e-09
1297,1.854308688579166e-06,2.751412204825452e-08,9.397012072217066e-09
1298,1.866226077174668e-06,2.738545669538624e-08,9.341067285998852e-09
1299,1.832898255004478e-06,2.723760557073916e-08,9.302878004207164e-09
1300,1.811260673896187e-06,2.710968934664448e-08,9.254670283083035e-09
1301,1.833193021892918e-06,2.697624621157316e-08,9.215809236246148e-09
1302,1.866375342768666e-06,2.683108140759495e-08,9.177677727721037e-09
1303,1.804568561097869e-06,2.668837151792168e-08,9.131974988836199e-09
1304,1.785586506232192e-06,2.656651618260011e-08,9.073679717429845e-09
1305,1.764402168902851e-06,2.643400495750465e-08,9.036104035089596e-09
1306,1.822746233662236e-06,2.629159144537369e-08,9.000058344453935e-09
1307,1.766573388213082e-06,2.615270242585362e-08,8.956782016104532e-09
1308,1.748495646158667e-06,2.603780499189387e-08,8.905148101700823e-09
1309,1.739055916086165e-06,2.589846261563819e-08,8.868475514194669e-09
1310,1.721841825461834e-06,2.577692377326011e-08,8.826137115411266e-09
1311,1.732631432916539e-06,2.564451923363958e-08,8.783722413558261e-09
1312,1.767817760486025e-06,2.550731049806666e-08,8.74796414397989e-09
1313,1.706803845037632e-06,2.538908579477439e-08,8.700155403845586e-09
1314,1.725543205328443e-06,2.526196832802533e-08,8.661192338613111e-09
1315,1.693381050916859e-06,2.512572092499661e-08,8.625258925038014e-09
1316,1.684016482117115e-06,2.49918516187821e-08,8.58374381412123e-09
1317,1.669463078270296e-06,2.487828022687758e-08,8.530988688625334e-09
1318,1.655827336963614e-06,2.476175955740274e-08,8.495368862420428e-09
1319,1.712048598907886e-06,2.462816581642328e-08,8.461574990662494e-09
1320,1.656830969048359e-06,2.449740759167074e-08,8.421222213909716e-09
1321,1.63938374179516e-06,2.438471008387538e-08,8.371449206357105e-09
1322,1.630572667938527e-06,2.425397972818691e-08,8.336772227615518e-09
1323,1.614889973330013e-06,2.413686152740694e-08,8.29747721035088e-09
1324,1.62545728995623e-06,2.401568218014822e-08,8.258689259657535e-09
1325,1.661417277972187e-06,2.388669717062896e-08,8.225300783292514e-09
1326,1.610574765288415e-06,2.376095918942313e-08,8.183558685123806e-09
1327,1.594809336643697e-06,2.36573291211928e-08,8.135295413983291e-09
1328,1.584341660567951e-06,2.353135507289352e-08,8.101466585104958e-09
1329,1.568883263230592e-06,2.342155108520247e-08,8.064243728603661e-09
1330,1.619919211708589e-06,2.329632237023487e-08,8.031268862777225e-09
1331,1.570790960516291e-06,2.317542153819363e-08,7.990105655661736e-09
1332,1.552903064744657e-06,2.307506457552527e-08,7.94497735911544e-09
1333,1.599878590582956e-06,2.295172784189712e-08,7.912992462607377e-09
1334,1.550835598454662e-06,2.283260528517524e-08,7.87471197401322e-09
1335,1.52927626558384e-06,2.273526522582079e-08,7.833858192428083e-09
1336,1.577714647834669e-06,2.261437308945711e-08,7.801922139305215e-09
1337,1.571604516541766e-06,2.253903489031814e-08,7.77787987595368e-09
1338,1.545875685652409e-06,2.241625880002514e-08,7.742438120454851e-09
1339,1.509163732263851e-06,2.229711316505416e-08,7.702352096978872e-09
1340,1.504207890427274e-06,2.217763615871515e-08,7.667857867782153e-09
1341,1.484513882290098e-06,2.206849540817078e-08,7.614747767875044e-09
1342,1.479548400171328e-06,2.194990673973463e-08,7.582687386544612e-09
1343,1.479198781640758e-06,2.183323558378057e-08,7.545953160353978e-09
1344,1.473292927089292e-06,2.17320612786176e-08,7.508545523944493e-09
1345,1.461889661091277e-06,2.161663308294762e-08,7.475746542819432e-09
1346,1.452042012079277e-06,2.151727330947547e-08,7.442147876403277e-09
1347,1.442282712635423e-06,2.1402629987506e-08,7.410052628465483e-09
1348,1.439013667250671e-06,2.129046982993906e-08,7.373545276403253e-09
1349,1.42757773085453e-06,2.119944162541968e-08,7.327765653041671e-09
1350,1.421447176213695e-06,2.108633935693104e-08,7.29925283052212e-09
1351,1.418087260157183e-06,2.097655391321182e-08,7.266666830347607e-09
1352,1.40378069606599e-06,2.088749410401008e-08,7.235955281525255e-09
1353,1.412962078193943e-06,2.078981655188101e-08,7.205179094406256e-09
1354,1.402629679305894e-06,2.067697813514248e-08,7.174920686650863e-09
1355,1.393569076923422e-06,2.056520341056463e-08,7.140900485559163e-09
1356,1.378625908356561e-06,2.045353360857692e-08,7.093412023086552e-09
1357,1.374304557206775e-06,2.034458273452269e-08,7.062524148777015e-09
1358,1.368720841884098e-06,2.024550557600698e-08,7.029367304821407e-09
1359,1.361834432481242e-06,2.013783433833455e-08,6.999406150738513e-09
1360,1.342655443953561e-06,2.004112581424428e-08,6.958634669789695e-09
1361,1.342494953665276e-06,1.993654378327788e-08,6.930112659262411e-09
1362,1.349058749669727e-06,1.986293523752547e-08,6.906709767002924e-09
1363,1.339524607695161e-06,1.975559413195667e-08,6.876776488169709e-09
1364,1.332935983082281e-06,1.9649507087769e-08,6.843502383079433e-09
1365,1.317124007752108e-06,1.95513211329083e-08,6.796305582311162e-09
1366,1.312055466917467e-06,1.944727387598771e-08,6.768630455061117e-09
1367,1.313187783113779e-06,1.93681996335809e-08,6.743665231720104e-09
1368,1.304725267166732e-06,1.926400305735143e-08,6.715078675944273e-09
1369,1.297361543589978e-06,1.916120262744595e-08,6.6821148492132e-09
1370,1.284850876356351e-06,1.906757638652282e-08,6.63898294932283e-09
1371,1.280275226128157e-06,1.896618223090873e-08,6.61105073916536e-09
1372,1.270762651250469e-06,1.887837966867571e-08,6.586286514735448e-09
1373,1.266661496629559e-06,1.877722592137044e-08,6.558379006614483e-09
1374,1.263721071201663e-06,1.867765436550727e-08,6.525416989507313e-09
1375,1.2529301437649e-06,1.859013169761194e-08,6.485745742503582e-09
1376,1.24752046873965e-06,1.849229074291032e-08,6.458131802584849e-09
1377,1.24689701997501e-06,1.839821833894569e-08,6.427861510716244e-09
1378,1.24529206067921e-06,1.832860142775709e-08,6.404233324306444e-09
1379,1.231347282651403e-06,1.82320999367822e-08,6.373990606688394e-09
1380,1.226862125705235e-06,1.813736522913408e-08,6.341491533087018e-09
1381,1.211975297527074e-06,1.805901757403628e-08,6.300238521164471e-09
1382,1.210450027040593e-06,1.796407664160324e-08,6.276261419144557e-09
1383,1.199177473393639e-06,1.787682245599746e-08,6.254519890222616e-09
1384,1.195869252981666e-06,1.778344681634167e-08,6.224785733048433e-09
1385,1.185288261722146e-06,1.769742434414272e-08,6.192567370436545e-09
1386,1.184823600461638e-06,1.760526067536567e-08,6.162771313992868e-09
1387,1.17592851438942e-06,1.751684277930166e-08,6.134013175962875e-09
1388,1.17423591280151e-06,1.742518230403061e-08,6.10575484387878e-09
1389,1.173403616695772e-06,1.733680828805019e-08,6.080351391397548e-09
1390,1.164721085015048e-06,1.724573072348474e-08,6.051373259420091e-09
1391,1.156633440300517e-06,1.716252497773948e-08,6.023658603466838e-09
1392,1.200794240820069e-06,1.715204080862447e-08,6.005581820716532e-09
1393,1.179996203495461e-06,1.705956665643408e-08,5.977019379789313e-09
1394,1.154087750561079e-06,1.696999629934705e-08,5.949644964297599e-09
1395,1.147692015511863e-06,1.687954657883734e-08,5.922782357840845e-09
1396,1.144005158804634e-06,1.679038085741425e-08,5.889697730931659e-09
1397,1.137768515896766e-06,1.670275029996434e-08,5.853263799763786e-09
1398,1.127244712408241e-06,1.661334266912336e-08,5.827589744316824e-09
1399,1.131941866473838e-06,1.652376795842712e-08,5.797767755195648e-09
1400,1.135303082753627e-06,1.642945474795112e-08,5.780441061491589e-09
1401,1.116174002204916e-06,1.634132819761006e-08,5.753682694432726e-09
1402,1.108740888288008e-06,1.625432641132995e-08,5.725661765362834e-09
1403,1.106100394935703e-06,1.616869888538281e-08,5.694433391410928e-09
1404,1.095436746078049e-06,1.610033257365849e-08,5.660886950248294e-09
1405,1.088347308379495e-06,1.601553860929141e-08,5.638456859136809e-09
1406,1.083786625064027e-06,1.593236864620987e-08,5.614515697455859e-09
1407,1.08470552962539e-06,1.58539665405702e-08,5.586007281201326e-09
1408,1.077443816271457e-06,1.579717798425785e-08,5.561259908659752e-09
1409,1.066039456445683e-06,1.571502168782343e-08,5.536504551418436e-09
1410,1.063469447044435e-06,1.563578307184647e-08,5.508653669829353e-09
1411,1.055595340792911e-06,1.557195936566174e-08,5.482129584225555e-09
1412,1.046955210162715e-06,1.549109979147343e-08,5.457458088441839e-09
1413,1.047442598706849e-06,1.54145535500973e-08,5.428338749734173e-09
1414,1.039720141392463e-06,1.534798588631785e-08,5.408419655504207e-09
1415,1.032073508407851e-06,1.526597549809606e-08,5.385359695966012e-09
1416,1.039245054762896e-06,1.518238684077584e-08,5.358155738844163e-09
1417,1.027540738863209e-06,1.510147019634592e-08,5.33327059721845e-09
1418,1.035084131651246e-06,1.501002923291117e-08,5.311346697545405e-09
1419,1.022795408713092e-06,1.493040997370995e-08,5.28365150780313e-09
1420,1.027878660716599e-06,1.488148333954874e-08,5.258032156764845e-09
1421,1.014642031632266e-06,1.480220544987984e-08,5.239878014556113e-09
1422,1.00668128502188e-06,1.472488117347166e-08,5.218739737772527e-09
1423,9.932055269818988e-07,1.465527499068356e-08,5.191618806885316e-09
1424,9.884651629878837e-07,1.457969134589927e-08,5.167686770065994e-09
1425,9.78990715290913e-07,1.450946724883894e-08,5.136836182176948e-09
1426,9.738951694883336e-07,1.443786755206039e-08,5.114487505637566e-09
1427,9.779563619406152e-07,1.436319068657187e-08,5.091030560094185e-09
1428,9.759879004136134e-07,1.429127351506185e-08,5.073528713503082e-09
1429,9.67330718012187e-07,1.421515458934053e-08,5.051904633687333e-09
1430,9.624727046512734e-07,1.413993960742405e-08,5.029011541130551e-09
1431,9.592194890262459e-07,1.406589072370782e-08,5.00343461094693e-09
1432,9.577591970501995e-07,1.39939247168551e-08,4.973799473319298e-09
1433,9.470640792780069e-07,1.392912781532321e-08,4.947293311786896e-09
1434,9.418044460925284e-07,1.385679266864154e-08,4.926893344963735e-09
1435,9.464100309432478e-07,1.378784215984082e-08,4.903565970673762e-09
1436,9.346920342733815e-07,1.372933702043085e-08,4.886477962907877e-09
1437,9.281454644692015e-07,1.365767089147588e-08,4.865367500296332e-09
1438,9.259058009821131e-07,1.358810601881533e-08,4.840688671191535e-09
1439,9.146056416038927e-07,1.352548988479236e-08,4.815582245646311e-09
1440,9.108678268490966e-07,1.345559543353589e-08,4.795298380700302e-09
1441,9.12570635804379e-07,1.338983506285762e-08,4.770684837292544e-09
1442,9.019702198146054e-07,1.332887007304537e-08,4.752762154924608e-09
1443,8.967492463378188e-07,1.32600371930965e-08,4.730566745930017e-09
1444,8.978989831172346e-07,1.319446058967475e-08,4.704037991999562e-09
1445,8.876593341691998e-07,1.313161280268015e-08,4.686010081511423e-09
1446,8.838570351817082e-07,1.306369255750435e-08,4.664164415804161e-09
1447,8.781362196656003e-07,1.299892684046307e-08,4.642903025856099e-09
1448,8.772479078374414e-07,1.293177906374257e-08,4.62108272177928e-09
1449,8.782440901057254e-07,1.286628732264289e-08,4.597177603606364e-09
1450,8.647174258583619e-07,1.280133368239315e-08,4.579498521081635e-09
1451,8.690673610117471e-07,1.273790454701629e-08,4.556620350008516e-09
1452,8.727218341169051e-07,1.267996997970926e-08,4.546302495044351e-09
1453,8.600078714951544e-07,1.261486878257983e-08,4.520338876960024e-09
1454,8.579049391075423e-07,1.255302073957345e-08,4.493229106197822e-09
1455,8.585309199155779e-07,1.249180768862701e-08,4.472721858110315e-09
1456,8.495507444950104e-07,1.242903599181555e-08,4.453696155388233e-09
1457,8.403632709912927e-07,1.237150404162768e-08,4.436710058656968e-09
1458,8.3746764201573e-07,1.230875915771936e-08,4.415496278078633e-09
1459,8.288715707594282e-07,1.225214486421687e-08,4.393001676010032e-09
1460,8.299523531018522e-07,1.21901864069215e-08,4.373637196873861e-09
1461,8.355063907793259e-07,1.212958363919671e-08,4.354733624848265e-09
1462,8.214975087312774e-07,1.206737849225515e-08,4.335636047446921e-09
1463,8.141808070390016e-07,1.201055044215556e-08,4.314027176208751e-09
1464,8.139617409885794e-07,1.194918363587528e-08,4.294775868602846e-09
1465,8.140067634191123e-07,1.18893684630741e-08,4.272510274711938e-09
1466,8.027861349997728e-07,1.182934143988041e-08,4.256431312583557e-09
1467,8.011279299666405e-07,1.176933374538803e-08,4.236802592585802e-09
1468,7.951413587507646e-07,1.171581942427912e-08,4.21661482598606e-09
1469,7.943219649914779e-07,1.165597523225507e-08,4.197907781869336e-09
1470,7.93183510705761e-07,1.159736891533076e-08,4.176959640332908e-09
1471,7.900040480709349e-07,1.153853048008688e-08,4.157879533739449e-09
1472,7.811971240642483e-07,1.148568959952406e-08,4.142495658665623e-09
1473,7.762898191335355e-07,1.142692884757976e-08,4.123615574799492e-09
1474,7.762455843628531e-07,1.137092065331766e-08,4.101223397684515e-09
1475,7.805835179993024e-07,1.131701216822212e-08,4.081444060668844e-09
1476,7.693841564565892e-07,1.125974800103863e-08,4.064564749379088e-09
1477,7.606353611396817e-07,1.120740891514292e-08,4.047587246645333e-09
1478,7.597886157453566e-07,1.115077201489351e-08,4.028778888526336e-09
1479,7.600877152989298e-07,1.109653767471984e-08,4.006564363303487e-09
1480,7.493769602470059e-07,1.104244723714315e-08,3.993789489156584e-09
1481,7.466754462070661e-07,1.09865361244061e-08,3.97485163770568e-09
1482,7.406808757327334e-07,1.093598347455639e-08,3.953763941729618e-09
1483,7.402328965223958e-07,1.087929182297079e-08,3.937747243294842e-09
1484,7.479243406486174e-07,1.08259288813894e-08,3.919804631524248e-09
1485,7.366100875606012e-07,1.077136698542406e-08,3.902207060643252e-09
1486,7.280404985409922e-07,1.072072687580265e-08,3.884680688425164e-09
1487,7.290172493202416e-07,1.066711822067764e-08,3.86633934078716e-09
1488,7.262687346786185e-07,1.061302950506495e-08,3.848313346020847e-09
1489,7.168300998883284e-07,1.056155368955189e-08,3.832207548876778e-09
1490,7.186754436078041e-07,1.050993324064026e-08,3.813493333390679e-09
1491,7.096199546980851e-07,1.045939866549482e-08,3.79772100477919e-09
1492,7.125103833861427e-07,1.040845441693914e-08,3.778815467723436e-09
1493,7.033001568812576e-07,1.035809320792752e-08,3.766371608164638e-09
1494,7.017936590741964e-07,1.030642009893137e-08,3.74731708897295e-09
1495,7.025438608212551e-07,1.025664895123736e-08,3.726112920140139e-09
1496,7.084810285122502e-07,1.020642347206094e-08,3.713129603686838e-09
1497,6.942973303836748e-07,1.015516394189083e-08,3.696510415640439e-09
1498,6.967832102099093e-07,1.01072052111493e-08,3.674743244389172e-09
1499,6.853917098480311e-07,1.005847222989946e-08,3.665499424036497e-09
1500,6.821114804988266e-07,1.000782421753863e-08,3.648619269170536e-09
1501,6.808005730074939e-07,9.958034412446084e-09,3.629606141431466e-09
1502,6.830913694316096e-07,9.911698268876361e-09,3.608106670438652e-09
1503,6.793939970410497e-07,9.861510289364277e-09,3.596166618699943e-09
1504,6.74511331362497e-07,9.811252631178206e-09,3.580465814351498e-09
1505,6.663833378743578e-07,9.766809479286318e-09,3.567103021591875e-09
1506,6.638663193939229e-07,9.717800170362983e-09,3.550452054556175e-09
1507,6.623663639271733e-07,9.66964408456522e-09,3.532241269469398e-09
1508,6.604164233040193e-07,9.621627372069734e-09,3.514790093650243e-09
1509,6.646077313190558e-07,9.575461122322497e-09,3.499169716424988e-09
1510,6.577776968019656e-07,9.528892552322258e-09,3.484159757251332e-09
1511,6.536607266142924e-07,9.481225918049132e-09,3.467881415351625e-09
1512,6.451967274190105e-07,9.437658493897399e-09,3.456881335790057e-09
1513,6.430253152637414e-07,9.390700829565745e-09,3.439512972843875e-09
1514,6.430895234166203e-07,9.34582220778047e-09,3.419702679938438e-09
1515,6.387646491932341e-07,9.297705820363506e-09,3.407692441076544e-09
1516,6.372915109468437e-07,9.252961832618143e-09,3.39035890510975e-09
1517,6.28357350390299e-07,9.210268373216981e-09,3.379698964773578e-09
1518,6.265500049019383e-07,9.164177904067145e-09,3.363601001337373e-09
1519,6.263574590295639e-07,9.119587851815463e-09,3.344799478084014e-09
1520,6.226114026627252e-07,9.072832257947664e-09,3.331967905556102e-09
1521,6.224958688135324e-07,9.029745711729218e-09,3.313929113131104e-09
1522,6.196671545522596e-07,8.985002360647708e-09,3.302378039426381e-09
1523,6.107995954684302e-07,8.943868692371246e-09,3.289890101908286e-09
1524,6.114607723784809e-07,8.900355921083844e-09,3.272610955380408e-09
1525,6.103272283963802e-07,8.85709152150515e-09,3.25530168963435e-09
1526,6.065483557901314e-07,8.812035577753376e-09,3.244231353413466e-09
1527,6.10332693408877e-07,8.769839889647822e-09,3.230151640056046e-09
1528,6.024434667816949e-07,8.727496304673951e-09,3.215220357084755e-09
1529,5.982417890367536e-07,8.683645122248592e-09,3.200408461657566e-09
1530,5.902596262573622e-07,8.643325131269557e-09,3.186280093293909e-09
1531,5.903462277950125e-07,8.600241752054476e-09,3.172016631692001e-09
1532,5.91155404938046e-07,8.559593753248964e-09,3.155052188056512e-09
1533,5.86996124395956e-07,8.516205235125797e-09,3.144333264414735e-09
1534,5.852857160003831e-07,8.47527454135116e-09,3.128008804954774e-09
1535,5.858510372903272e-07,8.433856667654226e-09,3.11764567762026e-09
1536,5.733989748777558e-07,8.394353942394038e-09,3.103165863328027e-09
1537,5.754178198261981e-07,8.353162230959206e-09,3.088587942483671e-09
1538,5.730343051865805e-07,8.311853182898218e-09,3.073737709673471e-09
1539,5.71730695530266e-07,8.271037972346335e-09,3.06045344780027e-09
1540,5.68981790399802e-07,8.231109385719777e-09,3.046748959140288e-09
1541,5.607098239923846e-07,8.193164735077592e-09,3.037650288812054e-09
1542,5.580892194598377e-07,8.15248184943283e-09,3.022869498409463e-09
1543,5.569662060778346e-07,8.112506765217253e-09,3.007116244485203e-09
1544,5.578038121561488e-07,8.075182579850727e-09,2.989125259108264e-09
1545,5.539701932062486e-07,8.034113892633046e-09,2.982670799652916e-09
1546,5.525450706612573e-07,7.996149521000108e-09,2.964838938420651e-09
1547,5.488833025845162e-07,7.955621628314791e-09,2.956825359475534e-09
1548,5.495336592958605e-07,7.918681263245626e-09,2.938276353173743e-09
1549,5.462281802689184e-07,7.878645125942134e-09,2.931248188218905e-09
1550,5.471283399783242e-07,7.842147558857986e-09,2.91208403862482e-09
1551,5.35065010206644e-07,7.804638465634237e-09,2.905500789220226e-09
1552,5.345548703221622e-07,7.76635863152824e-09,2.891269143959784e-09
1553,5.332923229043288e-07,7.72812146413349e-09,2.876182314962566e-09
1554,5.333015785567482e-07,7.691232919381876e-09,2.862262283834906e-09
1555,5.245189670283113e-07,7.654056397710485e-09,2.853761473747301e-09
1556,5.244518311404573e-07,7.616809904316113e-09,2.839690967619509e-09
1557,5.229178805647441e-07,7.579425405487152e-09,2.826113982538708e-09
1558,5.261353542853145e-07,7.543636045600708e-09,2.812319779196809e-09
1559,5.198996833413966e-07,7.506423906942015e-09,2.802118430390253e-09
1560,5.220905833638361e-07,7.472031522314869e-09,2.787207594448609e-09
1561,5.151312521639347e-07,7.434374645947339e-09,2.779205486406805e-09
1562,5.146274823070866e-07,7.399733936841151e-09,2.762505554629107e-09
1563,5.135371275914528e-07,7.362926637135783e-09,2.758079929544242e-09
1564,5.077292715399302e-07,7.328336565912869e-09,2.739899509345931e-09
1565,5.063089067452576e-07,7.292059360135738e-09,2.729762364537145e-09
1566,5.042943926454691e-07,7.256257041320302e-09,2.716334857239851e-09
1567,5.063362188076657e-07,7.221936943411807e-09,2.705844138759824e-09
1568,4.999850481571535e-07,7.185961623934263e-09,2.692998860565463e-09
1569,5.007717524225673e-07,7.15212671705991e-09,2.681090031541198e-09
1570,4.981184275081754e-07,7.116927045378254e-09,2.669087371957676e-09
1571,4.987162510077121e-07,7.083676993224816e-09,2.658390051641353e-09
1572,4.986317624934916e-07,7.050304956109355e-09,2.645039271167497e-09
1573,4.918490908819351e-07,7.015459305970379e-09,2.637009168757089e-09
1574,4.919136967394664e-07,6.982859979466013e-09,2.621282236183099e-09
1575,4.926366377453476e-07,6.949062517962907e-09,2.614260405086597e-09
1576,4.841225364773926e-07,6.915280361715203e-09,2.600180646541428e-09
1577,4.852986737126932e-07,6.882760781159022e-09,2.589530240403478e-09
1578,4.792245045698835e-07,6.84856389804814e-09,2.578022197541237e-09
1579,4.812289589110952e-07,6.816853739078383e-09,2.566662888815281e-09
1580,4.752355152029433e-07,6.782920869053601e-09,2.555859890248531e-09
1581,4.768162293404216e-07,6.751399124478988e-09,2.544500325355319e-09
1582,4.707207931681947e-07,6.717789778741548e-09,2.533831355694706e-09
1583,4.728203283512799e-07,6.686660330379052e-09,2.522253329206322e-09
1584,4.663130816668973e-07,6.653270122063073e-09,2.512007625202818e-09
1585,4.683809741375005e-07,6.62235738857783e-09,2.50045847952315e-09
1586,4.618983934171142e-07,6.589326002931389e-09,2.490399788878574e-09
1587,4.638172872710414e-07,6.558685119548077e-09,2.478886836366171e-09
1588,4.575218150732556e-07,6.526066132359251e-09,2.468916923587483e-09
1589,4.594515820147896e-07,6.495773830112617e-09,2.457480804150942e-09
1590,4.531682122781944e-07,6.463535345191943e-09,2.447615190622471e-09
1591,4.551991573564133e-07,6.433672127236032e-09,2.43625141100058e-09
1592,4.489266043511285e-07,6.401824954439018e-09,2.426535681800105e-09
1593,4.509033122322901e-07,6.372422248395069e-09,2.415269642846734e-09
1594,4.447566002122963e-07,6.340894236477897e-09,2.405659688029668e-09
1595,4.410342248449192e-07,6.310044813400206e-09,2.395692251168472e-09
1596,4.442083944307307e-07,6.280813147640997e-09,2.382552011330267e-09
1597,4.412359093555178e-07,6.249944823416978e-09,2.375368708871525e-09
1598,4.353674714378035e-07,6.221781200130366e-09,2.362343498071387e-09
1599,4.328805493483207e-07,6.192282491498189e-09,2.354981958616656e-09
1600,4.306395423890478e-07,6.161970939101725e-09,2.343736972417809e-09
1601,4.303890290948812e-07,6.132208028247191e-09,2.334329209003365e-09
1602,4.294262812765196e-07,6.102839565637271e-09,2.323254902261538e-09
1603,4.254502466271703e-07,6.073050310219673e-09,2.314790105772114e-09
1604,4.257866533986499e-07,6.044542168030002e-09,2.302373136815523e-09
1605,4.258434122175261e-07,6.015532844698273e-09,2.294308149317535e-09
1606,4.222498034956394e-07,5.98674591362833e-09,2.283122115414494e-09
1607,4.221930538227249e-07,5.958279660170187e-09,2.274241472792597e-09
1608,4.218318092377608e-07,5.930178615681328e-09,2.263142911177598e-09
1609,4.180971553270209e-07,5.90136313145481e-09,2.25561126050892e-09
1610,4.180704025192432e-07,5.874022185260468e-09,2.243521439201314e-09
1611,4.167903370617326e-07,5.845753600682002e-09,2.236392314078319e-09
1612,4.023380932417202e-07,5.820070060278738e-09,2.226173327558929e-09
1613,4.100379805882684e-07,5.794056798148243e-09,2.214972878055828e-09
1614,4.018081256333496e-07,5.764125416923797e-09,2.20921558186028e-09
1615,4.004593020716031e-07,5.736293090391848e-09,2.19812128572321e-09
1616,3.957574114415464e-07,5.707427262056328e-09,2.190412027615607e-09
1617,3.972647602549743e-07,5.68136936310694e-09,2.176857898918306e-09
1618,3.928313784050028e-07,5.652913486813528e-09,2.170264617636492e-09
1619,3.910514385806685e-07,5.62797175648014e-09,2.158282699906237e-09
1620,3.890240822828978e-07,5.5997409054214e-09,2.151767101125662e-09
1621,3.880070025682459e-07,5.572460884338092e-09,2.142184981028438e-09
1622,3.869147588479262e-07,5.545839867884585e-09,2.132189817067138e-09
1623,3.8677623892453e-07,5.519780864258204e-09,2.121958679308232e-09
1624,3.856219744428685e-07,5.494082576924808e-09,2.113637537712231e-09
1625,3.820866440346963e-07,5.469036379097558e-09,2.104127907303078e-09
1626,3.826014288188871e-07,5.450510225723782e-09,2.098482204282205e-09
1627,3.833131101272658e-07,5.424071378794375e-09,2.088945150041558e-09
1628,3.771612920292049e-07,5.39617448317213e-09,2.080867982374681e-09
1629,3.739462466186698e-07,5.368526816138132e-09,2.072704005672543e-09
1630,3.721133318769757e-07,5.341315619135173e-09,2.063383035664787e-09
1631,3.706970844130964e-07,5.314570314965975e-09,2.053503265653389e-09
1632,3.697638874999551e-07,5.288564894182745e-09,2.04308758625838e-09
1633,3.687156573010207e-07,5.263564189935969e-09,2.033261967034024e-09
1634,3.660163935921993e-07,5.238038487342662e-09,2.025728569570645e-09
1635,3.636682855569109e-07,5.218941302740931e-09,2.016422948310827e-09
1636,3.651323105652508e-07,5.196213682461145e-09,2.007245882996041e-09
1637,3.627182759625505e-07,5.16930584892197e-09,2.001299028844806e-09
1638,3.593421707739333e-07,5.142808412005112e-09,1.993739482410471e-09
1639,3.595084547744825e-07,5.116998554919498e-09,1.983561684512737e-09
1640,3.561740743028658e-07,5.09104121966826e-09,1.97602610634811e-09
1641,3.570805123668188e-07,5.067040853456815e-09,1.965546781212756e-09
1642,3.53019509434003e-07,5.042243125814754e-09,1.958864213105471e-09
1643,3.501144799025735e-07,5.023959931983615e-09,1.95255765155978e-09
1644,3.549543115245936e-07,5.006039157825003e-09,1.940048847393613e-09
1645,3.508572486681287e-07,4.979676334583646e-09,1.936672669728651e-09
1646,3.457517091817437e-07,4.954065966735793e-09,1.929653434720461e-09
1647,3.445562350768359e-07,4.928904963484294e-09,1.92115431634865e-09
1648,3.428165822142164e-07,4.903919003810677e-09,1.912957012634132e-09
1649,3.427963178773749e-07,4.879886792600158e-09,1.90228334261993e-09
1650,3.405686563946814e-07,4.855910429071077e-09,1.894054301020935e-09
1651,3.369199038487254e-07,4.832928675585448e-09,1.885291176202835e-09
1652,3.367504030332541e-07,4.816061606728656e-09,1.874072880729519e-09
1653,3.359602453792794e-07,4.792341867005064e-09,1.86867762296263e-09
1654,3.338258531105295e-07,4.768245462268322e-09,1.862774494333201e-09
1655,3.316302708813147e-07,4.747595886380412e-09,1.854076380435153e-09
1656,3.289479887298469e-07,4.726848384083007e-09,1.847064727763056e-09
1657,3.302883174724681e-07,4.703012565170993e-09,1.839986377978615e-09
1658,3.274756371714728e-07,4.678953569165033e-09,1.834012586486044e-09
1659,3.262166837303628e-07,4.655546461812933e-09,1.825601265470217e-09
1660,3.243692146164553e-07,4.632288147656831e-09,1.817798702994986e-09
1661,3.225094961766683e-07,4.611461605986825e-09,1.805077689552018e-09
1662,3.204300272884388e-07,4.588397161768377e-09,1.79949406034202e-09
1663,3.198447558211659e-07,4.568271838783239e-09,1.791485775152707e-09
1664,3.1850550839518e-07,4.545544756671127e-09,1.785858474396567e-09
1665,3.171976875602376e-07,4.526395972986476e-09,1.776551312443218e-09
1666,3.166340949582846e-07,4.503971692765154e-09,1.770907763507036e-09
1667,3.1574605319813e-07,4.485706512276596e-09,1.761826028736999e-09
1668,3.151513006970888e-07,4.463599759474891e-09,1.756247434753507e-09
1669,3.129167906206374e-07,4.444003680864498e-09,1.748281732241335e-09
1670,3.122937260898319e-07,4.424117391010602e-09,1.740838912232292e-09
1671,3.101653391005377e-07,4.402978156379357e-09,1.734557314163707e-09
1672,3.104530593878892e-07,4.395865671008519e-09,1.727961387012623e-09
1673,3.073909538628631e-07,4.373590488758374e-09,1.722345019197679e-09
1674,3.07572198061222e-07,4.35189753350037e-09,1.714845358754705e-09
1675,3.056076067579401e-07,4.329605787024652e-09,1.708837984211526e-09
1676,3.051728426598432e-07,4.307552217947772e-09,1.701264279058063e-09
1677,3.043939966292368e-07,4.285576425275558e-09,1.694335891110012e-09
1678,3.027275083921537e-07,4.264051007304373e-09,1.683451372078506e-09
1679,2.998360692743132e-07,4.242472722637016e-09,1.677014861034935e-09
1680,2.967931981633248e-07,4.221591243114406e-09,1.669713954269696e-09
1681,2.942263778870749e-07,4.201767641785478e-09,1.662225260062799e-09
1682,2.922346274031771e-07,4.182324972448335e-09,1.655511720396113e-09
1683,2.909239774544054e-07,4.162767605097941e-09,1.648960982868449e-09
1684,2.900969707140974e-07,4.143592343414201e-09,1.641898609313769e-09
1685,2.894801587745682e-07,4.124102668085979e-09,1.635097955840226e-09
1686,2.886036059652153e-07,4.105198646732033e-09,1.627717402253408e-09
1687,2.876412268395474e-07,4.085775655008398e-09,1.621235039584518e-09
1688,2.865102531537029e-07,4.066496422345054e-09,1.614627546406656e-09
1689,2.850690207221741e-07,4.047630020389118e-09,1.607739337607745e-09
1690,2.834521864040724e-07,4.028893596141356e-09,1.601106417128063e-09
1691,2.818293948415602e-07,4.010237004363551e-09,1.594638125412033e-09
1692,2.803318336992279e-07,3.991599397677392e-09,1.588251178644166e-09
1693,2.789754992051679e-07,3.973010989724707e-09,1.581894400892603e-09
1694,2.776923935114196e-07,3.954537484212697e-09,1.575549738396733e-09
1695,2.764604133226643e-07,3.93620706408866e-09,1.569209602769125e-09
1696,2.752550455524133e-07,3.918007784743965e-09,1.562871094948792e-09
1697,2.741632327357063e-07,3.899594625734581e-09,1.556699716624068e-09
1698,2.732157600665457e-07,3.88147253163797e-09,1.55014597365105e-09
1699,2.722387646125856e-07,3.863302727191462e-09,1.543739344603939e-09
1700,2.712103852846242e-07,3.845115866876653e-09,1.537451017123097e-09
1701,2.701209433281006e-07,3.826984138108008e-09,1.531228709358351e-09
1702,2.689655807911919e-07,3.808759611212967e-09,1.52519481071995e-09
1703,2.677730331628383e-07,3.790936225084809e-09,1.518786514938293e-09
1704,2.664234606589205e-07,3.773215880897508e-09,1.512508040658838e-09
1705,2.649697126903479e-07,3.755332019506284e-09,1.506500775488537e-09
1706,2.634943360876171e-07,3.737545803676656e-09,1.500351531090396e-09
1707,2.619890508611377e-07,3.719893755413617e-09,1.494123674807711e-09
1708,2.604574675781e-07,3.702440911540379e-09,1.487881880233874e-09
1709,2.589226441705856e-07,3.685191564651745e-09,1.481671149453577e-09
1710,2.574316754898032e-07,3.668099404177707e-09,1.47551204352912e-09
1711,2.560212313339593e-07,3.651079892996182e-09,1.469405752630415e-09
1712,2.547479343920131e-07,3.633808314964283e-09,1.46357969088696e-09
1713,2.536147261197235e-07,3.616828368846704e-09,1.457304114310895e-09
1714,2.525766541261869e-07,3.600036189040216e-09,1.450954390758226e-09
1715,2.515637566668016e-07,3.582769073140024e-09,1.445380710674292e-09
1716,2.506702438860909e-07,3.565773159375585e-09,1.439375737175908e-09
1717,2.497713019290029e-07,3.549018697398311e-09,1.433231163399852e-09
1718,2.487599948215195e-07,3.532176644364209e-09,1.427558084768381e-09
1719,2.477196068656352e-07,3.515549426809662e-09,1.421839713487972e-09
1720,2.46649150859168e-07,3.499203769011095e-09,1.416073117645196e-09
1721,2.455321897170941e-07,3.483169097659729e-09,1.410284797621387e-09
1722,2.443652143884004e-07,3.467305924508819e-09,1.404505102347504e-09
1723,2.431680192031791e-07,3.451558100795696e-09,1.39875599943668e-09
1724,2.419347854329973e-07,3.436229259460152e-09,1.392864659787209e-09
1725,2.406967744502066e-07,3.420610614282816e-09,1.387402693860952e-09
1726,2.395458506945488e-07,3.405037777613694e-09,1.381884066656546e-09
1727,2.384667984441588e-07,3.389492737425732e-09,1.376309392068749e-09
1728,2.374558545189791e-07,3.373964064582284e-09,1.370705792779796e-09
1729,2.364962126524503e-07,3.3587151490503e-09,1.364922892307725e-09
1730,2.35549321966108e-07,3.34321264447862e-09,1.359554122195892e-09
1731,2.346684262509949e-07,3.327794032683403e-09,1.354128999481522e-09
1732,2.337732507770585e-07,3.312727440127722e-09,1.348483886953932e-09
1733,2.32812160989558e-07,3.297438991038065e-09,1.343187070967341e-09
1734,2.318388071822339e-07,3.282234616442542e-09,1.337810874617797e-09
1735,2.307931520042899e-07,3.267352867529975e-09,1.332206573970135e-09
1736,2.296593445025018e-07,3.252265434592603e-09,1.326959389671266e-09
1737,2.285043015612582e-07,3.237261480265251e-09,1.321642444195255e-09
1738,2.273237998011001e-07,3.222337042568169e-09,1.316279328000538e-09
1739,2.261159073213322e-07,3.207482010583105e-09,1.310904376263237e-09
1740,2.248903803975937e-07,3.192684369705167e-09,1.305546518055928e-09
1741,2.236438524696109e-07,3.178157921091561e-09,1.300042233870708e-09
1742,2.22412265117862e-07,3.163201600470081e-09,1.295125414828999e-09
1743,2.212637594626109e-07,3.14856472263833e-09,1.289783698979068e-09
1744,2.201623813037227e-07,3.133970606339503e-09,1.284480252796854e-09
1745,2.190921374509197e-07,3.119413279228127e-09,1.279228904825178e-09
1746,2.180768568642713e-07,3.104895156375912e-09,1.274029167077793e-09
1747,2.171262344748817e-07,3.090425861034862e-09,1.268871690494045e-09
1748,2.162064840623e-07,3.076003782405251e-09,1.263745799806138e-09
1749,2.152883798970067e-07,3.06163140166731e-09,1.258643209734248e-09
1750,2.143609023166107e-07,3.047314177682271e-09,1.253560071029584e-09
1751,2.134178700818982e-07,3.033057680783677e-09,1.248496198340112e-09
1752,2.124579838031775e-07,3.018865877817765e-09,1.243452940789314e-09
1753,2.11484498042822e-07,3.004743236908142e-09,1.238431619485986e-09
1754,2.1050136739194e-07,2.990695816852348e-09,1.233432888375778e-09
1755,2.095550156866382e-07,2.976565420363562e-09,1.228651334367771e-09
1756,2.086246691215167e-07,2.962740967213935e-09,1.22348871740324e-09
1757,2.076912946595411e-07,2.948976742681807e-09,1.218441828680696e-09
1758,2.067725117830206e-07,2.935266457616867e-09,1.213498971761208e-09
1759,2.058901776239114e-07,2.921611401116241e-09,1.208628667487766e-09
1760,2.050558376382384e-07,2.908013334941379e-09,1.203797319142577e-09
1761,2.042614866532601e-07,2.894473359354383e-09,1.198982538248014e-09
1762,2.034748277578936e-07,2.880991715340636e-09,1.194175035792539e-09
1763,2.026737453276623e-07,2.867568468417314e-09,1.189375614703783e-09
1764,2.018507606717286e-07,2.854204455306996e-09,1.184589787345197e-09
1765,2.01004596037237e-07,2.840902488889089e-09,1.179823172234168e-09
1766,2.001366284709988e-07,2.827670125201095e-09,1.175079290143236e-09
1767,1.992489862125315e-07,2.814512068068389e-09,1.170359662764346e-09
1768,1.983434181536529e-07,2.801428759373621e-09,1.165664233064094e-09
1769,1.974234766487188e-07,2.788424683183142e-09,1.160991476303389e-09
1770,1.964778608966315e-07,2.775502342436081e-09,1.156341046655133e-09
1771,1.955257126700092e-07,2.762659921926263e-09,1.151711241796718e-09
1772,1.945905289605097e-07,2.749895918512022e-09,1.147101973683782e-09
1773,1.936536261850025e-07,2.737217261764299e-09,1.142513514579084e-09
1774,1.927180631061772e-07,2.724625976800066e-09,1.137945811077898e-09
1775,1.917861505089526e-07,2.712120838666767e-09,1.133398842638571e-09
1776,1.908607407170032e-07,2.69968608755248e-09,1.128872748516311e-09
1777,1.899435522046258e-07,2.687320505885663e-09,1.124367390568975e-09
1778,1.890351518445887e-07,2.675028827838135e-09,1.119882488481919e-09
1779,1.881362106611021e-07,2.662815307347169e-09,1.115418182083251e-09
1780,1.872466878581847e-07,2.650682836737538e-09,1.110974321355747e-09
1781,1.863966078394601e-07,2.638432587697001e-09,1.10672603395668e-09
1782,1.855575694437072e-07,2.626743985836371e-09,1.101965149709241e-09
1783,1.846965492638767e-07,2.614656445046626e-09,1.097823450311535e-09
1784,1.838701217293831e-07,2.602911570640853e-09,1.093360755023789e-09
1785,1.830502123178647e-07,2.591221563387832e-09,1.088966964132194e-09
1786,1.822265561741115e-07,2.579573892469678e-09,1.084632105714823e-09
1787,1.814090608416788e-07,2.56796080979977e-09,1.080339852746935e-09
1788,1.806295203584908e-07,2.556176336500708e-09,1.07624153280008e-09
1789,1.798703157596191e-07,2.544699825577118e-09,1.071815661230849e-09
1790,1.79100677271269e-07,2.533247639390243e-09,1.067482348453514e-09
1791,1.783253055331379e-07,2.521815447028757e-09,1.063232102048812e-09
1792,1.775568585562531e-07,2.510402318316022e-09,1.059040558034733e-09
1793,1.768276775217548e-07,2.498830468152784e-09,1.055043547763242e-09
1794,1.760973403022789e-07,2.487711664861929e-09,1.050570457647865e-09
1795,1.75347858123066e-07,2.476197768060069e-09,1.046662087289831e-09
1796,1.746164120388853e-07,2.464946076119378e-09,1.042442908405889e-09
1797,1.738814574925764e-07,2.453720596804097e-09,1.038282746384568e-09
1798,1.731363829965379e-07,2.442522127022258e-09,1.034176681107378e-09
1799,1.72389586757672e-07,2.431353310799249e-09,1.030112051058397e-09
1800,1.716431170859957e-07,2.420217354674342e-09,1.026074226800186e-09
1801,1.708958310613249e-07,2.409117618859086e-09,1.02205354375099e-09
1802,1.701462785466373e-07,2.398057314692721e-09,1.01804552771346e-09
1803,1.693941500485409e-07,2.387041271955588e-09,1.014049652612633e-09
1804,1.686400126981095e-07,2.376074574559503e-09,1.010068436403914e-09
1805,1.678852926780428e-07,2.365160419312244e-09,1.006103925163557e-09
1806,1.671360924578894e-07,2.354302224357936e-09,1.002157033115065e-09
1807,1.663872059397503e-07,2.343501173407877e-09,9.982286948414246e-10
1808,1.656396356118127e-07,2.332758688857112e-09,9.943184009125947e-10
1809,1.648946605933816e-07,2.322074821655342e-09,9.904256551954895e-10
1810,1.641528208270333e-07,2.311444860296473e-09,9.865504388162172e-10
1811,1.634139528673262e-07,2.300865705567865e-09,9.826926647940064e-10
1812,1.626783192190739e-07,2.290338257499286e-09,9.788517974943429e-10
1813,1.619458666874141e-07,2.27986510452277e-09,9.750275193478895e-10
1814,1.612164470467527e-07,2.269445885447852e-09,9.712200398356575e-10
1815,1.605157819327369e-07,2.258940075526004e-09,9.67580217488673e-10
1816,1.598169053928148e-07,2.24882487645491e-09,9.634985751832044e-10
1817,1.590966008056654e-07,2.238428532353089e-09,9.599501158240617e-10
1818,1.583965095560077e-07,2.228436759875165e-09,9.559880930693921e-10
1819,1.576873063375923e-07,2.218179360521116e-09,9.5250256522688e-10
1820,1.570036497478375e-07,2.208203677191402e-09,9.487288059410146e-10
1821,1.5631825813668e-07,2.198325742652866e-09,9.449967241111538e-10
1822,1.556251663168776e-07,2.188528007910776e-09,9.413073330026015e-10
1823,1.549330893296522e-07,2.178787730519251e-09,9.376536478563754e-10
1824,1.542659453382361e-07,2.168925021905635e-09,9.341692507811915e-10
1825,1.536081761038639e-07,2.159519080702212e-09,9.302667268201829e-10
1826,1.529235614065403e-07,2.149741482645647e-09,9.268676107695393e-10
1827,1.522646171891665e-07,2.1402267483302e-09,9.232010028396058e-10
1828,1.516070127562991e-07,2.13074775091006e-09,9.19587700130452e-10
1829,1.509450859554145e-07,2.121303989832083e-09,9.160214711449069e-10
1830,1.502853804505087e-07,2.111896596617597e-09,9.124895311941085e-10
1831,1.49629029022514e-07,2.102527330253175e-09,9.089797046051033e-10
1832,1.489954298064615e-07,2.093022118738e-09,9.056209394167788e-10
1833,1.48374794260672e-07,2.08376873729862e-09,9.019881183807403e-10
1834,1.477405229751241e-07,2.074542550497094e-09,8.984308075909204e-10
1835,1.470975233152175e-07,2.065342854029347e-09,8.949430002173072e-10
1836,1.464573381226125e-07,2.056172805229248e-09,8.915052976819331e-10
1837,1.458211719742606e-07,2.047036197419139e-09,8.880965453263116e-10
1838,1.451862506167152e-07,2.037935946445988e-09,8.847010058927695e-10
1839,1.445723940909216e-07,2.028710461122483e-09,8.814456281705915e-10
1840,1.439553392964892e-07,2.019881099470732e-09,8.777862896647201e-10
1841,1.433151027877853e-07,2.010725335058312e-09,8.745987602454926e-10
1842,1.426919421285127e-07,2.001797887238729e-09,8.71156843018213e-10
1843,1.42067404166592e-07,1.992899578721603e-09,8.677675073057576e-10
1844,1.414374318515829e-07,1.984030169356915e-09,8.644239251747005e-10
1845,1.408083407524764e-07,1.975191077346814e-09,8.611130391194506e-10
1846,1.402041057340077e-07,1.966234950415208e-09,8.579537424786368e-10
1847,1.395982744528915e-07,1.957639874472842e-09,8.544079033893877e-10
1848,1.38974089758673e-07,1.948745690712548e-09,8.513199215354638e-10
1849,1.383659708124183e-07,1.940059932112713e-09,8.479831845038595e-10
1850,1.377557604014643e-07,1.931400839970186e-09,8.446940093206262e-10
1851,1.371391937724689e-07,1.922768571215049e-09,8.414469267100947e-10
1852,1.365453903431158e-07,1.914029888443795e-09,8.383609096764904e-10
1853,1.359636706647567e-07,1.905488432796574e-09,8.350290076296286e-10
1854,1.35373677340529e-07,1.89696695292821e-09,8.317694648298266e-10
1855,1.34774494308625e-07,1.888466177273576e-09,8.285720975855481e-10
1856,1.341764339488797e-07,1.879989255112394e-09,8.254170116802665e-10
1857,1.336020668782281e-07,1.871419115202659e-09,8.22410938270022e-10
1858,1.330373373745258e-07,1.863032443821706e-09,8.191592593581792e-10
1859,1.324595877807767e-07,1.854666666152328e-09,8.159705886085235e-10
1860,1.318728097863758e-07,1.846322983338554e-09,8.128380741087751e-10
1861,1.313076371188753e-07,1.83789280867528e-09,8.098720112626766e-10
1862,1.307558627372009e-07,1.829633457664137e-09,8.066734297869938e-10
1863,1.301942844176519e-07,1.821392784556067e-09,8.035435301361854e-10
1864,1.296253214035728e-07,1.813173368814341e-09,8.004707193995938e-10
1865,1.290766717045944e-07,1.804876848411548e-09,7.975599296173459e-10
1866,1.285412403645651e-07,1.796741877517744e-09,7.944193925687723e-10
1867,1.279942501236537e-07,1.788627571591602e-09,7.913446100274199e-10
1868,1.274379647756672e-07,1.780536619567881e-09,7.883252584564467e-10
1869,1.268807143440323e-07,1.772474019060694e-09,7.853429045410589e-10
1870,1.263419877091028e-07,1.764351445078742e-09,7.825008968211503e-10
1871,1.258134536609703e-07,1.756389570115065e-09,7.794242234737829e-10
1872,1.252709026983718e-07,1.748457593801252e-09,7.764080084809221e-10
1873,1.24718542827522e-07,1.74055763437158e-09,7.73446308358315e-10
1874,1.241836960921265e-07,1.732597703796415e-09,7.706439453889598e-10
1875,1.236626286152965e-07,1.724804580132451e-09,7.676212963357497e-10
1876,1.231310624694329e-07,1.717044300472684e-09,7.646639506518213e-10
1877,1.225912900990412e-07,1.709319314828644e-09,7.617612031322443e-10
1878,1.220510895367068e-07,1.701633894179011e-09,7.588946872832974e-10
1879,1.215282977177493e-07,1.693888350062868e-09,7.561641144974805e-10
1880,1.210162254870101e-07,1.68632486441238e-09,7.532083929682675e-10
1881,1.204907250472873e-07,1.678799772394431e-09,7.503097357559905e-10
1882,1.199556431995762e-07,1.671314709021636e-09,7.474631225763917e-10
1883,1.194375125033124e-07,1.663760920690561e-09,7.447700132978573e-10
1884,1.1893256293116e-07,1.656398404918075e-09,7.418648511608043e-10
1885,1.184182031434163e-07,1.649075659526123e-09,7.390224738051083e-10
1886,1.178965741520118e-07,1.64179443670617e-09,7.362326045985243e-10
1887,1.173924499765185e-07,1.634439037855447e-09,7.335915098347507e-10
1888,1.16900717946164e-07,1.627292557388606e-09,7.307409432060346e-10
1889,1.16398889121908e-07,1.620181975273187e-09,7.279500284923096e-10
1890,1.158889104030517e-07,1.613101262451032e-09,7.252091681868216e-10
1891,1.153958986227777e-07,1.605920035666087e-09,7.22613875335386e-10
1892,1.149139379013234e-07,1.598937343007997e-09,7.198122304119398e-10
1893,1.144217955273245e-07,1.591973798217865e-09,7.170693420939241e-10
1894,1.139391935600914e-07,1.584900522953715e-09,7.1448988447343e-10
1895,1.134660755522697e-07,1.578016088407941e-09,7.117158243354027e-10
1896,1.129844597626851e-07,1.571145029414775e-09,7.09011190413023e-10
1897,1.124963711799601e-07,1.564285582498931e-09,7.063607411503951e-10
1898,1.120251872472221e-07,1.55732191445805e-09,7.038513939331027e-10
1899,1.115632390994834e-07,1.550537754118219e-09,7.011424053065393e-10
1900,1.11089656973308e-07,1.543765958221217e-09,6.9848780922421e-10
1901,1.106065559405379e-07,1.537005734317657e-09,6.958788757791869e-10
1902,1.10140932457697e-07,1.530149974165602e-09,6.934076970848146e-10
1903,1.096854626930481e-07,1.523465145446256e-09,6.907391894800731e-10
1904,1.092180971323803e-07,1.516792790371379e-09,6.881268521715002e-10
1905,1.087416705737052e-07,1.510133389199495e-09,6.85561891574115e-10
1906,1.082813474003306e-07,1.503386969217495e-09,6.831338908519541e-10
1907,1.07828572434582e-07,1.49680368486981e-09,6.805126340000979e-10
1908,1.073659350984701e-07,1.490235016774277e-09,6.779465331749359e-10
1909,1.068953203873782e-07,1.483680624589648e-09,6.754268723441515e-10
1910,1.06440985383814e-07,1.477046509190749e-09,6.730415695858346e-10
1911,1.059939492697448e-07,1.470569637969939e-09,6.704659356538805e-10
1912,1.055374593710238e-07,1.464107738643498e-09,6.679442423187605e-10
1913,1.050731955521167e-07,1.457660205234129e-09,6.654679819712252e-10
1914,1.046247595350954e-07,1.451137464228611e-09,6.631239796965408e-10
1915,1.041837904734833e-07,1.444764831316468e-09,6.605926122819077e-10
1916,1.037341313288121e-07,1.438406989382912e-09,6.581140632490054e-10
1917,1.03277336028096e-07,1.432063979475632e-09,6.556799618413096e-10
1918,1.028364897776273e-07,1.425651348589025e-09,6.533760731746494e-10
1919,1.024038171009362e-07,1.419382899698093e-09,6.50888227761149e-10
1920,1.019636324732965e-07,1.413130295627552e-09,6.484527347916274e-10
1921,1.01531911434054e-07,1.406809957637558e-09,6.461633676159916e-10
1922,1.011077204277769e-07,1.400632148923378e-09,6.436996913224857e-10
1923,1.006775466847119e-07,1.394471764786573e-09,6.412969728692881e-10
1924,1.002422448894898e-07,1.388331804979768e-09,6.389423722867856e-10
1925,9.982099161026347e-08,1.38213082165325e-09,6.367140868823016e-10
1926,9.940871855249816e-08,1.376078755663456e-09,6.343071858040876e-10
1927,9.898800309262617e-08,1.370055561371965e-09,6.319486654435032e-10
1928,9.857272254556499e-08,1.36397525174105e-09,6.297297671747737e-10
1929,9.816471834564936e-08,1.358068281707227e-09,6.27340692076533e-10
1930,9.774966915695739e-08,1.352220845871862e-09,6.25010649607961e-10
1931,9.732900931998811e-08,1.346415776001777e-09,6.2272753788375e-10
1932,9.692065680010337e-08,1.340532981830187e-09,6.205669811652997e-10
1933,9.65215696443628e-08,1.334816261925577e-09,6.182327956737581e-10
1934,9.611427186084157e-08,1.329121097381258e-09,6.159457703713193e-10
1935,9.571192016610866e-08,1.323335213649823e-09,6.137937601227956e-10
1936,9.531697816921892e-08,1.317713030745416e-09,6.114760543512009e-10
1937,9.49151858199048e-08,1.31210722144721e-09,6.092151104131993e-10
1938,9.451967041550675e-08,1.306406176142429e-09,6.070936343400641e-10
1939,9.41323341366184e-08,1.300863588448537e-09,6.048116861339633e-10
1940,9.373809276280625e-08,1.295333805430846e-09,6.025847184002287e-10
1941,9.333746251166611e-08,1.289818379132313e-09,6.003998773807379e-10
1942,9.294773806473029e-08,1.284212213683727e-09,5.983307349151708e-10
1943,9.25646745871242e-08,1.278761498075448e-09,5.960935915223384e-10
1944,9.217218856393441e-08,1.273326571113416e-09,5.939008855282205e-10
1945,9.178414441492609e-08,1.267800488175228e-09,5.918383202213428e-10
1946,9.140130707802726e-08,1.262424984424036e-09,5.896161017985483e-10
1947,9.10114734107139e-08,1.257061244152052e-09,5.874482716530549e-10
1948,9.062842728293308e-08,1.251605278615024e-09,5.854148538306025e-10
1949,9.025202935674213e-08,1.246293120193713e-09,5.832264319917752e-10
1950,8.986935581512453e-08,1.240989746341519e-09,5.810903263476132e-10
1951,8.949312380598376e-08,1.235597266697994e-09,5.790843137372232e-10
1952,8.912252742432608e-08,1.23034292189164e-09,5.769237280325245e-10
1953,8.874468149403918e-08,1.225097367396192e-09,5.748138626923877e-10
1954,8.837270184979023e-08,1.219767185016165e-09,5.728326997021601e-10
1955,8.800551697476882e-08,1.214569603224261e-09,5.706983803707753e-10
1956,8.763072553263355e-08,1.209380587737928e-09,5.686140532462013e-10
1957,8.726171960306682e-08,1.204111784214686e-09,5.666568509955259e-10
1958,8.689744055741808e-08,1.198970137320132e-09,5.645481563057984e-10
1959,8.653870772638159e-08,1.193747739948953e-09,5.625813831745419e-10
1960,8.618015802818903e-08,1.188648535443675e-09,5.6047001896754e-10
1961,8.581395115023749e-08,1.183554157494104e-09,5.584216337927735e-10
1962,8.545474549528341e-08,1.17838468858298e-09,5.565070120147583e-10
1963,8.510234054774756e-08,1.173332364082848e-09,5.544479370309499e-10
1964,8.474339163988324e-08,1.168287984737733e-09,5.524369080972807e-10
1965,8.438944341948922e-08,1.163177266293419e-09,5.505470124214321e-10
1966,8.404005389666194e-08,1.158180597332242e-09,5.485085644677443e-10
1967,8.369464403597333e-08,1.153118414407942e-09,5.466066151293522e-10
1968,8.334951575212255e-08,1.148166587919597e-09,5.445629896230623e-10
1969,8.299647354502047e-08,1.143221122473644e-09,5.425798886093871e-10
1970,8.264932396249781e-08,1.138214145639274e-09,5.407272716679004e-10
1971,8.230968023102619e-08,1.133312821923087e-09,5.387339323268867e-10
1972,8.197462180333594e-08,1.128351514330504e-09,5.368752971229737e-10
1973,8.164112345804942e-08,1.123493085640711e-09,5.348776960653628e-10
1974,8.129933257702928e-08,1.118641580278607e-09,5.329369013502678e-10
1975,8.096158770073424e-08,1.113735723289506e-09,5.311224569794313e-10
1976,8.063073700911676e-08,1.108930289631446e-09,5.291694284254958e-10
1977,8.030273050404805e-08,1.104072228672243e-09,5.273485199851045e-10
1978,7.997613093610714e-08,1.099313210091099e-09,5.253911028562694e-10
1979,7.96408413542406e-08,1.09456307304412e-09,5.234897956503693e-10
1980,7.930872309300336e-08,1.089764113762166e-09,5.21712876317237e-10
1981,7.89839101062673e-08,1.085063493910274e-09,5.197994488497957e-10
1982,7.866156350209292e-08,1.080315104395638e-09,5.18015863719212e-10
1983,7.834124741753112e-08,1.075667333323887e-09,5.160986526141211e-10
1984,7.80218422405304e-08,1.070969428453661e-09,5.143226160993463e-10
1985,7.770559938840706e-08,1.066371414666768e-09,5.124200369730547e-10
1986,7.738233283123976e-08,1.061785491965866e-09,5.10576981181916e-10
1987,7.706207358606607e-08,1.057151459487834e-09,5.088559812968524e-10
1988,7.674935125897495e-08,1.052620438475814e-09,5.070035134912344e-10
1989,7.64379523660938e-08,1.048041762834083e-09,5.052750875704213e-10
1990,7.61279618803457e-08,1.043569696228141e-09,5.034160015684689e-10
1991,7.581767944660877e-08,1.039046311003288e-09,5.016928231972668e-10
1992,7.550980024183203e-08,1.034632175610338e-09,4.998463457260031e-10
1993,7.519458497971889e-08,1.030231682150013e-09,4.980572645041908e-10
1994,7.488203446923885e-08,1.025777598000509e-09,4.963867148804875e-10
1995,7.457662275527327e-08,1.021436704507705e-09,4.945883375565126e-10
1996,7.427286529054201e-08,1.017040922837475e-09,4.929105923768649e-10
1997,7.39704766392407e-08,1.012762276956563e-09,4.911059116263524e-10
1998,7.366815565409355e-08,1.008424702897558e-09,4.894334749779593e-10
1999,7.336819566397426e-08,1.004208947822726e-09,4.876410200653641e-10
2000,7.306129291662181e-08,1.000014532708222e-09,4.859041413117479e-10
2001,7.275723984233852e-08,9.957559609435631e-10,4.842826090946078e-10
2002,7.245983382541613e-08,9.916158422747477e-10,4.825365620849662e-10
2003,7.216427167105248e-08,9.874030405835946e-10,4.809078145624357e-10
2004,7.186956202197352e-08,9.833056968733097e-10,4.791552709127792e-10
2005,7.157524128175879e-08,9.791338624308238e-10,4.775313077391716e-10
2006,7.128257668663478e-08,9.750753730857869e-10,4.75790294546437e-10
2007,7.099176036945288e-08,9.709412179759478e-10,4.741820328172572e-10
2008,7.070346339600497e-08,9.669180732970095e-10,4.724604387450437e-10
2009,7.040885801989666e-08,9.6289551470946e-10,4.7079203722292e-10
2010,7.011694391955598e-08,9.588011832224485e-10,4.692333566301258e-10
2011,6.983870751612434e-08,9.5473881082936e-10,4.676336772535229e-10
2012,6.9561685764665e-08,9.507853086375692e-10,4.659148882988258e-10
2013,6.927112819942773e-08,9.468307390411642e-10,4.64256401318308e-10
2014,6.898190755245082e-08,9.428056816006418e-10,4.627166438042714e-10
2015,6.869836651596554e-08,9.388818493610002e-10,4.610628396894033e-10
2016,6.841849909321715e-08,9.348909964439164e-10,4.595235255535167e-10
2017,6.813910510471864e-08,9.309999501447184e-10,4.578682363212495e-10
2018,6.786132255062897e-08,9.270426584301998e-10,4.563339024601204e-10
2019,6.758419583616121e-08,9.231825251246944e-10,4.546876537952036e-10
2020,6.730966039898192e-08,9.192572304866156e-10,4.531658238668038e-10
2021,6.703664900250951e-08,9.154270215865083e-10,4.515352214830496e-10
2022,6.676645716848399e-08,9.115339159097218e-10,4.500282086909208e-10
2023,6.649778015108981e-08,9.077337842032605e-10,4.484137226294752e-10
2024,6.623136725677364e-08,9.038726464136286e-10,4.46920569603394e-10
2025,6.596589985529206e-08,9.001022724564787e-10,4.453199977229548e-10
2026,6.570216570530408e-08,8.962723841490529e-10,4.4383933862803e-10
2027,6.543888302683269e-08,8.925320708928705e-10,4.42251892449771e-10
2028,6.51770322771377e-08,8.887344200339775e-10,4.407833292848816e-10
2029,6.491542093363351e-08,8.850238559975785e-10,4.392087864369507e-10
2030,6.465527223012126e-08,8.812575307366612e-10,4.377524303281529e-10
2031,6.439538097157436e-08,8.775769958033404e-10,4.361908606115598e-10
2032,6.413707889438433e-08,8.73842619804065e-10,4.347463899174278e-10
2033,6.38791545781514e-08,8.701929787167391e-10,4.331974698972828e-10
2034,6.362277870458261e-08,8.664910994207315e-10,4.31764839478715e-10
2035,6.336648376865388e-08,8.628744894029447e-10,4.302288110747438e-10
2036,6.311149323081337e-08,8.592093335938969e-10,4.288081743279335e-10
2037,6.285737497485305e-08,8.556321065295662e-10,4.272846863659642e-10
2038,6.260476049132169e-08,8.520067330882492e-10,4.258757509807389e-10
2039,6.235305897392931e-08,8.484731325058527e-10,4.243648617721496e-10
2040,6.210264955004871e-08,8.448940278238097e-10,4.229678368048521e-10
2041,6.185308138309036e-08,8.41415920406638e-10,4.214693298631777e-10
2042,6.160466320075681e-08,8.379000422156281e-10,4.200838063690714e-10
2043,6.13570823820151e-08,8.345011080134122e-10,4.185976364890432e-10
2044,6.111050660116982e-08,8.310438230753667e-10,4.172235878216508e-10
2045,6.086481081095695e-08,8.27686010063751e-10,4.157495889702271e-10
2046,6.061998122287233e-08,8.242640297328833e-10,4.143868615444761e-10
2047,6.037611706627579e-08,8.209407301310871e-10,4.129247452056562e-10
2048,6.01330226784607e-08,8.175523143716084e-10,4.115731755049628e-10
2049,5.989097571558532e-08,8.142616214770132e-10,4.101229282677838e-10
2050,5.964961418940979e-08,8.109050594193458e-10,4.087823385245303e-10
2051,5.940935507793759e-08,8.076449097668611e-10,4.073436244719148e-10
2052,5.916979908024353e-08,8.04318829505128e-10,4.060139139328824e-10
2053,5.893770594176564e-08,8.010167937783706e-10,4.046578115112023e-10
2054,5.870679362900077e-08,7.978087904215908e-10,4.032065133970555e-10
2055,5.846666149123734e-08,7.945991344936833e-10,4.018135306621216e-10
2056,5.822706703248204e-08,7.913240473311878e-10,4.005243354199106e-10
2057,5.799896618778739e-08,7.880715350486385e-10,3.992058649661768e-10
2058,5.777301873383585e-08,7.849087722687888e-10,3.977896978933164e-10
2059,5.75429465091659e-08,7.816806344899486e-10,3.964881254443885e-10
2060,5.731209728212244e-08,7.785392042201951e-10,3.950948292926898e-10
2061,5.708216327990426e-08,7.753340253018634e-10,3.938118972361746e-10
2062,5.685365133237068e-08,7.722135229510998e-10,3.924370493760222e-10
2063,5.662607863701313e-08,7.690326833822052e-10,3.911670121702347e-10
2064,5.640557189797503e-08,7.658729711608912e-10,3.898714614121369e-10
2065,5.618568070700946e-08,7.62795409977522e-10,3.884837322098647e-10
2066,5.596236331362761e-08,7.596554052066307e-10,3.872157357585425e-10
2067,5.573952813648377e-08,7.565938794797223e-10,3.858619824064958e-10
2068,5.551800647529883e-08,7.534735568665833e-10,3.846171052572388e-10
2069,5.530437362556949e-08,7.503727430029867e-10,3.833496715131563e-10
2070,5.509175468115589e-08,7.473481626547263e-10,3.819930700820611e-10
2071,5.487511219726063e-08,7.442656859991037e-10,3.807524326200228e-10
2072,5.465825657622566e-08,7.412563196963987e-10,3.794265698701911e-10
2073,5.4441711975975e-08,7.381936002090261e-10,3.782064984314726e-10
2074,5.423206220443744e-08,7.351502461380399e-10,3.7696358124705e-10
2075,5.40226763018189e-08,7.321789421616818e-10,3.75632304681263e-10
2076,5.380880464028188e-08,7.291551834703354e-10,3.744152783665662e-10
2077,5.359453870396003e-08,7.26200535475952e-10,3.731140917777326e-10
2078,5.338044335158592e-08,7.23197230875462e-10,3.719171670297793e-10
2079,5.317322857576132e-08,7.202130856259081e-10,3.706980581416321e-10
2080,5.296669613265917e-08,7.172973407948011e-10,3.693919196288708e-10
2081,5.275591119093268e-08,7.143334495496697e-10,3.681981341103332e-10
2082,5.255086895804643e-08,7.113875688716899e-10,3.669871631785946e-10
2083,5.234748447807115e-08,7.08506703225228e-10,3.656938165768855e-10
2084,5.214035312553767e-08,7.055782748535571e-10,3.645153451532884e-10
2085,5.193415863705703e-08,7.027118581542036e-10,3.632567138530155e-10
2086,5.172755688860135e-08,6.99802799318168e-10,3.620990543277271e-10
2087,5.152742912074816e-08,6.969128205089913e-10,3.609193020759638e-10
2088,5.132780936279196e-08,6.940856470502008e-10,3.596540725449753e-10
2089,5.112285089304802e-08,6.912168358971558e-10,3.584972469739594e-10
2090,5.092295941971486e-08,6.883668607532621e-10,3.573231489715195e-10
2091,5.072476668871609e-08,6.855779991527941e-10,3.56068233842837e-10
2092,5.05224770832387e-08,6.827473152046121e-10,3.549251622467694e-10
2093,5.032609021619382e-08,6.799344406483039e-10,3.537672026726301e-10
2094,5.013219608599921e-08,6.771803636392123e-10,3.525303012736999e-10
2095,4.993385613107942e-08,6.743859522826178e-10,3.514028446547027e-10
2096,4.974105609504121e-08,6.716101015021797e-10,3.502598713821468e-10
2097,4.955037945988276e-08,6.688948368551304e-10,3.490384067089887e-10
2098,4.935460271866111e-08,6.661404478296935e-10,3.479246064419393e-10
2099,4.916401772742756e-08,6.634053518394812e-10,3.467952450813565e-10
2100,4.897537330231255e-08,6.607319076480387e-10,3.455880055007026e-10
2101,4.878156823358458e-08,6.580195367803595e-10,3.44487160150689e-10
2102,4.859290617859311e-08,6.553268643639852e-10,3.433711021890166e-10
2103,4.840634449591318e-08,6.52697727177567e-10,3.421780308255703e-10
2104,4.82147879662827e-08,6.500282005521808e-10,3.410902095923517e-10
2105,4.802839644057032e-08,6.473790812590319e-10,3.399873025150821e-10
2106,4.784420934490407e-08,6.447952606898188e-10,3.388083619561095e-10
2107,4.765518792808012e-08,6.421696591859588e-10,3.377335816634409e-10
2108,4.747125599978986e-08,6.395647986699004e-10,3.366438875765471e-10
2109,4.72895397477994e-08,6.37027625971637e-10,3.354789259578675e-10
2110,4.710302740365947e-08,6.344475627382164e-10,3.344170101806006e-10
2111,4.692148297217718e-08,6.318882636627374e-10,3.333403554077289e-10
2112,4.674596456385125e-08,6.293501417074565e-10,3.32251002659989e-10
2113,4.65694681627591e-08,6.268832613991426e-10,3.310907451632935e-10
2114,4.638699322833374e-08,6.243689429887696e-10,3.300415835445155e-10
2115,4.620969136260807e-08,6.218772880804241e-10,3.289823822757037e-10
2116,4.603500839136884e-08,6.194585919821305e-10,3.278526502456758e-10
2117,4.585535194078379e-08,6.169848739999585e-10,3.268230450480643e-10
2118,4.56793966072673e-08,6.145278381411043e-10,3.257786712736151e-10
2119,4.550445635994062e-08,6.12139794377831e-10,3.246610580480326e-10
2120,4.532425499228025e-08,6.096972034699179e-10,3.236413354540868e-10
2121,4.514813852411609e-08,6.072705938550047e-10,3.226064491273004e-10
2122,4.497723503821323e-08,6.048604327400056e-10,3.215587622580309e-10
2123,4.480459423290285e-08,6.025165251891149e-10,3.204420274742227e-10
2124,4.462684811192041e-08,6.00116820129002e-10,3.194327436847473e-10
2125,4.445432330217275e-08,5.977311114063487e-10,3.18413711094765e-10
2126,4.428422822930139e-08,5.954079201836834e-10,3.173264023257903e-10
2127,4.411060999062909e-08,5.930318902212767e-10,3.163359518291372e-10
2128,4.394150014263573e-08,5.90670185174477e-10,3.153311556051952e-10
2129,4.377755161683234e-08,5.883237850481437e-10,3.143136382916976e-10
2130,4.361156585659573e-08,5.860380602032986e-10,3.132283745147684e-10
2131,4.344043957369169e-08,5.837010143322229e-10,3.122467489300496e-10
2132,4.327384648099547e-08,5.813777736250258e-10,3.112550753404155e-10
2133,4.311300180218202e-08,5.790690513387762e-10,3.102535850161432e-10
2134,4.295063249755525e-08,5.768178097039354e-10,3.091869379188934e-10
2135,4.278362199720812e-08,5.745169738142122e-10,3.082221460869717e-10
2136,4.262085784204424e-08,5.722294051047615e-10,3.072471187343483e-10
2137,4.246336158724716e-08,5.69955819920446e-10,3.062619499384546e-10
2138,4.230385787518666e-08,5.677371670519745e-10,3.052122570725348e-10
2139,4.21394231963739e-08,5.654716546805287e-10,3.042624227211607e-10
2140,4.197893229251156e-08,5.632194867635264e-10,3.033023340484285e-10
2141,4.182348904885154e-08,5.609811531292669e-10,3.023320906827398e-10
2142,4.166606460783729e-08,5.587955306938848e-10,3.012980190020122e-10
2143,4.150392655011721e-08,5.565659290140871e-10,3.0036247240512e-10
2144,4.13457561803968e-08,5.543495663280028e-10,2.994166862043174e-10
2145,4.119264459157566e-08,5.521472687608663e-10,2.984607773546695e-10
2146,4.10377400815099e-08,5.499963225666617e-10,2.974418324417373e-10
2147,4.087835868786884e-08,5.478036597305328e-10,2.965201742173249e-10
2148,4.072288110984506e-08,5.456246313408497e-10,2.955885224193079e-10
2149,4.057241485970778e-08,5.43460342554887e-10,2.946470803058401e-10
2150,4.042024016414033e-08,5.413477341122416e-10,2.9364358384635e-10
2151,4.026353399621751e-08,5.391964216140768e-10,2.927361286074216e-10
2152,4.011057854923611e-08,5.370603747292985e-10,2.918188162631185e-10
2153,3.996245593948581e-08,5.349400406902871e-10,2.908917698132286e-10
2154,3.981264204503554e-08,5.328746065954913e-10,2.899032963422383e-10
2155,3.965828653767241e-08,5.307719211286533e-10,2.890095185959523e-10
2156,3.950754941706301e-08,5.286879421050986e-10,2.88105988180262e-10
2157,3.936151001774123e-08,5.26625863294968e-10,2.871928443717437e-10
2158,3.921737354784953e-08,5.245887527863e-10,2.862735453776808e-10
2159,3.907053994749758e-08,5.226113399652246e-10,2.85297119413545e-10
2160,3.891930490180762e-08,5.205858135833804e-10,2.844192033509367e-10
2161,3.877210943110158e-08,5.18572539182717e-10,2.835342668080471e-10
2162,3.862980454133705e-08,5.165721686046396e-10,2.826408934081508e-10
2163,3.84893379956289e-08,5.145840721857074e-10,2.817413577554158e-10
2164,3.834596834438998e-08,5.126511937266747e-10,2.807854582861335e-10
2165,3.81977413226206e-08,5.106699934907123e-10,2.79924988144914e-10
2166,3.80530939000138e-08,5.087001567835921e-10,2.790568178095421e-10
2167,3.791290535236421e-08,5.067424970144359e-10,2.781799120608974e-10
2168,3.777428958382414e-08,5.04796512471458e-10,2.772966623045455e-10
2169,3.763270656148655e-08,5.029045364621318e-10,2.76357689467797e-10
2170,3.748642253040005e-08,5.009653227423724e-10,2.755126763629009e-10
2171,3.734383120743678e-08,4.990370910629409e-10,2.746600944477177e-10
2172,3.720578506018952e-08,4.971203420144551e-10,2.737988811878211e-10
2173,3.706946127818672e-08,4.952144697705941e-10,2.729314802630602e-10
2174,3.693367979112184e-08,4.933183498250748e-10,2.72061549502537e-10
2175,3.679542621723914e-08,4.914726852045743e-10,2.711399020784199e-10
2176,3.665322303839707e-08,4.895796805972127e-10,2.703135922179982e-10
2177,3.651517507427244e-08,4.876961211214252e-10,2.694812566241165e-10
2178,3.638172097861301e-08,4.858228975864927e-10,2.686408779673615e-10
2179,3.624978318597255e-08,4.839597908297114e-10,2.677941256524885e-10
2180,3.611801543127926e-08,4.82106012695902e-10,2.66944249575566e-10
2181,3.598333569267763e-08,4.802998830028311e-10,2.660428744863563e-10
2182,3.58443170746547e-08,4.784492552914515e-10,2.65234312351024e-10
2183,3.570899789355289e-08,4.766077981140047e-10,2.644195306439935e-10
2184,3.557786187446597e-08,4.747764715734225e-10,2.635966781418429e-10
2185,3.54480301212399e-08,4.729550155624144e-10,2.627674405466216e-10
2186,3.531830597492852e-08,4.711426415948829e-10,2.61935127566273e-10
2187,3.518887809279847e-08,4.693382959685185e-10,2.611031296317419e-10
2188,3.505736052288021e-08,4.675771355225999e-10,2.602232064755878e-10
2189,3.493927717023542e-08,4.657380769836375e-10,2.594856301386278e-10
2190,3.480264514948993e-08,4.639898885860785e-10,2.586044227340587e-10
2191,3.467173593056892e-08,4.622002885929894e-10,2.578154491054646e-10
2192,3.454196923549186e-08,4.604188148668446e-10,2.570214629901755e-10
2193,3.441518403059966e-08,4.586462516920751e-10,2.562215176373132e-10
2194,3.428955536308199e-08,4.568825260725621e-10,2.554174127543884e-10
2195,3.416415139511857e-08,4.551272461283541e-10,2.546118393732022e-10
2196,3.403907405235116e-08,4.533796509543821e-10,2.538073867996258e-10
2197,3.391482490788392e-08,4.516388798353131e-10,2.530059026966263e-10
2198,3.378919063327588e-08,4.499357103204476e-10,2.521594732382131e-10
2199,3.367569688674879e-08,4.481643421103832e-10,2.514498661741871e-10
2200,3.354479984145799e-08,4.464735470689911e-10,2.506017470945573e-10
2201,3.343462325289274e-08,4.447170998544518e-10,2.498908699152432e-10
2202,3.330469038556595e-08,4.430410613964201e-10,2.490378083901526e-10
2203,3.317801066223849e-08,4.413292616065666e-10,2.482774041951667e-10
2204,3.305230815353651e-08,4.396254882307491e-10,2.475144243658002e-10
2205,3.292983744316593e-08,4.37930569081288e-10,2.467474674926694e-10
2206,3.280889703908884e-08,4.36244449921199e-10,2.459775451987371e-10
2207,3.268853374351707e-08,4.345667430862357e-10,2.452065661654638e-10
2208,3.256865128713065e-08,4.328967959957187e-10,2.444365290001352e-10
2209,3.2449585888643e-08,4.312340191842625e-10,2.436690351361141e-10
2210,3.233162433788987e-08,4.295779855332926e-10,2.429050323176896e-10
2211,3.221488218398818e-08,4.279283425128369e-10,2.421449549908853e-10
2212,3.209927383646935e-08,4.262849133394478e-10,2.413887960007559e-10
2213,3.19845853117692e-08,4.246478542153071e-10,2.40636253230423e-10
2214,3.187058445541727e-08,4.230177452169804e-10,2.398869845780437e-10
2215,3.175698470211946e-08,4.213949408587148e-10,2.391407045792266e-10
2216,3.164357744348616e-08,4.197795356504358e-10,2.383971652795211e-10
2217,3.153022250684979e-08,4.181717330056663e-10,2.376562227527138e-10
2218,3.141685260945166e-08,4.165719815578396e-10,2.369177744645218e-10
2219,3.130346543592509e-08,4.149802658580286e-10,2.361818325713308e-10
2220,3.119009219898211e-08,4.133967492678964e-10,2.354483776055244e-10
2221,3.107680214004736e-08,4.118215030012115e-10,2.347174442664163e-10
2222,3.096366657812463e-08,4.102542758610996e-10,2.339890747261978e-10
2223,3.085078130870876e-08,4.086953692450607e-10,2.332632827292256e-10
2224,3.073821060977715e-08,4.071444007216975e-10,2.325400854636845e-10
2225,3.062602546794083e-08,4.05601758889788e-10,2.318195028455546e-10
2226,3.051430134419004e-08,4.040670845151785e-10,2.311015174724226e-10
2227,3.040308399903301e-08,4.025407169747794e-10,2.30386106570766e-10
2228,3.029234364956185e-08,4.010225543915285e-10,2.296732588645996e-10
2229,3.018209005224542e-08,3.995127338894068e-10,2.289629437746719e-10
2230,3.007231290128609e-08,3.980112815916676e-10,2.282551301067024e-10
2231,2.996298740250903e-08,3.965185879775212e-10,2.275497795714553e-10
2232,2.985409145270119e-08,3.950355570381769e-10,2.268468756993947e-10
2233,2.974559812653902e-08,3.935616911380098e-10,2.261464215468665e-10
2234,2.963746995135908e-08,3.920946920145154e-10,2.254484278850078e-10
2235,2.952969047233516e-08,3.906338184139791e-10,2.247528794344604e-10
2236,2.942222905251022e-08,3.891786542379178e-10,2.240597612524999e-10
2237,2.931508796939605e-08,3.877291057248228e-10,2.233691122500848e-10
2238,2.920825331763587e-08,3.862849881319326e-10,2.226809205303287e-10
2239,2.910174687618366e-08,3.848461899893583e-10,2.219951721518116e-10
2240,2.899557443720184e-08,3.834127268198903e-10,2.2131187542829e-10
2241,2.888977947611277e-08,3.8198446929338e-10,2.206310078692034e-10
2242,2.878438495990137e-08,3.805613582779501e-10,2.199525321176731e-10
2243,2.867944072278084e-08,3.79143295571208e-10,2.192764334073988e-10
2244,2.857497157858778e-08,3.777303140816818e-10,2.186026826773496e-10
2245,2.847099719697972e-08,3.763223404336605e-10,2.179312664806234e-10
2246,2.836754518767942e-08,3.749194190578892e-10,2.172621706988449e-10
2247,2.826462429121107e-08,3.735215044058881e-10,2.165953991301737e-10
2248,2.816226253628476e-08,3.721286164265297e-10,2.159309680248632e-10
2249,2.806046791526347e-08,3.707407062180989e-10,2.152688590829357e-10
2250,2.795925025692181e-08,3.693577113003592e-10,2.146090644314218e-10
2251,2.787206966700574e-08,3.679486970661832e-10,2.139978026316179e-10
2252,2.776869801969301e-08,3.66620595664765e-10,2.132626433675661e-10
2253,2.766613788341997e-08,3.652512367144967e-10,2.126192306507545e-10
2254,2.757723772444725e-08,3.638559041025418e-10,2.120237388182393e-10
2255,2.74767111409694e-08,3.625080196598652e-10,2.113540479359273e-10
2256,2.738116953617559e-08,3.611938690658096e-10,2.106494102468488e-10
2257,2.729225283497411e-08,3.598121850286729e-10,2.100685349294744e-10
2258,2.718996026335984e-08,3.584754609339066e-10,2.094174996333042e-10
2259,2.709666172999904e-08,3.571433578526139e-10,2.087711029745439e-10
2260,2.700174154423834e-08,3.558153362870859e-10,2.08130054977958e-10
2261,2.690635787733547e-08,3.544912758760452e-10,2.074941240416165e-10
2262,2.681120505375755e-08,3.531710668750379e-10,2.068625445767893e-10
2263,2.671636699707957e-08,3.518548674157157e-10,2.062343017346654e-10
2264,2.662167927699419e-08,3.505429096870497e-10,2.056085271795369e-10
2265,2.65269931083098e-08,3.492354632676198e-10,2.049846185727588e-10
2266,2.643223209253078e-08,3.479328892256138e-10,2.04362275444364e-10
2267,2.635046091260296e-08,3.46608233351119e-10,2.03785221964932e-10
2268,2.625211358143531e-08,3.453563804782253e-10,2.030902643910497e-10
2269,2.616751051477579e-08,3.440416299237641e-10,2.025239358766731e-10
2270,2.606810580219416e-08,3.427703648407608e-10,2.018894757932239e-10
2271,2.597724707956278e-08,3.415038763981094e-10,2.012639353898723e-10
2272,2.588560706012452e-08,3.402414976531409e-10,2.006474634750946e-10
2273,2.579430114857666e-08,3.389835461941096e-10,2.0003858449158e-10
2274,2.570367108152909e-08,3.377309882377376e-10,1.994352497480494e-10
2275,2.561335167166571e-08,3.36485563557079e-10,1.988354694235827e-10
2276,2.55228559519373e-08,3.352492055916462e-10,1.982377339647585e-10
2277,2.543184480603223e-08,3.340230238425406e-10,1.976411479914812e-10
2278,2.535284583778193e-08,3.327749445593764e-10,1.970874108201235e-10
2279,2.525923039094165e-08,3.315743475039303e-10,1.964619077352432e-10
2280,2.517028988274946e-08,3.303783592371544e-10,1.95846530864885e-10
2281,2.507868438129406e-08,3.291854491441717e-10,1.952428557290625e-10
2282,2.498738028420577e-08,3.279950570117889e-10,1.946495795094519e-10
2283,2.489751381918453e-08,3.268073211294886e-10,1.940640233689575e-10
2284,2.480867526297311e-08,3.256227578345397e-10,1.934833472108474e-10
2285,2.473244615652638e-08,3.24412068347736e-10,1.929455589715301e-10
2286,2.464226801124716e-08,3.232465202710272e-10,1.923393480139427e-10
2287,2.455656764816588e-08,3.220842532941577e-10,1.917423086252921e-10
2288,2.44679325617568e-08,3.209243785219927e-10,1.911554984790309e-10
2289,2.437906277977209e-08,3.197668355274852e-10,1.905776170683351e-10
2290,2.429107665900395e-08,3.186120464343266e-10,1.900063093404858e-10
2291,2.421566999296425e-08,3.174309357007457e-10,1.894788407678752e-10
2292,2.412722984120976e-08,3.162936797351747e-10,1.888851128572442e-10
2293,2.404335539232081e-08,3.1515896450685e-10,1.883007696175826e-10
2294,2.395672813706118e-08,3.140260148015509e-10,1.877264593580781e-10
2295,2.38698423389847e-08,3.128947987091418e-10,1.871607468720592e-10
2296,2.379525361077385e-08,3.117368758430608e-10,1.86640818815953e-10
2297,2.370842046256771e-08,3.1062080151871e-10,1.860568870948138e-10
2298,2.362638555238095e-08,3.095063856929486e-10,1.854832204320138e-10
2299,2.354182542927315e-08,3.083930642491805e-10,1.849198595929412e-10
2300,2.345704474822629e-08,3.072811129015253e-10,1.843649538798196e-10
2301,2.338403202268199e-08,3.061436306606553e-10,1.838546299624885e-10
2302,2.329913272205185e-08,3.050462923445703e-10,1.832812598141528e-10
2303,2.32185322517564e-08,3.039506932112636e-10,1.827175601097923e-10
2304,2.313527736516764e-08,3.028563299809582e-10,1.821636477897988e-10
2305,2.30517310039349e-08,3.017634798951821e-10,1.816177979800076e-10
2306,2.297952747462147e-08,3.006465121468459e-10,1.811158139051718e-10
2307,2.289591737587664e-08,2.995684378618011e-10,1.805515716895774e-10
2308,2.281658060761099e-08,2.98492101403665e-10,1.799968593040635e-10
2309,2.27346900304282e-08,2.97416937776372e-10,1.794518442720574e-10
2310,2.266307644474745e-08,2.963175531566686e-10,1.789535575485725e-10
2311,2.258044170300597e-08,2.952556064260041e-10,1.783947231094721e-10
2312,2.250246414682852e-08,2.941945971957694e-10,1.778470683134145e-10
2313,2.242231138054882e-08,2.931341094535645e-10,1.773101280590674e-10
2314,2.235227236222786e-08,2.920500378584367e-10,1.768195774797086e-10
2315,2.227138914866836e-08,2.910019129583311e-10,1.762697388479178e-10
2316,2.219483622427593e-08,2.899547852222061e-10,1.757306129844747e-10
2317,2.211581506282974e-08,2.88908409972434e-10,1.752015945899399e-10
2318,2.204652586456626e-08,2.878397882341722e-10,1.747178676105029e-10
2319,2.196639100079173e-08,2.868063017402404e-10,1.741753281626393e-10
2320,2.189037927396405e-08,2.857740793487887e-10,1.736431376052191e-10
2321,2.181189572851993e-08,2.847428599702109e-10,1.731208127316489e-10
2322,2.174303020456023e-08,2.836903492281399e-10,1.726433135044947e-10
2323,2.166358454342165e-08,2.826722232835085e-10,1.721076274868891e-10
2324,2.158829039204922e-08,2.816554504378148e-10,1.715822166291653e-10
2325,2.151070478720582e-08,2.806397293713979e-10,1.71066612839856e-10
2326,2.14426506092678e-08,2.796034016191465e-10,1.705954175434553e-10
2327,2.136432637434691e-08,2.786006878482437e-10,1.700667755566367e-10
2328,2.129021080261288e-08,2.775993282094268e-10,1.695482994388288e-10
2329,2.122362173240193e-08,2.765768907588884e-10,1.690771639517582e-10
2330,2.114632338600914e-08,2.755876374282799e-10,1.685495985743893e-10
2331,2.107336268494826e-08,2.74598913811934e-10,1.680345361422114e-10
2332,2.099859874718316e-08,2.736104051945817e-10,1.675309721604214e-10
2333,2.093323257711484e-08,2.726016914449224e-10,1.670717521562599e-10
2334,2.085801980265258e-08,2.716249426205294e-10,1.665572071404691e-10
2335,2.078670396108226e-08,2.706494461587724e-10,1.660523994613843e-10
2336,2.072233397607528e-08,2.696541232236079e-10,1.65593192857977e-10
2337,2.064730176005059e-08,2.686913044892233e-10,1.650786307382445e-10
2338,2.057610221458738e-08,2.67729699837548e-10,1.645757852015832e-10
2339,2.051217563503341e-08,2.667473705071703e-10,1.641203425854852e-10
2340,2.043807656972545e-08,2.657974634617256e-10,1.636111999863524e-10
2341,2.036806361527771e-08,2.64848248088751e-10,1.631143861809057e-10
2342,2.030527824185065e-08,2.638778743587397e-10,1.626644320626998e-10
2343,2.023235568618752e-08,2.629399079333099e-10,1.621616904665807e-10
2344,2.016332350786975e-08,2.620027078115562e-10,1.616708566165065e-10
2345,2.010120374898975e-08,2.610444328704964e-10,1.612259031396276e-10
2346,2.00289497356086e-08,2.601190275529245e-10,1.607286067144933e-10
2347,1.99603995852945e-08,2.591947808406357e-10,1.602428268192947e-10
2348,1.989858357636977e-08,2.582491862804457e-10,1.598023259362141e-10
2349,1.98267561423604e-08,2.573370358318767e-10,1.59309875640388e-10
2350,1.975858950496189e-08,2.564261034256677e-10,1.588287592437729e-10
2351,1.969712113495132e-08,2.554933589129348e-10,1.583925190268449e-10
2352,1.962579379697588e-08,2.545946642969411e-10,1.579047659440023e-10
2353,1.955814007304032e-08,2.536972549129783e-10,1.574282679057438e-10
2354,1.949713191595158e-08,2.527774236654879e-10,1.569963037960768e-10
2355,1.942640276654976e-08,2.518923035747943e-10,1.565133663227535e-10
2356,1.935935501715865e-08,2.510086259938378e-10,1.560416160954766e-10
2357,1.929886991562707e-08,2.501018204870705e-10,1.55614026242352e-10
2358,1.922878461631197e-08,2.492311598964398e-10,1.551359422544105e-10
2359,1.916235398269678e-08,2.483617764672529e-10,1.546689291517379e-10
2360,1.910244848185061e-08,2.474676515782951e-10,1.542456517314489e-10
2361,1.903298857854204e-08,2.466088576025544e-10,1.537723309676763e-10
2362,1.896716764434794e-08,2.457502100380809e-10,1.533099283249739e-10
2363,1.890789697257695e-08,2.448665043596185e-10,1.528908346577093e-10
2364,1.883907008979772e-08,2.440174041827359e-10,1.524221434936031e-10
2365,1.878236042471142e-08,2.431429965683033e-10,1.519992768915223e-10
2366,1.871473998593547e-08,2.423034285384497e-10,1.515267764070066e-10
2367,1.865016841121365e-08,2.41462790415802e-10,1.510681578542311e-10
2368,1.859219561502835e-08,2.405964403066716e-10,1.506551621607624e-10
2369,1.852501404449366e-08,2.397631893094229e-10,1.501949770323483e-10
2370,1.846168213331776e-08,2.389289460414101e-10,1.497463139735367e-10
2371,1.840482920041796e-08,2.380703662020462e-10,1.493396558088218e-10
2372,1.833830944480241e-08,2.37244301663665e-10,1.488850403717081e-10
2373,1.828353797150491e-08,2.363942616739175e-10,1.484742947921552e-10
2374,1.821766594457547e-08,2.355772377757229e-10,1.480149989442816e-10
2375,1.815460099468028e-08,2.347591215062021e-10,1.475686752580758e-10
2376,1.809805100903473e-08,2.339168245623399e-10,1.471664574376433e-10
2377,1.803230827343078e-08,2.331058761687687e-10,1.467178825607974e-10
2378,1.797872737168854e-08,2.322712239525879e-10,1.463137803875175e-10
2379,1.791450305482301e-08,2.314681719812213e-10,1.458626482559276e-10
2380,1.78532516562069e-08,2.306636375910464e-10,1.45424532303534e-10
2381,1.779847662533149e-08,2.298357732978793e-10,1.450295622982681e-10
2382,1.773447505346803e-08,2.290380439638699e-10,1.445891254546546e-10
2383,1.768235035248511e-08,2.282177683850983e-10,1.441920950669558e-10
2384,1.761955060409367e-08,2.27427986871623e-10,1.437487315600349e-10
2385,1.755958669945429e-08,2.266370314664938e-10,1.433179550336466e-10
2386,1.75059321865018e-08,2.258239326482226e-10,1.429294667679665e-10
2387,1.744301536546742e-08,2.250401963069663e-10,1.424960731378138e-10
2388,1.739181314188334e-08,2.242348260683112e-10,1.421053625129203e-10
2389,1.732996477360928e-08,2.23459276126524e-10,1.416689279318914e-10
2390,1.727095069508899e-08,2.226827962024832e-10,1.412448746699817e-10
2391,1.721815718971876e-08,2.218848574659496e-10,1.408625549605728e-10
2392,1.715611338162579e-08,2.211157088351109e-10,1.404360326385067e-10
2393,1.710565425216623e-08,2.203256022881454e-10,1.400516553549825e-10
2394,1.704463136542859e-08,2.195648510890997e-10,1.396222745109721e-10
2395,1.699436771843468e-08,2.187826599686703e-10,1.392375897361058e-10
2396,1.693351728912149e-08,2.180299070120363e-10,1.388089594456664e-10
2397,1.687574591234879e-08,2.172761196229744e-10,1.383941633419976e-10
2398,1.682423999701826e-08,2.165012812991872e-10,1.380212204544938e-10
2399,1.676381077771919e-08,2.157553653885177e-10,1.376057778941635e-10
2400,1.671467348283194e-08,2.149895797852336e-10,1.372313917434303e-10
2401,1.665504720147837e-08,2.142546325357719e-10,1.368130512542556e-10
2402,1.660582037076457e-08,2.135003852061122e-10,1.364379411441802e-10
2403,1.654599465119695e-08,2.127774755670203e-10,1.360194882787387e-10
2404,1.648910573219347e-08,2.120539783701137e-10,1.356142866255483e-10
2405,1.643824277218458e-08,2.113083733171133e-10,1.352498185817501e-10
2406,1.637857677389245e-08,2.105918136772326e-10,1.348434576431644e-10
2407,1.633002350588798e-08,2.098536634305884e-10,1.344773921999194e-10
2408,1.627124057186809e-08,2.091451507978656e-10,1.340681118814237e-10
2409,1.622269482689572e-08,2.084143491415715e-10,1.337013179282082e-10
2410,1.616389641839542e-08,2.077130388412888e-10,1.33292063722702e-10
2411,1.611553893433965e-08,2.069886322708607e-10,1.32926858356406e-10
2412,1.605735119100947e-08,2.06293178356714e-10,1.325204246848175e-10
2413,1.600970518183077e-08,2.055742391071677e-10,1.321581923469904e-10
2414,1.595239901803381e-08,2.048836249390842e-10,1.317555753466172e-10
2415,1.590545467351744e-08,2.041696053912704e-10,1.313965070768523e-10
2416,1.584883700656993e-08,2.03483429899178e-10,1.309974026560856e-10
2417,1.580233132670133e-08,2.027742397775501e-10,1.306410949533718e-10
2418,1.574610086452629e-08,2.020926360344532e-10,1.302448592881005e-10
2419,1.569975827436379e-08,2.01388477075821e-10,1.298909043242227e-10
2420,1.564370945067881e-08,2.007117155485701e-10,1.2949709208606e-10
2421,1.559740197177291e-08,2.000127328949512e-10,1.291452594497377e-10
2422,1.554146654276831e-08,1.993409912863787e-10,1.287537055709828e-10
2423,1.549519957922925e-08,1.986472357239469e-10,1.284039560141448e-10
2424,1.543945366895882e-08,1.979805277546595e-10,1.280146787062739e-10
2425,1.539330147208828e-08,1.972919524614365e-10,1.276670506851696e-10
2426,1.533783761995615e-08,1.966300721336091e-10,1.272801415742435e-10
2427,1.529189485332002e-08,1.959464526721328e-10,1.269347012796759e-10
2428,1.523679453148114e-08,1.952892191141821e-10,1.265502400338419e-10
2429,1.519114683914109e-08,1.946104416725286e-10,1.262070270659003e-10
2430,1.513649206160722e-08,1.939576818778743e-10,1.258250498478557e-10
2431,1.509119574617892e-08,1.932836879020737e-10,1.2548407286877e-10
2432,1.503702214973445e-08,1.92635431234516e-10,1.2510454111161e-10
2433,1.499210192324314e-08,1.919661547188451e-10,1.247657328211109e-10
2434,1.49383908089862e-08,1.913222841192039e-10,1.243885664274567e-10
2435,1.489383161206751e-08,1.906577073738786e-10,1.240518764688483e-10
2436,1.484706081647135e-08,1.899986597293754e-10,1.237076050895557e-10
2437,1.479605646997948e-08,1.893654808456225e-10,1.233236725638927e-10
2438,1.475250877185527e-08,1.887102265757182e-10,1.229850563354097e-10
2439,1.469991363863585e-08,1.880791113828985e-10,1.226100757194728e-10
2440,1.46563754621987e-08,1.874264220705602e-10,1.222780924323922e-10
2441,1.460462681635042e-08,1.867969997376636e-10,1.219102996007622e-10
2442,1.456179296973551e-08,1.861473726944791e-10,1.215826096571877e-10
2443,1.451671682221407e-08,1.855027033311755e-10,1.212478511965376e-10
2444,1.446726742088189e-08,1.848821450466649e-10,1.208747183976139e-10
2445,1.442464090526212e-08,1.842412707758407e-10,1.20544876425257e-10
2446,1.437289024867724e-08,1.836233747492905e-10,1.201791764190311e-10
2447,1.432965898432877e-08,1.829857130461184e-10,1.198548345153086e-10
2448,1.427830929794706e-08,1.823704855697674e-10,1.19495004008439e-10
2449,1.423551390594269e-08,1.817364982300609e-10,1.191742580204449e-10
2450,1.419056579260896e-08,1.811076776406984e-10,1.188464427781626e-10
2451,1.414160234868921e-08,1.805022336446472e-10,1.184808018338232e-10
2452,1.409932523765352e-08,1.798773764989057e-10,1.181578022346216e-10
2453,1.404847400044782e-08,1.792746960163661e-10,1.177996176242443e-10
2454,1.400593895356182e-08,1.786530139760448e-10,1.174821931102224e-10
2455,1.396162630945549e-08,1.780360716619559e-10,1.171588361250675e-10
2456,1.391392016995152e-08,1.774416021049127e-10,1.167989986364488e-10
2457,1.387285994314171e-08,1.768278619799095e-10,1.164816139479786e-10
2458,1.382362314485534e-08,1.762354184837579e-10,1.161300530583457e-10
2459,1.378237871914924e-08,1.756244924888682e-10,1.158183510843981e-10
2460,1.373928457421891e-08,1.750182126771829e-10,1.155007211699558e-10
2461,1.369271496210528e-08,1.744338818273697e-10,1.151471369112074e-10
2462,1.365244570230538e-08,1.738309976505177e-10,1.148349800449073e-10
2463,1.360400765106551e-08,1.732491177561785e-10,1.144890130059543e-10
2464,1.356329326270326e-08,1.726493682137615e-10,1.141821379290882e-10
2465,1.352066765423615e-08,1.720544216475251e-10,1.138693551689848e-10
2466,1.347455850767583e-08,1.714815534003931e-10,1.135210590891031e-10
2467,1.34346547133779e-08,1.708903282263554e-10,1.132136249539993e-10
2468,1.339220730208315e-08,1.703037214028699e-10,1.129011920957618e-10
2469,1.334625753540778e-08,1.69739259182992e-10,1.125541241840969e-10
2470,1.330670052383323e-08,1.691556126211959e-10,1.122490818993442e-10
2471,1.326484612869977e-08,1.685761769790906e-10,1.119399235417341e-10
2472,1.321969903495284e-08,1.680187010544154e-10,1.115972084048085e-10
2473,1.318087061866745e-08,1.674418001400773e-10,1.112959263155131e-10
2474,1.313968233195291e-08,1.668690395401936e-10,1.109905957264295e-10
2475,1.309510080054781e-08,1.663184232667402e-10,1.106521196698292e-10
2476,1.305663679658958e-08,1.657484545163599e-10,1.10354163499777e-10
2477,1.30157045984686e-08,1.651827686229076e-10,1.100519914400209e-10
2478,1.297132226704204e-08,1.646396681701536e-10,1.097167747886755e-10
2479,1.293297006928992e-08,1.640770216268605e-10,1.094215506048953e-10
2480,1.289215446604516e-08,1.635187647651147e-10,1.091220665435418e-10
2481,1.284792390771966e-08,1.629834963851972e-10,1.087897040176146e-10
2482,1.280973321494492e-08,1.624283740188065e-10,1.084970693612936e-10
2483,1.276912203281898e-08,1.618775246103383e-10,1.082002256096636e-10
2484,1.272519164939e-08,1.613500165624208e-10,1.078707958605787e-10
2485,1.268730222079319e-08,1.608021453056462e-10,1.075808369875524e-10
2486,1.264704542510592e-08,1.602585283745028e-10,1.072867581423573e-10
2487,1.260354492463668e-08,1.597389667404774e-10,1.069604458383382e-10
2488,1.256629739041122e-08,1.591986329210177e-10,1.066732641078613e-10
2489,1.252749000226507e-08,1.586624335107222e-10,1.063820054163086e-10
2490,1.248517377465853e-08,1.581500508745357e-10,1.060588231885008e-10
2491,1.244861959908755e-08,1.576159750787626e-10,1.057743901505499e-10
2492,1.240965304655467e-08,1.570856789521295e-10,1.054858983912088e-10
2493,1.236735090425487e-08,1.565787811765216e-10,1.051657433480206e-10
2494,1.233090988222576e-08,1.560503601696693e-10,1.048839752342255e-10
2495,1.229209569748252e-08,1.555256362614461e-10,1.045981673438578e-10
2496,1.224996131846658e-08,1.55023937352009e-10,1.042809552027326e-10
2497,1.221373919160607e-08,1.545010200577061e-10,1.040017924707466e-10
2498,1.217516240899043e-08,1.539817570095839e-10,1.037186262720493e-10
2499,1.2133259524244e-08,1.534851080390713e-10,1.034043241613006e-10
2500,1.20972798493847e-08,1.529675004593977e-10,1.031277622429228e-10
2501,1.205897446652408e-08,1.524534552783108e-10,1.028472393319306e-10
2502,1.202233442683623e-08,1.519433513774336e-10,1.025624778214722e-10
2503,1.198146365419474e-08,1.514558637627312e-10,1.022466535710601e-10
2504,1.19459532836669e-08,1.509467484313001e-10,1.019712064284969e-10
2505,1.190812121990549e-08,1.504406762372968e-10,1.01693233416525e-10
2506,1.186719371676583e-08,1.499559763476235e-10,1.013859082705857e-10
2507,1.183243100210953e-08,1.494505622174214e-10,1.011161429643768e-10
2508,1.179548059511803e-08,1.489483109119769e-10,1.008428804537232e-10
2509,1.176013143473366e-08,1.484497473346426e-10,1.005655510752603e-10
2510,1.172046129755029e-08,1.47972699677567e-10,1.0025798903963e-10
2511,1.16859548853415e-08,1.474751236521123e-10,9.99892519590711e-11
2512,1.164902135625037e-08,1.469806366841431e-10,9.97177152649686e-11
2513,1.160891339147011e-08,1.465067772839204e-10,9.941715819242408e-11
2514,1.157489327448377e-08,1.460132231673227e-10,9.915313064990937e-11
2515,1.153869089235722e-08,1.455228820411186e-10,9.888551754909301e-11
2516,1.150405529138201e-08,1.450362209871482e-10,9.861384590227354e-11
2517,1.14651471569957e-08,1.445703034185693e-10,9.831244068523918e-11
2518,1.143148909026899e-08,1.440846349189723e-10,9.804921902128395e-11
2519,1.139546285034367e-08,1.436019607697572e-10,9.778331722476307e-11
2520,1.136115690097762e-08,1.431226913442916e-10,9.751424563804117e-11
2521,1.132290486086015e-08,1.426636782748263e-10,9.721643814229456e-11
2522,1.129005830666711e-08,1.421849769073613e-10,9.695682696434814e-11
2523,1.125494408797071e-08,1.417090809355633e-10,9.669485110102584e-11
2524,1.122147790319343e-08,1.412365228256742e-10,9.642986397625563e-11
2525,1.118399273272335e-08,1.407838693320373e-10,9.613666308995878e-11
2526,1.115171134496375e-08,1.403121416075855e-10,9.58807680635331e-11
2527,1.111705197123754e-08,1.398434140337761e-10,9.56223605416102e-11
2528,1.10839033765673e-08,1.3937823297198e-10,9.53608062936161e-11
2529,1.104669080269051e-08,1.389331400582866e-10,9.507119424438552e-11
2530,1.101456666668236e-08,1.384695365675926e-10,9.481839527305004e-11
2531,1.098004633903352e-08,1.380094698988554e-10,9.456307032743271e-11
2532,1.094700352490402e-08,1.375536779952355e-10,9.430459835240078e-11
2533,1.090991575228199e-08,1.371188766754679e-10,9.401830215798412e-11
2534,1.087791696616513e-08,1.366659676957889e-10,9.376854194798577e-11
2535,1.084356030256319e-08,1.362161372797622e-10,9.351631844594452e-11
2536,1.081070015922826e-08,1.35769716298718e-10,9.326100557270951e-11
2537,1.077385733172471e-08,1.353432125135382e-10,9.297820707852741e-11
2538,1.074211432879891e-08,1.348976950652008e-10,9.273158636690236e-11
2539,1.07080699825038e-08,1.344550267597498e-10,9.248253570513392e-11
2540,1.06755254370674e-08,1.340156164518205e-10,9.223042771102085e-11
2541,1.063906178969989e-08,1.335959097241785e-10,9.195113954524494e-11
2542,1.060771106566804e-08,1.331572199587585e-10,9.170760665555952e-11
2543,1.057409674932842e-08,1.327212940014723e-10,9.146162981516677e-11
2544,1.054196569550784e-08,1.322885310459443e-10,9.121260590086914e-11
2545,1.051049477600641e-08,1.318589411754831e-10,9.096092873582283e-11
2546,1.047465276002096e-08,1.314489021126555e-10,9.068263480376958e-11
2547,1.044377797723621e-08,1.310191038472763e-10,9.044160425928843e-11
2548,1.041077578475427e-08,1.305914974575372e-10,9.019909303839267e-11
2549,1.03793877438622e-08,1.301665043646112e-10,8.995425561836431e-11
2550,1.034875914018734e-08,1.297442214130481e-10,8.970718856253074e-11
2551,1.031381597465202e-08,1.293406806154082e-10,8.943429199985633e-11
2552,1.028368349701782e-08,1.289177868137395e-10,8.919766663047441e-11
2553,1.025133035738329e-08,1.284969692244307e-10,8.895940222175137e-11
2554,1.022043028851056e-08,1.280787457134377e-10,8.871865569988496e-11
2555,1.019015253256189e-08,1.276632936415541e-10,8.847553706158833e-11
2556,1.015557776591438e-08,1.272661902000234e-10,8.820679658623856e-11
2557,1.012563572774682e-08,1.268503756534158e-10,8.79737057686822e-11
2558,1.009349687491772e-08,1.264367010121701e-10,8.773891525312268e-11
2559,1.006280725065744e-08,1.260256433186586e-10,8.750162904053681e-11
2560,1.003277575358819e-08,1.256173230313189e-10,8.726197920316915e-11
2561,1.000287661502839e-08,1.252115603680304e-10,8.702063132593214e-11
2562,9.968715916732456e-09,1.248235531311521e-10,8.675447173832278e-11
2563,9.9391906472876e-09,1.24416522079837e-10,8.652494024254265e-11
2564,9.907745766946674e-09,1.240111319853117e-10,8.62944919585807e-11
2565,9.87789291862983e-09,1.236079265779471e-10,8.606209123050882e-11
2566,9.848766805471672e-09,1.232071084586844e-10,8.582761577748292e-11
2567,9.819794153629062e-09,1.228086490020555e-10,8.559150622461783e-11
2568,9.786715031900305e-09,1.22427153487883e-10,8.533108617009891e-11
2569,9.757936846463539e-09,1.220275881666243e-10,8.510617270767327e-11
2570,9.727214860688788e-09,1.216297665672163e-10,8.488013131176559e-11
2571,9.697953516475201e-09,1.212342360620602e-10,8.465196299470661e-11
2572,9.6693461255902e-09,1.208411793786151e-10,8.442160640015256e-11
2573,9.64083105459861e-09,1.204505631675913e-10,8.41895459978633e-11
2574,9.612206166757907e-09,1.200621600583392e-10,8.395653659142139e-11
2575,9.579686224416358e-09,1.196899967126312e-10,8.370009855509891e-11
2576,9.551493786544916e-09,1.192998324782412e-10,8.347956221661766e-11
2577,9.521536793891682e-09,1.189110536622111e-10,8.325845513415521e-11
2578,9.493043724254841e-09,1.185242474506129e-10,8.303560871198986e-11
2579,9.465167835341753e-09,1.181397064037394e-10,8.28107626686775e-11
2580,9.437306413587309e-09,1.177574947755737e-10,8.258423767662856e-11
2581,9.40925459541256e-09,1.173774943039911e-10,8.235666690789014e-11
2582,9.377390257179793e-09,1.170130489792816e-10,8.210604882150064e-11
2583,9.349591653822584e-09,1.16631593977135e-10,8.189029993729564e-11
2584,9.320037416667695e-09,1.162516570968431e-10,8.167384594529415e-11
2585,9.291897684425122e-09,1.158738158396111e-10,8.145556850380307e-11
2586,9.264363691222366e-09,1.154983417743597e-10,8.123525230605849e-11
2587,9.236870691274788e-09,1.151252557896762e-10,8.101325452057444e-11
2588,9.209237508211547e-09,1.147543962601313e-10,8.079022721612995e-11
2589,9.181534175554428e-09,1.143855083669683e-10,8.05669042618679e-11
2590,9.150390041347347e-09,1.140314603574386e-10,8.0321589186386e-11
2591,9.123377085453534e-09,1.136604835806697e-10,8.011102144952859e-11
2592,9.094760505983788e-09,1.132907232573081e-10,7.990016332876035e-11
2593,9.067519256049311e-09,1.129228260047728e-10,7.968773275541226e-11
2594,9.040818023418598e-09,1.125571657219771e-10,7.947335707341469e-11
2595,9.014078342266288e-09,1.121938680282284e-10,7.925726179330997e-11
2596,8.987110882387805e-09,1.118328556384295e-10,7.90400109985307e-11
2597,8.960019865467628e-09,1.114739267622019e-10,7.882229708964242e-11
2598,8.932996687828602e-09,1.111167860264128e-10,7.860476824266435e-11
2599,8.906215967440085e-09,1.107611602356484e-10,7.838792898307103e-11
2600,8.876436717809347e-09,1.104196319696604e-10,7.815059394910195e-11
2601,8.850694917190287e-09,1.100614102353104e-10,7.794702591425212e-11
2602,8.823369077802737e-09,1.0970423347015e-10,7.774334857757499e-11
2603,8.797240977429685e-09,1.093488369315233e-10,7.753814335176134e-11
2604,8.7714685257166e-09,1.089957323146357e-10,7.733091651682e-11
2605,8.745486423037362e-09,1.086451454967362e-10,7.712181031861131e-11
2606,8.719170302874633e-09,1.082970292622807e-10,7.691135070134001e-11
2607,8.692664065318963e-09,1.079512290238296e-10,7.670021701548718e-11
2608,8.666188509935066e-09,1.076074577621945e-10,7.648907874332767e-11
2609,8.639960405868165e-09,1.07265392848973e-10,7.6278487901372e-11
2610,8.614110453218254e-09,1.069247535606188e-10,7.606883689446576e-11
2611,8.588663958145257e-09,1.065853099758918e-10,7.586034899567679e-11
2612,8.563589955214488e-09,1.062468897212327e-10,7.565309507436128e-11
2613,8.53879525085315e-09,1.059094558660527e-10,7.544703627719804e-11
2614,8.514187245497089e-09,1.055730137332534e-10,7.524207361553585e-11
2615,8.489660412060217e-09,1.052376483482303e-10,7.50380702348222e-11
2616,8.465136910003074e-09,1.049034728456509e-10,7.483488096255681e-11
2617,8.440561351556995e-09,1.045706095735193e-10,7.463238289013512e-11
2618,8.41591066697418e-09,1.042391759023513e-10,7.443046396491264e-11
2619,8.391178075310354e-09,1.039092662232296e-10,7.422904395427953e-11
2620,8.366380991101523e-09,1.0358092684466e-10,7.40280753984629e-11
2621,8.341538902501773e-09,1.032542038284635e-10,7.382754139320506e-11
2622,8.316668387795434e-09,1.02929120155897e-10,7.362745324521158e-11
2623,8.291789461663667e-09,1.026057515417046e-10,7.342782930854665e-11
2624,8.266918886840185e-09,1.022839814718457e-10,7.32287082201981e-11
2625,8.24207424541692e-09,1.019634897659616e-10,7.303013430595159e-11
2626,8.217266667558634e-09,1.016441096211478e-10,7.283215339367718e-11
2627,8.192504450094462e-09,1.013257646503306e-10,7.263479011596457e-11
2628,8.167791580683659e-09,1.010084000564757e-10,7.243806742375424e-11
2629,8.14314282131986e-09,1.006920085785607e-10,7.224199760206777e-11
2630,8.118567988809225e-09,1.003765964456832e-10,7.204657428540553e-11
2631,8.094078950196001e-09,1.000621530407329e-10,7.18517835172451e-11
2632,8.069678472027345e-09,9.974869683090072e-11,7.165760298618707e-11
2633,8.04537009429748e-09,9.943622196858969e-11,7.146401212169534e-11
2634,8.021153909973694e-09,9.912473245104238e-11,7.127099643547662e-11
2635,7.997024513520916e-09,9.881423738585179e-11,7.107854208940508e-11
2636,7.97297273286912e-09,9.850473813040384e-11,7.088662749077824e-11
2637,7.948985273273676e-09,9.819624230119815e-11,7.069524922254992e-11
2638,7.925059655540846e-09,9.78887371448906e-11,7.050440695815293e-11
2639,7.901180409787502e-09,9.758222570889833e-11,7.031410567262583e-11
2640,7.877350015468412e-09,9.727670217222081e-11,7.01243509002896e-11
2641,7.853551322130145e-09,9.697214862747282e-11,6.993515228143543e-11
2642,7.829796103858616e-09,9.666855020027188e-11,6.97465138760957e-11
2643,7.806074714546806e-09,9.63659052361151e-11,6.955844058299316e-11
2644,7.782398526423291e-09,9.606420348585183e-11,6.93709396442044e-11
2645,7.758769411618539e-09,9.576345998226673e-11,6.91840041838548e-11
2646,7.735200996328427e-09,9.546364843180114e-11,6.899763442214256e-11
2647,7.7117007871743e-09,9.516477183480048e-11,6.88118230988731e-11
2648,7.68826748826764e-09,9.486682410375651e-11,6.86265660063357e-11
2649,7.664923460144746e-09,9.456980238252327e-11,6.84418553745258e-11
2650,7.641664470391228e-09,9.427370216042936e-11,6.825769152114146e-11
2651,7.618501939839335e-09,9.397854414706838e-11,6.807406762394071e-11
2652,7.595448269199435e-09,9.368432984448371e-11,6.789097864103321e-11
2653,7.57250484664108e-09,9.339105756384478e-11,6.77084244848398e-11
2654,7.54967080438017e-09,9.309873512235562e-11,6.752639854578677e-11
2655,7.526956484868045e-09,9.280736854745631e-11,6.734490922372605e-11
2656,7.504359130516075e-09,9.25169579478755e-11,6.716395381566217e-11
2657,7.481879671972613e-09,9.222753087266674e-11,6.698352696528458e-11
2658,7.459521031940653e-09,9.193908507158124e-11,6.680363100868674e-11
2659,7.437274817027312e-09,9.16516262874221e-11,6.662426329245315e-11
2660,7.41514539606062e-09,9.136519093628071e-11,6.644542417324539e-11
2661,7.393133298456513e-09,9.107983628664813e-11,6.626711563170271e-11
2662,7.371239619612349e-09,9.079556453712798e-11,6.608933413133745e-11
2663,7.349457017997057e-09,9.051239589823506e-11,6.591208312314344e-11
2664,7.32778547888478e-09,9.023038480367754e-11,6.573535942915586e-11
2665,7.306216353475654e-09,8.994957407605981e-11,6.555916141064776e-11
2666,7.284750446664281e-09,8.967011977908254e-11,6.538349031301545e-11
2667,7.263377498738028e-09,8.939216001647013e-11,6.520834581584567e-11
2668,7.242100138190607e-09,8.911590644594717e-11,6.503372278582031e-11
2669,7.220910012188655e-09,8.884121493243772e-11,6.485961878269023e-11
2670,7.199798853437552e-09,8.85677729142053e-11,6.468603186926441e-11
2671,7.178765988081791e-09,8.829555049762632e-11,6.451296086987232e-11
2672,7.15779699194417e-09,8.80243122019332e-11,6.434040885242553e-11
2673,7.13690343014078e-09,8.775402806076553e-11,6.416837198956862e-11
2674,7.116064611967289e-09,8.74846812313574e-11,6.399685065588149e-11
2675,7.095286702515409e-09,8.721627782207481e-11,6.382583386778847e-11
2676,7.074561978362123e-09,8.694881497382864e-11,6.365532277145952e-11
2677,7.053885817519548e-09,8.668228192949614e-11,6.348531480809846e-11
2678,7.033260462980118e-09,8.641669301549095e-11,6.331580688186914e-11
2679,7.012688329368662e-09,8.615202701109275e-11,6.314679503753306e-11
2680,6.992165586809094e-09,8.588829318803577e-11,6.297827727049945e-11
2681,6.971688262269352e-09,8.562547142268607e-11,6.281025128743635e-11
2682,6.951263657452374e-09,8.536355350355018e-11,6.264271291308482e-11
2683,6.930886167860113e-09,8.510254522455023e-11,6.247566225515829e-11
2684,6.910557838701682e-09,8.484242989536647e-11,6.230910070819811e-11
2685,6.890277029365561e-09,8.458320247836162e-11,6.214302773667639e-11
2686,6.870049114806221e-09,8.432486798061053e-11,6.197743968188113e-11
2687,6.84987005364115e-09,8.406742193135361e-11,6.181233509535674e-11
2688,6.829742381786531e-09,8.381085097905624e-11,6.164770873728652e-11
2689,6.809663706183343e-09,8.355515777055556e-11,6.148355921164133e-11
2690,6.789638177114651e-09,8.33003342209144e-11,6.131988736031774e-11
2691,6.769668950852868e-09,8.304636918288608e-11,6.115668747975905e-11
2692,6.749749134055234e-09,8.279325834547896e-11,6.099396324271896e-11
2693,6.729880052066198e-09,8.254098721651277e-11,6.083171293706231e-11
2694,6.710067406327766e-09,8.228954787512914e-11,6.066993251991726e-11
2695,6.690301443692766e-09,8.203893329265577e-11,6.050862302967342e-11
2696,6.670589779065373e-09,8.178913725290382e-11,6.034777812097775e-11
2697,6.650923551138775e-09,8.154015699909873e-11,6.018739809271381e-11
2698,6.631305758200848e-09,8.129198776140565e-11,6.002748058557944e-11
2699,6.611736731537727e-09,8.104460987039795e-11,5.98680239380783e-11
2700,6.592217841133156e-09,8.079800845518416e-11,5.970902429864551e-11
2701,6.593167953509114e-09,8.054106779804064e-11,5.956847761722704e-11
2702,6.559573726977092e-09,8.03001688706075e-11,5.940098193904496e-11
2703,6.540319053341149e-09,8.00598326865712e-11,5.923540943071895e-11
2704,6.520413074356652e-09,7.98194780145409e-11,5.907266192729923e-11
2705,6.500555791800088e-09,7.957875169283373e-11,5.891287333803045e-11
2706,6.481151732265261e-09,7.933755392994459e-11,5.875574340361034e-11
2707,6.462259812427458e-09,7.909597127814563e-11,5.860072473658406e-11
2708,6.44369761599278e-09,7.885424144653194e-11,5.844718800781844e-11
2709,6.444959653053643e-09,7.860261336103154e-11,5.831141935326193e-11
2710,6.412689907327496e-09,7.836548668246087e-11,5.815034442227294e-11
2711,6.394031348006137e-09,7.812894987102878e-11,5.799077384992025e-11
2712,6.374445206220225e-09,7.78926852246883e-11,5.783334244968361e-11
2713,6.354673381925397e-09,7.765649499936878e-11,5.767812004261528e-11
2714,6.335157244275487e-09,7.742033611828347e-11,5.752485712352603e-11
2715,6.316028066737167e-09,7.718428904971808e-11,5.737314147937547e-11
2716,6.297200373370399e-09,7.694849218527672e-11,5.722252919885926e-11
2717,6.297667575333762e-09,7.670345304862577e-11,5.708938985898778e-11
2718,6.265630794348031e-09,7.647262194928133e-11,5.693108827130231e-11
2719,6.246982950111261e-09,7.624240036272422e-11,5.677433713208135e-11
2720,6.227558039621971e-09,7.601237714369851e-11,5.661986529357244e-11
2721,6.208075254554602e-09,7.578230321685105e-11,5.646778307015847e-11
2722,6.188957284322867e-09,7.555212998075636e-11,5.63178463691321e-11
2723,6.170307813375487e-09,7.53219249328561e-11,5.616961879109603e-11
2724,6.170609979001469e-09,7.50824884786793e-11,5.603909747151686e-11
2725,6.139459054913358e-09,7.485666979475583e-11,5.588429265305253e-11
2726,6.121521765697053e-09,7.463128388334255e-11,5.573120588981938e-11
2727,6.102860043000526e-09,7.440602226491709e-11,5.558040641151334e-11
2728,6.084117593824894e-09,7.418070300776369e-11,5.543189212380098e-11
2729,6.065641772667906e-09,7.395532400165164e-11,5.528535426657547e-11
2730,6.047526617665824e-09,7.373001877609752e-11,5.51403460014198e-11
2731,6.047851712198598e-09,7.349593914624372e-11,5.50125406300006e-11
2732,6.017307088628488e-09,7.3275173257081e-11,5.486083737184742e-11
2733,5.999588903950566e-09,7.305496294158674e-11,5.471072240658051e-11
2734,5.981101934950496e-09,7.283498983563922e-11,5.456278525134072e-11
2735,5.962471077825116e-09,7.261508101557925e-11,5.441706186434109e-11
2736,5.94406745802157e-09,7.239521215045112e-11,5.427328282191375e-11
2737,5.943878377444848e-09,7.216621079254168e-11,5.414716883520879e-11
2738,5.913504121492604e-09,7.195055737049507e-11,5.39976768541176e-11
2739,5.895895997483701e-09,7.17353032003837e-11,5.385008213166044e-11
2740,5.877636510450193e-09,7.152013934152628e-11,5.370487397507998e-11
2741,5.859290550411537e-09,7.130492551554985e-11,5.356200258879552e-11
2742,5.858782671632377e-09,7.10801557511679e-11,5.343724101324396e-11
2743,5.828622281509051e-09,7.086883500568328e-11,5.32895772379486e-11
2744,5.811160216575573e-09,7.065775864358635e-11,5.314412304764049e-11
2745,5.79318421600692e-09,7.044664996196314e-11,5.300126355206442e-11
2746,5.775201403949932e-09,7.023539409746785e-11,5.286082520179516e-11
2747,5.774805669387069e-09,7.001444385241657e-11,5.273814121743917e-11
2748,5.745195137824761e-09,6.980693265020103e-11,5.259302618433262e-11
2749,5.72806992200138e-09,6.95996944834e-11,5.244999282497102e-11
2750,5.710410888747955e-09,6.939245904140929e-11,5.23093848729031e-11
2751,5.692721022674996e-09,6.918514913443606e-11,5.217103797879721e-11
2752,5.692336347190371e-09,6.896806146133743e-11,5.205008596208327e-11
2753,5.663162624786615e-09,6.87645642486242e-11,5.190693810352715e-11
2754,5.646285543191176e-09,6.856138025304054e-11,5.176579711815093e-11
2755,5.62891163118915e-09,6.835824005305128e-11,5.162703288554914e-11
2756,5.611527235859249e-09,6.815505046720422e-11,5.149050833726988e-11
2757,5.611204270552825e-09,6.794185178963566e-11,5.137119368603989e-11
2758,5.58253060007715e-09,6.774241320873606e-11,5.123001788876887e-11
2759,5.565990266717155e-09,6.754326462841279e-11,5.109085534787128e-11
2760,5.548973582335922e-09,6.734422135891061e-11,5.095406597319364e-11
2761,5.531960380680345e-09,6.71450488152243e-11,5.081950406243302e-11
2762,5.531732143178703e-09,6.69354218022634e-11,5.070190933705498e-11
2763,5.50358711802873e-09,6.673968314556331e-11,5.05627951489521e-11
2764,5.48738934373463e-09,6.654408197655615e-11,5.042566268151525e-11
2765,5.470722910877439e-09,6.634836806368185e-11,5.02908522416701e-11
2766,5.470387877198348e-09,6.614203542593145e-11,5.017362371090754e-11
2767,5.442377628422154e-09,6.594963676835659e-11,5.003495301975892e-11
2768,5.426269303114203e-09,6.575718734046039e-11,4.989872913858262e-11
2769,5.409802426844583e-09,6.556437637811348e-11,4.976523642693757e-11
2770,5.393395571130265e-09,6.537111934156593e-11,4.963425228565542e-11
2771,5.393370235074962e-09,6.51675338337875e-11,4.951991242915276e-11
2772,5.366079550928763e-09,6.4977320990782e-11,4.938486634673144e-11
2773,5.350352105595015e-09,6.478718504228083e-11,4.925173489830158e-11
2774,5.33406411910685e-09,6.459689535157088e-11,4.912076846315729e-11
2775,5.333647653210418e-09,6.439636464793532e-11,4.90067518732063e-11
2776,5.306135283585355e-09,6.42093030389588e-11,4.887177508773555e-11
2777,5.290180318973261e-09,6.40222146154585e-11,4.873904130103503e-11
2778,5.273838513843307e-09,6.383480346721794e-11,4.860887695325185e-11
2779,5.273353276290744e-09,6.36370152579783e-11,4.849595879663656e-11
2780,5.246176700593966e-09,6.345241008503596e-11,4.836255007411052e-11
2781,5.230494620516172e-09,6.326759378749642e-11,4.823157913010428e-11
2782,5.214433501951824e-09,6.308232267315106e-11,4.810324920353113e-11
2783,5.214039156906695e-09,6.288684173821862e-11,4.799186959463508e-11
2784,5.187216097731904e-09,6.270420206193036e-11,4.786036209611247e-11
2785,5.171714320635837e-09,6.252135413833044e-11,4.773118595364836e-11
2786,5.155809028950071e-09,6.233810034255016e-11,4.76045273625978e-11
2787,5.155382879617202e-09,6.21449409804248e-11,4.749450693411581e-11
2788,5.12879499523947e-09,6.196443077781951e-11,4.736452401352394e-11
2789,5.113418269545461e-09,6.178377659066816e-11,4.723677136619779e-11
2790,5.0976498849893e-09,6.160277455707684e-11,4.711145490070799e-11
2791,5.097219503355387e-09,6.141206506762417e-11,4.700260952257087e-11
2792,5.070895358738186e-09,6.123383781402866e-11,4.687395015955774e-11
2793,5.055679472335699e-09,6.105547643479478e-11,4.674750227178883e-11
2794,5.040083893947229e-09,6.087677261141167e-11,4.66234826091195e-11
2795,5.039674670246979e-09,6.068850818296967e-11,4.651581161737609e-11
2796,5.013626455966672e-09,6.051250222608372e-11,4.638853265060537e-11
2797,4.998564338208605e-09,6.033635329132473e-11,4.626348166637367e-11
2798,4.983131879137434e-09,6.015986642288902e-11,4.614085933907352e-11
2799,4.982721508446315e-09,5.997399738984456e-11,4.603443691136628e-11
2800,4.956937488237789e-09,5.98002168225595e-11,4.590863256150359e-11
2801,4.94201966139074e-09,5.96263553097827e-11,4.578503969258386e-11
2802,4.926756048227146e-09,5.945220783159688e-11,4.566384247060738e-11
2803,4.926359282855726e-09,5.926886839805833e-11,4.555866226739017e-11
2804,4.90086165365472e-09,5.909749752540065e-11,4.543427626831343e-11
2805,4.886118076485781e-09,5.892608461079602e-11,4.531207199142599e-11
2806,4.885743698186587e-09,5.874539134317734e-11,4.520653714956235e-11
2807,4.860321187330188e-09,5.857687527415438e-11,4.508153695516583e-11
2808,4.845546603545689e-09,5.840820630078936e-11,4.495927593605325e-11
2809,4.830528297908563e-09,5.823916100720879e-11,4.483992270176319e-11
2810,4.830218535494363e-09,5.806108013876025e-11,4.473675127605149e-11
2811,4.80533632029582e-09,5.789498981979982e-11,4.461507465809865e-11
2812,4.791057575789581e-09,5.772888751924707e-11,4.449574091848862e-11
2813,4.790837488920783e-09,5.755377710772107e-11,4.439264120406398e-11
2814,4.76605334252727e-09,5.739029013075293e-11,4.427063373485299e-11
2815,4.751634237633652e-09,5.722650588359279e-11,4.41512263360508e-11
2816,4.736918434842765e-09,5.706221109884758e-11,4.403453008876693e-11
2817,4.736537320427874e-09,5.688898984605936e-11,4.393352182866565e-11
2818,4.712078811996399e-09,5.672698537981837e-11,4.381426809544523e-11
2819,4.69799640530976e-09,5.656477302460538e-11,4.369720879130644e-11
2820,4.697675892795922e-09,5.639369964802593e-11,4.359606877590879e-11
2821,4.673312571201905e-09,5.623405308626383e-11,4.347626143483782e-11
2822,4.659132956497734e-09,5.607409618571479e-11,4.335899479394265e-11
2823,4.658653321838994e-09,5.590500603151412e-11,4.325818201402115e-11
2824,4.634410773020568e-09,5.574723051880516e-11,4.313898710296971e-11
2825,4.620385880298858e-09,5.558892793932249e-11,4.302265004278746e-11
2826,4.606180147778837e-09,5.54298827134925e-11,4.290920433699788e-11
2827,4.605909418351358e-09,5.526203621987443e-11,4.281112257404256e-11
2828,4.582315249104099e-09,5.510486300008899e-11,4.269551567168828e-11
2829,4.568762675568558e-09,5.494738832233895e-11,4.258205925798454e-11
2830,4.568470613729001e-09,5.47814283084979e-11,4.248394610932159e-11
2831,4.544869320312437e-09,5.462639221037591e-11,4.236775650471742e-11
2832,4.531117338301976e-09,5.447109798126374e-11,4.225392735238812e-11
2833,4.530562474668328e-09,5.430713189678256e-11,4.215598075349177e-11
2834,4.507001456607158e-09,5.415407563690099e-11,4.204009277671281e-11
2835,4.49335047635835e-09,5.400057022251347e-11,4.192688719844537e-11
2836,4.492869476910488e-09,5.383824042591449e-11,4.182971148064288e-11
2837,4.469648915833234e-09,5.368656570548789e-11,4.171497599186548e-11
2838,4.456243539727035e-09,5.353429344656682e-11,4.160301250271964e-11
2839,4.455824771306146e-09,5.337329176423205e-11,4.150687109134824e-11
2840,4.432874779597748e-09,5.322267313019616e-11,4.139345934432408e-11
2841,4.419573946046123e-09,5.307147208547652e-11,4.128274172626584e-11
2842,4.419066443137627e-09,5.291178379125251e-11,4.118757264144199e-11
2843,4.396248275050529e-09,5.27623419525991e-11,4.107527127980465e-11
2844,4.382960812590691e-09,5.26124133671459e-11,4.096554948280266e-11
2845,4.382333108739623e-09,5.245418872019969e-11,4.087119033826661e-11
2846,4.359617844468071e-09,5.23061706096223e-11,4.075975086604411e-11
2847,4.346360311577821e-09,5.215773591821379e-11,4.065082384360946e-11
2848,4.345665833945422e-09,5.200108687395165e-11,4.055716898022819e-11
2849,4.323083250764801e-09,5.185457729784047e-11,4.044651016615308e-11
2850,4.309906986857498e-09,5.170761250118045e-11,4.033836466763394e-11
2851,4.309179622066562e-09,5.155246840080798e-11,4.024543190340976e-11
2852,4.286784143926133e-09,5.140734296690327e-11,4.013563617079339e-11
2853,4.27370862442437e-09,5.126172786396716e-11,4.002836265426598e-11
2854,4.272963764119237e-09,5.110800335509629e-11,3.993620509571286e-11
2855,4.250769858744646e-09,5.096415924031052e-11,3.982734398665158e-11
2856,4.23781657486521e-09,5.081982402990606e-11,3.972099460212811e-11
2857,4.237074221518026e-09,5.066749509769972e-11,3.962963208610753e-11
2858,4.21510483091651e-09,5.052491557938741e-11,3.952171098719633e-11
2859,4.214615264993098e-09,5.037425484595343e-11,3.942931299324731e-11
2860,4.192818635360074e-09,5.023367101314377e-11,3.931978535013018e-11
2861,4.179989014262166e-09,5.00923948053153e-11,3.921334000481842e-11
2862,4.179162420170455e-09,4.994279868130406e-11,3.912260649932428e-11
2863,4.157515454683678e-09,4.980266692553964e-11,3.901578188806261e-11
2864,4.145001342987373e-09,4.966174306601392e-11,3.891184079672866e-11
2865,4.144447578152252e-09,4.951291689709898e-11,3.882270689516089e-11
2866,4.123266798454863e-09,4.937324034757958e-11,3.871772085935049e-11
2867,4.122958170910234e-09,4.922583517953317e-11,3.862774630390199e-11
2868,4.101832006018831e-09,4.908795728038083e-11,3.852121243068066e-11
2869,4.089352532643034e-09,4.894945325684526e-11,3.841755083290072e-11
2870,4.088475220047936e-09,4.8803164435772e-11,3.832900615728122e-11
2871,4.067249652041416e-09,4.866598336971357e-11,3.822466599177429e-11
2872,4.066691105717597e-09,4.852105662734379e-11,3.813557198269663e-11
2873,4.045727384212497e-09,4.838548628473268e-11,3.803017356153377e-11
2874,4.033397468662637e-09,4.82491549862724e-11,3.792781056527069e-11
2875,4.032555753265255e-09,4.810506208661349e-11,3.784050777816576e-11
2876,4.011699231936831e-09,4.796980208280994e-11,3.773776827501633e-11
2877,4.011177725948465e-09,4.782693744238645e-11,3.7650057570389e-11
2878,3.990555047357384e-09,4.769316303304361e-11,3.754638751835171e-11
2879,3.978391915771398e-09,4.755865351227607e-11,3.744568942675872e-11
2880,3.977494887244875e-09,4.741663360397677e-11,3.735973301459379e-11
2881,3.956909457109803e-09,4.728329939300119e-11,3.725855840685091e-11
2882,3.956314567063021e-09,4.714258170768919e-11,3.717211960078409e-11
2883,3.935953161406068e-09,4.70109079473107e-11,3.706989220982718e-11
2884,3.923952704861399e-09,4.68786233094686e-11,3.697053717152233e-11
2885,3.923042190677891e-09,4.673886040463615e-11,3.688571441529326e-11
2886,3.902756102957299e-09,4.660787439969462e-11,3.67858285186121e-11
2887,3.90217568581026e-09,4.646944498599818e-11,3.670050687415937e-11
2888,3.882139321843298e-09,4.634014667796034e-11,3.659958176688681e-11
2889,3.870341996441457e-09,4.621024929228311e-11,3.650150742588657e-11
2890,3.869479309579272e-09,4.607278998476689e-11,3.641779679422111e-11
2891,3.849515865867979e-09,4.594418440070892e-11,3.631925298385688e-11
2892,3.848958327015933e-09,4.580803482534996e-11,3.623508713200936e-11
2893,3.829216500699259e-09,4.568108326897618e-11,3.613556025677814e-11
2894,3.817596202241534e-09,4.555354598138745e-11,3.603885122337216e-11
2895,3.81674293316648e-09,4.541834753851266e-11,3.595630217184582e-11
2896,3.797054217082193e-09,4.529209627390601e-11,3.58591531967864e-11
2897,3.796493159074302e-09,4.515821313758862e-11,3.577616355169924e-11
2898,3.777018752584467e-09,4.503364118690517e-11,3.567803065867557e-11
2899,3.776399977690091e-09,4.490114249781973e-11,3.559464284224984e-11
2900,3.756914774832635e-09,4.477812959136909e-11,3.549605487671643e-11
2901,3.745405152901079e-09,4.46543982875906e-11,3.540062637613098e-11
2902,3.744544348752722e-09,4.45225374334943e-11,3.531949664403363e-11
2903,3.725267342144787e-09,4.439970689289275e-11,3.522429261306316e-11
2904,3.724781929765137e-09,4.426890656545557e-11,3.514304035608095e-11
2905,3.705778941104461e-09,4.414748693707676e-11,3.504716987412683e-11
2906,3.705228531600065e-09,4.401792064443653e-11,3.496562941645638e-11
2907,3.686149702768641e-09,4.389805746053199e-11,3.486929682079652e-11
2908,3.67483222002804e-09,4.377752487397626e-11,3.47759628102926e-11
2909,3.673923623563895e-09,4.364860628536686e-11,3.469651185941283e-11
2910,3.654928830685073e-09,4.352891479417722e-11,3.460319988881823e-11
2911,3.654345937539396e-09,4.340104034478421e-11,3.452351038213427e-11
2912,3.635600620571733e-09,4.328263306204855e-11,3.442938375445497e-11
2913,3.63497550146228e-09,4.315593195110985e-11,3.434932602253804e-11
2914,3.616174320949623e-09,4.303881844089201e-11,3.42546705971103e-11
2915,3.615430678281155e-09,4.291319346834129e-11,3.41745674254463e-11
2916,3.596648121172012e-09,4.279712080663268e-11,3.408001989735125e-11
2917,3.585574161387762e-09,4.268010325539967e-11,3.398868417737842e-11
2918,3.584749246663319e-09,4.255469968702371e-11,3.391113843688571e-11
2919,3.566334740169243e-09,4.243814282797463e-11,3.382025735722002e-11
2920,3.565892860677261e-09,4.231357516751514e-11,3.374267400730613e-11
2921,3.547733499482016e-09,4.219806878140158e-11,3.365117127541634e-11
2922,3.547197834510243e-09,4.207458091810067e-11,3.357327431597791e-11
2923,3.528933823632123e-09,4.196031360546594e-11,3.348120375962346e-11
2924,3.528223729021523e-09,4.183791573270401e-11,3.340319176797328e-11
2925,3.509928373572773e-09,4.172476414778217e-11,3.331106482476856e-11
2926,3.50921594287066e-09,4.160329691690299e-11,3.323327389067887e-11
2927,3.491071778448019e-09,4.149098356861165e-11,3.314159465035677e-11
2928,3.480444149805185e-09,4.137767238973728e-11,3.305309950522582e-11
2929,3.479765360476303e-09,4.12562755760304e-11,3.297797256243596e-11
2930,3.472185441753289e-09,4.113610388853658e-11,3.290108081338742e-11
2931,3.454659132710873e-09,4.102508767744068e-11,3.280988306461252e-11
2932,3.444254173094949e-09,4.091326528617872e-11,3.272166946534268e-11
2933,3.443396437758438e-09,4.079351771470692e-11,3.264688104990801e-11
2934,3.425519584669305e-09,4.068226010991953e-11,3.255908696682118e-11
2935,3.424875373051689e-09,4.056334853751356e-11,3.248433267707665e-11
2936,3.407249097923443e-09,4.045308183309661e-11,3.239614515077487e-11
2937,3.406618173634353e-09,4.03351494249166e-11,3.232124101201094e-11
2938,3.389009715734042e-09,4.02259468540742e-11,3.223274903669204e-11
2939,3.388302677868659e-09,4.01089609069324e-11,3.215787315102402e-11
2940,3.370707306922241e-09,4.000068933868614e-11,3.20694860428886e-11
2941,3.369987912361959e-09,3.98845169474858e-11,3.199489229069594e-11
2942,3.352492695047724e-09,3.977694815408242e-11,3.190697684163994e-11
2943,3.351830455473838e-09,3.966145527863877e-11,3.183285114225797e-11
2944,3.334497811901264e-09,3.955443724421305e-11,3.174561090853046e-11
2945,3.333892478016947e-09,3.943955218188075e-11,3.167202941137181e-11
2946,3.316691700202573e-09,3.933301167471157e-11,3.158549789330834e-11
2947,3.316102727829822e-09,3.921871965980733e-11,3.151245348887469e-11
2948,3.299003261053292e-09,3.9112694244656e-11,3.142654867197421e-11
2949,3.298394539309574e-09,3.899904666076503e-11,3.135397712881137e-11
2950,3.281356771641868e-09,3.889361624477695e-11,3.12685785977965e-11
2951,3.280723081620584e-09,3.878065433897875e-11,3.119640852423304e-11
2952,3.263747550347916e-09,3.867588980265784e-11,3.111142375238515e-11
2953,3.263105353017123e-09,3.856366379195342e-11,3.103960694133672e-11
2954,3.246193467064628e-09,3.845960307979967e-11,3.095498940547226e-11
2955,3.245550084396631e-09,3.834813365461272e-11,3.088350207027071e-11
2956,3.228713453050864e-09,3.824478661642297e-11,3.079925528978895e-11
2957,3.228068141073576e-09,3.813408664481881e-11,3.072811051935705e-11
2958,3.21131183522836e-09,3.803145249694939e-11,3.064427634081907e-11
2959,3.210660622804588e-09,3.792152835666817e-11,3.057350461748227e-11
2960,3.193981955927327e-09,3.781963397714357e-11,3.049012303586761e-11
2961,3.193321171446579e-09,3.771056160949856e-11,3.041974769085558e-11
2962,3.176732489896899e-09,3.760946954284179e-11,3.033683869772636e-11
2963,3.176063043172991e-09,3.750137126678072e-11,3.02668669335882e-11
2964,3.159560727288018e-09,3.740120011227654e-11,3.01844338753307e-11
2965,3.158892259883924e-09,3.72941121429457e-11,3.011486269591296e-11
2966,3.142479591602131e-09,3.71947145689767e-11,3.003289041930106e-11
2967,3.141818145182833e-09,3.708833575222994e-11,2.996370694209898e-11
2968,3.125504793687544e-09,3.698959760682597e-11,2.9882179606191e-11
2969,3.12486236870109e-09,3.688389927664344e-11,2.981336792373133e-11
2970,3.108647985978914e-09,3.678579858110413e-11,2.973226622468296e-11
2971,3.108014691375023e-09,3.668076835416965e-11,2.966381762458551e-11
2972,3.091905754898017e-09,3.658329590255413e-11,2.958313412389036e-11
2973,3.091285512341322e-09,3.64789194098084e-11,2.951504433999227e-11
2974,3.075276838067179e-09,3.638206011759541e-11,2.943477789658167e-11
2975,3.074661600845213e-09,3.627832643348666e-11,2.936704681000335e-11
2976,3.058749047909759e-09,3.618205738981135e-11,2.928720470079181e-11
2977,3.058131857748072e-09,3.607894809743536e-11,2.921983566482955e-11
2978,3.042306957155759e-09,3.598325638590933e-11,2.914041692458645e-11
2979,3.041686977957006e-09,3.588075433317924e-11,2.907341348956356e-11
2980,3.025952904387717e-09,3.578561934729117e-11,2.899442298714697e-11
2981,3.025331767803695e-09,3.568371852186862e-11,2.892778522108016e-11
2982,3.009683812109529e-09,3.558913224373074e-11,2.884922202362175e-11
2983,3.009057477863302e-09,3.548783785830435e-11,2.878294230996568e-11
2984,2.993502026755493e-09,3.539380625018142e-11,2.870479760692671e-11
2985,2.992881944119825e-09,3.529310366369732e-11,2.863887446294855e-11
2986,2.977417148053234e-09,3.519960417714629e-11,2.856114052377605e-11
2987,2.976799461477598e-09,3.50994850282058e-11,2.849556587762448e-11
2988,2.961437225450254e-09,3.500651182872006e-11,2.841824172258255e-11
2989,2.960825096891072e-09,3.490696664369179e-11,2.835301388066573e-11
2990,2.954152515392042e-09,3.480852904652109e-11,2.828625888521214e-11
2991,2.938988011811244e-09,3.471765371058728e-11,2.820685928821243e-11
2992,2.929949434341818e-09,3.462575137157412e-11,2.813067416796359e-11
2993,2.929086612867681e-09,3.452710365431566e-11,2.806676448629733e-11
2994,2.922427366355099e-09,3.442934984665652e-11,2.800163492388265e-11
2995,2.907510227291168e-09,3.433869345855346e-11,2.792454354141069e-11
2996,2.906958788666314e-09,3.424141893193391e-11,2.785987698783401e-11
2997,2.892026164661776e-09,3.415104008741255e-11,2.778367432646464e-11
2998,2.891383829575607e-09,3.405410969425652e-11,2.771972626526734e-11
2999,2.876508273183193e-09,3.396388483138618e-11,2.764452326396555e-11
3000,2.875889069007441e-09,3.386728992658211e-11,2.758124640445948e-11
3001,2.869419562741779e-09,3.377169704433443e-11,2.751660730131059e-11
3002,2.854814485934669e-09,3.368317361358926e-11,2.743986933686176e-11
3003,2.854125951838943e-09,3.358807670468714e-11,2.73758643389277e-11
3004,2.839342892688412e-09,3.349974334194035e-11,2.730050350377889e-11
3005,2.838577417275622e-09,3.340486828200038e-11,2.723754192359872e-11
3006,2.823941861402917e-09,3.331646446773188e-11,2.716364846195959e-11
3007,2.823299568700852e-09,3.322177674140926e-11,2.710159171230473e-11
3008,2.816953174415289e-09,3.312801255697506e-11,2.70382796754334e-11
3009,2.802676519884255e-09,3.304102177524078e-11,2.69632190932748e-11
3010,2.801974635089008e-09,3.294768081263124e-11,2.690056944044168e-11
3011,2.787472765906352e-09,3.286084507049744e-11,2.682682970405947e-11
3012,2.786636463074284e-09,3.276774316628365e-11,2.676515459308339e-11
3013,2.772226683607052e-09,3.268092254797848e-11,2.669273966051992e-11
3014,2.771480210046413e-09,3.258807763713586e-11,2.663187568608328e-11
3015,2.765144861457629e-09,3.249617417837725e-11,2.65697438030081e-11
3016,2.751084943266998e-09,3.241092008488902e-11,2.649602173852446e-11
3017,2.750312480290476e-09,3.23194984861364e-11,2.643449073374489e-11
3018,2.736054045700962e-09,3.223448132211916e-11,2.636201822226313e-11
3019,2.735188135514102e-09,3.214332984329984e-11,2.630142875580726e-11
3020,2.728811397472029e-09,3.205306365819872e-11,2.623971143563778e-11
3021,2.714853069208841e-09,3.196938019832258e-11,2.616656833212235e-11
3022,2.714071135087273e-09,3.187941883355196e-11,2.610572081641763e-11
3023,2.700061675812665e-09,3.179568975010804e-11,2.603421898028621e-11
3024,2.699279473104226e-09,3.170581803812719e-11,2.597450838797787e-11
3025,2.693069337562653e-09,3.16167593184737e-11,2.591376800124315e-11
3026,2.679364784594732e-09,3.15340641339675e-11,2.584189399540189e-11
3027,2.678610842040441e-09,3.144526179760041e-11,2.578203684881717e-11
3028,2.664790358850946e-09,3.136252316234415e-11,2.571173749565643e-11
3029,2.66397552401869e-09,3.127384884552317e-11,2.565294021255973e-11
3030,2.657784170353003e-09,3.118600727571012e-11,2.559308953428074e-11
3031,2.64420504538378e-09,3.110444830508178e-11,2.552221122677564e-11
3032,2.643388662931485e-09,3.101693254611136e-11,2.546313864425263e-11
3033,2.629685609796735e-09,3.093544929356194e-11,2.539370379294358e-11
3034,2.628821173048332e-09,3.084811254756818e-11,2.533562293195266e-11
3035,2.622658758567777e-09,3.076162116058918e-11,2.52764942964038e-11
3036,2.609219376331248e-09,3.068141670830055e-11,2.520643362939178e-11
3037,2.6083781409426e-09,3.059524670293373e-11,2.514806983407368e-11
3038,2.594836513308547e-09,3.051512712033618e-11,2.507946499518795e-11
3039,2.593950442287638e-09,3.04291150496616e-11,2.502210622660597e-11
3040,2.587844550841919e-09,3.034392398254123e-11,2.496373808678292e-11
3041,2.574583183039143e-09,3.026501830409867e-11,2.489459486395319e-11
3042,2.573732638952806e-09,3.018013644186083e-11,2.483700584122913e-11
3043,2.560386090876203e-09,3.010131103995154e-11,2.476933411096107e-11
3044,2.559503997941028e-09,3.001659009220008e-11,2.471275212756797e-11
3045,2.553485078598936e-09,2.993268161972803e-11,2.465517976257066e-11
3046,2.540437403855593e-09,2.985507525099072e-11,2.458698279489839e-11
3047,2.539608468065459e-09,2.977148089064032e-11,2.453016946819354e-11
3048,2.533611552695393e-09,2.96887081547019e-11,2.447240183700754e-11
3049,2.520600847023924e-09,2.961237932068862e-11,2.44039553134966e-11
3050,2.519751212485448e-09,2.952980056927654e-11,2.43472405125637e-11
3051,2.506721163257643e-09,2.945332706330442e-11,2.428076556536366e-11
3052,2.505939308491178e-09,2.937074064209722e-11,2.422534201943004e-11
3053,2.500168327857581e-09,2.9288868951126e-11,2.416906883412851e-11
3054,2.487541160717121e-09,2.921328908162594e-11,2.410258129395476e-11
3055,2.486847594959284e-09,2.913165319233491e-11,2.404713599310085e-11
3056,2.481076691019755e-09,2.905080435109112e-11,2.399078138555409e-11
3057,2.468418608530798e-09,2.897646936099883e-11,2.392403876557588e-11
3058,2.46759272216026e-09,2.88958741048293e-11,2.386863995387319e-11
3059,2.454844330984859e-09,2.88215922866744e-11,2.380367834950148e-11
3060,2.454044808674842e-09,2.874109882920631e-11,2.374945372101364e-11
3061,2.448355328089394e-09,2.866134392109368e-11,2.369436039338038e-11
3062,2.435954378954592e-09,2.858818454201055e-11,2.3629187928205e-11
3063,2.435230239760842e-09,2.850869787661688e-11,2.357485166620365e-11
3064,2.429551975650603e-09,2.842998028723276e-11,2.351960144529252e-11
3065,2.41713739637206e-09,2.835796524384754e-11,2.345412515924637e-11
3066,2.416318537487078e-09,2.827946117210767e-11,2.339982687546165e-11
3067,2.410610327613201e-09,2.82016619644112e-11,2.334474870874786e-11
3068,2.3982605700161e-09,2.813050575711486e-11,2.327960164137104e-11
3069,2.397476131161739e-09,2.805274805063856e-11,2.322570664274535e-11
3070,2.391879095279252e-09,2.797561878396567e-11,2.317113618420329e-11
3071,2.379714480434804e-09,2.790499760558162e-11,2.310672386184817e-11
3072,2.379000956436312e-09,2.78278219690196e-11,2.305341496002818e-11
3073,2.373501613314938e-09,2.775125522238331e-11,2.299944262747416e-11
3074,2.361477193248287e-09,2.768109194675728e-11,2.293577114886751e-11
3075,2.360772319427083e-09,2.760449230274853e-11,2.288300339099692e-11
3076,2.355298446826266e-09,2.752851078669073e-11,2.282954096777659e-11
3077,2.343347254159217e-09,2.745887653940142e-11,2.276643001529665e-11
3078,2.342612020082281e-09,2.738291009425725e-11,2.271408794941038e-11
3079,2.33715123125724e-09,2.730758420773474e-11,2.266102634498409e-11
3080,2.325250129729048e-09,2.723855592139225e-11,2.25983333793668e-11
3081,2.32449925739753e-09,2.716325161834177e-11,2.254634738581655e-11
3082,2.319058671561682e-09,2.708857497074572e-11,2.249363857271067e-11
3083,2.307230317065127e-09,2.702013087946753e-11,2.243133880073794e-11
3084,2.306471871533078e-09,2.694546397969165e-11,2.237971363006946e-11
3085,2.301059721704499e-09,2.687141194172049e-11,2.232738175098494e-11
3086,2.28930580289583e-09,2.680350605129554e-11,2.226553589834909e-11
3087,2.288534757005045e-09,2.672943978277998e-11,2.22143112007339e-11
3088,2.283158424977002e-09,2.665596949974639e-11,2.216239729004632e-11
3089,2.27147565565259e-09,2.658854649741614e-11,2.210105611182862e-11
3090,2.270696983431891e-09,2.651504449211526e-11,2.205025320049955e-11
3091,2.265348969272891e-09,2.644213869630595e-11,2.199877195828767e-11
3092,2.25374562458026e-09,2.63752103887446e-11,2.193794253459574e-11
3093,2.252970162406316e-09,2.630230173464412e-11,2.188755904937274e-11
3094,2.24765614009414e-09,2.622999003022514e-11,2.183649821765908e-11
3095,2.236137882241268e-09,2.616358543837098e-11,2.177615370709207e-11
3096,2.235367196256944e-09,2.609128087267463e-11,2.172616813091131e-11
3097,2.230102133867603e-09,2.601958348036801e-11,2.16755020916953e-11
3098,2.218673500361163e-09,2.595375059717065e-11,2.161561304909528e-11
3099,2.217918137679319e-09,2.588208213443204e-11,2.156600494254612e-11
3100,2.212699323172581e-09,2.58110122634244e-11,2.151571966381588e-11
3101,2.201353674082404e-09,2.574576407465504e-11,2.145627581329005e-11
3102,2.200606269527301e-09,2.567472860222675e-11,2.140704046104084e-11
3103,2.195425610043424e-09,2.560429582068034e-11,2.135713927278316e-11
3104,2.184158036455363e-09,2.553964249629729e-11,2.129814868016291e-11
3105,2.183403216278449e-09,2.54692516130493e-11,2.124929443655339e-11
3106,2.178253707945825e-09,2.539945164217307e-11,2.119978444909215e-11
3107,2.167057078250511e-09,2.533538299054789e-11,2.11412541798653e-11
3108,2.166300103330464e-09,2.526562235258065e-11,2.109278614312973e-11
3109,2.161181188973557e-09,2.519644537796057e-11,2.104366701525262e-11
3110,2.150062789406212e-09,2.513294411651018e-11,2.098559391352706e-11
3111,2.14930693079892e-09,2.506381694491694e-11,2.093750914969187e-11
3112,2.144223790862428e-09,2.499527942406309e-11,2.088877858375628e-11
3113,2.133188572082396e-09,2.493234185380078e-11,2.083116065359651e-11
3114,2.13244110305329e-09,2.486386019578508e-11,2.078345797592999e-11
3115,2.127400821890657e-09,2.479597275791993e-11,2.073511323908879e-11
3116,2.116451082305225e-09,2.473362378779362e-11,2.067794191958647e-11
3117,2.115713528212446e-09,2.466581585505136e-11,2.063060856307742e-11
3118,2.11072023115056e-09,2.459863867432845e-11,2.058263955837219e-11
3119,2.099866352183765e-09,2.453694337969165e-11,2.052590580203044e-11
3120,2.099145783541623e-09,2.446991676274177e-11,2.047894460176905e-11
3121,2.094201482231466e-09,2.440360341003812e-11,2.043135033986308e-11
3122,2.083451786397304e-09,2.434257725673974e-11,2.03750555185785e-11
3123,2.082746673567681e-09,2.42763571649111e-11,2.03284632315134e-11
3124,2.07785490455187e-09,2.421072710514315e-11,2.028124209598388e-11
3125,2.067209630907247e-09,2.415031114370077e-11,2.022538467940081e-11
3126,2.066526146489548e-09,2.408470636329802e-11,2.017915628239643e-11
3127,2.061688307442214e-09,2.401966328619054e-11,2.013229884537764e-11
3128,2.051144479419796e-09,2.395976078775689e-11,2.007687188373744e-11
3129,2.050483003439926e-09,2.389471368671275e-11,2.003100329450029e-11
3130,2.045691703641103e-09,2.383022421244804e-11,1.998451011341599e-11
3131,2.040959390949765e-09,2.376638872688373e-11,1.993717635187404e-11
3132,2.030578434523087e-09,2.370788047876364e-11,1.988096881476467e-11
3133,2.029864648014131e-09,2.364398129523298e-11,1.983489463645032e-11
3134,2.025054879138089e-09,2.35805391975945e-11,1.97883946881093e-11
3135,2.014678682755148e-09,2.352211397160391e-11,1.973356763198831e-11
3136,2.014043276234911e-09,2.345841599263007e-11,1.968844473183459e-11
3137,2.009402947324745e-09,2.339514550307121e-11,1.964285415449971e-11
3138,2.004844725985973e-09,2.333242315460392e-11,1.959657034589499e-11
3139,1.994767517872488e-09,2.327475350060939e-11,1.954177508691781e-11
3140,1.994112893910598e-09,2.321188218894634e-11,1.949679346325623e-11
3141,1.989417451893199e-09,2.314945764574789e-11,1.945137935628356e-11
3142,1.979254808423069e-09,2.309186110556763e-11,1.93978396079926e-11
3143,1.978582576414025e-09,2.302926592324827e-11,1.935367554894766e-11
3144,1.973964384632229e-09,2.296714534472147e-11,1.930899410085641e-11
3145,1.969415375149912e-09,2.29056123386764e-11,1.926357214695488e-11
3146,1.95946740058838e-09,2.28490643607584e-11,1.92097031148908e-11
3147,1.958744970631803e-09,2.278746781998292e-11,1.916547996877905e-11
3148,1.954063042551857e-09,2.272634405194113e-11,1.912080406954673e-11
3149,1.944050039799214e-09,2.266999867107518e-11,1.9068065475366e-11
3150,1.943337794569893e-09,2.260871252968695e-11,1.902461357682147e-11
3151,1.938759627710149e-09,2.254788490714595e-11,1.89806604526807e-11
3152,1.934257396722401e-09,2.248762096760697e-11,1.893598979006101e-11
3153,1.92447375924979e-09,2.243224687886121e-11,1.888301540868486e-11
3154,1.923737317894339e-09,2.237187594446093e-11,1.883956894329297e-11
3155,1.919115626339824e-09,2.231195092588996e-11,1.879569718208081e-11
3156,1.909284141150259e-09,2.225668883725123e-11,1.874392699385195e-11
3157,1.908555947482754e-09,2.219658207840228e-11,1.87012813282883e-11
3158,1.904055116986526e-09,2.213692259732546e-11,1.865814945067372e-11
3159,1.89963037837619e-09,2.207781351892017e-11,1.861431641032199e-11
3160,1.890058534688443e-09,2.202348025383202e-11,1.856233942970536e-11
3161,1.889335698625663e-09,2.196427129934587e-11,1.851969705018887e-11
3162,1.884808700957795e-09,2.190551287300568e-11,1.84766271782351e-11
3163,1.880352311891859e-09,2.184727449802511e-11,1.843293034838548e-11
3164,1.870827578865953e-09,2.179378193954796e-11,1.838115914782168e-11
3165,1.870098483419509e-09,2.173531731588444e-11,1.83388310785225e-11
3166,1.86564032793276e-09,2.167723544785089e-11,1.829616694484981e-11
3167,1.861271595651593e-09,2.16196034631696e-11,1.825296293824356e-11
3168,1.851908413202633e-09,2.156656681961779e-11,1.820187807347253e-11
3169,1.851211881946564e-09,2.150862866548257e-11,1.816009933948565e-11
3170,1.846806314973087e-09,2.14510467404283e-11,1.811800032677219e-11
3171,1.842460745079768e-09,2.139390543019782e-11,1.807536769256568e-11
3172,1.833171902333662e-09,2.134124852654452e-11,1.802496420144449e-11
3173,1.832421740200428e-09,2.128384350645978e-11,1.798368977505151e-11
3174,1.827992016658947e-09,2.122682061216582e-11,1.794207178520873e-11
3175,1.823625097557022e-09,2.117025946632062e-11,1.789989292550463e-11
3176,1.814378037002645e-09,2.111813939637315e-11,1.784997990694315e-11
3177,1.813576150097252e-09,2.106136874423948e-11,1.780910041476464e-11
3178,1.80914475992379e-09,2.10049927852317e-11,1.776786957080953e-11
3179,1.804777902775505e-09,2.094908530978194e-11,1.772607374801287e-11
3180,1.795603946799237e-09,2.089757453054113e-11,1.767658644372442e-11
3181,1.794785634899403e-09,2.084145473801554e-11,1.763607835658668e-11
3182,1.790387645933117e-09,2.078571766187468e-11,1.759523426640166e-11
3183,1.786056343895383e-09,2.073043285539475e-11,1.755384028205321e-11
3184,1.776982734670242e-09,2.06794753509088e-11,1.750484017702108e-11
3185,1.776173879179993e-09,2.062396182991437e-11,1.746474384693738e-11
3186,1.771824152137116e-09,2.056881912981639e-11,1.742432650067793e-11
3187,1.767549858375933e-09,2.051411845420102e-11,1.73833711090751e-11
3188,1.758598694585938e-09,2.046366925554607e-11,1.733490232411742e-11
3189,1.757813998790181e-09,2.040873636356677e-11,1.729523296590196e-11
3190,1.753529087127789e-09,2.035416886876793e-11,1.725524623934031e-11
3191,1.749326734606026e-09,2.030004662787201e-11,1.721472539462697e-11
3192,1.740510338733417e-09,2.02501313594104e-11,1.716677225988234e-11
3193,1.739767387160644e-09,2.019579424012599e-11,1.712751092441354e-11
3194,1.735564897132791e-09,2.014182532168174e-11,1.70879285069722e-11
3195,1.731442983302414e-09,2.008830197963017e-11,1.704781658586456e-11
3196,1.722756784114127e-09,2.003897300425195e-11,1.700034363945687e-11
3197,1.722048833703841e-09,1.998525143072392e-11,1.696147286925664e-11
3198,1.717922468708473e-09,1.993189513664733e-11,1.692228447649639e-11
3199,1.713863950484434e-09,1.987898391277113e-11,1.688257427333945e-11
3200,1.705291732030322e-09,1.983027805794746e-11,1.683557652159948e-11
3201,1.704605820476323e-09,1.977717693604329e-11,1.679709628359993e-11
3202,1.700520057727173e-09,1.972444226437617e-11,1.675830387919782e-11
3203,1.696509151959561e-09,1.967214826542933e-11,1.67190007198707e-11
3204,1.688029479851078e-09,1.962408091827989e-11,1.667248114848026e-11
3205,1.687345045971499e-09,1.957160398152402e-11,1.663439575225167e-11
3206,1.683295184750831e-09,1.951949474764391e-11,1.659600681701646e-11
3207,1.679314752856032e-09,1.946782477101987e-11,1.65571107176131e-11
3208,1.675369548704303e-09,1.941665069437669e-11,1.651766320368535e-11
3209,1.66699464739042e-09,1.936988684000173e-11,1.64708929995592e-11
3210,1.666257027744856e-09,1.931846908385265e-11,1.643290490908207e-11
3211,1.662210734807792e-09,1.92673445786067e-11,1.639475545001099e-11
3212,1.658255531585286e-09,1.921658592244045e-11,1.635624530210657e-11
3213,1.649981476720309e-09,1.91701017643912e-11,1.631080760945138e-11
3214,1.649343178161944e-09,1.91190506000388e-11,1.627367209870695e-11
3215,1.645440893391426e-09,1.906830140499868e-11,1.623629198538499e-11
3216,1.641605896098438e-09,1.901795051440943e-11,1.619845879303498e-11
3217,1.637787021769959e-09,1.896806423948096e-11,1.616010243661873e-11
3218,1.629629710350517e-09,1.892268647819959e-11,1.61146534221651e-11
3219,1.628898854871054e-09,1.887261258672007e-11,1.607766498278715e-11
3220,1.624921380983287e-09,1.882284895289901e-11,1.604047962631439e-11
3221,1.621028388361471e-09,1.877346569544571e-11,1.600289697073363e-11
3222,1.612915605517737e-09,1.872856416446353e-11,1.595848929928606e-11
3223,1.612270592509763e-09,1.867893729163561e-11,1.592217207156084e-11
3224,1.608441049480097e-09,1.862961303560297e-11,1.588559104546792e-11
3225,1.604680778540205e-09,1.85806757814092e-11,1.584854833399129e-11
3226,1.600951183390996e-09,1.853217919376547e-11,1.581098432290367e-11
3227,1.592978089298681e-09,1.84882188879155e-11,1.576644870387019e-11
3228,1.592274333764279e-09,1.843945701803599e-11,1.57302422783381e-11
3229,1.5883983462409e-09,1.839096149805614e-11,1.569385602706872e-11
3230,1.584610522768427e-09,1.834280823534194e-11,1.565710213251311e-11
3231,1.580880097945888e-09,1.829504767116182e-11,1.561991671137914e-11
3232,1.573001109051896e-09,1.825173176916228e-11,1.557591143423026e-11
3233,1.572346668915405e-09,1.820362268171103e-11,1.554018828194094e-11
3234,1.568578598151408e-09,1.815574648808255e-11,1.55043282919248e-11
3235,1.564889076332562e-09,1.810818289024699e-11,1.546813936217323e-11
3236,1.561244630555439e-09,1.806099400523038e-11,1.543154800153438e-11
3237,1.553492425258542e-09,1.801814644004827e-11,1.53882796802377e-11
3238,1.552839077046508e-09,1.797062231684921e-11,1.535310944100411e-11
3239,1.54909886705701e-09,1.792333729752041e-11,1.531778199264678e-11
3240,1.545425679846756e-09,1.787637889361947e-11,1.528210228245008e-11
3241,1.541792390815468e-09,1.782980521297078e-11,1.524599377813488e-11
3242,1.534092082807148e-09,1.778751417229663e-11,1.520325543204633e-11
3243,1.533413278276747e-09,1.774063491486424e-11,1.516850514806921e-11
3244,1.529690356645255e-09,1.769400343757977e-11,1.51335860135065e-11
3245,1.526030789511669e-09,1.764769519127666e-11,1.509831080844627e-11
3246,1.522415852885738e-09,1.760176740832826e-11,1.50626069683082e-11
3247,1.514773273544287e-09,1.756006815802087e-11,1.502033096953814e-11
3248,1.51407406506063e-09,1.751383084888797e-11,1.498598533402221e-11
3249,1.51036485632625e-09,1.74678287094499e-11,1.495148287332362e-11
3250,1.506726096668821e-09,1.742213748860925e-11,1.491663897547229e-11
3251,1.503131583354476e-09,1.737681275479506e-11,1.488138197091439e-11
3252,1.495566572688022e-09,1.733563139823289e-11,1.483964369792705e-11
3253,1.494853847136225e-09,1.728999346165753e-11,1.480574469782898e-11
3254,1.491178061944937e-09,1.724458768346707e-11,1.477169523201902e-11
3255,1.487579280489669e-09,1.719949061718428e-11,1.473731218798318e-11
3256,1.484022028516304e-09,1.715475706608718e-11,1.470252041985793e-11
3257,1.476546420921083e-09,1.711409132916658e-11,1.466132995851895e-11
3258,1.475851114660021e-09,1.706905594428821e-11,1.462787333359078e-11
3259,1.472237514093936e-09,1.70242537104638e-11,1.45942627917759e-11
3260,1.468694707170774e-09,1.697976039263805e-11,1.456031547863435e-11
3261,1.465203253001057e-09,1.693562938378107e-11,1.452596122576148e-11
3262,1.457837842572926e-09,1.689550992848424e-11,1.448528076026596e-11
3263,1.457175911071111e-09,1.685108989501959e-11,1.445223829751407e-11
3264,1.453631776343707e-09,1.680689992831809e-11,1.44190408964187e-11
3265,1.450161761798968e-09,1.676301367115934e-11,1.438551245145929e-11
3266,1.446727143725298e-09,1.671948242638781e-11,1.435158216809412e-11
3267,1.439466060179206e-09,1.66798975622757e-11,1.431140081161831e-11
3268,1.438828935234882e-09,1.663607786219251e-11,1.42787677911723e-11
3269,1.435346682498125e-09,1.659248663645658e-11,1.424598557289728e-11
3270,1.431928420063797e-09,1.65491926426983e-11,1.421287772633714e-11
3271,1.428544494026783e-09,1.650625346354702e-11,1.417937517536156e-11
3272,1.421380873628608e-09,1.646719043438939e-11,1.413970086438396e-11
3273,1.420763663984829e-09,1.642396694556368e-11,1.410748274110205e-11
3274,1.417324265191471e-09,1.638097332049844e-11,1.40751183789238e-11
3275,1.413954482904102e-09,1.633828555237705e-11,1.4042431382874e-11
3276,1.410615643781384e-09,1.629595730433188e-11,1.400935084108157e-11
3277,1.403544672388524e-09,1.625742266645815e-11,1.397017276366431e-11
3278,1.402939588944895e-09,1.621482612415476e-11,1.39383595324251e-11
3279,1.399551901162896e-09,1.617246849751452e-11,1.39064031361205e-11
3280,1.396226503469581e-09,1.613042587139674e-11,1.387412409083307e-11
3281,1.392935438615396e-09,1.608875802496823e-11,1.384145540602204e-11
3282,1.389652056446006e-09,1.604748345441931e-11,1.380841808544085e-11
3283,1.382661428673028e-09,1.601000867408392e-11,1.376928050473852e-11
3284,1.382036386236044e-09,1.5968436562788e-11,1.373771740338897e-11
3285,1.378682955348321e-09,1.592709656574692e-11,1.37061178276851e-11
3286,1.375409206071775e-09,1.58860528423327e-11,1.367429626495853e-11
3287,1.37218998550643e-09,1.584530683407573e-11,1.364217162021502e-11
3288,1.368990666130072e-09,1.58048723273564e-11,1.360973624803292e-11
3289,1.362150942580931e-09,1.576794553769535e-11,1.357138412259216e-11
3290,1.361571965846979e-09,1.572708734758769e-11,1.354042068214647e-11
3291,1.358287954620907e-09,1.568638844551721e-11,1.350941510051405e-11
3292,1.355077482891776e-09,1.564592822837457e-11,1.347817477435615e-11
3293,1.351909777123913e-09,1.560577163133511e-11,1.344661587328787e-11
3294,1.348743218015929e-09,1.556594104375211e-11,1.341472576725033e-11
3295,1.341997457334949e-09,1.552957445457728e-11,1.337698478453391e-11
3296,1.34140863550964e-09,1.54893806212573e-11,1.334649459996825e-11
3297,1.338157771908816e-09,1.544936836935392e-11,1.331594054520336e-11
3298,1.334970756875946e-09,1.540960685501106e-11,1.328513788976555e-11
3299,1.33183294582132e-09,1.537015424822891e-11,1.325400638921979e-11
3300,1.3287060221106e-09,1.533103124665632e-11,1.322254128686046e-11
3301,1.322054470541427e-09,1.529533500209723e-11,1.318528228084083e-11
3302,1.32146573687687e-09,1.525583815383986e-11,1.315520728513885e-11
3303,1.318253652791364e-09,1.521650455454185e-11,1.312507858891132e-11
3304,1.315111139933834e-09,1.517740815005262e-11,1.309471588454028e-11
3305,1.312012857383014e-09,1.513860458189217e-11,1.306404237101261e-11
3306,1.308922905553944e-09,1.510011007264455e-11,1.303305173603273e-11
3307,1.302374440063583e-09,1.506496939847396e-11,1.299636736706035e-11
3308,1.301778344724279e-09,1.502609156595934e-11,1.296676189063221e-11
3309,1.298606743985632e-09,1.498737444177148e-11,1.293710770532546e-11
3310,1.29550260434226e-09,1.49488922547481e-11,1.29072212268338e-11
3311,1.292441671008947e-09,1.491069879315261e-11,1.287702458717301e-11
3312,1.289393566813804e-09,1.487281083249136e-11,1.284651355896602e-11
3313,1.282953970858433e-09,1.483821058182728e-11,1.281038825515336e-11
3314,1.282364300536038e-09,1.479995061028311e-11,1.278123166354596e-11
3315,1.279240446531528e-09,1.476185027110291e-11,1.275202164405033e-11
3316,1.27618357197927e-09,1.472397580324067e-11,1.27225794557712e-11
3317,1.273172914336062e-09,1.468638387467852e-11,1.269282831417911e-11
3318,1.270168113922712e-09,1.464909474134338e-11,1.266276605038589e-11
3319,1.263837130035459e-09,1.461502327200962e-11,1.262716473778956e-11
3320,1.263245473604159e-09,1.457735932058377e-11,1.259843819187052e-11
3321,1.260152688952712e-09,1.453984877424867e-11,1.256965876163452e-11
3322,1.257130077971892e-09,1.450256219192122e-11,1.254065068910118e-11
3323,1.254147611181413e-09,1.446555483959259e-11,1.251134096514126e-11
3324,1.251170229960821e-09,1.442884057376792e-11,1.248172466436945e-11
3325,1.24492125521293e-09,1.439527298216441e-11,1.244665074003358e-11
3326,1.244316607661292e-09,1.435818561247512e-11,1.24183513941739e-11
3327,1.241255115304218e-09,1.432124568565e-11,1.239000114685367e-11
3328,1.23825560037148e-09,1.428452459260703e-11,1.23614265014715e-11
3329,1.23530088908293e-09,1.424807351466289e-11,1.233255484094385e-11
3330,1.23234915884432e-09,1.421191119606737e-11,1.230338154686952e-11
3331,1.229384549151244e-09,1.417603000995904e-11,1.227395059013636e-11
3332,1.223206435664396e-09,1.414326413910967e-11,1.22391156298084e-11
3333,1.222571188685332e-09,1.410693296892007e-11,1.221116176111884e-11
3334,1.219547612642783e-09,1.407069643532815e-11,1.218324139928233e-11
3335,1.216613007678169e-09,1.403462463922778e-11,1.215517089206405e-11
3336,1.213734220303576e-09,1.399877868243913e-11,1.212686121301799e-11
3337,1.210869332532281e-09,1.396318819190458e-11,1.209829081114199e-11
3338,1.207981938726268e-09,1.392785591559733e-11,1.206948500415062e-11
3339,1.20195691353969e-09,1.389550731347669e-11,1.20354201029837e-11
3340,1.201337741267629e-09,1.385973777525502e-11,1.20080395055083e-11
3341,1.198370091057977e-09,1.382407278984149e-11,1.198067141969731e-11
3342,1.195479053726678e-09,1.378858778818362e-11,1.195313516739075e-11
3343,1.192636859476856e-09,1.375334442628468e-11,1.19253413817596e-11
3344,1.189810118769708e-09,1.37183703191765e-11,1.189727010220231e-11
3345,1.186970988860561e-09,1.368366649169927e-11,1.186895086125074e-11
3346,1.181059685825774e-09,1.365189714654644e-11,1.183543225637569e-11
3347,1.180462192732641e-09,1.361678812926726e-11,1.180849775537388e-11
3348,1.177551226305691e-09,1.358178824005981e-11,1.178157272415019e-11
3349,1.174717043919644e-09,1.354696901233592e-11,1.175448229177666e-11
3350,1.171942605687414e-09,1.351238723407383e-11,1.172714341918934e-11
3351,1.169181943701037e-09,1.34780690274051e-11,1.169953573934959e-11
3352,1.166401847821203e-09,1.344401110673059e-11,1.167169031409593e-11
3353,1.160614494824968e-09,1.341282584559507e-11,1.163873724656937e-11
3354,1.160035171889478e-09,1.337836531326202e-11,1.161226498921248e-11
3355,1.157188543933807e-09,1.334400691621304e-11,1.158580963670629e-11
3356,1.154425196676339e-09,1.330982518236728e-11,1.155919790610279e-11
3357,1.151710051406806e-09,1.3275878209607e-11,1.15323456228781e-11
3358,1.149010641617683e-09,1.324218944945038e-11,1.150523172709367e-11
3359,1.146295614513696e-09,1.320876148803364e-11,1.147788363273875e-11
3360,1.143555770751192e-09,1.317557814264406e-11,1.145035640154079e-11
3361,1.137882693505135e-09,1.314524895869289e-11,1.14178216300843e-11
3362,1.137324634380704e-09,1.311159252546898e-11,1.139179482461951e-11
3363,1.134571763895911e-09,1.30779971376275e-11,1.136584549007644e-11
3364,1.131904414351275e-09,1.304453928088709e-11,1.133979413368782e-11
3365,1.129292945177952e-09,1.301128477240766e-11,1.131354479405586e-11
3366,1.126692335147363e-09,1.297826695069041e-11,1.128706019475697e-11
3367,1.124066616204473e-09,1.294549819889721e-11,1.126035439641851e-11
3368,1.121396178046825e-09,1.291297219682891e-11,1.123346529629782e-11
3369,1.115847291559584e-09,1.288330994311951e-11,1.120168584985583e-11
3370,1.115287779855609e-09,1.285036536169422e-11,1.117622437092762e-11
3371,1.112556197417022e-09,1.281750531374915e-11,1.115081874613811e-11
3372,1.109914737835306e-09,1.278480355747162e-11,1.112529157578215e-11
3373,1.107321269644235e-09,1.275231888084134e-11,1.10995527601118e-11
3374,1.104739947784682e-09,1.272008106764005e-11,1.107356912290184e-11
3375,1.102139409992639e-09,1.268809540462679e-11,1.104735588344172e-11
3376,1.099501006620203e-09,1.265635216905123e-11,1.102095987118816e-11
3377,1.094037142427684e-09,1.262756040680122e-11,1.09897460158342e-11
3378,1.093471285404391e-09,1.259541264881604e-11,1.096475595328742e-11
3379,1.090780893063053e-09,1.256334005875947e-11,1.093982842202105e-11
3380,1.088173512068761e-09,1.253141351463669e-11,1.09147921131767e-11
3381,1.085619899860156e-09,1.249969304455989e-11,1.088955844145962e-11
3382,1.08307385575459e-09,1.246820817290837e-11,1.086409211873969e-11
3383,1.080508237635214e-09,1.243696944203609e-11,1.083840636154654e-11
3384,1.077911145922995e-09,1.240596624797115e-11,1.081254388258397e-11
3385,1.072559258852352e-09,1.237803788871839e-11,1.07819636471129e-11
3386,1.071989259630453e-09,1.234664780983392e-11,1.075747826194356e-11
3387,1.069345332629825e-09,1.231532250455994e-11,1.073305188859556e-11
3388,1.066783744665552e-09,1.228413092233587e-11,1.070851624897901e-11
3389,1.064280157001977e-09,1.225313020405749e-11,1.068378495339061e-11
3390,1.061786591468044e-09,1.22223490402714e-11,1.065882282947264e-11
3391,1.059278475399545e-09,1.219179762507517e-11,1.063364093156931e-11
3392,1.056736221332001e-09,1.216146661330276e-11,1.060828553294755e-11
3393,1.051495783154092e-09,1.213414031984456e-11,1.057830038846185e-11
3394,1.050946836869787e-09,1.210339864531085e-11,1.055429145499155e-11
3395,1.04836035876045e-09,1.207272224963501e-11,1.053034250881995e-11
3396,1.045862929691549e-09,1.204217616427662e-11,1.050628323160847e-11
3397,1.04340724037039e-09,1.201181413073165e-11,1.048203666655226e-11
3398,1.040965516746823e-09,1.198166596071038e-11,1.045756303894639e-11
3399,1.038505858186898e-09,1.195174054948096e-11,1.04328755170884e-11
3400,1.036006385442982e-09,1.192202887610049e-11,1.040801765745995e-11
3401,1.033481179641967e-09,1.189251000902609e-11,1.038304687779829e-11
3402,1.028321129513498e-09,1.186592685071671e-11,1.035356209211716e-11
3403,1.027774228148327e-09,1.183593452279465e-11,1.033003951206766e-11
3404,1.025261271645034e-09,1.180596644408299e-11,1.030662798463857e-11
3405,1.022834573676993e-09,1.177609471646854e-11,1.028315050402135e-11
3406,1.020456573300765e-09,1.174638322963905e-11,1.025951632722826e-11
3407,1.018084685162417e-09,1.171686710719616e-11,1.023567763679506e-11
3408,1.015680166080129e-09,1.16875627469976e-11,1.021162985162889e-11
3409,1.013226821459829e-09,1.165847081981422e-11,1.01874060208807e-11
3410,1.010739783451093e-09,1.162957487936882e-11,1.016305539068092e-11
3411,1.00567550048389e-09,1.160353167768779e-11,1.013428302974666e-11
3412,1.005118122884109e-09,1.157420328001369e-11,1.01113038221927e-11
3413,1.002642049975963e-09,1.154491561953288e-11,1.008841050944629e-11
3414,1.00025076489752e-09,1.151573790451653e-11,1.00654353830117e-11
3415,9.979174534752277e-10,1.148672487482973e-11,1.004229563229178e-11
3416,9.95586978235547e-10,1.145790818539657e-11,1.001894427291224e-11
3417,9.93235719379162e-10,1.142929971605501e-11,9.995384656445484e-12
3418,9.908470820801863e-10,1.140089411934244e-11,9.971652449431255e-12
3419,9.884234502322513e-10,1.13726769434996e-11,9.94780331092264e-12
3420,9.834751820717276e-10,1.13472334150721e-11,9.919621737540375e-12
3421,9.82947285061255e-10,1.13185767666628e-11,9.897133324057195e-12
3422,9.805376655488528e-10,1.128994948599822e-11,9.87473901552395e-12
3423,9.782156546465434e-10,1.126142167750186e-11,9.852272678521015e-12
3424,9.759470215059647e-10,1.123305130339471e-11,9.829650552922654e-12
3425,9.73683257372203e-10,1.120487189664517e-11,9.806827952796963e-12
3426,9.714014635375614e-10,1.117689979076028e-11,9.783804696187747e-12
3427,9.69077499232728e-10,1.114913223225001e-11,9.760614267713919e-12
3428,9.66725826400676e-10,1.112155333884855e-11,9.73730468706294e-12
3429,9.643570820860848e-10,1.109413724766202e-11,9.713932482360638e-12
3430,9.595450292044636e-10,1.106940507557398e-11,9.686364468163102e-12
3431,9.590708159956966e-10,1.104149979210995e-11,9.664417875879516e-12
3432,9.56778345901796e-10,1.101359828556825e-11,9.642600111424137e-12
3433,9.545697605533846e-10,1.098577288000839e-11,9.62073601229274e-12
3434,9.523968648861493e-10,1.09580872313539e-11,9.598736129903599e-12
3435,9.502277602427379e-10,1.093058037172196e-11,9.576551215221442e-12
3436,9.48019598665675e-10,1.090327310674041e-11,9.554166055635203e-12
3437,9.45764466778731e-10,1.087616916656259e-11,9.531606319641161e-12
3438,9.434640915137767e-10,1.084925798514497e-11,9.508914809748298e-12
3439,9.411422461357573e-10,1.082251934785984e-11,9.486142953082381e-12
3440,9.36438770978635e-10,1.079838678881739e-11,9.459257272900981e-12
3441,9.359625189942766e-10,1.077119589749292e-11,9.43784094475771e-12
3442,9.337096484910124e-10,1.074402377936639e-11,9.41653672185186e-12
3443,9.31542845070043e-10,1.071693537729854e-11,9.395179532077157e-12
3444,9.294111972353169e-10,1.068999077391746e-11,9.373683364936383e-12
3445,9.272730610050639e-10,1.066322831369502e-11,9.35200315832792e-12
3446,9.251106354998173e-10,1.063666619468811e-11,9.330131049838281e-12
3447,9.228972832062886e-10,1.061030605377759e-11,9.308092937472118e-12
3448,9.206455432876368e-10,1.05841368210488e-11,9.285933212628845e-12
3449,9.183714977769249e-10,1.055813878636383e-11,9.263703870243158e-12
3450,9.137772414914886e-10,1.053463269635064e-11,9.237464888699083e-12
3451,9.133005663280676e-10,1.050820154397517e-11,9.216574534216077e-12
3452,9.110891346544713e-10,1.048179931739939e-11,9.195799198451068e-12
3453,9.089631777876529e-10,1.045549861570745e-11,9.174976926143797e-12
3454,9.068780229624416e-10,1.04293534043642e-11,9.154019652396938e-12
3455,9.047948019047613e-10,1.04034030709919e-11,9.132883008410635e-12
3456,9.02681560726143e-10,1.037767422297529e-11,9.111557381204127e-12
3457,9.005249985386978e-10,1.035215673885098e-11,9.090067987973942e-12
3458,8.983285121789657e-10,1.032682737662294e-11,9.068456373843237e-12
3459,8.96109286344014e-10,1.030166199478752e-11,9.046771964516826e-12
3460,8.938938491870965e-10,1.027663112733498e-11,9.025066320502e-12
3461,8.894479014843473e-10,1.025389624228316e-11,8.99949296646366e-12
3462,8.890176840503352e-10,1.022835198587853e-11,8.979169840660829e-12
3463,8.869065126731457e-10,1.02027890788472e-11,8.958985058235662e-12
3464,8.848738855029883e-10,1.017728080767491e-11,8.93877217200614e-12
3465,8.828708837817952e-10,1.01518923894874e-11,8.918438111945171e-12
3466,8.808500499293405e-10,1.012666920017274e-11,8.897934425084439e-12
3467,8.787868793535764e-10,1.010163371936556e-11,8.877244657639453e-12
3468,8.766722888119114e-10,1.00767976743069e-11,8.856384168512435e-12
3469,8.74512955785226e-10,1.005215150087829e-11,8.83538961354289e-12
3470,8.723358194574778e-10,1.002767709749977e-11,8.81430768989309e-12
3471,8.701542882073293e-10,1.00033434947857e-11,8.793187491703018e-12
3472,8.65814153281517e-10,9.981242697702765e-12,8.76827471453991e-12
3473,8.653776103296551e-10,9.956423802574146e-12,8.748475815426391e-12
3474,8.633073814144112e-10,9.93159136560582e-12,8.72880212692744e-12
3475,8.613159818223338e-10,9.906813627355167e-12,8.709098470304718e-12
3476,8.593487626434554e-10,9.882150307541927e-12,8.689276760800873e-12
3477,8.573701084676095e-10,9.857641414541151e-12,8.669289308434621e-12
3478,8.553518091232737e-10,9.833309681871843e-12,8.64912450901319e-12
3479,8.532779435060276e-10,9.809162318861299e-12,8.62880064277604e-12
3480,8.511683425953437e-10,9.785191259381272e-12,8.60835318368369e-12
3481,8.490316354451189e-10,9.761377275242685e-12,8.587827620165877e-12
3482,8.469028684458997e-10,9.737696363896434e-12,8.567271576053064e-12
3483,8.447908993021342e-10,9.714115606455076e-12,8.546729058143832e-12
3484,8.427115428330694e-10,9.690605372244449e-12,8.526241202045687e-12
3485,8.40672591300038e-10,9.667139135101456e-12,8.505834825373094e-12
3486,8.386671783239402e-10,9.643693046849483e-12,8.485532216971315e-12
3487,8.366863974662539e-10,9.620252017492474e-12,8.465345331685537e-12
3488,8.347204740912552e-10,9.596808960922643e-12,8.445275560068328e-12
3489,8.327613168530925e-10,9.573365044742474e-12,8.42531930081306e-12
3490,8.308025040108659e-10,9.549923689519363e-12,8.405467956797472e-12
3491,8.288360906086499e-10,9.526495203378405e-12,8.385708563401677e-12
3492,8.268571864233411e-10,9.503092646547755e-12,8.366026658329555e-12
3493,8.248685312114863e-10,9.47973277379274e-12,8.346406000686006e-12
3494,8.228711085641734e-10,9.456428734299078e-12,8.326832102364066e-12
3495,8.208670442022885e-10,9.433191761614033e-12,8.307292221046615e-12
3496,8.188617256606992e-10,9.410032295139174e-12,8.287778378355071e-12
3497,8.16865799607612e-10,9.386956003956439e-12,8.268284008243096e-12
3498,8.148659978969266e-10,9.363964954375773e-12,8.24880861294609e-12
3499,8.128737057855231e-10,9.341057826339815e-12,8.229351870890312e-12
3500,8.10886919650238e-10,9.318230045844656e-12,8.209918325771254e-12
3501,8.089068345409887e-10,9.295477493566638e-12,8.190513567160521e-12
3502,8.069298334400813e-10,9.272793495113578e-12,8.171144110009374e-12
3503,8.049576161669545e-10,9.250171734962307e-12,8.151817227542836e-12
3504,8.029850789321729e-10,9.22760640406815e-12,8.132539814195482e-12
3505,8.010171687587871e-10,9.205091959202412e-12,8.113317513284323e-12
3506,7.990476216546055e-10,9.182626363693644e-12,8.094152119495822e-12
3507,7.970737564906779e-10,9.160208167649426e-12,8.075046430920035e-12
3508,7.951111175713771e-10,9.137836723565253e-12,8.055999933926034e-12
3509,7.931465462894397e-10,9.115515021456544e-12,8.037012427045022e-12
3510,7.911918464739195e-10,9.093245421725733e-12,8.01808039862312e-12
3511,7.892409345564035e-10,9.07102866369637e-12,7.999201554167805e-12
3512,7.873000252153062e-10,9.048867018545535e-12,7.980372748512734e-12
3513,7.853751594492568e-10,9.026763188340065e-12,7.961590615993522e-12
3514,7.834628960412267e-10,9.004718164493328e-12,7.942852670984951e-12
3515,7.815616277379971e-10,8.982732803552345e-12,7.924156356805281e-12
3516,7.796712213108556e-10,8.960808085967678e-12,7.905500339554419e-12
3517,7.777945666131549e-10,8.938944092883414e-12,7.886883040184365e-12
3518,7.759295248377801e-10,8.917138173796087e-12,7.86830638986862e-12
3519,7.740747700421594e-10,8.895389649160262e-12,7.849768819407631e-12
3520,7.722213973643859e-10,8.873698074149924e-12,7.831272632609324e-12
3521,7.70378279222945e-10,8.852060510513654e-12,7.812817710455847e-12
3522,7.685374156516515e-10,8.830476981042999e-12,7.794407315693612e-12
3523,7.666931999021734e-10,8.80894804165965e-12,7.776040807168305e-12
3524,7.648528224912417e-10,8.787471646139174e-12,7.757719411296065e-12
3525,7.630121892036179e-10,8.766046306318013e-12,7.739444294179889e-12
3526,7.611736245000771e-10,8.744674946294731e-12,7.721216003372769e-12
3527,7.593321261468968e-10,8.723355209055718e-12,7.703033870534721e-12
3528,7.574866397832283e-10,8.702088877547672e-12,7.68489895230634e-12
3529,7.5564211711418e-10,8.680875563094785e-12,7.666809511379321e-12
3530,7.538044557387762e-10,8.659717851291293e-12,7.648767424256878e-12
3531,7.519644941646529e-10,8.63861543361076e-12,7.630768004009767e-12
3532,7.501236751000869e-10,8.617568475254435e-12,7.612813459746768e-12
3533,7.482937922377531e-10,8.596578204089675e-12,7.59490252909855e-12
3534,7.464624549377894e-10,8.575644121639651e-12,7.577034106134352e-12
3535,7.446367842066251e-10,8.554767464956517e-12,7.559208378692126e-12
3536,7.428148322526403e-10,8.53394823088667e-12,7.541425225718676e-12
3537,7.409912185902539e-10,8.513187113314599e-12,7.52368438649441e-12
3538,7.391800043879544e-10,8.49248309650539e-12,7.505986978827392e-12
3539,7.37368050822581e-10,8.471835163838467e-12,7.488329668701261e-12
3540,7.355640154549199e-10,8.451243519414285e-12,7.470714371731072e-12
3541,7.33763455368311e-10,8.430709020134805e-12,7.453142063396927e-12
3542,7.319669133266263e-10,8.410229791882198e-12,7.43561085245504e-12
3543,7.301780220880486e-10,8.389807808060176e-12,7.418123115990641e-12
3544,7.283942351204959e-10,8.369443469514208e-12,7.400678173321518e-12
3545,7.266201476926663e-10,8.349134918862415e-12,7.38327555407141e-12
3546,7.248528260013974e-10,8.328883359107511e-12,7.365915016301405e-12
3547,7.230930869110748e-10,8.30868935876117e-12,7.3485977135278e-12
3548,7.213362652156701e-10,8.288553010405298e-12,7.331323255571244e-12
3549,7.195865423110727e-10,8.268473916237792e-12,7.314091373423235e-12
3550,7.178405245515636e-10,8.248454685384406e-12,7.296901585492934e-12
3551,7.16103738597137e-10,8.228496483007492e-12,7.279754128478079e-12
3552,7.143804403609113e-10,8.208592881932544e-12,7.262648737299289e-12
3553,7.126552540018652e-10,8.1887409541517e-12,7.245584548239675e-12
3554,7.109386206238196e-10,8.168942212316208e-12,7.228561355490902e-12
3555,7.09224332693098e-10,8.149195674848769e-12,7.21157959553386e-12
3556,7.075146589441343e-10,8.129501282947583e-12,7.194637712839119e-12
3557,7.058139397641549e-10,8.109859047503717e-12,7.177736158971919e-12
3558,7.041143952180645e-10,8.090269588729542e-12,7.160875273223516e-12
3559,7.02421599864262e-10,8.070732813914418e-12,7.144054617001526e-12
3560,7.007286953637039e-10,8.051248227309139e-12,7.127274899500426e-12
3561,6.99038749780538e-10,8.03181741529238e-12,7.110536132442904e-12
3562,6.973569685483551e-10,8.012437489153366e-12,7.093836991573921e-12
3563,6.956781543984514e-10,7.993108030917986e-12,7.077178222875328e-12
3564,6.939985595879866e-10,7.973828274818738e-12,7.06055949482631e-12
3565,6.923271758427052e-10,7.954597587760592e-12,7.043981191472664e-12
3566,6.906487613308613e-10,7.935415537805314e-12,7.027443794919085e-12
3567,6.889836370534917e-10,7.916282494362694e-12,7.010946022499049e-12
3568,6.873192549153019e-10,7.89719792811021e-12,6.994488714507818e-12
3569,6.856622488529374e-10,7.878159685139734e-12,6.978070513969378e-12
3570,6.840031594114176e-10,7.8591688131505e-12,6.96169237428166e-12
3571,6.823490283311525e-10,7.840223484107948e-12,6.94535302981622e-12
3572,6.806963054791448e-10,7.821323324250362e-12,6.92905274696583e-12
3573,6.790511615515505e-10,7.802467604208206e-12,6.912792759841114e-12
3574,6.774039359511622e-10,7.78365673969064e-12,6.896570735583806e-12
3575,6.757642197943415e-10,7.764890264682192e-12,6.88038830890889e-12
3576,6.741335922389551e-10,7.746168067631956e-12,6.864245189497676e-12
3577,6.725072927537752e-10,7.727489848992882e-12,6.848140949966884e-12
3578,6.708858949277065e-10,7.708855797485635e-12,6.83207483541949e-12
3579,6.692660058846151e-10,7.690266019017181e-12,6.816046822826328e-12
3580,6.676506858851335e-10,7.671721075659047e-12,6.80005834537839e-12
3581,6.660447843795236e-10,7.653221042501477e-12,6.78410857166174e-12
3582,6.644372798412396e-10,7.634764255821861e-12,6.768196140723421e-12
3583,6.628415886504292e-10,7.616351542133033e-12,6.752322603486578e-12
3584,6.612485483028948e-10,7.59798073510691e-12,6.736489278009655e-12
3585,6.596645689527403e-10,7.579652667840613e-12,6.720690437712418e-12
3586,6.580789114703859e-10,7.561368671597737e-12,6.704930156405739e-12
3587,6.564923567307711e-10,7.543127634649436e-12,6.689209080292483e-12
3588,6.549145343131394e-10,7.52492904400446e-12,6.67352526167332e-12
3589,6.533446329303387e-10,7.506773407920854e-12,6.657878551438538e-12
3590,6.517785023745058e-10,7.488661050259558e-12,6.642270162591026e-12
3591,6.502150632682373e-10,7.47059291176128e-12,6.626700258147414e-12
3592,6.486593611897447e-10,7.452568011741924e-12,6.611166831787781e-12
3593,6.470987085376715e-10,7.434587842412341e-12,6.595671264319509e-12
3594,6.455496074782122e-10,7.416650506609754e-12,6.58021247086993e-12
3595,6.440028138902958e-10,7.398756101847021e-12,6.564790125532209e-12
3596,6.424561125487552e-10,7.380905453384922e-12,6.549405219082868e-12
3597,6.409092835479541e-10,7.363097595385423e-12,6.534057298307091e-12
3598,6.393659503361607e-10,7.345332758238366e-12,6.518746381932015e-12
3599,6.378329541091307e-10,7.327612579185112e-12,6.503471345093518e-12
3600,6.363019129279464e-10,7.309936201053916e-12,6.488233194176692e-12
3601,6.347687410780774e-10,7.292302583036879e-12,6.473031924609551e-12
3602,6.332384552998559e-10,7.274712944320619e-12,6.457866622628606e-12
3603,6.317114500027208e-10,7.257166721850584e-12,6.442737925020919e-12
3604,6.301869401081031e-10,7.239664521195652e-12,6.427646154777442e-12
3605,6.286674656360042e-10,7.222205234912494e-12,6.412591444694776e-12
3606,6.27152400033686e-10,7.204790213783604e-12,6.397572418456192e-12
3607,6.256399731586734e-10,7.187419430457922e-12,6.382589029618571e-12
3608,6.24124628334742e-10,7.170093754044436e-12,6.367641555996849e-12
3609,6.226205099290106e-10,7.152812498646301e-12,6.352730176077128e-12
3610,6.211143109462045e-10,7.135576132001839e-12,6.337853619447294e-12
3611,6.196165327455653e-10,7.118384957034015e-12,6.323013375701496e-12
3612,6.181194754897995e-10,7.101238123871011e-12,6.30820812678218e-12
3613,6.166311944921451e-10,7.084137083894635e-12,6.293438502650937e-12
3614,6.151414818858121e-10,7.067080354566005e-12,6.278704667149015e-12
3615,6.13656193522431e-10,7.050069529617823e-12,6.264006685410946e-12
3616,6.121705361078561e-10,7.03310559153547e-12,6.249343619565199e-12
3617,6.106945340239612e-10,7.016185430160571e-12,6.234716497132345e-12
3618,6.092195506995299e-10,6.999311369126749e-12,6.220123830863846e-12
3619,6.077519407821237e-10,6.982481320403886e-12,6.205565467627439e-12
3620,6.06285635680665e-10,6.965695546526355e-12,6.191042382515377e-12
3621,6.048277355807738e-10,6.948954928248246e-12,6.176554265442731e-12
3622,6.033715991246393e-10,6.932258706431488e-12,6.162099641833034e-12
3623,6.019172068141797e-10,6.915609575663094e-12,6.147681135147657e-12
3624,6.004640635618604e-10,6.899004883273404e-12,6.133296666106381e-12
3625,5.990198593375603e-10,6.882447734320951e-12,6.118947301719731e-12
3626,5.975814662761922e-10,6.865938619821938e-12,6.104631399233057e-12
3627,5.961442043494679e-10,6.849478091225291e-12,6.090350858624567e-12
3628,5.947120972969022e-10,6.833064534864479e-12,6.076104472348175e-12
3629,5.932819701485245e-10,6.816699141014991e-12,6.061891336006297e-12
3630,5.918576170903283e-10,6.800384241849709e-12,6.047713343857485e-12
3631,5.90434969202688e-10,6.784115343682556e-12,6.033566566066288e-12
3632,5.890157728916748e-10,6.76789177026706e-12,6.019456290063652e-12
3633,5.876000059051052e-10,6.751709696026393e-12,6.005380778642759e-12
3634,5.861923648507457e-10,6.735566446446477e-12,5.991335451862006e-12
3635,5.847855255894469e-10,6.719464487621371e-12,5.977326327426267e-12
3636,5.833852652971438e-10,6.703401822245898e-12,5.963348418203451e-12
3637,5.819848160217192e-10,6.687379248293577e-12,5.94940561624943e-12
3638,5.805856088617809e-10,6.671395402186188e-12,5.935494976030281e-12
3639,5.791950383047962e-10,6.655452301231431e-12,5.921619383910962e-12
3640,5.778030163517681e-10,6.639545639430181e-12,5.907774604873483e-12
3641,5.764141480517745e-10,6.623680529011755e-12,5.893964069546934e-12
3642,5.750339710863569e-10,6.607853587616221e-12,5.880187811706592e-12
3643,5.736592924976885e-10,6.592064748238006e-12,5.866443107374705e-12
3644,5.722846572364114e-10,6.576315671854903e-12,5.852730916528851e-12
3645,5.709140879967472e-10,6.560605654589308e-12,5.839050761865491e-12
3646,5.695442002023913e-10,6.544934145699165e-12,5.825402832650315e-12
3647,5.681845441552604e-10,6.529302803844092e-12,5.811790344622709e-12
3648,5.668231250616896e-10,6.513708140412374e-12,5.798206758130316e-12
3649,5.654642708131931e-10,6.498153102556829e-12,5.784657102719962e-12
3650,5.641073711686028e-10,6.482635402640296e-12,5.77113970701725e-12
3651,5.627543833190688e-10,6.467156841940781e-12,5.75765453082403e-12
3652,5.614135468550215e-10,6.451718399567381e-12,5.744204085533102e-12
3653,5.600691754611546e-10,6.436314976204076e-12,5.730782392636974e-12
3654,5.587284530569923e-10,6.420951027731874e-12,5.717394493512443e-12
3655,5.573924738140587e-10,6.40562369076795e-12,5.704036935686046e-12
3656,5.560598337704708e-10,6.390334546014593e-12,5.690713020687036e-12
3657,5.547258870464694e-10,6.375082304508341e-12,5.677419663664755e-12
3658,5.534019925438372e-10,6.359866695391371e-12,5.664158425580715e-12
3659,5.520762700610799e-10,6.344687427380028e-12,5.650929036493108e-12
3660,5.507590922135913e-10,6.329544098705617e-12,5.637731344223551e-12
3661,5.494416112884738e-10,6.314436736441122e-12,5.624564166095095e-12
3662,5.481277449024164e-10,6.299365191937995e-12,5.611428493733484e-12
3663,5.468162005354737e-10,6.284330251304031e-12,5.598323673190389e-12
3664,5.455114053318985e-10,6.269329976102825e-12,5.585250122917561e-12
3665,5.442081435939522e-10,6.254367045553417e-12,5.572207838885279e-12
3666,5.42910093364336e-10,6.239439594124133e-12,5.55919588058223e-12
3667,5.416158933676905e-10,6.224548458986019e-12,5.546215407192169e-12
3668,5.403233346888591e-10,6.209692200596761e-12,5.533266036925111e-12
3669,5.390282809632991e-10,6.194870119324604e-12,5.520347333305844e-12
3670,5.3773963296543e-10,6.180082676386115e-12,5.507459499794209e-12
3671,5.36457062221805e-10,6.165329621613588e-12,5.494602270328969e-12
3672,5.351746506033681e-10,6.150611021496827e-12,5.481776159629935e-12
3673,5.338990316818661e-10,6.135927291727362e-12,5.468980112841636e-12
3674,5.32618956518229e-10,6.121276995725261e-12,5.45621456423228e-12
3675,5.313484245749615e-10,6.106661931267077e-12,5.443478930965566e-12
3676,5.300785475171246e-10,6.092080644412101e-12,5.430773409140891e-12
3677,5.288159274322053e-10,6.07753419254669e-12,5.418097993758946e-12
3678,5.275547877064178e-10,6.063020845376933e-12,5.405452612170308e-12
3679,5.262890120857035e-10,6.048541275327556e-12,5.392837340930239e-12
3680,5.250373604145563e-10,6.034095466341839e-12,5.380251413364545e-12
3681,5.237811315967862e-10,6.019683414236435e-12,5.367695912287297e-12
3682,5.225270832917131e-10,6.005304878818782e-12,5.355169840115062e-12
3683,5.212846837961839e-10,5.990959786333332e-12,5.342672318650696e-12
3684,5.200364954581402e-10,5.9766483349355e-12,5.330205777828169e-12
3685,5.188014005804707e-10,5.962369526257648e-12,5.317768590218708e-12
3686,5.175630463802708e-10,5.948124002090303e-12,5.30536032531505e-12
3687,5.163300933694163e-10,5.933911830837756e-12,5.292982015911691e-12
3688,5.151055783660514e-10,5.919732756992747e-12,5.280632140425178e-12
3689,5.138771385006212e-10,5.905586712899982e-12,5.268312691032511e-12
3690,5.126492015910116e-10,5.891473471584644e-12,5.256022536531963e-12
3691,5.114264536005512e-10,5.877394144700968e-12,5.243761219854449e-12
3692,5.102057425167387e-10,5.863346879917312e-12,5.231528658734992e-12
3693,5.089926545689619e-10,5.849333454659176e-12,5.219325052969543e-12
3694,5.077799196442993e-10,5.835353410482675e-12,5.207149943696482e-12
3695,5.06570769919388e-10,5.821407977096141e-12,5.195003900075369e-12
3696,5.053710543230444e-10,5.807494732158879e-12,5.182886483980648e-12
3697,5.041672528461092e-10,5.793615144394541e-12,5.170797946292864e-12
3698,5.029661306915448e-10,5.779768726949038e-12,5.158738525100747e-12
3699,5.017664766310327e-10,5.765956162020631e-12,5.146707240180874e-12
3700,5.005737552568279e-10,5.752176896467541e-12,5.134704501130066e-12
3701,4.993833442414677e-10,5.738431246565859e-12,5.122730298043528e-12
3702,4.981964091930695e-10,5.72471987408021e-12,5.110784774848975e-12
3703,4.970083792449448e-10,5.711042407960527e-12,5.098867063988488e-12
3704,4.95825611468213e-10,5.697399507432055e-12,5.086978289218961e-12
3705,4.946428105449843e-10,5.68379147892675e-12,5.075116786413947e-12
3706,4.934626393343916e-10,5.67021785693668e-12,5.063284452065473e-12
3707,4.922883173938324e-10,5.656679358120312e-12,5.051479844859905e-12
3708,4.911176959141836e-10,5.643175738668949e-12,5.039703250201478e-12
3709,4.899479763919004e-10,5.629707100328548e-12,5.027954027104743e-12
3710,4.887808204359999e-10,5.616273957197125e-12,5.016232881554078e-12
3711,4.87613932625133e-10,5.602875556481628e-12,5.004539476134278e-12
3712,4.864523037136283e-10,5.589512448893298e-12,4.992874124233178e-12
3713,4.852984857462006e-10,5.576184875366911e-12,4.98123611049919e-12
3714,4.84144817046884e-10,5.5628931964966e-12,4.969625235847488e-12
3715,4.829933350266212e-10,5.549637495001083e-12,4.958042339123001e-12
3716,4.818421128714894e-10,5.536416718188089e-12,4.946486573354595e-12
3717,4.806963999150851e-10,5.523232771835464e-12,4.934958332835247e-12
3718,4.795560791996209e-10,5.510085029125633e-12,4.923457424702551e-12
3719,4.784127116444634e-10,5.496975153724003e-12,4.911983836070624e-12
3720,4.77275030022974e-10,5.483903594326048e-12,4.900536996573369e-12
3721,4.761410381935051e-10,5.47086942828046e-12,4.889117031097322e-12
3722,4.750090560343014e-10,5.457869834634737e-12,4.87772525039061e-12
3723,4.738798858283927e-10,5.444903947769702e-12,4.866358991837085e-12
3724,4.727534527067149e-10,5.431972559598644e-12,4.855019760778262e-12
3725,4.716293497312442e-10,5.419075088443255e-12,4.843709180510582e-12
3726,4.705091938549704e-10,5.406210539557546e-12,4.832422968064092e-12
3727,4.693908272514792e-10,5.393381196425201e-12,4.821166139062339e-12
3728,4.682733904570991e-10,5.380583317847023e-12,4.809932924420671e-12
3729,4.671566325831455e-10,5.367819271420653e-12,4.798726085421911e-12
3730,4.660443368308692e-10,5.355087576457736e-12,4.78754815329032e-12
3731,4.649415185240132e-10,5.342386110185968e-12,4.776394135235138e-12
3732,4.638378848848003e-10,5.329716988100316e-12,4.765269250030444e-12
3733,4.62737892002037e-10,5.317077482702883e-12,4.754167638322367e-12
3734,4.616364920003036e-10,5.304470374390658e-12,4.743095137113324e-12
3735,4.605376096736125e-10,5.291892524910734e-12,4.732046489275268e-12
3736,4.59438946890891e-10,5.279346143288393e-12,4.721026288233321e-12
3737,4.583496974398244e-10,5.266828302027253e-12,4.710029633855412e-12
3738,4.572619256035204e-10,5.254341031509889e-12,4.699060888775228e-12
3739,4.56178652394355e-10,5.241882631282531e-12,4.688117362183185e-12
3740,4.550951342438161e-10,5.229452524890111e-12,4.677198669407198e-12
3741,4.540169931593896e-10,5.217052483054479e-12,4.666306396418048e-12
3742,4.52935974363311e-10,5.20468094786442e-12,4.655438569600924e-12
3743,4.518594859552726e-10,5.192338540311321e-12,4.644597806782561e-12
3744,4.50790328317599e-10,5.180025007705128e-12,4.63378216588484e-12
3745,4.497194269264055e-10,5.167740979153748e-12,4.622991498491214e-12
3746,4.486514162454663e-10,5.155486301138609e-12,4.612228522782134e-12
3747,4.47584459144722e-10,5.143258175152025e-12,4.60148902923543e-12
3748,4.465186420665692e-10,5.1310577098628e-12,4.590772688437326e-12
3749,4.454573654390225e-10,5.118888760928642e-12,4.580085743040413e-12
3750,4.444015589374406e-10,5.106746078149897e-12,4.569420454433776e-12
3751,4.433472820696355e-10,5.094632967805647e-12,4.558783796410213e-12
3752,4.422945604201751e-10,5.082547752383154e-12,4.548169776796507e-12
3753,4.412451843305104e-10,5.070491587701319e-12,4.537581438921712e-12
3754,4.401930042678411e-10,5.058462475073114e-12,4.527016838682419e-12
3755,4.391490544248674e-10,5.046461863590193e-12,4.516477767355871e-12
3756,4.381061409436778e-10,5.034489504913544e-12,4.505964904213515e-12
3757,4.370649057133442e-10,5.02254410710626e-12,4.495474651253632e-12
3758,4.360252770629612e-10,5.01062707467439e-12,4.485010722417772e-12
3759,4.349888420900703e-10,4.998737672952745e-12,4.474570309913899e-12
3760,4.339563019475114e-10,4.986876223972353e-12,4.464155311257381e-12
3761,4.32925427749871e-10,4.975041789013078e-12,4.453763616865025e-12
3762,4.318999754591396e-10,4.963234894005507e-12,4.443397410192937e-12
3763,4.308707679787707e-10,4.951455625670615e-12,4.433056556833063e-12
3764,4.298474509324617e-10,4.939703035712343e-12,4.422738120476194e-12
3765,4.288293512627675e-10,4.927978077093628e-12,4.412444213086101e-12
3766,4.278075880026081e-10,4.916279284138599e-12,4.402172739226897e-12
3767,4.267902455020851e-10,4.90460937036846e-12,4.391928639777435e-12
3768,4.257759576973558e-10,4.892966030925106e-12,4.381707288318449e-12
3769,4.24767090640935e-10,4.881348892633558e-12,4.371508304741259e-12
3770,4.23755696117596e-10,4.869761609766469e-12,4.361336902976317e-12
3771,4.227560497348637e-10,4.858200248303284e-12,4.351188378343826e-12
3772,4.217481840349526e-10,4.846664839611509e-12,4.341062417873886e-12
3773,4.207482379982151e-10,4.835157100856936e-12,4.330961536731997e-12
3774,4.197490204464661e-10,4.82367615408359e-12,4.320882617244779e-12
3775,4.187529009088011e-10,4.812222514457885e-12,4.310828708139033e-12
3776,4.177579154515238e-10,4.800794504127296e-12,4.300797254577534e-12
3777,4.167647188227702e-10,4.789394018985001e-12,4.290789384874293e-12
3778,4.157754783754823e-10,4.778019964111798e-12,4.280806151269372e-12
3779,4.147895417727914e-10,4.766673308239743e-12,4.270845764797575e-12
3780,4.138056615122438e-10,4.755352927802626e-12,4.260908697326523e-12
3781,4.128223075831176e-10,4.744059510392088e-12,4.250994932946157e-12
3782,4.118392392950721e-10,4.732792496515189e-12,4.241104415527586e-12
3783,4.108642528530864e-10,4.721553002465288e-12,4.231237787684028e-12
3784,4.098887699153504e-10,4.710339201249257e-12,4.221392512258465e-12
3785,4.089227299908065e-10,4.699154067587583e-12,4.211573280983611e-12
3786,4.079531679353953e-10,4.687994066237903e-12,4.201774820103529e-12
3787,4.069871923919064e-10,4.676862011950223e-12,4.192000295095274e-12
3788,4.060234985145091e-10,4.665757526166489e-12,4.182248753485054e-12
3789,4.050630408469773e-10,4.654680522041971e-12,4.17252037510783e-12
3790,4.041013625289163e-10,4.643631729719022e-12,4.162814641861775e-12
3791,4.031443106987994e-10,4.6326100058068e-12,4.153131507100924e-12
3792,4.021909339553726e-10,4.621616351396031e-12,4.143471712290526e-12
3793,4.012369048615118e-10,4.610649479906781e-12,4.133833824468924e-12
3794,4.002913977724543e-10,4.599712253836963e-12,4.124218864210443e-12
3795,3.993426911869889e-10,4.588802251775372e-12,4.114626929473674e-12
3796,3.984015779153541e-10,4.57792044083398e-12,4.105057296067382e-12
3797,3.974568768092002e-10,4.567067209319847e-12,4.095510126650762e-12
3798,3.96518322317485e-10,4.556242958234974e-12,4.085983684550375e-12
3799,3.955840708731978e-10,4.545448332273269e-12,4.07648259741805e-12
3800,3.946501148567792e-10,4.534683081134122e-12,4.067001042012364e-12
3801,3.937166552079679e-10,4.523948702027253e-12,4.057543457934859e-12
3802,3.9279158994333e-10,4.513245318789947e-12,4.048109163057139e-12
3803,3.918594161108834e-10,4.502568704900528e-12,4.038693613287955e-12
3804,3.909334283897184e-10,4.491925464152966e-12,4.029304588515308e-12
3805,3.900064399364611e-10,4.481305903160573e-12,4.019930943344764e-12
3806,3.890869266654857e-10,4.470723009802922e-12,4.010587985013474e-12
3807,3.881698357475717e-10,4.460166363964675e-12,4.001262897122158e-12
3808,3.872560208827095e-10,4.44963188097156e-12,3.991954476725436e-12
3809,3.863443821778438e-10,4.439129816677074e-12,3.9826759520713e-12
3810,3.854280453930623e-10,4.428647410690748e-12,3.973413135760351e-12
3811,3.845196969734721e-10,4.418195448133118e-12,3.964177831822148e-12
3812,3.836094580000829e-10,4.40776393730395e-12,3.954958896479958e-12
3813,3.82705134759314e-10,4.397359417572459e-12,3.945764885042813e-12
3814,3.818007139701577e-10,4.386978467067456e-12,3.936590808925689e-12
3815,3.809002229590912e-10,4.376624638071941e-12,3.927441412857456e-12
3816,3.799979517801902e-10,4.366291739287464e-12,3.918308684586492e-12
3817,3.791031058228075e-10,4.355985031665381e-12,3.909200089270162e-12
3818,3.782081155130125e-10,4.345703052577887e-12,3.900113826209186e-12
3819,3.773145961639272e-10,4.33544350311141e-12,3.891045411097868e-12
3820,3.764251315976966e-10,4.325209834945309e-12,3.882001744076485e-12
3821,3.755357635590156e-10,4.314998896768193e-12,3.872976656048104e-12
3822,3.746543372948843e-10,4.304813119664055e-12,3.863974314585043e-12
3823,3.737711663889442e-10,4.294650071803103e-12,3.85499224603607e-12
3824,3.728882627950113e-10,4.284510870465451e-12,3.846031396582708e-12
3825,3.720057813409099e-10,4.274396223221104e-12,3.837092035824724e-12
3826,3.711298859233485e-10,4.264304601175741e-12,3.828173386543679e-12
3827,3.702558313662049e-10,4.254237760401884e-12,3.81927534498144e-12
3828,3.69383866299147e-10,4.244193095068907e-12,3.810398415083375e-12
3829,3.685115113688724e-10,4.234172270837222e-12,3.801541990646763e-12
3830,3.676452880818962e-10,4.224174910883697e-12,3.792706551835199e-12
3831,3.667755569581633e-10,4.214199896640456e-12,3.783891260410721e-12
3832,3.659059351633702e-10,4.20424875465451e-12,3.775097641093141e-12
3833,3.650435236125801e-10,4.194320020752073e-12,3.766322604121025e-12
3834,3.641860588444353e-10,4.18441554366843e-12,3.757571030850116e-12
3835,3.63327909608942e-10,4.174533367152431e-12,3.748837976126432e-12
3836,3.624700488071065e-10,4.164673896019407e-12,3.740125481493885e-12
3837,3.61615590491354e-10,4.154837399295113e-12,3.731434132100881e-12
3838,3.607663855672136e-10,4.145023183927644e-12,3.722761767151599e-12
3839,3.599122427054655e-10,4.135232427189661e-12,3.714110610960014e-12
3840,3.590600880230844e-10,4.125464230200907e-12,3.705479553664918e-12
3841,3.582139949773756e-10,4.115717718916814e-12,3.696867868768646e-12
3842,3.573638872279686e-10,4.105994711682253e-12,3.688277722949014e-12
3843,3.565238326734614e-10,4.096293147313043e-12,3.679706680589656e-12
3844,3.556868353188426e-10,4.08661433862312e-12,3.671155918012662e-12
3845,3.548481619748921e-10,4.076958675021756e-12,3.662626346747109e-12
3846,3.540115967570553e-10,4.067324281067682e-12,3.654114842903073e-12
3847,3.531777568050806e-10,4.057712580686703e-12,3.645623454508242e-12
3848,3.523497663472993e-10,4.048123491685324e-12,3.637152782130581e-12
3849,3.515209119597357e-10,4.03855600859754e-12,3.628701194082785e-12
3850,3.506928352260366e-10,4.029009918126346e-12,3.620268937188775e-12
3851,3.498721240180052e-10,4.01948821927623e-12,3.611860248105615e-12
3852,3.490471312100725e-10,4.009987049707762e-12,3.603470366057128e-12
3853,3.482257286944995e-10,4.000505992947565e-12,3.595094837594676e-12
3854,3.474060995345247e-10,3.991047838229665e-12,3.586742579089108e-12
3855,3.465865995507661e-10,3.981610826323257e-12,3.578407872422381e-12
3856,3.457714908920976e-10,3.97219601815396e-12,3.570093185502897e-12
3857,3.449630236766338e-10,3.962803113849474e-12,3.561799472294662e-12
3858,3.441474800010795e-10,3.953431783555962e-12,3.553524464613891e-12
3859,3.433416521232717e-10,3.944082497122974e-12,3.545269690361398e-12
3860,3.425320932607581e-10,3.934753741143898e-12,3.537033054537664e-12
3861,3.417295382487526e-10,3.925447335832485e-12,3.528816753209966e-12
3862,3.409255994880225e-10,3.916161985617015e-12,3.52061794510064e-12
3863,3.401251906092794e-10,3.906898666665195e-12,3.512439949007532e-12
3864,3.393275215672477e-10,3.897656315236162e-12,3.504280135700634e-12
3865,3.385299767614982e-10,3.888436243853478e-12,3.496139296306554e-12
3866,3.377374884968121e-10,3.879237696550627e-12,3.488017952520641e-12
3867,3.369409554215936e-10,3.870059965238395e-12,3.479915367686113e-12
3868,3.361549948008863e-10,3.860904926405395e-12,3.471831837349802e-12
3869,3.353673620036093e-10,3.851770371093764e-12,3.463767253199688e-12
3870,3.345800744016967e-10,3.842658760352334e-12,3.45572265580189e-12
3871,3.337913315970277e-10,3.833567324778707e-12,3.44769496970832e-12
3872,3.330134085570105e-10,3.824498647669172e-12,3.439687486032642e-12
3873,3.322321611781633e-10,3.815450852607946e-12,3.431697242856932e-12
3874,3.314506474649206e-10,3.806425577662151e-12,3.423726373760038e-12
3875,3.306730303241991e-10,3.797422014737083e-12,3.415774918485718e-12
3876,3.299012601811733e-10,3.78844004429251e-12,3.407840726128794e-12
3877,3.29128945791509e-10,3.779480228237324e-12,3.399925374207419e-12
3878,3.283553410674774e-10,3.77054299349866e-12,3.392029542504642e-12
3879,3.275866280222122e-10,3.761628007120357e-12,3.384151039155832e-12
3880,3.268175300172815e-10,3.752735152627836e-12,3.376291693277625e-12
3881,3.260514574203086e-10,3.743864413444333e-12,3.368450022566172e-12
3882,3.252908286064838e-10,3.735016490654063e-12,3.360627146820572e-12
3883,3.245275884716729e-10,3.726191072556799e-12,3.352824705876351e-12
3884,3.237684820905147e-10,3.717387288816694e-12,3.345038105569706e-12
3885,3.230075062607333e-10,3.708606492592174e-12,3.337269533077699e-12
3886,3.222466615225687e-10,3.699848084188795e-12,3.329519564365228e-12
3887,3.214916384496316e-10,3.691113128521424e-12,3.321787520341652e-12
3888,3.207347364952914e-10,3.682402277355241e-12,3.314075067939112e-12
3889,3.199830310945243e-10,3.67371364956353e-12,3.306379221626856e-12
3890,3.19229839645618e-10,3.665050011096752e-12,3.29870222508913e-12
3891,3.184794365323524e-10,3.656410880829048e-12,3.291042020156771e-12
3892,3.177315515033701e-10,3.647795611652719e-12,3.283400224542768e-12
3893,3.16984758647398e-10,3.639203183272025e-12,3.275777115293611e-12
3894,3.162418745887732e-10,3.630631535756097e-12,3.268170920144028e-12
3895,3.155022733403834e-10,3.622083059294123e-12,3.260581729440972e-12
3896,3.147585965089663e-10,3.613556393875429e-12,3.253012240419699e-12
3897,3.140179598483124e-10,3.60505270967094e-12,3.24545996976635e-12
3898,3.1328027730579e-10,3.596569910968253e-12,3.237924197563621e-12
3899,3.125430899670461e-10,3.588109594620134e-12,3.23040801487979e-12
3900,3.118133667393737e-10,3.579668563217253e-12,3.222906677854754e-12
3901,3.110777056059335e-10,3.571247797647866e-12,3.215423931191969e-12
3902,3.103463576751057e-10,3.56284757110598e-12,3.207958501592514e-12
3903,3.096159416737407e-10,3.554468646588743e-12,3.200511236201177e-12
3904,3.088888610338375e-10,3.546108333041956e-12,3.193080744755667e-12
3905,3.081618347226648e-10,3.537768696407889e-12,3.185669299217451e-12
3906,3.074395515456335e-10,3.529446776511932e-12,3.178272415162487e-12
3907,3.067149531754016e-10,3.521146694086593e-12,3.170895623094173e-12
3908,3.059916450559074e-10,3.512864132785842e-12,3.163534760676621e-12
3909,3.05273478927642e-10,3.504600113930549e-12,3.156190005359979e-12
3910,3.045550268099294e-10,3.496356810386353e-12,3.148863872551714e-12
3911,3.038374153464505e-10,3.488131625913776e-12,3.141554681874904e-12
3912,3.031255026788331e-10,3.479926099664959e-12,3.134262721540617e-12
3913,3.024109175332284e-10,3.471737755857725e-12,3.126985926058574e-12
3914,3.016976873416418e-10,3.463569541068994e-12,3.119727783969332e-12
3915,3.009887004324149e-10,3.45542073736115e-12,3.112487529574669e-12
3916,3.002780343051365e-10,3.447289131911085e-12,3.105261785802679e-12
3917,2.995689995506138e-10,3.439177858884141e-12,3.098055139642219e-12
3918,2.988596868101894e-10,3.431083052664524e-12,3.090863133702389e-12
3919,2.981612637279082e-10,3.423007696544655e-12,3.083688806988023e-12
3920,2.974577818369986e-10,3.414951989373165e-12,3.076533127108997e-12
3921,2.967570682830204e-10,3.406913349729895e-12,3.069391866095349e-12
3922,2.960590840914403e-10,3.398891917605968e-12,3.062266922810887e-12
3923,2.953638682821398e-10,3.390893124210966e-12,3.055162322842579e-12
3924,2.946667041385979e-10,3.38290605000386e-12,3.04806739900925e-12
3925,2.939739999341318e-10,3.374941029550081e-12,3.04099351243612e-12
3926,2.93282875055724e-10,3.366997103012894e-12,3.033940521178629e-12
3927,2.925917697359684e-10,3.3590655370173e-12,3.026895014629412e-12
3928,2.919032663004444e-10,3.351156154752642e-12,3.019871656262769e-12
3929,2.912167309125235e-10,3.343261899268293e-12,3.01286262334916e-12
3930,2.905317752141379e-10,3.335387259045272e-12,3.005868392348859e-12
3931,2.898514507215118e-10,3.327531506823725e-12,2.998894971850959e-12
3932,2.8916912510657e-10,3.319692672335082e-12,2.991935091875541e-12
3933,2.884896356205939e-10,3.311872292785119e-12,2.984992227299109e-12
3934,2.878106833120597e-10,3.304068343891234e-12,2.978063775898357e-12
3935,2.871350286467287e-10,3.29628383682723e-12,2.971152070889413e-12
3936,2.864616862486386e-10,3.288518840537634e-12,2.964260145463741e-12
3937,2.857908568908451e-10,3.280769302292661e-12,2.957380595761258e-12
3938,2.85117739488817e-10,3.2730375247093e-12,2.950516599688358e-12
3939,2.844517906106455e-10,3.26532542420936e-12,2.943671655575915e-12
3940,2.837823079543288e-10,3.25762982367368e-12,2.936841116341113e-12
3941,2.831142492359187e-10,3.249951732167325e-12,2.930026700553763e-12
3942,2.824507582925994e-10,3.242292367975282e-12,2.923228211188761e-12
3943,2.817871828270234e-10,3.234649457704746e-12,2.916445254110939e-12
3944,2.811304899754414e-10,3.227024341528993e-12,2.909677688240681e-12
3945,2.804693013521223e-10,3.219417641626451e-12,2.902927743784665e-12
3946,2.79811678200516e-10,3.211827723374623e-12,2.896192172708468e-12
3947,2.791574131109623e-10,3.204254807989137e-12,2.889471500232149e-12
3948,2.78502834901824e-10,3.19670110993782e-12,2.882769359427928e-12
3949,2.778477313135202e-10,3.189162565007508e-12,2.876078935170855e-12
3950,2.771995025807901e-10,3.181643417974715e-12,2.869408249094859e-12
3951,2.765473080647425e-10,3.174140613653121e-12,2.86275036699591e-12
3952,2.759002782917124e-10,3.166656408829977e-12,2.856109452480977e-12
3953,2.752553815989999e-10,3.15918857276259e-12,2.849483823933595e-12
3954,2.746074270922816e-10,3.151738655206392e-12,2.84287292435992e-12
3955,2.739676028190213e-10,3.144304828496344e-12,2.836276766024959e-12
3956,2.733205443928359e-10,3.136889322298967e-12,2.829696425107776e-12
3957,2.726838655847348e-10,3.129493205502514e-12,2.823134397592882e-12
3958,2.720453217650555e-10,3.122110535666395e-12,2.816582222276696e-12
3959,2.714058064107015e-10,3.114749519606913e-12,2.81005074600635e-12
3960,2.707746588682119e-10,3.10740260038853e-12,2.803530698593351e-12
3961,2.701413173018184e-10,3.10007452888623e-12,2.79702732889331e-12
3962,2.695121438351292e-10,3.092766051761304e-12,2.790539966726285e-12
3963,2.688795662317318e-10,3.085472056832207e-12,2.784065357548098e-12
3964,2.682508934283118e-10,3.07819898833514e-12,2.777609514091532e-12
3965,2.676225025708725e-10,3.070942001007354e-12,2.771166107014142e-12
3966,2.669926819366376e-10,3.063704286958229e-12,2.764738856167833e-12
3967,2.663708301969778e-10,3.056483013931398e-12,2.758325127481182e-12
3968,2.657452983809827e-10,3.049281258038204e-12,2.751927027390019e-12
3969,2.651220984590936e-10,3.042098201388641e-12,2.745545334456804e-12
3970,2.644986661745607e-10,3.034932660311052e-12,2.739176494843869e-12
3971,2.638773184229061e-10,3.027785486516753e-12,2.732822563073582e-12
3972,2.63261361025467e-10,3.020657747351121e-12,2.726484493903285e-12
3973,2.626468906496785e-10,3.013550092767823e-12,2.720162943751759e-12
3974,2.620330930647228e-10,3.006459051797814e-12,2.713852188564696e-12
3975,2.614191824296347e-10,2.999389447239085e-12,2.70755872498064e-12
3976,2.608060754831435e-10,2.992338043803199e-12,2.701279442391052e-12
3977,2.601953377609721e-10,2.985306431231302e-12,2.695015547976771e-12
3978,2.595854184126827e-10,2.97829203342103e-12,2.688765000173194e-12
3979,2.589787136479386e-10,2.971297245588178e-12,2.682530485075094e-12
3980,2.583711262700904e-10,2.964319618865844e-12,2.676309727405924e-12
3981,2.577649458388831e-10,2.957359443406864e-12,2.670102764671175e-12
3982,2.571645847344723e-10,2.950417749872819e-12,2.663911986529618e-12
3983,2.565654690813493e-10,2.943493837515916e-12,2.657734134078996e-12
3984,2.559675911748863e-10,2.936586952385585e-12,2.65157073529119e-12
3985,2.553681535263115e-10,2.92969920017943e-12,2.645423609748867e-12
3986,2.547694296159337e-10,2.922826598808732e-12,2.639289354084223e-12
3987,2.541722561783727e-10,2.91597020270769e-12,2.6331685698051e-12
3988,2.535775424884452e-10,2.909129221245394e-12,2.627061831844384e-12
3989,2.529880528195266e-10,2.902306257580802e-12,2.620972454865099e-12
3990,2.523954352686266e-10,2.895498575571218e-12,2.614895046699964e-12
3991,2.518097901203882e-10,2.888705565344456e-12,2.608831606151082e-12
3992,2.512208711430635e-10,2.881929236417644e-12,2.602782868254659e-12
3993,2.506304290148006e-10,2.875167866463067e-12,2.596747562505506e-12
3994,2.500467336038997e-10,2.868423472170771e-12,2.590727334861761e-12
3995,2.494642814490142e-10,2.861694779798497e-12,2.584720966955692e-12
3996,2.488813531343643e-10,2.854980205502902e-12,2.578727983265644e-12
3997,2.482983326611378e-10,2.848281991590034e-12,2.57274993698043e-12
3998,2.477172255037355e-10,2.84159835832357e-12,2.566784172188636e-12
3999,2.471403166340018e-10,2.834930169938725e-12,2.560832833644596e-12
4000,2.465608660926204e-10,2.828277862268256e-12,2.554895811257729e-12
4001,2.459873206038222e-10,2.821640037821619e-12,2.548971733634505e-12
4002,2.454149199996241e-10,2.815017762655023e-12,2.543061684516908e-12
4003,2.448393507817872e-10,2.808411120822036e-12,2.537166178972408e-12
4004,2.442658183452879e-10,2.801818089784544e-12,2.531283464936064e-12
4005,2.436914484606984e-10,2.795241999177159e-12,2.525415990588696e-12
4006,2.431214969672284e-10,2.788682320702913e-12,2.519563100821256e-12
4007,2.425583049033673e-10,2.782137301698324e-12,2.513723688746402e-12
4008,2.419934754566978e-10,2.775604045256601e-12,2.507894428834597e-12
4009,2.414277621578491e-10,2.769089379521225e-12,2.502083436850146e-12
4010,2.408628052154178e-10,2.762583335718705e-12,2.496277279475513e-12
4011,2.403003813178288e-10,2.756101110411504e-12,2.490496650962795e-12
4012,2.397430882605446e-10,2.749629490864494e-12,2.484723718213237e-12
4013,2.391838965362759e-10,2.743170881380951e-12,2.478962008586244e-12
4014,2.386188905576271e-10,2.736725916615233e-12,2.473212202467544e-12
4015,2.380628052079897e-10,2.730298003637327e-12,2.46747875197025e-12
4016,2.375119697433473e-10,2.723884011807011e-12,2.461758930102099e-12
4017,2.369508016333307e-10,2.717484598345607e-12,2.456051239073744e-12
4018,2.363986343944229e-10,2.711100262638847e-12,2.450359387942008e-12
4019,2.358461952712834e-10,2.704731550219262e-12,2.444679259154141e-12
4020,2.353026474256615e-10,2.698377673707169e-12,2.439014517192357e-12
4021,2.347534071721726e-10,2.69203529202489e-12,2.433358933349313e-12
4022,2.342080923681694e-10,2.685710562917894e-12,2.427720724479685e-12
4023,2.336626165575632e-10,2.679397943860478e-12,2.422092578295759e-12
4024,2.331148564646372e-10,2.673099391907744e-12,2.416476792770878e-12
4025,2.325752729460674e-10,2.666818899212441e-12,2.410878118196139e-12
4026,2.320339245567633e-10,2.660549429189405e-12,2.405289076321528e-12
4027,2.314927532106242e-10,2.654293693182111e-12,2.399711926317522e-12
4028,2.309573476513629e-10,2.648057274298232e-12,2.394153846052005e-12
4029,2.304220079642678e-10,2.64183082072283e-12,2.388603465618291e-12
4030,2.298844079294003e-10,2.635620225958653e-12,2.383067045658428e-12
4031,2.293469629720639e-10,2.629423574234319e-12,2.377544155590692e-12
4032,2.288136656680712e-10,2.623239966524196e-12,2.372031515784033e-12
4033,2.282822863750546e-10,2.617073815251578e-12,2.366536289934003e-12
4034,2.277510613585536e-10,2.610917676720102e-12,2.361049222508512e-12
4035,2.272204059007091e-10,2.604779176519698e-12,2.355578540152349e-12
4036,2.266907675012855e-10,2.598654122341019e-12,2.350118532266242e-12
4037,2.261608032569269e-10,2.592542262763072e-12,2.344671282527451e-12
4038,2.256346038846838e-10,2.58644717733385e-12,2.339238849433584e-12
4039,2.251128697264981e-10,2.580363910440383e-12,2.333817321410661e-12
4040,2.245856384492463e-10,2.574294667243004e-12,2.328407711663244e-12
4041,2.240637742618836e-10,2.568240170271135e-12,2.323011679989626e-12
4042,2.235455364224922e-10,2.562202103671472e-12,2.317630450287878e-12
4043,2.230267773555901e-10,2.556175351219509e-12,2.312258502426073e-12
4044,2.225050407465769e-10,2.550164287742954e-12,2.306900877763418e-12
4045,2.219854663118709e-10,2.544166524829391e-12,2.301553776034129e-12
4046,2.214697632467014e-10,2.53818313436728e-12,2.296219809677491e-12
4047,2.209519916160217e-10,2.532214263207876e-12,2.290898766252697e-12
4048,2.204362451665197e-10,2.526259352425629e-12,2.285588851800897e-12
4049,2.199255176999785e-10,2.520321250498729e-12,2.280295043406321e-12
4050,2.194155224592889e-10,2.514394543367511e-12,2.275009247437163e-12
4051,2.189062985700958e-10,2.508484059555649e-12,2.269739098597689e-12
4052,2.183949169878083e-10,2.502587039047084e-12,2.264479341833623e-12
4053,2.178864028130371e-10,2.496704372608661e-12,2.259231292734891e-12
4054,2.173814358469889e-10,2.490838189496716e-12,2.253998056973353e-12
4055,2.168763122018102e-10,2.484984923417632e-12,2.248774708373815e-12
4056,2.163713770759222e-10,2.479146622780387e-12,2.243564485805689e-12
4057,2.158678737255055e-10,2.473323012667417e-12,2.238365774063297e-12
4058,2.153621651938454e-10,2.467513815515358e-12,2.233179521644571e-12
4059,2.148596295727652e-10,2.46171967699765e-12,2.228004501506906e-12
4060,2.143589317849146e-10,2.455942270313948e-12,2.222843388475538e-12
4061,2.138576714116025e-10,2.450180033074925e-12,2.217693471092402e-12
4062,2.133605218554041e-10,2.44443365457133e-12,2.212555330745259e-12
4063,2.128608841504576e-10,2.438700792472506e-12,2.207427639677619e-12
4064,2.123647958949791e-10,2.432984863721892e-12,2.202315332350308e-12
4065,2.118702284149193e-10,2.427282030433872e-12,2.197212403818133e-12
4066,2.113778648047565e-10,2.421593815522825e-12,2.192121619566609e-12
4067,2.10879605759207e-10,2.415920862492071e-12,2.187043496367252e-12
4068,2.103905495580261e-10,2.410261368044892e-12,2.181977125130003e-12
4069,2.098973192114216e-10,2.404615536862196e-12,2.176921133411987e-12
4070,2.094056385383021e-10,2.398984641906426e-12,2.171877903238503e-12
4071,2.089237084998286e-10,2.3933671904914e-12,2.166846232230897e-12
4072,2.084332807605432e-10,2.387765592757475e-12,2.161829258198552e-12
4073,2.07948308139015e-10,2.382173173100432e-12,2.156818623657577e-12
4074,2.074657153394687e-10,2.376595765408517e-12,2.151821622648554e-12
4075,2.069824828218191e-10,2.371033025618038e-12,2.146837856977807e-12
4076,2.06500553994222e-10,2.365482582039789e-12,2.14186542504161e-12
4077,2.060170854552351e-10,2.359945538355042e-12,2.136904729456797e-12
4078,2.055375816375827e-10,2.354420795568311e-12,2.131954573393349e-12
4079,2.050578759377362e-10,2.348908167150048e-12,2.127015026704434e-12
4080,2.045817661336659e-10,2.343409968442744e-12,2.122089623258287e-12
4081,2.041014416575381e-10,2.33792371328976e-12,2.117173834360214e-12
4082,2.036276490568754e-10,2.332450146383973e-12,2.1122697444419e-12
4083,2.031512422726256e-10,2.326987748269741e-12,2.107375693587701e-12
4084,2.026770037159639e-10,2.321541568821616e-12,2.102496203075428e-12
4085,2.022012408583998e-10,2.3161044642395e-12,2.097624797469243e-12
4086,2.017317978367412e-10,2.310681694628099e-12,2.092766925152525e-12
4087,2.012617297937775e-10,2.305271415339263e-12,2.087919592869648e-12
4088,2.007882430322236e-10,2.299872969090603e-12,2.083083513454667e-12
4089,2.003168979179519e-10,2.294487503877523e-12,2.078259155658592e-12
4090,1.998537231139702e-10,2.289111996105772e-12,2.073443770279325e-12
4091,1.993865485834132e-10,2.283750787936286e-12,2.068641080077557e-12
4092,1.989223689732099e-10,2.278403868921062e-12,2.063852260947301e-12
4093,1.984586932333869e-10,2.273066253578315e-12,2.059071918208664e-12
4094,1.979918071916735e-10,2.26774149063653e-12,2.054302317302523e-12
4095,1.975289195159573e-10,2.262428726571944e-12,2.049544299547585e-12
4096,1.970686251924325e-10,2.257127196481254e-12,2.044795968118588e-12
4097,1.96607789206482e-10,2.251841440505574e-12,2.04006332655924e-12
4098,1.961478146969702e-10,2.246565534935281e-12,2.035339297339952e-12
4099,1.956944792745105e-10,2.241301400362429e-12,2.03062513508075e-12
4100,1.952384480549056e-10,2.236048927633393e-12,2.025922319153022e-12
4101,1.947813671942325e-10,2.230809405715756e-12,2.021230868946905e-12
4102,1.94325765986951e-10,2.225577247588234e-12,2.016545987344563e-12
4103,1.938708006810252e-10,2.220359099839418e-12,2.011873189290196e-12
4104,1.934204534593593e-10,2.215160964122563e-12,2.007221317631568e-12
4105,1.929736842342905e-10,2.209966531989156e-12,2.002572022328366e-12
4106,1.925212015947251e-10,2.204787803800266e-12,1.997936420659472e-12
4107,1.920705409299589e-10,2.199615773940992e-12,1.993305405478846e-12
4108,1.916226207518888e-10,2.194456308730005e-12,1.988687353514455e-12
4109,1.911747957066564e-10,2.189312169355661e-12,1.984083219943535e-12
4110,1.907307472520202e-10,2.184180169739086e-12,1.979490293408114e-12
4111,1.902848137763825e-10,2.179056892088908e-12,1.974905570667305e-12
4112,1.898382434643195e-10,2.173944027399123e-12,1.970329706426718e-12
4113,1.893965057378517e-10,2.168846513600385e-12,1.965767823321371e-12
4114,1.889614444260505e-10,2.163759429926449e-12,1.961216137172771e-12
4115,1.885198525726881e-10,2.158685057630971e-12,1.956675931066855e-12
4116,1.880790346871196e-10,2.153620783608622e-12,1.952144484270774e-12
4117,1.876436868446543e-10,2.14856781481029e-12,1.947623542035114e-12
4118,1.872092837478012e-10,2.143528240301377e-12,1.943114501008645e-12
4119,1.867747404264122e-10,2.138497999259966e-12,1.938613639089355e-12
4120,1.863368117611381e-10,2.133480578587529e-12,1.934124394677014e-12
4121,1.859023085622356e-10,2.128475068503332e-12,1.929646426605792e-12
4122,1.854721359948088e-10,2.123480158182425e-12,1.925177495283161e-12
4123,1.850421972029236e-10,2.118500812277905e-12,1.920723408960856e-12
4124,1.84610620401043e-10,2.11352710462763e-12,1.916273323457629e-12
4125,1.841816257111538e-10,2.108568000018769e-12,1.911836196125234e-12
4126,1.837546994720705e-10,2.10361939674679e-12,1.907409947068088e-12
4127,1.83325318632541e-10,2.098684908213904e-12,1.902995257762163e-12
4128,1.828982798832196e-10,2.093759002804024e-12,1.898588326563577e-12
4129,1.824741794754306e-10,2.088845561554141e-12,1.894192257174896e-12
4130,1.820524817756181e-10,2.083943061535904e-12,1.889806301849479e-12
4131,1.81624899368525e-10,2.079053451153104e-12,1.885431685715662e-12
4132,1.812056540668368e-10,2.074174631749063e-12,1.881067074218821e-12
4133,1.80784227591517e-10,2.069308107623672e-12,1.87671227612372e-12
4134,1.803635112209276e-10,2.064450779835345e-12,1.87236595126115e-12
4135,1.799423564608426e-10,2.059606400719706e-12,1.868030722210816e-12
4136,1.795264712914848e-10,2.054774731525557e-12,1.863707035833584e-12
4137,1.791080355853656e-10,2.049954072546931e-12,1.859392563159406e-12
4138,1.786870887748028e-10,2.045143177568719e-12,1.855087020895345e-12
4139,1.782738494602784e-10,2.040347278948409e-12,1.85079338134368e-12
4140,1.778603283585269e-10,2.035561431440282e-12,1.846508721697349e-12
4141,1.774480745702648e-10,2.030788159995714e-12,1.842234415958482e-12
4142,1.770375144167339e-10,2.026025943821574e-12,1.837969576949714e-12
4143,1.766203832229079e-10,2.021273574167555e-12,1.83371193305384e-12
4144,1.762103171443393e-10,2.0165358942352e-12,1.829466736336112e-12
4145,1.757999948995505e-10,2.011810266678449e-12,1.825231689525702e-12
4146,1.753924939198302e-10,2.007099456514483e-12,1.821009899165897e-12
4147,1.749882345816176e-10,2.002396185699238e-12,1.816792603948982e-12
4148,1.74584249932027e-10,1.99770767487787e-12,1.812588320982531e-12
4149,1.741771988444286e-10,1.993030076777498e-12,1.808392554097866e-12
4150,1.737732590758839e-10,1.988362788262781e-12,1.804205336245021e-12
4151,1.73370681112116e-10,1.983709619320858e-12,1.800029419864412e-12
4152,1.729669608608168e-10,1.97906735466003e-12,1.795862454053692e-12
4153,1.725646071231955e-10,1.97443660867285e-12,1.791705477587302e-12
4154,1.721607837231027e-10,1.9698170254007e-12,1.78755811944537e-12
4155,1.717591662155273e-10,1.965210365304616e-12,1.783421697667557e-12
4156,1.713592188133185e-10,1.960612774007493e-12,1.779292040442668e-12
4157,1.709625044691119e-10,1.956027925023148e-12,1.775172978075977e-12
4158,1.705651591680681e-10,1.951454565667801e-12,1.771064869766332e-12
4159,1.701664934533631e-10,1.946894069401693e-12,1.766966921349448e-12
4160,1.697744697953731e-10,1.942342053648002e-12,1.76287500774649e-12
4161,1.693793265458503e-10,1.937803600627633e-12,1.758796533536228e-12
4162,1.689868244226516e-10,1.933274792455501e-12,1.754725490230801e-12
4163,1.685930276715931e-10,1.928755363787615e-12,1.75066328038548e-12
4164,1.682038082480673e-10,1.924250957700084e-12,1.746614517948669e-12
4165,1.678142444398165e-10,1.919750969118682e-12,1.742568869739298e-12
4166,1.674259508483714e-10,1.915265133219933e-12,1.738537405049118e-12
4167,1.670378763957831e-10,1.910789000759263e-12,1.734513797508911e-12
4168,1.666504226178575e-10,1.906323920752276e-12,1.73050066565198e-12
4169,1.662642846277994e-10,1.901868539607621e-12,1.726496098829008e-12
4170,1.658798313288782e-10,1.897422848911841e-12,1.722500596823674e-12
4171,1.654906129692817e-10,1.892985526203947e-12,1.718512218150323e-12
4172,1.651043307818018e-10,1.888562617104974e-12,1.714537316601622e-12
4173,1.647223869037033e-10,1.884143821147071e-12,1.710565283852751e-12
4174,1.643389407839621e-10,1.879739005936831e-12,1.706606447226507e-12
4175,1.639588070039224e-10,1.875343819434356e-12,1.702656550597958e-12
4176,1.635778393167423e-10,1.870959238871824e-12,1.69871576566271e-12
4177,1.63200832954187e-10,1.866590368398148e-12,1.694791067783255e-12
4178,1.628212292489584e-10,1.862225210090603e-12,1.690868672410862e-12
4179,1.62443478401107e-10,1.857869371010532e-12,1.686954269963607e-12
4180,1.620648861586108e-10,1.853525699126245e-12,1.683051279422675e-12
4181,1.616855625757545e-10,1.849186271587428e-12,1.679151930369562e-12
4182,1.613098351683026e-10,1.844861707775905e-12,1.675266263099383e-12
4183,1.60938382641549e-10,1.840547614211514e-12,1.671390387117641e-12
4184,1.605648879172902e-10,1.836245002237944e-12,1.667526020426046e-12
4185,1.60194848473873e-10,1.831949606517716e-12,1.663667190631013e-12
4186,1.598180342157964e-10,1.827657715797602e-12,1.659810913934972e-12
4187,1.594486796795397e-10,1.823388832303937e-12,1.655977232542162e-12
4188,1.590780681061948e-10,1.819119779625883e-12,1.652141692032902e-12
4189,1.587145708838635e-10,1.814870202739067e-12,1.648326800223212e-12
4190,1.58345244944484e-10,1.810617718396714e-12,1.644505547679775e-12
4191,1.579756891159305e-10,1.806378691033648e-12,1.640698071880847e-12
4192,1.576136181740988e-10,1.802157168928027e-12,1.636907500770702e-12
4193,1.572452565146705e-10,1.797935280257285e-12,1.633115166308646e-12
4194,1.568867421587857e-10,1.793729966426327e-12,1.629339590693302e-12
4195,1.56520696998878e-10,1.789527619128275e-12,1.625565573248826e-12
4196,1.561573172837734e-10,1.785339691340985e-12,1.621805679353725e-12
4197,1.557961538866576e-10,1.78116304576148e-12,1.618055802929724e-12
4198,1.554375197664248e-10,1.776994916422357e-12,1.614313228821605e-12
4199,1.550719304289585e-10,1.772831286920509e-12,1.610574270958759e-12
4200,1.547144177489853e-10,1.768683557461785e-12,1.606850756342232e-12
4201,1.543553999156924e-10,1.764540395062682e-12,1.603131549507377e-12
4202,1.539950647686269e-10,1.76040740577734e-12,1.599419941477788e-12
4203,1.536401027382414e-10,1.756288612562183e-12,1.595722614127217e-12
4204,1.532868579566413e-10,1.752174573778858e-12,1.592028970127378e-12
4205,1.529312194942105e-10,1.74807418636316e-12,1.588348321951385e-12
4206,1.525782178605217e-10,1.743980033971314e-12,1.58467291660562e-12
4207,1.522250932261522e-10,1.739893573663166e-12,1.581004504988028e-12
4208,1.518744907585505e-10,1.735820163586851e-12,1.577348153947543e-12
4209,1.515251782295746e-10,1.731752805657083e-12,1.573696794790892e-12
4210,1.511727174728305e-10,1.727697455628135e-12,1.57005704949503e-12
4211,1.508242808798734e-10,1.723654103019439e-12,1.56642771362992e-12
4212,1.504755322218104e-10,1.719614213986569e-12,1.562801360761106e-12
4213,1.501262580111704e-10,1.715588931917913e-12,1.559187572630931e-12
4214,1.497794019258317e-10,1.711568566520794e-12,1.555578617366568e-12
4215,1.494310314967942e-10,1.707560624528614e-12,1.551981811013156e-12
4216,1.490816365559678e-10,1.703560716313703e-12,1.548390193238554e-12
4217,1.487377761852904e-10,1.699570874037973e-12,1.544808825484391e-12
4218,1.483961553903574e-10,1.695588855821718e-12,1.541233959398212e-12
4219,1.480514844433871e-10,1.691618891646984e-12,1.537669587045837e-12
4220,1.477096984425447e-10,1.687658062710235e-12,1.534113578129057e-12
4221,1.473671033826383e-10,1.683702224472947e-12,1.530561967865875e-12
4222,1.470271415534029e-10,1.679762789540744e-12,1.527025254037385e-12
4223,1.466876107810713e-10,1.675825824207514e-12,1.523489285323102e-12
4224,1.463467682524139e-10,1.671905152073534e-12,1.519968100163966e-12
4225,1.460076552476881e-10,1.66798787364515e-12,1.516449314109266e-12
4226,1.456696977161926e-10,1.664085823983451e-12,1.512944553158133e-12
4227,1.453335237055591e-10,1.66018711036691e-12,1.509441056322079e-12
4228,1.449956766971532e-10,1.656300699158846e-12,1.505948895327065e-12
4229,1.446615689619906e-10,1.652428663302274e-12,1.502469066676913e-12
4230,1.443266576310643e-10,1.648562504945531e-12,1.49899320735711e-12
4231,1.439982402764684e-10,1.644707574331432e-12,1.495526679304939e-12
4232,1.436565925578085e-10,1.640862496357677e-12,1.492066931852317e-12
4233,1.433211333042988e-10,1.63702617191004e-12,1.488614742914863e-12
4234,1.429919599019744e-10,1.633201997601486e-12,1.485173362408955e-12
4235,1.426596717293746e-10,1.629385040891258e-12,1.481736850026666e-12
4236,1.42326725884725e-10,1.625577708679276e-12,1.478308114965621e-12
4237,1.419977337589958e-10,1.62178050728286e-12,1.474888726413242e-12
4238,1.416688311627775e-10,1.617994316207557e-12,1.47147954855741e-12
4239,1.413406184016539e-10,1.614214999644125e-12,1.468075874507937e-12
4240,1.410145428322787e-10,1.610445955199271e-12,1.464680042448889e-12
4241,1.406856530295968e-10,1.606684856118078e-12,1.461290721940381e-12
4242,1.403612217722492e-10,1.602937287714434e-12,1.457914381552553e-12
4243,1.400321910550567e-10,1.599192960104173e-12,1.454539121092644e-12
4244,1.397110226412436e-10,1.595464003190349e-12,1.45117920232551e-12
4245,1.393891365057475e-10,1.591737822645145e-12,1.447820320089041e-12
4246,1.390650184643542e-10,1.588022779911103e-12,1.44447182433956e-12
4247,1.387445931381764e-10,1.584319021486335e-12,1.441133518788081e-12
4248,1.384206942936807e-10,1.580619524667903e-12,1.437798303465417e-12
4249,1.380968272414162e-10,1.576933182709145e-12,1.434475468739118e-12
4250,1.377764752930585e-10,1.573253197247136e-12,1.431158452867047e-12
4251,1.374543960891716e-10,1.569578618784161e-12,1.427845422793662e-12
4252,1.371407986503106e-10,1.565919402112306e-12,1.424547082737339e-12
4253,1.368231708771679e-10,1.562262302941702e-12,1.421249683046056e-12
4254,1.365065084663247e-10,1.558618336154069e-12,1.417965809822436e-12
4255,1.36189686153676e-10,1.554978974515387e-12,1.414684225796693e-12
4256,1.358725022224013e-10,1.551351106917623e-12,1.411414315666318e-12
4257,1.355546569959265e-10,1.547728980452831e-12,1.408149668049236e-12
4258,1.352433437526387e-10,1.544116730697732e-12,1.404893440385611e-12
4259,1.349251209816161e-10,1.540510824038469e-12,1.401642785312276e-12
4260,1.346147524910096e-10,1.536917156616873e-12,1.398403661757681e-12
4261,1.343004978229671e-10,1.533329676143496e-12,1.395170090003267e-12
4262,1.339927985992446e-10,1.529750278388402e-12,1.391943287560886e-12
4263,1.336804251392868e-10,1.526178264045731e-12,1.388723975896072e-12
4264,1.333663897354363e-10,1.522613888766442e-12,1.385511243763295e-12
4265,1.330633862068056e-10,1.51905942511772e-12,1.382308380362452e-12
4266,1.327543277045966e-10,1.515514387095679e-12,1.379113769838824e-12
4267,1.324450606692232e-10,1.511973073037721e-12,1.375922603893962e-12
4268,1.321347912295403e-10,1.508443920143499e-12,1.372742147057815e-12
4269,1.318294259660893e-10,1.504921797306334e-12,1.369569073345003e-12
4270,1.31519369325956e-10,1.50140734921779e-12,1.366401686084114e-12
4271,1.312152154503499e-10,1.497899281140471e-12,1.36324061099574e-12
4272,1.309120734753708e-10,1.494403843213015e-12,1.360091398790304e-12
4273,1.306084430378119e-10,1.490910200420153e-12,1.356943886470292e-12
4274,1.303024106147157e-10,1.48742801626527e-12,1.353807144131252e-12
4275,1.299998386373857e-10,1.483951165160732e-12,1.350673558010401e-12
4276,1.297071569719629e-10,1.480491836957527e-12,1.34755898465683e-12
4277,1.294051605428842e-10,1.477031852460643e-12,1.344441144565329e-12
4278,1.291040909558456e-10,1.473574251307797e-12,1.341325633250809e-12
4279,1.288009769637541e-10,1.470130112737367e-12,1.338222994023352e-12
4280,1.285081928288204e-10,1.466707009401879e-12,1.335142594571176e-12
4281,1.282128399656915e-10,1.463274672464946e-12,1.332050061125577e-12
4282,1.279148704219497e-10,1.459857375120025e-12,1.328973416225722e-12
4283,1.276113405728654e-10,1.456439882333831e-12,1.325893970499634e-12
4284,1.273164288663026e-10,1.453035156631338e-12,1.322827333891896e-12
4285,1.270246308522972e-10,1.449643424042302e-12,1.319774122303285e-12
4286,1.267319691472209e-10,1.446254141974424e-12,1.316721438249328e-12
4287,1.264373202613098e-10,1.442872849876776e-12,1.313676729919831e-12
4288,1.261441903476841e-10,1.43949885434655e-12,1.310638082250568e-12
4289,1.258526235869066e-10,1.436136577903146e-12,1.307611115998461e-12
4290,1.255599282404334e-10,1.432775827482551e-12,1.304585023661359e-12
4291,1.252678817232178e-10,1.42942528000853e-12,1.301567492704706e-12
4292,1.249803331571467e-10,1.426084732303746e-12,1.298560443234347e-12
4293,1.246941317549172e-10,1.422752066196634e-12,1.29556008667123e-12
4294,1.244037706157389e-10,1.419423012591599e-12,1.292562479920741e-12
4295,1.241121779402237e-10,1.416105115124072e-12,1.289575584102778e-12
4296,1.238270281277118e-10,1.412794514591877e-12,1.286595266726021e-12
4297,1.23540620147082e-10,1.409491517390583e-12,1.283621349437768e-12
4298,1.232551932567342e-10,1.406191936006408e-12,1.280650707017881e-12
4299,1.229704252406755e-10,1.402903823063748e-12,1.277690516223028e-12
4300,1.226828331134357e-10,1.399623487504848e-12,1.274737795007478e-12
4301,1.22400846222606e-10,1.396351140187748e-12,1.271791623623449e-12
4302,1.221181793620962e-10,1.393086304605386e-12,1.268853482145237e-12
4303,1.218303004399188e-10,1.389824683702413e-12,1.265916395825735e-12
4304,1.215522128315222e-10,1.386578209921604e-12,1.262993846169957e-12
4305,1.212714055323949e-10,1.383333713744286e-12,1.260072566516392e-12
4306,1.209905002740074e-10,1.380097403272645e-12,1.257157913753545e-12
4307,1.207110093511085e-10,1.376870835602395e-12,1.254253815844842e-12
4308,1.204338133410206e-10,1.37365056100868e-12,1.251354371822572e-12
4309,1.201570031832985e-10,1.370438056692526e-12,1.248461514567835e-12
4310,1.198779388662508e-10,1.367231825928486e-12,1.24557423176358e-12
4311,1.195996456100123e-10,1.364036294318608e-12,1.242697036209941e-12
4312,1.193211280948002e-10,1.360845988401638e-12,1.239823226306284e-12
4313,1.190438159394146e-10,1.35766445101022e-12,1.23695740169248e-12
4314,1.187683760557436e-10,1.354492170577261e-12,1.234100309774271e-12
4315,1.184935313181487e-10,1.351324171330948e-12,1.23124640102491e-12
4316,1.182244578599848e-10,1.348166685971898e-12,1.228401816516062e-12
4317,1.179494042270239e-10,1.345016534152678e-12,1.2255626144002e-12
4318,1.176770503776134e-10,1.341873413695273e-12,1.222730404318543e-12
4319,1.174033959355206e-10,1.33873687147832e-12,1.219902989162465e-12
4320,1.171335586240498e-10,1.335610466741173e-12,1.217084182038252e-12
4321,1.1686413428983e-10,1.332489515058651e-12,1.214269763165882e-12
4322,1.165931009037096e-10,1.329377590032394e-12,1.211464307261898e-12
4323,1.163197121352356e-10,1.326272173509348e-12,1.208663426291736e-12
4324,1.160506341599965e-10,1.323176610557454e-12,1.205870513025106e-12
4325,1.157816698434231e-10,1.3200871577602e-12,1.203083103626296e-12
4326,1.155143343022491e-10,1.317006384085191e-12,1.200303526563e-12
4327,1.152454094001326e-10,1.313932819373804e-12,1.197529746209275e-12
4328,1.149800674194514e-10,1.310865388202236e-12,1.194761139052991e-12
4329,1.14714997984631e-10,1.30780735068794e-12,1.191999689424234e-12
4330,1.144493596681466e-10,1.304758865229936e-12,1.189247993314549e-12
4331,1.141824187708251e-10,1.301715144615475e-12,1.186499439948161e-12
4332,1.139205719973901e-10,1.298678785323918e-12,1.183757469496036e-12
4333,1.136573339855956e-10,1.295646689128879e-12,1.18101809988957e-12
4334,1.133949113654859e-10,1.292627937117816e-12,1.178290955191243e-12
4335,1.131369899656482e-10,1.289613112064891e-12,1.175567630857453e-12
4336,1.128773365121335e-10,1.286608449542149e-12,1.172852469989785e-12
4337,1.126133626169008e-10,1.283609218296378e-12,1.170142688541928e-12
4338,1.12353421786061e-10,1.280614594097261e-12,1.167436227925061e-12
4339,1.120920973004322e-10,1.277632330865118e-12,1.164740948881961e-12
4340,1.118331949072057e-10,1.274652937804884e-12,1.162048840273944e-12
4341,1.115742493901157e-10,1.27168148973195e-12,1.159363631572071e-12
4342,1.113196160853057e-10,1.268716493274398e-12,1.15668345308563e-12
4343,1.110612157178913e-10,1.265757456616617e-12,1.154009999532775e-12
4344,1.107998045846534e-10,1.262805057558861e-12,1.151341543318207e-12
4345,1.105429422965527e-10,1.259861112355559e-12,1.148681625961478e-12
4346,1.102896386133273e-10,1.256927810253951e-12,1.146031544098363e-12
4347,1.100320798091994e-10,1.253992331413739e-12,1.143377892459359e-12
4348,1.097782008923752e-10,1.251069697867736e-12,1.140737611342628e-12
4349,1.095257207325882e-10,1.248152538375937e-12,1.138101599882285e-12
4350,1.092701739888873e-10,1.245241417402947e-12,1.135470954908374e-12
4351,1.090183786641225e-10,1.242337546816279e-12,1.132847225498159e-12
4352,1.087680090790521e-10,1.239442147798228e-12,1.130231665207145e-12
4353,1.085141261381055e-10,1.236547361114837e-12,1.127616384324252e-12
4354,1.082651506733942e-10,1.233666840385173e-12,1.125013973299841e-12
4355,1.080151271468186e-10,1.230787573764852e-12,1.122412796698911e-12
4356,1.077658957775024e-10,1.227920020263806e-12,1.119822821441993e-12
4357,1.07524493503774e-10,1.225058980732714e-12,1.117238833422795e-12
4358,1.072722712643961e-10,1.22219455899075e-12,1.11465009557466e-12
4359,1.070225174607179e-10,1.219343868352207e-12,1.112075309050306e-12
4360,1.067764029164926e-10,1.216497822297818e-12,1.10950467697545e-12
4361,1.065306954467864e-10,1.213664196811903e-12,1.106946288587046e-12
4362,1.062814503266625e-10,1.210826910793746e-12,1.104382791106272e-12
4363,1.060364115193999e-10,1.208002695228207e-12,1.101831104144467e-12
4364,1.057913588788029e-10,1.205183849191797e-12,1.099286296914599e-12
4365,1.055529594030621e-10,1.202370242308968e-12,1.096745043193133e-12
4366,1.053089566844393e-10,1.199570588441311e-12,1.094218355664946e-12
4367,1.050718211584803e-10,1.196773946663903e-12,1.091693710350046e-12
4368,1.048287757441394e-10,1.193979966923813e-12,1.089170980877741e-12
4369,1.045872886431897e-10,1.191193444487862e-12,1.0866546258403e-12
4370,1.043425930610074e-10,1.188412380165323e-12,1.084143100028188e-12
4371,1.041047255535303e-10,1.18563680777365e-12,1.081636313349935e-12
4372,1.038609525787356e-10,1.182865030405704e-12,1.0791332976491e-12
4373,1.036209258080283e-10,1.180102790684973e-12,1.076639335995931e-12
4374,1.033828434683011e-10,1.177352735050882e-12,1.074157858893491e-12
4375,1.031458780392289e-10,1.174603031169044e-12,1.071674669299358e-12
4376,1.029045213917088e-10,1.171860412049232e-12,1.069198476791729e-12
4377,1.026709439513994e-10,1.169124469662989e-12,1.06672869611954e-12
4378,1.024339799278012e-10,1.166394621566028e-12,1.064264613027043e-12
4379,1.021968902378578e-10,1.163667231569901e-12,1.061802164718743e-12
4380,1.019603783183056e-10,1.160953578481762e-12,1.059352777779585e-12
4381,1.017288072629647e-10,1.158243191326825e-12,1.056906751243953e-12
4382,1.01486628142829e-10,1.15553501180199e-12,1.054461544398027e-12
4383,1.012529988059225e-10,1.152835556466454e-12,1.05202440232227e-12
4384,1.010246722577765e-10,1.15014847191132e-12,1.049600061207958e-12
4385,1.007917153978891e-10,1.147458142325263e-12,1.04717089758846e-12
4386,1.00557999081561e-10,1.144777931873653e-12,1.044751654569063e-12
4387,1.00330135612468e-10,1.142108561942597e-12,1.042342363912603e-12
4388,1.000948821476069e-10,1.139440969766856e-12,1.039934458598688e-12
4389,9.98655602185277e-11,1.136779566964029e-12,1.037532429716661e-12
4390,9.963290950979016e-11,1.134123406182024e-12,1.035134134870603e-12
4391,9.940189728777203e-11,1.131474018845523e-12,1.032742458519888e-12
4392,9.917162038366856e-11,1.128829826457119e-12,1.03035539484781e-12
4393,9.894274462704649e-11,1.126194541674029e-12,1.027976120310915e-12
4394,9.871810793318353e-11,1.12356633766655e-12,1.025603389771568e-12
4395,9.848866613805003e-11,1.120940297427265e-12,1.023232468036986e-12
4396,9.825836917684212e-11,1.118324058167068e-12,1.020869682523395e-12
4397,9.803322611461251e-11,1.115712438395426e-12,1.01851045651195e-12
4398,9.780843527504185e-11,1.113109222938612e-12,1.016159839733446e-12
4399,9.758572396011105e-11,1.110508525030874e-12,1.013810692729289e-12
4400,9.73624222310765e-11,1.10792088085231e-12,1.011472438068786e-12
4401,9.713538635579445e-11,1.10533339653983e-12,1.009134122037855e-12
4402,9.691153160883214e-11,1.102757000320901e-12,1.006804999389445e-12
4403,9.668524412149047e-11,1.100184227657259e-12,1.004478460613816e-12
4404,9.646563242401777e-11,1.097619719941529e-12,1.002159773136077e-12
4405,9.624598396452327e-11,1.095058050906703e-12,9.99843083435557e-13
4406,9.601767396128065e-11,1.092503610607323e-12,9.975314353504582e-13
4407,9.579919198106754e-11,1.089958118350606e-12,9.952287353752447e-13
4408,9.5576870754786e-11,1.0874200107014e-12,9.92932742328953e-13
4409,9.536036061034339e-11,1.084885855859882e-12,9.906397980296507e-13
4410,9.513932426126686e-11,1.082357203086837e-12,9.883513776735466e-13
4411,9.491640918625848e-11,1.079832909754481e-12,9.860661960404783e-13
4412,9.469384166644219e-11,1.077318381225612e-12,9.837897051386086e-13
4413,9.447526924674708e-11,1.074807073687497e-12,9.81516179908444e-13
4414,9.425856279834368e-11,1.072303062084877e-12,9.792493977534877e-13
4415,9.403927087311697e-11,1.069806618420906e-12,9.769892868888489e-13
4416,9.382649927352634e-11,1.067316809177549e-12,9.747347230011049e-13
4417,9.360967293221456e-11,1.064828572456148e-12,9.724809137542486e-13
4418,9.339454198945324e-11,1.062349989778701e-12,9.702370132943836e-13
4419,9.317727494522038e-11,1.059874136501367e-12,9.679941234854508e-13
4420,9.296500828598532e-11,1.05740800224304e-12,9.65761545891807e-13
4421,9.27486029443404e-11,1.054944047110329e-12,9.635296005393743e-13
4422,9.253332528847956e-11,1.052486416670237e-12,9.613029368727538e-13
4423,9.23197108488011e-11,1.050034903009705e-12,9.590830805932517e-13
4424,9.210427445521619e-11,1.047592183068959e-12,9.568700893119306e-13
4425,9.189262466604947e-11,1.045153169004986e-12,9.546611318404696e-13
4426,9.168612064616147e-11,1.042720211575468e-12,9.524572337041728e-13
4427,9.147290695734348e-11,1.040288580861317e-12,9.502545965205867e-13
4428,9.125560199757429e-11,1.037864978534382e-12,9.480590527101718e-13
4429,9.104968078371303e-11,1.035453026814048e-12,9.458749255965494e-13
4430,9.083823112977598e-11,1.033042126635174e-12,9.436908900326896e-13
4431,9.0627807221797e-11,1.030634399553209e-12,9.41509791604651e-13
4432,9.041888094920711e-11,1.02823314089924e-12,9.393346735718624e-13
4433,9.02114754419772e-11,1.025837867311734e-12,9.37164496150512e-13
4434,9.000313493682525e-11,1.023452266111517e-12,9.350058003395737e-13
4435,8.979437794604234e-11,1.021066521279444e-12,9.328443648369532e-13
4436,8.958123721453012e-11,1.018685674809435e-12,9.30687158112101e-13
4437,8.9379073500889e-11,1.016316723808565e-12,9.285429312284607e-13
4438,8.917474425284458e-11,1.013948490365653e-12,9.263976884941984e-13
4439,8.89680824067371e-11,1.011583713490357e-12,9.242561368597381e-13
4440,8.87576444857444e-11,1.009228832680093e-12,9.221231739217851e-13
4441,8.855475042008353e-11,1.0068749352177e-12,9.199916229522586e-13
4442,8.835450531819455e-11,1.004530836632509e-12,9.178690746800783e-13
4443,8.815214225820822e-11,1.002194783799769e-12,9.157542317510112e-13
4444,8.794938516006613e-11,9.998570019479451e-13,9.136374970877799e-13
4445,8.774267319356257e-11,9.975278070517844e-13,9.115283005653613e-13
4446,8.753987961916246e-11,9.952050722171283e-13,9.094257243812304e-13
4447,8.733698373619609e-11,9.92879207419301e-13,9.073189792800181e-13
4448,8.713144922214878e-11,9.905634402056407e-13,9.052214349984842e-13
4449,8.693291083965216e-11,9.882615773201731e-13,9.031383752053589e-13
4450,8.673472466357646e-11,9.859564058568034e-13,9.010513205086353e-13
4451,8.653223632884807e-11,9.83654785152872e-13,8.989687855667375e-13
4452,8.633730250101536e-11,9.8136767075796e-13,8.968991058055648e-13
4453,8.613185944115222e-11,9.790726901978384e-13,8.948201123399374e-13
4454,8.593120829365504e-11,9.767876732908354e-13,8.927509744238874e-13
4455,8.573153649595169e-11,9.745137731091296e-13,8.906930518748761e-13
4456,8.553843675494289e-11,9.722518324456882e-13,8.886487091462262e-13
4457,8.533927544864109e-11,9.699767035450915e-13,8.86587715919027e-13
4458,8.514483284611488e-11,9.677207439464607e-13,8.845469725116033e-13
4459,8.494979756292045e-11,9.654653926506336e-13,8.825060447891401e-13
4460,8.475682809061349e-11,9.632098968192307e-13,8.804632373264692e-13
4461,8.455690947312072e-11,9.609623157689712e-13,8.78430154018017e-13
4462,8.436401718962731e-11,9.587245967329662e-13,8.764053056743372e-13
4463,8.416788618679739e-11,9.564905020619575e-13,8.743837155636868e-13
4464,8.397293803249435e-11,9.542542473354438e-13,8.723593665095839e-13
4465,8.378086478566204e-11,9.520339492103658e-13,8.703509629134577e-13
4466,8.358805671423844e-11,9.498110834202384e-13,8.683394954498254e-13
4467,8.33914526921353e-11,9.475928331559217e-13,8.6633230066465e-13
4468,8.319894150696267e-11,9.453821977608132e-13,8.643318591188266e-13
4469,8.301087641928994e-11,9.431774535890565e-13,8.623370448565449e-13
4470,8.281995838484648e-11,9.409806686015347e-13,8.603500572023685e-13
4471,8.262775299507589e-11,9.387830895727562e-13,8.583610427524332e-13
4472,8.243529385826653e-11,9.365898337744341e-13,8.563771780188886e-13
4473,8.224423868207909e-11,9.344063148065123e-13,8.544006579012909e-13
4474,8.205526798279619e-11,9.32227299768905e-13,8.52429326978718e-13
4475,8.18669686613077e-11,9.300513094186527e-13,8.504600951486579e-13
4476,8.16815383212953e-11,9.27884699093429e-13,8.485007851108799e-13
4477,8.148521088920828e-11,9.257163827086837e-13,8.465388715134323e-13
4478,8.129881598818452e-11,9.235611430434193e-13,8.445895076643254e-13
4479,8.111672320208596e-11,9.214043380591456e-13,8.426366053811881e-13
4480,8.092609795670627e-11,9.192547458305564e-13,8.406918140951149e-13
4481,8.074362968225558e-11,9.17111793519225e-13,8.38752841017825e-13
4482,8.05538103373441e-11,9.149706895767135e-13,8.368148074386452e-13
4483,8.037144264549742e-11,9.128392225022144e-13,8.348867906263624e-13
4484,8.018679561491158e-11,9.107070079683738e-13,8.329564384733702e-13
4485,8.000423176304294e-11,9.08583430278862e-13,8.310349343167127e-13
4486,7.981517016405516e-11,9.06462566247521e-13,8.291151267190703e-13
4487,7.963164348254802e-11,9.043513453164714e-13,8.272041364378194e-13
4488,7.944276182604307e-11,9.022407040008747e-13,8.25293504335695e-13
4489,7.926309677680033e-11,9.001378657183022e-13,8.233903209061459e-13
4490,7.908374381356704e-11,8.980349464355711e-13,8.214855548476446e-13
4491,7.89006310611336e-11,8.959457433946674e-13,8.195938568597138e-13
4492,7.872325477197528e-11,8.938554419617755e-13,8.177012201709933e-13
4493,7.854140164259276e-11,8.917715160134422e-13,8.158140875992323e-13
4494,7.835656670714968e-11,8.896915084524973e-13,8.139300633754487e-13
4495,7.817870852081288e-11,8.876163944235636e-13,8.120504235700858e-13
4496,7.799813020876645e-11,8.855480050802864e-13,8.101768048920258e-13
4497,7.781909831973923e-11,8.834872225192503e-13,8.083095790242003e-13
4498,7.764072620944006e-11,8.814256458252107e-13,8.064411758363353e-13
4499,7.746168122930076e-11,8.793729866617042e-13,8.045813133540445e-13
4500,7.728549736484391e-11,8.773259247883376e-13,8.027258560553905e-13
4501,7.710358239678498e-11,8.752809673025536e-13,8.008715868301775e-13
4502,7.692778195371192e-11,8.73242057145904e-13,7.990234846619335e-13
4503,7.674386765067139e-11,8.712068334948019e-13,7.971774170543871e-13
4504,7.657073023995854e-11,8.691762374267457e-13,7.953359560289331e-13
4505,7.639382703370584e-11,8.671516838267841e-13,7.935003999611053e-13
4506,7.621503062654444e-11,8.651359227700532e-13,7.91671612257676e-13
4507,7.604203874489009e-11,8.631221231171234e-13,7.898459705350252e-13
4508,7.58711611380905e-11,8.611147623183882e-13,7.880249892126416e-13
4509,7.569454657899518e-11,8.591069806553035e-13,7.862033276372148e-13
4510,7.551983494223294e-11,8.571066325040416e-13,7.843870774437295e-13
4511,7.534476285260325e-11,8.551133349310325e-13,7.825786782048187e-13
4512,7.51719922673342e-11,8.531222706803537e-13,7.807717367255938e-13
4513,7.499811581341919e-11,8.511357479934921e-13,7.789690688658956e-13
4514,7.482497391946037e-11,8.491547575288343e-13,7.771703737830602e-13
4515,7.465751416941565e-11,8.471804734175326e-13,7.753790619202645e-13
4516,7.448313626144814e-11,8.452076745543249e-13,7.735879011309441e-13
4517,7.431324759167005e-11,8.432442504802616e-13,7.718063902854994e-13
4518,7.414213440346941e-11,8.412837632865065e-13,7.700265749831608e-13
4519,7.39674780526918e-11,8.393225488719134e-13,7.682468157965461e-13
4520,7.379620368541622e-11,8.373708000575203e-13,7.664754664256781e-13
4521,7.362655490666994e-11,8.354193179301564e-13,7.647040025237454e-13
4522,7.345470984500385e-11,8.334756491222266e-13,7.629402982563098e-13
4523,7.328887708280286e-11,8.31539425704727e-13,7.611836107542002e-13
4524,7.312238983222464e-11,8.296021738844091e-13,7.594251058671901e-13
4525,7.295281474104335e-11,8.276726729837158e-13,7.576740678993596e-13
4526,7.278673019668937e-11,8.257446905105061e-13,7.559241128661186e-13
4527,7.261698305333997e-11,8.238237504622113e-13,7.541807689108157e-13
4528,7.245147385762525e-11,8.219025494174973e-13,7.524369481083549e-13
4529,7.228189479255008e-11,8.199925997804738e-13,7.507038434967012e-13
4530,7.211698480378735e-11,8.180841691390344e-13,7.489719877947108e-13
4531,7.194886458471464e-11,8.161765050045854e-13,7.472405684568368e-13
4532,7.178284093848028e-11,8.142749695150914e-13,7.455145161478478e-13
4533,7.161579476547415e-11,8.123786445934282e-13,7.437943125235053e-13
4534,7.145326728453426e-11,8.104899211591934e-13,7.420817273636703e-13
4535,7.129071547892935e-11,8.08607818587631e-13,7.403741174079514e-13
4536,7.112567423294131e-11,8.067173510014082e-13,7.386587621245741e-13
4537,7.09588884805239e-11,8.048397278393777e-13,7.369537902196981e-13
4538,7.080619254649017e-11,8.029717724810492e-13,7.35260898650186e-13
4539,7.064649986042075e-11,8.011051752994141e-13,7.335693347941366e-13
4540,7.048485092319353e-11,7.99237799247204e-13,7.318741415989964e-13
4541,7.032413040369104e-11,7.973773632208533e-13,7.301860691164715e-13
4542,7.015303860862165e-11,7.955088677243311e-13,7.284897491334045e-13
4543,6.999075930346597e-11,7.936635545051472e-13,7.268168391835005e-13
4544,6.983023129313769e-11,7.91808225740254e-13,7.251325565346099e-13
4545,6.96706510797805e-11,7.899670642298886e-13,7.234634092545564e-13
4546,6.951432324659405e-11,7.881319115407407e-13,7.217997544305146e-13
4547,6.935279362008085e-11,7.862924178481502e-13,7.201305336486141e-13
4548,6.919722864502975e-11,7.844614247651653e-13,7.184692042705111e-13
4549,6.903541242091623e-11,7.826344591461791e-13,7.168126190538079e-13
4550,6.88750708252789e-11,7.808104583192409e-13,7.151585079081574e-13
4551,6.871525232102309e-11,7.789897516802781e-13,7.135073103485973e-13
4552,6.855442845779611e-11,7.771730070196162e-13,7.118593556129762e-13
4553,6.839930228863496e-11,7.753616487435551e-13,7.102159893185896e-13
4554,6.824443201506929e-11,7.73559060378336e-13,7.085818459047946e-13
4555,6.808790237738257e-11,7.717565893066075e-13,7.069465931373858e-13
4556,6.793115475949253e-11,7.699577447091668e-13,7.053156748845891e-13
4557,6.777446753841402e-11,7.681613385354335e-13,7.036866988481935e-13
4558,6.761705396234165e-11,7.663694375746295e-13,7.020608004273916e-13
4559,6.745987548246222e-11,7.645843876151329e-13,7.004418175466676e-13
4560,6.730463903091469e-11,7.628011054083531e-13,6.988239888016093e-13
4561,6.715613404999912e-11,7.61027670194013e-13,6.972172586006381e-13
4562,6.699905942867351e-11,7.592512449507255e-13,6.956052549515783e-13
4563,6.684188890451205e-11,7.574816341437528e-13,6.940001757708132e-13
4564,6.669212998937996e-11,7.557202765434611e-13,6.924033019696505e-13
4565,6.654330632496255e-11,7.53961588436035e-13,6.90808073356867e-13
4566,6.638884906146087e-11,7.522017729002671e-13,6.892118523267613e-13
4567,6.623839960757872e-11,7.504514230959382e-13,6.876234918941373e-13
4568,6.60843302822501e-11,7.487027941760877e-13,6.860366382462329e-13
4569,6.593119580576941e-11,7.469600714445139e-13,6.844560491093928e-13
4570,6.57782986028897e-11,7.452151319575608e-13,6.828719606676062e-13
4571,6.562628417909411e-11,7.43483313010461e-13,6.812998409881905e-13
4572,6.547271664516449e-11,7.417494980515597e-13,6.797254582236978e-13
4573,6.532142347433628e-11,7.400232163297235e-13,6.781583144445568e-13
4574,6.517233694090422e-11,7.38300395444974e-13,6.765932506147136e-13
4575,6.502502269839362e-11,7.365852550610497e-13,6.750365642573733e-13
4576,6.487814780084693e-11,7.348699059016834e-13,6.734778607430861e-13
4577,6.472748343041726e-11,7.331610701158968e-13,6.719258023597887e-13
4578,6.457703988160476e-11,7.31453525619829e-13,6.703742198426636e-13
4579,6.443043269132957e-11,7.297544023845018e-13,6.688309484026783e-13
4580,6.428376937438326e-11,7.280534197593707e-13,6.672843857390165e-13
4581,6.41332188139617e-11,7.263560899319065e-13,6.657422148378135e-13
4582,6.398598275606736e-11,7.246703077565636e-13,6.64210796148578e-13
4583,6.384124642296007e-11,7.229853098803522e-13,6.626786421821782e-13
4584,6.369646715411775e-11,7.21304030462612e-13,6.611511966689309e-13
4585,6.354342499790943e-11,7.196227054646129e-13,6.596221918480762e-13
4586,6.340105877093106e-11,7.179534578299485e-13,6.581055284138187e-13
4587,6.325507395384023e-11,7.162809953808501e-13,6.565845571958543e-13
4588,6.311141419845166e-11,7.146162912489201e-13,6.550708167008574e-13
4589,6.296298326723202e-11,7.129533705972158e-13,6.535593670417245e-13
4590,6.282072208340428e-11,7.112946127324613e-13,6.520499905231392e-13
4591,6.267705588104657e-11,7.096448631802662e-13,6.505502851932232e-13
4592,6.253380204167663e-11,7.079946514646747e-13,6.490501167641468e-13
4593,6.238814080307266e-11,7.063504424020041e-13,6.475552222297899e-13
4594,6.224338789257718e-11,7.047037134934113e-13,6.46056817947513e-13
4595,6.210369414679029e-11,7.030693998540074e-13,6.445712807486748e-13
4596,6.195958353975904e-11,7.014335322613496e-13,6.430831753129345e-13
4597,6.181585696596084e-11,6.997996917625765e-13,6.415969938984691e-13
4598,6.16762951633462e-11,6.981768972548817e-13,6.401216016536723e-13
4599,6.153507146432449e-11,6.965529139737928e-13,6.386448327938326e-13
4600,6.139759069366978e-11,6.949345119802031e-13,6.371733144194279e-13
4601,6.125205139587947e-11,6.933150590644351e-13,6.356993694703531e-13
4602,6.111072376031978e-11,6.917024748179279e-13,6.342327436355871e-13
4603,6.097081124341592e-11,6.90098977349417e-13,6.327747938933341e-13
4604,6.083001187819822e-11,6.884914904614963e-13,6.313126951227515e-13
4605,6.06888608416719e-11,6.868914920872229e-13,6.298577325448095e-13
4606,6.054890916546753e-11,6.85291772858086e-13,6.284017542940471e-13
4607,6.041021355321232e-11,6.837022020280768e-13,6.269566952209724e-13
4608,6.027141238876802e-11,6.821123168556103e-13,6.255113359210571e-13
4609,6.013004906779593e-11,6.805267279909078e-13,6.240686940651341e-13
4610,5.999237950362968e-11,6.789436828945662e-13,6.226295028462944e-13
4611,5.98525878836536e-11,6.773642898800223e-13,6.211938040209912e-13
4612,5.972297323381982e-11,6.757864645924238e-13,6.197580116802916e-13
4613,5.958028845825046e-11,6.742185439835609e-13,6.183327800529567e-13
4614,5.94456699444572e-11,6.726490257409806e-13,6.169057510421467e-13
4615,5.93071551838853e-11,6.71081826782869e-13,6.154798578430643e-13
4616,5.916686705602916e-11,6.695229011399365e-13,6.140629174394936e-13
4617,5.902961418894484e-11,6.679612640914987e-13,6.126427738613926e-13
4618,5.890078615044314e-11,6.664164277677178e-13,6.112386393701617e-13
4619,5.876363375976791e-11,6.648656183906855e-13,6.098293475214892e-13
4620,5.8625310135997e-11,6.63311028701435e-13,6.084139792969059e-13
4621,5.849249745430541e-11,6.61773721512159e-13,6.070171866110055e-13
4622,5.835401761688152e-11,6.602271160213163e-13,6.056114254434485e-13
4623,5.822134939955675e-11,6.58695084399348e-13,6.042181166237681e-13
4624,5.808463158331436e-11,6.571575217212237e-13,6.028196197933415e-13
4625,5.795976345975617e-11,6.556379469046934e-13,6.014408209440462e-13
4626,5.782337318576776e-11,6.541128344777691e-13,6.00052790438991e-13
4627,5.768573759812859e-11,6.525820190531317e-13,5.986612384108116e-13
4628,5.755531408906433e-11,6.510678010668445e-13,5.972849585796473e-13
4629,5.742205975360266e-11,6.495478308633339e-13,5.959040222895903e-13
4630,5.729662638727236e-11,6.480468117058112e-13,5.945407899253365e-13
4631,5.716651079140299e-11,6.465365645799195e-13,5.931676319240842e-13
4632,5.703057598069137e-11,6.450274166242266e-13,5.917949824334783e-13
4633,5.690123824878468e-11,6.435261737017716e-13,5.904307233955199e-13
4634,5.676719768913586e-11,6.420263495508868e-13,5.890679982388295e-13
4635,5.663889982182836e-11,6.405328147272024e-13,5.877101674267327e-13
4636,5.651377442643339e-11,6.390462536128401e-13,5.863597689274174e-13
4637,5.63804389030867e-11,6.375583517092042e-13,5.850079364031346e-13
4638,5.625045965610628e-11,6.36071946744096e-13,5.836567717289699e-13
4639,5.61193377203207e-11,6.345876233663899e-13,5.823077796517303e-13
4640,5.5993371470346e-11,6.33114299726323e-13,5.80969256633176e-13
4641,5.587162136626748e-11,6.316422587293969e-13,5.796313213433857e-13
4642,5.573582376649706e-11,6.301687477205645e-13,5.78292521872626e-13
4643,5.560936879077277e-11,6.287031092409303e-13,5.769610328920938e-13
4644,5.547884501511274e-11,6.272347541028435e-13,5.756258649218386e-13
4645,5.53537236307859e-11,6.25778434041608e-13,5.74302602013794e-13
4646,5.522892869277666e-11,6.243224795446677e-13,5.729793866139975e-13
4647,5.510298026919143e-11,6.228662599682867e-13,5.716560200303374e-13
4648,5.49750600191223e-11,6.214163659208752e-13,5.703385115450882e-13
4649,5.484787344362413e-11,6.199740606970132e-13,5.690275347354744e-13
4650,5.471767205580078e-11,6.185258026654886e-13,5.677113103480288e-13
4651,5.458849085795807e-11,6.170885759570933e-13,5.664059262414333e-13
4652,5.446916451470211e-11,6.156522556570069e-13,5.650996142113409e-13
4653,5.434227216788985e-11,6.142159615561862e-13,5.637949627051048e-13
4654,5.42176987232609e-11,6.127886343043743e-13,5.624974350778033e-13
4655,5.409275606206569e-11,6.113613086439245e-13,5.61200167927778e-13
4656,5.396983087763277e-11,6.099383518150706e-13,5.599069333592577e-13
4657,5.384693182148734e-11,6.085182923939429e-13,5.58616281328058e-13
4658,5.372487495711859e-11,6.070984137216978e-13,5.573250804217414e-13
4659,5.359708669080583e-11,6.056844283091241e-13,5.560404326211471e-13
4660,5.348031600582817e-11,6.042787695696419e-13,5.547627522804752e-13
4661,5.335577468914914e-11,6.028673634475754e-13,5.534791897995013e-13
4662,5.323629466861308e-11,6.014691165359632e-13,5.522078676223643e-13
4663,5.31116935353743e-11,6.000662532046596e-13,5.509332340365219e-13
4664,5.298588967182681e-11,5.986714802722066e-13,5.496641157481338e-13
4665,5.286215667857611e-11,5.972788451103535e-13,5.483981210805077e-13
4666,5.27426833138235e-11,5.958860598373165e-13,5.471308726472132e-13
4667,5.262351329832429e-11,5.945028760429716e-13,5.458728747472268e-13
4668,5.250395738153624e-11,5.931187576336866e-13,5.44613810142557e-13
4669,5.238119001609369e-11,5.917367312736697e-13,5.433560167544225e-13
4670,5.225858997305623e-11,5.903587578746324e-13,5.421022633545473e-13
4671,5.213953290216085e-11,5.889861454310416e-13,5.408536293775368e-13
4672,5.202206456354708e-11,5.876182981829009e-13,5.39609218630742e-13
4673,5.190301713960403e-11,5.862494554072596e-13,5.383635025066333e-13
4674,5.178799370232623e-11,5.848883610180842e-13,5.371257600853469e-13
4675,5.166628715267356e-11,5.835282378364606e-13,5.358873759508001e-13
4676,5.15491396533669e-11,5.821680334950751e-13,5.346485868269264e-13
4677,5.142494528837837e-11,5.808123234529113e-13,5.334158162949458e-13
4678,5.131017584020925e-11,5.794669654088502e-13,5.321911029113654e-13
4679,5.119795310315251e-11,5.78119460385979e-13,5.309642913858024e-13
4680,5.10807044315291e-11,5.767750203021539e-13,5.297399463371835e-13
4681,5.096054654036776e-11,5.754319849376253e-13,5.285166853774096e-13
4682,5.084403092281363e-11,5.740962981315681e-13,5.273004459045903e-13
4683,5.072907536882206e-11,5.727635675115967e-13,5.260871397949102e-13
4684,5.061239898615666e-11,5.714281286167066e-13,5.248707463717575e-13
4685,5.049282584483565e-11,5.700990925528841e-13,5.236601807838176e-13
4686,5.037577574437052e-11,5.687732617398219e-13,5.224531087385703e-13
4687,5.026324538073418e-11,5.674556136194303e-13,5.212527897441201e-13
4688,5.014548290863343e-11,5.661325088974587e-13,5.200464468224328e-13
4689,5.002856226272015e-11,5.648166403067262e-13,5.188478044314256e-13
4690,4.991723814708782e-11,5.635093388012274e-13,5.176585826157976e-13
4691,4.980611926629163e-11,5.621978889065179e-13,5.164628377889986e-13
4692,4.969374399533709e-11,5.608905916571805e-13,5.15272169568941e-13
4693,4.9578619812356e-11,5.595876323341524e-13,5.140854763904693e-13
4694,4.946274013653575e-11,5.582883686043492e-13,5.129017577814986e-13
4695,4.934567253467088e-11,5.569894295050735e-13,5.117185119840035e-13
4696,4.923551439119303e-11,5.556968743011718e-13,5.105413896619678e-13
4697,4.912057348882368e-11,5.544070562653098e-13,5.093662215367012e-13
4698,4.900665049573861e-11,5.531152377558239e-13,5.081886767889371e-13
4699,4.889524501838054e-11,5.518271802201569e-13,5.070153757930299e-13
4700,4.8782423303509e-11,5.505430260581909e-13,5.058454792918733e-13
4701,4.867120512519669e-11,5.492640336127281e-13,5.046804307681856e-13
4702,4.856212837427565e-11,5.479941025193614e-13,5.035239206833216e-13
4703,4.844894536965712e-11,5.467128509175828e-13,5.023560175186019e-13
4704,4.834125108405216e-11,5.454441399758838e-13,5.012001764714115e-13
4705,4.823474533045089e-11,5.441821223598294e-13,5.000518815529168e-13
4706,4.812228127988393e-11,5.429100276615921e-13,4.988927323610556e-13
4707,4.80133820856122e-11,5.416539250743357e-13,4.977489700483312e-13
4708,4.789702269917397e-11,5.403865848493614e-13,4.965930705014311e-13
4709,4.778749183539959e-11,5.391352718973679e-13,4.954542911637619e-13
4710,4.767431877200951e-11,5.3787549776381e-13,4.943058526309172e-13
4711,4.756845003245645e-11,5.366274309457155e-13,4.931704099928447e-13
4712,4.74633133448319e-11,5.353917189308963e-13,4.920457643268934e-13
4713,4.735674734368625e-11,5.341380032933508e-13,4.909018278022979e-13
4714,4.724851102883518e-11,5.32901833814262e-13,4.897775410881676e-13
4715,4.713493619041478e-11,5.316535125408961e-13,4.886395973534678e-13
4716,4.703298227633073e-11,5.30427154910281e-13,4.875242126870103e-13
4717,4.69231562655456e-11,5.291936410965284e-13,4.864000634544244e-13
4718,4.681401382337406e-11,5.279553007672532e-13,4.852709202549757e-13
4719,4.670243785279902e-11,5.267294480677794e-13,4.841553079517939e-13
4720,4.659342609828303e-11,5.255000722537082e-13,4.830346575622882e-13
4721,4.649160602872639e-11,5.242869722068708e-13,4.819318684508371e-13
4722,4.638835097500887e-11,5.230665163586936e-13,4.808196671869268e-13
4723,4.627572072773678e-11,5.218415695944047e-13,4.797033436231382e-13
4724,4.617324914726751e-11,5.206349236731326e-13,4.786049463032237e-13
4725,4.607182604352822e-11,5.194242753414992e-13,4.775029846169552e-13
4726,4.596439610577579e-11,5.182152613279412e-13,4.764017095539294e-13
4727,4.585895223384243e-11,5.17009256781039e-13,4.753035064645993e-13
4728,4.57549286872226e-11,5.158109882259926e-13,4.742125527557096e-13
4729,4.565152028126794e-11,5.146078748957558e-13,4.731165164142058e-13
4730,4.5543795499371e-11,5.134068198535157e-13,4.720222662149055e-13
4731,4.544427861650377e-11,5.122189529865527e-13,4.709410097949812e-13
4732,4.533716037777481e-11,5.110226116061579e-13,4.698515545655792e-13
4733,4.523568188878431e-11,5.098363092259572e-13,4.687707528687557e-13
4734,4.512968782322869e-11,5.086479983730799e-13,4.67688827622286e-13
4735,4.502499618093321e-11,5.074672696020054e-13,4.666130577965439e-13
4736,4.492507269228377e-11,5.062851416562957e-13,4.6553546837053e-13
4737,4.482026568119432e-11,5.051084846358522e-13,4.644639109824885e-13
4738,4.471825004519958e-11,5.039365517410288e-13,4.633970591864026e-13
4739,4.461583267706863e-11,5.02765550130959e-13,4.623296039988932e-13
4740,4.451317080167671e-11,5.015925539620592e-13,4.612608560529651e-13
4741,4.44092209452561e-11,5.004272113145417e-13,4.601985247110301e-13
4742,4.430404944098416e-11,4.992608778728237e-13,4.591358825018945e-13
4743,4.42008239425527e-11,4.981027966125715e-13,4.580804119808118e-13
4744,4.410575432250283e-11,4.969493185866342e-13,4.570293112729445e-13
4745,4.40077433455483e-11,4.95793102229766e-13,4.559749902546122e-13
4746,4.390563731855201e-11,4.946385502498335e-13,4.549222540650236e-13
4747,4.380416354992669e-11,4.934913466406277e-13,4.538762632409775e-13
4748,4.370320525859834e-11,4.923415606305938e-13,4.528276222935035e-13
4749,4.360219999276423e-11,4.911978636626147e-13,4.517843704703862e-13
4750,4.350181209257967e-11,4.900572495646889e-13,4.507443098324693e-13
4751,4.340334286542788e-11,4.889164322475125e-13,4.497030501694365e-13
4752,4.330609342719273e-11,4.877822032935337e-13,4.486694410461767e-13
4753,4.320580353444445e-11,4.866470466199644e-13,4.476334853171252e-13
4754,4.310820631567466e-11,4.855218378769662e-13,4.466083898730785e-13
4755,4.301241723226445e-11,4.843940045048523e-13,4.455791067340948e-13
4756,4.29099076999459e-11,4.832693867224516e-13,4.445529930421986e-13
4757,4.281329008958429e-11,4.821439027091199e-13,4.435255308813273e-13
4758,4.271004267395074e-11,4.810236532055736e-13,4.425032853965912e-13
4759,4.261430666878924e-11,4.799082621457302e-13,4.414862479705465e-13
4760,4.251760291819475e-11,4.787938155652355e-13,4.404689552200042e-13
4761,4.242052398599925e-11,4.776827700327907e-13,4.394555790362782e-13
4762,4.232653136021655e-11,4.765718441989293e-13,4.384414341330643e-13
4763,4.223121988443235e-11,4.754684500452024e-13,4.374346894943313e-13
4764,4.212993631336941e-11,4.743638801849818e-13,4.364265361423372e-13
4765,4.203449657261019e-11,4.732595804299993e-13,4.354189633798988e-13
4766,4.193880802066151e-11,4.721592783935372e-13,4.344131881142223e-13
4767,4.184362018281723e-11,4.71066488124934e-13,4.334169274904203e-13
4768,4.174767409097928e-11,4.699743638548297e-13,4.324196854127458e-13
4769,4.165040073765078e-11,4.688831513807979e-13,4.314243922100682e-13
4770,4.15558569733917e-11,4.677888777640585e-13,4.304253195832528e-13
4771,4.145694367390696e-11,4.667053687446759e-13,4.294368087299238e-13
4772,4.136551355417385e-11,4.656192020713996e-13,4.284457062501092e-13
4773,4.12788123430327e-11,4.645432006967721e-13,4.274640251016385e-13
4774,4.117657761888446e-11,4.634574126275491e-13,4.264707556482943e-13
4775,4.108872360609764e-11,4.623877409569153e-13,4.254961799561551e-13
4776,4.09921915196811e-11,4.613146737130579e-13,4.245169888050863e-13
4777,4.089505456139459e-11,4.602430512651441e-13,4.235382528852896e-13
4778,4.080952258604803e-11,4.591760993926375e-13,4.225649248138723e-13
4779,4.071060707834828e-11,4.581028036401944e-13,4.215838156291093e-13
4780,4.061416800412674e-11,4.570382974124693e-13,4.206123772574729e-13
4781,4.052115113691086e-11,4.559814325367563e-13,4.196482588682447e-13
4782,4.043111066655507e-11,4.549269620146341e-13,4.186862524261749e-13
4783,4.033719868443218e-11,4.538645737181125e-13,4.177164503900429e-13
4784,4.024651735562932e-11,4.528115845625771e-13,4.167554669203628e-13
4785,4.015219922779889e-11,4.517588093546273e-13,4.157939812413372e-13
4786,4.006009473251278e-11,4.507102619361722e-13,4.148376319308942e-13
4787,3.996841676278071e-11,4.496593757141538e-13,4.138771446851792e-13
4788,3.98761896101426e-11,4.486174600156561e-13,4.129264661921211e-13
4789,3.978785771643663e-11,4.475774565453751e-13,4.119779730382019e-13
4790,3.970064473403673e-11,4.46542075763848e-13,4.110337664964683e-13
4791,3.960230882598713e-11,4.454960504546334e-13,4.100768493119878e-13
4792,3.951226136245565e-11,4.444694056679162e-13,4.091420938167777e-13
4793,3.941804794884882e-11,4.434276211093787e-13,4.081906824792196e-13
4794,3.93306800244896e-11,4.424037743734569e-13,4.072557742083566e-13
4795,3.924017958701646e-11,4.41370082071641e-13,4.063119588509028e-13
4796,3.915291383544462e-11,4.4035169590848e-13,4.053831973462703e-13
4797,3.905565839206835e-11,4.393216808361061e-13,4.044418851678216e-13
4798,3.897923050852273e-11,4.383149230689888e-13,4.035266500978473e-13
4799,3.888419352873963e-11,4.372855961105527e-13,4.02585160084351e-13
4800,3.879334524638334e-11,4.362725645162973e-13,4.016607771095923e-13
4801,3.870540230548385e-11,4.352571188634943e-13,4.007340954588516e-13
4802,3.861144546161635e-11,4.342397447308333e-13,3.99804937000581e-13
4803,3.853465885267106e-11,4.332448863246552e-13,3.988978776150599e-13
4804,3.844338819589015e-11,4.322363933407527e-13,3.979782341159109e-13
4805,3.835266703567257e-11,4.312240680812998e-13,3.970538011641223e-13
4806,3.826906368580155e-11,4.302298612726315e-13,3.961470776576849e-13
4807,3.818087722315853e-11,4.292320340468884e-13,3.95236824302734e-13
4808,3.809476695984948e-11,4.282351867190917e-13,3.943270477651935e-13
4809,3.80058278185564e-11,4.272335384273497e-13,3.934125490336327e-13
4810,3.791734386925748e-11,4.262387504928175e-13,3.925047167348425e-13
4811,3.783068214400689e-11,4.252473109178356e-13,3.915998154388503e-13
4812,3.774740348386727e-11,4.24264719156556e-13,3.907048206854019e-13
4813,3.765772267947438e-11,4.232793098933943e-13,3.898052122846444e-13
4814,3.757746959477987e-11,4.222939373028384e-13,3.889060211714347e-13
4815,3.748954114403384e-11,4.213096241050773e-13,3.880070228549836e-13
4816,3.7404626850582e-11,4.203341902713697e-13,3.871177845563044e-13
4817,3.731559514074218e-11,4.193514139816337e-13,3.862201005329307e-13
4818,3.722729673044476e-11,4.183756512962073e-13,3.853297191381929e-13
4819,3.714360473898361e-11,4.174041251730314e-13,3.844432832846049e-13
4820,3.70543446806855e-11,4.164347647149334e-13,3.835580798195991e-13
4821,3.697214153989516e-11,4.154720976914421e-13,3.826811118542659e-13
4822,3.688727734942507e-11,4.145026958106217e-13,3.817958533415043e-13
4823,3.680816769524977e-11,4.135431049000916e-13,3.809213170976616e-13
4824,3.672349322141362e-11,4.125823438379965e-13,3.800443361776282e-13
4825,3.663969753133607e-11,4.116205339322536e-13,3.791659230694376e-13
4826,3.655788970424291e-11,4.106663339559063e-13,3.782959908318216e-13
4827,3.647301685342163e-11,4.097101682269462e-13,3.774232908191677e-13
4828,3.639300876874169e-11,4.087593018331781e-13,3.765557030706019e-13
4829,3.630587601011266e-11,4.078075003522827e-13,3.756870134400235e-13
4830,3.6216523177661e-11,4.068558941228412e-13,3.748181503452979e-13
4831,3.613840536472602e-11,4.059156387805978e-13,3.739601048129372e-13
4832,3.605457737645542e-11,4.049683514926818e-13,3.730955663563542e-13
4833,3.597195831524031e-11,4.040323273187235e-13,3.722413066601891e-13
4834,3.589133531984894e-11,4.030921213141335e-13,3.713826040901306e-13
4835,3.580897008360286e-11,4.021537388546448e-13,3.705265540928822e-13
4836,3.573173486415178e-11,4.012222845998175e-13,3.6967561708769e-13
4837,3.564532400016852e-11,4.002884534180165e-13,3.688241713263198e-13
4838,3.556848018062266e-11,3.99354042613368e-13,3.679702593830333e-13
4839,3.548475751817204e-11,3.984254115927623e-13,3.671221324253584e-13
4840,3.540541008090971e-11,3.9750618280331e-13,3.662835586303159e-13
4841,3.532092291261523e-11,3.96581688146828e-13,3.654395499589866e-13
4842,3.524401254717255e-11,3.956581574754203e-13,3.6459565099419e-13
4843,3.516740998332683e-11,3.947438688320409e-13,3.637605622672304e-13
4844,3.508314310928872e-11,3.938201687659738e-13,3.629168113228273e-13
4845,3.499819333240453e-11,3.929065861319849e-13,3.620820091873456e-13
4846,3.491976294856893e-11,3.919914153646206e-13,3.612455946665379e-13
4847,3.483622940981231e-11,3.910812344620998e-13,3.604151062460204e-13
4848,3.476103500278325e-11,3.901793757015002e-13,3.595918737542362e-13
4849,3.467855854369984e-11,3.892671927605427e-13,3.587566950567218e-13
4850,3.460070250672108e-11,3.883677846865387e-13,3.579357505439651e-13
4851,3.452140249036696e-11,3.874611918314417e-13,3.571073297872085e-13
4852,3.444161185598667e-11,3.865626567095253e-13,3.562863695935919e-13
4853,3.436606700120511e-11,3.856698018506901e-13,3.554725827728499e-13
4854,3.428029543587252e-11,3.847680938439083e-13,3.546470307023545e-13
4855,3.420639066266202e-11,3.83879911282416e-13,3.538357307872695e-13
4856,3.413112896707923e-11,3.829905978932379e-13,3.530235499221157e-13
4857,3.405505084050599e-11,3.820976042885326e-13,3.522075545742578e-13
4858,3.397851735685575e-11,3.812138739117227e-13,3.514003667251249e-13
4859,3.390656221035744e-11,3.803250565545454e-13,3.505874785395797e-13
4860,3.382415308196242e-11,3.794437345669849e-13,3.497807576060987e-13
4861,3.374948180299274e-11,3.785631596731596e-13,3.48976481143742e-13
4862,3.366800115269113e-11,3.776828843829199e-13,3.481715652933637e-13
4863,3.359401665361153e-11,3.768076635886852e-13,3.47371722018228e-13
4864,3.351429543925899e-11,3.759311402618082e-13,3.465699293867624e-13
4865,3.343562470183606e-11,3.750572082912365e-13,3.457709697092801e-13
4866,3.335782225595493e-11,3.741830575506293e-13,3.449714130477905e-13
4867,3.328880605486817e-11,3.733239917782161e-13,3.441871547769523e-13
4868,3.321330936068144e-11,3.724575264319128e-13,3.433952227068901e-13
4869,3.313789575220368e-11,3.715938620812359e-13,3.426059779792717e-13
4870,3.306437684799231e-11,3.70728369470211e-13,3.418131415028115e-13
4871,3.298851818716569e-11,3.698712326694917e-13,3.410313059688182e-13
4872,3.291250646851813e-11,3.690104743891442e-13,3.402428076898304e-13
4873,3.284183539478991e-11,3.681562046937981e-13,3.394625320209105e-13
4874,3.276247875919102e-11,3.672956878525464e-13,3.386751293227026e-13
4875,3.269080428343502e-11,3.664490247909842e-13,3.3790198251873e-13
4876,3.261532535992092e-11,3.655934621794102e-13,3.371190279928238e-13
4877,3.25419415332955e-11,3.647426896680361e-13,3.363408376220772e-13
4878,3.245777214804138e-11,3.638952546030079e-13,3.355657145515728e-13
4879,3.238264507296088e-11,3.63047889395163e-13,3.347902587564744e-13
4880,3.230686045435019e-11,3.622037799895023e-13,3.340190689320262e-13
4881,3.223989455420225e-11,3.613633900105126e-13,3.332501203357452e-13
4882,3.216991584820935e-11,3.605324085245832e-13,3.324914207327649e-13
4883,3.209767669112471e-11,3.596982811860193e-13,3.317294837409824e-13
4884,3.202604355083207e-11,3.58862423440899e-13,3.309647899704516e-13
4885,3.194869294633782e-11,3.580224030658602e-13,3.301960309661696e-13
4886,3.188218428312598e-11,3.572026326294661e-13,3.294478312461595e-13
4887,3.180827606214407e-11,3.563627904760326e-13,3.286788603750278e-13
4888,3.173199740298496e-11,3.555398429264988e-13,3.279267882417199e-13
4889,3.165811008415801e-11,3.547075710564449e-13,3.271649117375754e-13
4890,3.159220908139996e-11,3.538961878140829e-13,3.264245328020666e-13
4891,3.151886401806024e-11,3.530615623599023e-13,3.256597664651179e-13
4892,3.145020535485869e-11,3.522532463958138e-13,3.249228674763856e-13
4893,3.137096469783684e-11,3.514226896191664e-13,3.2416115376425e-13
4894,3.130227451745794e-11,3.506148208067438e-13,3.234242070103706e-13
4895,3.122539739923595e-11,3.497938479120714e-13,3.226721458593033e-13
4896,3.115753767399836e-11,3.489922230351575e-13,3.219412847772814e-13
4897,3.109031126520676e-11,3.481812303146303e-13,3.21198977216638e-13
4898,3.101905643336384e-11,3.4737263369447e-13,3.204594348036083e-13
4899,3.094716356985621e-11,3.465632755943803e-13,3.197196544004081e-13
4900,3.087894095695319e-11,3.457611416533143e-13,3.189866520648165e-13
4901,3.080883408921465e-11,3.44955849538241e-13,3.182497073091399e-13
4902,3.073759352834843e-11,3.441554636341835e-13,3.175175382148494e-13
4903,3.066426415984721e-11,3.43350567899214e-13,3.167819473313483e-13
4904,3.059083687865004e-11,3.425517136041838e-13,3.160509874120923e-13
4905,3.052308580415509e-11,3.417642756827581e-13,3.153315676351639e-13
4906,3.045235012159628e-11,3.409632601955707e-13,3.145978634436966e-13
4907,3.038491588478592e-11,3.401749372191217e-13,3.138775752675653e-13
4908,3.031348517692289e-11,3.393837594636118e-13,3.131534080451727e-13
4909,3.025241953532648e-11,3.385996771410953e-13,3.124364786824794e-13
4910,3.017860848067029e-11,3.378102229418573e-13,3.117135108806844e-13
4911,3.010714617623372e-11,3.370312671046111e-13,3.110016509127126e-13
4912,3.004086171790461e-11,3.362453837240131e-13,3.102820838022558e-13
4913,2.996909610152609e-11,3.354625921309073e-13,3.095658178809346e-13
4914,2.989951109444301e-11,3.346850399134397e-13,3.088552837271455e-13
4915,2.983509131149711e-11,3.339082480851494e-13,3.081435677641594e-13
4916,2.976739389547878e-11,3.331348764802797e-13,3.074370791608901e-13
4917,2.970147397994315e-11,3.323653251960031e-13,3.067331864047218e-13
4918,2.9629356692193e-11,3.315932039587753e-13,3.060263229034874e-13
4919,2.956704551765881e-11,3.308202864707218e-13,3.053195478737605e-13
4920,2.949676020308158e-11,3.300503775731918e-13,3.046144863251885e-13
4921,2.943256502474146e-11,3.29293315935657e-13,3.039222526358287e-13
4922,2.936521226257358e-11,3.285230028087159e-13,3.032170727916327e-13
4923,2.929820369628938e-11,3.277641278387727e-13,3.025221300463924e-13
4924,2.923186025995356e-11,3.270059454495601e-13,3.018278167582105e-13
4925,2.916901356666506e-11,3.262462576726298e-13,3.011324826495961e-13
4926,2.910287230780698e-11,3.254904420108516e-13,3.004402650735401e-13
4927,2.903551894432964e-11,3.247304627739454e-13,2.99743809364023e-13
4928,2.897237750887422e-11,3.239827743287992e-13,2.990600943645859e-13
4929,2.890040749776568e-11,3.232249064380654e-13,2.983660314358076e-13
4930,2.883174134367262e-11,3.224738089516711e-13,2.976766200008171e-13
4931,2.87693343279572e-11,3.217316225045967e-13,2.969988778865579e-13
4932,2.870600555167043e-11,3.209866610135063e-13,2.963169870124828e-13
4933,2.864396227030404e-11,3.202399238495227e-13,2.956331292859225e-13
4934,2.857797909743148e-11,3.194945644170221e-13,2.949501462485856e-13
4935,2.850566378235765e-11,3.187523484507257e-13,2.942702519415551e-13
4936,2.844190949308968e-11,3.180098047390106e-13,2.935901048223009e-13
4937,2.838138002926375e-11,3.17279154454307e-13,2.929213382222583e-13
4938,2.831931711924563e-11,3.165469702582654e-13,2.922515704646023e-13
4939,2.82566969686593e-11,3.158051729073327e-13,2.915716922028372e-13
4940,2.819062399054703e-11,3.150748241519204e-13,2.909024996908099e-13
4941,2.812349451795739e-11,3.143445838407415e-13,2.902342485801172e-13
4942,2.805945493032092e-11,3.136134599028946e-13,2.895634944501203e-13
4943,2.799495892106609e-11,3.128902138541157e-13,2.889006430669718e-13
4944,2.793306515039149e-11,3.121692667765817e-13,2.882414142875313e-13
4945,2.787384185965552e-11,3.114433410252072e-13,2.875762517782156e-13
4946,2.780403342051679e-11,3.107121905758598e-13,2.869048240842786e-13
4947,2.773966560741751e-11,3.099936798116953e-13,2.862476040278514e-13
4948,2.767833172191041e-11,3.092798594740669e-13,2.855943319399378e-13
4949,2.761809580139463e-11,3.085628540529477e-13,2.849380690219624e-13
4950,2.755202062024507e-11,3.078438488193211e-13,2.842787881223364e-13
4951,2.74882279363402e-11,3.071267415800446e-13,2.836215239592877e-13
4952,2.742109171480234e-11,3.064148127935099e-13,2.82968993001139e-13
4953,2.736458323663632e-11,3.057132204628543e-13,2.823279454996409e-13
4954,2.730439120367709e-11,3.050021483827437e-13,2.816760639059293e-13
4955,2.72376871307431e-11,3.042877064756193e-13,2.810217332744146e-13
4956,2.717187447978446e-11,3.035787827660965e-13,2.803716663555669e-13
4957,2.711796556353356e-11,3.028875630292822e-13,2.797396829036607e-13
4958,2.706306703925198e-11,3.021848272439166e-13,2.790956867208373e-13
4959,2.699356335366615e-11,3.014760843119553e-13,2.784461880717444e-13
4960,2.693073770197673e-11,3.007736196878924e-13,2.778021441207673e-13
4961,2.686703389202141e-11,3.000757479764159e-13,2.771621601835427e-13
4962,2.680705308907917e-11,2.99380618959461e-13,2.765256392858753e-13
4963,2.675051236307306e-11,2.986938931123268e-13,2.758976130486586e-13
4964,2.668847998098291e-11,2.979945705498316e-13,2.752563295784474e-13
4965,2.663453358942682e-11,2.973116258589367e-13,2.746317758744823e-13
4966,2.657078890426687e-11,2.9661598796508e-13,2.739938929993613e-13
4967,2.650318976371343e-11,2.959218323664842e-13,2.733564113806209e-13
4968,2.645099497211231e-11,2.952506301735289e-13,2.727441166982856e-13
4969,2.638887236386427e-11,2.945622846277528e-13,2.721130465272261e-13
4970,2.633274873796334e-11,2.938766788170573e-13,2.714857051201746e-13
4971,2.627265391155687e-11,2.931978393776095e-13,2.708643377799541e-13
4972,2.62123013504874e-11,2.925168352144446e-13,2.702404064362342e-13
4973,2.614111053921207e-11,2.918259184363216e-13,2.696063436246917e-13
4974,2.60880784651946e-11,2.911552975317334e-13,2.689924382798324e-13
4975,2.603693442289931e-11,2.904886234424434e-13,2.683824376393505e-13
4976,2.597291981657775e-11,2.898064296279799e-13,2.677574446061226e-13
4977,2.591016889523243e-11,2.891344644847368e-13,2.671413370171776e-13
4978,2.585933786127008e-11,2.884714112910529e-13,2.665350557901736e-13
4979,2.579337727096372e-11,2.87790711771974e-13,2.659102806298622e-13
4980,2.573162580372938e-11,2.871227684867726e-13,2.652982216821762e-13
4981,2.567698541480569e-11,2.864647740875493e-13,2.646967088036472e-13
4982,2.561620509277197e-11,2.857929738779383e-13,2.640806074789362e-13
4983,2.556331217586279e-11,2.851382963031943e-13,2.634819338006968e-13
4984,2.550741999330574e-11,2.844780794709195e-13,2.628767573772824e-13
4985,2.544727019700645e-11,2.838078554397583e-13,2.622623247901678e-13
4986,2.539204391408772e-11,2.831565751335242e-13,2.616663809744972e-13
4987,2.533113748731916e-11,2.824989312880656e-13,2.610644654755239e-13
4988,2.527326774553489e-11,2.818393819949717e-13,2.604598354198776e-13
4989,2.5212217671903e-11,2.811809206625596e-13,2.59856278726663e-13
4990,2.516025971384987e-11,2.805376245529377e-13,2.59268472173407e-13
4991,2.5107487675104e-11,2.798863317380128e-13,2.586720320894776e-13
4992,2.504687629801282e-11,2.792369771488411e-13,2.580768560929041e-13
4993,2.498815236766365e-11,2.78588170791718e-13,2.574826035207606e-13
4994,2.493081039107406e-11,2.779398812163355e-13,2.568883265015862e-13
4995,2.487640534373326e-11,2.772961411659421e-13,2.562989421067572e-13
4996,2.482167859852346e-11,2.766538872224487e-13,2.557105519758962e-13
4997,2.476385767263442e-11,2.76011912714151e-13,2.551226383316413e-13
4998,2.470492645363242e-11,2.753622215085131e-13,2.545259810621344e-13
4999,2.464719066621182e-11,2.747292210894834e-13,2.539471708755076e-13
5000,2.459478194500826e-11,2.740943773582005e-13,2.533657714751613e-13
5001,2.454301777088828e-11,2.734577353466573e-13,2.527822753236852e-13
5002,2.448047817663278e-11,2.728194043629588e-13,2.521968514892184e-13
5003,2.442536434540174e-11,2.721873298575983e-13,2.516183588049422e-13
5004,2.437206592187969e-11,2.715523050190176e-13,2.510359746425589e-13
5005,2.431200163939639e-11,2.70922815871704e-13,2.50458454576035e-13
5006,2.425816236944108e-11,2.702937089330995e-13,2.498822130578e-13
5007,2.420080987612469e-11,2.69667882664271e-13,2.49310121910708e-13
5008,2.414991576008235e-11,2.690446618981144e-13,2.487395031605407e-13
5009,2.409200473980086e-11,2.684163306700676e-13,2.481617565855374e-13
5010,2.403793173541766e-11,2.677983215062391e-13,2.475966948123628e-13
5011,2.39827084882767e-11,2.671723317618679e-13,2.470218555011584e-13
5012,2.39328102428799e-11,2.665606083778252e-13,2.464634018579559e-13
5013,2.388060340172252e-11,2.659375543340646e-13,2.458924051253762e-13
5014,2.382716195654264e-11,2.653203832296291e-13,2.453261774404028e-13
5015,2.377841165947392e-11,2.647090614226947e-13,2.447654479534533e-13
5016,2.371446007705782e-11,2.640892690929738e-13,2.441975473114698e-13
5017,2.366494526238916e-11,2.634790504527298e-13,2.436379398088681e-13
5018,2.360593937066188e-11,2.628630309799802e-13,2.430732400283247e-13
5019,2.356081600089035e-11,2.622612363861292e-13,2.425222099971377e-13
5020,2.350167069769397e-11,2.616464899663778e-13,2.419580865891619e-13
5021,2.344836726542073e-11,2.610400642730206e-13,2.414016242755527e-13
5022,2.340186467490958e-11,2.604430965735084e-13,2.408558780500779e-13
5023,2.33458354292242e-11,2.598316566122677e-13,2.402945528581856e-13
5024,2.329408317738973e-11,2.592332698025544e-13,2.39746921892633e-13
5025,2.323433842583679e-11,2.586258996094555e-13,2.391885849436832e-13
5026,2.3183697546973e-11,2.580315930002591e-13,2.38644439344804e-13
5027,2.313428488784386e-11,2.57433546593533e-13,2.380956786309058e-13
5028,2.308223010236511e-11,2.568334993003531e-13,2.375443338827565e-13
5029,2.303399323078165e-11,2.56244017806587e-13,2.370052811601681e-13
5030,2.297946090369986e-11,2.556495076481087e-13,2.364603336704818e-13
5031,2.292413884067251e-11,2.550505547211852e-13,2.359095025881393e-13
5032,2.287442250165294e-11,2.544647940246716e-13,2.353732493185876e-13
5033,2.282307140183476e-11,2.53874563050642e-13,2.348317749117654e-13
5034,2.276875540892194e-11,2.532866887614092e-13,2.342924016990102e-13
5035,2.272092070493205e-11,2.526999689889318e-13,2.337544925660856e-13
5036,2.266629603615599e-11,2.521053663230198e-13,2.332080348515353e-13
5037,2.261083258427028e-11,2.51521696301079e-13,2.326724297245982e-13
5038,2.256415552388292e-11,2.509464220008342e-13,2.321457758777243e-13
5039,2.251346482778689e-11,2.503600944914308e-13,2.316078407476936e-13
5040,2.245981865005094e-11,2.4977948299853e-13,2.310758069110219e-13
5041,2.241344894716098e-11,2.492061263593756e-13,2.305498715897926e-13
5042,2.236441227008306e-11,2.486254066684124e-13,2.30016975070312e-13
5043,2.23096294919654e-11,2.480472497523943e-13,2.294856904343924e-13
5044,2.225959320533916e-11,2.474746398061866e-13,2.289611640977211e-13
5045,2.22073238588085e-11,2.468915529073585e-13,2.28425592048476e-13
5046,2.215491760654833e-11,2.463180702764069e-13,2.278988877811645e-13
5047,2.210593862634453e-11,2.457497106646857e-13,2.273772328630149e-13
5048,2.206399405413128e-11,2.451894480104625e-13,2.268640429966354e-13
5049,2.201732467856327e-11,2.446214573351235e-13,2.263434757810544e-13
5050,2.196327928295945e-11,2.440507120930335e-13,2.258186868705912e-13
5051,2.190717746664185e-11,2.434758121502193e-13,2.25291166801167e-13
5052,2.186027618715696e-11,2.429203842030843e-13,2.247821991347989e-13
5053,2.181396201671752e-11,2.423576517437477e-13,2.242660269603745e-13
5054,2.176851355448066e-11,2.418001109229199e-13,2.237544957778071e-13
5055,2.172099521125421e-11,2.412383552254282e-13,2.232377736409334e-13
5056,2.166151287399854e-11,2.406676053635196e-13,2.227144878744844e-13
5057,2.161062166422039e-11,2.401133585597604e-13,2.222047342385003e-13
5058,2.156614831040121e-11,2.395638333195105e-13,2.217026826373261e-13
5059,2.151959308866054e-11,2.390063939537822e-13,2.211916477066019e-13
5060,2.146844830257583e-11,2.38445024133519e-13,2.20675399084521e-13
5061,2.141747009651264e-11,2.378893200144007e-13,2.20164227387097e-13
5062,2.137680162300631e-11,2.373511581459034e-13,2.196724518963012e-13
5063,2.133066599172131e-11,2.367994669386684e-13,2.191660879762655e-13
5064,2.12837409614215e-11,2.362525549611676e-13,2.186640803468484e-13
5065,2.12324750919865e-11,2.356985986856096e-13,2.181551324637045e-13
5066,2.117609700639062e-11,2.351490965039993e-13,2.176503798012668e-13
5067,2.112542477631652e-11,2.346022701308378e-13,2.171484304957133e-13
5068,2.108220774868045e-11,2.340661465782051e-13,2.166572375458459e-13
5069,2.102835362092384e-11,2.335124957486474e-13,2.161474246308738e-13
5070,2.09893036280238e-11,2.32984525171421e-13,2.156645083654594e-13
5071,2.094274536089778e-11,2.32442131874024e-13,2.151665630988568e-13
5072,2.089787231208704e-11,2.319057766652385e-13,2.146747053044902e-13
5073,2.084738318367322e-11,2.313577256889682e-13,2.141706499771755e-13
5074,2.080403203811096e-11,2.308301549526651e-13,2.136877424791163e-13
5075,2.075262583127237e-11,2.302883590732079e-13,2.131897010019932e-13
5076,2.070095127903215e-11,2.297532071779922e-13,2.126980322482871e-13
5077,2.065989485949252e-11,2.292244339512757e-13,2.122135607770364e-13
5078,2.06087954532081e-11,2.286900228545454e-13,2.11721808915015e-13
5079,2.05626818981615e-11,2.281579368731233e-13,2.112336288327363e-13
5080,2.0525298155395e-11,2.276369634865053e-13,2.107564028695185e-13
5081,2.047693604616618e-11,2.271054993254815e-13,2.102686707142113e-13
5082,2.043207534096128e-11,2.265834940463827e-13,2.097898024348248e-13
5083,2.038220853775803e-11,2.260599519797377e-13,2.093083206382328e-13
5084,2.03332313827623e-11,2.25528097225513e-13,2.088192497599026e-13
5085,2.029410775789506e-11,2.250130144210561e-13,2.083472198501986e-13
5086,2.02466708107977e-11,2.244889615665361e-13,2.078659521285227e-13
5087,2.019850921679887e-11,2.23970791710745e-13,2.073900341323493e-13
5088,2.014832506935191e-11,2.234423095075595e-13,2.069034716894701e-13
5089,2.010467688311383e-11,2.229344606083021e-13,2.064387969196849e-13
5090,2.006316562949978e-11,2.224169684346863e-13,2.0596266900635e-13
5091,2.002034601852405e-11,2.219028165117778e-13,2.054908977364703e-13
5092,1.997162021840163e-11,2.213842616510622e-13,2.050145931285111e-13
5093,1.992334940146306e-11,2.208649014158371e-13,2.045373365572425e-13
5094,1.98729729472216e-11,2.203540764667926e-13,2.040669952941343e-13
5095,1.983297040397733e-11,2.198452723847141e-13,2.03600826638907e-13
5096,1.978726767040018e-11,2.193328318724951e-13,2.031292321828681e-13
5097,1.97371429126139e-11,2.188235974080324e-13,2.026608404003048e-13
5098,1.969574111220489e-11,2.183165324531036e-13,2.021953428004983e-13
5099,1.965357736186409e-11,2.178193567174315e-13,2.017403516727504e-13
5100,1.961072360845679e-11,2.173099482686978e-13,2.012708973157576e-13
5101,1.956526461312812e-11,2.168021277321687e-13,2.008033379504839e-13
5102,1.952605633503481e-11,2.163114125786986e-13,2.003541724553157e-13
5103,1.94764930853349e-11,2.158017212359083e-13,1.998851847076005e-13
5104,1.943686712750148e-11,2.15310777513752e-13,1.994353667859421e-13
5105,1.939142630611612e-11,2.148020623193765e-13,1.989665845785933e-13
5106,1.934315111663446e-11,2.143019386195452e-13,1.985066832664293e-13
5107,1.930271022411521e-11,2.138150448614104e-13,1.98060229454585e-13
5108,1.926596358967139e-11,2.133213569816943e-13,1.976072568099815e-13
5109,1.92183279445834e-11,2.128280810607843e-13,1.971545948373996e-13
5110,1.917288587679317e-11,2.123252446323818e-13,1.966904314237839e-13
5111,1.913308465419314e-11,2.118399601778702e-13,1.962456743708537e-13
5112,1.909181947133636e-11,2.113525990488437e-13,1.957975988763115e-13
5113,1.905038922075437e-11,2.108607611274305e-13,1.95345809564843e-13
5114,1.900212963360436e-11,2.103692433741809e-13,1.948941797117779e-13
5115,1.89579580174108e-11,2.098786430765176e-13,1.944428690419569e-13
5116,1.891928571462808e-11,2.093970228048654e-13,1.940002104598975e-13
5117,1.887021014743159e-11,2.089053822231118e-13,1.935473671626083e-13
5118,1.8830586363864e-11,2.084325351096011e-13,1.931145988752009e-13
5119,1.878594601523576e-11,2.079389529153613e-13,1.926593733246972e-13
5120,1.874644077554582e-11,2.074645337855801e-13,1.922241734825134e-13
5121,1.871080850697156e-11,2.069843741254212e-13,1.917830730935489e-13
5122,1.866858785126659e-11,2.065070639891977e-13,1.913448201678929e-13
5123,1.862364555667262e-11,2.060293321957894e-13,1.90905385837503e-13
5124,1.858200083060593e-11,2.055534780773198e-13,1.904679665684794e-13
5125,1.854050104815233e-11,2.050745773658835e-13,1.900275583608541e-13
5126,1.849664340501032e-11,2.045939560382328e-13,1.89584976669118e-13
5127,1.844860185242339e-11,2.041165495244636e-13,1.891450388455479e-13
5128,1.841180648125517e-11,2.03654122445956e-13,1.887225687648596e-13
5129,1.837121510065372e-11,2.031729499570363e-13,1.88279644990096e-13
5130,1.83244687874874e-11,2.026990193652645e-13,1.878436860772016e-13
5131,1.828723859834442e-11,2.022308656088684e-13,1.874128860370418e-13
5132,1.824579573868246e-11,2.01766180903451e-13,1.869860410176668e-13
5133,1.820591165929461e-11,2.013036840937696e-13,1.865617808475474e-13
5134,1.816612957339016e-11,2.008391201706733e-13,1.86134743718791e-13
5135,1.812467377684365e-11,2.003729424312737e-13,1.857065190697951e-13
5136,1.808039879145313e-11,1.999008893017815e-13,1.852707227430233e-13
5137,1.803930742268784e-11,1.994356244826602e-13,1.848435990906632e-13
5138,1.800520073376007e-11,1.989865469000225e-13,1.84432673335784e-13
5139,1.796931618501022e-11,1.985232240080765e-13,1.840058087117929e-13
5140,1.792908926083711e-11,1.980639902327675e-13,1.83584366233523e-13
5141,1.788307372470269e-11,1.97599014149518e-13,1.831559078695687e-13
5142,1.784663905225404e-11,1.971490492493717e-13,1.827428095882831e-13
5143,1.780498002839723e-11,1.966882369757506e-13,1.823190559704483e-13
5144,1.776214944740172e-11,1.962322880184471e-13,1.81900211132387e-13
5145,1.772241725790358e-11,1.957760956935557e-13,1.814804947193588e-13
5146,1.768971856970725e-11,1.953311843329892e-13,1.81072625384282e-13
5147,1.764585896516187e-11,1.948732452690641e-13,1.806504174029476e-13
5148,1.760271424109222e-11,1.94416766662325e-13,1.802309064776164e-13
5149,1.756580577136396e-11,1.939708374106944e-13,1.798212814267274e-13
5150,1.752884592243617e-11,1.935226442696162e-13,1.794093445195126e-13
5151,1.748461200813744e-11,1.930677402990873e-13,1.789906040031739e-13
5152,1.743961979269693e-11,1.926153579884898e-13,1.785741541526036e-13
5153,1.740731844548006e-11,1.921816176297657e-13,1.781765820741689e-13
5154,1.736714340762076e-11,1.917369665056755e-13,1.777679525470982e-13
5155,1.7328738966899e-11,1.912916955450574e-13,1.773593821027687e-13
5156,1.729031944001853e-11,1.908491788124209e-13,1.76952350671188e-13
5157,1.72446509880007e-11,1.903964333215495e-13,1.76534497778662e-13
5158,1.720913236166298e-11,1.899561149980306e-13,1.761296947368763e-13
5159,1.716525557956854e-11,1.89514421801256e-13,1.757231759950457e-13
5160,1.713016396071533e-11,1.890787252232552e-13,1.753240259603105e-13
5161,1.710003815843763e-11,1.886478332813202e-13,1.749282047132814e-13
5162,1.705967513291016e-11,1.88208740193434e-13,1.745246564821569e-13
5163,1.701841840410886e-11,1.877655655631031e-13,1.741167926298452e-13
5164,1.698263955068246e-11,1.873347974124813e-13,1.737214778700564e-13
5165,1.694012289514854e-11,1.868966779179509e-13,1.733167702024208e-13
5166,1.689929582000939e-11,1.864636327673613e-13,1.729187015008449e-13
5167,1.686544870606261e-11,1.860415200771544e-13,1.725328463566892e-13
5168,1.683270129786706e-11,1.85607110145438e-13,1.7213344277669e-13
5169,1.679286652569952e-11,1.851776825394661e-13,1.717383361795725e-13
5170,1.675031481849489e-11,1.8474094480973e-13,1.71336165247581e-13
5171,1.67156925090354e-11,1.843195961047093e-13,1.709494293263754e-13
5172,1.667364178160534e-11,1.838877838480119e-13,1.705517112478389e-13
5173,1.664285994634894e-11,1.834668199163032e-13,1.70165440426565e-13
5174,1.659965065105204e-11,1.830348653894085e-13,1.697669369309443e-13
5175,1.65606581735592e-11,1.826092592481726e-13,1.693761360353811e-13
5176,1.652851591277242e-11,1.821936061074721e-13,1.689945442410767e-13
5177,1.649745036638267e-11,1.817740517507432e-13,1.686083726360964e-13
5178,1.645863915235343e-11,1.813523413013177e-13,1.682204632807062e-13
5179,1.641633414584855e-11,1.809305889187342e-13,1.67832903761907e-13
5180,1.638143591653816e-11,1.805109510270603e-13,1.674471069670655e-13
5181,1.634473823697132e-11,1.800940084078857e-13,1.67064086181812e-13
5182,1.630643969587878e-11,1.796710010046052e-13,1.666748815012569e-13
5183,1.627042337863615e-11,1.792572398335066e-13,1.662941792841684e-13
5184,1.623303642125106e-11,1.78845759590185e-13,1.659158454727801e-13
5185,1.619701490024639e-11,1.784261730933334e-13,1.655294400245072e-13
5186,1.615838436001539e-11,1.780131645355377e-13,1.651495343212357e-13
5187,1.612693248875585e-11,1.776057655753914e-13,1.647752147829268e-13
5188,1.609289746786279e-11,1.771916471965139e-13,1.643939271363044e-13
5189,1.605473813129298e-11,1.767832802150316e-13,1.64018859961878e-13
5190,1.60136914972566e-11,1.763644527995719e-13,1.636332449799595e-13
5191,1.597875938276302e-11,1.759652972838791e-13,1.632657967894012e-13
5192,1.593998894729986e-11,1.755486494851154e-13,1.62881521323004e-13
5193,1.590437508966247e-11,1.751412181459766e-13,1.6250630657277e-13
5194,1.586977139511412e-11,1.747427211848223e-13,1.621409571741499e-13
5195,1.583559679629697e-11,1.743341281777775e-13,1.617651218212685e-13
5196,1.580411062622139e-11,1.739369043930799e-13,1.613999564621908e-13
5197,1.576788532632381e-11,1.735269141157159e-13,1.610224018557563e-13
5198,1.573117129320848e-11,1.731228519087038e-13,1.606488664075002e-13
5199,1.570059676056638e-11,1.727326137687312e-13,1.602914443981826e-13
5200,1.565773188358341e-11,1.723205286505974e-13,1.599117322120185e-13
5201,1.561997917543868e-11,1.719231391687322e-13,1.595462580716101e-13
5202,1.559259568403378e-11,1.715342780501177e-13,1.591893295006413e-13
5203,1.556296015352979e-11,1.711351871017961e-13,1.588219872785572e-13
5204,1.552724461129657e-11,1.707407196080313e-13,1.584593054320044e-13
5205,1.548372546663107e-11,1.703367178299467e-13,1.580858564496728e-13
5206,1.544914249750769e-11,1.699448348811696e-13,1.577252948483559e-13
5207,1.541533512898675e-11,1.695458554353118e-13,1.573583323632408e-13
5208,1.538254649760319e-11,1.691661017610447e-13,1.570092904700594e-13
5209,1.534815223289801e-11,1.687638644473275e-13,1.566387198525958e-13
5210,1.531696355894843e-11,1.683838465820937e-13,1.562891511870721e-13
5211,1.528809535223171e-11,1.67989842767061e-13,1.559262543012218e-13
5212,1.524768359712475e-11,1.676032610721463e-13,1.555709927353439e-13
5213,1.52124759078504e-11,1.672146926521125e-13,1.552137229728013e-13
5214,1.517493900769302e-11,1.668183131928481e-13,1.548473910534294e-13
5215,1.513993483405483e-11,1.664310916481374e-13,1.544905972133609e-13
5216,1.511111643083933e-11,1.660586555891788e-13,1.541496184372079e-13
5217,1.507194134060142e-11,1.656603888486243e-13,1.537806596640706e-13
5218,1.504154575045513e-11,1.652870479723622e-13,1.534385939991715e-13
5219,1.501196368708569e-11,1.649078886762646e-13,1.530900860977256e-13
5220,1.497641487179308e-11,1.645173622387488e-13,1.527297131407608e-13
5221,1.49364588428525e-11,1.64131621014122e-13,1.523738542847199e-13
5222,1.491244982429143e-11,1.637655750298713e-13,1.520380193549822e-13
5223,1.487863380799793e-11,1.633834913168644e-13,1.516863856704176e-13
5224,1.48387395714776e-11,1.629941302536316e-13,1.513273187709968e-13
5225,1.480091038162714e-11,1.626155983644992e-13,1.509788957474916e-13
5226,1.476641048850688e-11,1.622433189551038e-13,1.506359519994887e-13
5227,1.474109683358095e-11,1.618741297541461e-13,1.502957375476457e-13
5228,1.470712373671187e-11,1.614946320717512e-13,1.499464669205865e-13
5229,1.468082155956287e-11,1.611317300078162e-13,1.496138929607939e-13
5230,1.464652680244861e-11,1.60758598542161e-13,1.492698339824196e-13
5231,1.461765839458972e-11,1.603869842207324e-13,1.489273855591347e-13
5232,1.457629243063127e-11,1.600037927627027e-13,1.485738174293108e-13
5233,1.454103844745532e-11,1.596286697995863e-13,1.482279925733944e-13
5234,1.450720369713747e-11,1.59254346300293e-13,1.478827378657568e-13
5235,1.447862076037453e-11,1.588974280319526e-13,1.475544489953834e-13
5236,1.445249199316997e-11,1.585324685829317e-13,1.472191054574303e-13
5237,1.44132999289414e-11,1.581592592416251e-13,1.468753519646436e-13
5238,1.437911063882969e-11,1.577936192893732e-13,1.465379569532845e-13
5239,1.43506442855678e-11,1.574311477527136e-13,1.462042399063875e-13
5240,1.432430682298702e-11,1.570717360980331e-13,1.458733537266114e-13
5241,1.429342828272048e-11,1.567041373181893e-13,1.455350784271087e-13
5242,1.426036795278328e-11,1.563473486777816e-13,1.452071631507086e-13
5243,1.42268008680122e-11,1.559848013033584e-13,1.448728506058054e-13
5244,1.419948352895668e-11,1.556191462565699e-13,1.445363201491797e-13
5245,1.416421582243562e-11,1.552612768088769e-13,1.442061509951756e-13
5246,1.413039883588143e-11,1.548975139635802e-13,1.438705927886568e-13
5247,1.410402521629226e-11,1.545460309435366e-13,1.435477682398152e-13
5248,1.406281716633929e-11,1.541735686921323e-13,1.432026222338579e-13
5249,1.4034509768442e-11,1.538243446220147e-13,1.428825719553263e-13
5250,1.400219265452615e-11,1.534646760980693e-13,1.425509257632495e-13
5251,1.396637600766619e-11,1.531067042012871e-13,1.422206875804857e-13
5252,1.394243540887585e-11,1.527655144959782e-13,1.41907489872201e-13
5253,1.391135223010789e-11,1.524029485157675e-13,1.415732775263964e-13
5254,1.387682672084016e-11,1.52046847300106e-13,1.412453498501058e-13
5255,1.384321424988732e-11,1.516920927714142e-13,1.409182637319141e-13
5256,1.381557293288002e-11,1.513418725171955e-13,1.405955919944051e-13
5257,1.378926445493855e-11,1.510022804705086e-13,1.402837990319227e-13
5258,1.375858002333402e-11,1.50642511059924e-13,1.399507309684534e-13
5259,1.371981292744615e-11,1.502910651716472e-13,1.396268009734294e-13
5260,1.369393855578258e-11,1.499468781798297e-13,1.393095563047182e-13
5261,1.366861953449399e-11,1.496126160908244e-13,1.390022813678972e-13
5262,1.363662116706306e-11,1.492610306125836e-13,1.386776152542303e-13
5263,1.360899247654696e-11,1.489180458069851e-13,1.383624643117288e-13
5264,1.35734024455579e-11,1.485674553419935e-13,1.380383912113913e-13
5265,1.35419528800556e-11,1.482197768069687e-13,1.37717446586358e-13
5266,1.351442583472152e-11,1.478832870485479e-13,1.374091959599278e-13
5267,1.348779221641907e-11,1.475456707813554e-13,1.370977468889699e-13
5268,1.344628311299651e-11,1.471915586911828e-13,1.367701979388745e-13
5269,1.342072620715059e-11,1.468580528343075e-13,1.364634734364553e-13
5270,1.338793965825626e-11,1.465111790190886e-13,1.361431091930161e-13
5271,1.336246528541766e-11,1.461828618380007e-13,1.358417919575664e-13
5272,1.332853584557033e-11,1.458358787144175e-13,1.355206366442047e-13
5273,1.330229414803272e-11,1.455023111487411e-13,1.35214071821572e-13
5274,1.327773470375942e-11,1.451710998337823e-13,1.349089539426329e-13
5275,1.324660375345691e-11,1.448352650747763e-13,1.345989920076469e-13
5276,1.321727283534538e-11,1.444937932665638e-13,1.342835283750219e-13
5277,1.318327621532648e-11,1.441533950265715e-13,1.339690183396743e-13
5278,1.315437315605527e-11,1.438301603900269e-13,1.336728716001275e-13
5279,1.312593528774936e-11,1.434936330584854e-13,1.333614917043215e-13
5280,1.310137771960154e-11,1.431676266783046e-13,1.330618614095317e-13
5281,1.306724837358786e-11,1.42826451030651e-13,1.327459024142382e-13
5282,1.304458715469992e-11,1.425054201749965e-13,1.324518777318356e-13
5283,1.301096672734504e-11,1.421703578722029e-13,1.321420320512728e-13
5284,1.29871331468154e-11,1.418461900587336e-13,1.318436840554767e-13
5285,1.295179120083815e-11,1.415085963398322e-13,1.31531068041901e-13
5286,1.292175603269702e-11,1.411873491877849e-13,1.312355261888303e-13
5287,1.28969110477357e-11,1.408655452722787e-13,1.309394387435233e-13
5288,1.286933890029225e-11,1.405399430839514e-13,1.306389877218831e-13
5289,1.283689365240741e-11,1.402048260660254e-13,1.303292060288926e-13
5290,1.28120996192011e-11,1.398903350481243e-13,1.300404133260527e-13
5291,1.277717946026455e-11,1.395554886721328e-13,1.297307277189012e-13
5292,1.275647560739395e-11,1.392442757411128e-13,1.294445195603089e-13
5293,1.272456751544447e-11,1.389113979427351e-13,1.29135797076753e-13
5294,1.269399671126723e-11,1.385867968131441e-13,1.288367150719268e-13
5295,1.266674156641313e-11,1.382688538477198e-13,1.285436643984174e-13
5296,1.264194434215986e-11,1.379607169540243e-13,1.282614563238373e-13
5297,1.261629748673771e-11,1.376408446803735e-13,1.279659583623771e-13
5298,1.259093417963943e-11,1.373217532449743e-13,1.276717306188062e-13
5299,1.255506338229559e-11,1.369944308065407e-13,1.273695341826862e-13
5300,1.252864988477699e-11,1.366818776142579e-13,1.270812329808554e-13
5301,1.249870334692333e-11,1.363610001005775e-13,1.267851719492675e-13
5302,1.247714940547193e-11,1.360562232501018e-13,1.26504615608275e-13
5303,1.244480509525823e-11,1.357266694740496e-13,1.261990871736787e-13
5304,1.242302173319809e-11,1.354283742643771e-13,1.259250261909437e-13
5305,1.238886639993756e-11,1.351023783502481e-13,1.256231580307399e-13
5306,1.235909466414046e-11,1.347941416082768e-13,1.253397501402596e-13
5307,1.233934014180255e-11,1.34490522300588e-13,1.250603320433528e-13
5308,1.230375117452041e-11,1.341648864093386e-13,1.247588393783149e-13
5309,1.228030482132364e-11,1.338648461551374e-13,1.244828429093517e-13
5310,1.225199565678518e-11,1.335485968210906e-13,1.241904508906333e-13
5311,1.222576566824726e-11,1.332416651013045e-13,1.239071948335775e-13
5312,1.220372516817843e-11,1.3294179777825e-13,1.236323558643577e-13
5313,1.217021306295675e-11,1.326201238854327e-13,1.233336714868e-13
5314,1.214039633097221e-11,1.323136908710778e-13,1.230505893652188e-13
5315,1.211484704644685e-11,1.320140955309469e-13,1.227759095445425e-13
5316,1.209270678610007e-11,1.317178928072007e-13,1.225030288804291e-13
5317,1.206443918638244e-11,1.314123709695625e-13,1.222211918905425e-13
5318,1.20351765225856e-11,1.310969601766177e-13,1.219290011658189e-13
5319,1.201248918456632e-11,1.308043852854971e-13,1.216600780287196e-13
5320,1.197939101245814e-11,1.304912377228258e-13,1.213701369893547e-13
5321,1.194918066344975e-11,1.301867258777543e-13,1.210884787502494e-13
5322,1.192776994050498e-11,1.298922950054647e-13,1.208183373400615e-13
5323,1.190110120726246e-11,1.295859411136931e-13,1.20534867416107e-13
5324,1.187087611865782e-11,1.292836455248606e-13,1.202557421809062e-13
5325,1.184516380125208e-11,1.289827513611004e-13,1.199779557433488e-13
5326,1.182498518646232e-11,1.287002708160678e-13,1.197192742412221e-13
5327,1.180505801014801e-11,1.283961894975016e-13,1.194382215633961e-13
5328,1.17749950785051e-11,1.280997644461085e-13,1.191645292581599e-13
5329,1.174929591428513e-11,1.278057284235696e-13,1.188939387840571e-13
5330,1.171972661304132e-11,1.2750059012388e-13,1.186105836011708e-13
5331,1.169277163968937e-11,1.272031124526593e-13,1.183366180708678e-13
5332,1.167259530746889e-11,1.269233012635593e-13,1.180799356077583e-13
5333,1.164344118506166e-11,1.266211432373281e-13,1.177997265779965e-13
5334,1.161967047607202e-11,1.263371440407226e-13,1.175394145061952e-13
5335,1.158818123305816e-11,1.26031783131055e-13,1.172554520571192e-13
5336,1.15616757276436e-11,1.257412765204823e-13,1.169886929826822e-13
5337,1.153444801918082e-11,1.25449214342427e-13,1.167182359872508e-13
5338,1.150745696896007e-11,1.25157707600202e-13,1.164496816927741e-13
5339,1.148016523531778e-11,1.24868481954395e-13,1.161833134028712e-13
5340,1.145263321887788e-11,1.245777635385355e-13,1.159148049413647e-13
5341,1.143492797208675e-11,1.242973292879454e-13,1.156567951733682e-13
5342,1.141378871365435e-11,1.240118504593637e-13,1.153933581923166e-13
5343,1.138552426046202e-11,1.237239168409599e-13,1.151280869990165e-13
5344,1.136169439163285e-11,1.234409050925442e-13,1.148674976402428e-13
5345,1.134111164202881e-11,1.231584157964759e-13,1.146066620760675e-13
5346,1.131530493942363e-11,1.228731920165372e-13,1.143434010551486e-13
5347,1.129098528722387e-11,1.225847612235513e-13,1.140776304726567e-13
5348,1.126205993784619e-11,1.222955594881761e-13,1.138095550907369e-13
5349,1.123736162999261e-11,1.220181211252829e-13,1.135544352673542e-13
5350,1.121683575794763e-11,1.21742095933295e-13,1.132998127424843e-13
5351,1.119098374429781e-11,1.214465239953712e-13,1.130252067126364e-13
5352,1.116101336593496e-11,1.211650678713634e-13,1.127663484756333e-13
5353,1.113658878793051e-11,1.208842969955668e-13,1.125061664616865e-13
5354,1.111652028291881e-11,1.206144938406893e-13,1.122583420307433e-13
5355,1.108908917571506e-11,1.203297652040462e-13,1.119946535807358e-13
5356,1.106472628868197e-11,1.200517504676613e-13,1.117384214980614e-13
5357,1.103447408070888e-11,1.197700533610339e-13,1.11478402852202e-13
5358,1.101471936483882e-11,1.194979548779544e-13,1.112273995837664e-13
5359,1.098985358554869e-11,1.192182911404237e-13,1.10968141124636e-13
5360,1.096623482606866e-11,1.189430836592986e-13,1.107153317595417e-13
5361,1.093750938224225e-11,1.186628910096912e-13,1.10456525699861e-13
5362,1.091459386389246e-11,1.183969063338911e-13,1.102116272999148e-13
5363,1.089622281468139e-11,1.18126288937486e-13,1.099625062084227e-13
5364,1.087170812555107e-11,1.178454225208043e-13,1.097021900916796e-13
5365,1.084431795474091e-11,1.175707258347442e-13,1.094484338859441e-13
5366,1.082279272111317e-11,1.173086360472307e-13,1.092073666713191e-13
5367,1.079846969371331e-11,1.170303764086607e-13,1.089501993656974e-13
5368,1.077743345406238e-11,1.167652747243766e-13,1.08706052837835e-13
5369,1.075254427431092e-11,1.164918090293643e-13,1.084529867949601e-13
5370,1.073073749061133e-11,1.16231102696217e-13,1.082125333157781e-13
5371,1.070155121296359e-11,1.159492639271362e-13,1.079516111463808e-13
5372,1.067649450210518e-11,1.156836428453384e-13,1.077059964034955e-13
5373,1.065192636980662e-11,1.154122471872947e-13,1.074541052094992e-13
5374,1.062833164547993e-11,1.151461568225065e-13,1.072099987077058e-13
5375,1.061159915204888e-11,1.148924144557118e-13,1.069772142620027e-13
5376,1.058947084195061e-11,1.146238920229508e-13,1.067289060387035e-13
5377,1.056505568104193e-11,1.143614972686976e-13,1.06486863289249e-13
5378,1.053978692272734e-11,1.140898226704039e-13,1.06234533058717e-13
5379,1.051824902446814e-11,1.138320590745001e-13,1.059971610051957e-13
5380,1.049318073021746e-11,1.135576201208881e-13,1.057425606297407e-13
5381,1.04684154536787e-11,1.133006018942559e-13,1.055049267214749e-13
5382,1.045211576291135e-11,1.130462551499369e-13,1.052716577428455e-13
5383,1.042934891305516e-11,1.127834579784369e-13,1.050288103093352e-13
5384,1.040490047828261e-11,1.125169075101584e-13,1.047817857042147e-13
5385,1.038095778189662e-11,1.122586806272972e-13,1.045441381814451e-13
5386,1.035086192602012e-11,1.119899180404243e-13,1.042946213415584e-13
5387,1.03296402449123e-11,1.117295271358361e-13,1.040537870028109e-13
5388,1.031012155903598e-11,1.114839256124723e-13,1.03827916060324e-13
5389,1.029158822829949e-11,1.112279517800617e-13,1.035918421717455e-13
5390,1.026670844875246e-11,1.109626197229412e-13,1.033461009131118e-13
5391,1.023948760292405e-11,1.107040580690026e-13,1.031069207916637e-13
5392,1.022140786671393e-11,1.104551077478806e-13,1.028780375572358e-13
5393,1.019600424739265e-11,1.101903064962844e-13,1.026321742599787e-13
5394,1.017600084045737e-11,1.099449084038787e-13,1.024069597289465e-13
5395,1.015627422664376e-11,1.096944190962703e-13,1.021758033152531e-13
5396,1.01307760683418e-11,1.094294590499994e-13,1.019294220164633e-13
5397,1.01067538955903e-11,1.09179740514527e-13,1.016991775704737e-13
5398,1.008320434767325e-11,1.089246834437691e-13,1.014628601558141e-13
5399,1.00601592901244e-11,1.08668588321318e-13,1.012257779034892e-13
5400,1.003617766586444e-11,1.084155131255892e-13,1.009918767794527e-13
5401,1.002523531330165e-11,1.081793516409232e-13,1.007757454016536e-13
5402,9.998613909951909e-12,1.079163962643065e-13,1.005316310353543e-13
5403,9.974621864147732e-12,1.076751836870359e-13,1.003087429657209e-13
5404,9.955310650885354e-12,1.074270108002934e-13,1.00080773045979e-13
5405,9.931917979894965e-12,1.071763156997533e-13,9.984819185982257e-14
5406,9.912579688816745e-12,1.069371758212557e-13,9.962855046910804e-14
5407,9.88151142887368e-12,1.06671568821704e-13,9.938161644504554e-14
5408,9.861906353650979e-12,1.064315527282631e-13,9.916020327162231e-14
5409,9.837352762654347e-12,1.061840263500917e-13,9.893042249816787e-14
5410,9.82151716416943e-12,1.059440644353072e-13,9.870982981466722e-14
5411,9.806328642637118e-12,1.057066574204812e-13,9.849108963624663e-14
5412,9.781249239393281e-12,1.054498108992278e-13,9.825258243494355e-14
5413,9.754478081025624e-12,1.052091623289988e-13,9.803048550805392e-14
5414,9.739949342000075e-12,1.049717747432082e-13,9.781148343222962e-14
5415,9.709022003232118e-12,1.047180347074116e-13,9.757571642584062e-14
5416,9.690625329904589e-12,1.044804060066758e-13,9.735602317900827e-14
5417,9.672678164121555e-12,1.042370434303502e-13,9.713154242657388e-14
5418,9.645932762418046e-12,1.039960590903183e-13,9.690872257842416e-14
5419,9.624837607525847e-12,1.037606803484036e-13,9.669119410312966e-14
5420,9.608804861313121e-12,1.035264594359551e-13,9.647556175644807e-14
5421,9.581553986051875e-12,1.032727769150174e-13,9.62395152155878e-14
5422,9.559746109598673e-12,1.03037111329866e-13,9.602215833317869e-14
5423,9.542094707886552e-12,1.028019112578627e-13,9.58056427197436e-14
5424,9.526870386455176e-12,1.025719458559278e-13,9.559362430123635e-14
5425,9.507650968279195e-12,1.023293171005698e-13,9.536834713456503e-14
5426,9.489654925715362e-12,1.020981742584876e-13,9.515525933851758e-14
5427,9.467353007606733e-12,1.018537290356e-13,9.492917911144234e-14
5428,9.44715085315663e-12,1.016267308882597e-13,9.471965551290257e-14
5429,9.424292203199145e-12,1.013868577281076e-13,9.449687138016292e-14
5430,9.400222339668379e-12,1.011456217125214e-13,9.427436600525094e-14
5431,9.38314631914695e-12,1.009198881346704e-13,9.40658235043512e-14
5432,9.366151233940883e-12,1.006855915150222e-13,9.384944277423677e-14
5433,9.341742721412156e-12,1.004544439232156e-13,9.363534251219161e-14
5434,9.326246519473583e-12,1.002256014916474e-13,9.342400638690958e-14
5435,9.30256167306006e-12,9.998667993193744e-14,9.320181929543287e-14
5436,9.28439310675383e-12,9.976311593023779e-14,9.29961639603312e-14
5437,9.263398727724552e-12,9.952325527127275e-14,9.277362125399787e-14
5438,9.236831596830477e-12,9.929277036117312e-14,9.256033280720919e-14
5439,9.211254631606592e-12,9.90572908613994e-14,9.234098973105532e-14
5440,9.193196350839724e-12,9.884279084518029e-14,9.214509885690507e-14
5441,9.17844422587943e-12,9.860982530907694e-14,9.193001903146953e-14
5442,9.15994297590793e-12,9.838457419764092e-14,9.172186626582376e-14
5443,9.1370084831684e-12,9.815232409596092e-14,9.150614048452976e-14
5444,9.114695731900861e-12,9.79208474573082e-14,9.129145605730523e-14
5445,9.096401321783465e-12,9.770067113391622e-14,9.108854583615409e-14
5446,9.07973242028004e-12,9.747268690186395e-14,9.087738708113024e-14
5447,9.05730345323393e-12,9.72481141711569e-14,9.067008605666709e-14
5448,9.033310444037005e-12,9.701906958259483e-14,9.045734298013981e-14
5449,9.011790800132518e-12,9.679535630337069e-14,9.0250502802113e-14
5450,8.998494904756015e-12,9.65834811344557e-14,9.00559566648214e-14
5451,8.983272866827238e-12,9.635970727392796e-14,8.984853408012578e-14
5452,8.9610514106051e-12,9.613004805098058e-14,8.963563519526387e-14
5453,8.945013390917435e-12,9.591439645015648e-14,8.943644030025034e-14
5454,8.922881334968837e-12,9.568458449291495e-14,8.922368359437282e-14
5455,8.903895709686427e-12,9.546698943446116e-14,8.902266112475861e-14
5456,8.883791219809305e-12,9.525122045512375e-14,8.882304536211966e-14
5457,8.869739083666103e-12,9.502966611533497e-14,8.861840110449077e-14
5458,8.846288632190676e-12,9.48129690466784e-14,8.84184807915044e-14
5459,8.824671170385911e-12,9.458585936558841e-14,8.820759567202853e-14
5460,8.799635737911356e-12,9.436139675358553e-14,8.799880875350746e-14
5461,8.785987502772335e-12,9.415744519999955e-14,8.781170022640115e-14
5462,8.766329131676204e-12,9.393096486894769e-14,8.760079861759546e-14
5463,8.74936582202879e-12,9.371965398780775e-14,8.740636272721629e-14
5464,8.728248843406932e-12,9.34941552524395e-14,8.719652036569443e-14
5465,8.705093298139914e-12,9.32782695325761e-14,8.699672345865037e-14
5466,8.688676226307216e-12,9.306882035539662e-14,8.680357869542828e-14
5467,8.674659820899284e-12,9.285654656013457e-14,8.660689956863387e-14
5468,8.652212938439264e-12,9.263400540637259e-14,8.640048242671937e-14
5469,8.635814417335925e-12,9.243003860373369e-14,8.621310561737892e-14
5470,8.621812236785783e-12,9.221468261748745e-14,8.601414466266769e-14
5471,8.598839365413301e-12,9.199412131490974e-14,8.580859336836338e-14
5472,8.576160402014184e-12,9.177672031887186e-14,8.560597230845166e-14
5473,8.552059190914916e-12,9.156354433391515e-14,8.540876349816604e-14
5474,8.54040546788615e-12,9.136702280619676e-14,8.522967389492946e-14
5475,8.526766607840232e-12,9.11518206387397e-14,8.503051596128451e-14
5476,8.503638666625952e-12,9.094203386534783e-14,8.483582642632196e-14
5477,8.485345037356085e-12,9.073439053826787e-14,8.464336638096218e-14
5478,8.465564127585715e-12,9.05166304466894e-14,8.444197989951944e-14
5479,8.446944268349083e-12,9.031071155618829e-14,8.425146678479707e-14
5480,8.430638646592046e-12,9.010578620962265e-14,8.406267816605423e-14
5481,8.412627451806494e-12,8.989251089497532e-14,8.386465967989046e-14
5482,8.390139122553684e-12,8.968307406737607e-14,8.366996383983297e-14
5483,8.370255184152933e-12,8.947761369834429e-14,8.348001135477197e-14
5484,8.34782881637132e-12,8.926275806766457e-14,8.3280059017356e-14
5485,8.33193424376552e-12,8.905839806551111e-14,8.309109407104626e-14
5486,8.321684965806246e-12,8.886653188419085e-14,8.291549684903273e-14
5487,8.3085796663549e-12,8.86604537787064e-14,8.272461298207898e-14
5488,8.289272982551811e-12,8.845790948281929e-14,8.253715281248944e-14
5489,8.266379792237063e-12,8.824131139294373e-14,8.233556640472559e-14
5490,8.242385016141959e-12,8.80342520365314e-14,8.214363637600106e-14
5491,8.230973117282152e-12,8.78457049055217e-14,8.197042890975491e-14
5492,8.209815146498174e-12,8.762909659783566e-14,8.176859459388656e-14
5493,8.185108128935338e-12,8.742420947571563e-14,8.15795460971153e-14
5494,8.168046762460776e-12,8.722158235381777e-14,8.13918674811201e-14
5495,8.15790145262047e-12,8.703499287554288e-14,8.122092986597168e-14
5496,8.141782485828653e-12,8.682724456665392e-14,8.102789350414345e-14
5497,8.12534346664847e-12,8.663271857843353e-14,8.084753543292464e-14
5498,8.100153852929387e-12,8.641853560990618e-14,8.064857451999384e-14
5499,8.085577928955363e-12,8.622536677219551e-14,8.047045342606892e-14
5500,8.067882716235227e-12,8.602325575687697e-14,8.028346860526105e-14
5501,8.051897272253946e-12,8.582652368138451e-14,8.010161865052595e-14
5502,8.03683088323211e-12,8.564010235955006e-14,7.993036688334025e-14
5503,8.017003784298867e-12,8.542729401352499e-14,7.973148906838334e-14
5504,7.998382659008932e-12,8.523722433113563e-14,7.955640150914516e-14
5505,7.981469465033206e-12,8.503341176189647e-14,7.936734946451539e-14
5506,7.961728437599868e-12,8.483443746467342e-14,7.918257914733937e-14
5507,7.94672008031529e-12,8.464494934486674e-14,7.900757782315791e-14
5508,7.92662065008194e-12,8.444381168522478e-14,7.881982731527366e-14
5509,7.918091414413503e-12,8.42629295377764e-14,7.865373323268254e-14
5510,7.901447397945817e-12,8.406691904332646e-14,7.847203595751803e-14
5511,7.873560864675317e-12,8.385514949112895e-14,7.827620062937212e-14
5512,7.860421821745887e-12,8.367235842012097e-14,7.810685110125802e-14
5513,7.847538462518215e-12,8.34824009904099e-14,7.793270469253124e-14
5514,7.832004304303959e-12,8.329259236507797e-14,7.775696529910728e-14
5515,7.819309911317263e-12,8.31002050455053e-14,7.757794248101863e-14
5516,7.801005703380377e-12,8.290681376261007e-14,7.739907227321471e-14
5517,7.778080764699528e-12,8.270525073493823e-14,7.721066505425544e-14
5518,7.757617711198097e-12,8.252269320651394e-14,7.7042000790616e-14
5519,7.741797304074568e-12,8.23206276367336e-14,7.685544703326556e-14
5520,7.723635229678026e-12,8.213374281764377e-14,7.66825108704792e-14
5521,7.707157082666757e-12,8.194474491125907e-14,7.650732599155297e-14
5522,7.696200790951078e-12,8.176054148942643e-14,7.633684943532619e-14
5523,7.677171342719764e-12,8.156810759205628e-14,7.6159019581909e-14
5524,7.657727878102543e-12,8.137398699225444e-14,7.597797463715946e-14
5525,7.64840310127053e-12,8.120055973456152e-14,7.581932308212623e-14
5526,7.63222051292399e-12,8.10132423361555e-14,7.564517961005856e-14
5527,7.608802023597463e-12,8.081430976787131e-14,7.545957240891758e-14
5528,7.599847660650883e-12,8.063974981334862e-14,7.52997595356281e-14
5529,7.577681498400508e-12,8.044341072125515e-14,7.511677923510524e-14
5530,7.562015782305485e-12,8.026136129009342e-14,7.494770603978178e-14
5531,7.545414154422033e-12,8.007374444012434e-14,7.477415733650049e-14
5532,7.53169573200074e-12,7.989628516277323e-14,7.461080991046004e-14
5533,7.518203504906438e-12,7.971137301990981e-14,7.4439491015529e-14
5534,7.5029247956752e-12,7.952509702430761e-14,7.426697428464696e-14
5535,7.480476924300311e-12,7.934075538951494e-14,7.409696755247823e-14
5536,7.468948008879352e-12,7.915737526987604e-14,7.392741395419713e-14
5537,7.446732185905954e-12,7.896677387956894e-14,7.374936293690901e-14
5538,7.432428258240182e-12,7.878942649756464e-14,7.358520683154853e-14
5539,7.422585365764933e-12,7.861312928419602e-14,7.342282659022185e-14
5540,7.401101775816067e-12,7.841938339597065e-14,7.324200490685866e-14
5541,7.388764612323783e-12,7.824847960760284e-14,7.308444213306522e-14
5542,7.3748253671312e-12,7.806815295616388e-14,7.291725777077495e-14
5543,7.357323443905621e-12,7.788995214695611e-14,7.27524187211602e-14
5544,7.334181561807374e-12,7.770098888690273e-14,7.257687778610592e-14
5545,7.324484393044811e-12,7.752866686829872e-14,7.241802444679504e-14
5546,7.303670364347235e-12,7.733777073102194e-14,7.224062748720476e-14
5547,7.29052776514593e-12,7.716646127464916e-14,7.208238104205185e-14
5548,7.274711690554956e-12,7.699140284069213e-14,7.192037721687775e-14
5549,7.261087442301081e-12,7.681395782574575e-14,7.175617271805477e-14
5550,7.237979217685107e-12,7.662496421080997e-14,7.157964759679736e-14
5551,7.222476814569421e-12,7.645376751419678e-14,7.142155674726591e-14
5552,7.212001343469251e-12,7.628394348233805e-14,7.126425384008638e-14
5553,7.199402868369114e-12,7.610820979219277e-14,7.110033955818007e-14
5554,7.1742976613615e-12,7.591885991354507e-14,7.092507161975233e-14
5555,7.160074011622065e-12,7.574426447517374e-14,7.076307060946185e-14
5556,7.154272451419493e-12,7.558538934933374e-14,7.061704600241022e-14
5557,7.128993249758841e-12,7.539480335129292e-14,7.043919049167348e-14
5558,7.12002644527714e-12,7.52296748294818e-14,7.028705697941135e-14
5559,7.100394910755729e-12,7.504648458730338e-14,7.011644822074996e-14
5560,7.093253854701202e-12,7.488950918592467e-14,6.997184818081424e-14
5561,7.074952962667384e-12,7.470312245196065e-14,6.979791080337993e-14
5562,7.054938797428962e-12,7.452989749629698e-14,6.963665543985502e-14
5563,7.037651875349377e-12,7.43532523015951e-14,6.947251239792547e-14
5564,7.026938256209829e-12,7.419610738662346e-14,6.932889675262728e-14
5565,7.007817566507447e-12,7.401281709158646e-14,6.915762396295994e-14
5566,7.001893110011994e-12,7.385706897620417e-14,6.90155223115124e-14
5567,6.98801869811386e-12,7.368589573764436e-14,6.885642486256496e-14
5568,6.966136194210125e-12,7.350450977005554e-14,6.868750971728015e-14
5569,6.954584828470937e-12,7.33456616671618e-14,6.854106852312679e-14
5570,6.942063306049135e-12,7.317010748749542e-14,6.837762583845576e-14
5571,6.919404331573962e-12,7.299042780345914e-14,6.821038258591051e-14
5572,6.902713399522756e-12,7.282505823725904e-14,6.805692488860144e-14
5573,6.900182272415606e-12,7.267554516303698e-14,6.792031815019736e-14
5574,6.878162024049442e-12,7.248820238308491e-14,6.774509796680451e-14
5575,6.861245980024513e-12,7.232899160278188e-14,6.759848419259387e-14
5576,6.843284749150098e-12,7.215268966965516e-14,6.743400173658694e-14
5577,6.82598727775083e-12,7.199158786377547e-14,6.728415894148532e-14
5578,6.813843215008648e-12,7.182047478223923e-14,6.71259568355693e-14
5579,6.804690696591482e-12,7.16674348546727e-14,6.698509516038602e-14
5580,6.786770443416007e-12,7.14897150098192e-14,6.681783613017218e-14
5581,6.772304708961034e-12,7.133335811363033e-14,6.667521509682983e-14
5582,6.761810959040185e-12,7.117354675105232e-14,6.652717994343668e-14
5583,6.739106877749138e-12,7.09978793800304e-14,6.636265633080916e-14
5584,6.724500321809824e-12,7.083446533606083e-14,6.621124215802322e-14
5585,6.713563951185397e-12,7.067885896762515e-14,6.606837320146659e-14
5586,6.699264876739606e-12,7.050758730133582e-14,6.590747660308695e-14
5587,6.681661513181305e-12,7.034083384999193e-14,6.575250464896243e-14
5588,6.677682981296929e-12,7.019834896210563e-14,6.562299967979811e-14
5589,6.659972634479435e-12,7.001982424143955e-14,6.545543731077033e-14
5590,6.652202598406361e-12,6.987261398919192e-14,6.532118418165382e-14
5591,6.635816964050133e-12,6.970728814374448e-14,6.516755383534489e-14
5592,6.617419645451658e-12,6.953824271320908e-14,6.500988841198916e-14
5593,6.601905783080604e-12,6.937635545438224e-14,6.485927127141283e-14
5594,6.593490714124102e-12,6.922861116076308e-14,6.472349840451142e-14
5595,6.579139045367495e-12,6.906140317185927e-14,6.456774597528576e-14
5596,6.566084464125475e-12,6.890705662868291e-14,6.442482629209884e-14
5597,6.545782240813734e-12,6.87367241889743e-14,6.426610949728878e-14
5598,6.535333643335304e-12,6.858787910635315e-14,6.412869718356003e-14
5599,6.513082758648657e-12,6.841837357849636e-14,6.397066374547986e-14
5600,6.498751500510334e-12,6.826450528757543e-14,6.382820787135945e-14
5601,6.486934865414127e-12,6.810652953089468e-14,6.368184243049234e-14
5602,6.48245922614372e-12,6.796282261723633e-14,6.355001986153959e-14
5603,6.459041492113118e-12,6.778656930496942e-14,6.338426456969306e-14
5604,6.454553098831292e-12,6.76485663410111e-14,6.32590015282354e-14
5605,6.435291746011373e-12,6.747611008988775e-14,6.309639301822723e-14
5606,6.417982640957992e-12,6.732641863314345e-14,6.295871060622896e-14
5607,6.412311913537807e-12,6.718014619894802e-14,6.282366358437981e-14
5608,6.39594425965978e-12,6.701773379511421e-14,6.267225470144994e-14
5609,6.376712283369772e-12,6.685544786415096e-14,6.252048430678044e-14
5610,6.367801339451741e-12,6.671570084591985e-14,6.239312806027565e-14
5611,6.349656560567487e-12,6.654757955267495e-14,6.223515898315641e-14
5612,6.340038473063678e-12,6.640643217131565e-14,6.21063773230043e-14
5613,6.321171871191429e-12,6.62401599753325e-14,6.194926983009073e-14
5614,6.310881017852397e-12,6.609663554491051e-14,6.181794790822966e-14
5615,6.303706642183659e-12,6.594812682679989e-14,6.168055666392572e-14
5616,6.292073175370165e-12,6.579832018810494e-14,6.15416811547367e-14
5617,6.274989673597025e-12,6.563671636257184e-14,6.139056387968946e-14
5618,6.253481466717406e-12,6.54826740615811e-14,6.124775454859137e-14
5619,6.250554110361597e-12,6.534262523602057e-14,6.111891725694184e-14
5620,6.233678490293227e-12,6.518021264017531e-14,6.09667066207258e-14
5621,6.216012367148068e-12,6.503156472886673e-14,6.082904127305132e-14
5622,6.209580258859841e-12,6.488532308837465e-14,6.069420392685287e-14
5623,6.188403430054837e-12,6.472534643587205e-14,6.05454741546512e-14
5624,6.177067686722245e-12,6.458291085264287e-14,6.04133789271937e-14
5625,6.172562259097536e-12,6.443844171998334e-14,6.027937620537806e-14
5626,6.16297581952941e-12,6.429105103345407e-14,6.01427490519882e-14
5627,6.150899128529255e-12,6.414598500213097e-14,6.000872328267612e-14
5628,6.134894205566912e-12,6.39978605735918e-14,5.987084018154418e-14
5629,6.118399290547377e-12,6.383941273367174e-14,5.97228847679328e-14
5630,6.101859225901784e-12,6.369236115577548e-14,5.958628536138447e-14
5631,6.091682950547194e-12,6.355186994003512e-14,5.945627682395504e-14
5632,6.074420229643334e-12,6.339911339642916e-14,5.93134037603939e-14
5633,6.06900286692525e-12,6.326225575393622e-14,5.918789328806867e-14
5634,6.05339917204146e-12,6.310904704220228e-14,5.904524631500608e-14
5635,6.033103287188879e-12,6.295707111727829e-14,5.890234900098973e-14
5636,6.029231474875886e-12,6.282483094933708e-14,5.878214279784085e-14
5637,6.021512717346105e-12,6.267977017017962e-14,5.864733410260818e-14
5638,6.004325359212497e-12,6.253494518819297e-14,5.85128024629043e-14
5639,5.988559885661824e-12,6.238062760251639e-14,5.836793286673962e-14
5640,5.982723239522049e-12,6.225049003682995e-14,5.824927701344228e-14
5641,5.961327516558972e-12,6.210311600908801e-14,5.811217467496012e-14
5642,5.954394212750583e-12,6.196161266197578e-14,5.798063199777902e-14
5643,5.936548054279593e-12,6.180582830779719e-14,5.783425601731626e-14
5644,5.922989473879688e-12,6.166333533882313e-14,5.770153122499756e-14
5645,5.912349139864614e-12,6.15302964993539e-14,5.758007653287966e-14
5646,5.90351509700991e-12,6.139258146753692e-14,5.745254364651489e-14
5647,5.889821881820153e-12,6.124266042521972e-14,5.731237813441369e-14
5648,5.870246045039385e-12,6.109347263432196e-14,5.717261630889432e-14
5649,5.85687868704862e-12,6.095629162534783e-14,5.704531696780024e-14
5650,5.847173790922036e-12,6.081640914779661e-14,5.691546545706177e-14
5651,5.835580830872051e-12,6.067739632388589e-14,5.678693475153835e-14
5652,5.819173940678187e-12,6.053183583519728e-14,5.665116243376055e-14
5653,5.805238682870573e-12,6.039258488746999e-14,5.652143659099967e-14
5654,5.803885113689963e-12,6.02648836039446e-14,5.640477462818564e-14
5655,5.79126540674135e-12,6.012403298364048e-14,5.62741739643578e-14
5656,5.772635907389644e-12,5.998132346386626e-14,5.61408863628915e-14
5657,5.760428507976245e-12,5.983671829074675e-14,5.600538529135676e-14
5658,5.753674290908062e-12,5.970972126836025e-14,5.588901053981336e-14
5659,5.738612819620326e-12,5.956492725863992e-14,5.575390560773955e-14
5660,5.723427269688542e-12,5.942667298684673e-14,5.56257430829738e-14
5661,5.709795775360288e-12,5.928573613721626e-14,5.54948756095916e-14
5662,5.700231908749837e-12,5.91522364806375e-14,5.53708303793549e-14
5663,5.696836171788121e-12,5.90297650981402e-14,5.525883459179552e-14
5664,5.687092043859369e-12,5.888841258985399e-14,5.512641647658023e-14
5665,5.673848266643336e-12,5.875793865720961e-14,5.500660941498469e-14
5666,5.661108392990836e-12,5.861376368449318e-14,5.487169826655993e-14
5667,5.650517384413786e-12,5.848519953716809e-14,5.475328190798647e-14
5668,5.636080710391512e-12,5.834595674014133e-14,5.462331714812304e-14
5669,5.623220990802756e-12,5.821221872644034e-14,5.449844358082765e-14
5670,5.613570410544075e-12,5.808168593072008e-14,5.437791728155546e-14
5671,5.599902618181329e-12,5.794552808550081e-14,5.425124481005666e-14
5672,5.589663969262618e-12,5.781482921814281e-14,5.413013579548463e-14
5673,5.57324420060062e-12,5.767068982466844e-14,5.399608948041741e-14
5674,5.566694451977915e-12,5.75467442852136e-14,5.388128751805888e-14
5675,5.550216521433882e-12,5.740613677100957e-14,5.374857070152107e-14
5676,5.531875112836194e-12,5.726628776270692e-14,5.36180049889985e-14
5677,5.527506996629895e-12,5.715263633904426e-14,5.351550002465953e-14
5678,5.519251330791435e-12,5.701594461149017e-14,5.338838625052375e-14
5679,5.49781771506647e-12,5.687089865969171e-14,5.325068591293643e-14
5680,5.493066827566711e-12,5.675227900303854e-14,5.314422141074683e-14
5681,5.48380888312693e-12,5.661440427847686e-14,5.301491858652208e-14
5682,5.469483549786557e-12,5.648823536171956e-14,5.289750278739767e-14
5683,5.460420730149863e-12,5.635806937605128e-14,5.277731781245312e-14
5684,5.450274481298504e-12,5.623267997436081e-14,5.266059134763009e-14
5685,5.428477109175647e-12,5.608775647104649e-14,5.25238468076661e-14
5686,5.422876334362643e-12,5.597174862897457e-14,5.24186437916751e-14
5687,5.407824536474748e-12,5.58319393147804e-14,5.228784026535875e-14
5688,5.392874717952756e-12,5.569957007269064e-14,5.216272982570436e-14
5689,5.388730927678359e-12,5.558653170710493e-14,5.206072204126123e-14
5690,5.378469161777785e-12,5.544879407565539e-14,5.193204850390253e-14
5691,5.362185735128089e-12,5.532269447646431e-14,5.181387975052929e-14
5692,5.355130933419352e-12,5.520210226692083e-14,5.170283052476382e-14
5693,5.348108902340088e-12,5.507366499566994e-14,5.158358264328199e-14
5694,5.324416455567544e-12,5.493426830669373e-14,5.145350265695762e-14
5695,5.320288666386241e-12,5.481839370616485e-14,5.134595623845251e-14
5696,5.313534387663398e-12,5.469472488707845e-14,5.123211764936949e-14
5697,5.296007733000113e-12,5.455551137692487e-14,5.11015433309425e-14
5698,5.287091158654265e-12,5.444623917253494e-14,5.100146619827233e-14
5699,5.279909549034596e-12,5.431092642547548e-14,5.087487147261557e-14
5700,5.263727430780608e-12,5.418527050981668e-14,5.075784645682248e-14
5701,5.254440014554263e-12,5.40669210563988e-14,5.064830992202938e-14
5702,5.244061765258165e-12,5.393512794985454e-14,5.052608052924808e-14
5703,5.23411169864638e-12,5.381755873108444e-14,5.041742155531559e-14
5704,5.227454273281504e-12,5.369254708676933e-14,5.03001224393175e-14
5705,5.215433677709515e-12,5.356926539974033e-14,5.018572077880611e-14
5706,5.206015895222028e-12,5.344529352677041e-14,5.007013769802967e-14
5707,5.193316482997104e-12,5.331907091390075e-14,4.995275283292274e-14
5708,5.18118987166301e-12,5.319825639489362e-14,4.984127858665523e-14
5709,5.172490207172076e-12,5.307716918324244e-14,4.972915381148978e-14
5710,5.165083292271937e-12,5.295760957193467e-14,4.961831057696381e-14
5711,5.15200806587021e-12,5.283301351187841e-14,4.95021067733345e-14
5712,5.129753111336269e-12,5.269718204043856e-14,4.937439097651988e-14
5713,5.128779149479262e-12,5.259228803539766e-14,4.92781850872552e-14
5714,5.116196357482073e-12,5.24688403395229e-14,4.916291970222799e-14
5715,5.108719104045169e-12,5.234651285127785e-14,4.904889270994824e-14
5716,5.094354370412041e-12,5.222128095929254e-14,4.8932942634133e-14
5717,5.081182961751395e-12,5.210388164016925e-14,4.882421068608392e-14
5718,5.076783690996063e-12,5.198877884795833e-14,4.871711782328163e-14
5719,5.05662238438182e-12,5.185204863465405e-14,4.858901011323916e-14
5720,5.040623050472014e-12,5.173026087312324e-14,4.84744124591394e-14
5721,5.03242472286949e-12,5.161864309428141e-14,4.837242406449729e-14
5722,5.024605912054918e-12,5.150454582444702e-14,4.826625497202203e-14
5723,5.018788551970683e-12,5.138607906194111e-14,4.815583937236505e-14
5724,5.009926907727679e-12,5.126557363328954e-14,4.804369690759089e-14
5725,5.000455166793359e-12,5.115365021880313e-14,4.794063731336236e-14
5726,4.989314560540673e-12,5.103409437462162e-14,4.782894187883733e-14
5727,4.974505231245712e-12,5.090774497240113e-14,4.771053858213664e-14
5728,4.958051669777518e-12,5.078384746254058e-14,4.75948318095599e-14
5729,4.94847284207291e-12,5.066822190598428e-14,4.74869597562274e-14
5730,4.940925467974109e-12,5.055785748249949e-14,4.738533809992858e-14
5731,4.937002063488518e-12,5.044843549101201e-14,4.728436828670053e-14
5732,4.924109897495439e-12,5.032313615381565e-14,4.71680077017839e-14
5733,4.909148883750123e-12,5.020416798471953e-14,4.705512294783098e-14
5734,4.906739784584347e-12,5.01016612533503e-14,4.696165542834839e-14
5735,4.898154539108268e-12,4.998860794157002e-14,4.685715994127429e-14
5736,4.878580226223662e-12,4.985829079607657e-14,4.673484512228527e-14
5737,4.871432623667012e-12,4.974959762701132e-14,4.663436118568015e-14
5738,4.86047596851243e-12,4.962880594043193e-14,4.652108591468561e-14
5739,4.849191323040339e-12,4.951947409990479e-14,4.642047419615669e-14
5740,4.842831309770017e-12,4.940666240499107e-14,4.631545776784683e-14
5741,4.839228350404593e-12,4.930235399898811e-14,4.621903074890279e-14
5742,4.827385042688321e-12,4.918037996934184e-14,4.610530498180554e-14
5743,4.811833741908425e-12,4.906637870221398e-14,4.599944603667385e-14
5744,4.801343102393296e-12,4.895348086231756e-14,4.589334542207713e-14
5745,4.792003533807982e-12,4.884056005087752e-14,4.578807591806052e-14
5746,4.789570188081675e-12,4.873470239274078e-14,4.569141181776348e-14
5747,4.778772046564117e-12,4.862374386227765e-14,4.558861737348815e-14
5748,4.770681067864881e-12,4.850599638651757e-14,4.547827557096561e-14
5749,4.751085469732979e-12,4.83889466428459e-14,4.536812558225595e-14
5750,4.744397391896994e-12,4.828042712380698e-14,4.526860526604316e-14
5751,4.728367594814246e-12,4.816115040100739e-14,4.515687327023008e-14
5752,4.718735463439722e-12,4.804998042943881e-14,4.505331476012736e-14
5753,4.713870514126211e-12,4.795123989865348e-14,4.496224912383263e-14
5754,4.706515365133824e-12,4.783786227944242e-14,4.48563592517638e-14
5755,4.689149024153779e-12,4.771845018828279e-14,4.474409227561069e-14
5756,4.680851307155521e-12,4.761287782433766e-14,4.464642673764671e-14
5757,4.680382506913284e-12,4.751400241558092e-14,4.455570085698778e-14
5758,4.667131396940329e-12,4.740002221662778e-14,4.444896780115021e-14
5759,4.658136906651151e-12,4.72831912066006e-14,4.433984486132006e-14
5760,4.647897116331421e-12,4.718050854863039e-14,4.424497670344728e-14
5761,4.639666327685143e-12,4.707279316884649e-14,4.414481014704281e-14
5762,4.634980810040347e-12,4.696595013718786e-14,4.40461401140249e-14
5763,4.627257437351432e-12,4.686047549676577e-14,4.394698556167051e-14
5764,4.609692164916914e-12,4.674324032526569e-14,4.383769729069004e-14
5765,4.591526626701383e-12,4.662656538131886e-14,4.372703275229126e-14
5766,4.582913291686964e-12,4.652007178919303e-14,4.362796413861873e-14
5767,4.5725936779478e-12,4.641840263361293e-14,4.353523699843471e-14
5768,4.561540809457511e-12,4.630419358497123e-14,4.34268634416989e-14
5769,4.553456012775566e-12,4.619936643149946e-14,4.3332361936901e-14
5770,4.555830740116786e-12,4.610931442183959e-14,4.324917403462482e-14
5771,4.549242631185931e-12,4.600363710162259e-14,4.315119793609485e-14
5772,4.529806441485613e-12,4.587984544984229e-14,4.303472194416718e-14
5773,4.523108062208567e-12,4.578631561202937e-14,4.294704031754008e-14
5774,4.518579830585462e-12,4.56836956067674e-14,4.285252523895415e-14
5775,4.509714512573752e-12,4.557816850761571e-14,4.275437271585641e-14
5776,4.498658193380699e-12,4.546831333474015e-14,4.265294512074665e-14
5777,4.483376063331083e-12,4.535380100496948e-14,4.254492735522186e-14
5778,4.475247089246902e-12,4.525783641618181e-14,4.245670826786082e-14
5779,4.46211997896884e-12,4.514799547157652e-14,4.235438263915622e-14
5780,4.453806646485077e-12,4.504928342080861e-14,4.226183914353231e-14
5781,4.440784326392674e-12,4.49374256130506e-14,4.215780454374512e-14
5782,4.439796393442002e-12,4.484715833910959e-14,4.207375870396894e-14
5783,4.436051351608947e-12,4.474115493298244e-14,4.197503889042363e-14
5784,4.428492791964308e-12,4.464339647558552e-14,4.188369904904003e-14
5785,4.419112308019674e-12,4.453584860351221e-14,4.178364376496324e-14
5786,4.406783814649963e-12,4.443142588473259e-14,4.168762958914404e-14
5787,4.399864334720795e-12,4.433323633527932e-14,4.159513066552939e-14
5788,4.391904921720445e-12,4.423225271497452e-14,4.150199222784282e-14
5789,4.376995818386363e-12,4.411850071791385e-14,4.13947065042936e-14
5790,4.374563891221408e-12,4.402839470890209e-14,4.131174656708483e-14
5791,4.364440389937916e-12,4.392549121059543e-14,4.121554277305187e-14
5792,4.358081659862857e-12,4.38242762298535e-14,4.112169405496408e-14
5793,4.342922438881349e-12,4.371662899119789e-14,4.102140545133217e-14
5794,4.329482723730862e-12,4.361308027314839e-14,4.092463909322042e-14
5795,4.325819632561883e-12,4.352404115596528e-14,4.084212038766818e-14
5796,4.309866520908646e-12,4.340905842687353e-14,4.073371721349555e-14
5797,4.306656784400969e-12,4.332167773946312e-14,4.065315077939594e-14
5798,4.294550140032841e-12,4.320800874478747e-14,4.054616287323521e-14
5799,4.291457108999339e-12,4.312263321585415e-14,4.046885618078353e-14
5800,4.281575305962069e-12,4.302293752227321e-14,4.037601465068695e-14
5801,4.274962149417399e-12,4.292031193330085e-14,4.027897959338591e-14
5802,4.262999453012435e-12,4.281659700999739e-14,4.018344420208662e-14
5803,4.250249849998142e-12,4.271718954756618e-14,4.009021797532621e-14
5804,4.242524564194988e-12,4.262000610659057e-14,3.999943093010149e-14
5805,4.230137794747874e-12,4.251818945435505e-14,3.990622758291998e-14
5806,4.222489076097761e-12,4.242085418517891e-14,3.981355221778137e-14
5807,4.220366679003227e-12,4.233240491294321e-14,3.973182192725943e-14
5808,4.214574671361713e-12,4.223541762928723e-14,3.964243238324887e-14
5809,4.205693712371353e-12,4.213847731011335e-14,3.95523324130236e-14
5810,4.189625098798523e-12,4.20280266100336e-14,3.944743638788869e-14
5811,4.177926223923536e-12,4.193044541381981e-14,3.935763556369181e-14
5812,4.169702691107331e-12,4.184002727777738e-14,3.927416598244636e-14
5813,4.166836714409249e-12,4.174804615102855e-14,3.918753618814984e-14
5814,4.157785379840289e-12,4.164360774414248e-14,3.909081380665408e-14
5815,4.14642496823031e-12,4.154844898876835e-14,3.9002690965143e-14
5816,4.151129128914985e-12,4.146927813459996e-14,3.892921504523817e-14
5817,4.138848392987047e-12,4.13671036567005e-14,3.883289757072976e-14
5818,4.126212159928957e-12,4.126380768341537e-14,3.873759594979809e-14
5819,4.114281725900082e-12,4.11682577938302e-14,3.86482847523999e-14
5820,4.104799125707199e-12,4.107288322419522e-14,3.855900225720935e-14
5821,4.091617343028983e-12,4.097208135438458e-14,3.846479420627469e-14
5822,4.083758144820912e-12,4.088173177681288e-14,3.838052683202563e-14
5823,4.087144897851705e-12,4.080465426170032e-14,3.831021320405983e-14
5824,4.080268256894441e-12,4.070257671088807e-14,3.821412576767719e-14
5825,4.068226420499221e-12,4.06086175365698e-14,3.81264465726122e-14
5826,4.063205874597113e-12,4.051931478312869e-14,3.804386714983312e-14
5827,4.048788049304104e-12,4.041240252611098e-14,3.794418379048952e-14
5828,4.03828603142704e-12,4.032407469741944e-14,3.786121089299179e-14
5829,4.038856823899668e-12,4.024372208168651e-14,3.778744324158436e-14
5830,4.02455857550486e-12,4.013777190688493e-14,3.768851965606661e-14
5831,4.019471889860811e-12,4.00533711305233e-14,3.760994349028704e-14
5832,4.013556426009578e-12,3.996438539795246e-14,3.752691337071779e-14
5833,4.003325445238903e-12,3.986416089297699e-14,3.743355487103037e-14
5834,3.994525978928517e-12,3.977510791883179e-14,3.734904507211794e-14
5835,3.988036103798161e-12,3.96847946535584e-14,3.726623645807286e-14
5836,3.985566590454316e-12,3.959904950332235e-14,3.718704710424769e-14
5837,3.972208177280515e-12,3.949608590638063e-14,3.709071927312858e-14
5838,3.956498081318781e-12,3.939992156293154e-14,3.700008303836864e-14
5839,3.95365049733141e-12,3.931863652400782e-14,3.692454035551912e-14
5840,3.949937047840277e-12,3.923021447015257e-14,3.684342431710427e-14
5841,3.940036546747895e-12,3.913676157979227e-14,3.675474523913611e-14
5842,3.928978584638419e-12,3.904361155196783e-14,3.666758166914038e-14
5843,3.924762294625506e-12,3.895697174184143e-14,3.658730441236996e-14
5844,3.917307842144126e-12,3.887199440820688e-14,3.650895781170391e-14
5845,3.910649596612798e-12,3.877770583504375e-14,3.642092568165194e-14
5846,3.895489805802909e-12,3.868580176098632e-14,3.633470086142974e-14
5847,3.896929726716493e-12,3.860730356990249e-14,3.62625568604392e-14
5848,3.878278870665379e-12,3.85021751367107e-14,3.616208105387033e-14
5849,3.866678192911402e-12,3.841255564363716e-14,3.607827678833854e-14
5850,3.863768443032722e-12,3.833053261721906e-14,3.600385138939017e-14
5851,3.859835887733673e-12,3.824837419602241e-14,3.592781814961744e-14
5852,3.845855490087493e-12,3.815286620368964e-14,3.583743724690888e-14
5853,3.836812799553077e-12,3.806006429601555e-14,3.575201705186296e-14
5854,3.839872103581941e-12,3.798647266600909e-14,3.568336545828704e-14
5855,3.826713096736198e-12,3.789006451782742e-14,3.559280357873953e-14
5856,3.818927510844849e-12,3.780118545780718e-14,3.550976860219247e-14
5857,3.81863399458708e-12,3.772649327556478e-14,3.54416226549092e-14
5858,3.802021654319027e-12,3.762383922024646e-14,3.534473488308163e-14
5859,3.798800246933278e-12,3.754695094494824e-14,3.527353184629081e-14
5860,3.789719111954319e-12,3.745422775521738e-14,3.518667353095211e-14
5861,3.776272351210937e-12,3.736580534827462e-14,3.510349309903443e-14
5862,3.776054973855152e-12,3.729065391857988e-14,3.503471088732953e-14
5863,3.765337834152418e-12,3.719607235332277e-14,3.494568164776986e-14
5864,3.759601580579841e-12,3.711955949538301e-14,3.487656520970898e-14
5865,3.752209042750947e-12,3.702709091242786e-14,3.478872692709126e-14
5866,3.747030523411291e-12,3.694635634162101e-14,3.471399104263548e-14
5867,3.739819162676513e-12,3.686531380298755e-14,3.463867365578473e-14
5868,3.726342404831672e-12,3.676971833539374e-14,3.454843555350045e-14
5869,3.714781638936087e-12,3.668406606668057e-14,3.446829802049928e-14
5870,3.710844048871728e-12,3.659821655302943e-14,3.438847900000985e-14
5871,3.70162759744118e-12,3.65173078408161e-14,3.431268368859156e-14
5872,3.705713025412828e-12,3.644512736447209e-14,3.424695365258018e-14
5873,3.696634702531081e-12,3.635917551200665e-14,3.41674806809248e-14
5874,3.683787153494091e-12,3.626625175401692e-14,3.407910785844656e-14
5875,3.672860905553634e-12,3.618068360571776e-14,3.399946889258061e-14
5876,3.672943015877626e-12,3.610743606676592e-14,3.393133191582584e-14
5877,3.668575544796869e-12,3.602010878816105e-14,3.385075402458241e-14
5878,3.660769906585323e-12,3.594247237062866e-14,3.377833875395469e-14
5879,3.644090132593914e-12,3.584521938927645e-14,3.368602571104509e-14
5880,3.643861439155051e-12,3.577906670558261e-14,3.362652484955834e-14
5881,3.636450571475566e-12,3.568852010408523e-14,3.354057789120275e-14
5882,3.626284985096277e-12,3.56091160620256e-14,3.346711094978167e-14
5883,3.618458584448556e-12,3.551848697594927e-14,3.33818020852192e-14
5884,3.607403925564165e-12,3.543703925062183e-14,3.330580482958424e-14
5885,3.594852391116274e-12,3.534891209645252e-14,3.32225319154535e-14
5886,3.586432995620155e-12,3.526744866506327e-14,3.31462617810053e-14
5887,3.583135831649831e-12,3.519770095941885e-14,3.308354068131658e-14
5888,3.576811306300864e-12,3.511496927746919e-14,3.300631923163013e-14
5889,3.569399408881267e-12,3.502785952821087e-14,3.292431914726088e-14
5890,3.560790797194381e-12,3.494673057510217e-14,3.284802025028423e-14
5891,3.548888544061756e-12,3.48621964625708e-14,3.276863124145475e-14
5892,3.557281768096513e-12,3.480123971396618e-14,3.271444986868832e-14
5893,3.548667436212987e-12,3.471000106270983e-14,3.262738560905431e-14
5894,3.53764056843214e-12,3.462861557905862e-14,3.255121986629896e-14
5895,3.540454219566644e-12,3.456460085340346e-14,3.249447696374098e-14
5896,3.534479417631007e-12,3.44839043652562e-14,3.241891264350393e-14
5897,3.525388448110558e-12,3.439859348514136e-14,3.233898627970766e-14
5898,3.519284722393266e-12,3.432625101618621e-14,3.227162101698961e-14
5899,3.514968884895507e-12,3.4241876188253e-14,3.219300551920689e-14
5900,3.504637632364711e-12,3.416159850898552e-14,3.211763353084629e-14
5901,3.494225521286733e-12,3.40804314674268e-14,3.204143307033526e-14
5902,3.477798097234905e-12,3.399595915420479e-14,3.1962292579316e-14
5903,3.47546878770928e-12,3.392477313867033e-14,3.189498266820571e-14
5904,3.465055740779969e-12,3.384117238498132e-14,3.181687573322213e-14
5905,3.470099648104892e-12,3.377725452363232e-14,3.175946297150459e-14
5906,3.46548653019177e-12,3.369779667025661e-14,3.168508233306555e-14
5907,3.455828999305718e-12,3.361765123825127e-14,3.161090855735261e-14
5908,3.440253964805671e-12,3.352978676733602e-14,3.152687623909087e-14
5909,3.441268911282156e-12,3.346291168609418e-14,3.146627543481131e-14
5910,3.433732056885387e-12,3.338869063776353e-14,3.139745524132965e-14
5911,3.42766812433718e-12,3.331052578304051e-14,3.132368697425407e-14
5912,3.414708613701843e-12,3.322087183976998e-14,3.12401472764068e-14
5913,3.400777802266558e-12,3.314255174480126e-14,3.116444412587619e-14
5914,3.398189062508029e-12,3.307575515786464e-14,3.110477148591944e-14
5915,3.3841325714125e-12,3.299094437163872e-14,3.102535545953492e-14
5916,3.378774510019849e-12,3.291601566881801e-14,3.095475665589561e-14
5917,3.382839242988606e-12,3.285236755291833e-14,3.089586494604321e-14
5918,3.376691925903189e-12,3.276868816575487e-14,3.081662814120585e-14
5919,3.367559767766775e-12,3.269114404227857e-14,3.074456872010614e-14
5920,3.367569401272123e-12,3.262322441849944e-14,3.068222684508327e-14
5921,3.357684897013707e-12,3.254280500855506e-14,3.060617306700139e-14
5922,3.351532430269295e-12,3.247264246591347e-14,3.054206639315348e-14
5923,3.345734775951121e-12,3.23998701416914e-14,3.047405238849548e-14
5924,3.341216321121494e-12,3.231929081401195e-14,3.039821597619757e-14
5925,3.333433832264676e-12,3.224959537333682e-14,3.033331505436467e-14
5926,3.327967519681371e-12,3.217402840733154e-14,3.02625364290881e-14
5927,3.314847476313845e-12,3.209057096601119e-14,3.018514833610502e-14
5928,3.313587792606114e-12,3.202813213819804e-14,3.012708461133728e-14
5929,3.306919772336692e-12,3.195113348335116e-14,3.005466155169768e-14
5930,3.30782005704947e-12,3.188590468502798e-14,2.999484626261294e-14
5931,3.294155653716172e-12,3.18074852188059e-14,2.99207460435563e-14
5932,3.292359496563615e-12,3.173240711673303e-14,2.985096474129011e-14
5933,3.281554287519035e-12,3.16640196453326e-14,2.978740603269141e-14
5934,3.277043749091897e-12,3.158913339320937e-14,2.971737668100713e-14
5935,3.269412379218938e-12,3.151964761835118e-14,2.965300110438682e-14
5936,3.259838943551051e-12,3.14366058794456e-14,2.957384306806992e-14
5937,3.258995411021206e-12,3.137674848665733e-14,2.951975348683136e-14
5938,3.250422926164194e-12,3.129941214425949e-14,2.944620856387089e-14
5939,3.245772391420806e-12,3.122923992449106e-14,2.938165058903227e-14
5940,3.236358862222976e-12,3.114989196236429e-14,2.930617342714592e-14
5941,3.22255348802304e-12,3.107335815377506e-14,2.923481238778267e-14
5942,3.219179059868028e-12,3.10123179411877e-14,2.917841467515674e-14
5943,3.217583726747297e-12,3.093677323656221e-14,2.910823852518021e-14
5944,3.207416410108454e-12,3.086340712683354e-14,2.903922217549523e-14
5945,3.205355769856282e-12,3.080310943502161e-14,2.89834624133243e-14
5946,3.201558253612563e-12,3.073019524768308e-14,2.891580863999647e-14
5947,3.197596160825779e-12,3.066282147994218e-14,2.885325488012826e-14
5948,3.176270159102213e-12,3.057298951372798e-14,2.876694900033277e-14
5949,3.183694130478266e-12,3.051779438505471e-14,2.871672235995849e-14
5950,3.176957015319074e-12,3.044964162247351e-14,2.865394679414459e-14
5951,3.165101969968818e-12,3.036863230876644e-14,2.857683349064817e-14
5952,3.147265491144743e-12,3.029203498926706e-14,2.850460352252905e-14
5953,3.147290188052746e-12,3.023509383222598e-14,2.845279105659132e-14
5954,3.134605757075637e-12,3.015197843979426e-14,2.837402523853377e-14
5955,3.141257900552637e-12,3.010409168688444e-14,2.833107243987635e-14
5956,3.139351648798889e-12,3.002912960594718e-14,2.826100544303329e-14
5957,3.131167032102175e-12,2.995915813000938e-14,2.819577095238978e-14
5958,3.128293485248706e-12,2.989254324202404e-14,2.813418400634407e-14
5959,3.107373712399069e-12,2.980723586926866e-14,2.805140364235333e-14
5960,3.110919312469959e-12,2.975763585802842e-14,2.800783931834256e-14
5961,3.113632802859528e-12,2.968763597189962e-14,2.794208211629601e-14
5962,3.104382553636432e-12,2.961736630225311e-14,2.787636215450403e-14
5963,3.096605916410109e-12,2.95434135912444e-14,2.780747884761818e-14
5964,3.084400975466421e-12,2.946752440373857e-14,2.773574715884334e-14
5965,3.079988079422003e-12,2.940815092777368e-14,2.76792171672966e-14
5966,3.079126344934116e-12,2.934631532975722e-14,2.762293283433689e-14
5967,3.077235367587835e-12,2.928130614905462e-14,2.756243834357464e-14
5968,3.06826564611934e-12,2.920978354127106e-14,2.749585189652117e-14
5969,3.062923941606802e-12,2.914766783536326e-14,2.743793199716756e-14
5970,3.058083554230582e-12,2.907651798034846e-14,2.737077664054738e-14
5971,3.045448786815177e-12,2.900260504668545e-14,2.73006745954925e-14
5972,3.035318073695487e-12,2.893659427875837e-14,2.723964716936739e-14
5973,3.03808322148653e-12,2.887943123676301e-14,2.71875025458914e-14
5974,3.035141242180173e-12,2.881301173040668e-14,2.712531108746752e-14
5975,3.017513711993315e-12,2.873125726702951e-14,2.704659876107187e-14
5976,3.012949939977713e-12,2.867421421378171e-14,2.699547326631259e-14
5977,3.012714129190623e-12,2.861378616764751e-14,2.693942400548946e-14
5978,2.994353387099693e-12,2.853317123502779e-14,2.686190446275956e-14
5979,2.996892364927682e-12,2.847978479775998e-14,2.681409045235576e-14
5980,2.988234993737374e-12,2.840535209221733e-14,2.674297450755199e-14
5981,2.986342444916113e-12,2.83481834890766e-14,2.669063641628214e-14
5982,2.986658896849049e-12,2.828940522283826e-14,2.6637051215121e-14
5983,2.981529034954578e-12,2.82182359811093e-14,2.656946519677088e-14
5984,2.971556688268938e-12,2.814656324116834e-14,2.650205631045935e-14
5985,2.956253695532928e-12,2.807806661834368e-14,2.643645273924173e-14
5986,2.959877960465987e-12,2.802325096323429e-14,2.638745758805687e-14
5987,2.952499816340606e-12,2.795271056045946e-14,2.632013515736354e-14
5988,2.954630950099505e-12,2.790087500688464e-14,2.627320599757118e-14
5989,2.944846949697765e-12,2.782589860999647e-14,2.620201548406438e-14
5990,2.943335087944316e-12,2.777377190681637e-14,2.615480397268094e-14
5991,2.922150675653179e-12,2.76901334745143e-14,2.607347109037442e-14
5992,2.917161340146193e-12,2.763484579186212e-14,2.602297325289047e-14
5993,2.92549652344354e-12,2.757937987498407e-14,2.597336234245629e-14
5994,2.906640314168404e-12,2.749787032797732e-14,2.589400214273809e-14
5995,2.900355320536604e-12,2.743858905789518e-14,2.583923300974329e-14
5996,2.889955725335063e-12,2.737503062809369e-14,2.577976664888761e-14
5997,2.90183894729357e-12,2.732795545227748e-14,2.573873984449716e-14
5998,2.89735700735688e-12,2.726205964097459e-14,2.567595498574968e-14
5999,2.882301330201831e-12,2.718954543047977e-14,2.560679641599379e-14
6000,2.872852107878476e-12,2.711849963593078e-14,2.553969038096167e-14
6001,2.86452696770818e-12,2.706155832268538e-14,2.548638828342673e-14
6002,2.866125462872047e-12,2.700894025607006e-14,2.543900307615338e-14
6003,2.852694621914325e-12,2.693421225160259e-14,2.536810113341214e-14
6004,2.852938699322092e-12,2.688219373337914e-14,2.531992194493294e-14
6005,2.858112410354441e-12,2.683143483338248e-14,2.527452877939382e-14
6006,2.84201113522302e-12,2.675311398504855e-14,2.519870158504937e-14
6007,2.836770365370707e-12,2.669621955033596e-14,2.514654603680838e-14
6008,2.831012741265986e-12,2.662958691095915e-14,2.508337025710634e-14
6009,2.822581079230512e-12,2.656280447583901e-14,2.50194449323361e-14
6010,2.809149127016638e-12,2.650176576390634e-14,2.496293323471812e-14
6011,2.816491425300754e-12,2.645478837859063e-14,2.492117869808726e-14
6012,2.802461682401399e-12,2.63816790756615e-14,2.48515442723585e-14
6013,2.806810019403095e-12,2.633596736180722e-14,2.481049161820414e-14
6014,2.797059944209311e-12,2.626449530260388e-14,2.474272193591275e-14
6015,2.794015756135339e-12,2.621100816237977e-14,2.469351412092033e-14
6016,2.77786320837664e-12,2.613742763289887e-14,2.462237569048043e-14
6017,2.78705089825169e-12,2.609596104997822e-14,2.458660659481408e-14
6018,2.772390764314995e-12,2.601916735241443e-14,2.451187958654963e-14
6019,2.773382519291098e-12,2.597207555373932e-14,2.447057067004085e-14
6020,2.773576161083682e-12,2.592094162844273e-14,2.442386739898335e-14
6021,2.76932186272238e-12,2.584899036441785e-14,2.435418110076703e-14
6022,2.770740227156026e-12,2.579860879967342e-14,2.430863582676602e-14
6023,2.756275955545827e-12,2.572977151899365e-14,2.42423483678755e-14
6024,2.749559225414518e-12,2.567371260443979e-14,2.419066019005693e-14
6025,2.743378793770423e-12,2.560888299519261e-14,2.413051944528732e-14
6026,2.748052830245683e-12,2.556492241551368e-14,2.40901748823939e-14
6027,2.742108223192813e-12,2.549834042021178e-14,2.402636985478652e-14
6028,2.725394211184254e-12,2.542950101585265e-14,2.396125972914957e-14
6029,2.722259010356629e-12,2.537453862289421e-14,2.391131144472383e-14
6030,2.71389320231913e-12,2.531176908691121e-14,2.385076653723405e-14
6031,2.706836128492911e-12,2.526002345368133e-14,2.38038020038329e-14
6032,2.702891585395504e-12,2.52000315346173e-14,2.374779457542208e-14
6033,2.694695408215954e-12,2.513477674800062e-14,2.368678972553835e-14
6034,2.685272830494507e-12,2.507514177254499e-14,2.362849319991147e-14
6035,2.682419460980839e-12,2.502597087765611e-14,2.358528130415434e-14
6036,2.692596030372691e-12,2.498354942610661e-14,2.354608799823394e-14
6037,2.678406557478268e-12,2.490703984902915e-14,2.347256820478669e-14
6038,2.683009760012532e-12,2.486689014313792e-14,2.343688703710872e-14
6039,2.676633538849386e-12,2.480225530044e-14,2.337596836489046e-14
6040,2.659763163256967e-12,2.473515815404311e-14,2.331190245664366e-14
6041,2.65641853534555e-12,2.468327392891199e-14,2.326367803880182e-14
6042,2.659307469942194e-12,2.463831098145202e-14,2.322353996652763e-14
6043,2.657272157189761e-12,2.457749457959051e-14,2.316718208775021e-14
6044,2.650069418097212e-12,2.452047450892006e-14,2.311303673696245e-14
6045,2.646172165086862e-12,2.446668463013279e-14,2.306271315679768e-14
6046,2.641868648156612e-12,2.441120417428862e-14,2.301082261577664e-14
6047,2.630829861280749e-12,2.434342149330558e-14,2.294614282086865e-14
6048,2.632246416410716e-12,2.430227222148389e-14,2.290971106223117e-14
6049,2.627731901159188e-12,2.423912259033426e-14,2.285015162430253e-14
6050,2.614604375796709e-12,2.41760616295984e-14,2.278874045448818e-14
6051,2.617836462644957e-12,2.413486378569637e-14,2.275304880402049e-14
6052,2.6052119930871e-12,2.406530490380394e-14,2.268601841729189e-14
6053,2.596430935935259e-12,2.400723323804835e-14,2.263124469113861e-14
6054,2.603899067152308e-12,2.396657156638298e-14,2.259536292132544e-14
6055,2.602573314246525e-12,2.391124858704472e-14,2.254386846039005e-14
6056,2.58581425859187e-12,2.384339257340342e-14,2.247773141576154e-14
6057,2.571071311455e-12,2.378267276950658e-14,2.241980238089913e-14
6058,2.572277868607575e-12,2.373973057390851e-14,2.238206234213391e-14
6059,2.563362033855112e-12,2.367681527801202e-14,2.232138872170233e-14
6060,2.572259413341366e-12,2.3638896333106e-14,2.228859822876547e-14
6061,2.558575383556236e-12,2.356862094322502e-14,2.222080166076548e-14
6062,2.553817354455565e-12,2.351700113689607e-14,2.217206930179372e-14
6063,2.550500302291949e-12,2.34657994007339e-14,2.212546450848899e-14
6064,2.543323879553882e-12,2.341234312964272e-14,2.20750566686006e-14
6065,2.543649444943354e-12,2.336223999352927e-14,2.202885716572837e-14
6066,2.533995724667973e-12,2.33039623299483e-14,2.197279958029009e-14
6067,2.52748670095271e-12,2.324629980155582e-14,2.191885348382038e-14
6068,2.529092141064964e-12,2.320412326327519e-14,2.188129984147254e-14
6069,2.518989347946298e-12,2.313682677480303e-14,2.181771301866613e-14
6070,2.512499477210763e-12,2.308593645589198e-14,2.176883016856261e-14
6071,2.506013930149493e-12,2.303370798784347e-14,2.171943046902507e-14
6072,2.500440879218623e-12,2.29768319794648e-14,2.16666218881556e-14
6073,2.496002481725506e-12,2.292463996349329e-14,2.161764075103394e-14
6074,2.494649216677282e-12,2.287904051127759e-14,2.157537136102614e-14
6075,2.506622293196493e-12,2.283698616051716e-14,2.153769391711743e-14
6076,2.49854429172625e-12,2.277657250960582e-14,2.148142555964213e-14
6077,2.486428355126784e-12,2.27187655489427e-14,2.142559452251688e-14
6078,2.49284253570978e-12,2.268237092450805e-14,2.139368125454222e-14
6079,2.482377093892999e-12,2.261580850186392e-14,2.132888740119804e-14
6080,2.469655811150096e-12,2.255872404062778e-14,2.12746405039081e-14
6081,2.479085264233826e-12,2.252679496978842e-14,2.124806586136639e-14
6082,2.473993574355245e-12,2.246680940380054e-14,2.119140047621828e-14
6083,2.455523789621328e-12,2.240537429735306e-14,2.113171020430993e-14
6084,2.455212027330008e-12,2.236308903753356e-14,2.109284641099864e-14
6085,2.459186927915287e-12,2.231620905599318e-14,2.105101959872767e-14
6086,2.442534855749486e-12,2.224740803106025e-14,2.098361499055459e-14
6087,2.449069537505835e-12,2.221649639369508e-14,2.095782493181001e-14
6088,2.440812235583721e-12,2.215399669781004e-14,2.089763335627611e-14
6089,2.428584310674728e-12,2.209846139590987e-14,2.084485412613037e-14
6090,2.438215907984971e-12,2.206328928397679e-14,2.081473327197271e-14
6091,2.430066300413154e-12,2.200882009034071e-14,2.076260145316609e-14
6092,2.426844753021184e-12,2.196157927714978e-14,2.071868327641906e-14
6093,2.420501998084423e-12,2.190224243693481e-14,2.066221443117806e-14
6094,2.406286268527734e-12,2.184813265900943e-14,2.06107320910633e-14
6095,2.396975262593518e-12,2.179516944790351e-14,2.056047278662527e-14
6096,2.397875811730803e-12,2.175212285823369e-14,2.052198551823346e-14
6097,2.40265632839896e-12,2.171045313935436e-14,2.048336356582773e-14
6098,2.401851142026356e-12,2.165695909166881e-14,2.043261364427227e-14
6099,2.401971335588756e-12,2.161343847216736e-14,2.039328610828372e-14
6100,2.393016817555141e-12,2.155223972907782e-14,2.033427351916128e-14
6101,2.382851495021445e-12,2.150907643171187e-14,2.029453316787647e-14
6102,2.378019418755903e-12,2.145469842097834e-14,2.024303383968391e-14
6103,2.37959890247716e-12,2.141645960109889e-14,2.020866466211174e-14
6104,2.363551415158586e-12,2.134718245042991e-14,2.014097472972478e-14
6105,2.356928494107235e-12,2.130040357842864e-14,2.009737897835933e-14
6106,2.365722617479089e-12,2.1269908573906e-14,2.007136093836865e-14
6107,2.365126073419721e-12,2.121247561052323e-14,2.001715278828966e-14
6108,2.35180054507423e-12,2.116418406741853e-14,1.997195201573314e-14
6109,2.346588693143178e-12,2.111170556939661e-14,1.992182733568176e-14
6110,2.345341728928448e-12,2.106649977585038e-14,1.98806260025256e-14
6111,2.342548315670154e-12,2.102380436924507e-14,1.984072066891481e-14
6112,2.341283876317373e-12,2.0969873745889e-14,1.979001521661541e-14
6113,2.332763103803561e-12,2.092197534909385e-14,1.97449035972512e-14
6114,2.328857522215009e-12,2.087399329816435e-14,1.970039332475557e-14
6115,2.320915174182995e-12,2.082161658963814e-14,1.964971473297266e-14
6116,2.314516171735534e-12,2.077886971653457e-14,1.961048410067156e-14
6117,2.309181855686686e-12,2.072722674974699e-14,1.956133476023896e-14
6118,2.307398668748528e-12,2.067825612871254e-14,1.951609254031538e-14
6119,2.298760487631661e-12,2.062976901615957e-14,1.946941846325518e-14
6120,2.291779238816446e-12,2.057939486479524e-14,1.942199818371626e-14
6121,2.30116329758618e-12,2.054493896824908e-14,1.939297606233234e-14
6122,2.288564823531701e-12,2.048581399197518e-14,1.933462483655336e-14
6123,2.286968923927954e-12,2.044699546005833e-14,1.930074236495807e-14
6124,2.2746146575623e-12,2.03866691156152e-14,1.924121856521509e-14
6125,2.281407603305461e-12,2.035952990568432e-14,1.921933715515926e-14
6126,2.27889929402555e-12,2.030559335518463e-14,1.916702820393205e-14
6127,2.272458078949638e-12,2.025843984260964e-14,1.912314798294529e-14
6128,2.273548259910939e-12,2.021933566053626e-14,1.908765930999758e-14
6129,2.267722348554643e-12,2.016900869110777e-14,1.903982035255321e-14
6130,2.258932619049668e-12,2.01191234606094e-14,1.899261490355796e-14
6131,2.26143198155801e-12,2.008350616610864e-14,1.896100821703579e-14
6132,2.259336681971447e-12,2.003563084238864e-14,1.891508472160484e-14
6133,2.253150146901041e-12,1.998240298890465e-14,1.886536181199876e-14
6134,2.242466335042455e-12,1.993275695756127e-14,1.881708111996981e-14
6135,2.245087656549916e-12,1.989780286181593e-14,1.878649002027147e-14
6136,2.239972584152958e-12,1.984231258400833e-14,1.873386779996268e-14
6137,2.227310276665026e-12,1.979572384511922e-14,1.868888544922684e-14
6138,2.219411585542672e-12,1.974683244303891e-14,1.864224127881629e-14
6139,2.2229449872078e-12,1.971090016583477e-14,1.861050077513117e-14
6140,2.216902523703375e-12,1.966300238889502e-14,1.856527232959292e-14
6141,2.204529356518517e-12,1.960531679123885e-14,1.850960382545717e-14
6142,2.21322608340438e-12,1.957197475804e-14,1.848098492105015e-14
6143,2.214638843729273e-12,1.953084587611582e-14,1.844204858450686e-14
6144,2.206207520925515e-12,1.948220413316527e-14,1.839627044211161e-14
6145,2.197985155727301e-12,1.943582682123017e-14,1.835244968860154e-14
6146,2.20580417381027e-12,1.940091962973376e-14,1.832143611816236e-14
6147,2.197103749181014e-12,1.935152218817822e-14,1.827358345280766e-14
6148,2.193529366084651e-12,1.930247812074644e-14,1.822924918522313e-14
6149,2.189477816833565e-12,1.926587159365367e-14,1.8194018356741e-14
6150,2.178262168669024e-12,1.920825850996028e-14,1.813912074891241e-14
6151,2.188579247015348e-12,1.918048014501162e-14,1.81139853364508e-14
6152,2.183238389161055e-12,1.91334568177382e-14,1.807059964788628e-14
6153,2.169773767987385e-12,1.907906102271178e-14,1.801844759496572e-14
6154,2.161332547587993e-12,1.903278137306681e-14,1.797362258344547e-14
6155,2.152671630062782e-12,1.899145894026422e-14,1.793554947832311e-14
6156,2.160325240331071e-12,1.895844149127979e-14,1.790644815392053e-14
6157,2.146136665943773e-12,1.890246390734927e-14,1.78517963735688e-14
6158,2.148812154106215e-12,1.887198712048645e-14,1.782476327608886e-14
6159,2.142355992589809e-12,1.881805524445034e-14,1.777244420883999e-14
6160,2.128515441914143e-12,1.876695108178452e-14,1.772362793698031e-14
6161,2.121198048655183e-12,1.872061589798268e-14,1.768011213247267e-14
6162,2.121253619043936e-12,1.868270495153601e-14,1.764625576094588e-14
6163,2.124196183853573e-12,1.865083727633707e-14,1.76166710444382e-14
6164,2.13455273700006e-12,1.861509419855584e-14,1.758445307960174e-14
6165,2.1243908394176e-12,1.855887959348718e-14,1.753021691951437e-14
6166,2.125745466957954e-12,1.853128901989671e-14,1.750624018699307e-14
6167,2.111939456044464e-12,1.846881603400157e-14,1.744527885102883e-14
6168,2.102154625496942e-12,1.842401460692872e-14,1.74020906549494e-14
6169,2.110578872297525e-12,1.84019876996959e-14,1.738471128784063e-14
6170,2.106352558737781e-12,1.834758554125236e-14,1.733193922367768e-14
6171,2.09539010141226e-12,1.830759383442146e-14,1.729421348977743e-14
6172,2.10500393290448e-12,1.827952167863287e-14,1.726979960658116e-14
6173,2.103620664565001e-12,1.823138038956844e-14,1.722403640603624e-14
6174,2.094990172896189e-12,1.819121085950893e-14,1.718669699847497e-14
6175,2.08860319970779e-12,1.814285057036681e-14,1.713990398158922e-14
6176,2.078659286988656e-12,1.8092548261368e-14,1.709206926427551e-14
6177,2.075869933510311e-12,1.805600967165253e-14,1.705898119724962e-14
6178,2.080194593363381e-12,1.802749650575575e-14,1.703345947546131e-14
6179,2.084332648893408e-12,1.798115111326197e-14,1.698953031363147e-14
6180,2.067727344061807e-12,1.793442994912189e-14,1.694444879473271e-14
6181,2.061011293900061e-12,1.789086628649641e-14,1.690313488402484e-14
6182,2.059510947192808e-12,1.785354725607188e-14,1.686953447216743e-14
6183,2.05565987292386e-12,1.781149776709455e-14,1.68286142766808e-14
6184,2.048758493078407e-12,1.777063606796144e-14,1.679161190027686e-14
6185,2.045383860337529e-12,1.772768402963878e-14,1.675101461722082e-14
6186,2.037719381040158e-12,1.767987582529777e-14,1.670493443341758e-14
6187,2.044711806270726e-12,1.765959745132862e-14,1.668884715546502e-14
6188,2.035477460306881e-12,1.760530018201998e-14,1.663536147441956e-14
6189,2.030620227547056e-12,1.756928925412036e-14,1.660198746764482e-14
6190,2.021342576142526e-12,1.751861087783235e-14,1.655337781758324e-14
6191,2.029103349960879e-12,1.749283539845109e-14,1.653153061794014e-14
6192,2.013673911368095e-12,1.743555739981638e-14,1.647534872157175e-14
6193,2.018846685212729e-12,1.741303489032217e-14,1.645605691894649e-14
6194,2.007109309182772e-12,1.735600426241153e-14,1.640080888890883e-14
6195,2.002629188996897e-12,1.731757751572275e-14,1.636514331652063e-14
6196,2.002069685232164e-12,1.728665351003565e-14,1.633694524809798e-14
6197,2.00998614429939e-12,1.725698041853184e-14,1.631079760599452e-14
6198,1.998882195264537e-12,1.720070974237873e-14,1.62573729731526e-14
6199,1.988261623848351e-12,1.71608605969271e-14,1.621720601410237e-14
6200,1.987726600590707e-12,1.712309970672849e-14,1.618286096475672e-14
6201,1.979208329355374e-12,1.70853636493623e-14,1.61479768794235e-14
6202,1.979225742766419e-12,1.705293591096816e-14,1.611780901096927e-14
6203,1.990601472240681e-12,1.702456051210001e-14,1.60938584369235e-14
6204,1.991753031889558e-12,1.698430203472741e-14,1.605548480567383e-14
6205,1.971427733925813e-12,1.692540641868184e-14,1.599668620257365e-14
6206,1.961363892347495e-12,1.688723349838303e-14,1.596081562986393e-14
6207,1.972554932257533e-12,1.68620441754133e-14,1.594038463395434e-14
6208,1.968956587456559e-12,1.681547875399189e-14,1.589506692311619e-14
6209,1.95905735960078e-12,1.677171418236537e-14,1.585288068496468e-14
6210,1.957045196919838e-12,1.674246476047883e-14,1.582766439791531e-14
6211,1.953217842660693e-12,1.669846635202225e-14,1.578483745312832e-14
6212,1.949007818840938e-12,1.666332526255443e-14,1.575207265322961e-14
6213,1.954764468098354e-12,1.662823746405943e-14,1.572157981857014e-14
6214,1.947100095230375e-12,1.658763983573542e-14,1.568239215105696e-14
6215,1.943335126820544e-12,1.65460055278747e-14,1.564224449711713e-14
6216,1.951046446065134e-12,1.652441797640299e-14,1.562460337921124e-14
6217,1.948378117359268e-12,1.648068836883132e-14,1.558193986995863e-14
6218,1.938806655628138e-12,1.643834342606642e-14,1.55423618508246e-14
6219,1.935898027576619e-12,1.640628033613915e-14,1.55123282695702e-14
6220,1.92190545612361e-12,1.635222166534577e-14,1.545895622216788e-14
6221,1.92591513650451e-12,1.633088786666387e-14,1.544202078592512e-14
6222,1.917872268360749e-12,1.627853739322254e-14,1.539093922436059e-14
6223,1.913359457019319e-12,1.624715337807097e-14,1.536197495392833e-14
6224,1.920379521537854e-12,1.622039444284278e-14,1.53388213423076e-14
6225,1.907133320504157e-12,1.61666658082872e-14,1.52856093274784e-14
6226,1.897585787105025e-12,1.612806734688475e-14,1.524847521842422e-14
6227,1.89432319346189e-12,1.609455056823325e-14,1.521756445875304e-14
6228,1.904178691746701e-12,1.607110249514608e-14,1.519863850387192e-14
6229,1.898055133726605e-12,1.602112589129731e-14,1.514901256603814e-14
6230,1.882802729993932e-12,1.597801990715965e-14,1.510706266973308e-14
6231,1.880505938782772e-12,1.595148085258428e-14,1.50833269358931e-14
6232,1.895384416174317e-12,1.592618733518528e-14,1.50640438760059e-14
6233,1.898293499871957e-12,1.588812055708889e-14,1.502708815193091e-14
6234,1.895416228888461e-12,1.585565153630215e-14,1.499632072410167e-14
6235,1.878326248932254e-12,1.580166625880521e-14,1.494246759488743e-14
6236,1.870897434691537e-12,1.577008152239813e-14,1.491335598014659e-14
6237,1.862281408295705e-12,1.572494395343913e-14,1.486949507663144e-14
6238,1.863738682351238e-12,1.570348335776339e-14,1.485274197922327e-14
6239,1.855876699513888e-12,1.565659971041882e-14,1.480672135931987e-14
6240,1.866372624204063e-12,1.564030624054267e-14,1.479555642953245e-14
6241,1.869411791952867e-12,1.560229372046461e-14,1.475964437575488e-14
6242,1.866001189691244e-12,1.555620654573824e-14,1.471553818313349e-14
6243,1.860206878773559e-12,1.552926124521883e-14,1.46905970010469e-14
6244,1.854161807034424e-12,1.548116173209069e-14,1.464400914194087e-14
6245,1.85249369245876e-12,1.545369203445794e-14,1.461912662295421e-14
6246,1.848537273803266e-12,1.541783919228113e-14,1.458366120735294e-14
6247,1.84801524619646e-12,1.538864748646555e-14,1.455793533581167e-14
6248,1.832138319272811e-12,1.533532988711588e-14,1.450450850003132e-14
6249,1.820081666730922e-12,1.529374896525397e-14,1.446473007326506e-14
6250,1.818392897711171e-12,1.526125144029427e-14,1.443427361464466e-14
6251,1.8184508134256e-12,1.523677812914744e-14,1.441268895944521e-14
6252,1.822982310719611e-12,1.521143709668278e-14,1.43901000362792e-14
6253,1.828695779520322e-12,1.517814182235357e-14,1.4359583199739e-14
6254,1.824474006981217e-12,1.514148405996085e-14,1.432554902239476e-14
6255,1.807170795260087e-12,1.508868779642069e-14,1.427289975755478e-14
6256,1.80536143232208e-12,1.505505768668244e-14,1.424172866808115e-14
6257,1.809171825892002e-12,1.503599250853206e-14,1.42261784092894e-14
6258,1.815724189502112e-12,1.500364063504993e-14,1.419633471103307e-14
6259,1.813270015810933e-12,1.496845507321044e-14,1.416292883453889e-14
6260,1.811090183319774e-12,1.493517310736256e-14,1.413279177751212e-14
6261,1.788989169138797e-12,1.488049135806186e-14,1.407754758611133e-14
6262,1.785452120176395e-12,1.484979838733668e-14,1.405007576292199e-14
6263,1.788821800921211e-12,1.482052971360386e-14,1.402335278303644e-14
6264,1.78873202640397e-12,1.479088555642516e-14,1.39956335899299e-14
6265,1.780332475799195e-12,1.475110384097616e-14,1.395634643471848e-14
6266,1.781922224837637e-12,1.472745468158323e-14,1.393568319302973e-14
6267,1.786318617943066e-12,1.469910005414842e-14,1.390990920522251e-14
6268,1.78716436642992e-12,1.466605782303415e-14,1.387996385161387e-14
6269,1.770597534579807e-12,1.461329645714599e-14,1.382677133958262e-14
6270,1.763691015160627e-12,1.458353589644118e-14,1.379918643783161e-14
6271,1.758313695769424e-12,1.454612579471129e-14,1.376342766596852e-14
6272,1.757531894954638e-12,1.45220191861735e-14,1.374172446264751e-14
6273,1.751449629563905e-12,1.44792426692483e-14,1.370010759207499e-14
6274,1.749249903405599e-12,1.445324761100384e-14,1.367708997874354e-14
6275,1.761951951588081e-12,1.442839419563152e-14,1.36565359510233e-14
6276,1.76421296619671e-12,1.439886912491113e-14,1.362930014496995e-14
6277,1.756800888487293e-12,1.435788461152904e-14,1.358886682318227e-14
6278,1.749375775069297e-12,1.432181415661087e-14,1.355398022758127e-14
6279,1.751242678185449e-12,1.429422927726893e-14,1.353011876908468e-14
6280,1.740750041211038e-12,1.425354031623462e-14,1.348950299912207e-14
6281,1.744969279115733e-12,1.423535824476236e-14,1.347504693351184e-14
6282,1.749636955259754e-12,1.419977228403482e-14,1.344119260955407e-14
6283,1.740175484608384e-12,1.416500558868206e-14,1.340812916490954e-14
6284,1.742675721683952e-12,1.413459794343254e-14,1.338121438243109e-14
6285,1.735955333310689e-12,1.410286946301859e-14,1.335119707395872e-14
6286,1.723539117401113e-12,1.406013701287853e-14,1.330908396153437e-14
6287,1.725620082527835e-12,1.403026646075575e-14,1.328072768554056e-14
6288,1.710058316251395e-12,1.398757445979416e-14,1.324001611472636e-14
6289,1.716479582252771e-12,1.396825944719409e-14,1.322278696405881e-14
6290,1.716872253566017e-12,1.39333833784984e-14,1.318934919634254e-14
6291,1.72079995313324e-12,1.391192400268973e-14,1.317121874555933e-14
6292,1.716966721566128e-12,1.387497727247746e-14,1.313637507793588e-14
6293,1.703176539962407e-12,1.383458190139434e-14,1.309709156901478e-14
6294,1.70715638789311e-12,1.38111326978421e-14,1.307526045920836e-14
6295,1.700006674927002e-12,1.377385938418927e-14,1.303983537083445e-14
6296,1.699620070689716e-12,1.374385996421701e-14,1.30117999093668e-14
6297,1.699751496622843e-12,1.371624964013656e-14,1.298621623455251e-14
6298,1.689626173242928e-12,1.367556815107326e-14,1.294808720292594e-14
6299,1.691894121702777e-12,1.365731623712817e-14,1.293207193151582e-14
6300,1.681846536429326e-12,1.361146571024339e-14,1.288568907452871e-14
6301,1.680247998940662e-12,1.358792396505493e-14,1.286550927688413e-14
6302,1.678156668825219e-12,1.355737710671726e-14,1.28369850382608e-14
6303,1.67883491123711e-12,1.352659573070752e-14,1.280846628505055e-14
6304,1.671598757041431e-12,1.348714087703046e-14,1.276953703256501e-14
6305,1.663409871835059e-12,1.345389207062506e-14,1.273804512945367e-14
6306,1.670409342569627e-12,1.343724412512221e-14,1.272425313424861e-14
6307,1.66039510328402e-12,1.3395421527852e-14,1.268409256687456e-14
6308,1.659307961936562e-12,1.337341005456909e-14,1.266437148131654e-14
6309,1.664172534086841e-12,1.333953854178908e-14,1.263249653255141e-14
6310,1.665522356761839e-12,1.33221608052006e-14,1.26174136433458e-14
6311,1.650351120001197e-12,1.326825710972122e-14,1.256446822186673e-14
6312,1.641978225090946e-12,1.323746514635077e-14,1.253453276956495e-14
6313,1.638030716258974e-12,1.320751331644813e-14,1.250527740620294e-14
6314,1.636626592954556e-12,1.318095082742584e-14,1.248163691054404e-14
6315,1.640818384547073e-12,1.315953522860236e-14,1.246329871369674e-14
6316,1.642176711040286e-12,1.312773585391637e-14,1.243284013446609e-14
6317,1.636262326399287e-12,1.309887136942202e-14,1.24062532950714e-14
6318,1.628408687200139e-12,1.306249263475901e-14,1.237178105863071e-14
6319,1.627814250661167e-12,1.303897512619618e-14,1.235000473733214e-14
6320,1.630732971492508e-12,1.301330403704116e-14,1.232670981586563e-14
6321,1.637895975838624e-12,1.29870499071819e-14,1.230230017745149e-14
6322,1.621938672454306e-12,1.294216965091574e-14,1.225808190553075e-14
6323,1.632805148760785e-12,1.292923709684128e-14,1.224765441084116e-14
6324,1.616904731779301e-12,1.287983529037448e-14,1.219938933767447e-14
6325,1.608469266044172e-12,1.28472634208179e-14,1.216729875134542e-14
6326,1.607348823219856e-12,1.283255743787039e-14,1.215660078980724e-14
6327,1.603890447266704e-12,1.279339561174283e-14,1.211810825703575e-14
6328,1.603464265618302e-12,1.276768042966067e-14,1.209419797316068e-14
6329,1.599522779585347e-12,1.273809759026899e-14,1.206621214584802e-14
6330,1.608683202664512e-12,1.272385013361476e-14,1.205479207501862e-14
6331,1.594402329806364e-12,1.267482268844939e-14,1.200529529709442e-14
6332,1.591883113157177e-12,1.264922590138529e-14,1.198281487587355e-14
6333,1.585937428569939e-12,1.261635955556973e-14,1.195111201438172e-14
6334,1.580907690879987e-12,1.258693612322464e-14,1.192352753388137e-14
6335,1.581197459386537e-12,1.255857484767104e-14,1.189694610443627e-14
6336,1.582018915266161e-12,1.254193059706892e-14,1.188336808474458e-14
6337,1.594277227853341e-12,1.251885812222815e-14,1.186183800658556e-14
6338,1.58058303515275e-12,1.247404072619771e-14,1.181800885053353e-14
6339,1.579738084571275e-12,1.245335653617895e-14,1.179847778010475e-14
6340,1.574133583742419e-12,1.242150625803456e-14,1.176744085732251e-14
6341,1.582363325301098e-12,1.240564697499132e-14,1.175477912153249e-14
6342,1.580441064219293e-12,1.237600592393359e-14,1.172668103802758e-14
6343,1.57927035701514e-12,1.23386919610912e-14,1.169146170162955e-14
6344,1.575442012773424e-12,1.231759327039099e-14,1.167194629052811e-14
6345,1.571884137292097e-12,1.228552318776896e-14,1.164095204326336e-14
6346,1.568798219335233e-12,1.225936445090447e-14,1.161544747389244e-14
6347,1.572592220964063e-12,1.223783845420911e-14,1.159979317539828e-14
6348,1.572487982792307e-12,1.220971358283047e-14,1.157101553083466e-14
6349,1.562853301676968e-12,1.217449035881481e-14,1.153753842668223e-14
6350,1.565979956403379e-12,1.215499244237765e-14,1.151967260250986e-14
6351,1.565944082692917e-12,1.212142237097719e-14,1.148725794829566e-14
6352,1.554671034494626e-12,1.209206097082337e-14,1.14603026690511e-14
6353,1.547831665393833e-12,1.206122290009061e-14,1.143001690751069e-14
6354,1.546078341601818e-12,1.203095861553967e-14,1.140217350917074e-14
6355,1.547960720187497e-12,1.201294404140864e-14,1.138715277959049e-14
6356,1.550428328866325e-12,1.19842905645904e-14,1.136144600410594e-14
6357,1.552322951464803e-12,1.195870273976e-14,1.133465693712123e-14
6358,1.539339827685804e-12,1.191988641378968e-14,1.129709960299261e-14
6359,1.534507474555234e-12,1.190311928989711e-14,1.128218108530339e-14
6360,1.538475749991763e-12,1.187474813312458e-14,1.125624847571438e-14
6361,1.539420219715751e-12,1.184624384460581e-14,1.122946576252952e-14
6362,1.539031579454429e-12,1.18222244323955e-14,1.120670930013643e-14
6363,1.536441753011005e-12,1.179508726374493e-14,1.118151782054416e-14
6364,1.51911844529098e-12,1.175294209624354e-14,1.11403697312637e-14
6365,1.508386791764631e-12,1.171953352760747e-14,1.110707150180506e-14
6366,1.509507541729009e-12,1.170437362954303e-14,1.109497314967607e-14
6367,1.502912019927341e-12,1.167661781663797e-14,1.106731151493696e-14
6368,1.501774376607963e-12,1.165126822742962e-14,1.104437199364183e-14
6369,1.507785793290066e-12,1.163346145437001e-14,1.102909410059165e-14
6370,1.513729435172953e-12,1.161248810044316e-14,1.101010433240952e-14
6371,1.514823520003612e-12,1.158032198746632e-14,1.097995666789119e-14
6372,1.500379722917841e-12,1.154529120048024e-14,1.094397743215071e-14
6373,1.499694407748799e-12,1.152396365064956e-14,1.092485522306964e-14
6374,1.486323793262483e-12,1.148192121652018e-14,1.08831377424742e-14
6375,1.493391029402219e-12,1.147457251732428e-14,1.087890728244535e-14
6376,1.494926815122602e-12,1.144377789091721e-14,1.084886462839959e-14
6377,1.499716548640326e-12,1.142785011504733e-14,1.083770534086502e-14
6378,1.489342058844953e-12,1.13857398551565e-14,1.079413396053063e-14
6379,1.478537851749534e-12,1.135506440445015e-14,1.076510572816946e-14
6380,1.486728260184492e-12,1.134672156457205e-14,1.075996006608235e-14
6381,1.487367671913926e-12,1.131557325782828e-14,1.07302375376816e-14
6382,1.470248815320322e-12,1.127607838641553e-14,1.068981049667565e-14
6383,1.466018437206913e-12,1.125818059635988e-14,1.067318312923535e-14
6384,1.477104082051811e-12,1.124435477300737e-14,1.066269352422414e-14
6385,1.483680355257897e-12,1.121520369109795e-14,1.063775046897688e-14
6386,1.480750562890375e-12,1.119552878551838e-14,1.061775224729808e-14
6387,1.47855178092208e-12,1.116666063886612e-14,1.058934057335825e-14
6388,1.470459894966526e-12,1.113139182623515e-14,1.055500123359232e-14
6389,1.47058295423358e-12,1.111759985980713e-14,1.054335248183066e-14
6390,1.474864277144664e-12,1.108797024816992e-14,1.051481511307427e-14
6391,1.463532879403763e-12,1.105764511616342e-14,1.048612914606394e-14
6392,1.45434092750877e-12,1.102660466631192e-14,1.045591886951318e-14
6393,1.443583990829618e-12,1.09959100945856e-14,1.042637305722708e-14
6394,1.443473499875639e-12,1.09732963485328e-14,1.040602189847672e-14
6395,1.445620131144092e-12,1.095525184966018e-14,1.038866027680755e-14
6396,1.445870296882625e-12,1.093497146943118e-14,1.036999771053773e-14
6397,1.451542216604774e-12,1.091353544830419e-14,1.035126488762747e-14
6398,1.455165360618015e-12,1.088752090255768e-14,1.032879506311658e-14
6399,1.453196132590126e-12,1.085731752821123e-14,1.02975919472858e-14
6400,1.438603625498901e-12,1.082808748678446e-14,1.026869799794195e-14
6401,1.437382497714603e-12,1.080228553491051e-14,1.024432747958905e-14
6402,1.425222317592689e-12,1.077445583219529e-14,1.021740018240368e-14
6403,1.431459106859949e-12,1.076212059237841e-14,1.020903381337399e-14
6404,1.437298371965034e-12,1.073501280314621e-14,1.01827809033868e-14
6405,1.438556423755298e-12,1.071794303906078e-14,1.016742865162507e-14
6406,1.437160282003829e-12,1.069256174324729e-14,1.014391677906512e-14
6407,1.432026792811251e-12,1.066924165494613e-14,1.012144994142276e-14
6408,1.427665577818699e-12,1.063471946261082e-14,1.008690202466482e-14
6409,1.423693828082394e-12,1.061614856743451e-14,1.007008493560209e-14
6410,1.42994945992378e-12,1.059805566447753e-14,1.005474188554153e-14
6411,1.416950441437357e-12,1.055906125683851e-14,1.001701324609352e-14
6412,1.417537830946128e-12,1.054009962254691e-14,9.99883860006083e-15
6413,1.417930188005828e-12,1.052109813109488e-14,9.981954393600155e-15
6414,1.419683721415349e-12,1.050180385198432e-14,9.964005119670857e-15
6415,1.404003966459933e-12,1.045763703792422e-14,9.91864706424271e-15
6416,1.400496729350444e-12,1.043799979600254e-14,9.901498589607208e-15
6417,1.40389135686804e-12,1.04231602176349e-14,9.889825358143729e-15
6418,1.389569818824455e-12,1.03811757289857e-14,9.847296620821491e-15
6419,1.389529279652417e-12,1.036757528010947e-14,9.83640777352693e-15
6420,1.38608433454845e-12,1.033426061515254e-14,9.803007297088961e-15
6421,1.401597602424069e-12,1.033314218777162e-14,9.805189945179876e-15
6422,1.402848031097115e-12,1.030736301231446e-14,9.780624134827305e-15
6423,1.385654919192897e-12,1.026790289291685e-14,9.740708779719083e-15
6424,1.395050321254626e-12,1.026133116006819e-14,9.737296345737684e-15
6425,1.398632594326858e-12,1.024202743380182e-14,9.719736525194522e-15
6426,1.39628751367386e-12,1.021540913046114e-14,9.694049833255202e-15
6427,1.387589912932366e-12,1.018316917442239e-14,9.663715219875414e-15
6428,1.388862557351525e-12,1.016816887773473e-14,9.649313242880044e-15
6429,1.38310051756059e-12,1.013397292417425e-14,9.617285689866214e-15
6430,1.368623661491402e-12,1.010788697842091e-14,9.590794880262368e-15
6431,1.379665261795979e-12,1.010174019461768e-14,9.58666319455373e-15
6432,1.381327416249104e-12,1.007027769301587e-14,9.556513544469445e-15
6433,1.375713683227814e-12,1.004687291743489e-14,9.534978934290945e-15
6434,1.372111206098538e-12,1.002656666338417e-14,9.517121175005047e-15
6435,1.374652150737101e-12,1.000679950892163e-14,9.498598742949332e-15
6436,1.363302760557448e-12,9.972909558508238e-15,9.464239191623702e-15
6437,1.370383085738133e-12,9.96366472173077e-15,9.457881183562467e-15
6438,1.354267104037006e-12,9.922960370889913e-15,9.415691554581174e-15
6439,1.360545642522386e-12,9.907492244175453e-15,9.40623069982065e-15
6440,1.348866685668062e-12,9.873814338879175e-15,9.36990791427475e-15
6441,1.359273502780252e-12,9.873184737706654e-15,9.374059531509388e-15
6442,1.358267400065117e-12,9.837218167578657e-15,9.336519985110774e-15
6443,1.35969839559439e-12,9.826021326053344e-15,9.330432625027195e-15
6444,1.343782731044782e-12,9.785912348295608e-15,9.286660540368355e-15
6445,1.341409931500516e-12,9.770035094774976e-15,9.271376191145651e-15
6446,1.333369655818231e-12,9.737166273158639e-15,9.240764912340244e-15
6447,1.340593991868238e-12,9.72166848633497e-15,9.230308850200683e-15
6448,1.346804620180527e-12,9.714646770564876e-15,9.224711524880897e-15
6449,1.349383471932293e-12,9.68598259908465e-15,9.197548586778761e-15
6450,1.345141571126766e-12,9.666718425690709e-15,9.176734926930862e-15
6451,1.346317307607365e-12,9.648244304618737e-15,9.161540239869408e-15
6452,1.335411261973756e-12,9.60612651258512e-15,9.120561180083386e-15
6453,1.326068455751201e-12,9.576578396521465e-15,9.091998596369782e-15
6454,1.328182788676685e-12,9.57132290864437e-15,9.087415988047052e-15
6455,1.318147168144935e-12,9.541888525654877e-15,9.05777571906975e-15
6456,1.31485734867985e-12,9.517684732251146e-15,9.033692551807485e-15
6457,1.321033024221097e-12,9.516602609300457e-15,9.03469891918629e-15
6458,1.327442611981185e-12,9.493488066874671e-15,9.013371547610611e-15
6459,1.308142445794011e-12,9.451602826160815e-15,8.971942056192852e-15
6460,1.308113276874231e-12,9.436016663774526e-15,8.956939353417518e-15
6461,1.307278797457577e-12,9.414838075166567e-15,8.937169033537607e-15
6462,1.312191078868377e-12,9.40328391124559e-15,8.930021759481899e-15
6463,1.296845133853419e-12,9.364017148637457e-15,8.889224652845897e-15
6464,1.300134663772609e-12,9.35353641026861e-15,8.879251084992054e-15
6465,1.304619937073652e-12,9.336503896145007e-15,8.865701525890458e-15
6466,1.307859971582738e-12,9.320813068858348e-15,8.851693606303236e-15
6467,1.301614990487558e-12,9.289265270001442e-15,8.821575084193884e-15
6468,1.297840381775198e-12,9.26894843743672e-15,8.800342736109397e-15
6469,1.303069084551781e-12,9.260604357832358e-15,8.793825253896655e-15
6470,1.291277951780376e-12,9.219038447259198e-15,8.753063856927913e-15
6471,1.283473553370578e-12,9.185972857754533e-15,8.721733436896246e-15
6472,1.279971639173823e-12,9.175212646112352e-15,8.711013153775618e-15
6473,1.300010588299764e-12,9.178574505191373e-15,8.719368552839303e-15
6474,1.298612772636562e-12,9.151768781250549e-15,8.691203036687426e-15
6475,1.282875944642383e-12,9.114695215138478e-15,8.654975688288298e-15
6476,1.284561157166476e-12,9.10427388629715e-15,8.648175178746033e-15
6477,1.271493272328923e-12,9.062886481120948e-15,8.605793478961244e-15
6478,1.269286270095901e-12,9.04926813285424e-15,8.592426906544942e-15
6479,1.273173969662012e-12,9.041748321109277e-15,8.585598050153079e-15
6480,1.28411727567434e-12,9.031865770727679e-15,8.580195677566384e-15
6481,1.272259485644864e-12,8.993175563595274e-15,8.540981007228594e-15
6482,1.278706464962583e-12,8.983334660063933e-15,8.532079825948122e-15
6483,1.280906589533461e-12,8.968126240251086e-15,8.517466646982585e-15
6484,1.276651582331243e-12,8.940859100741773e-15,8.49093611837881e-15
6485,1.281416935145325e-12,8.927419850025422e-15,8.479949542420315e-15
6486,1.268408551213521e-12,8.890258527785334e-15,8.443699440981008e-15
6487,1.276480048568804e-12,8.889919052445369e-15,8.44754992205167e-15
6488,1.278157634123534e-12,8.862555033762979e-15,8.42011910833355e-15
6489,1.273600114585004e-12,8.846357975562807e-15,8.404480384560298e-15
6490,1.25519926294594e-12,8.799665083070909e-15,8.35930943371814e-15
6491,1.269461055030678e-12,8.808373022697272e-15,8.371724212244966e-15
6492,1.269743402377676e-12,8.791573690079369e-15,8.353412045978718e-15
6493,1.266918794694374e-12,8.763489949242144e-15,8.32551315790963e-15
6494,1.253602781105866e-12,8.723519588150571e-15,8.287351563384528e-15
6495,1.253768259605471e-12,8.721735714551531e-15,8.287044774627074e-15
6496,1.245507256135137e-12,8.688500612491856e-15,8.253179237775179e-15
6497,1.25157612229632e-12,8.681798717594989e-15,8.251115014410364e-15
6498,1.255317930883959e-12,8.66560047405134e-15,8.232865541938695e-15
6499,1.2566449856396e-12,8.646985389278724e-15,8.215793402337351e-15
6500,1.253455341141601e-12,8.624090229665292e-15,8.195414492995582e-15
6501,1.253987866043828e-12,8.612736871373036e-15,8.184835355565961e-15
6502,1.237267552091042e-12,8.56931555535298e-15,8.14088394898825e-15
6503,1.22819537696093e-12,8.546478885654467e-15,8.118188471610701e-15
6504,1.242952749127269e-12,8.552865549129885e-15,8.128137253539367e-15
6505,1.229353442798192e-12,8.50925303681257e-15,8.084361373368372e-15
6506,1.233710016968192e-12,8.504984454266807e-15,8.083046987528629e-15
6507,1.220757577878833e-12,8.469564193432197e-15,8.045872621166013e-15
6508,1.219702884671022e-12,8.45600625238402e-15,8.033546171240782e-15
6509,1.223143442853586e-12,8.446799305342071e-15,8.02654014847142e-15
6510,1.227139535038112e-12,8.425563570400532e-15,8.006258937984767e-15
6511,1.233732100167093e-12,8.414928406069239e-15,7.996733426693696e-15
6512,1.222089372611568e-12,8.382186825132916e-15,7.964699364843004e-15
6513,1.20925823661676e-12,8.350194669578996e-15,7.93523194604665e-15
6514,1.205429784057643e-12,8.336659020423097e-15,7.921072808695229e-15
6515,1.206244706481724e-12,8.32028267282697e-15,7.90606787335985e-15
6516,1.225600743551568e-12,8.321217054826786e-15,7.912247614649266e-15
6517,1.228036819642824e-12,8.301058238183154e-15,7.891941973509419e-15
6518,1.226102084333398e-12,8.282997401165471e-15,7.874641321527015e-15
6519,1.226154054469913e-12,8.26376126762712e-15,7.856561194283996e-15
6520,1.204668896686841e-12,8.222730238884817e-15,7.812948248863349e-15
6521,1.196520606332933e-12,8.204342024674829e-15,7.797308033891389e-15
6522,1.210195220016665e-12,8.205952637237758e-15,7.79979415883918e-15
6523,1.208248881970193e-12,8.179607716450395e-15,7.775625533166573e-15
6524,1.196266535224463e-12,8.150720777145855e-15,7.746344638451952e-15
6525,1.189982396917514e-12,8.127107049737367e-15,7.72278833837303e-15
6526,1.205199436594169e-12,8.130514963082772e-15,7.731438434541977e-15
6527,1.208777086616151e-12,8.11179764967599e-15,7.713078447469672e-15
6528,1.201168005307191e-12,8.080969555930283e-15,7.680755117132827e-15
6529,1.196236544602801e-12,8.072357096216327e-15,7.674383562193854e-15
6530,1.194119568836576e-12,8.04529405220581e-15,7.647982067981727e-15
6531,1.19642352119154e-12,8.037924576983378e-15,7.64194769797375e-15
6532,1.189797037952023e-12,8.009075819623921e-15,7.61194754651122e-15
6533,1.183279766373656e-12,7.990441611496095e-15,7.595238934543051e-15
6534,1.176834571950741e-12,7.966694103637971e-15,7.572239687280937e-15
6535,1.170908381608905e-12,7.944637593617404e-15,7.550260761552021e-15
6536,1.184165215635729e-12,7.947263182827725e-15,7.555682194198904e-15
6537,1.18488099831593e-12,7.915404111680753e-15,7.526797731806488e-15
6538,1.177396606328209e-12,7.9019550889986e-15,7.512471265922414e-15
6539,1.186777335566703e-12,7.895529919040352e-15,7.509244423225743e-15
6540,1.184585033426993e-12,7.875677790872388e-15,7.490912761137466e-15
6541,1.172883840721161e-12,7.842300381438217e-15,7.45495553410099e-15
6542,1.165274918911284e-12,7.818745851637631e-15,7.432600841194174e-15
6543,1.168093263328361e-12,7.807984904370031e-15,7.42582655026768e-15
6544,1.174343246909204e-12,7.805017920104271e-15,7.421250682191932e-15
6545,1.167949317823239e-12,7.773407812967988e-15,7.391667905207975e-15
6546,1.178842667797719e-12,7.771984039270304e-15,7.392650759006174e-15
6547,1.173117491418164e-12,7.7479245107832e-15,7.365500651919827e-15
6548,1.1754158470568e-12,7.737446780384495e-15,7.357979767529332e-15
6549,1.177204317581275e-12,7.71494318469131e-15,7.337133911981494e-15
6550,1.163066497712308e-12,7.688552600471739e-15,7.31018166322832e-15
6551,1.153214297071513e-12,7.662581275235002e-15,7.285622348226334e-15
6552,1.173386134349975e-12,7.671665997302547e-15,7.296999469301598e-15
6553,1.173997559223226e-12,7.645345504348508e-15,7.273060874374866e-15
6554,1.166415028174887e-12,7.627505468352965e-15,7.257048177626753e-15
6555,1.166697965203975e-12,7.60986139249751e-15,7.239475979456605e-15
6556,1.163150453145924e-12,7.588075884162737e-15,7.217487717551934e-15
6557,1.143487251368822e-12,7.55762695651352e-15,7.185911229683602e-15
6558,1.136167208483264e-12,7.528831905415007e-15,7.158947733057857e-15
6559,1.139050196633987e-12,7.52809606139829e-15,7.1585050922382e-15
6560,1.151813079122914e-12,7.521389497485746e-15,7.153289297101934e-15
6561,1.140722893386326e-12,7.490869247570554e-15,7.123302230321627e-15
6562,1.132537659434936e-12,7.46880704542262e-15,7.101825589334502e-15
6563,1.151475896804265e-12,7.48139547487248e-15,7.117592846825903e-15
6564,1.143931136323304e-12,7.445856729133306e-15,7.08223951749831e-15
6565,1.152229208264698e-12,7.447691905253813e-15,7.085023874691302e-15
6566,1.140323549568899e-12,7.40956363802264e-15,7.047220905685149e-15
6567,1.141988061389861e-12,7.407613406902882e-15,7.047137774385386e-15
6568,1.141002212908882e-12,7.38879678204796e-15,7.031155164546005e-15
6569,1.146229842596898e-12,7.375613885116083e-15,7.018418552649303e-15
6570,1.142673499543772e-12,7.355365182045954e-15,6.997950623004026e-15
6571,1.12479660284073e-12,7.321200628522374e-15,6.963336571059819e-15
6572,1.11842508706261e-12,7.298542828721678e-15,6.94057895242427e-15
6573,1.108737131257502e-12,7.268903781532061e-15,6.912346616479507e-15
6574,1.112626177663639e-12,7.270480966640972e-15,6.914262052927844e-15
6575,1.113261735292457e-12,7.256431317872056e-15,6.902035197427198e-15
6576,1.115735651363854e-12,7.248421006914996e-15,6.894461370405047e-15
6577,1.131810239715279e-12,7.24590676875383e-15,6.894674293723418e-15
6578,1.129110643430989e-12,7.217371094079046e-15,6.868142655700234e-15
6579,1.115771347703326e-12,7.192388550672764e-15,6.841210772808889e-15
6580,1.127223029114391e-12,7.19647104084104e-15,6.847768067900571e-15
6581,1.117493839477445e-12,7.161290573143553e-15,6.812066728343666e-15
6582,1.121444483878465e-12,7.158000294236855e-15,6.812709959869218e-15
6583,1.106472491505755e-12,7.123073528653461e-15,6.775890442637801e-15
6584,1.12024814552454e-12,7.131333411520025e-15,6.787197781442755e-15
6585,1.108878591678302e-12,7.095761600929672e-15,6.751130540683216e-15
6586,1.111903451623972e-12,7.092088290251822e-15,6.747796779984091e-15
6587,1.113199152410618e-12,7.074973906553897e-15,6.734913279565061e-15
6588,1.099909157672156e-12,7.041647074509595e-15,6.69911706532495e-15
6589,1.096894166224471e-12,7.034306372566241e-15,6.69384029995658e-15
6590,1.094742817647282e-12,7.017641500933046e-15,6.676107850252797e-15
6591,1.102253511088089e-12,7.013333185438432e-15,6.67391530030568e-15
6592,1.109443991236147e-12,7.000090435302966e-15,6.665082487601487e-15
6593,1.097723227112317e-12,6.967109849025937e-15,6.629383102660773e-15
6594,1.093298876271779e-12,6.957116559199614e-15,6.6205782081996e-15
6595,1.098061649302229e-12,6.947572303471999e-15,6.614538457977274e-15
6596,1.101789720730789e-12,6.931306916933331e-15,6.596801183733592e-15
6597,1.099264544447441e-12,6.909976242673548e-15,6.578791530642649e-15
6598,1.090201537056204e-12,6.892049029725749e-15,6.559911775753531e-15
6599,1.080534805244268e-12,6.867018898547549e-15,6.534049127909714e-15
6600,1.079394684931147e-12,6.858397977244217e-15,6.525902135530497e-15
6601,1.092757881552004e-12,6.856095374142685e-15,6.527350568430739e-15
6602,1.093597390764222e-12,6.838420422650186e-15,6.511504199835577e-15
6603,1.079754096638561e-12,6.803491076672787e-15,6.474072972348038e-15
6604,1.094132665444091e-12,6.810068575174675e-15,6.48438544522026e-15
6605,1.093430898571126e-12,6.793837585234905e-15,6.466659530775543e-15
6606,1.08990760825311e-12,6.771187236724424e-15,6.447625860890704e-15
6607,1.088402562073822e-12,6.757844104804914e-15,6.433453312530068e-15
6608,1.078606096137672e-12,6.734561927285963e-15,6.411477999593024e-15
6609,1.072901494246596e-12,6.717650790807425e-15,6.39342550472009e-15
6610,1.082420153782227e-12,6.716308861191667e-15,6.396306012390541e-15
6611,1.081770319027674e-12,6.701675330815494e-15,6.382665071364312e-15
6612,1.072797018288537e-12,6.672220216394094e-15,6.350092826513754e-15
6613,1.079899982853257e-12,6.667446095436418e-15,6.350026221967426e-15
6614,1.075956406821559e-12,6.646799380704023e-15,6.326984331192316e-15
6615,1.061710141615295e-12,6.618211725901299e-15,6.297822500539316e-15
6616,1.077563625189523e-12,6.624744013907e-15,6.309451001014758e-15
6617,1.064687957578474e-12,6.591223532901766e-15,6.275052667941187e-15
6618,1.063143176449021e-12,6.588559067054903e-15,6.273156893716516e-15
6619,1.072185599676801e-12,6.577505545103559e-15,6.261883222231894e-15
6620,1.069352885302845e-12,6.567950655401262e-15,6.25639609384239e-15
6621,1.066233812170026e-12,6.544677730845721e-15,6.230033591582911e-15
6622,1.050927612492238e-12,6.512997864011458e-15,6.199432593086538e-15
6623,1.064756813603502e-12,6.525367271341385e-15,6.215807566642019e-15
6624,1.066140959728637e-12,6.509637262676248e-15,6.200908910135848e-15
6625,1.053024476715281e-12,6.477237397098527e-15,6.167209789479538e-15
6626,1.045575412248711e-12,6.457260166537543e-15,6.146595901563967e-15
6627,1.059380119852985e-12,6.462680663653649e-15,6.15661623562222e-15
6628,1.057320778138393e-12,6.435831404846627e-15,6.129910902032268e-15
6629,1.061807801902794e-12,6.435653556648681e-15,6.129322238691299e-15
6630,1.058471321848119e-12,6.413451986189327e-15,6.10989033068475e-15
6631,1.054222135017015e-12,6.396630482774365e-15,6.091723355624153e-15
6632,1.048390553688112e-12,6.375453676817697e-15,6.073543008570637e-15
6633,1.050820647601081e-12,6.374328533274158e-15,6.070369943151617e-15
6634,1.035458938359276e-12,6.33210569464735e-15,6.028894592166355e-15
6635,1.036314080011138e-12,6.336669653661674e-15,6.035267722136038e-15
6636,1.032130144245592e-12,6.313878942611595e-15,6.011009785097269e-15
6637,1.026039643569945e-12,6.292088158391684e-15,5.991203266124612e-15
6638,1.023248707228213e-12,6.27532435636171e-15,5.975730104674897e-15
6639,1.041771058525748e-12,6.292208540785906e-15,5.994495576131883e-15
6640,1.044551818950302e-12,6.270892041089928e-15,5.972579348888661e-15
6641,1.043379771779362e-12,6.263335811423057e-15,5.967478644155262e-15
6642,1.048902909209257e-12,6.246111925215876e-15,5.950702915810295e-15
6643,1.035788009776363e-12,6.220766943399968e-15,5.925524462210451e-15
6644,1.026510220262782e-12,6.206499654854987e-15,5.910188666412143e-15
6645,1.032910251451869e-12,6.193112753148927e-15,5.900904610048934e-15
6646,1.023284172676486e-12,6.163864700094419e-15,5.87039130755058e-15
6647,1.027350990246658e-12,6.16895921587137e-15,5.877477432599012e-15
6648,1.034743713728598e-12,6.158993724055874e-15,5.866757827528644e-15
6649,1.017334102615867e-12,6.120174460699437e-15,5.828719059459427e-15
6650,1.029875859150779e-12,6.133089760478828e-15,5.84456214875079e-15
6651,1.015029311876772e-12,6.091192078161756e-15,5.800665581319538e-15
6652,1.013948354455034e-12,6.095508999990481e-15,5.807875904826365e-15
6653,1.023473509868693e-12,6.086618102067932e-15,5.800114596523834e-15
6654,1.027907797127676e-12,6.081937782242156e-15,5.796969098669877e-15
6655,1.027144905103316e-12,6.05798319540817e-15,5.772889256364614e-15
6656,1.008225802827391e-12,6.033554439392262e-15,5.746470564516472e-15
6657,1.009224731732893e-12,6.025335300928785e-15,5.740723975120367e-15
6658,1.020067112784027e-12,6.021463747976511e-15,5.739232084511529e-15
6659,1.020169923624634e-12,6.011039588449002e-15,5.729954855894446e-15
6660,1.015142972869877e-12,5.985195530768658e-15,5.702985801558406e-15
6661,1.015588772311721e-12,5.977331844052509e-15,5.69588496858934e-15
6662,1.006282256681448e-12,5.953971647860101e-15,5.673724132873702e-15
6663,1.013801739615953e-12,5.95354405929616e-15,5.675888700014367e-15
6664,1.002948395515419e-12,5.920492766645197e-15,5.639921727997306e-15
6665,1.007922539196493e-12,5.926174883798872e-15,5.648078433187291e-15
6666,1.002905130612444e-12,5.89939748376812e-15,5.62094838604852e-15
6667,1.002989640120428e-12,5.895459692910631e-15,5.619217353863115e-15
6668,1.005540335254203e-12,5.881348291674208e-15,5.60577614467888e-15
6669,1.012834184456972e-12,5.875168885169341e-15,5.600448185280267e-15
6670,1.011823936986516e-12,5.866065639805186e-15,5.590071217214265e-15
6671,1.011426322818662e-12,5.849660062385512e-15,5.577161526702456e-15
6672,9.969328299349316e-13,5.812339792902625e-15,5.539322834859277e-15
6673,9.913553264958213e-13,5.815784995393266e-15,5.542580139867375e-15
6674,9.9909298997565e-13,5.805973761827796e-15,5.534733684287439e-15
6675,1.003092998428635e-12,5.798477261378072e-15,5.526512291977519e-15
6676,1.007870164973776e-12,5.784566064455877e-15,5.515985897084838e-15
6677,1.008662071365103e-12,5.772208308864154e-15,5.50370172003123e-15
6678,1.000593456239315e-12,5.749866465273449e-15,5.478971144576728e-15
6679,9.956056914321932e-13,5.740674753352388e-15,5.473825085637392e-15
6680,9.981298136108878e-13,5.732095616843477e-15,5.466230640986088e-15
6681,1.000669947505274e-12,5.723089553782503e-15,5.457945384951132e-15
6682,9.904634982028706e-13,5.686491221622384e-15,5.41943419567915e-15
6683,9.892222335960926e-13,5.687669143853567e-15,5.42208529931811e-15
6684,9.973987458891317e-13,5.684127368108286e-15,5.420510408968227e-15
6685,9.954423279384361e-13,5.660088416581344e-15,5.395861912196273e-15
6686,9.940032583137719e-13,5.653935085191977e-15,5.392076649239262e-15
6687,9.731543317755184e-13,5.610633843641808e-15,5.346599114667865e-15
6688,9.719974160571412e-13,5.610962372655816e-15,5.346698758310388e-15
6689,9.73180053041967e-13,5.605694047943275e-15,5.345005619185127e-15
6690,9.746922700682095e-13,5.593197629702068e-15,5.330567737166342e-15
6691,9.820711113925117e-13,5.58655905308236e-15,5.328009605805496e-15
6692,9.858645512902862e-13,5.577123239761312e-15,5.319806432027181e-15
6693,9.854311912758491e-13,5.563421027968654e-15,5.304323910315305e-15
6694,9.72109568908372e-13,5.539935067017711e-15,5.280197602471635e-15
6695,9.810996774053141e-13,5.540864381998573e-15,5.285327251090224e-15
6696,9.814488016723384e-13,5.527725979117511e-15,5.272926921188357e-15
6697,9.84273470740364e-13,5.521779355767536e-15,5.264754579816271e-15
6698,9.8198528060857e-13,5.502885545539255e-15,5.249064972421707e-15
6699,9.670425891458929e-13,5.471886541126249e-15,5.215116310016374e-15
6700,9.747532666484834e-13,5.477910586071336e-15,5.225326421579277e-15
6701,9.701840681662261e-13,5.453741227931222e-15,5.199340870272579e-15
6702,9.523516066627088e-13,5.419003271570546e-15,5.164690333270493e-15
6703,9.632013733479979e-13,5.441856105443511e-15,5.188373420258444e-15
6704,9.640861756171628e-13,5.419320854156749e-15,5.166761619469525e-15
6705,9.60513914822509e-13,5.406093290393236e-15,5.153498534654805e-15
6706,9.522912759097794e-13,5.384231534463176e-15,5.134009279833287e-15
6707,9.561498885325016e-13,5.38144189186964e-15,5.130352026642316e-15
6708,9.669290577260964e-13,5.380719698262261e-15,5.133969399030413e-15
6709,9.661423406921105e-13,5.367605151569943e-15,5.121665150564208e-15
6710,9.67427013424136e-13,5.359006592197748e-15,5.111364128025405e-15
6711,9.685564840931719e-13,5.345027495032446e-15,5.099117673321494e-15
6712,9.51729688315977e-13,5.315482688343202e-15,5.068077619669693e-15
6713,9.553642561852007e-13,5.314476967655999e-15,5.069522663726401e-15
6714,9.647245161848601e-13,5.312802136792519e-15,5.068514548991227e-15
6715,9.631483334498081e-13,5.289469853045451e-15,5.046249321911585e-15
6716,9.569600258325205e-13,5.279798896936387e-15,5.036923898753222e-15
6717,9.45448358886127e-13,5.253767988182968e-15,5.008757539649516e-15
6718,9.374397985601485e-13,5.236173777477849e-15,4.991570371478066e-15
6719,9.36950495273455e-13,5.231294546021577e-15,4.987122806910891e-15
6720,9.46692244738072e-13,5.23240471279269e-15,4.989926993729782e-15
6721,9.45070198342921e-13,5.214386171879248e-15,4.975201557000527e-15
6722,9.441917521537691e-13,5.199032237142814e-15,4.958395415586753e-15
6723,9.522453753391051e-13,5.204906767516717e-15,4.967387304324663e-15
6724,9.311211622141441e-13,5.157992232935099e-15,4.918938772094658e-15
6725,9.326378679558046e-13,5.155691891799778e-15,4.914985873482402e-15
6726,9.408541526374704e-13,5.158248816445588e-15,4.922637980441122e-15
6727,9.418060468682974e-13,5.141283282809886e-15,4.90413550181269e-15
6728,9.292632007287011e-13,5.125978438534805e-15,4.88731707248484e-15
6729,9.252259596362474e-13,5.100818317636278e-15,4.864413701810071e-15
6730,9.35654050296274e-13,5.117922615079412e-15,4.883258374297187e-15
6731,9.431873561293528e-13,5.109306458816149e-15,4.876233655946092e-15
6732,9.430002196141071e-13,5.095064273932036e-15,4.862826027884552e-15
6733,9.414902920960782e-13,5.076929477372301e-15,4.843556557011509e-15
6734,9.15481902327264e-13,5.032468976281119e-15,4.798171863365125e-15
6735,9.264034008948934e-13,5.06097967849709e-15,4.82753126829437e-15
6736,9.378809128267103e-13,5.050929796069456e-15,4.818447636385549e-15
6737,9.197147317735801e-13,5.009286327176008e-15,4.778089899677062e-15
6738,9.312286043915336e-13,5.020429599760789e-15,4.792908505786921e-15
6739,9.342248061651138e-13,5.012575687707277e-15,4.783990058899588e-15
6740,9.24685415579644e-13,4.987413882570434e-15,4.75717376508488e-15
6741,9.230330531947663e-13,4.980912367777556e-15,4.752286083217433e-15
6742,9.23813564164513e-13,4.970662304910366e-15,4.744864498621208e-15
6743,9.170112796051516e-13,4.954528722514173e-15,4.725168876736543e-15
6744,9.221552203759324e-13,4.94894966340742e-15,4.723980066192079e-15
6745,9.32495038867415e-13,4.946158050335808e-15,4.72179246133904e-15
6746,9.28527682902589e-13,4.936180177888927e-15,4.712319776890567e-15
6747,9.308796424711333e-13,4.927926477141798e-15,4.704769010092613e-15
6748,9.328793093607884e-13,4.915622273690548e-15,4.692832049856083e-15
6749,9.246275340034717e-13,4.892616679613182e-15,4.670803565569375e-15
6750,9.168070870433292e-13,4.879282573017472e-15,4.656652387359157e-15
6751,9.256390530683537e-13,4.882894808313293e-15,4.6622912347422e-15
6752,9.12301571414528e-13,4.856554187439379e-15,4.631965711367297e-15
6753,9.250686759819398e-13,4.864035884359452e-15,4.644091709337192e-15
6754,9.23569968171816e-13,4.850063512890347e-15,4.631116630126277e-15
6755,9.123444617193108e-13,4.823618584602235e-15,4.602102246416445e-15
6756,9.049816034891015e-13,4.808636819495233e-15,4.5864065602155e-15
6757,9.145536854349883e-13,4.817277179500713e-15,4.600671112647444e-15
6758,9.167540798270008e-13,4.795403215508518e-15,4.577282150081155e-15
6759,9.183121286152253e-13,4.794241501841688e-15,4.578021803762037e-15
6760,9.069363001964199e-13,4.769339415668582e-15,4.55071281061702e-15
6761,9.048946729086131e-13,4.767529211276016e-15,4.548816614070547e-15
6762,8.89215203163935e-13,4.729817996515319e-15,4.513101900960274e-15
6763,9.096169652628422e-13,4.751976113535803e-15,4.539194657597595e-15
6764,9.1155474005235e-13,4.73511304722774e-15,4.520620065636985e-15
6765,9.077223631029806e-13,4.725140175900952e-15,4.510741425232972e-15
6766,8.908865697399385e-13,4.687451083696249e-15,4.472192684237915e-15
6767,8.834099719221984e-13,4.671574618633144e-15,4.455505984189701e-15
6768,9.061511996710671e-13,4.701256330412393e-15,4.490463750872371e-15
6769,8.969104416191239e-13,4.670226793578341e-15,4.457217441639033e-15
6770,9.041492432150167e-13,4.675360023162121e-15,4.465299952263045e-15
6771,9.047517691135015e-13,4.662236967925172e-15,4.449087193272894e-15
6772,9.052973285891069e-13,4.654994450086359e-15,4.446122416438133e-15
6773,9.041542239970788e-13,4.642854439304894e-15,4.433752891546108e-15
6774,8.915054119220866e-13,4.618376913813272e-15,4.409168493538522e-15
6775,8.775107190862616e-13,4.594230643371473e-15,4.38373309917474e-15
6776,8.70187779128708e-13,4.569985546922482e-15,4.35871008816992e-15
6777,8.808236150237138e-13,4.59821270476433e-15,4.391069166416909e-15
6778,8.904662822513001e-13,4.586490029975076e-15,4.379745790984174e-15
6779,8.891288777114119e-13,4.573797452970825e-15,4.367515138819861e-15
6780,8.932351344718352e-13,4.566370889909241e-15,4.360375666774233e-15
6781,8.957508683336604e-13,4.560881039099091e-15,4.357044255848026e-15
6782,8.928736076074731e-13,4.539837781342229e-15,4.336003040765554e-15
6783,8.813333384784876e-13,4.523931104626753e-15,4.318594858180956e-15
6784,8.816053401806738e-13,4.519137458545587e-15,4.316274907813538e-15
6785,8.77175594699987e-13,4.497548029318879e-15,4.294699181104761e-15
6786,8.948850374139002e-13,4.514862969347945e-15,4.31395293551423e-15
6787,8.904005758416455e-13,4.500636145994521e-15,4.300159746956333e-15
6788,8.822834741366494e-13,4.474341489353532e-15,4.272275676014328e-15
6789,8.877537871478945e-13,4.481230311496127e-15,4.281308034097631e-15
6790,8.906666739203455e-13,4.469879561725756e-15,4.27126789919112e-15
6791,8.892306715663336e-13,4.465826880279834e-15,4.268105180209964e-15
6792,8.931503350167579e-13,4.449430179877196e-15,4.251146358844153e-15
6793,8.883285779969673e-13,4.444463122718741e-15,4.245734913827453e-15
6794,8.799147184905236e-13,4.410782518630791e-15,4.212185995347362e-15
6795,8.688093117926868e-13,4.399655772034384e-15,4.201942797551198e-15
6796,8.745640512663266e-13,4.404993353894284e-15,4.206068430767006e-15
6797,8.637711745072343e-13,4.373156198977827e-15,4.175913960996856e-15
6798,8.524478349700055e-13,4.351068662623729e-15,4.151487573052276e-15
6799,8.760946691279549e-13,4.385593443321396e-15,4.190172954927844e-15
6800,8.747957787239292e-13,4.361502027305594e-15,4.164684789807118e-15
6801,8.804529502501789e-13,4.36182469429245e-15,4.168771459117197e-15
6802,8.613695475321409e-13,4.324293703323967e-15,4.12872550631088e-15
6803,8.755543604547704e-13,4.34432801340279e-15,4.152980744375766e-15
6804,8.735059413564783e-13,4.321457813306016e-15,4.128965646046071e-15
6805,8.698224311628075e-13,4.316585695714641e-15,4.125412861601506e-15
6806,8.751341614608528e-13,4.313251354836458e-15,4.122792499057318e-15
6807,8.679966641788345e-13,4.289930507388199e-15,4.098557985042377e-15
6808,8.598570474244138e-13,4.27837386736925e-15,4.085154972497615e-15
6809,8.514423831409031e-13,4.252979447348443e-15,4.06219555257787e-15
6810,8.512543595432542e-13,4.256431667100804e-15,4.06331685674929e-15
6811,8.677535347831943e-13,4.267025516388507e-15,4.078833138992683e-15
6812,8.720816565747334e-13,4.25903370489941e-15,4.068867035907525e-15
6813,8.699223542109134e-13,4.242848260595548e-15,4.055689428727915e-15
6814,8.499949527626568e-13,4.200627968133001e-15,4.011126416268986e-15
6815,8.416231343078099e-13,4.197285601067726e-15,4.00805247969285e-15
6816,8.570197192203714e-13,4.215533109266482e-15,4.029092035243188e-15
6817,8.66591077613553e-13,4.209978553929076e-15,4.023992646167669e-15
6818,8.418367768615156e-13,4.162755948169169e-15,3.974983349011697e-15
6819,8.433047977663293e-13,4.17748131606217e-15,3.989439939316076e-15
6820,8.380008053514242e-13,4.1497668281489e-15,3.962417168085904e-15
6821,8.584272429778563e-13,4.171893337131105e-15,3.988380162283676e-15
6822,8.540718007391012e-13,4.15042054472106e-15,3.965545702265646e-15
6823,8.595473286351218e-13,4.146310078524419e-15,3.963492863952122e-15
6824,8.542724720319481e-13,4.132972056908472e-15,3.948680232171039e-15
6825,8.63988717834303e-13,4.137723925070283e-15,3.953187699161653e-15
6826,8.597054260177468e-13,4.123593678471377e-15,3.942029534356265e-15
6827,8.342219694813525e-13,4.070873016805631e-15,3.887068519266636e-15
6828,8.322191785587637e-13,4.084274725252231e-15,3.902085135366693e-15
6829,8.229278670558636e-13,4.057421201196172e-15,3.874353948138634e-15
6830,8.448710471392646e-13,4.09112957737994e-15,3.912104586883451e-15
6831,8.508834231951915e-13,4.071828608311498e-15,3.893203213693515e-15
6832,8.465927506381263e-13,4.061258854384088e-15,3.88169212788725e-15
6833,8.302035759410752e-13,4.024479136543561e-15,3.844160520791311e-15
6834,8.361460145528076e-13,4.036096333400788e-15,3.857010232260533e-15
6835,8.501394020133396e-13,4.047302399354632e-15,3.87036552930716e-15
6836,8.510848968102542e-13,4.029801632977562e-15,3.852339319953227e-15
6837,8.30844727507633e-13,3.992193638292909e-15,3.81416778415772e-15
6838,8.470574282183645e-13,4.016877232214411e-15,3.841218400979808e-15
6839,8.277328140115451e-13,3.970030109756463e-15,3.791726839774405e-15
6840,8.32924439747029e-13,3.982609132353502e-15,3.803598628174096e-15
6841,8.421051597883376e-13,3.985642203724413e-15,3.810770696370463e-15
6842,8.486026453120954e-13,3.978552670881293e-15,3.804962226781692e-15
6843,8.479599015379922e-13,3.969709346224611e-15,3.796506649513803e-15
6844,8.455995126308786e-13,3.95380171548229e-15,3.780901384061134e-15
6845,8.309859663108184e-13,3.927519732247284e-15,3.753000773515466e-15
6846,8.379115512402766e-13,3.93888194676238e-15,3.766939792504199e-15
6847,8.26511345969948e-13,3.913515985706225e-15,3.738804618432027e-15
6848,8.267505233961151e-13,3.905470446247138e-15,3.7310398383762e-15
6849,8.358623772796773e-13,3.915392573755983e-15,3.743837828351571e-15
6850,8.34240861440247e-13,3.894992340558392e-15,3.723626782319144e-15
6851,8.247524834983354e-13,3.882715033907507e-15,3.71185661930183e-15
6852,8.145040377700191e-13,3.856946692304013e-15,3.685034224164073e-15
6853,8.131062445769118e-13,3.855411706892153e-15,3.684560954884638e-15
6854,8.223561028696172e-13,3.861549755926483e-15,3.688568387199497e-15
6855,8.119609811614023e-13,3.833477145505523e-15,3.663089030545278e-15
6856,8.290476841727e-13,3.855723643942926e-15,3.687730480809003e-15
6857,8.349124433490027e-13,3.850561743067208e-15,3.683175895934404e-15
6858,8.328961870155043e-13,3.832576288324328e-15,3.665940277398372e-15
6859,8.356133504572193e-13,3.831322382850609e-15,3.66387381381356e-15
6860,8.318692851206286e-13,3.821192488784846e-15,3.655852988414395e-15
6861,8.078515532962246e-13,3.769212395495713e-15,3.600923559107026e-15
6862,8.236968362096416e-13,3.804696922438488e-15,3.639751402083079e-15
6863,8.104149591571559e-13,3.760608728609892e-15,3.592907316250828e-15
6864,8.228881830410163e-13,3.783859428232612e-15,3.619476241961053e-15
6865,8.253296396499749e-13,3.769114301811986e-15,3.603913950637548e-15
6866,8.115874227606477e-13,3.748502344415664e-15,3.581696391108311e-15
6867,8.0682750471229e-13,3.740586107593152e-15,3.573366756041015e-15
6868,8.212263525746783e-13,3.755646954500119e-15,3.59351767502596e-15
6869,8.269652177442491e-13,3.746555333472944e-15,3.584468736413526e-15
6870,8.219323478110371e-13,3.723119077146707e-15,3.557864172456487e-15
6871,8.185308548402523e-13,3.719843886114374e-15,3.557136585658495e-15
6872,8.224084695056762e-13,3.720749824996338e-15,3.560626328305863e-15
6873,8.154569397598552e-13,3.695390835125373e-15,3.532470864064635e-15
6874,8.006904814553685e-13,3.669399784602816e-15,3.5074462856492e-15
6875,8.163780012958396e-13,3.698788220311882e-15,3.538534282376212e-15
6876,8.136207804708069e-13,3.672077531153473e-15,3.51006076019103e-15
6877,8.087066673562152e-13,3.663001572857875e-15,3.501925096958688e-15
6878,8.032514042956095e-13,3.641050259144507e-15,3.482066353251544e-15
6879,8.004903772233004e-13,3.636601546413828e-15,3.474589421048559e-15
6880,8.168727356545575e-13,3.658742667706685e-15,3.501820590306138e-15
6881,8.217144128580436e-13,3.642805664468233e-15,3.485513201611257e-15
6882,8.15442142885011e-13,3.636081127165563e-15,3.478588200504087e-15
6883,8.199979242024016e-13,3.634639170884276e-15,3.47626556840801e-15
6884,8.0715827207191e-13,3.599587632012265e-15,3.442753641361408e-15
6885,8.121526140727973e-13,3.612326503700188e-15,3.457610801233885e-15
6886,7.9204923789586e-13,3.565159638651748e-15,3.407190799108984e-15
6887,7.951187910288191e-13,3.57441642958807e-15,3.416285168682278e-15
6888,8.053495623033783e-13,3.587673830395444e-15,3.433153890875283e-15
6889,8.095045553278266e-13,3.579200548209048e-15,3.425769485865887e-15
6890,8.075583265622631e-13,3.561450923678182e-15,3.409271447333323e-15
6891,8.086758019896207e-13,3.566285371771572e-15,3.413110634859258e-15
6892,8.05748854777018e-13,3.549083884166454e-15,3.393931572171934e-15
6893,7.938358229498425e-13,3.524833363351688e-15,3.371999606144111e-15
6894,8.073052570287804e-13,3.54487088931965e-15,3.392874444782929e-15
6895,8.106349662864534e-13,3.532232804967377e-15,3.379810587612147e-15
6896,7.867707103547773e-13,3.485806353614927e-15,3.33237055714109e-15
6897,7.981889886939446e-13,3.515487340756734e-15,3.364829750465633e-15
6898,7.864288932760387e-13,3.477384453501613e-15,3.324177261860996e-15
6899,7.890831625701365e-13,3.49231430107389e-15,3.34219758120846e-15
6900,7.914644471901288e-13,3.476375305713705e-15,3.324844735016969e-15
6901,7.94035712407604e-13,3.479842357914945e-15,3.33042105923167e-15
6902,8.024640674479448e-13,3.475971381430506e-15,3.327704903689287e-15
6903,8.025238117197456e-13,3.464951725178941e-15,3.31552448240425e-15
6904,7.783963677353655e-13,3.420121505472549e-15,3.269521646389481e-15
6905,7.988181443684152e-13,3.456764557443108e-15,3.309716694122328e-15
6906,8.018997003352584e-13,3.446121667650839e-15,3.298695170852446e-15
6907,7.765520520222725e-13,3.398621288630589e-15,3.249618746863397e-15
6908,7.694107410415157e-13,3.39370160478797e-15,3.243476937800664e-15
6909,7.928324820567718e-13,3.429865708721078e-15,3.284317043512256e-15
6910,7.948877718226936e-13,3.418367087038228e-15,3.272626758040351e-15
6911,7.943128257725162e-13,3.415395022896066e-15,3.271284036084858e-15
6912,7.966541559186786e-13,3.403929331370542e-15,3.25957202575194e-15
6913,7.807447428505e-13,3.375718278208572e-15,3.228214515949596e-15
6914,7.863975614861703e-13,3.3816028328485e-15,3.236376013045132e-15
6915,7.952054685109015e-13,3.383166690805168e-15,3.239480831325066e-15
6916,7.881564251474973e-13,3.363133007453541e-15,3.219205379130336e-15
6917,7.684059930073929e-13,3.325305962912052e-15,3.180177283239262e-15
6918,7.830927187900879e-13,3.357387895948016e-15,3.215676767641726e-15
6919,7.850497634466348e-13,3.339873844975677e-15,3.197460442209975e-15
6920,7.841230099623403e-13,3.331638627177058e-15,3.189475415620448e-15
6921,7.906403728462437e-13,3.335179589973392e-15,3.193742276408521e-15
6922,7.655369125256571e-13,3.284550967525918e-15,3.141226815448687e-15
6923,7.842132942671256e-13,3.321161847745474e-15,3.179876586023688e-15
6924,7.89119284535303e-13,3.306320350339131e-15,3.164808250338771e-15
6925,7.640632097222804e-13,3.270305720802999e-15,3.127693637104892e-15
6926,7.71312511689812e-13,3.282792374602507e-15,3.141553730751954e-15
6927,7.820258699291655e-13,3.294410435563835e-15,3.155544043858603e-15
6928,7.90363032659275e-13,3.279149824014257e-15,3.139426711879295e-15
6929,7.665292532579027e-13,3.244314495482643e-15,3.103656314003938e-15
6930,7.821368167628348e-13,3.269821623645444e-15,3.131723066857983e-15
6931,7.869698126032037e-13,3.263522915992166e-15,3.125614377432902e-15
6932,7.839938942661647e-13,3.255976407171699e-15,3.11841783963735e-15
6933,7.80054347075901e-13,3.229869089070201e-15,3.092360726146602e-15
6934,7.739180698665345e-13,3.224587847516601e-15,3.087070419621947e-15
6935,7.813949846718788e-13,3.234754118925021e-15,3.099069131916256e-15
6936,7.672600375906648e-13,3.201644841321245e-15,3.061852365552777e-15
6937,7.615698080285254e-13,3.194813496815533e-15,3.057502888786731e-15
6938,7.667713186482843e-13,3.197986296547982e-15,3.062077473490368e-15
6939,7.685045022748501e-13,3.188158012325773e-15,3.05168651591893e-15
6940,7.621800570561459e-13,3.174580101818229e-15,3.037575791266994e-15
6941,7.567854638897481e-13,3.155596588250641e-15,3.018839655984554e-15
6942,7.652649656064848e-13,3.176531384555214e-15,3.043160765851487e-15
6943,7.746096521027503e-13,3.167799562850692e-15,3.033285235710262e-15
6944,7.565888785317835e-13,3.137682473156854e-15,3.002683859866939e-15
6945,7.565425996906601e-13,3.140475850040966e-15,3.004204713162362e-15
6946,7.478962208346164e-13,3.113723849363167e-15,2.978154104690181e-15
6947,7.428642786075785e-13,3.096475649454121e-15,2.960762583338372e-15
6948,7.475858902300325e-13,3.124524274601318e-15,2.992124008161658e-15
6949,7.62544032973811e-13,3.124952770073238e-15,2.993696209666129e-15
6950,7.491772598487405e-13,3.091646972389228e-15,2.958749353282796e-15
6951,7.429022201107662e-13,3.070795223064743e-15,2.936945132627058e-15
6952,7.606907050358948e-13,3.115029593150594e-15,2.983822901163304e-15
6953,7.551874109264712e-13,3.075555881618569e-15,2.943998741306006e-15
6954,7.633422062485043e-13,3.09380271441165e-15,2.964326572897647e-15
6955,7.396387456822299e-13,3.043482942144909e-15,2.911183269698524e-15
6956,7.452138087525347e-13,3.06115710092995e-15,2.929136862705514e-15
6957,7.636527852744652e-13,3.080021927750939e-15,2.951969813801778e-15
6958,7.599470343920462e-13,3.046051516439657e-15,2.916096365695911e-15
6959,7.66979363070285e-13,3.064244873162532e-15,2.936467287297185e-15
6960,7.718135249447922e-13,3.052635264606558e-15,2.92631352560628e-15
6961,7.664951134182571e-13,3.051939955284629e-15,2.925234153225972e-15
6962,7.564063123609638e-13,3.023967510284584e-15,2.894301367524579e-15
6963,7.552321432127091e-13,3.027808318983029e-15,2.901042782248214e-15
6964,7.627829914774721e-13,3.028035848983553e-15,2.901980016714307e-15
6965,7.643553370325924e-13,3.019125707996879e-15,2.891978947249879e-15
6966,7.38462760913587e-13,2.972236814927407e-15,2.843690504650321e-15
6967,7.56595652388232e-13,3.012598444650678e-15,2.886699590387512e-15
6968,7.502446720322973e-13,2.986128244505287e-15,2.858182335631044e-15
6969,7.40003708138515e-13,2.955965415052471e-15,2.828892921515444e-15
6970,7.275882624932688e-13,2.942849675694255e-15,2.815058153502871e-15
6971,7.567679847897211e-13,2.985816416415472e-15,2.861126067684761e-15
6972,7.359065870215059e-13,2.936087724130711e-15,2.81009784460352e-15
6973,7.551470968516404e-13,2.971689505786094e-15,2.847270727272532e-15
6974,7.518388985727458e-13,2.946917795428096e-15,2.822833133618718e-15
6975,7.545192780561754e-13,2.94813091956988e-15,2.824800551288994e-15
6976,7.30320998616538e-13,2.910683720196182e-15,2.785607469526882e-15
6977,7.273974970771649e-13,2.906625119126515e-15,2.781457820543939e-15
6978,7.451849098989063e-13,2.933337727927102e-15,2.811823619549652e-15
6979,7.511051407332782e-13,2.921150749886479e-15,2.798556839130143e-15
6980,7.422487027107856e-13,2.907074280809594e-15,2.782237368398117e-15
6981,7.535993918764541e-13,2.919560770379487e-15,2.798860948204252e-15
6982,7.352513596934733e-13,2.869473706388589e-15,2.746465980390009e-15
6983,7.547486534825247e-13,2.906710182347683e-15,2.786428038155483e-15
6984,7.501329516498164e-13,2.88477700505778e-15,2.763414201978373e-15
6985,7.386682087249856e-13,2.87322449026137e-15,2.751218032402188e-15
6986,7.267287880825405e-13,2.839899238269609e-15,2.717662917173171e-15
6987,7.225135837115366e-13,2.848038920662486e-15,2.727033248052723e-15
6988,7.341503063821833e-13,2.853765054235895e-15,2.734830591531544e-15
6989,7.314929882618489e-13,2.840976333557311e-15,2.721047156839318e-15
6990,7.258872892300201e-13,2.828726649445077e-15,2.70828767764961e-15
6991,7.253817235249314e-13,2.830894053710543e-15,2.710954140662971e-15
6992,7.437367916523871e-13,2.846870961555458e-15,2.729361328735627e-15
6993,7.472830854591524e-13,2.840167101328606e-15,2.723630956352787e-15
6994,7.471624635493419e-13,2.832036476190367e-15,2.71585790146739e-15
6995,7.509989553565536e-13,2.823591830833635e-15,2.708240487443567e-15
6996,7.495824277214127e-13,2.825470113537586e-15,2.709871610604279e-15
6997,7.542639928592157e-13,2.818475503328291e-15,2.702872010399357e-15
6998,7.438311477002046e-13,2.791819129582074e-15,2.676676001001421e-15
6999,7.353641467153839e-13,2.785093475657845e-15,2.669923642352238e-15
7000,7.37556804963675e-13,2.784869910702071e-15,2.668345408004711e-15
7001,7.241195233463586e-13,2.755446103379685e-15,2.637439477653981e-15
7002,7.156175327454185e-13,2.741699469630126e-15,2.624352666129505e-15
7003,7.159492971645218e-13,2.733195899048804e-15,2.615662425851752e-15
7004,7.312533282539496e-13,2.771897881478651e-15,2.657756864626456e-15
7005,7.323622164669249e-13,2.748748779931075e-15,2.633652261733295e-15
7006,7.324707193498686e-13,2.750441290715955e-15,2.635686012107027e-15
7007,7.31609141784903e-13,2.744570307198174e-15,2.630723946416459e-15
7008,7.384443208864027e-13,2.744997343220665e-15,2.631756457251106e-15
7009,7.207653577208641e-13,2.706944948125276e-15,2.593356954805525e-15
7010,7.248585815865213e-13,2.72667238229464e-15,2.613573049052671e-15
7011,7.329967250668531e-13,2.729434389479814e-15,2.61713506989841e-15
7012,7.390515605639678e-13,2.72780336160088e-15,2.617221104513018e-15
7013,7.207200571496268e-13,2.684408887238008e-15,2.571701474887194e-15
7014,7.319815174733215e-13,2.71402885261512e-15,2.602847677049859e-15
7015,7.364559267151459e-13,2.7003891379206e-15,2.58977438611324e-15
7016,7.347766839441397e-13,2.700767200787018e-15,2.590634466977019e-15
7017,7.35953669950708e-13,2.693033000960285e-15,2.583207609901492e-15
7018,7.159998310002879e-13,2.654888480627852e-15,2.542962972037805e-15
7019,7.336484439367805e-13,2.683641511629986e-15,2.574100893107023e-15
7020,7.173640704757786e-13,2.641389761884629e-15,2.531109959065586e-15
7021,7.394101847870698e-13,2.676090532132437e-15,2.567453568003522e-15
7022,7.150781644776183e-13,2.625509541266288e-15,2.514953391152965e-15
7023,7.045946520625525e-13,2.607408501270986e-15,2.49573618351793e-15
7024,7.061108675691458e-13,2.614129195392841e-15,2.503506517579709e-15
7025,7.07129988573682e-13,2.624713410453773e-15,2.51472590306479e-15
7026,7.114419193691385e-13,2.624406021240085e-15,2.515404265247613e-15
7027,7.169084411679945e-13,2.613661688216166e-15,2.504925788439052e-15
7028,7.197019582980723e-13,2.622815940007195e-15,2.515375683154696e-15
7029,7.236936244191908e-13,2.608936063679955e-15,2.500209497850945e-15
7030,7.098584407892189e-13,2.581610686532513e-15,2.473513279498854e-15
7031,7.285596536158396e-13,2.614336339841465e-15,2.508015457670315e-15
7032,7.317420720645749e-13,2.604459336617571e-15,2.497906936103617e-15
7033,7.275807387664306e-13,2.600884461314961e-15,2.494867717873968e-15
7034,7.265271216622401e-13,2.597051195917081e-15,2.491833286905786e-15
7035,7.156775099817553e-13,2.560107451583888e-15,2.453858695503371e-15
7036,6.999096663164421e-13,2.53797959558892e-15,2.430255804714378e-15
7037,7.042362417911671e-13,2.563690064380336e-15,2.457292283550809e-15
7038,7.192128567274385e-13,2.561920105564162e-15,2.456838604252801e-15
7039,7.058046245285512e-13,2.535260796983748e-15,2.429421267718878e-15
7040,7.203462741038069e-13,2.565944482109784e-15,2.463131034725738e-15
7041,7.27667976475862e-13,2.54981330592291e-15,2.446389802217724e-15
7042,7.216275620805855e-13,2.543897649973791e-15,2.441517095154478e-15
7043,7.263073785120974e-13,2.540711822770405e-15,2.437693271086097e-15
7044,7.026811539489132e-13,2.504214120620198e-15,2.400014719199917e-15
7045,7.206338064697238e-13,2.535011477536233e-15,2.43303939720343e-15
7046,7.211805836270333e-13,2.51761181111119e-15,2.414840933025104e-15
7047,7.224886086331241e-13,2.524106363100259e-15,2.422864817619924e-15
7048,7.158991070973663e-13,2.500637976372978e-15,2.396458941716186e-15
7049,7.138820209207155e-13,2.501573066947195e-15,2.399403052795034e-15
7050,7.055769735374699e-13,2.477207041398041e-15,2.375125476733735e-15
7051,7.195503844277201e-13,2.499738055956521e-15,2.39859477871843e-15
7052,7.196948413628667e-13,2.484387600104518e-15,2.38395341855737e-15
7053,7.209273738608612e-13,2.489624250919333e-15,2.389713424121473e-15
7054,7.235909167111626e-13,2.483302952799279e-15,2.383362216043196e-15
7055,7.203304267840938e-13,2.478170428973042e-15,2.378093796867363e-15
7056,7.146311252292454e-13,2.460973966279177e-15,2.360709933346367e-15
7057,7.141122408991171e-13,2.460722857994172e-15,2.360362812266682e-15
7058,7.185236452475395e-13,2.463803983286201e-15,2.366482769129247e-15
7059,7.092176040928667e-13,2.438387925687266e-15,2.337995383707562e-15
7060,7.152464254701179e-13,2.448369435682592e-15,2.351045238185503e-15
7061,7.004259914861626e-13,2.41604941965122e-15,2.316676828681874e-15
7062,7.036595659934047e-13,2.435832678664745e-15,2.334933787844086e-15
7063,7.103341055628571e-13,2.43430305575788e-15,2.338261375601027e-15
7064,6.870279952592517e-13,2.380815311753045e-15,2.28115744574276e-15
7065,6.952862797216445e-13,2.40950142170112e-15,2.311979907375836e-15
7066,7.064497447341558e-13,2.420100337258912e-15,2.323678649099775e-15
7067,7.145314981499955e-13,2.411182242625882e-15,2.315392701332932e-15
7068,7.138779951584464e-13,2.405777806706554e-15,2.309332958464374e-15
7069,6.954247847959444e-13,2.378624498773049e-15,2.279661907235266e-15
7070,6.954226755229484e-13,2.380008848953552e-15,2.28405474957823e-15
7071,7.109480928757847e-13,2.395628475232275e-15,2.300866523930551e-15
7072,6.990897955715796e-13,2.358572887753593e-15,2.262500130660368e-15
7073,6.841993175444549e-13,2.336543015870208e-15,2.238644049220461e-15
7074,6.769302932736775e-13,2.325415726089389e-15,2.228149594747642e-15
7075,6.876253536972152e-13,2.362379083496e-15,2.266334781522572e-15
7076,7.04106357086999e-13,2.365843526294054e-15,2.271092961738225e-15
7077,7.092552903947481e-13,2.357534632538943e-15,2.263982586990659e-15
7078,7.023876712812994e-13,2.34307888838629e-15,2.248667122416364e-15
7079,7.070887495046585e-13,2.352238560203698e-15,2.25938671717284e-15
7080,7.077335582521535e-13,2.33672215344929e-15,2.24452285211336e-15
7081,6.763820940680284e-13,2.289788487604791e-15,2.194201598437869e-15
7082,6.750402170815899e-13,2.301972764324844e-15,2.206762951175076e-15
7083,6.961635732466429e-13,2.329986806031098e-15,2.237480547123347e-15
7084,6.964339642036792e-13,2.305068318760739e-15,2.211798444487058e-15
7085,6.882499826571553e-13,2.299854130317138e-15,2.205109859098257e-15
7086,7.041553759762216e-13,2.314717131159985e-15,2.222998787864389e-15
7087,7.011974485097436e-13,2.30691981839148e-15,2.21491512914409e-15
7088,7.021850590087512e-13,2.305018656069955e-15,2.213598485325655e-15
7089,7.032072830169885e-13,2.293373817108451e-15,2.201994189595979e-15
7090,7.058175645861144e-13,2.295410943267086e-15,2.205333376223234e-15
7091,6.841611719443753e-13,2.251106996405202e-15,2.158660336891183e-15
7092,6.875712818473865e-13,2.268909521334149e-15,2.177162255795065e-15
7093,6.956245980989117e-13,2.276658727208163e-15,2.186595036553852e-15
7094,6.847873971246267e-13,2.249273917860986e-15,2.156560087496928e-15
7095,6.927956236398351e-13,2.263006223339978e-15,2.173112278438399e-15
7096,6.920460133076532e-13,2.249678108251295e-15,2.159165703100936e-15
7097,6.789784799144311e-13,2.223904831147112e-15,2.132348255652124e-15
7098,6.796497613531792e-13,2.239530816723526e-15,2.149038854608015e-15
7099,6.943191359551308e-13,2.244590486821445e-15,2.15444451175466e-15
7100,6.968739450181829e-13,2.242844438205842e-15,2.153243740820405e-15
7101,6.978320888010047e-13,2.234673285059828e-15,2.146563064708156e-15
7102,6.686267565068855e-13,2.185286450344748e-15,2.094763578494443e-15
7103,6.647999361002468e-13,2.180908997494598e-15,2.090012313696412e-15
7104,6.799376339664458e-13,2.220173762343551e-15,2.132863737458741e-15
7105,6.96400006688674e-13,2.217312809225911e-15,2.130719886009231e-15
7106,6.82885565739078e-13,2.191478520581223e-15,2.103056019368102e-15
7107,6.843198671636021e-13,2.194308526369381e-15,2.103777736915525e-15
7108,6.689632775087626e-13,2.155497633106752e-15,2.065699081726407e-15
7109,6.718367915608435e-13,2.187485494540726e-15,2.099147194786068e-15
7110,6.587566509794577e-13,2.143661683490839e-15,2.054553822852015e-15
7111,6.581464118488772e-13,2.139254103910712e-15,2.049844422755811e-15
7112,6.60470540538261e-13,2.148085393976647e-15,2.058953043336511e-15
7113,6.813893931724588e-13,2.178377157373165e-15,2.092960758346979e-15
7114,6.843804655369885e-13,2.157548388115681e-15,2.071364413178774e-15
7115,6.734711486459455e-13,2.14627423477567e-15,2.05775618338071e-15
7116,6.908061586038215e-13,2.17087197728115e-15,2.086656776672681e-15
7117,6.926736372539714e-13,2.154332010466797e-15,2.067926846302828e-15
7118,6.906973806253835e-13,2.155345491193398e-15,2.071588143754016e-15
7119,6.7569556410183e-13,2.124240698939045e-15,2.03841559172017e-15
7120,6.835976534844793e-13,2.14371707333109e-15,2.05900508038711e-15
7121,6.880319770470709e-13,2.149602482048735e-15,2.066047382863481e-15
7122,6.771676762101552e-13,2.108164529406281e-15,2.022827710941098e-15
7123,6.876461990369297e-13,2.134143776965723e-15,2.050350279854583e-15
7124,6.878547539652493e-13,2.123074859178621e-15,2.039972324460535e-15
7125,6.863137975149834e-13,2.11820545607646e-15,2.035091107955261e-15
7126,6.848530098703853e-13,2.113673145230028e-15,2.030187239429794e-15
7127,6.624318092642909e-13,2.068783953993295e-15,1.983941720583743e-15
7128,6.782063781555257e-13,2.113907786073812e-15,2.032099374956466e-15
7129,6.834511353886621e-13,2.097359097961443e-15,2.015517963526636e-15
7130,6.756068434197524e-13,2.081121676396141e-15,1.999505561005993e-15
7131,6.594945368238888e-13,2.049634311678983e-15,1.965888632635818e-15
7132,6.765763837193797e-13,2.089678064251125e-15,2.00861151843178e-15
7133,6.617094010933096e-13,2.045415990458242e-15,1.962347215319025e-15
7134,6.680790295318218e-13,2.081120794237082e-15,1.998558998987447e-15
7135,6.824133022823193e-13,2.077118757176147e-15,1.996539316273553e-15
7136,6.874165082521543e-13,2.072238472706306e-15,1.98991631539251e-15
7137,6.820611090589422e-13,2.067800911892814e-15,1.98661728053946e-15
7138,6.611177097838446e-13,2.019103756872653e-15,1.937139034915193e-15
7139,6.818108608664507e-13,2.062631113868338e-15,1.982396275733951e-15
7140,6.590686963655678e-13,2.006891613049909e-15,1.925071057013306e-15
7141,6.576358674666508e-13,2.017329111228867e-15,1.937022377588923e-15
7142,6.475160417402097e-13,2.002073775166962e-15,1.919949342633955e-15
7143,6.467484273084694e-13,1.991073090201403e-15,1.908745700568598e-15
7144,6.498439763760306e-13,2.001966340930033e-15,1.920844919699794e-15
7145,6.71262423148536e-13,2.035306499760978e-15,1.956036261186975e-15
7146,6.668173207004278e-13,2.000828853074767e-15,1.921670319904433e-15
7147,6.493613939914015e-13,1.978158969489545e-15,1.897168255827687e-15
7148,6.547383788506707e-13,2.00045786641329e-15,1.921147100564657e-15
7149,6.535697411983832e-13,1.986502582431793e-15,1.907004704716886e-15
7150,6.54716077665883e-13,1.99239578014784e-15,1.912958601533505e-15
7151,6.564605727289664e-13,1.976215089278011e-15,1.898280238316634e-15
7152,6.749847839717427e-13,2.008175271007759e-15,1.930896471807287e-15
7153,6.711452447385464e-13,1.978372291119687e-15,1.899796950822981e-15
7154,6.57299907653693e-13,1.970151260087947e-15,1.892026605556655e-15
7155,6.730468636430269e-13,1.993262726322967e-15,1.916298344718515e-15
7156,6.688286846039096e-13,1.964481022035699e-15,1.886262398872207e-15
7157,6.68610276108837e-13,1.970285851241525e-15,1.893746398842417e-15
7158,6.749351474140355e-13,1.97168129296302e-15,1.895199050928728e-15
7159,6.758345973131409e-13,1.969825171412714e-15,1.893482532572158e-15
7160,6.737736624255503e-13,1.965233692419906e-15,1.889915873728864e-15
7161,6.601938313718489e-13,1.933328954043457e-15,1.855700184178445e-15
7162,6.499949776569211e-13,1.927763168487462e-15,1.851477284632086e-15
7163,6.414933879175154e-13,1.910742982183738e-15,1.833011847784965e-15
7164,6.641246856978265e-13,1.948675002209298e-15,1.873464145589429e-15
7165,6.504153063764801e-13,1.910543726567076e-15,1.834065404945876e-15
7166,6.48539755896327e-13,1.918629438370788e-15,1.843161001490953e-15
7167,6.614932315314116e-13,1.925928838634742e-15,1.850150964964227e-15
7168,6.646377306668106e-13,1.919541585060298e-15,1.845308758388488e-15
7169,6.515009788151816e-13,1.902933411579974e-15,1.82776024055047e-15
7170,6.708611441555336e-13,1.928448332327919e-15,1.853854410007016e-15
7171,6.768833805883206e-13,1.921990492718552e-15,1.849149673122641e-15
7172,6.689698869337545e-13,1.90923894616944e-15,1.835094254361826e-15
7173,6.482464544237453e-13,1.874460308218919e-15,1.799448498603688e-15
7174,6.549375852394389e-13,1.89820754247326e-15,1.824859229560816e-15
7175,6.625179367836939e-13,1.894704981871044e-15,1.821501056501592e-15
7176,6.449727207418557e-13,1.859265386239656e-15,1.785433334406443e-15
7177,6.492836874296256e-13,1.878753940144528e-15,1.801485181938452e-15
7178,6.680246987555445e-13,1.900859232733962e-15,1.828914139443866e-15
7179,6.450796086887916e-13,1.84425914685429e-15,1.770207937660975e-15
7180,6.438051178659191e-13,1.850903873623031e-15,1.777573775641592e-15
7181,6.662856203158204e-13,1.886894677136006e-15,1.816522100355446e-15
7182,6.686107564317249e-13,1.876877574320166e-15,1.805999778214382e-15
7183,6.443813452275969e-13,1.826685627102137e-15,1.753739042556417e-15
7184,6.549608137636364e-13,1.864190635922138e-15,1.792882704209624e-15
7185,6.635082337123655e-13,1.862576501803671e-15,1.791653805047791e-15
7186,6.5962359712591e-13,1.847669296364996e-15,1.776072833551572e-15
7187,6.584315806995392e-13,1.847034262017149e-15,1.775883369647798e-15
7188,6.607405784430747e-13,1.854586346285002e-15,1.783419537713841e-15
7189,6.585038443854957e-13,1.834424341811341e-15,1.760225783883225e-15
7190,6.56160277794497e-13,1.834911958859198e-15,1.760128988874944e-15
7191,6.648872501732013e-13,1.844925526792854e-15,1.775337086446088e-15
7192,6.653207369026011e-13,1.838708641207317e-15,1.769468128871455e-15
7193,6.493012016815689e-13,1.799971284682856e-15,1.729598205493269e-15
7194,6.430951807653513e-13,1.807662032790986e-15,1.736645866922457e-15
7195,6.628759706223264e-13,1.829984864441425e-15,1.760403620673533e-15
7196,6.386338986080398e-13,1.773676450249353e-15,1.703371151164946e-15
7197,6.586710127524552e-13,1.824008746343412e-15,1.755189617388552e-15
7198,6.413557313707309e-13,1.77111070833625e-15,1.700938763830218e-15
7199,6.318566655965393e-13,1.753740654843394e-15,1.68256785235784e-15
7200,6.297469397587089e-13,1.751969590110201e-15,1.679761255369337e-15
7201,6.364866986848655e-13,1.780420334537067e-15,1.70847288251789e-15
7202,6.633964802358217e-13,1.803363251960389e-15,1.735276875820938e-15
7203,6.578829522054101e-13,1.776142194684687e-15,1.707535536069241e-15
7204,6.446088466134692e-13,1.76804813374084e-15,1.698177539140196e-15
7205,6.328312538037779e-13,1.748476746259359e-15,1.678670246914553e-15
7206,6.279572202710512e-13,1.733986976638119e-15,1.664746457502995e-15
7207,6.223704844291351e-13,1.719353807383784e-15,1.648936001614543e-15
7208,6.554696526096906e-13,1.780724789013914e-15,1.714171968243052e-15
7209,6.526879680480779e-13,1.748024599099621e-15,1.681322881050542e-15
7210,6.290690730722554e-13,1.717521612513235e-15,1.648986968298188e-15
7211,6.566562976780829e-13,1.767314631219531e-15,1.702193478091606e-15
7212,6.580907093292295e-13,1.762999332756259e-15,1.697826541658512e-15
7213,6.544556992038473e-13,1.757007002352894e-15,1.692190984365991e-15
7214,6.59307744788884e-13,1.742269807638913e-15,1.676886072146418e-15
7215,6.588813373955616e-13,1.745007479053622e-15,1.679024557187621e-15
7216,6.597394776871552e-13,1.742112241086291e-15,1.677306477885912e-15
7217,6.627659682553347e-13,1.741380009118319e-15,1.677216655919114e-15
7218,6.470655689272982e-13,1.715454320246769e-15,1.647788571575226e-15
7219,6.364933761938319e-13,1.705345931887207e-15,1.639743273507201e-15
7220,6.395938375846681e-13,1.707736204459074e-15,1.640850153506333e-15
7221,6.310311466223963e-13,1.684519738875921e-15,1.619023947094842e-15
7222,6.48480584441447e-13,1.720209612664439e-15,1.655743028818022e-15
7223,6.554840997568738e-13,1.720215140933099e-15,1.656208053122603e-15
7224,6.443105279421179e-13,1.692084320602839e-15,1.626697320189117e-15
7225,6.30423480116122e-13,1.678884041644058e-15,1.613492259406296e-15
7226,6.2045059110651e-13,1.662358825450436e-15,1.596605098651274e-15
7227,6.243365384295152e-13,1.673725017555065e-15,1.608080936464829e-15
7228,6.321738925187826e-13,1.683395151029741e-15,1.618568281255191e-15
7229,6.441802428606454e-13,1.687281388845521e-15,1.623453391225115e-15
7230,6.481509334707642e-13,1.682244599796099e-15,1.61871150607535e-15
7231,6.40750490618682e-13,1.667215319580784e-15,1.601687956599206e-15
7232,6.362416201799278e-13,1.662062363657784e-15,1.597735488196541e-15
7233,6.290932779187139e-13,1.649781159980764e-15,1.585702777401624e-15
7234,6.509585854178609e-13,1.679578041893193e-15,1.617515020321599e-15
7235,6.319100909599738e-13,1.649062172420931e-15,1.583447970802888e-15
7236,6.49268430142992e-13,1.67165561039522e-15,1.609838034818849e-15
7237,6.449991286425125e-13,1.654323024987018e-15,1.590631384909661e-15
7238,6.483992419831213e-13,1.662819699590829e-15,1.6008587983791e-15
7239,6.509597927187572e-13,1.655375668125346e-15,1.59301766307845e-15
7240,6.531391145847782e-13,1.65612434809209e-15,1.594351084155853e-15
7241,6.494403848973554e-13,1.64561550290968e-15,1.583890742086449e-15
7242,6.314628695766836e-13,1.614004625133029e-15,1.550634775756769e-15
7243,6.295825536319365e-13,1.625184442592778e-15,1.563229111120341e-15
7244,6.420946948800509e-13,1.641916746168518e-15,1.581040235198332e-15
7245,6.509592431849218e-13,1.635688515041384e-15,1.573748337960861e-15
7246,6.479618135209945e-13,1.635852873437839e-15,1.575292939250276e-15
7247,6.524722800878351e-13,1.631012594827185e-15,1.57011338950572e-15
7248,6.319363490330822e-13,1.591713261398896e-15,1.530480662009343e-15
7249,6.518617734711241e-13,1.626685324003658e-15,1.566709751822016e-15
7250,6.534632252881854e-13,1.616999468937349e-15,1.55542478601897e-15
7251,6.488420674431541e-13,1.609834086495393e-15,1.549275825128055e-15
7252,6.479070696727228e-13,1.614718219856143e-15,1.555763010567687e-15
7253,6.429255797236232e-13,1.598612173579623e-15,1.538665092119523e-15
7254,6.204633816611116e-13,1.55699172445941e-15,1.496066823648032e-15
7255,6.339721914096235e-13,1.603724266154518e-15,1.545019737387291e-15
7256,6.462868773267112e-13,1.600464992878364e-15,1.541205665449531e-15
7257,6.319247461079229e-13,1.576226153508944e-15,1.515760950849062e-15
7258,6.362795228046433e-13,1.583913665168476e-15,1.524947391105002e-15
7259,6.199487838006374e-13,1.546141961109485e-15,1.486380030312171e-15
7260,6.343843514735319e-13,1.584738001899127e-15,1.52596757373842e-15
7261,6.35196727019606e-13,1.562894749204074e-15,1.503172013806837e-15
7262,6.410807500189765e-13,1.578729889193722e-15,1.519674186226397e-15
7263,6.31467312504156e-13,1.554448918838388e-15,1.493999789712124e-15
7264,6.287920661568698e-13,1.560807044382434e-15,1.502566354065717e-15
7265,6.355899996086396e-13,1.554072324506999e-15,1.496466127850831e-15
7266,6.154245821284024e-13,1.518906699937635e-15,1.459450275687546e-15
7267,6.202443447021569e-13,1.541273933229902e-15,1.482462377942986e-15
7268,6.109274469289171e-13,1.513010377477948e-15,1.453927701111366e-15
7269,6.09213934554659e-13,1.522053218210639e-15,1.463167902468988e-15
7270,6.267527178378513e-13,1.543274911037944e-15,1.486461869141085e-15
7271,6.119407565846822e-13,1.500505372358552e-15,1.44170318958241e-15
7272,6.114796181812633e-13,1.505133058553091e-15,1.446712353628317e-15
7273,6.35925320680473e-13,1.549526194998978e-15,1.493875830508397e-15
7274,6.405602429819325e-13,1.529656162311333e-15,1.473643387718779e-15
7275,6.350690078422064e-13,1.539070998854373e-15,1.483197279711123e-15
7276,6.20749451211403e-13,1.493386688370728e-15,1.436055603046569e-15
7277,6.225789136594877e-13,1.516509848955669e-15,1.458844823347079e-15
7278,6.100916993550429e-13,1.476742726680081e-15,1.419142703661103e-15
7279,6.057960384463946e-13,1.467568176093192e-15,1.409242084752105e-15
7280,6.077908001358365e-13,1.496820901474858e-15,1.437590436925394e-15
7281,6.048005683744365e-13,1.467746014971063e-15,1.41015083414623e-15
7282,6.036590910751391e-13,1.484881223141963e-15,1.427716642675435e-15
7283,6.256853071202223e-13,1.502870901744737e-15,1.447356468710161e-15
7284,6.140992254827811e-13,1.463373930030524e-15,1.406377991493897e-15
7285,6.188612508365286e-13,1.486891547602234e-15,1.431145528819685e-15
7286,6.062047165382565e-13,1.449785558590821e-15,1.39287298800354e-15
7287,6.342716147543178e-13,1.504684187887711e-15,1.450763958212704e-15
7288,6.229977801926164e-13,1.462507084201869e-15,1.406684101955542e-15
7289,6.328724417836945e-13,1.49024756398412e-15,1.435527270700092e-15
7290,6.153299865508964e-13,1.445360179748192e-15,1.389513148993644e-15
7291,6.287320677814556e-13,1.484410172017534e-15,1.429779986214577e-15
7292,6.14365046744509e-13,1.443082993853238e-15,1.387557937912082e-15
7293,6.356604263028292e-13,1.483481093092327e-15,1.429633663964433e-15
7294,6.194313119630095e-13,1.437340595663624e-15,1.382924564621286e-15
7295,6.05919998902741e-13,1.42303882772627e-15,1.366883234121674e-15
7296,6.247773296992061e-13,1.466175493516286e-15,1.41344972609689e-15
7297,6.090685068539775e-13,1.421746236816389e-15,1.366911155773706e-15
7298,6.037634449854253e-13,1.427969095641449e-15,1.372501931712758e-15
7299,6.124081939872299e-13,1.443399017745973e-15,1.389587853255296e-15
7300,6.104104845001956e-13,1.42121736616626e-15,1.367283925395792e-15
7301,6.145569968150852e-13,1.436751876892343e-15,1.38241882542244e-15
7302,6.213109207266346e-13,1.438507848201827e-15,1.38465267255702e-15
7303,6.303880626173516e-13,1.446726403924147e-15,1.393890657025649e-15
7304,6.295246994266597e-13,1.44204997717051e-15,1.389394366216513e-15
7305,6.343472571864792e-13,1.43376722664934e-15,1.380317011426517e-15
7306,6.325743317708756e-13,1.441161209432671e-15,1.388977807681734e-15
7307,6.153573569991216e-13,1.398077316147857e-15,1.344780630850409e-15
7308,6.184469586530615e-13,1.421042577461452e-15,1.367640519850968e-15
7309,6.132888855540916e-13,1.397862501673636e-15,1.345210395706394e-15
7310,6.099937040647723e-13,1.393047809522282e-15,1.340729005687529e-15
7311,6.079099708943679e-13,1.394395314217703e-15,1.341888710282723e-15
7312,6.194260945007104e-13,1.412463596840382e-15,1.360684622478215e-15
7313,6.259996848430501e-13,1.417020581566438e-15,1.366256335079452e-15
7314,6.268689123647595e-13,1.403603112153693e-15,1.351897824254851e-15
7315,6.257292515521406e-13,1.408796848600256e-15,1.357243267455334e-15
7316,6.287189461471277e-13,1.40643389974778e-15,1.356172153261742e-15
7317,6.2899188393902e-13,1.404857518668498e-15,1.354411432639103e-15
7318,6.287622131460914e-13,1.390045880084027e-15,1.339701881305479e-15
7319,6.02281552832817e-13,1.350556942392855e-15,1.298720239275335e-15
7320,5.971785695455478e-13,1.357144085463643e-15,1.305131135059562e-15
7321,5.904604295979552e-13,1.3370028986028e-15,1.284234131207789e-15
7322,6.022286257765136e-13,1.364463795952657e-15,1.314098549646627e-15
7323,6.080445606979525e-13,1.375071447157954e-15,1.322266480454134e-15
7324,6.005968531642961e-13,1.335870533982725e-15,1.284312888398805e-15
7325,6.006347256840081e-13,1.349022520470337e-15,1.298168400530061e-15
7326,6.206303704404008e-13,1.373284701908553e-15,1.323903892299559e-15
7327,6.148819777389528e-13,1.364187568859763e-15,1.313780691332349e-15
7328,6.248904621488426e-13,1.372820390268279e-15,1.323571881884695e-15
7329,6.266165190382219e-13,1.367889496452366e-15,1.318451552756802e-15
7330,6.278549217368216e-13,1.364747092104562e-15,1.315759748135745e-15
7331,6.069492347903954e-13,1.320959849508059e-15,1.270970342403373e-15
7332,6.179820234402933e-13,1.355803839108751e-15,1.306332938108256e-15
7333,5.965033973827783e-13,1.307661422357007e-15,1.257447180362412e-15
7334,6.21623399178154e-13,1.357115633939284e-15,1.308295813401317e-15
7335,6.059283629190198e-13,1.318629191142472e-15,1.26855812898935e-15
7336,6.109346924523131e-13,1.34187612167037e-15,1.292724676813843e-15
7337,5.927573107882242e-13,1.291655299218407e-15,1.241572785946881e-15
7338,5.947485144026248e-13,1.316131096476039e-15,1.267355500482691e-15
7339,6.127187907501931e-13,1.338246807065712e-15,1.289002511559689e-15
7340,6.124186020173359e-13,1.314576120646497e-15,1.265791782272595e-15
7341,5.957914022738132e-13,1.289325223485385e-15,1.240017299468556e-15
7342,6.197413790734397e-13,1.335814094048833e-15,1.287667612588279e-15
7343,6.046404725669783e-13,1.289813165479557e-15,1.241319556268162e-15
7344,6.214971677738351e-13,1.332899914183892e-15,1.284991698326592e-15
7345,6.25186210811183e-13,1.320317569891166e-15,1.27236777997107e-15
7346,6.224567130704127e-13,1.322785483180118e-15,1.275377973469703e-15
7347,6.128467728106074e-13,1.297788747882059e-15,1.249477826949367e-15
7348,5.987594403466149e-13,1.26853674203438e-15,1.219866517821607e-15
7349,5.928104810891836e-13,1.261056532472168e-15,1.211976465789713e-15
7350,6.002803229886709e-13,1.282110372065977e-15,1.232693668488894e-15
7351,6.240479611392003e-13,1.313597483197045e-15,1.267819359314729e-15
7352,6.141084333410394e-13,1.281351422874377e-15,1.23465468513013e-15
7353,6.210683330135107e-13,1.303381759963085e-15,1.256806914705083e-15
7354,6.176707808518447e-13,1.300378888759211e-15,1.253850535200216e-15
7355,6.091686828247342e-13,1.274542589200323e-15,1.226473829125262e-15
7356,6.172678534028922e-13,1.290939727904359e-15,1.244974637018508e-15
7357,6.177764457271935e-13,1.279293823399551e-15,1.232271364134917e-15
7358,6.021398469887202e-13,1.252480117529851e-15,1.205469923661929e-15
7359,5.94539716495168e-13,1.254077433531191e-15,1.207717319986265e-15
7360,5.844500901482325e-13,1.229465526667548e-15,1.181951215912102e-15
7361,5.820630693267526e-13,1.228571198411796e-15,1.180868679696561e-15
7362,6.055609257462504e-13,1.276226440759127e-15,1.230794778225613e-15
7363,6.04876547237812e-13,1.248555934726252e-15,1.202649890440595e-15
7364,5.97781056502978e-13,1.248625096899538e-15,1.200798921928819e-15
7365,6.037989003647139e-13,1.252672811379812e-15,1.20737165833287e-15
7366,5.945913893816184e-13,1.23165205624995e-15,1.185391499283688e-15
7367,6.039727612700781e-13,1.25327418017237e-15,1.2084540542584e-15
7368,6.041202816630833e-13,1.241781428715931e-15,1.19752522518099e-15
7369,6.152128560258076e-13,1.258743481174926e-15,1.214405991966254e-15
7370,6.094053750994932e-13,1.244928588487854e-15,1.200321647009047e-15
7371,6.111107627712303e-13,1.243420574203342e-15,1.198948307979458e-15
7372,5.949792699514548e-13,1.210805123445679e-15,1.165194864012257e-15
7373,6.022519510953836e-13,1.235764897786244e-15,1.191508307272992e-15
7374,6.093218941487713e-13,1.230910142143623e-15,1.186349915132209e-15
7375,6.111428748621799e-13,1.233901174177028e-15,1.187650908739063e-15
7376,6.054153739338218e-13,1.219209718887285e-15,1.175343753649533e-15
7377,5.974670466783105e-13,1.215830029390046e-15,1.171820057593423e-15
7378,5.840372273280271e-13,1.179300039806124e-15,1.133836195752148e-15
7379,6.043045593195633e-13,1.232373229408316e-15,1.188805778404373e-15
7380,5.94437105687541e-13,1.1921771131938e-15,1.147844107023214e-15
7381,6.102856484549529e-13,1.231844174852165e-15,1.188946687910186e-15
7382,5.954766219421701e-13,1.184656573477492e-15,1.140551425960523e-15
7383,5.971513016427504e-13,1.206816861767362e-15,1.164524817736924e-15
7384,6.116518412757141e-13,1.217973433733436e-15,1.175951415247487e-15
7385,5.977872935175157e-13,1.185942281777121e-15,1.142548204565527e-15
7386,6.023125332408375e-13,1.205943796223802e-15,1.164470587374068e-15
7387,6.028043752375082e-13,1.198647489196559e-15,1.155960060408917e-15
7388,5.899096159912018e-13,1.167272049294209e-15,1.123442884274358e-15
7389,6.120607310163424e-13,1.212401445846069e-15,1.169399293072697e-15
7390,5.944296805231899e-13,1.161148590761e-15,1.117844826035416e-15
7391,5.938425373532759e-13,1.184084672161931e-15,1.142264786008501e-15
7392,6.069555871188149e-13,1.199922438156167e-15,1.158081400091231e-15
7393,6.153099888322299e-13,1.196734299753176e-15,1.154587737596798e-15
7394,6.076222985670059e-13,1.18275029334915e-15,1.140776754013204e-15
7395,5.902517000740034e-13,1.148877555507046e-15,1.105583494948486e-15
7396,6.09843089383565e-13,1.194314031714575e-15,1.151997042448805e-15
7397,6.057665267332176e-13,1.165862066774492e-15,1.123528393041186e-15
7398,6.007460292087882e-13,1.168244807669556e-15,1.12662093947763e-15
7399,5.93527539470316e-13,1.156401310362558e-15,1.112999259952066e-15
7400,5.929053900260581e-13,1.154182418227876e-15,1.112492076737597e-15
7401,5.977935802856205e-13,1.160185901096576e-15,1.118790681018727e-15
7402,6.053998322676313e-13,1.171916864367354e-15,1.129712764031403e-15
7403,5.970487779975882e-13,1.137926653436632e-15,1.097019171218727e-15
7404,5.956068199347168e-13,1.152449849102727e-15,1.111119176110487e-15
7405,5.922962693388028e-13,1.147623030499431e-15,1.105334738441458e-15
7406,5.995525967419033e-13,1.154895635080324e-15,1.114766643587668e-15
7407,5.919458763177207e-13,1.128756160218006e-15,1.087834964615292e-15
7408,5.977497754633858e-13,1.145464004826547e-15,1.10360793281355e-15
7409,6.014463529973999e-13,1.146036475634756e-15,1.106113124205365e-15
7410,5.931564652983101e-13,1.129626372533288e-15,1.089343696921209e-15
7411,5.874917068488815e-13,1.115307403658226e-15,1.074692488444986e-15
7412,6.052752852807385e-13,1.148384553079032e-15,1.109003927323393e-15
7413,5.813155256645685e-13,1.093977846392851e-15,1.052588478841561e-15
7414,5.850728852704773e-13,1.121400082080427e-15,1.080541523302888e-15
7415,5.763660475847487e-13,1.09589109920806e-15,1.055035349556858e-15
7416,6.033896805066558e-13,1.144666409634305e-15,1.105435373811803e-15
7417,6.060732811084675e-13,1.131664225330981e-15,1.092675860328247e-15
7418,6.036717871147022e-13,1.127943782395161e-15,1.089128187579883e-15
7419,6.036885537049213e-13,1.134867847999527e-15,1.095031706957818e-15
7420,5.890333055532138e-13,1.093544264064621e-15,1.05367661065933e-15
7421,5.807791827419837e-13,1.098738897122561e-15,1.059146118360941e-15
7422,5.769043412459741e-13,1.081708507431465e-15,1.041457680786684e-15
7423,5.754812049397115e-13,1.088717447122365e-15,1.048529975091433e-15
7424,5.940728917650684e-13,1.117689808279732e-15,1.078487553964597e-15
7425,5.975873199433131e-13,1.100439970191323e-15,1.06188258144026e-15
7426,6.014915389767939e-13,1.109116707266099e-15,1.06943814862912e-15
7427,5.833787436139249e-13,1.069407566659762e-15,1.029927730965414e-15
7428,6.03766738348302e-13,1.115945636801338e-15,1.077260343085845e-15
7429,6.106070521598323e-13,1.104537006418987e-15,1.065359121787181e-15
7430,5.906721845823403e-13,1.078508215505613e-15,1.039695653431442e-15
7431,5.961117316774981e-13,1.101350969292011e-15,1.062469884542833e-15
7432,6.005175352863266e-13,1.104478970715971e-15,1.066349442722404e-15
7433,5.851289773638494e-13,1.060182896989515e-15,1.021927290282546e-15
7434,6.031605016223323e-13,1.100122597396779e-15,1.06308924969829e-15
7435,5.976733027022374e-13,1.081555734349861e-15,1.045178825840068e-15
7436,5.818543352004029e-13,1.051663936124256e-15,1.012836533522325e-15
7437,5.979628619594464e-13,1.09079288536113e-15,1.052542820315047e-15
7438,5.760092348454832e-13,1.037102461222227e-15,9.985039969470419e-16
7439,5.702698801414829e-13,1.027634866481093e-15,9.877415572806674e-16
7440,5.763880417280145e-13,1.054502678884609e-15,1.01629643454679e-15
7441,5.858592768694043e-13,1.06605002135873e-15,1.029007635375886e-15
7442,5.849902751912081e-13,1.050150288005713e-15,1.01252227552706e-15
7443,5.759891177153586e-13,1.026552954363564e-15,9.876646245970594e-16
7444,5.878986853444265e-13,1.069061074674619e-15,1.03177897999573e-15
7445,5.848501425981057e-13,1.042270066095883e-15,1.005738593977668e-15
7446,5.97825653107793e-13,1.071513955855539e-15,1.035426982970153e-15
7447,5.746143746034042e-13,1.019911912121036e-15,9.818762943569426e-16
7448,5.736098599196582e-13,1.010520526747556e-15,9.716518892550804e-16
7449,5.703538476359111e-13,1.01489880549723e-15,9.764520205284936e-16
7450,5.702587871955452e-13,1.01537686137664e-15,9.778121045506226e-16
7451,5.683427453073647e-13,1.021351618018181e-15,9.839622522314894e-16
7452,5.909393665346786e-13,1.059954095722019e-15,1.024357436584241e-15
7453,5.78898677271723e-13,1.015439145007899e-15,9.78428203474521e-16
7454,5.944587375361346e-13,1.054030857143593e-15,1.017873443495752e-15
7455,5.861868064553824e-13,1.021585577367651e-15,9.854623780022113e-16
7456,5.737873896210578e-13,1.007874447048923e-15,9.704710224185099e-16
7457,5.719390706984603e-13,1.019367812302854e-15,9.829405325000145e-16
7458,5.966338054024133e-13,1.04866399801555e-15,1.012999619538166e-15
7459,5.86082003163403e-13,1.010973834876162e-15,9.74874921474221e-16
7460,5.814689535699762e-13,1.01922367987131e-15,9.820894094927333e-16
7461,5.965594963475681e-13,1.042416865237595e-15,1.006933613599802e-15
7462,5.927343808596566e-13,1.018721850480102e-15,9.82331527248224e-16
7463,5.911295049456043e-13,1.026744497250702e-15,9.91540266857061e-16
7464,5.759901920797085e-13,9.880544032470315e-16,9.520973860803406e-16
7465,5.751353941910163e-13,1.007969174198212e-15,9.711233811770397e-16
7466,5.932113399194623e-13,1.030269731920517e-15,9.952744827875294e-16
7467,5.981592044237153e-13,1.021938241235329e-15,9.870692178513141e-16
7468,5.889737914860319e-13,1.001352636974798e-15,9.665611781729272e-16
7469,5.953931808516681e-13,1.024192660154351e-15,9.893048091361169e-16
7470,5.828389548929857e-13,9.8608206234227e-16,9.509022277111462e-16
7471,5.732783379822134e-13,9.739971526745546e-16,9.379414540261293e-16
7472,5.97666528127503e-13,1.018651447444085e-15,9.840265145503396e-16
7473,5.942161723251932e-13,1.013347418775048e-15,9.787950202173558e-16
7474,5.685489585812134e-13,9.572018380166263e-16,9.219284363233675e-16
7475,5.77551941744086e-13,1.000265544454413e-15,9.653818028573993e-16
7476,5.781558168374856e-13,9.774257950153348e-16,9.42422273001347e-16
7477,5.842622176868671e-13,1.001961240736893e-15,9.676030325434284e-16
7478,5.733009836744265e-13,9.614069009169159e-16,9.269970133394372e-16
7479,5.911117660441584e-13,1.002756208317517e-15,9.68912195414614e-16
7480,5.966963371086622e-13,1.002480657148852e-15,9.687957219293562e-16
7481,5.967759896277936e-13,9.964291518946465e-16,9.617115158489847e-16
7482,5.738230238404787e-13,9.458956660705328e-16,9.108427526604992e-16
7483,5.945864549829764e-13,9.975272487140883e-16,9.638990526538708e-16
7484,5.901725494678017e-13,9.76689973815149e-16,9.422000764502847e-16
7485,5.925197020410648e-13,9.781327526599714e-16,9.443196602101084e-16
7486,5.68837020131636e-13,9.298894292703186e-16,8.95326672141209e-16
7487,5.659873027064238e-13,9.534388348996338e-16,9.184484935532995e-16
7488,5.85617622278623e-13,9.804934781312566e-16,9.463577087412268e-16
7489,5.695307749669065e-13,9.335218588625784e-16,9.000773131747996e-16
7490,5.886510777924875e-13,9.797973870387299e-16,9.463178842211112e-16
7491,5.949151503497664e-13,9.707971992733873e-16,9.380812750111754e-16
7492,5.957182489862128e-13,9.764453271139044e-16,9.421342151152895e-16
7493,5.955594122875168e-13,9.730205573527874e-16,9.406991997757194e-16
7494,5.932442645371041e-13,9.722618882305964e-16,9.391325619406407e-16
7495,5.982052285171796e-13,9.595032151711088e-16,9.2754758760555e-16
7496,5.839579548658517e-13,9.453302749842848e-16,9.128486382941047e-16
7497,5.816588592857203e-13,9.484731584694631e-16,9.142085014945723e-16
7498,5.846070628199926e-13,9.510630420835473e-16,9.184356862747604e-16
7499,5.858187549908895e-13,9.467663289525553e-16,9.142497472399258e-16
7500,5.920415339122341e-13,9.59893306224167e-16,9.275962049448468e-16
7501,5.91820209833679e-13,9.54902541697746e-16,9.225943446313608e-16
7502,5.933900068999461e-13,9.610108034095656e-16,9.298499849143768e-16
7503,5.780112543088245e-13,9.126353222164181e-16,8.806091106745907e-16
7504,5.912477920497919e-13,9.529938429734663e-16,9.21331684272025e-16
7505,5.977100791176686e-13,9.524828205906294e-16,9.208645990882153e-16
7506,5.872256972721152e-13,9.244795035924018e-16,8.924023492566045e-16
7507,5.788943533303257e-13,9.255061606029881e-16,8.9188956509288e-16
7508,5.639759441969254e-13,8.958000101369321e-16,8.636097535461628e-16
7509,5.651385738501091e-13,9.04255103975835e-16,8.717485444353047e-16
7510,5.694831881473309e-13,9.201235631772568e-16,8.87239818747414e-16
7511,5.896455700683516e-13,9.430210901255844e-16,9.11735239321048e-16
7512,5.718604195211933e-13,8.92456923405783e-16,8.606897763022795e-16
7513,5.603575664738401e-13,8.75510876576668e-16,8.420476880096569e-16
7514,5.874709387205737e-13,9.369045309998805e-16,9.059365593664456e-16
7515,5.782336403292622e-13,9.013694124216807e-16,8.696014397505207e-16
7516,5.600821574301383e-13,8.74544251801163e-16,8.42345484967654e-16
7517,5.771359442093982e-13,9.256602810439613e-16,8.933665834416232e-16
7518,5.641818695919864e-13,8.777467823616921e-16,8.459005796326044e-16
7519,5.696044449719509e-13,9.058964316429317e-16,8.744318631236219e-16
7520,5.723242333535497e-13,8.975377962669088e-16,8.660712847317632e-16
7521,5.653136200259194e-13,8.773413124424059e-16,8.462851930998699e-16
7522,5.695120014596785e-13,8.867152261677133e-16,8.556581416302146e-16
7523,5.687798043372698e-13,8.767368213505391e-16,8.458495278913864e-16
7524,5.672128584741434e-13,8.986926599164686e-16,8.668044154572613e-16
7525,5.636769391095805e-13,8.693627619572401e-16,8.381899349342865e-16
7526,5.669243404618121e-13,8.904670649041774e-16,8.605003050027489e-16
7527,5.848095232994942e-13,9.05076203934597e-16,8.751966141750497e-16
7528,5.807216054990628e-13,8.936342586892438e-16,8.627211616457283e-16
7529,5.622685056550205e-13,8.545129418939282e-16,8.233252598079379e-16
7530,5.553332529781973e-13,8.446284781376547e-16,8.124972563660022e-16
7531,5.583035109492611e-13,8.716920495552789e-16,8.410393989994718e-16
7532,5.633694392595858e-13,8.623020526220203e-16,8.316875715577222e-16
7533,5.765946338870929e-13,8.88523182447278e-16,8.591645559578694e-16
7534,5.795686589265633e-13,8.807538018731608e-16,8.498618224408974e-16
7535,5.608891568804726e-13,8.490405108884795e-16,8.184008525863432e-16
7536,5.834754710788737e-13,8.962928753425286e-16,8.670009574612025e-16
7537,5.782110213124199e-13,8.635238801447162e-16,8.334884834753824e-16
7538,5.87527905583292e-13,8.865315189704759e-16,8.570913081487092e-16
7539,5.897210840581612e-13,8.859790802449573e-16,8.559072660006346e-16
7540,5.901608825351167e-13,8.889554679962154e-16,8.601132463010324e-16
7541,5.880839874372113e-13,8.89830362335303e-16,8.618173737870819e-16
7542,5.851442542873158e-13,8.805679555571965e-16,8.51708066416685e-16
7543,5.588529910082919e-13,8.233448013085415e-16,7.932067672075864e-16
7544,5.649295160185943e-13,8.555477132720979e-16,8.261510543323279e-16
7545,5.894648304721604e-13,8.772631599393854e-16,8.483013980150475e-16
7546,5.871833047637727e-13,8.705884777668101e-16,8.40375342140697e-16
7547,5.764652102365996e-13,8.535246094422445e-16,8.235947726796227e-16
7548,5.68958682838489e-13,8.452559867025372e-16,8.138298900601744e-16
7549,5.590730570421358e-13,8.131402581755902e-16,7.829819054052038e-16
7550,5.561956949105684e-13,8.091912020983374e-16,7.784789354501945e-16
7551,5.542539482316767e-13,8.11043174517674e-16,7.808236123907072e-16
7552,5.522165041492095e-13,8.175922980380846e-16,7.875128862952714e-16
7553,5.69588163771501e-13,8.526565590437589e-16,8.241521432927591e-16
7554,5.622897295624998e-13,8.16928103433851e-16,7.877390706370543e-16
7555,5.774466676979496e-13,8.554500626269458e-16,8.272203805264631e-16
7556,5.601509800319777e-13,8.149194716944846e-16,7.859849517542836e-16
7557,5.754006986678581e-13,8.52401402616037e-16,8.241299096440159e-16
7558,5.825266054504013e-13,8.505665161166756e-16,8.221384474232007e-16
7559,5.634952181597774e-13,8.119803000126044e-16,7.840829939667133e-16
7560,5.742265467616362e-13,8.420719089925156e-16,8.129266589411902e-16
7561,5.828335232990657e-13,8.481208187977821e-16,8.202270104060568e-16
7562,5.716509819978397e-13,8.114624118213409e-16,7.834294754727536e-16
7563,5.597139936989876e-13,8.065306981070786e-16,7.779622853243776e-16
7564,5.55867329407548e-13,7.986245979731781e-16,7.693434179143556e-16
7565,5.715769988123084e-13,8.371671535893218e-16,8.086755991700158e-16
7566,5.519243978327435e-13,7.868743734009755e-16,7.58048214996547e-16
7567,5.513207633066435e-13,7.891328590542595e-16,7.60235989729369e-16
7568,5.786021332352499e-13,8.420592547658332e-16,8.15373832281023e-16
7569,5.843892010076055e-13,8.350209614504923e-16,8.078264637236707e-16
7570,5.549390694297906e-13,7.804898771627073e-16,7.523214234242714e-16
7571,5.733350142233289e-13,8.326535801246171e-16,8.058863660277022e-16
7572,5.527564438631986e-13,7.749432507167006e-16,7.469553533187016e-16
7573,5.579071013426325e-13,8.050466810991705e-16,7.760901538190935e-16
7574,5.818154432184269e-13,8.318835518201014e-16,8.058435909704124e-16
7575,5.587428337176125e-13,7.747011871524591e-16,7.471179406824923e-16
7576,5.583958943973587e-13,7.938754399092592e-16,7.657916192407835e-16
7577,5.774397613648046e-13,8.205425071047091e-16,7.940401185852172e-16
7578,5.742757948699761e-13,7.99649647680404e-16,7.726657433377972e-16
7579,5.680973888703882e-13,7.950736117660318e-16,7.683519758034339e-16
7580,5.743307013950486e-13,8.078300841602622e-16,7.815048425580027e-16
7581,5.836344771975777e-13,8.16903874212315e-16,7.902068199538329e-16
7582,5.820090742970143e-13,8.007247982607747e-16,7.746959109247694e-16
7583,5.644692260082367e-13,7.710624280133074e-16,7.437232431753448e-16
7584,5.66407002402972e-13,7.96370677777217e-16,7.699269855776914e-16
7585,5.769728730692224e-13,8.017896711100967e-16,7.732736853354658e-16
7586,5.678372151105701e-13,7.773728301636697e-16,7.50620552388277e-16
7587,5.546640055951112e-13,7.523061501181641e-16,7.249110240419519e-16
7588,5.58683391347639e-13,7.865305365995598e-16,7.58221941587251e-16
7589,5.554936008922338e-13,7.552895231358657e-16,7.273808459088108e-16
7590,5.459758095726378e-13,7.422004742778836e-16,7.14447996131296e-16
7591,5.494717295061299e-13,7.55622462133619e-16,7.289198111796816e-16
7592,5.78013698237892e-13,8.030045921862875e-16,7.777265133168805e-16
7593,5.753112942438372e-13,7.980862601647469e-16,7.721626125568861e-16
7594,5.776354999675203e-13,7.956332167931742e-16,7.701030520361066e-16
7595,5.661500586347573e-13,7.574123713893463e-16,7.316355116728171e-16
7596,5.759591769408199e-13,7.908608712659136e-16,7.655831209433151e-16
7597,5.796674193465923e-13,7.856014265262466e-16,7.606836204820755e-16
7598,5.587014245680508e-13,7.431067450656976e-16,7.172237680417659e-16
7599,5.721175586746302e-13,7.794018830325476e-16,7.54734177402874e-16
7600,5.769127820584388e-13,7.753700415187812e-16,7.494573920002457e-16
7601,5.672233889628271e-13,7.585039279143307e-16,7.327556371070287e-16
7602,5.718839291096895e-13,7.725614174589597e-16,7.473758109703347e-16
7603,5.478845537494169e-13,7.238169463707545e-16,6.972601787189935e-16
7604,5.716127353209621e-13,7.816373141362083e-16,7.569788640848744e-16
7605,5.548641973441008e-13,7.34199432889801e-16,7.088951884113034e-16
7606,5.702440455782112e-13,7.702653114568692e-16,7.452949383280058e-16
7607,5.763103860222737e-13,7.779363592938603e-16,7.532123633006147e-16
7608,5.82688661681424e-13,7.632370770402077e-16,7.385248728621538e-16
7609,5.670319617383734e-13,7.514831433089872e-16,7.263816779417494e-16
7610,5.660485063479936e-13,7.500707291381873e-16,7.236041699274814e-16
7611,5.778265345774337e-13,7.657934970188814e-16,7.411739055717588e-16
7612,5.549910859910485e-13,7.160026887776861e-16,6.903523534259756e-16
7613,5.621029928283133e-13,7.579259557172561e-16,7.334109289291605e-16
7614,5.531198628519927e-13,7.169313071130762e-16,6.915097224628665e-16
7615,5.658009983372492e-13,7.519544167857503e-16,7.276115099861792e-16
7616,5.683766878102685e-13,7.471777700099408e-16,7.228395134762122e-16
7617,5.594710194919148e-13,7.245401407967474e-16,6.990201936211285e-16
7618,5.653991151915602e-13,7.424262388859906e-16,7.174269769148829e-16
7619,5.619887020985937e-13,7.275046293359847e-16,7.026270518353663e-16
7620,5.573721871216603e-13,7.288540634690644e-16,7.038624869712897e-16
7621,5.635962691975053e-13,7.35699113635391e-16,7.104018281937085e-16
7622,5.714088995269377e-13,7.429206819612011e-16,7.172832336836395e-16
7623,5.778420027777792e-13,7.439415992123083e-16,7.200081955206674e-16
7624,5.75264864757894e-13,7.473995735989594e-16,7.23163934122897e-16
7625,5.669367374091539e-13,7.181815664795157e-16,6.944693606862745e-16
7626,5.796083645933178e-13,7.474605737335995e-16,7.23535895894358e-16
7627,5.737307405212296e-13,7.437476063842632e-16,7.202722118513609e-16
7628,5.734090102363637e-13,7.391439152348744e-16,7.154140683001455e-16
7629,5.646566316368883e-13,7.182621990200393e-16,6.930909054120648e-16
7630,5.75745337317271e-13,7.423280395844856e-16,7.194884489378885e-16
7631,5.773894132298141e-13,7.407238187613493e-16,7.181956531029981e-16
7632,5.784567387614598e-13,7.372021298497692e-16,7.141877759553749e-16
7633,5.552209329479526e-13,6.916198552443002e-16,6.679835912149888e-16
7634,5.484524757243912e-13,6.808166607487173e-16,6.560454450701611e-16
7635,5.515490161549204e-13,7.03678708132743e-16,6.779676887174077e-16
7636,5.423813830032954e-13,6.831328200325741e-16,6.583349347139995e-16
7637,5.378622863549627e-13,6.815423738116926e-16,6.568240859479069e-16
7638,5.617341008228705e-13,7.20299049052599e-16,6.94326195037102e-16
7639,5.695252188415287e-13,7.245486357478504e-16,7.018626387364753e-16
7640,5.530186761556416e-13,6.772022218301591e-16,6.535580081883316e-16
7641,5.462240432282175e-13,6.823054652124234e-16,6.581259205543826e-16
7642,5.621806120784858e-13,7.166312086226633e-16,6.927357435257389e-16
7643,5.745813898513361e-13,7.190206070238639e-16,6.963471336074332e-16
7644,5.587927624516169e-13,6.929893548029805e-16,6.680332784813829e-16
7645,5.590102884476917e-13,7.038706287049017e-16,6.812907386900572e-16
7646,5.670190288011814e-13,7.089264998081751e-16,6.853636760492543e-16
7647,5.554749448096895e-13,6.78717601112699e-16,6.550270364370524e-16
7648,5.456662837091413e-13,6.718998808609068e-16,6.482661666351819e-16
7649,5.627375389231767e-13,7.078026798658471e-16,6.854363909727479e-16
7650,5.480422825130743e-13,6.618411892049865e-16,6.387830186698258e-16
7651,5.522815473555562e-13,6.917384492083394e-16,6.673390325777007e-16
7652,5.49785741696244e-13,6.749266855270822e-16,6.520276649184904e-16
7653,5.468189215645328e-13,6.709315824714058e-16,6.478402714029728e-16
7654,5.67920731597252e-13,7.053076571819588e-16,6.829958136114489e-16
7655,5.721008418870546e-13,7.058830590813515e-16,6.843047116789347e-16
7656,5.516759378478688e-13,6.565841282879341e-16,6.335197376006355e-16
7657,5.446409211816432e-13,6.6451121378403e-16,6.421163989972566e-16
7658,5.370431110536818e-13,6.40257169928175e-16,6.16772181505448e-16
7659,5.560643663770184e-13,6.963936558446754e-16,6.734718910249104e-16
7660,5.71544068802143e-13,6.956102783906198e-16,6.733987401495258e-16
7661,5.746242459510748e-13,6.993213278509511e-16,6.772051999487554e-16
7662,5.72957648514447e-13,6.80771665653251e-16,6.585556049491598e-16
7663,5.467923142511762e-13,6.466322439089234e-16,6.238787420734245e-16
7664,5.631882620558029e-13,6.898928637084845e-16,6.687985373974118e-16
7665,5.640207784259944e-13,6.695092407555354e-16,6.480539846584041e-16
7666,5.632208105413386e-13,6.740253365097467e-16,6.507525957537418e-16
7667,5.483604768195802e-13,6.411693168237426e-16,6.187495964547063e-16
7668,5.524867706906985e-13,6.674541386024941e-16,6.444085526070634e-16
7669,5.555677890820492e-13,6.667870988459037e-16,6.43155241089808e-16
7670,5.474764061696621e-13,6.381381695884501e-16,6.15611816514438e-16
7671,5.669175814182383e-13,6.821374148109917e-16,6.603092021150618e-16
7672,5.646399077792766e-13,6.559819117542228e-16,6.345623717490971e-16
7673,5.555118055159869e-13,6.459308274142473e-16,6.236370328910808e-16
7674,5.528104238847011e-13,6.524905136755684e-16,6.307505390145103e-16
7675,5.587480358021373e-13,6.684354975102015e-16,6.475691111744506e-16
7676,5.69825855481519e-13,6.790294429847215e-16,6.581328279907175e-16
7677,5.47040880496894e-13,6.257050349066194e-16,6.039394589237563e-16
7678,5.590634527592054e-13,6.645076534050103e-16,6.434554892513606e-16
7679,5.625579967133449e-13,6.615126999920828e-16,6.393903534959123e-16
7680,5.535820328365029e-13,6.388017547658118e-16,6.175709368892597e-16
7681,5.431258850331691e-13,6.214684588997129e-16,5.998350359471961e-16
7682,5.452910211347547e-13,6.438944052863335e-16,6.220839510929738e-16
7683,5.590694941018445e-13,6.549865689637328e-16,6.340706591027732e-16
7684,5.42141240504565e-13,6.231280445445259e-16,6.015016597486946e-16
7685,5.690225859792002e-13,6.685747793709897e-16,6.485239260171597e-16
7686,5.625184561562833e-13,6.388175510991326e-16,6.18133275115423e-16
7687,5.6145510663695e-13,6.481143311633957e-16,6.243258479376104e-16
7688,5.445243179846225e-13,6.070643883549622e-16,5.856666888987158e-16
7689,5.45050639533315e-13,6.327595584162609e-16,6.113280438547139e-16
7690,5.419003009232733e-13,6.123744810507459e-16,5.907929777337446e-16
7691,5.631278187056842e-13,6.573071639724432e-16,6.377928824505806e-16
7692,5.557442425677631e-13,6.200430115340076e-16,5.992227802333157e-16
7693,5.539923806441732e-13,6.303589388472766e-16,6.099801947906259e-16
7694,5.65588582554051e-13,6.583196041621082e-16,6.384274665962256e-16
7695,5.721953678454911e-13,6.477598827737815e-16,6.283964578107184e-16
7696,5.600567878157997e-13,6.333412318213801e-16,6.129173830144605e-16
7697,5.715151700895879e-13,6.481713536849544e-16,6.278962378877423e-16
7698,5.549528747073783e-13,6.076537969722432e-16,5.866237472132316e-16
7699,5.727551403264786e-13,6.510326181878855e-16,6.308941009866106e-16
7700,5.444640634580027e-13,5.933157454096697e-16,5.724591402905674e-16
7701,5.654978771040408e-13,6.474647084344112e-16,6.274889339551833e-16
7702,5.639336245292586e-13,6.186674181186653e-16,5.983180901557733e-16
7703,5.447601745342013e-13,5.946423379878421e-16,5.740210606705823e-16
7704,5.591218254081611e-13,6.330769798999637e-16,6.132745522078346e-16
7705,5.618619598605831e-13,6.192994968458481e-16,5.993836318295366e-16
7706,5.571544140890349e-13,6.247087207064013e-16,6.034734135111115e-16
7707,5.405654983628138e-13,5.805526006843122e-16,5.597260776261129e-16
7708,5.566869943534384e-13,6.309536896427583e-16,6.111072762554936e-16
7709,5.651551915492209e-13,6.29776782542428e-16,6.105078408698827e-16
7710,5.559251297308078e-13,6.101535582508245e-16,5.898346145507237e-16
7711,5.376612889373197e-13,5.801825460099527e-16,5.592338209247194e-16
7712,5.376764845890288e-13,5.902419191857585e-16,5.696880944137192e-16
7713,5.33485104777724e-13,5.784252516485015e-16,5.576472409744737e-16
7714,5.399523990349357e-13,6.021342992372661e-16,5.803696399484861e-16
7715,5.539314749411891e-13,6.176772116274237e-16,5.986359852780517e-16
7716,5.496161623199828e-13,5.922495378004388e-16,5.719711613592592e-16
7717,5.662100660778663e-13,6.273731282007175e-16,6.080901020120576e-16
7718,5.661472599743517e-13,6.245812749398931e-16,6.048379821838789e-16
7719,5.512337038138183e-13,5.827143089790703e-16,5.639681652655911e-16
7720,5.688685091593114e-13,6.24216899692961e-16,6.048422556698317e-16
7721,5.521107852250517e-13,5.816497743344083e-16,5.611143736763612e-16
7722,5.525438355264305e-13,6.027237961771431e-16,5.834671988818818e-16
7723,5.649172426083499e-13,6.208584193930721e-16,6.012132005410687e-16
7724,5.410783193983942e-13,5.678703178951583e-16,5.486813793545793e-16
7725,5.36823646548917e-13,5.737648897213207e-16,5.535952298806503e-16
7726,5.34080586728895e-13,5.661072137241668e-16,5.45699571324471e-16
7727,5.517750596846709e-13,6.067473032065165e-16,5.865649877548756e-16
7728,5.684075415308668e-13,6.153852896989717e-16,5.966927300846264e-16
7729,5.632698251076686e-13,5.969013831569326e-16,5.771424009422041e-16
7730,5.611622859421845e-13,6.049000925169548e-16,5.853240557806366e-16
7731,5.67576543441295e-13,5.968324014308439e-16,5.781740673224064e-16
7732,5.642397449219118e-13,6.108802132382971e-16,5.924773640889515e-16
7733,5.473967759610123e-13,5.662601959063459e-16,5.470749471983e-16
7734,5.413458320079892e-13,5.714804552444006e-16,5.520149960720758e-16
7735,5.556168111715743e-13,5.978429499611504e-16,5.79545941011322e-16
7736,5.562915446532144e-13,5.940984340826504e-16,5.750141155089733e-16
7737,5.611142181665464e-13,6.059937954898207e-16,5.882617749143372e-16
7738,5.638629919497185e-13,6.041759170268076e-16,5.861569061987028e-16
7739,5.43974228295483e-13,5.541999850425215e-16,5.357019870891709e-16
7740,5.336485664885091e-13,5.414125887162385e-16,5.213999452917378e-16
7741,5.385502381377067e-13,5.735598200636631e-16,5.549439037629366e-16
7742,5.602981303214553e-13,5.942710912058664e-16,5.758479368513085e-16
7743,5.569788349921497e-13,5.813141023812562e-16,5.626753013938047e-16
7744,5.510909200842006e-13,5.667470112403646e-16,5.473021803158579e-16
7745,5.387786512470879e-13,5.44137316127298e-16,5.246305053137616e-16
7746,5.323402724423436e-13,5.297943086434951e-16,5.099379107278274e-16
7747,5.319247434682595e-13,5.41078870602743e-16,5.212642951550231e-16
7748,5.524028850375589e-13,5.81753051676942e-16,5.627345888851903e-16
7749,5.400285520142155e-13,5.421240491778011e-16,5.233221169494825e-16
7750,5.396762210049357e-13,5.65917293439354e-16,5.458737949886584e-16
7751,5.512860225632991e-13,5.802900748186816e-16,5.620955413394324e-16
7752,5.608620109347773e-13,5.829832773858279e-16,5.648977589958936e-16
7753,5.52896773466835e-13,5.546975569946719e-16,5.368298778843478e-16
7754,5.593948433548095e-13,5.806300112582804e-16,5.623560674958775e-16
7755,5.616263668148341e-13,5.763815446657525e-16,5.578667264487368e-16
7756,5.662273995593268e-13,5.7870644426365e-16,5.607255740287412e-16
7757,5.696340679229617e-13,5.795828443555502e-16,5.624070952223738e-16
7758,5.47610622994982e-13,5.343533434269473e-16,5.162524212936201e-16
7759,5.393991581962139e-13,5.312889299308447e-16,5.12951994844854e-16
7760,5.36808329696558e-13,5.225328048433757e-16,5.041606339751174e-16
7761,5.294492870413226e-13,5.153939685102422e-16,4.962985471799593e-16
7762,5.409664296235146e-13,5.624511417732081e-16,5.43419788286548e-16
7763,5.416475557922655e-13,5.455332020905346e-16,5.260465104854192e-16
7764,5.417202513013844e-13,5.398684481086451e-16,5.211587305299735e-16
7765,5.615160593603835e-13,5.689625698284797e-16,5.510584323657896e-16
7766,5.585931415581056e-13,5.555587321278082e-16,5.377173683073988e-16
7767,5.612658288796707e-13,5.650359711256988e-16,5.477357273430165e-16
7768,5.660518407055591e-13,5.656171652060555e-16,5.470369932227753e-16
7769,5.625356231369604e-13,5.67026218371781e-16,5.489113270434532e-16
7770,5.613218410213544e-13,5.482487221164284e-16,5.311084204409971e-16
7771,5.654640770490053e-13,5.650138239134807e-16,5.482794602889273e-16
7772,5.583815428373603e-13,5.460826599038366e-16,5.276734453447137e-16
7773,5.540314109306765e-13,5.491538216933713e-16,5.326568673173612e-16
7774,5.364080936633703e-13,5.095884929984053e-16,4.918825506836957e-16
7775,5.596775819844622e-13,5.625832503195554e-16,5.458751026441974e-16
7776,5.489369409365709e-13,5.257475096045788e-16,5.091931389262658e-16
7777,5.390850615959182e-13,5.213985234298792e-16,5.036404227995912e-16
7778,5.322997732290377e-13,5.021464008586145e-16,4.841219897460676e-16
7779,5.460424585057773e-13,5.482823250316435e-16,5.29843133287456e-16
7780,5.591720002261154e-13,5.586473180512672e-16,5.424286487136794e-16
7781,5.576088509409848e-13,5.465139854820392e-16,5.295733091965131e-16
7782,5.327789013777644e-13,5.007729208094099e-16,4.835484941452927e-16
7783,5.296939819436149e-13,4.899865596441158e-16,4.716938462644968e-16
7784,5.279157349925192e-13,5.094661509084711e-16,4.920271009460068e-16
7785,5.580046510300642e-13,5.567729119652169e-16,5.403197702218297e-16
7786,5.565837749679848e-13,5.292077698328768e-16,5.107833051608847e-16
7787,5.420870783285241e-13,5.128826934134549e-16,4.963064693021833e-16
7788,5.345667106602497e-13,5.000109680824679e-16,4.824929965468277e-16
7789,5.429590081507337e-13,5.314331381801263e-16,5.136837970360763e-16
7790,5.307439428253018e-13,4.943570112056112e-16,4.769831106229081e-16
7791,5.462716129305035e-13,5.326731929665679e-16,5.158645766596651e-16
7792,5.44433292591853e-13,5.122865225559058e-16,4.949085625115316e-16
7793,5.347733141000934e-13,4.990568499870206e-16,4.822737667191757e-16
7794,5.354074362795338e-13,5.146454951872861e-16,4.957964947554389e-16
7795,5.376323834867254e-13,5.157730545806662e-16,4.970132648920985e-16
7796,5.478899993029183e-13,5.263153142057464e-16,5.096272555421493e-16
7797,5.518437119941653e-13,5.220742508490326e-16,5.04422295293803e-16
7798,5.326428993919659e-13,4.887633651960193e-16,4.71900189492003e-16
7799,5.309163642798164e-13,4.820929972386978e-16,4.645958998571254e-16
7800,5.331890102696607e-13,5.089071303050352e-16,4.92279722589209e-16
7801,5.428027710514342e-13,5.107387332630397e-16,4.942937391009947e-16
7802,5.347307551907243e-13,4.994904267214025e-16,4.831156085421102e-16
7803,5.281215628167612e-13,4.812338667339491e-16,4.642866869304797e-16
7804,5.251458937302647e-13,4.772100984114642e-16,4.602202404410518e-16
7805,5.583494285625147e-13,5.378694318639914e-16,5.220547091447232e-16
7806,5.620489987876321e-13,5.291858792461531e-16,5.128662908653994e-16
7807,5.578985214311654e-13,5.150622792378334e-16,4.985809917684821e-16
7808,5.522239145549685e-13,5.034152636896129e-16,4.875908066961545e-16
7809,5.321464772200774e-13,4.651032245178253e-16,4.479562706127459e-16
7810,5.576612915454361e-13,5.2668597251855e-16,5.105269127899175e-16
7811,5.501951856362586e-13,4.968809671887162e-16,4.807971099301102e-16
7812,5.337180771113863e-13,4.698459019869985e-16,4.534626577301423e-16
7813,5.401228221471583e-13,4.962497796726947e-16,4.783870744646881e-16
7814,5.58558955420469e-13,5.221283322002098e-16,5.063873150304451e-16
7815,5.541702854189748e-13,4.974360777885418e-16,4.816564927277277e-16
7816,5.350302441961681e-13,4.755883180593793e-16,4.593182575051495e-16
7817,5.454893691468921e-13,5.10803686886153e-16,4.939916719929652e-16
7818,5.487710732001446e-13,4.98691863742374e-16,4.832529563394608e-16
7819,5.611274905805878e-13,5.195457542315424e-16,5.034960963020426e-16
7820,5.45524923639544e-13,4.812298808255699e-16,4.656419321115652e-16
7821,5.335809079009947e-13,4.707345264266836e-16,4.547870603453034e-16
7822,5.466531041804559e-13,5.080183312868402e-16,4.915884208742885e-16
7823,5.437189021673474e-13,4.895839619153236e-16,4.721765797083479e-16
7824,5.252287044444003e-13,4.594309791211591e-16,4.429986240343583e-16
7825,5.467750788947186e-13,5.036454606625005e-16,4.875864804405342e-16
7826,5.315816412118912e-13,4.587357725658196e-16,4.423211658301673e-16
7827,5.248011266176785e-13,4.638219022748699e-16,4.479365027908944e-16
7828,5.503964220842546e-13,5.121924229807193e-16,4.970094602632771e-16
7829,5.427217326949881e-13,4.714794268730769e-16,4.563318387205253e-16
7830,5.458882842721482e-13,4.947580357616224e-16,4.793371741080233e-16
7831,5.536169052961063e-13,4.966334832856503e-16,4.804012265768334e-16
7832,5.348101063436473e-13,4.633160400206788e-16,4.472907677386919e-16
7833,5.500092869085142e-13,5.017092856621297e-16,4.871606936048964e-16
7834,5.498111856621495e-13,4.80566313008267e-16,4.657151227171529e-16
7835,5.622660087591562e-13,5.052639784289017e-16,4.909586756357072e-16
7836,5.580200678146677e-13,4.956651245651837e-16,4.81758399689347e-16
7837,5.623265766392549e-13,5.048474465769851e-16,4.906548283888122e-16
7838,5.596254227854394e-13,4.937859465598102e-16,4.785134476368604e-16
7839,5.33172364738197e-13,4.42889359131783e-16,4.272498930737621e-16
7840,5.507325022084071e-13,4.965575878629213e-16,4.813488194063638e-16
7841,5.528793227524854e-13,4.809884421804623e-16,4.660150315799307e-16
7842,5.346953382737105e-13,4.462953902321661e-16,4.311501484824951e-16
7843,5.271847176170869e-13,4.594577204260963e-16,4.435252393887892e-16
7844,5.37561787986169e-13,4.732010127871021e-16,4.57876939167158e-16
7845,5.523934462864923e-13,4.934320631711834e-16,4.789475143162893e-16
7846,5.535780040152249e-13,4.703054819377638e-16,4.55967555653086e-16
7847,5.615561217918155e-13,4.943442158899948e-16,4.803644373589068e-16
7848,5.562258520519015e-13,4.744077727368437e-16,4.595544935784406e-16
7849,5.311381207043629e-13,4.344495827867554e-16,4.193450445168852e-16
7850,5.276504392670177e-13,4.276502732825665e-16,4.111949766930107e-16
7851,5.208449197532577e-13,4.33639083542748e-16,4.18122332936155e-16
7852,5.460019376024119e-13,4.869368163371542e-16,4.730215979277104e-16
7853,5.356791869584701e-13,4.461296028147155e-16,4.315014646282144e-16
7854,5.375295266612424e-13,4.619875889732629e-16,4.472448790822278e-16
7855,5.262647803305574e-13,4.279713729863542e-16,4.129166948042977e-16
7856,5.520260396271579e-13,4.872990511123943e-16,4.736450688675519e-16
7857,5.589181235743505e-13,4.801607665968942e-16,4.6211789385128e-16
7858,5.470469367322383e-13,4.523931226675844e-16,4.384914339292159e-16
7859,5.309327333549708e-13,4.293240639630643e-16,4.144243687990497e-16
7860,5.373902555168909e-13,4.48695190712459e-16,4.318314709067975e-16
7861,5.334047846696037e-13,4.505557462038853e-16,4.346974388336117e-16
7862,5.232015112136774e-13,4.211270483014741e-16,4.054869063745819e-16
7863,5.200264767316588e-13,4.168232469951576e-16,4.011419556703489e-16
7864,5.277626628946243e-13,4.542251166085617e-16,4.398853134389115e-16
7865,5.47430508851898e-13,4.75672900353427e-16,4.613383401570905e-16
7866,5.330972170606965e-13,4.291980798374357e-16,4.148046989421721e-16
7867,5.394385492395552e-13,4.579879408325383e-16,4.441537493945452e-16
7868,5.260789460262864e-13,4.23266722256321e-16,4.082526994637868e-16
7869,5.20841092733944e-13,4.115338274348828e-16,3.960184670687248e-16
7870,5.310865394913222e-13,4.546523160631359e-16,4.403291774574421e-16
7871,5.519092784085678e-13,4.676591103763257e-16,4.530635227074122e-16
7872,5.408971814981461e-13,4.434421024806475e-16,4.277997100298796e-16
7873,5.404955042071601e-13,4.440668230743166e-16,4.281997307484048e-16
7874,5.280062972615712e-13,4.126826863493005e-16,3.976264640118221e-16
7875,5.304591079647261e-13,4.36276033149736e-16,4.214123219748427e-16
7876,5.416675090876066e-13,4.524212970961277e-16,4.390114723456099e-16
7877,5.238286490810867e-13,4.081927621078691e-16,3.937055387908152e-16
7878,5.256013329023544e-13,4.109209086598666e-16,3.961154855809215e-16
7879,5.183478844897137e-13,4.119395428189008e-16,3.96879548135377e-16
7880,5.47756506559152e-13,4.669288652225648e-16,4.532040498400952e-16
7881,5.38885392568061e-13,4.204221477050468e-16,4.062296128649932e-16
7882,5.412109222738706e-13,4.498675803697623e-16,4.351753813644733e-16
7883,5.295968807834714e-13,4.11355189844406e-16,3.970799278202356e-16
7884,5.253631152111615e-13,4.130318814776753e-16,3.982311613538308e-16
7885,5.387478546269169e-13,4.519639054205224e-16,4.383917253419356e-16
7886,5.514893352007332e-13,4.512891070358789e-16,4.369506931286644e-16
7887,5.261934010679043e-13,4.037310180914266e-16,3.892009932524908e-16
7888,5.223830324573107e-13,4.159955647367857e-16,4.017581241321695e-16
7889,5.510832628371362e-13,4.580265784351176e-16,4.443182913215306e-16
7890,5.365243398711535e-13,4.13623549174862e-16,3.998267840350851e-16
7891,5.349462801174401e-13,4.299982162254804e-16,4.159032304557332e-16
7892,5.303837097849105e-13,4.119769739493364e-16,3.982751010354205e-16
7893,5.218453565482284e-13,3.933202427975966e-16,3.789097407116279e-16
7894,5.537712834364449e-13,4.593720865336757e-16,4.460178854200635e-16
7895,5.571140419666318e-13,4.391807888837674e-16,4.255375412202106e-16
7896,5.360371608725603e-13,4.098983169622505e-16,3.953418784173727e-16
7897,5.416457943251646e-13,4.394375474085569e-16,4.248487914256756e-16
7898,5.447613260849397e-13,4.323660171158682e-16,4.195378379931984e-16
7899,5.300666979032191e-13,3.960385426652301e-16,3.821509317269699e-16
7900,5.226473207462985e-13,3.882244790622023e-16,3.734117234910154e-16
7901,5.282829478092541e-13,4.308082734127594e-16,4.171172119165596e-16
7902,5.401589328906427e-13,4.287409846654336e-16,4.141356755605773e-16
7903,5.417821998060808e-13,4.280056990269471e-16,4.115880852091859e-16
7904,5.492127308140754e-13,4.387315949410599e-16,4.261975059970621e-16
7905,5.535270499078013e-13,4.459559932775301e-16,4.326841739822465e-16
7906,5.565039171813676e-13,4.403801295824173e-16,4.269582311746845e-16
7907,5.525306235906983e-13,4.374043572234003e-16,4.243980577375839e-16
7908,5.56076253156794e-13,4.371670659030806e-16,4.248935162116428e-16
7909,5.404472434882785e-13,4.180466739780126e-16,4.032899304083456e-16
7910,5.323977396944487e-13,4.103573477287793e-16,3.971766709333728e-16
7911,5.40782399512316e-13,4.271274993177442e-16,4.146246382991817e-16
7912,5.245630467157384e-13,3.839756372719322e-16,3.704626513299524e-16
7913,5.349055582510255e-13,4.244348943671375e-16,4.115517090026659e-16
7914,5.366740347414984e-13,4.110570720853499e-16,3.9854870421674e-16
7915,5.540641063871322e-13,4.369143149591831e-16,4.244634190873312e-16
7916,5.47979090010514e-13,4.323259562290086e-16,4.190369071172244e-16
7917,5.247682871413556e-13,3.80532306987561e-16,3.671742577069038e-16
7918,5.527508533851485e-13,4.390540650434284e-16,4.259291132741885e-16
7919,5.524286272083347e-13,4.225418382180366e-16,4.100074668182387e-16
7920,5.50055686438055e-13,4.185365686478148e-16,4.048922468649255e-16
7921,5.310768654448048e-13,3.882127971833906e-16,3.751255758913637e-16
7922,5.199345836166813e-13,3.751918999792032e-16,3.61624667774935e-16
7923,5.35368329045583e-13,4.2082487461751e-16,4.071958980637621e-16
7924,5.390563724523865e-13,4.003972099179156e-16,3.875283293418432e-16
7925,5.439761777445282e-13,4.169988940189309e-16,4.035000481150526e-16
7926,5.379414591173525e-13,4.036331191897468e-16,3.893179656117902e-16
7927,5.472139866670364e-13,4.188438960085739e-16,4.061619779203946e-16
7928,5.477278477259102e-13,4.126806952541225e-16,3.988820936959425e-16
7929,5.377453491627872e-13,3.947216806131148e-16,3.824323896662712e-16
7930,5.475773892061499e-13,4.205331882210571e-16,4.082877866712386e-16
7931,5.533625614237274e-13,4.28065020058155e-16,4.164620675441295e-16
7932,5.569423081930364e-13,4.193296472372596e-16,4.074576305308925e-16
7933,5.520146146048843e-13,4.1364129231033e-16,4.016084565150869e-16
7934,5.344399659959069e-13,3.846843402592047e-16,3.713505174977149e-16
7935,5.255479777241869e-13,3.826439086741476e-16,3.695876066030625e-16
7936,5.502004263558117e-13,4.239517945054183e-16,4.113578560992164e-16
7937,5.267988051324502e-13,3.676153715025191e-16,3.549605066612427e-16
7938,5.228120477720795e-13,3.628193872687291e-16,3.495444509098234e-16
7939,5.288139860195579e-13,4.073523150209434e-16,3.947450558914417e-16
7940,5.486222128659326e-13,4.064650028323952e-16,3.943810456278528e-16
7941,5.389342081036511e-13,3.890255887388979e-16,3.770575527267686e-16
7942,5.218754769451926e-13,3.610814741795771e-16,3.480729551383111e-16
7943,5.287776935836404e-13,4.005007929518875e-16,3.881575070985946e-16
7944,5.308593200111885e-13,3.781998774866909e-16,3.65764499438761e-16
7945,5.368900384412088e-13,3.987930563349356e-16,3.846710652408183e-16
7946,5.46702053567977e-13,4.079489874478093e-16,3.944673165168925e-16
7947,5.47397657730682e-13,4.062486165000073e-16,3.936852631029606e-16
7948,5.366646211083864e-13,3.823233629903403e-16,3.696513460505638e-16
7949,5.455883173370353e-13,4.046947805906884e-16,3.910125639727326e-16
7950,5.449517709680133e-13,4.0280920383676e-16,3.903408923299913e-16
7951,5.319028389136563e-13,3.676139032353222e-16,3.552230257867083e-16
7952,5.237273392320552e-13,3.597490226355262e-16,3.466242986921624e-16
7953,5.170667305178231e-13,3.61124571768284e-16,3.484869093977883e-16
7954,5.143760415205371e-13,3.62680155957152e-16,3.498991747891909e-16
7955,5.311214502145698e-13,3.92988126720986e-16,3.803941431639313e-16
7956,5.46577087293022e-13,4.071051469241035e-16,3.953135354957836e-16
7957,5.413845338608327e-13,3.80424197931745e-16,3.689325054150734e-16
7958,5.291228906623383e-13,3.692548098666564e-16,3.572371951547836e-16
7959,5.336395582440612e-13,3.766395566101497e-16,3.627429050486469e-16
7960,5.325383170420125e-13,3.81670627599605e-16,3.69765832417785e-16
7961,5.303414904201568e-13,3.681531200690434e-16,3.563956127790188e-16
7962,5.252791762631204e-13,3.617506871319871e-16,3.490660506720422e-16
7963,5.366303903199307e-13,3.891373757710566e-16,3.774294526763994e-16
7964,5.434039201925696e-13,4.022840285020339e-16,3.893759829797231e-16
7965,5.516799744818272e-13,4.001512640348587e-16,3.880768161711421e-16
7966,5.224371944108608e-13,3.441477440273033e-16,3.323920196439743e-16
7967,5.452613081055545e-13,4.036590905866779e-16,3.914848310372323e-16
7968,5.37619603924665e-13,3.734461117654983e-16,3.591790150912066e-16
7969,5.244500333353155e-13,3.490810220624257e-16,3.369656523398783e-16
7970,5.365909665647306e-13,3.902705884186427e-16,3.792837396548606e-16
7971,5.320238295768641e-13,3.624353183627045e-16,3.506165584402825e-16
7972,5.435077852486355e-13,3.88419808026487e-16,3.763103637772503e-16
7973,5.332618853557773e-13,3.620505170999377e-16,3.504620948043599e-16
7974,5.322597091406439e-13,3.709315696606126e-16,3.595426849674625e-16
7975,5.445966826681385e-13,3.886517983818936e-16,3.774062807289433e-16
7976,5.364102360107379e-13,3.695853438079627e-16,3.579276731717715e-16
7977,5.243057814185463e-13,3.483989199417631e-16,3.36681104630044e-16
7978,5.211957193350716e-13,3.484220562232342e-16,3.362745615454274e-16
7979,5.265158486944125e-13,3.664226627757132e-16,3.534490751458227e-16
7980,5.502492157248222e-13,3.924840710896447e-16,3.814815757621635e-16
7981,5.32706159565e-13,3.486208168548362e-16,3.371420956256675e-16
7982,5.305639120363582e-13,3.671882272528253e-16,3.548951173833022e-16
7983,5.338237021761986e-13,3.639943758886463e-16,3.525071521526269e-16
7984,5.432706014020995e-13,3.831081412635192e-16,3.720458541909173e-16
7985,5.350609543418384e-13,3.63094014616887e-16,3.498655762591996e-16
7986,5.478145171931463e-13,3.931318212978123e-16,3.816203194250947e-16
7987,5.452146641645458e-13,3.598062031250171e-16,3.488697599410499e-16
7988,5.463746709997659e-13,3.851863727620493e-16,3.741946412601211e-16
7989,5.384924413779793e-13,3.542489625622393e-16,3.432579390037715e-16
7990,5.22798132142852e-13,3.291420844427986e-16,3.174183197165474e-16
7991,5.470394775942151e-13,3.835726887944535e-16,3.724077949681313e-16
7992,5.477813556818105e-13,3.684879887131231e-16,3.577669939450072e-16
7993,5.50722624931777e-13,3.819749707241333e-16,3.701875599895726e-16
7994,5.493069267408833e-13,3.839765382732275e-16,3.725463120155467e-16
7995,5.372330221536919e-13,3.4318317082557e-16,3.323409706842669e-16
7996,5.445205083640264e-13,3.744369316137819e-16,3.631613617251883e-16
7997,5.323090181230477e-13,3.386652162793602e-16,3.276890407946105e-16
7998,5.495903277196584e-13,3.818275045401197e-16,3.714607354720375e-16
7999,5.508961087043449e-13,3.75486905016668e-16,3.64793869919372e-16
8000,5.341631312564337e-13,3.385096721825026e-16,3.278298760390052e-16
8001,5.200070037077871e-13,3.158890689734717e-16,3.036227648525558e-16
8002,5.201048812957448e-13,3.414514921035641e-16,3.306915005641592e-16
8003,5.465542090750499e-13,3.801204553623214e-16,3.700320431058926e-16
8004,5.240574744990283e-13,3.224993981698085e-16,3.115114644250036e-16
8005,5.225310296937721e-13,3.434855693059581e-16,3.323414451182978e-16
8006,5.3298672464777e-13,3.632006823813293e-16,3.496350978794757e-16
8007,5.454870809139705e-13,3.743569603982686e-16,3.641885903723516e-16
8008,5.497914743044975e-13,3.739562337353876e-16,3.633806975451471e-16
8009,5.392285878674556e-13,3.448408442768742e-16,3.34440727243262e-16
8010,5.466271671280353e-13,3.663892016985949e-16,3.562363098302936e-16
8011,5.391414324064827e-13,3.451782885762826e-16,3.345946341736862e-16
8012,5.326315580944355e-13,3.454008754865619e-16,3.343074079830607e-16
8013,5.221267704795074e-13,3.314509422551447e-16,3.20306096801282e-16
8014,5.408099176448279e-13,3.692064215488155e-16,3.597683229563133e-16
8015,5.203555657452715e-13,3.151366091009066e-16,3.0441547531368e-16
8016,5.437243970963631e-13,3.709446634902029e-16,3.606481847320046e-16
8017,5.357318070726047e-13,3.44321711583173e-16,3.322297224838954e-16
8018,5.189379037309551e-13,3.044674622635851e-16,2.930293581411547e-16
8019,5.162071953674871e-13,3.242407011818014e-16,3.126498257683217e-16
8020,5.254110723041027e-13,3.396355180712998e-16,3.268411166210675e-16
8021,5.241643859328136e-13,3.34136366995334e-16,3.235504226560589e-16
8022,5.375987205752298e-13,3.56413597246509e-16,3.454440328099706e-16
8023,5.228064895385744e-13,3.180342455617657e-16,3.07228661037393e-16
8024,5.209835517626809e-13,3.281211873834237e-16,3.168026370214155e-16
8025,5.401534310785205e-13,3.610784961978213e-16,3.499847114433884e-16
8026,5.436582084380933e-13,3.562879493222111e-16,3.459103446572483e-16
8027,5.39597308084231e-13,3.505206757426488e-16,3.399992387114271e-16
8028,5.229910005916997e-13,3.095924013580673e-16,2.989750368495502e-16
8029,5.462113875742811e-13,3.638798871209245e-16,3.539943052066955e-16
8030,5.324548613158055e-13,3.341823830486042e-16,3.221016733838325e-16
8031,5.420561433434233e-13,3.558287560334542e-16,3.462829716208709e-16
8032,5.191734088002196e-13,3.020472534271673e-16,2.914089205205272e-16
8033,5.14243529655053e-13,3.042618072924629e-16,2.933265244159766e-16
8034,5.123376217494326e-13,3.056690197450529e-16,2.943764651813582e-16
8035,5.151403497164734e-13,3.154700559207212e-16,3.042744124957589e-16
8036,5.33316418106814e-13,3.528861662905314e-16,3.430436059139761e-16
8037,5.175646095757491e-13,3.03558901958512e-16,2.928071936920386e-16
8038,5.138058319084444e-13,2.961168839908385e-16,2.845195174603192e-16
8039,5.107081754837531e-13,3.017190971699995e-16,2.898421827312893e-16
8040,5.098466422010941e-13,2.963512503230567e-16,2.850881641946255e-16
8041,5.076035934220819e-13,2.899515325344784e-16,2.783811227874751e-16
8042,5.063760975184921e-13,2.878768006369142e-16,2.757881311889353e-16
8043,5.371283376368555e-13,3.567470633003876e-16,3.458130791370781e-16
8044,5.318196481337304e-13,3.108550223616513e-16,3.000410070494081e-16
8045,5.385326662825379e-13,3.460241211775001e-16,3.354034269214098e-16
8046,5.185221134362026e-13,2.964837960523736e-16,2.858186323004899e-16
8047,5.221327341433444e-13,3.264727429604097e-16,3.157937265974889e-16
8048,5.145270151496728e-13,2.934187869017169e-16,2.828202840803446e-16
8049,5.143563812782488e-13,2.980787354953861e-16,2.876197365579205e-16
8050,5.35201639589473e-13,3.493915448305527e-16,3.398471653881256e-16
8051,5.376006605705259e-13,3.30014341586613e-16,3.183213397020595e-16
8052,5.366731626879721e-13,3.351696367589048e-16,3.241889110463941e-16
8053,5.387604531488954e-13,3.389255759310454e-16,3.285010608906303e-16
8054,5.446910247657594e-13,3.343979795570284e-16,3.25105290829958e-16
8055,5.486233540473229e-13,3.499348251600453e-16,3.402696976413194e-16
8056,5.457811219623542e-13,3.456991946063741e-16,3.36248618679793e-16
8057,5.500526388695859e-13,3.340115139629028e-16,3.241041110038435e-16
8058,5.283130640202096e-13,3.049657913121939e-16,2.950915513412408e-16
8059,5.210878086065381e-13,3.041816561480933e-16,2.941747923585335e-16
8060,5.406703735126607e-13,3.370243698184739e-16,3.26880143656066e-16
8061,5.22659324749393e-13,3.00624623531663e-16,2.900063330607576e-16
8062,5.282513710430541e-13,3.289507329837727e-16,3.193632380457574e-16
8063,5.375202347845398e-13,3.232465827529603e-16,3.121183935214991e-16
8064,5.348944042950345e-13,3.234269436115542e-16,3.143752494495518e-16
8065,5.187889103953025e-13,2.831429231385838e-16,2.727336408600042e-16
8066,5.402185762285035e-13,3.424294221422056e-16,3.329046508183575e-16
8067,5.461767779542829e-13,3.279533801656498e-16,3.186542285367746e-16
8068,5.409078221120591e-13,3.182525888758282e-16,3.09072807385025e-16
8069,5.490294831869085e-13,3.384794200101479e-16,3.292682425087149e-16
8070,5.470427018600747e-13,3.33567763157063e-16,3.245933098531473e-16
8071,5.473608232534538e-13,3.399924536342719e-16,3.313660852757753e-16
8072,5.211304721494755e-13,2.819092610683407e-16,2.720755255547494e-16
8073,5.160465780382367e-13,2.85184155732842e-16,2.746410211211394e-16
8074,5.338032629526245e-13,3.32247233531571e-16,3.234123446858866e-16
8075,5.425309258861663e-13,3.38830362862145e-16,3.296425498758169e-16
8076,5.492872176091906e-13,3.339196172292194e-16,3.257515989277736e-16
8077,5.459632529498298e-13,3.309937432805971e-16,3.222995984885651e-16
8078,5.493363708656346e-13,3.286072414481848e-16,3.203686912897632e-16
8079,5.225533646691006e-13,2.833592864626415e-16,2.735000116792742e-16
8080,5.33996700336662e-13,3.243394328966793e-16,3.147746235815688e-16
8081,5.257813005718069e-13,2.902047224784638e-16,2.802417287835218e-16
8082,5.434778259062615e-13,3.328777513371174e-16,3.22664867254371e-16
8083,5.349587996369923e-13,2.971839428387535e-16,2.878274164246565e-16
8084,5.377242033602579e-13,3.264129976588956e-16,3.170052011258272e-16
8085,5.166670636426158e-13,2.762571159971744e-16,2.665799803259149e-16
8086,5.123590647787799e-13,2.869956335469772e-16,2.765403499960667e-16
8087,5.177483096885665e-13,2.922208040710079e-16,2.822404222833147e-16
8088,5.169692855268477e-13,2.764951899739177e-16,2.664195430483576e-16
8089,5.405329735821308e-13,3.252789900714609e-16,3.150946140822602e-16
8090,5.392991633823007e-13,3.183350186771613e-16,3.090673799186665e-16
8091,5.336540303441468e-13,3.082496665287391e-16,2.962084494638523e-16
8092,5.244321659940964e-13,2.833154758543852e-16,2.735888539805219e-16
8093,5.154872555378522e-13,2.685130778765733e-16,2.583152987748495e-16
8094,5.161492225862641e-13,2.901534211820506e-16,2.801644403322706e-16
8095,5.410872405901144e-13,3.2805524332083e-16,3.197871319895873e-16
8096,5.45254688214467e-13,3.089449693692323e-16,3.005332619136699e-16
8097,5.38580631487126e-13,3.10382983461932e-16,3.010457468878379e-16
8098,5.439524449621328e-13,3.233768476223758e-16,3.146657319210014e-16
8099,5.457937814590487e-13,3.167317288486097e-16,3.070208549261898e-16
8100,5.212024492684803e-13,2.690573798331683e-16,2.593754932549729e-16
8101,5.416494541335544e-13,3.231957562003029e-16,3.137738128386612e-16
8102,5.410432807352502e-13,3.074564428036156e-16,2.980026831075384e-16
8103,5.461631343490148e-13,3.212892786055696e-16,3.118153297677954e-16
8104,5.272326183689179e-13,2.826859086181918e-16,2.73426177349006e-16
8105,5.448930397271841e-13,3.229644002620446e-16,3.142585110808413e-16
8106,5.450794674444132e-13,3.219965165308124e-16,3.132050950454877e-16
8107,5.341347677231466e-13,2.886468270539652e-16,2.79772882519102e-16
8108,5.273018094755825e-13,2.959888322585306e-16,2.874575828680756e-16
8109,5.411550456080654e-13,3.173812196568311e-16,3.081486014229541e-16
8110,5.497719975675794e-13,3.087521354945146e-16,3.002053085012681e-16
8111,5.360749019776365e-13,2.962153145718033e-16,2.87963592802808e-16
8112,5.179976038489806e-13,2.585422906247253e-16,2.492457281262299e-16
8113,5.13304444108175e-13,2.559635548925736e-16,2.45993678957395e-16
8114,5.173817571712411e-13,2.865930849255095e-16,2.779022092630796e-16
8115,5.073541661339853e-13,2.555716217555505e-16,2.456928836274302e-16
8116,5.404964506430472e-13,3.198787241289632e-16,3.114138200961011e-16
8117,5.262797187196518e-13,2.667542102954956e-16,2.577368710585773e-16
8118,5.166007187155354e-13,2.75625036671252e-16,2.663248825169129e-16
8119,5.398644607406923e-13,3.163906208204217e-16,3.077563537220455e-16
8120,5.44159096351279e-13,3.01208653703066e-16,2.924573245520817e-16
8121,5.294865384641058e-13,2.707959959018045e-16,2.616628079590916e-16
8122,5.372178637186428e-13,3.072874653326688e-16,2.981900526039544e-16
8123,5.142465386112382e-13,2.56039003400643e-16,2.4691573452859e-16
8124,5.157373283532448e-13,2.816794339017734e-16,2.725861006828982e-16
8125,5.355380464610471e-13,3.022616627942846e-16,2.937413814610421e-16
8126,5.417734618700343e-13,3.05692198690706e-16,2.966991173304475e-16
8127,5.457507371199131e-13,3.099610057539931e-16,3.015619521034021e-16
8128,5.479945456545394e-13,3.045316572082767e-16,2.960971523409159e-16
8129,5.211342847507096e-13,2.566644010752017e-16,2.476951474517002e-16
8130,5.284741665538987e-13,2.956038634335168e-16,2.865247471061589e-16
8131,5.373904619996196e-13,2.985861347277877e-16,2.890810428687602e-16
8132,5.409139341125181e-13,3.081710333498738e-16,2.997863986599635e-16
8133,5.46498832071094e-13,3.005797193406203e-16,2.91770337698842e-16
8134,5.248149143312911e-13,2.582090645048554e-16,2.493999577642422e-16
8135,5.193075457238622e-13,2.634869036141669e-16,2.542111423543073e-16
8136,5.383608356871103e-13,3.053137347701117e-16,2.969437431024396e-16
8137,5.43865689394488e-13,3.038044810152592e-16,2.954572298943605e-16
8138,5.34015661580288e-13,2.826737789126711e-16,2.724915500726799e-16
8139,5.149128714680311e-13,2.447855102354272e-16,2.352664582613087e-16
8140,5.336986415241664e-13,3.035955772330302e-16,2.91510516319726e-16
8141,5.44596227520635e-13,3.041129126070154e-16,2.956969463031945e-16
8142,5.166065692444601e-13,2.471872119511631e-16,2.383135440980302e-16
8143,5.41416912294347e-13,3.07212615371377e-16,2.996462162216624e-16
8144,5.299238632946491e-13,2.669227578837572e-16,2.58223263501926e-16
8145,5.268217207377336e-13,2.808458552644452e-16,2.729494429894422e-16
8146,5.379928722915971e-13,2.998000247766551e-16,2.925614115374866e-16
8147,5.379185341096235e-13,2.852867142519818e-16,2.775290916919141e-16
8148,5.425778239122835e-13,2.936675605381753e-16,2.844104463365023e-16
8149,5.145855473973235e-13,2.47310300067757e-16,2.38948553984894e-16
8150,5.336754010304569e-13,2.965752580263144e-16,2.876850584684478e-16
8151,5.378940237534563e-13,2.934274966123249e-16,2.85352195286373e-16
8152,5.411481620054405e-13,2.968067202780871e-16,2.887574073665622e-16
8153,5.208074887064923e-13,2.46918125923064e-16,2.389219315336838e-16
8154,5.112788240583547e-13,2.326389372599338e-16,2.227641782647648e-16
8155,5.357233253485414e-13,2.964903481957984e-16,2.883331799057763e-16
8156,5.430035903948075e-13,2.944031973840099e-16,2.862911647215768e-16
8157,5.428512209618699e-13,2.951942322911541e-16,2.865314692458226e-16
8158,5.269390856910858e-13,2.561626678106559e-16,2.477329628085761e-16
8159,5.183990515685761e-13,2.587830127586573e-16,2.499620871091131e-16
8160,5.272957586667353e-13,2.846148368757203e-16,2.76041252084112e-16
8161,5.377424280741064e-13,2.790797792383239e-16,2.705804637387959e-16
8162,5.389854494010569e-13,2.924637811312636e-16,2.845769187513665e-16
8163,5.339058775111627e-13,2.663612147997101e-16,2.589115851093699e-16
8164,5.149023387879425e-13,2.398150793456167e-16,2.314517577261676e-16
8165,5.410803860256043e-13,2.950524337934145e-16,2.876622766248274e-16
8166,5.187020517058914e-13,2.381946990652312e-16,2.298741268877246e-16
8167,5.12532872383317e-13,2.469454663400963e-16,2.378935285897e-16
8168,5.060590065373123e-13,2.278722421601072e-16,2.185066494536914e-16
8169,5.190129961381858e-13,2.802764536088881e-16,2.726807277415742e-16
8170,5.356202235368515e-13,2.89966242932743e-16,2.820801368918766e-16
8171,5.124176637331646e-13,2.355724607988684e-16,2.271797617130487e-16
8172,5.070554036530086e-13,2.300830490900856e-16,2.207665425479836e-16
8173,5.036838034825887e-13,2.278022104873295e-16,2.180262684766703e-16
8174,5.005629063006029e-13,2.29510031731473e-16,2.203138008232577e-16
8175,5.254967847124077e-13,2.856142864679902e-16,2.775521524554423e-16
8176,5.419221841343529e-13,2.782018723274715e-16,2.706764859382306e-16
8177,5.157218188464633e-13,2.304896480849455e-16,2.215674263553549e-16
8178,5.290419938632096e-13,2.808466991440698e-16,2.727124065552787e-16
8179,5.414546595569047e-13,2.837670632319712e-16,2.759492275475587e-16
8180,5.175023360711501e-13,2.299812733670525e-16,2.216050644543936e-16
8181,5.375957318756919e-13,2.867606676544527e-16,2.79216714003796e-16
8182,5.171067777913946e-13,2.311717131060619e-16,2.226992771471688e-16
8183,5.229456910689264e-13,2.668627212971015e-16,2.586998554758097e-16
8184,5.369784549760604e-13,2.814668137449139e-16,2.7291998040323e-16
8185,5.433579753252184e-13,2.758217083052641e-16,2.684175143085723e-16
8186,5.412221407063556e-13,2.835110114135945e-16,2.755452572460959e-16
8187,5.457263284263228e-13,2.823592107986022e-16,2.745556103308708e-16
8188,5.424773012979597e-13,2.694732275901858e-16,2.624211913980012e-16
8189,5.356723667831777e-13,2.648930404294449e-16,2.573702502661814e-16
8190,5.372780941617808e-13,2.841819147150283e-16,2.765596345648423e-16
8191,5.431101898176978e-13,2.76101253392909e-16,2.667629013652525e-16
8192,5.224142102969078e-13,2.370776187136955e-16,2.289921441127475e-16
8193,5.406036308664899e-13,2.818558978043382e-16,2.742182091791764e-16
8194,5.159425593105203e-13,2.253288737752924e-16,2.170324645178996e-16
8195,5.116911087051278e-13,2.21292971334959e-16,2.119817271787384e-16
8196,5.171896993396013e-13,2.598018882770077e-16,2.501735580454515e-16
8197,5.191130157371343e-13,2.458273911072594e-16,2.375285500503016e-16
8198,5.191952303475838e-13,2.504622459534228e-16,2.422801328274346e-16
8199,5.265034860370788e-13,2.521694228848687e-16,2.449541921576379e-16
8200,5.362720099871016e-13,2.705309639073956e-16,2.618985020415931e-16
8201,5.396579654862787e-13,2.75021151416033e-16,2.679866430880288e-16
8202,5.369879101575846e-13,2.617847025764917e-16,2.54154125673681e-16
8203,5.148303378322528e-13,2.252913235593444e-16,2.169886566607222e-16
8204,5.275566535428671e-13,2.639374847383654e-16,2.557416811931674e-16
8205,5.404424026910513e-13,2.783185404377733e-16,2.710018840079899e-16
8206,5.176062624825148e-13,2.330814487800101e-16,2.252302953188257e-16
8207,5.10988332328255e-13,2.342214402593631e-16,2.258573881014333e-16
8208,5.34939660468645e-13,2.786755368088802e-16,2.711408343624226e-16
8209,5.320470678912164e-13,2.542805911501647e-16,2.447698914188626e-16
8210,5.378142254418514e-13,2.713161395804949e-16,2.639808006273513e-16
8211,5.413290151528791e-13,2.67349357630863e-16,2.602168780061335e-16
8212,5.186555040022484e-13,2.215167936719118e-16,2.134831861699472e-16
8213,5.423995001827265e-13,2.783522235602131e-16,2.710172137321323e-16
8214,5.415593194110929e-13,2.545188326033301e-16,2.473910906805318e-16
8215,5.392970792617278e-13,2.701519437941924e-16,2.621778004434432e-16
8216,5.151015634961761e-13,2.162407362993397e-16,2.081584999158455e-16
8217,5.191652666963109e-13,2.447018959664969e-16,2.346037367551899e-16
8218,5.411760761235277e-13,2.738018481626609e-16,2.664912288046169e-16
8219,5.418271032280233e-13,2.698154110402408e-16,2.623707019355694e-16
8220,5.170843323853622e-13,2.177244243807062e-16,2.098223384164122e-16
8221,5.120834507225713e-13,2.241591138053253e-16,2.159386379015471e-16
8222,5.172520106024617e-13,2.406864701529645e-16,2.318024402395148e-16
8223,5.229398398636816e-13,2.483357496028026e-16,2.409199743760571e-16
8224,5.147675163856154e-13,2.184632296545346e-16,2.106963841999617e-16
8225,5.08820360539428e-13,2.198870390445968e-16,2.111960447623978e-16
8226,5.081425028072658e-13,2.264264663741163e-16,2.180414065533686e-16
8227,5.200722874923582e-13,2.496945609374503e-16,2.407927032450991e-16
8228,5.330380324036329e-13,2.625052312292841e-16,2.551571323758316e-16
8229,5.425789640609907e-13,2.683061373700143e-16,2.610027579088925e-16
8230,5.400179621821415e-13,2.675373013472823e-16,2.608327508978383e-16
8231,5.266603101804409e-13,2.245987706633327e-16,2.174304266992231e-16
8232,5.107077520552477e-13,2.062757756036772e-16,1.983016585827801e-16
8233,5.226081227678533e-13,2.57344858318521e-16,2.504528993299745e-16
8234,5.301231939360332e-13,2.432262790460893e-16,2.364023701802371e-16
8235,5.2587110949402e-13,2.377954151219165e-16,2.299431091092815e-16
8236,5.273368605876048e-13,2.426939340575654e-16,2.350776353424829e-16
8237,5.183053268511577e-13,2.289791385873856e-16,2.214889424419362e-16
8238,5.350112636861953e-13,2.618289446336702e-16,2.549250218187407e-16
8239,5.179093613063005e-13,2.197490361835953e-16,2.124989279946963e-16
8240,5.343198342013402e-13,2.58525618459736e-16,2.469696652530706e-16
8241,5.183221366925314e-13,2.215052550104274e-16,2.142610694942378e-16
8242,5.162902570996299e-13,2.295311044515894e-16,2.225796344320757e-16
8243,5.309174789995468e-13,2.519755968424169e-16,2.452008409536584e-16
8244,5.326313710514807e-13,2.355728111395992e-16,2.28556390506055e-16
8245,5.094812284667546e-13,2.069499072720627e-16,1.989378966212523e-16
8246,5.374523770038279e-13,2.641036154262972e-16,2.562291387609536e-16
8247,5.388893534986482e-13,2.405417114663031e-16,2.336247289397124e-16
8248,5.228734947794728e-13,2.306559476049614e-16,2.231698612255807e-16
8249,5.416474422454146e-13,2.654011544443438e-16,2.583499857303047e-16
8250,5.178877403629224e-13,2.081952247243725e-16,2.00861871407471e-16
8251,5.320516609084377e-13,2.534712454668376e-16,2.45687235298343e-16
8252,5.41253881385649e-13,2.599392066227518e-16,2.524228162250469e-16
8253,5.431564516755082e-13,2.588321025324691e-16,2.515179361394195e-16
8254,5.198078983540068e-13,2.092502131462748e-16,2.018644198346598e-16
8255,5.097935808437523e-13,1.939054040926887e-16,1.85668634826839e-16
8256,5.086126074371597e-13,2.036544294842287e-16,1.953705366741791e-16
8257,5.08898980053207e-13,2.012682252615703e-16,1.932424973251494e-16
8258,5.37712017007315e-13,2.626946049237477e-16,2.556146657923792e-16
8259,5.214201595663792e-13,2.107610004543366e-16,2.036157690686842e-16
8260,5.123408474352002e-13,2.025281616722663e-16,1.950695260337745e-16
8261,5.37676650051948e-13,2.586572787570579e-16,2.52889700958899e-16
8262,5.173677255627291e-13,2.041945417216909e-16,1.965601216873602e-16
8263,5.166225900320791e-13,2.289159554207497e-16,2.226689403421689e-16
8264,5.349859268018054e-13,2.546018804035469e-16,2.481748546799093e-16
8265,5.299128284333249e-13,2.332601271717483e-16,2.239430257541215e-16
8266,5.375205834275504e-13,2.474834678083909e-16,2.407371297086904e-16
8267,5.236788321125936e-13,2.220624974460282e-16,2.147056121885966e-16
8268,5.435634087468302e-13,2.581987130650924e-16,2.512645975412042e-16
8269,5.242128452330972e-13,2.162690293037109e-16,2.093191969825671e-16
8270,5.169956765800263e-13,2.161642755737152e-16,2.088614511902093e-16
8271,5.198654373501209e-13,2.200326920753434e-16,2.127275183497713e-16
8272,5.197251195948571e-13,2.228221608285337e-16,2.140315499208804e-16
8273,5.123646827785349e-13,2.051630818425283e-16,1.97626987646805e-16
8274,5.311289725544023e-13,2.459125566255018e-16,2.384341113886179e-16
8275,5.381853107925745e-13,2.53854051718654e-16,2.472141463748502e-16
8276,5.405428515655981e-13,2.555330275452283e-16,2.489081688312498e-16
8277,5.150210657300265e-13,1.984165079568372e-16,1.907196082084169e-16
8278,5.105989310404026e-13,2.16750621621386e-16,2.088115552555243e-16
8279,5.090552108245547e-13,2.001101177309964e-16,1.93102546608117e-16
8280,5.358607427147888e-13,2.548253754826436e-16,2.484202019341869e-16
8281,5.207254048715381e-13,2.035442934810965e-16,1.963767045407039e-16
8282,5.07519359016746e-13,1.95371093731839e-16,1.88056886579473e-16
8283,5.099388578966568e-13,2.089972172860079e-16,2.016757021967297e-16
8284,5.265308776106604e-13,2.410755775630743e-16,2.340808224166317e-16
8285,5.344044930082081e-13,2.389964888498786e-16,2.318400810215464e-16
8286,5.330597965404233e-13,2.326638020346397e-16,2.251611619149693e-16
8287,5.34556450642128e-13,2.361293938589196e-16,2.296593000607098e-16
8288,5.309951438700815e-13,2.302313370678638e-16,2.230003743715915e-16
8289,5.316795683256648e-13,2.34648059330018e-16,2.278136821294862e-16
8290,5.362925485420902e-13,2.405604731633663e-16,2.340985945564044e-16
8291,5.325194011384415e-13,2.273689065603342e-16,2.186638439585529e-16
8292,5.144026010322701e-13,1.959363190863055e-16,1.889827046067775e-16
8293,5.175223165371529e-13,2.176773147372386e-16,2.109701062366234e-16
8294,5.220298511635092e-13,2.266067048788337e-16,2.18030644188486e-16
8295,5.404012190513673e-13,2.4952910648072e-16,2.435626396334834e-16
8296,5.232210590180722e-13,1.999221477217396e-16,1.92990828190745e-16
8297,5.204147149322503e-13,2.102037318471293e-16,2.031423704129207e-16
8298,5.098733312916279e-13,1.883707671933891e-16,1.803147108811112e-16
8299,5.16191749130475e-13,2.263764165669605e-16,2.193880809737718e-16
8300,5.340871932184296e-13,2.356402896760982e-16,2.277091510489672e-16
8301,5.177606043631463e-13,2.073678004169399e-16,2.010035985941172e-16
8302,5.083788249649729e-13,1.856529404338866e-16,1.780917483415344e-16
8303,5.141367211268465e-13,2.108464772831321e-16,2.038108258632521e-16
8304,5.13884965427684e-13,2.055664288967165e-16,1.988887552999897e-16
8305,5.073303148655785e-13,1.931283701323723e-16,1.855520373734608e-16
8306,5.247262455843775e-13,2.354435066236164e-16,2.284519445774487e-16
8307,5.142681675098343e-13,1.929195401448425e-16,1.859877649666583e-16
8308,5.170132130322685e-13,2.20578491652034e-16,2.134221361853232e-16
8309,5.349477553346637e-13,2.44811088011893e-16,2.385520749197049e-16
8310,5.430690083057145e-13,2.325500531770911e-16,2.250665984370728e-16
8311,5.213584352407762e-13,2.005968766473302e-16,1.943349694654039e-16
8312,5.40482462547355e-13,2.437606374215574e-16,2.379421760033084e-16
8313,5.385000325833391e-13,2.240935052306433e-16,2.161041691377181e-16
8314,5.154862899354661e-13,1.911214282441473e-16,1.840739094003275e-16
8315,5.229922186467395e-13,2.251486330818155e-16,2.192554260882151e-16
8316,5.22466915910364e-13,2.123443014000139e-16,2.053880958398676e-16
8317,5.372289436461767e-13,2.317124221347097e-16,2.252605080457901e-16
8318,5.433704246351864e-13,2.331238414277082e-16,2.262564016154238e-16
8319,5.282380238165658e-13,2.073718228000596e-16,2.008236706650733e-16
8320,5.217342789758771e-13,1.952483734835358e-16,1.883744430425451e-16
8321,5.269360335904558e-13,2.251478961852198e-16,2.195580710515416e-16
8322,5.374209504455449e-13,2.341993894816039e-16,2.274177046129088e-16
8323,5.372347952229824e-13,2.237294201353033e-16,2.175213829030161e-16
8324,5.440495749625695e-13,2.364645775776861e-16,2.307460405167895e-16
8325,5.410163544723767e-13,2.286095742979587e-16,2.213848374479269e-16
8326,5.456764450382592e-13,2.332468151051073e-16,2.270468698991029e-16
8327,5.389154807023982e-13,2.25623618444592e-16,2.19286824408995e-16
8328,5.177572427786334e-13,1.854315760698431e-16,1.788253010450015e-16
8329,5.302940768788962e-13,2.293582730380977e-16,2.230938392682725e-16
8330,5.326839525284225e-13,2.133507547440346e-16,2.069998549894762e-16
8331,5.380344346795698e-13,2.292839485460855e-16,2.225871471525097e-16
8332,5.16578675258418e-13,1.879176286302101e-16,1.812963572390636e-16
8333,5.161201580381959e-13,1.853625618740565e-16,1.783072106974421e-16
8334,5.134566406272172e-13,1.970230110056575e-16,1.897979088604632e-16
8335,5.267211775724467e-13,2.236810347314791e-16,2.172845832135426e-16
8336,5.237775978517664e-13,2.018542857876815e-16,1.955102664769768e-16
8337,5.121723603706218e-13,1.763926347034638e-16,1.694414687770598e-16
8338,5.100387420224082e-13,1.928548487529947e-16,1.861237952375381e-16
8339,5.312562329853898e-13,2.232398340275665e-16,2.166877676913856e-16
8340,5.209121778292065e-13,2.011904576031215e-16,1.947395714551651e-16
8341,5.150766447725651e-13,1.837799092312533e-16,1.772491049005037e-16
8342,5.354421347242819e-13,2.298147042003829e-16,2.229509448467408e-16
8343,5.358997376723857e-13,2.175413705928637e-16,2.115031221122784e-16
8344,5.412866256980101e-13,2.324158443523574e-16,2.25464030406775e-16
8345,5.37514162319889e-13,2.114299942067234e-16,2.055942724761986e-16
8346,5.451740548091403e-13,2.331715292384946e-16,2.27298130299013e-16
8347,5.254695266526149e-13,1.846350356269699e-16,1.781920463640592e-16
8348,5.414606663883497e-13,2.311229126312062e-16,2.243417725135846e-16
8349,5.41457241184691e-13,2.282205483881949e-16,2.225362035691946e-16
8350,5.440918670673871e-13,2.267710933732775e-16,2.198742436913583e-16
8351,5.156610258218136e-13,1.790244761610658e-16,1.728786628568018e-16
8352,5.303623107892127e-13,2.262488141220336e-16,2.206382643017731e-16
8353,5.257416203173287e-13,1.909537554175762e-16,1.850176737752446e-16
8354,5.07263077180078e-13,1.663582371619709e-16,1.590449551032578e-16
8355,5.055550212389013e-13,1.837037340779764e-16,1.77262727472657e-16
8356,5.023004116525205e-13,1.721182830733671e-16,1.650295382187008e-16
8357,5.079086379629415e-13,1.885481282855956e-16,1.816458800516149e-16
8358,5.145514624656779e-13,1.995212596593977e-16,1.931392614320892e-16
8359,5.08951369678966e-13,1.771557965339814e-16,1.697193234842602e-16
8360,5.300372672410265e-13,2.246232604563984e-16,2.182337320219735e-16
8361,5.142806139529245e-13,1.793071178429836e-16,1.734052507392038e-16
8362,5.272929517170476e-13,2.231327039284444e-16,2.177761367132273e-16
8363,5.357618167721846e-13,2.217028421951541e-16,2.159439996625717e-16
8364,5.38775175476274e-13,2.233039030664135e-16,2.179011165240275e-16
8365,5.166694721951191e-13,1.794727601507245e-16,1.730064863435438e-16
8366,5.199230811886007e-13,1.96881965237818e-16,1.903277126243952e-16
8367,5.27711859219659e-13,2.078524046618263e-16,2.014930666123082e-16
8368,5.406569699543973e-13,2.239883770306251e-16,2.18033112185494e-16
8369,5.225541483736037e-13,1.86823308577872e-16,1.804431946945023e-16
8370,5.346398311308205e-13,2.201003593847534e-16,2.140549425901286e-16
8371,5.285704760163975e-13,1.977002805651321e-16,1.917308446371532e-16
8372,5.367839848503825e-13,2.122164203156327e-16,2.046653672466504e-16
8373,5.459422878309429e-13,2.218596379221254e-16,2.162299781766079e-16
8374,5.207707304604072e-13,1.72843976934873e-16,1.665724758349433e-16
8375,5.173600860386527e-13,1.99848762115402e-16,1.918285608256401e-16
8376,5.359926371623289e-13,2.26139125774936e-16,2.203642849379269e-16
8377,5.324766139047091e-13,1.959164751375608e-16,1.901459654061627e-16
8378,5.358630780797092e-13,2.179217774861985e-16,2.114928021100123e-16
8379,5.270056511135319e-13,1.997672087856419e-16,1.931537458539335e-16
8380,5.388917231579371e-13,2.227794300260059e-16,2.172125180784193e-16
8381,5.283737071255144e-13,1.968469643068874e-16,1.894085167032356e-16
8382,5.221371678071077e-13,1.91544884191347e-16,1.851968330891655e-16
8383,5.197047746152727e-13,1.867091756578217e-16,1.800834281315491e-16
8384,5.235134217898857e-13,1.991644796743818e-16,1.926519847276044e-16
8385,5.366729491197465e-13,2.202625735904835e-16,2.137824988697335e-16
8386,5.383496287506116e-13,2.190217984885934e-16,2.126558322549746e-16
8387,5.337711211928949e-13,2.165902047682171e-16,2.098920873373634e-16
8388,5.173187491737012e-13,1.720531684239924e-16,1.65374128963503e-16
8389,5.356696766929077e-13,2.172820649817511e-16,2.106929586559481e-16
8390,5.35522794527092e-13,2.014378252005155e-16,1.956646636153461e-16
8391,5.215985635092526e-13,1.839207716080164e-16,1.77680447459715e-16
8392,5.262211694309058e-13,2.016055798398971e-16,1.961500047772886e-16
8393,5.115617144380706e-13,1.651426226917927e-16,1.589768866884048e-16
8394,5.220025171932149e-13,2.066632581058909e-16,2.007985551524003e-16
8395,5.273655782220385e-13,2.036725818221193e-16,1.973782314729081e-16
8396,5.21032916000665e-13,1.877287134135395e-16,1.818931681396554e-16
8397,5.365197000742423e-13,2.168700803110676e-16,2.11225375309723e-16
8398,5.104741670134505e-13,1.621215844756947e-16,1.555907651649508e-16
8399,5.240058281181283e-13,2.065684659241537e-16,2.00524962005201e-16
8400,5.280596556290322e-13,1.994124049244296e-16,1.938724248714912e-16
8401,5.102947693854241e-13,1.594066701975586e-16,1.527013223794825e-16
8402,5.192270382597096e-13,1.973896760146206e-16,1.915142596480222e-16
8403,5.132936877621193e-13,1.735752131379427e-16,1.671902709525457e-16
8404,5.10004576645088e-13,1.731111583920487e-16,1.667554740747995e-16
8405,5.129517367795792e-13,1.840384544506906e-16,1.77878857251298e-16
8406,5.32295338764643e-13,2.165043279416027e-16,2.114333242917764e-16
8407,5.255779205278414e-13,1.796735033619213e-16,1.736516484176537e-16
8408,5.080289864879438e-13,1.571674876951505e-16,1.504062055987738e-16
8409,5.024322512312159e-13,1.546290028296908e-16,1.475713437878716e-16
8410,5.017037789183832e-13,1.636830218573718e-16,1.566956733353812e-16
8411,5.017531293430289e-13,1.573912613285391e-16,1.500076913057868e-16
8412,4.993324004793117e-13,1.485694402936572e-16,1.412218096661695e-16
8413,5.055672063063349e-13,1.864484820301134e-16,1.802249969042139e-16
8414,5.216908423501166e-13,1.914180963412554e-16,1.854925455223798e-16
8415,5.240983568572884e-13,1.991760223921756e-16,1.936696917125198e-16
8416,5.165087830476264e-13,1.716469721112459e-16,1.661678225929475e-16
8417,5.082459456646026e-13,1.642691907284807e-16,1.577519820288774e-16
8418,5.022757696851372e-13,1.627144336924074e-16,1.564851785914184e-16
8419,5.024489564109815e-13,1.637642629191322e-16,1.571952462267632e-16
8420,5.046887220120046e-13,1.627030508727778e-16,1.560399433135538e-16
8421,5.181731145260421e-13,1.951008425844007e-16,1.891424588540521e-16
8422,5.177360021884181e-13,1.822973377554687e-16,1.766664668536464e-16
8423,5.250475770798995e-13,1.963668643290233e-16,1.911376026863333e-16
8424,5.307933482766465e-13,2.079788098350685e-16,2.017293130470814e-16
8425,5.387471967701799e-13,2.113686196568771e-16,2.047194320783249e-16
8426,5.159379035042516e-13,1.632268324147134e-16,1.569827436779319e-16
8427,5.265513495330159e-13,2.038419017601701e-16,1.968602227105566e-16
8428,5.367794255281114e-13,2.04639322375245e-16,1.987873549315009e-16
8429,5.244276275454945e-13,1.81617124049663e-16,1.738936960230911e-16
8430,5.31817193829799e-13,2.008411971313746e-16,1.9582047648834e-16
8431,5.235789743574814e-13,1.819818893898384e-16,1.743608343517271e-16
8432,5.198247222236892e-13,1.850394448847935e-16,1.776748709197447e-16
8433,5.363947691547033e-13,2.116313429646944e-16,2.061938735550008e-16
8434,5.213957000213283e-13,1.659189739439801e-16,1.599183976056824e-16
8435,5.234863079135802e-13,1.972578466100782e-16,1.90257446018532e-16
8436,5.356772000559425e-13,2.044482080375843e-16,1.993107043855918e-16
8437,5.122796467928391e-13,1.57319182939398e-16,1.517079392226579e-16
8438,5.299870376174674e-13,2.03598819950912e-16,1.98335690379334e-16
8439,5.355572203162104e-13,1.974002129126796e-16,1.919120516849503e-16
8440,5.275396015108961e-13,1.781168981803166e-16,1.733928864745403e-16
8441,5.238526190280705e-13,1.841285014564002e-16,1.776657577314138e-16
8442,5.26116116956551e-13,1.912100509367595e-16,1.856127291846285e-16
8443,5.320123146616469e-13,1.96886202982509e-16,1.906027097130493e-16
8444,5.386398373896089e-13,1.975262667591909e-16,1.925926269466782e-16
8445,5.314084774066565e-13,1.854898452100125e-16,1.802903364738302e-16
8446,5.373526528989063e-13,2.040570363041426e-16,1.991401069080129e-16
8447,5.340789992068114e-13,1.825448502521084e-16,1.775319902548843e-16
8448,5.146825313603987e-13,1.624028991994134e-16,1.563028901567827e-16
8449,5.0598243429778e-13,1.415352264776985e-16,1.344983349494467e-16
8450,5.218005472643298e-13,1.923730222128459e-16,1.857089186657217e-16
8451,5.26464632465192e-13,1.819445044559594e-16,1.756029429621588e-16
8452,5.188547820608561e-13,1.672049712173377e-16,1.614016846194561e-16
8453,5.153402435872546e-13,1.77162004686796e-16,1.714513658005238e-16
8454,5.251247772345283e-13,1.853569998728626e-16,1.771460885226083e-16
8455,5.108795278837223e-13,1.550651554485335e-16,1.48517446407549e-16
8456,5.256564119423173e-13,1.976789716730468e-16,1.920341509478469e-16
8457,5.304192435540224e-13,1.887046724813745e-16,1.833107745910784e-16
8458,5.136608614737216e-13,1.567247792482371e-16,1.502270718274969e-16
8459,5.174240564227218e-13,1.746515957642205e-16,1.689878244611274e-16
8460,5.046602125963342e-13,1.465032321886871e-16,1.398091329268637e-16
8461,5.008962169654558e-13,1.372821958009436e-16,1.304717012186986e-16
8462,5.27687050117952e-13,2.05517648044918e-16,2.000667396043239e-16
8463,5.400651125852357e-13,1.898427547780642e-16,1.848664241543453e-16
8464,5.140782553649691e-13,1.570978311738586e-16,1.510226577464913e-16
8465,5.05627335063627e-13,1.403168467076037e-16,1.340400382122134e-16
8466,5.058968740510669e-13,1.658202020125363e-16,1.597769425872978e-16
8467,5.334380226516578e-13,2.036983765616413e-16,1.986393371087016e-16
8468,5.270660692604661e-13,1.790242350279517e-16,1.724715807423054e-16
8469,5.256151855273339e-13,1.785914196996997e-16,1.732177957703167e-16
8470,5.302149957101304e-13,1.889111203381672e-16,1.824940719889823e-16
8471,5.347341972164828e-13,1.933664976891354e-16,1.870295176818188e-16
8472,5.397967939507048e-13,1.95897140597667e-16,1.892680494750797e-16
8473,5.362883919018849e-13,1.947116647418682e-16,1.890266980183061e-16
8474,5.117305300544944e-13,1.4298624610852e-16,1.36790492183312e-16
8475,5.291808506155819e-13,1.975503829001764e-16,1.92740478682927e-16
8476,5.11798018974506e-13,1.453130509752848e-16,1.397641856225737e-16
8477,5.147622710176073e-13,1.767201638147894e-16,1.700606731434985e-16
8478,5.143340905018362e-13,1.59652418840441e-16,1.546357586841558e-16
8479,5.073812111799276e-13,1.43810498909015e-16,1.373478239484348e-16
8480,5.111206564126029e-13,1.798561877795076e-16,1.744004051399782e-16
8481,5.2570119877852e-13,1.817313859588852e-16,1.745244444528429e-16
8482,5.13083996440472e-13,1.547342385734913e-16,1.48594447939724e-16
8483,5.272873599561056e-13,1.87287270213506e-16,1.822516495072444e-16
8484,5.249109025651509e-13,1.669394965919494e-16,1.618556548324106e-16
8485,5.052050557207868e-13,1.417932582570776e-16,1.357412738788598e-16
8486,5.00465714576424e-13,1.337730159701665e-16,1.268826350669195e-16
8487,5.297717821358269e-13,1.99153127716659e-16,1.94042374302677e-16
8488,5.223368705627558e-13,1.586393485196081e-16,1.53296885891596e-16
8489,5.156353268160318e-13,1.67217512036011e-16,1.622371842691832e-16
8490,5.128127664815406e-13,1.580848086366891e-16,1.528165242845214e-16
8491,5.166759877605044e-13,1.760265086396956e-16,1.695935830209318e-16
8492,5.349846378357817e-13,1.99358500043285e-16,1.942409180009063e-16
8493,5.337079898330838e-13,1.889857018189738e-16,1.832976621140901e-16
8494,5.2531242195897e-13,1.708553216912182e-16,1.65706285973118e-16
8495,5.365261309874154e-13,1.968432332136558e-16,1.909515104236924e-16
8496,5.353395004118631e-13,1.950730117344181e-16,1.895675847111436e-16
8497,5.315145394250245e-13,1.705243002372037e-16,1.656622280001517e-16
8498,5.236453348262832e-13,1.720339958906247e-16,1.667116061403995e-16
8499,5.211909968562842e-13,1.710203348880376e-16,1.660027863437035e-16
8500,5.302417921479636e-13,1.863113044562655e-16,1.815183797449575e-16
8501,5.187946931853564e-13,1.590130894680109e-16,1.538170632708729e-16
8502,5.345660745818763e-13,1.954029743697809e-16,1.899346395276405e-16
8503,5.334141047405445e-13,1.95365885712676e-16,1.897881962565816e-16
8504,5.351069519794424e-13,1.933450208965796e-16,1.874683504042445e-16
8505,5.343216788626783e-13,1.878198504455717e-16,1.824895500704915e-16
8506,5.065728045892582e-13,1.379547720663677e-16,1.320559722108456e-16
8507,5.098414824036314e-13,1.607774357232674e-16,1.551744956281661e-16
8508,5.059922118909446e-13,1.466676747993304e-16,1.40996581926667e-16
8509,5.022185409977653e-13,1.541852554625029e-16,1.488716852869509e-16
8510,5.002773506144259e-13,1.321904740293873e-16,1.262232039594873e-16
8511,5.134430693451487e-13,1.792234210285309e-16,1.742568059818665e-16
8512,5.226513103059682e-13,1.771316710833709e-16,1.707875306947493e-16
8513,5.136004334060126e-13,1.497406000689004e-16,1.439384370135784e-16
8514,5.045752869572159e-13,1.301712739323653e-16,1.236855099934026e-16
8515,5.053997385276722e-13,1.331158989927372e-16,1.267473546388566e-16
8516,5.323257990458367e-13,1.946081022155553e-16,1.901677340833171e-16
8517,5.345266814393969e-13,1.876814264362649e-16,1.825727740268468e-16
8518,5.241138927005004e-13,1.54902161374344e-16,1.49920351036815e-16
8519,5.06222935129059e-13,1.330599986932292e-16,1.270027074054831e-16
8520,5.026697307195929e-13,1.27629751007688e-16,1.214539673865701e-16
8521,5.153448055559416e-13,1.732373935417832e-16,1.684232169643569e-16
8522,5.282811353700485e-13,1.782757245216699e-16,1.741834935301331e-16
8523,5.314531938504807e-13,1.887574360973965e-16,1.83899480601443e-16
8524,5.355550708410847e-13,1.899550628656091e-16,1.856623201648123e-16
8525,5.404969758954001e-13,1.89085185727388e-16,1.842951639534338e-16
8526,5.150982834951621e-13,1.389143795555392e-16,1.334650564333705e-16
8527,5.256633898752809e-13,1.807990127605648e-16,1.75966517978489e-16
8528,5.310802134313944e-13,1.763768589311318e-16,1.713831415584734e-16
8529,5.090566272297691e-13,1.389771859698192e-16,1.325210010955819e-16
8530,5.08950770319285e-13,1.351430775294331e-16,1.290600643719186e-16
8531,5.239505674883935e-13,1.802351391416235e-16,1.754629220101387e-16
8532,5.32821621537538e-13,1.679605880699261e-16,1.638607765163024e-16
8533,5.212106015127265e-13,1.607044757525939e-16,1.555750892165148e-16
8534,5.094754624243358e-13,1.401709283532986e-16,1.348719237051542e-16
8535,5.326778843833044e-13,1.87416793191372e-16,1.818781673525361e-16
8536,5.086010893292079e-13,1.321244957167457e-16,1.265532024898506e-16
8537,5.188253930010326e-13,1.754727111369244e-16,1.701328794605723e-16
8538,5.067263718201027e-13,1.361513147358648e-16,1.304981960957595e-16
8539,5.06027828223495e-13,1.415461854903702e-16,1.363196824136484e-16
8540,5.063067213021112e-13,1.541861245332842e-16,1.491615270319175e-16
8541,5.303305499908799e-13,1.829459382420376e-16,1.784917381260074e-16
8542,5.337154003414341e-13,1.811261715834687e-16,1.768435107019032e-16
8543,5.364394175775798e-13,1.863839593017201e-16,1.820659715401054e-16
8544,5.196136856054333e-13,1.418755828555295e-16,1.365782202373974e-16
8545,5.047605077606756e-13,1.249682129749531e-16,1.18332576068762e-16
8546,5.044759398858334e-13,1.446088410095094e-16,1.38972446556176e-16
8547,5.267707994284116e-13,1.80877876765773e-16,1.758722337385025e-16
8548,5.354989726267616e-13,1.803269440723478e-16,1.737699075450397e-16
8549,5.084136518635968e-13,1.295855257870849e-16,1.238739830954637e-16
8550,5.052133307737396e-13,1.213686085190393e-16,1.146868355301349e-16
8551,5.143605541466366e-13,1.688096809311834e-16,1.639754000278931e-16
8552,5.153409868469652e-13,1.563663262007432e-16,1.494164742969099e-16
8553,5.172379093986238e-13,1.641572465623699e-16,1.5701942383307e-16
8554,5.248795842010905e-13,1.72326079793301e-16,1.643011203394983e-16
8555,5.348513963245549e-13,1.858501256527429e-16,1.81691218500599e-16
8556,5.120772552084278e-13,1.309502927415552e-16,1.254641417952327e-16
8557,5.216380655232063e-13,1.722388021956187e-16,1.671648673318542e-16
8558,5.140529582190106e-13,1.440359068752236e-16,1.38661812851048e-16
8559,5.184765769972131e-13,1.676257454042487e-16,1.612907729238214e-16
8560,5.342065985486488e-13,1.855633272793926e-16,1.809584640823035e-16
8561,5.10248886540876e-13,1.319171618565744e-16,1.266245871107124e-16
8562,5.252843146049039e-13,1.782701079129649e-16,1.737408160775765e-16
8563,5.116174460235729e-13,1.361972178423135e-16,1.309990014711716e-16
8564,5.276469986181618e-13,1.812793262721226e-16,1.763921780134307e-16
8565,5.321884650383076e-13,1.708239860502261e-16,1.651412986203453e-16
8566,5.269940736887895e-13,1.703000305887269e-16,1.658824680995039e-16
8567,5.257456502734317e-13,1.666982771535897e-16,1.61441357737222e-16
8568,5.265718899380565e-13,1.587190780826768e-16,1.536965485740893e-16
8569,5.239252492072246e-13,1.67898921062483e-16,1.632950572903373e-16
8570,5.134482879426957e-13,1.311209908639554e-16,1.249148899385154e-16
8571,5.059437119751058e-13,1.312147228616457e-16,1.251765307790228e-16
8572,5.227778918668775e-13,1.678595334992629e-16,1.596179455318296e-16
8573,5.071740699568581e-13,1.262844233161943e-16,1.207456218134831e-16
8574,5.03514089702072e-13,1.21248909156908e-16,1.153017548587238e-16
8575,5.248664575187199e-13,1.787150391616052e-16,1.748827906386555e-16
8576,5.186704807672489e-13,1.44647295059034e-16,1.39539619870521e-16
8577,5.07280957566264e-13,1.320970085048431e-16,1.263598258779743e-16
8578,5.190192283695214e-13,1.602642728843412e-16,1.538330311774518e-16
8579,5.142910876672334e-13,1.49796248471741e-16,1.449461217709702e-16
8580,5.289455599995333e-13,1.73770421430184e-16,1.693181324955654e-16
8581,5.344756208348302e-13,1.78726819427294e-16,1.740109168728214e-16
8582,5.251047653764775e-13,1.470769977014739e-16,1.419556044729442e-16
8583,5.080328692758037e-13,1.202533844785735e-16,1.147188074913182e-16
8584,5.010029968594215e-13,1.168327779962342e-16,1.111605050486154e-16
8585,5.049800375056653e-13,1.459060306829998e-16,1.406415044294597e-16
8586,4.978804882886624e-13,1.188974950835471e-16,1.13075439174073e-16
8587,4.993873134397402e-13,1.229076134855492e-16,1.16484843000144e-16
8588,5.135837344614848e-13,1.622148510849687e-16,1.576817507591208e-16
8589,5.229241226651965e-13,1.607171546002822e-16,1.545524253625324e-16
8590,5.046816636917398e-13,1.17396105540572e-16,1.115699337159297e-16
8591,5.05044670206959e-13,1.442689005397539e-16,1.396866039684561e-16
8592,5.258299506353757e-13,1.781706521863816e-16,1.745517669150735e-16
8593,5.122775644595781e-13,1.315078412911564e-16,1.2665996217747e-16
8594,5.246776346229902e-13,1.699663487606742e-16,1.640829644339337e-16
8595,5.250298624873622e-13,1.557563412207451e-16,1.510100038286698e-16
8596,5.110568196529274e-13,1.329618176859101e-16,1.273565703522023e-16
8597,5.041887634089141e-13,1.315593706566143e-16,1.259141576069692e-16
8598,5.31293641469905e-13,1.8110546177509e-16,1.760438487186047e-16
8599,5.256868619509716e-13,1.41814888099532e-16,1.366924476643084e-16
8600,5.048420546711932e-13,1.19278773770656e-16,1.131573615682752e-16
8601,5.324470342704967e-13,1.812971121789192e-16,1.765885818744386e-16
8602,5.189905806345757e-13,1.327189471930035e-16,1.278443218213949e-16
8603,5.128422236286992e-13,1.428323533084695e-16,1.373051572570879e-16
8604,5.046541066076321e-13,1.267839349386846e-16,1.218675193854038e-16
8605,5.26486626737938e-13,1.766284518949468e-16,1.719176749399755e-16
8606,5.349664985084077e-13,1.699583879978715e-16,1.659202183916695e-16
8607,5.201869089333337e-13,1.415207937064025e-16,1.368115494821798e-16
8608,5.304867500911581e-13,1.75032887948e-16,1.708271496506794e-16
8609,5.216719063926052e-13,1.409022460173051e-16,1.363335916752729e-16
8610,5.221955761143502e-13,1.619322438575823e-16,1.559552711594216e-16
8611,5.286438658886083e-13,1.659082948064886e-16,1.614677325888122e-16
8612,5.089729809853633e-13,1.193994545926257e-16,1.137815329179978e-16
8613,5.281389483423925e-13,1.72735031269979e-16,1.679154629329707e-16
8614,5.215016212585749e-13,1.381280781292672e-16,1.335731156087935e-16
8615,5.057586096720624e-13,1.154982219958883e-16,1.094847148281895e-16
8616,5.350122447119161e-13,1.792129775564066e-16,1.752199549733983e-16
8617,5.335427958780633e-13,1.730313857698107e-16,1.686876113699704e-16
8618,5.341418761349305e-13,1.726364616862056e-16,1.683898071071928e-16
8619,5.107397325211907e-13,1.23279756724128e-16,1.181193531610565e-16
8620,5.245684521408657e-13,1.675555171439316e-16,1.638398007136298e-16
8621,5.095992430740935e-13,1.199330753796145e-16,1.151254173866516e-16
8622,5.228271760230346e-13,1.634917799563195e-16,1.59140931874867e-16
8623,5.270832313959853e-13,1.594129916167192e-16,1.544842070813821e-16
8624,5.334012854191048e-13,1.701941405159529e-16,1.659874190723193e-16
8625,5.30305194041132e-13,1.632998791365857e-16,1.585343330019961e-16
8626,5.221796906903647e-13,1.407945149455938e-16,1.361563128106229e-16
8627,5.218990437439412e-13,1.627087692644706e-16,1.582828923115432e-16
8628,5.301265488484139e-13,1.658868438979009e-16,1.608224440682873e-16
8629,5.313140640009986e-13,1.640692431374224e-16,1.597583894706982e-16
8630,5.243069770837655e-13,1.506683860986264e-16,1.442059668619649e-16
8631,5.246624135856821e-13,1.545760813099906e-16,1.505779790617291e-16
8632,5.109027128716671e-13,1.249981672472082e-16,1.208345861226899e-16
8633,5.058604553220412e-13,1.329882133223653e-16,1.281318942261702e-16
8634,5.060712834655124e-13,1.317160331717156e-16,1.267623624942728e-16
8635,5.233076628703032e-13,1.67435480863263e-16,1.632267051402188e-16
8636,5.025011584242016e-13,1.159757640410839e-16,1.108080337835797e-16
8637,5.311871942683598e-13,1.753393116004853e-16,1.705673824387293e-16
8638,5.342850907824865e-13,1.569187312018936e-16,1.524257251987695e-16
8639,5.215807221454569e-13,1.501235679776355e-16,1.45850041618887e-16
8640,5.361857478457225e-13,1.7332218945766e-16,1.688440368497957e-16
8641,5.215653429597603e-13,1.440776682033342e-16,1.376145237652627e-16
8642,5.157884567070883e-13,1.39572026365741e-16,1.329683288604082e-16
8643,5.136925709247259e-13,1.439240847333565e-16,1.374811034199253e-16
8644,5.136152724469225e-13,1.425191420845203e-16,1.359032611212657e-16
8645,5.111998811760213e-13,1.321963146283832e-16,1.271360214802521e-16
8646,5.304816743466617e-13,1.717057433302007e-16,1.683411545645212e-16
8647,5.218827708955152e-13,1.320616766128485e-16,1.274137166792146e-16
8648,5.325893895087105e-13,1.667612900943337e-16,1.615435249091734e-16
8649,5.346161918600162e-13,1.672762333986756e-16,1.625674898717243e-16
8650,5.37039634068937e-13,1.709500454679937e-16,1.66134316651865e-16
8651,5.383411404357276e-13,1.718062760669888e-16,1.679310658584234e-16
8652,5.359741584273583e-13,1.607931317082898e-16,1.554101906398926e-16
8653,5.17591679912175e-13,1.270929233925148e-16,1.231552708260223e-16
8654,5.207628365811479e-13,1.550882693191911e-16,1.504612113608694e-16
8655,5.176160976486597e-13,1.447510902284846e-16,1.384334307236236e-16
8656,5.069459813571479e-13,1.108613658515339e-16,1.051016566181651e-16
8657,5.06202038632091e-13,1.120298541873077e-16,1.066409292705708e-16
8658,4.995441837423064e-13,1.036042993473674e-16,9.745267995217763e-17
8659,5.008183093376707e-13,1.098210497574379e-16,1.044306518792795e-16
8660,4.968238742038069e-13,1.064918305050611e-16,9.982329173803367e-17
8661,4.997322466475565e-13,1.229127389638315e-16,1.165642560447475e-16
8662,5.295155242499617e-13,1.687580396892626e-16,1.632972301423953e-16
8663,5.280779359012322e-13,1.511056086773311e-16,1.456082196492895e-16
8664,5.286485728481275e-13,1.513326350339759e-16,1.467020399946973e-16
8665,5.106220170111358e-13,1.170641542422363e-16,1.127684841243147e-16
8666,5.159737480123813e-13,1.561500132304398e-16,1.504998842847025e-16
8667,5.107974108333598e-13,1.253037686888058e-16,1.207997328892235e-16
8668,5.261846940167867e-13,1.624789494997086e-16,1.575753830029376e-16
8669,5.350780277717978e-13,1.553263187207714e-16,1.505765904481197e-16
8670,5.307279046051855e-13,1.675553596381808e-16,1.623397998907516e-16
8671,5.24689883592745e-13,1.335844981994203e-16,1.294472345864709e-16
8672,5.305001593643194e-13,1.673110519454943e-16,1.621639481659403e-16
8673,5.322961173790843e-13,1.611037105083271e-16,1.570463497183024e-16
8674,5.144527559038707e-13,1.190108688439964e-16,1.139646460012087e-16
8675,5.393608055732805e-13,1.70472135883195e-16,1.65776303345725e-16
8676,5.135682878598664e-13,1.115465118755714e-16,1.07112399972383e-16
8677,5.097323091994575e-13,1.236830013362156e-16,1.179279374762864e-16
8678,5.085348351155379e-13,1.197008010414133e-16,1.133577298094068e-16
8679,5.29888406837531e-13,1.654860257962397e-16,1.610836058629499e-16
8680,5.310584410105894e-13,1.452217779764715e-16,1.403405170700157e-16
8681,5.119987889133807e-13,1.229070532377419e-16,1.182261699897708e-16
8682,5.010902407419299e-13,1.018353220992759e-16,9.588640527632301e-17
8683,5.14666816642196e-13,1.497779196038613e-16,1.445673986121605e-16
8684,5.297463399668981e-13,1.572093357633027e-16,1.516502303127575e-16
8685,5.121670017089207e-13,1.157747871258906e-16,1.109909865791052e-16
8686,5.022643954684675e-13,1.020674564385616e-16,9.647488915605031e-17
8687,5.073564809607452e-13,1.342871015438706e-16,1.29434190549193e-16
8688,5.280113632680181e-13,1.670734648118034e-16,1.621833940912616e-16
8689,5.27531825662007e-13,1.395272517775068e-16,1.348136944378374e-16
8690,5.183884652257796e-13,1.367971218140032e-16,1.324597441233875e-16
8691,5.265775837675989e-13,1.578238730293233e-16,1.532541061274873e-16
8692,5.295116185048207e-13,1.555954594399661e-16,1.505311644735121e-16
8693,5.318226992818415e-13,1.540212290226367e-16,1.505522400616528e-16
8694,5.310387738809315e-13,1.512442878225575e-16,1.459249810146601e-16
8695,5.222684950031421e-13,1.319491836099848e-16,1.277980251712732e-16
8696,5.07754572694817e-13,1.06775967212025e-16,1.017310301280939e-16
8697,5.266409144907285e-13,1.61010332356036e-16,1.567854932510887e-16
8698,5.21642648629677e-13,1.258850928456035e-16,1.211389617028852e-16
8699,5.318629079658238e-13,1.612732437182183e-16,1.571142346382198e-16
8700,5.360505752743291e-13,1.60465624729257e-16,1.560842062561103e-16
8701,5.162917902224325e-13,1.199348693650172e-16,1.150286898530948e-16
8702,5.062927848861377e-13,1.276570236107545e-16,1.228385634438248e-16
8703,5.268278220922928e-13,1.623888940767816e-16,1.582213443449158e-16
8704,5.354162203855106e-13,1.55186208473383e-16,1.509120576522223e-16
8705,5.099833901237835e-13,1.116970846736036e-16,1.075973252459115e-16
8706,5.135535675134864e-13,1.330969761160294e-16,1.267816616279291e-16
8707,5.360348141587138e-13,1.671358476565411e-16,1.634276770201944e-16
8708,5.328145355169144e-13,1.462049700697031e-16,1.412441326650416e-16
8709,5.141278321847247e-13,1.16526512505259e-16,1.126756533755848e-16
8710,5.061668608317163e-13,1.03782556006854e-16,9.807792567872696e-17
8711,5.092961696097858e-13,1.45397977482739e-16,1.40066097721046e-16
8712,5.159944462619002e-13,1.319999430825054e-16,1.271316362516379e-16
8713,5.012414226108556e-13,1.002058446569887e-16,9.484302160071363e-17
8714,5.195417108190643e-13,1.522890396763227e-16,1.467352196556649e-16
8715,5.278237399659919e-13,1.445798647318279e-16,1.412868782335499e-16
8716,5.288270234179077e-13,1.465999905858334e-16,1.418256863962269e-16
8717,5.179419264591689e-13,1.271943062936759e-16,1.230767639019962e-16
8718,5.345785862847263e-13,1.651853394452088e-16,1.612429181204336e-16
8719,5.100797535434166e-13,1.066211605725665e-16,1.022461446158114e-16
8720,5.295760044376408e-13,1.618229845593245e-16,1.577326698883751e-16
8721,5.233354141626942e-13,1.352862085291131e-16,1.30705147269969e-16
8722,5.12491040079022e-13,1.301631469085489e-16,1.252326932966006e-16
8723,5.321745165162769e-13,1.599065723249369e-16,1.561617683148765e-16
8724,5.340270281899065e-13,1.5929096163514e-16,1.552501383376491e-16
8725,5.298555714085544e-13,1.615588821255904e-16,1.572659389995023e-16
8726,5.33590958606473e-13,1.526545278226758e-16,1.47985026835232e-16
8727,5.263463570920779e-13,1.406019043456436e-16,1.3495500101783e-16
8728,5.322502632707219e-13,1.544525787769463e-16,1.501028507765098e-16
8729,5.101168745851976e-13,1.088921294953582e-16,1.0443338399643e-16
8730,5.020997476881668e-13,9.747064572446121e-17,9.20007745875011e-17
8731,5.008015471708666e-13,1.161599306942246e-16,1.102806725872913e-16
8732,5.307091314292319e-13,1.643219562980753e-16,1.596853496803807e-16
8733,5.183288233297105e-13,1.151391961134677e-16,1.107065140592267e-16
8734,5.277722984820934e-13,1.536236267362008e-16,1.485336367212095e-16
8735,5.063676864522397e-13,1.076304607890928e-16,1.03043563948897e-16
8736,5.160383304925861e-13,1.459808239471042e-16,1.41951898179286e-16
8737,5.275250739185655e-13,1.521007105380179e-16,1.475083695793635e-16
8738,5.277734649959875e-13,1.318013391137269e-16,1.280167105524132e-16
8739,5.178227250452354e-13,1.311784286350802e-16,1.262914918980526e-16
8740,5.252471468448311e-13,1.337154270753169e-16,1.274018002654726e-16
8741,5.107127694935146e-13,1.088507324186649e-16,1.041124747794814e-16
8742,5.226786771343056e-13,1.512309919926936e-16,1.463087324474558e-16
8743,5.236106515932711e-13,1.266298160572419e-16,1.22412060740577e-16
8744,5.27417592890517e-13,1.507024523940713e-16,1.47018490422217e-16
8745,5.149457234212827e-13,1.289093739152789e-16,1.230747835975259e-16
8746,5.287856219153828e-13,1.565096337790508e-16,1.528218231836935e-16
8747,5.286462352040662e-13,1.297493877058832e-16,1.26212065893369e-16
8748,5.182767766700801e-13,1.334678110894852e-16,1.303552224263783e-16
8749,5.166807551090297e-13,1.299014770303025e-16,1.255432641885328e-16
8750,4.997076121233979e-13,9.762772670314913e-17,9.287555928080608e-17
8751,4.985360524537332e-13,1.171985216727559e-16,1.131539117549068e-16
8752,5.139200507234359e-13,1.377705224350775e-16,1.339865169383529e-16
8753,5.061963915571509e-13,1.036801805390121e-16,9.87449929718337e-17
8754,5.034202368385402e-13,1.164632751316181e-16,1.115230170589713e-16
8755,5.201058757487793e-13,1.450765147315391e-16,1.40426790775543e-16
8756,5.329325420611554e-13,1.587983333922814e-16,1.553885670651838e-16
8757,5.383665730648681e-13,1.574964420857276e-16,1.543066681353993e-16
8758,5.113420379508456e-13,1.04936612897453e-16,1.008825268423235e-16
8759,5.011707941172364e-13,9.312183276958141e-17,8.795796393236657e-17
8760,5.276465452096558e-13,1.55599206703246e-16,1.530937376428403e-16
8761,5.368687186372539e-13,1.494908935296551e-16,1.460282504091029e-16
8762,5.279665200183512e-13,1.336495836044048e-16,1.30494001085357e-16
8763,5.072891548829909e-13,9.749589840145995e-17,9.236107045092803e-17
8764,5.021754474362479e-13,1.015316418883282e-16,9.671385856910987e-17
8765,5.21058229402814e-13,1.482628308798984e-16,1.438352089124334e-16
8766,5.302030316473094e-13,1.424969114934685e-16,1.371392434745776e-16
8767,5.349881185320106e-13,1.561545343940089e-16,1.524986326423174e-16
8768,5.230502682432117e-13,1.187704261225176e-16,1.150840558082966e-16
8769,5.199298847756914e-13,1.363229578279315e-16,1.312611232431399e-16
8770,5.341054964191549e-13,1.527315216263303e-16,1.501390998792896e-16
8771,5.332114246743311e-13,1.561590749569067e-16,1.526391779075198e-16
8772,5.382361305723587e-13,1.507011744552775e-16,1.436210238964087e-16
8773,5.144912603836335e-13,1.08209222294257e-16,1.041222348346204e-16
8774,5.072611366147581e-13,1.147303023776609e-16,1.099785545998523e-16
8775,5.336155838838825e-13,1.573819140512657e-16,1.545338631352415e-16
8776,5.249816459290549e-13,1.252718729604821e-16,1.215326254570594e-16
8777,5.126479571938973e-13,1.072451009064809e-16,1.038678095935931e-16
8778,5.246576223147192e-13,1.481316326427214e-16,1.433491899553048e-16
8779,5.041279107169974e-13,9.633059346636119e-17,9.174201328655822e-17
8780,5.103613385378449e-13,1.28072990738466e-16,1.215594918472105e-16
8781,5.304928311017626e-13,1.586375841584024e-16,1.554015559386728e-16
8782,5.251382575228194e-13,1.206461621543576e-16,1.169099382980719e-16
8783,5.356705766387549e-13,1.518201137696145e-16,1.474602437680168e-16
8784,5.328145890542524e-13,1.517952299067844e-16,1.488907566508058e-16
8785,5.363598954750923e-13,1.524546073438888e-16,1.489028137833108e-16
8786,5.084797831259249e-13,9.823601148254091e-17,9.387535096092049e-17
8787,5.093547576713184e-13,1.319016988176171e-16,1.282893973327037e-16
8788,5.180469771923339e-13,1.289281886434164e-16,1.235708016705469e-16
8789,5.262559397651563e-13,1.507745021528813e-16,1.46945016452788e-16
8790,5.334353876209747e-13,1.523346275079913e-16,1.489174237315799e-16
8791,5.313596061211497e-13,1.54612642867717e-16,1.500917813266525e-16
8792,5.356057451710492e-13,1.513962938385191e-16,1.478684928769121e-16
8793,5.371028848682089e-13,1.519776732440344e-16,1.483295826573281e-16
8794,5.365050695267366e-13,1.530023331229668e-16,1.495258733487713e-16
8795,5.33943255381676e-13,1.295856933721868e-16,1.26507916697893e-16
8796,5.290540172579563e-13,1.407747671321018e-16,1.373875665693179e-16
8797,5.164328495295436e-13,1.141362315748552e-16,1.089707162867461e-16
8798,5.092253731292595e-13,1.039568723468144e-16,9.90860087503059e-17
8799,5.000267421632187e-13,9.237814322950774e-17,8.7010188729052e-17
8800,5.279027172305122e-13,1.539060785531497e-16,1.501898963150867e-16
8801,5.230606911606709e-13,1.207592636405232e-16,1.174362671268599e-16
8802,5.170339597637343e-13,1.227915527588763e-16,1.163474532946127e-16
8803,5.28516277486864e-13,1.435906937570694e-16,1.400168197355499e-16
8804,5.234872944494004e-13,1.251007765060383e-16,1.223040939030646e-16
8805,5.135418403014088e-13,1.186799259120032e-16,1.151372561425089e-16
8806,5.249109866943275e-13,1.427850015892771e-16,1.34912532760401e-16
8807,5.30026323863137e-13,1.463887843741908e-16,1.436487222536686e-16
8808,5.290086769648718e-13,1.330645865945043e-16,1.294327004925074e-16
8809,5.288587938359974e-13,1.350095379940666e-16,1.308667099426601e-16
8810,5.039070469724979e-13,9.173898110920026e-17,8.709019392183458e-17
8811,5.044554198837882e-13,1.036647678136629e-16,9.801479321903338e-17
8812,5.006037785375047e-13,8.985773480222492e-17,8.491614316364168e-17
8813,5.275503173648421e-13,1.520027688895971e-16,1.477068781079908e-16
8814,5.042610335114784e-13,9.280486573892968e-17,8.890274499103674e-17
8815,5.279889804448737e-13,1.510323064054381e-16,1.476460223540828e-16
8816,5.053466125463076e-13,9.214597608356577e-17,8.778759287601831e-17
8817,5.096293488146709e-13,1.283160714728161e-16,1.233606738424013e-16
8818,4.995266839711212e-13,8.853934826492894e-17,8.291979265460356e-17
8819,5.171611531002774e-13,1.428998896420624e-16,1.385982950499459e-16
8820,5.280552818127202e-13,1.429902646015951e-16,1.39384139582457e-16
8821,5.064431879537695e-13,9.707064138479738e-17,9.286122862720974e-17
8822,5.080595585901822e-13,1.124184980799056e-16,1.081750190281012e-16
8823,5.162171968878885e-13,1.320591651981233e-16,1.285231525998403e-16
8824,5.316910249806038e-13,1.47383757652573e-16,1.433341583747751e-16
8825,5.27454574717193e-13,1.468368100683626e-16,1.436183287821348e-16
8826,5.359523103124838e-13,1.434706408096617e-16,1.399089983136474e-16
8827,5.253722977586754e-13,1.27781206561249e-16,1.246303515340013e-16
8828,5.356523841059135e-13,1.517265968565052e-16,1.480251848564107e-16
8829,5.17259795223597e-13,1.062674320689307e-16,1.02397185177885e-16
8830,5.284824643098436e-13,1.474968383015509e-16,1.441232757901046e-16
8831,5.187261857465193e-13,1.189288034109647e-16,1.135001736214962e-16
8832,5.209223048046387e-13,1.368648415081537e-16,1.330367433806016e-16
8833,5.315014880498579e-13,1.391744460890161e-16,1.366761843441457e-16
8834,5.24460752740141e-13,1.263202959733902e-16,1.233211354497078e-16
8835,5.10754231171779e-13,1.020025701895717e-16,9.735031483243707e-17
8836,5.111451834144538e-13,1.235219505471452e-16,1.194372526992152e-16
8837,5.301398096187431e-13,1.481717210618846e-16,1.448261552559976e-16
8838,5.154984378056085e-13,1.0801047519429e-16,1.042471194505444e-16
8839,5.314761941411766e-13,1.484160557459181e-16,1.455930522178932e-16
8840,5.299555794386955e-13,1.286032681322177e-16,1.258820636421498e-16
8841,5.186309752695337e-13,1.119982378916269e-16,1.073118916103085e-16
8842,5.311592028746212e-13,1.451580994645689e-16,1.410232987319752e-16
8843,5.08225779387369e-13,9.342513320423652e-17,8.903798777240684e-17
8844,5.185956947572559e-13,1.287696142672209e-16,1.241420932914914e-16
8845,5.105805347209444e-13,1.025824671699088e-16,9.917669770440397e-17
8846,5.108473515390372e-13,1.186561687296736e-16,1.152500795362263e-16
8847,5.226647664369884e-13,1.391765872057645e-16,1.352721577688487e-16
8848,5.296650428729632e-13,1.477053144850131e-16,1.437566367580267e-16
8849,5.135496398680537e-13,1.036359813682156e-16,9.914742010676028e-17
8850,5.035639274716232e-13,8.870073800279787e-17,8.422844729482159e-17
8851,5.032682273615387e-13,9.89975697204787e-17,9.471802441910781e-17
8852,5.294224326425744e-13,1.487332174816124e-16,1.445669275070514e-16
8853,5.333834963111874e-13,1.426796759060155e-16,1.379707948250207e-16
8854,5.345833787841089e-13,1.425068269615317e-16,1.385995085827853e-16
8855,5.313314683203394e-13,1.394559978581487e-16,1.351570079678503e-16
8856,5.099978742641412e-13,9.517632901997062e-17,9.049679604081172e-17
8857,5.131165356475205e-13,1.244885665626096e-16,1.205474112835779e-16
8858,5.242103336746929e-13,1.412273306378039e-16,1.370048066357928e-16
8859,5.256344191406725e-13,1.290816030086235e-16,1.24349043072649e-16
8860,5.335404143460464e-13,1.485364428867954e-16,1.451154116605299e-16
8861,5.175549746892834e-13,1.051583057231001e-16,1.014585137356068e-16
8862,5.041550740961962e-13,8.542261448369939e-17,8.034243017438715e-17
8863,5.12100946482786e-13,1.215789218950153e-16,1.159467526216167e-16
8864,5.292843339531774e-13,1.476910874838474e-16,1.439242633777431e-16
8865,5.292773476972518e-13,1.396007724506218e-16,1.356738521202949e-16
8866,5.248364829885357e-13,1.207270002682694e-16,1.172511989175204e-16
8867,5.328890833092406e-13,1.460188160893571e-16,1.420378722052226e-16
8868,5.075683852564996e-13,8.955392968385489e-17,8.476088663962974e-17
8869,5.023773486884598e-13,9.645733664136313e-17,9.208824658462673e-17
8870,5.022853190021815e-13,1.016957571168756e-16,9.719845149480394e-17
8871,4.989213730182688e-13,8.302179367225686e-17,7.83907960886571e-17
8872,5.148851907334591e-13,1.377350978147974e-16,1.325284476476169e-16
8873,5.243310169490378e-13,1.25002859369749e-16,1.212421221723321e-16
8874,5.100848180874199e-13,9.905044304709633e-17,9.46829732158206e-17
8875,5.134216303267805e-13,1.179258591361305e-16,1.121458513449357e-16
8876,5.061187532364798e-13,8.946313091108902e-17,8.510729852514433e-17
8877,5.066626351242452e-13,1.119818451103232e-16,1.083566924594269e-16
8878,5.091855070437097e-13,1.071405976587007e-16,1.030230738393265e-16
8879,5.190041327847116e-13,1.32099831863075e-16,1.267954090875299e-16
8880,5.060530784472621e-13,9.685414014862062e-17,9.224275429712655e-17
8881,4.994042916715117e-13,8.432852722384184e-17,7.930862560047327e-17
8882,5.287204431984109e-13,1.4750918482434e-16,1.43958769086634e-16
8883,5.333901455835649e-13,1.287336668940464e-16,1.254786133291352e-16
8884,5.219751270244157e-13,1.219140019895849e-16,1.166321831911427e-16
8885,5.298911472248097e-13,1.377878627773145e-16,1.355388396314529e-16
8886,5.345534185134119e-13,1.456964641498575e-16,1.432976477845436e-16
8887,5.382166871013416e-13,1.45887989219907e-16,1.420315851261963e-16
8888,5.278909210710761e-13,1.230585769240881e-16,1.18540095663532e-16
8889,5.105362716674579e-13,9.331027687629133e-17,8.935821651412346e-17
8890,5.004226738966073e-13,8.653731183906586e-17,8.173326832102717e-17
8891,5.007652952532409e-13,1.039019451880151e-16,1.000220499424975e-16
8892,5.000400986365905e-13,9.74819660125829e-17,9.233573997372052e-17
8893,4.949120941919948e-13,7.984780427927967e-17,7.42885290117123e-17
8894,5.2574837779219e-13,1.457457256078743e-16,1.415335904550446e-16
8895,5.340768191343215e-13,1.373777775807973e-16,1.343470254378721e-16
8896,5.354216831324387e-13,1.396498660272835e-16,1.352645665751242e-16
8897,5.098024060061549e-13,9.132316623307098e-17,8.698738906944169e-17
8898,5.107327527763667e-13,1.240276763796081e-16,1.204668236267301e-16
8899,5.030735037325116e-13,9.09092724132083e-17,8.656594404604006e-17
8900,5.267320150316864e-13,1.421834063739402e-16,1.387240099660127e-16
8901,5.076155642553214e-13,8.71794322032513e-17,8.326365734219813e-17
8902,5.009714284608715e-13,9.566713152773573e-17,9.069507011548858e-17
8903,5.226206625558607e-13,1.421128469769295e-16,1.383316922942059e-16
8904,5.164826630655709e-13,1.009359974195759e-16,9.686099308448656e-17
8905,5.115075987957255e-13,1.175788532490214e-16,1.120310302002918e-16
8906,5.327251781169274e-13,1.479569138944571e-16,1.450350692467609e-16
8907,5.248483097924871e-13,1.108478460578743e-16,1.074911494320128e-16
8908,5.223694323890062e-13,1.297241203262918e-16,1.246455858493334e-16
8909,5.214104822560061e-13,1.202465357948061e-16,1.173043291673831e-16
8910,5.051526898815673e-13,8.205660587749531e-17,7.750534326421476e-17
8911,5.062014391647078e-13,1.012216678809848e-16,9.749218813151425e-17
8912,5.323396839324238e-13,1.433665026654429e-16,1.393235324622245e-16
8913,5.163030540622046e-13,9.984595430240433e-17,9.64634291605383e-17
8914,5.316803369325384e-13,1.42084198494309e-16,1.385866585825033e-16
8915,5.272351719760261e-13,1.208765126233048e-16,1.165234277011892e-16
8916,5.100848715078227e-13,9.288277199481074e-17,8.923251583898987e-17
8917,5.14524962151958e-13,1.123698231911481e-16,1.068676378037833e-16
8918,5.200292083277511e-13,1.33080132908687e-16,1.293650474483527e-16
8919,5.19293976927475e-13,1.057553860433011e-16,1.02292523010007e-16
8920,5.058257740367359e-13,9.414988669851296e-17,8.939001741335292e-17
8921,4.978548206114106e-13,8.360525358241373e-17,7.943377457469151e-17
8922,5.046471054485358e-13,1.16644131417939e-16,1.124336151201701e-16
8923,5.277126378164294e-13,1.42679821236426e-16,1.381972329748097e-16
8924,5.314597893880483e-13,1.430775375734386e-16,1.393117449405487e-16
8925,5.340747784989278e-13,1.361848155110042e-16,1.291152620738425e-16
8926,5.326996537327176e-13,1.339038015254161e-16,1.314788976752035e-16
8927,5.084580908821288e-13,8.804032615278328e-17,8.422531536722319e-17
8928,5.013932705266035e-13,8.365341972380255e-17,7.883164331864466e-17
8929,5.28173375829907e-13,1.440093336754978e-16,1.409888828890868e-16
8930,5.302203265467301e-13,1.245429175314752e-16,1.206834699534277e-16
8931,5.031772855973894e-13,8.605907718582721e-17,8.190068322930792e-17
8932,4.979954836280629e-13,9.572740480868696e-17,9.187976423411045e-17
8933,5.244957791263464e-13,1.396966406639752e-16,1.359366313780103e-16
8934,5.325957726628805e-13,1.284514299091637e-16,1.252793051419584e-16
8935,5.316975089217074e-13,1.407096308629666e-16,1.378852910431515e-16
8936,5.089989221579614e-13,8.239186999239776e-17,7.846375921194082e-17
8937,5.069461664755857e-13,1.091676976422676e-16,1.046439150060933e-16
8938,5.00925297439637e-13,8.814084993072731e-17,8.37895868299894e-17
8939,5.11600450688906e-13,1.294953513401301e-16,1.247811178241854e-16
8940,5.144418441737233e-13,1.108622097565428e-16,1.066584004344748e-16
8941,5.08483447981864e-13,9.710400989874098e-17,9.381189147197468e-17
8942,5.211008884704257e-13,1.345807368076224e-16,1.307369755442817e-16
8943,5.117802094691899e-13,9.384563331814804e-17,9.005490436901893e-17
8944,5.050011492292674e-13,7.637868794798551e-17,7.15269811534221e-17
8945,5.130960111492217e-13,1.275262929722375e-16,1.242779753703836e-16
8946,5.266361557765408e-13,1.405755181009724e-16,1.371262256830517e-16
8947,5.07159544497153e-13,8.848353103194385e-17,8.507784242702828e-17
8948,5.018414294075378e-13,9.07402971652356e-17,8.68602036536501e-17
8949,4.97561012232375e-13,8.884055217112925e-17,8.435645823604758e-17
8950,4.930429851653967e-13,8.638277594452022e-17,8.12438013350248e-17
8951,5.165748602066395e-13,1.332912050171698e-16,1.289300210337987e-16
8952,5.331218012929435e-13,1.40860034978613e-16,1.371041737982208e-16
8953,5.346329023190948e-13,1.395535482677042e-16,1.360038652503423e-16
8954,5.391399855265173e-13,1.354204198298508e-16,1.325237146593943e-16
8955,5.337062772222988e-13,1.322898755359226e-16,1.29062137387149e-16
8956,5.108721182876852e-13,8.827632928575725e-17,8.399540752637555e-17
8957,5.264808322835719e-13,1.379394805988202e-16,1.346751883408969e-16
8958,5.318789565485061e-13,1.37600592266969e-16,1.333195254410449e-16
8959,5.331513316006338e-13,1.279302119886139e-16,1.249625302114014e-16
8960,5.094542707562078e-13,8.925079598914543e-17,8.461769404574796e-17
8961,5.11756820396413e-13,1.215996264520866e-16,1.186057398452567e-16
8962,5.026333668125693e-13,9.084098544969449e-17,8.706143378851182e-17
8963,5.191716468138867e-13,1.260662420724513e-16,1.219645911338213e-16
8964,5.149650275164174e-13,1.115648350279427e-16,1.061490007819443e-16
8965,5.316446053486703e-13,1.404351827245232e-16,1.376153557309223e-16
8966,5.244237594077008e-13,1.148722635411616e-16,1.100336460608545e-16
8967,5.250397594996782e-13,1.272853979794529e-16,1.236044656707402e-16
8968,5.335561548657633e-13,1.42478843464029e-16,1.390886061389627e-16
8969,5.342347867011985e-13,1.411151947262722e-16,1.374158832464796e-16
8970,5.315905875657996e-13,1.216656751405107e-16,1.180416328665296e-16
8971,5.315563754279403e-13,1.319410705271701e-16,1.285319362185811e-16
8972,5.087392697396474e-13,8.615281932318662e-17,8.207331181708127e-17
8973,5.33862073000686e-13,1.435357568032039e-16,1.41257218565797e-16
8974,5.275274511722874e-13,1.055995089355244e-16,1.019887079415181e-16
8975,5.203527197755256e-13,1.236844209962715e-16,1.20058125371716e-16
8976,5.307119901114579e-13,1.379492309439266e-16,1.343301934444559e-16
8977,5.333229635668461e-13,1.344645089345044e-16,1.314784086104421e-16
8978,5.117445694840245e-13,9.394985884862583e-17,8.994923289111247e-17
8979,5.22415155857637e-13,1.348350234208649e-16,1.322266760324077e-16
8980,5.292622370585357e-13,1.3243352074855e-16,1.292041047445502e-16
8981,5.094947896998792e-13,8.718111406837141e-17,8.385834337579371e-17
8982,5.069190185097572e-13,8.124068688696128e-17,7.720495209534508e-17
8983,5.060952555246598e-13,1.123052061817529e-16,1.086218470111761e-16
8984,4.970443158101406e-13,7.590052129985294e-17,7.108051351246979e-17
8985,5.169277685677633e-13,1.285522408557322e-16,1.254792841808721e-16
8986,5.254549649899069e-13,1.246037991148422e-16,1.204255381010667e-16
8987,5.132843007781017e-13,1.012251924325973e-16,9.796760898108894e-17
8988,4.994391468878165e-13,7.159297188308026e-17,6.659442981083747e-17
8989,4.995831053603475e-13,9.154220091192717e-17,8.726276422594337e-17
8990,5.036486885319578e-13,1.039964462518708e-16,1.00224355058703e-16
8991,5.284669510010623e-13,1.390685213649017e-16,1.354128048107023e-16
8992,5.279299993843997e-13,1.165607044278137e-16,1.13218765296765e-16
8993,5.255224282305612e-13,1.263343009139688e-16,1.228483441511389e-16
8994,5.090105886375088e-13,9.04958751173987e-17,8.660101277939195e-17
8995,5.162925263495485e-13,1.238059200803756e-16,1.190630010903736e-16
8996,4.991985687157117e-13,7.550650692023265e-17,7.087846617740073e-17
8997,5.222208504284921e-13,1.342458101526381e-16,1.30653137058636e-16
8998,5.287092797810159e-13,1.343263008525155e-16,1.300927388511003e-16
8999,5.179950713322181e-13,1.095711814801402e-16,1.051174567665855e-16
9000,5.237508017360868e-13,1.259934733115718e-16,1.230498624653715e-16
9001,5.081697482787545e-13,9.166801038889708e-17,8.738948944424077e-17
9002,5.260505256316014e-13,1.377069207157872e-16,1.341670253771219e-16
9003,5.044097417304452e-13,8.249430453963559e-17,7.854605816955042e-17
9004,5.189069451464499e-13,1.244288925879142e-16,1.213188487210107e-16
9005,5.170566701219133e-13,1.015946496810725e-16,9.819052372906275e-17
9006,5.03685733338514e-13,7.780832652320841e-17,7.332981148389514e-17
9007,5.108685709094732e-13,1.124511170715591e-16,1.0777163525324e-16
9008,5.181540284184796e-13,1.224548252160277e-16,1.179256586644663e-16
9009,5.276890422824853e-13,1.358094139059283e-16,1.322291435780912e-16
9010,5.338044786579153e-13,1.335190152782156e-16,1.300967936665713e-16
9011,5.270670902073606e-13,1.25261231199644e-16,1.216398686755733e-16
9012,5.250475185819583e-13,1.118421696046603e-16,1.081396588246995e-16
9013,5.146047100710011e-13,1.043390332676287e-16,1.002072141601289e-16
9014,5.295205336638959e-13,1.38853224610343e-16,1.354518578963822e-16
9015,5.375970283507143e-13,1.340150983076845e-16,1.310537225483164e-16
9016,5.38340196110018e-13,1.291152978340902e-16,1.254937508823953e-16
9017,5.137435470047883e-13,8.624750079160155e-17,8.316702788251456e-17
9018,5.331301929073103e-13,1.355918193714168e-16,1.322469836486763e-16
9019,5.342272950017306e-13,1.308978204520183e-16,1.265630734130269e-16
9020,5.050308159083614e-13,7.485267405799394e-17,7.118939437622043e-17
9021,5.149056966568392e-13,1.243342875292166e-16,1.209725582014073e-16
9022,5.047306458775524e-13,8.468802468862754e-17,8.125674414930078e-17
9023,5.006865280086314e-13,9.013711400290929e-17,8.56967088321122e-17
9024,5.219112403732159e-13,1.299216730617312e-16,1.268958239578554e-16
9025,5.11576353787106e-13,9.450653633052749e-17,9.08094162784696e-17
9026,5.03810627705526e-13,8.861406221993237e-17,8.46075104028538e-17
9027,4.992741972445631e-13,7.260173697866565e-17,6.763097844489854e-17
9028,4.947673297731711e-13,8.825795882143047e-17,8.323293803487418e-17
9029,5.162512878258518e-13,1.248695217803126e-16,1.210468603588775e-16
9030,5.233108493043716e-13,1.17486727939882e-16,1.144203526483433e-16
9031,5.343947262669161e-13,1.366958112742753e-16,1.341850462490877e-16
9032,5.313372218449342e-13,1.218290626656577e-16,1.196133528334028e-16
9033,5.27298938713079e-13,1.203853267306206e-16,1.17375266515339e-16
9034,5.28977160389961e-13,1.265505879918793e-16,1.242031913903473e-16
9035,5.055362317679469e-13,8.385585599190958e-17,7.934812423975165e-17
9036,4.992273909105111e-13,7.921099855892121e-17,7.528288232748141e-17
9037,5.153068252932491e-13,1.244081718692559e-16,1.210172733184651e-16
9038,5.282403608103011e-13,1.250571620607631e-16,1.211212859321695e-16
9039,5.315199798954354e-13,1.328679680748614e-16,1.293744437822673e-16
9040,5.333071298280743e-13,1.243855043773284e-16,1.209379708544513e-16
9041,5.269242755511898e-13,1.170994017829981e-16,1.141414658568404e-16
9042,5.148251977273777e-13,9.664957649785761e-17,9.244590830397442e-17
9043,5.314893763889506e-13,1.362450555725244e-16,1.333594303134839e-16
9044,5.341780778801692e-13,1.318062386950026e-16,1.28684004293793e-16
9045,5.039782102864728e-13,7.480847094642069e-17,7.018133217988794e-17
9046,5.306531860837869e-13,1.356046032366549e-16,1.320967338941528e-16
9047,5.3246955940144e-13,1.28004051659729e-16,1.235314076035292e-16
9048,5.206868878117479e-13,1.117668601636954e-16,1.07311868538394e-16
9049,5.199019192117969e-13,1.185567013872516e-16,1.151185801378243e-16
9050,5.069434097734334e-13,7.764280450018291e-17,7.433043213385588e-17
9051,5.113729939104882e-13,1.182164474952166e-16,1.138054539644875e-16
9052,5.102704393945901e-13,9.222165430043181e-17,8.950066320715028e-17
9053,5.07737289984766e-13,1.018005753007089e-16,9.73955507827489e-17
9054,4.974190181381868e-13,7.888214819825383e-17,7.439319376819199e-17
9055,4.952719529194973e-13,7.696590647352143e-17,7.160813584487671e-17
9056,5.168916735922589e-13,1.294531449783101e-16,1.26134448539776e-16
9057,5.256175719637237e-13,1.200061447095254e-16,1.176077035094948e-16
9058,5.15926474944421e-13,9.64774114233043e-17,9.243127497327965e-17
9059,5.097800463030117e-13,1.062763746044411e-16,1.021012124547335e-16
9060,5.243426903109625e-13,1.297814815981956e-16,1.258413474113272e-16
9061,5.054201563196293e-13,8.191891986231989e-17,7.770380289012388e-17
9062,5.084616000461536e-13,1.054952055603132e-16,1.011624812698638e-16
9063,5.079445146407486e-13,8.794465604411387e-17,8.336998914871836e-17
9064,5.280783583785296e-13,1.378482566198733e-16,1.347461765961649e-16
9065,5.343870957609611e-13,1.320165746007447e-16,1.281245399022295e-16
9066,5.331844604485152e-13,1.209160083776237e-16,1.172170102517796e-16
9067,5.260739162834783e-13,1.251779911282894e-16,1.207080857609327e-16
9068,5.344679273687444e-13,1.329223805296661e-16,1.305200382785133e-16
9069,5.253610186691874e-13,1.133790982649596e-16,1.084822103164029e-16
9070,5.323439594409677e-13,1.349401720690594e-16,1.316751126111336e-16
9071,5.099394583141165e-13,7.937432489667897e-17,7.572518764344387e-17
9072,5.284681914974318e-13,1.327972133700718e-16,1.295430684329478e-16
9073,5.292726671233644e-13,1.114724106647551e-16,1.091933804287737e-16
9074,5.087971919296198e-13,9.040656354825256e-17,8.615718217622848e-17
9075,5.11551675892318e-13,1.128641204508034e-16,1.083444893402972e-16
9076,5.038334063410391e-13,7.642779766996175e-17,7.269886256144789e-17
9077,5.119881047714689e-13,1.124588109999345e-16,1.098538912026071e-16
9078,5.146348175341161e-13,1.008410392978795e-16,9.777477260586704e-17
9079,5.056810571309321e-13,8.190846684833263e-17,7.830781309350665e-17
9080,5.239990371961434e-13,1.28597923469097e-16,1.252171597762626e-16
9081,5.273515818921851e-13,1.201498154002049e-16,1.172921594700315e-16
9082,5.065545246178387e-13,7.704653433171328e-17,7.267137217018118e-17
9083,5.020285576671441e-13,6.770842443495431e-17,6.350566519337618e-17
9084,5.252273804204264e-13,1.316858861827515e-16,1.282237449257183e-16
9085,5.058143768691696e-13,7.591372980674773e-17,7.219130455362351e-17
9086,5.274683495653727e-13,1.340295990342992e-16,1.311406026181482e-16
9087,5.34843253261738e-13,1.31362677760088e-16,1.285078129306142e-16
9088,5.313120730864237e-13,1.24059811662146e-16,1.208346377804165e-16
9089,5.164479031036517e-13,9.564171052341158e-17,9.307663944021714e-17
9090,5.115225732336759e-13,1.008441644364186e-16,9.559965462997455e-17
9091,5.308102689377987e-13,1.303747294577272e-16,1.27513220161003e-16
9092,5.135589070019136e-13,8.78497344701809e-17,8.401546182265865e-17
9093,5.207366466822241e-13,1.149028362749793e-16,1.118505851131394e-16
9094,5.192661679357792e-13,1.007275708567573e-16,9.752071374449555e-17
9095,5.194150096693514e-13,1.154193535517572e-16,1.121366350859348e-16
9096,5.275241945590769e-13,1.322060486848931e-16,1.284007607800797e-16
9097,5.140138480717389e-13,8.846859871118456e-17,8.520848249321e-17
9098,5.309011952595627e-13,1.337068634826464e-16,1.310433189397432e-16
9099,5.268641950845525e-13,1.096896597173158e-16,1.065606301470795e-16
9100,5.012289739657042e-13,7.638664708877037e-17,7.200049052601984e-17
9101,5.195760057560042e-13,1.263005707434422e-16,1.22179917412991e-16
9102,5.330083084933312e-13,1.279070930445444e-16,1.260007359259311e-16
9103,5.321353566132609e-13,1.257104134600667e-16,1.224902668869735e-16
9104,5.253124164281258e-13,1.022108741797594e-16,9.916137426569779e-17
9105,5.135749210781221e-13,1.029468366159861e-16,1.006365540716579e-16
9106,5.282011916091694e-13,1.292376687294744e-16,1.262158454990053e-16
9107,5.077194698439956e-13,7.831329289675902e-17,7.446902765375159e-17
9108,5.050999952829659e-13,7.599651974177751e-17,7.242314741590872e-17
9109,5.259575596194185e-13,1.315499655088688e-16,1.278822495423975e-16
9110,5.302064339245626e-13,1.285351862275277e-16,1.256555673775591e-16
9111,5.168973446047814e-13,9.201551354790732e-17,8.875469284096081e-17
9112,5.120418529170041e-13,1.054945135641499e-16,1.021769151166894e-16
9113,5.217591561514356e-13,1.194082974013215e-16,1.16132362101027e-16
9114,5.007113307525108e-13,7.093002548683908e-17,6.649169154208671e-17
9115,5.023509675024029e-13,7.860307312594391e-17,7.478995698199832e-17
9116,5.016754043522296e-13,7.327607238804366e-17,6.930365408863652e-17
9117,5.004891628596617e-13,7.915961933078289e-17,7.475073469033458e-17
9118,5.032039652952545e-13,8.436310125676867e-17,8.124842810401361e-17
9119,5.106867804209311e-13,9.831430209876726e-17,9.306977948122337e-17
9120,5.159596690325722e-13,1.138481870395303e-16,1.109638394648038e-16
9121,5.217179052776029e-13,1.107588022073956e-16,1.071261551172019e-16
9122,5.103350730028015e-13,9.744310793155137e-17,9.309041618377762e-17
9123,5.225425142841088e-13,1.210154618768e-16,1.173166653017587e-16
9124,5.019482724406387e-13,7.36016542828446e-17,6.993659353764675e-17
9125,5.233932236853605e-13,1.275717840921065e-16,1.245912275971988e-16
9126,5.085224721231635e-13,7.791883691672676e-17,7.374580147213525e-17
9127,5.285634256547999e-13,1.350904324978293e-16,1.318323314566053e-16
9128,5.324003843544488e-13,1.263029839248447e-16,1.223488420461346e-16
9129,5.100971563906138e-13,8.411246725662652e-17,8.100257044646593e-17
9130,5.224185321994844e-13,1.230498683786951e-16,1.204650487913898e-16
9131,5.301046864928822e-13,1.285078934825588e-16,1.250597809158164e-16
9132,5.306154187491772e-13,1.177291066772726e-16,1.145342448226824e-16
9133,5.050780442312136e-13,7.788648793365773e-17,7.352829369654774e-17
9134,5.261570466222002e-13,1.303574383140931e-16,1.278799978879197e-16
9135,5.117312179797739e-13,8.268919307047548e-17,8.06450595334727e-17
9136,5.0991120807261e-13,1.022340076212866e-16,9.924220351572803e-17
9137,5.109958109014805e-13,9.44235754342785e-17,9.083503133717343e-17
9138,5.061011208412818e-13,7.784273040913027e-17,7.464340937601997e-17
9139,5.284003673653974e-13,1.289173624998596e-16,1.252137898679952e-16
9140,5.31910045573635e-13,1.136738427503583e-16,1.092076053173101e-16
9141,5.111133429279656e-13,8.284378660992288e-17,7.863903798383584e-17
9142,5.207023458184423e-13,1.21785423153128e-16,1.184697524796228e-16
9143,5.113658393112643e-13,8.457632625268893e-17,8.166644583823093e-17
9144,5.282815517832445e-13,1.28090898174375e-16,1.242636904626399e-16
9145,5.101874872701353e-13,8.035778999758748e-17,7.717049191272339e-17
9146,5.302752451886603e-13,1.308915608109784e-16,1.27073888724482e-16
9147,5.028075826096847e-13,6.969131960531293e-17,6.561335995131035e-17
9148,5.150486006026298e-13,1.217687040224391e-16,1.164757696318154e-16
9149,5.061405687369241e-13,8.024661438208865e-17,7.608330278081197e-17
9150,5.027928027713071e-13,8.41698939977136e-17,8.049789439362214e-17
9151,5.177639628107069e-13,1.195176701617271e-16,1.157255950584422e-16
9152,5.309772859513161e-13,1.205249483901291e-16,1.178136743987778e-16
9153,5.270760514263736e-13,1.153810313074554e-16,1.112589466166227e-16
9154,5.270427215349574e-13,1.163340974260513e-16,1.142388900394602e-16
9155,5.334457073411545e-13,1.304536883567568e-16,1.281234968981791e-16
9156,5.084874236111695e-13,7.276243095259603e-17,6.914575470168941e-17
9157,5.252677092928432e-13,1.294790138126039e-16,1.262629592907542e-16
9158,5.306803171556442e-13,1.232676798032336e-16,1.201899888064959e-16
9159,5.138927190151748e-13,8.95054754450829e-17,8.546279970182044e-17
9160,4.983254345499057e-13,6.359278039528158e-17,5.89861011025409e-17
9161,5.132482045158218e-13,1.054497262379795e-16,1.018626979667872e-16
9162,5.087191500380444e-13,9.792110730963723e-17,9.310621071553296e-17
9163,5.269959585808311e-13,1.291261749560842e-16,1.256178782707502e-16
9164,5.340687045739991e-13,1.2101224857934e-16,1.18180880384482e-16
9165,5.271843832137434e-13,1.158628744588083e-16,1.116627599884767e-16
9166,5.164961275019484e-13,8.755433555680576e-17,8.488473219761616e-17
9167,5.024404604804433e-13,6.750958756806744e-17,6.332815158509279e-17
9168,5.260030259859078e-13,1.273241113354137e-16,1.246075400580107e-16
9169,5.299792010231857e-13,1.208941824708534e-16,1.171655861556122e-16
9170,5.306341980463315e-13,1.235326583050072e-16,1.205374714391551e-16
9171,5.083800911993926e-13,7.648415265618528e-17,7.244246746668957e-17
9172,5.145474344096669e-13,1.066139856359296e-16,1.034117053518609e-16
9173,5.280838797167839e-13,1.262268508640854e-16,1.234077279936133e-16
9174,5.191456307044994e-13,9.190283331659644e-17,8.913289053416892e-17
9175,5.216774890716349e-13,1.167394424000413e-16,1.116483699248815e-16
9176,5.325669069701844e-13,1.293411931625717e-16,1.265483025922785e-16
9177,5.350722870315624e-13,1.179830956277136e-16,1.151583290223821e-16
9178,5.081801897528943e-13,7.68821709845592e-17,7.3622478584411e-17
9179,4.986293264591316e-13,7.491288119607238e-17,7.007330989678822e-17
9180,5.122344041775693e-13,1.151517830778611e-16,1.120449308228865e-16
9181,5.167346866620287e-13,9.78521446199755e-17,9.440431342017386e-17
9182,5.193159893375199e-13,1.069057514403694e-16,1.042449834614583e-16
9183,5.082021764393375e-13,8.483101742755728e-17,8.172868472670322e-17
9184,5.254743665066372e-13,1.244453533473673e-16,1.184236501112072e-16
9185,5.082242607841892e-13,7.940815736947525e-17,7.617705691820698e-17
9186,4.996378437552324e-13,6.304996351902904e-17,5.797949438493888e-17
9187,5.262652996310037e-13,1.312571154115569e-16,1.288004735232124e-16
9188,5.351368202854306e-13,1.238473669829579e-16,1.213152163197278e-16
9189,5.308599935306434e-13,1.231676984356339e-16,1.200761967981134e-16
9190,5.198760696691187e-13,9.377266357208285e-17,9.102705044926046e-17
9191,5.252437419061514e-13,1.196326973819341e-16,1.173693017594336e-16
9192,5.273698084256751e-13,1.134579028843504e-16,1.104973103094192e-16
9193,5.338467084854993e-13,1.255368947789372e-16,1.232020606127259e-16
9194,5.262851439023376e-13,1.020511186479469e-16,9.935038232476172e-17
9195,5.174438333445817e-13,9.820635052048728e-17,9.570268074078776e-17
9196,5.093051823588444e-13,8.960160264623715e-17,8.589314931796464e-17
9197,5.316844337734023e-13,1.312721058542345e-16,1.281341216653285e-16
9198,5.29106846540448e-13,1.275607497949649e-16,1.24670498979863e-16
9199,5.194652637382493e-13,9.130928758726181e-17,8.82737582823453e-17
9200,5.130845970769669e-13,9.619452178446437e-17,9.128113848352272e-17
9201,5.267661905449283e-13,1.223792528978135e-16,1.196377160443437e-16
9202,5.110948780004769e-13,7.746939243386854e-17,7.45948754127136e-17
9203,5.12516070197365e-13,1.13371472943702e-16,1.073106452475343e-16
9204,5.270102998683546e-13,1.205161198398361e-16,1.171601346285268e-16
9205,5.287454460511208e-13,1.257506584352831e-16,1.23562753501602e-16
9206,5.170854550164012e-13,8.49826209966225e-17,8.210782907622436e-17
9207,5.218325841457336e-13,1.175253689277349e-16,1.134800982925247e-16
9208,5.23694611875408e-13,1.051007207206832e-16,1.005302955318482e-16
9209,5.099572091724518e-13,8.087446130066052e-17,7.845739583875477e-17
9210,5.273462824964401e-13,1.253672606833157e-16,1.226023192217579e-16
9211,5.092665023991389e-13,7.617448476455569e-17,7.218314797612121e-17
9212,5.07061406222215e-13,9.6309203620425e-17,9.242366457405029e-17
9213,5.038003342569204e-13,8.035298394231176e-17,7.716506888017852e-17
9214,5.108450082948035e-13,9.982268520295618e-17,9.60491498664304e-17
9215,5.019007428641954e-13,8.115498015312569e-17,7.75731030135108e-17
9216,4.969316363523364e-13,6.576562939257065e-17,6.133306141906218e-17
9217,4.960519361889821e-13,8.585669760897603e-17,8.165902895241187e-17
9218,5.175055607107193e-13,1.140241560946057e-16,1.109895296346932e-16
9219,5.082213265125923e-13,8.42528184017768e-17,8.123455260326827e-17
9220,5.105852388789669e-13,1.003301145634856e-16,9.543703571786336e-17
9221,5.236803256184084e-13,1.102369877789073e-16,1.074855840624697e-16
9222,5.125618112499195e-13,9.68368780547667e-17,9.198758311894194e-17
9223,5.274760290284508e-13,1.22885408237729e-16,1.197537861601851e-16
9224,5.338087635704421e-13,1.186698170561819e-16,1.161722346298812e-16
9225,5.292903136431147e-13,1.251904550891326e-16,1.205209103022247e-16
9226,5.126348001822031e-13,7.654832886059302e-17,7.344793001579475e-17
9227,5.094334261936817e-13,9.483610574307578e-17,9.077706555902868e-17
9228,5.095348614434726e-13,8.710052474733292e-17,8.347255618842091e-17
9229,5.00735933309511e-13,8.332777106543143e-17,7.936857452664257e-17
9230,5.057021048369961e-13,9.410668937802351e-17,9.025471160406251e-17
9231,4.940410408316684e-13,6.480242585888023e-17,6.033669371434036e-17
9232,5.245941219211965e-13,1.255739971316401e-16,1.234551616548486e-16
9233,5.352980372338576e-13,1.149909146865959e-16,1.134662027283525e-16
9234,5.085448026358185e-13,7.786915091527025e-17,7.448388838181567e-17
9235,5.153508271301516e-13,1.140703966488332e-16,1.109684733587295e-16
9236,5.067969693286211e-13,8.259492012992151e-17,7.906251665988197e-17
9237,5.018318068024408e-13,8.177854712631868e-17,7.807520672268642e-17
9238,5.011864776347698e-13,8.106630175423185e-17,7.763021782076868e-17
9239,5.285640754560224e-13,1.23572668842226e-16,1.209943517389993e-16
9240,5.323552073042775e-13,1.137129387837328e-16,1.099280302736141e-16
9241,5.197564020566789e-13,9.233208167664298e-17,8.845459964052846e-17
9242,5.314119068913022e-13,1.23144519020363e-16,1.204110316525638e-16
9243,5.331865586428072e-13,1.129094521482593e-16,1.096385028982607e-16
9244,5.052951760301815e-13,6.811350338338298e-17,6.43734185069089e-17
9245,4.998275685497843e-13,6.193835106691925e-17,5.741399004518105e-17
9246,5.256535040089424e-13,1.264988349452657e-16,1.236667272138696e-16
9247,5.305810525744715e-13,1.17038574470663e-16,1.137888078716475e-16
9248,5.281746582591742e-13,1.169714418527599e-16,1.139463530503121e-16
9249,5.184086774319206e-13,9.753814332064139e-17,9.351917326905165e-17
9250,5.112562977892515e-13,7.994903140916431e-17,7.682211328045829e-17
9251,5.134318521177143e-13,1.044235773231781e-16,1.011307034721456e-16
9252,4.927388270684515e-13,6.257745095175104e-17,5.856192714270421e-17
9253,5.205004826681938e-13,1.254791615270031e-16,1.230184862550556e-16
9254,5.277204584850022e-13,1.177049551800638e-16,1.150011730221594e-16
9255,5.269612531855732e-13,1.198659347739704e-16,1.139788660213331e-16
9256,5.324932454203848e-13,1.270580012508754e-16,1.244114437594363e-16
9257,5.097526185496617e-13,7.110819448479513e-17,6.72898848536295e-17
9258,5.228470190118257e-13,1.17966709310503e-16,1.143247334428472e-16
9259,5.262062257480347e-13,1.11321725389329e-16,1.06971761150042e-16
9260,5.307384713148837e-13,1.235372635177465e-16,1.204080182116094e-16
9261,5.156716611325191e-13,8.407117739066893e-17,8.033927565513296e-17
9262,5.064575538702343e-13,8.041502558522564e-17,7.676638158207302e-17
9263,5.163702182639238e-13,1.084894448635493e-16,1.055265576167022e-16
9264,5.122010256414263e-13,8.653668496662872e-17,8.318140313406337e-17
9265,5.022232286708824e-13,7.588298514877425e-17,7.202933640020066e-17
9266,5.282866969531936e-13,1.257620014654469e-16,1.229179450100603e-16
9267,5.295888202760616e-13,1.240852031358477e-16,1.218514002051797e-16
9268,5.05206936325365e-13,7.174782456776392e-17,6.814871011032558e-17
9269,5.091916552447646e-13,1.05541814304555e-16,1.028262433938656e-16
9270,5.179689883153366e-13,1.126886753224043e-16,1.093678421341517e-16
9271,5.210118730170312e-13,1.08613045717879e-16,1.046509038952983e-16
9272,5.071478647237541e-13,7.566281185759018e-17,7.276068981014789e-17
9273,5.293407233804732e-13,1.244373723433401e-16,1.210323026950318e-16
9274,5.304882274537731e-13,1.236296463747152e-16,1.205645540637398e-16
9275,5.324344142631404e-13,1.266515706533548e-16,1.243291123622049e-16
9276,5.358554989743261e-13,1.234147249893464e-16,1.209444568426924e-16
9277,5.158359646534484e-13,8.937613088554201e-17,8.619256160178781e-17
9278,5.229154035423458e-13,1.140831573248494e-16,1.107380477336912e-16
9279,5.304667651038278e-13,1.243677871255822e-16,1.21270284468574e-16
9280,5.261186831277213e-13,1.13879205292443e-16,1.106177121722067e-16
9281,5.290530106074531e-13,1.224337867920799e-16,1.196265662312325e-16
9282,5.130085748595699e-13,9.385066888598292e-17,8.79336780858695e-17
9283,5.246720176848983e-13,1.196560647155708e-16,1.167987377509307e-16
9284,5.274147155683711e-13,1.139551571026521e-16,1.111044276292586e-16
9285,5.295257724144362e-13,1.251110296906915e-16,1.229922740888331e-16
9286,5.076117469726635e-13,7.106501578783497e-17,6.7472495038259e-17
9287,5.109825227904925e-13,1.013617890882068e-16,9.623371255714728e-17
9288,5.320259601239773e-13,1.243653259046769e-16,1.215670918448241e-16
9289,5.310873994615124e-13,1.233556648571787e-16,1.201093781007973e-16
9290,5.239470835723558e-13,8.926867901066736e-17,8.613557049163446e-17
9291,5.081629911944478e-13,7.615328665194406e-17,7.21526817787541e-17
9292,5.074916079048456e-13,8.702256727948007e-17,8.32568013528227e-17
9293,4.976069121587334e-13,6.164038874020979e-17,5.800059493665231e-17
9294,5.177595935619085e-13,1.217067837637041e-16,1.193222159884911e-16
9295,5.073197829249646e-13,7.5149016430977e-17,7.102479425077526e-17
9296,5.155472915922432e-13,1.097086690208215e-16,1.057006375812235e-16
9297,5.194347863287635e-13,1.058224698621433e-16,1.025405604758095e-16
9298,5.292449441248015e-13,1.186363935793409e-16,1.159540044781025e-16
9299,5.257444190843593e-13,1.08585871069628e-16,1.051286242204863e-16
9300,5.253812079691881e-13,1.126624613582332e-16,1.097713232971181e-16
9301,5.086204765460193e-13,7.070725620815502e-17,6.78154532384691e-17
9302,5.061877140734969e-13,9.415584466080294e-17,9.118518014325169e-17
9303,5.285164441238637e-13,1.223978107905087e-16,1.201137703897509e-16
9304,5.154126411478893e-13,8.843957690287408e-17,8.49242945960916e-17
9305,5.196674350953516e-13,1.107186586501473e-16,1.076132318372261e-16
9306,5.306992566477496e-13,1.227185654656756e-16,1.207890196870961e-16
9307,5.286307478107062e-13,1.058407232145796e-16,1.020316582834165e-16
9308,5.067530494927328e-13,7.077003773388056e-17,6.756281665842292e-17
9309,4.993241164873875e-13,6.669837515625567e-17,6.19588653347211e-17
9310,4.986434308216174e-13,6.81969213133709e-17,6.426923018959431e-17
9311,5.111422470034752e-13,1.141073896406773e-16,1.117909255143143e-16
9312,5.045011883649193e-13,7.252493344641806e-17,6.925343804483906e-17
9313,5.073922847206661e-13,9.393617325852249e-17,9.0328423934403e-17
9314,5.209095500755209e-13,1.183846496419169e-16,1.151148779024284e-16
9315,5.279838206694399e-13,1.212651804439768e-16,1.187276920272721e-16
9316,5.226670237601214e-13,9.922865901424647e-17,9.539060402999607e-17
9317,5.300788902474319e-13,1.210227187154559e-16,1.187803951047687e-16
9318,5.21004410654305e-13,9.951232351106184e-17,9.540692228274678e-17
9319,5.054335318486407e-13,7.335736726559354e-17,6.976344947486861e-17
9320,5.074133755452673e-13,8.749366463358258e-17,8.367551082930115e-17
9321,5.272955138467919e-13,1.246112951158091e-16,1.218559408212356e-16
9322,5.321274392981676e-13,1.179180738013902e-16,1.143070102171404e-16
9323,5.305835606184925e-13,1.247241840725055e-16,1.221899855575879e-16
9324,5.159753306027285e-13,9.320911940702669e-17,8.855577366152092e-17
9325,5.031835403251541e-13,7.862377632128579e-17,7.482455792373795e-17
9326,5.157300016593228e-13,1.109034275777129e-16,1.066369456465273e-16
9327,5.149463014420189e-13,9.633954106899505e-17,9.195199796681926e-17
9328,5.153343638263626e-13,9.881203065998761e-17,9.464030464067531e-17
9329,5.183676675904259e-13,1.064186313209819e-16,1.024529338191094e-16
9330,5.337595301603215e-13,1.26583702305736e-16,1.242356914094184e-16
9331,5.344753868135622e-13,1.127758126085967e-16,1.107670545382683e-16
9332,5.050708924848869e-13,6.60435980709273e-17,6.205924306619555e-17
9333,5.106203223836077e-13,9.470173231324157e-17,9.033328782714576e-17
9334,5.187627286262883e-13,1.075658248031217e-16,1.028384019647313e-16
9335,5.314020713307248e-13,1.168968031803654e-16,1.135450789716012e-16
9336,5.310773141508354e-13,1.171101048200594e-16,1.148056803392181e-16
9337,5.337126598908955e-13,1.147362556808184e-16,1.119203729864201e-16
9338,5.343345592383549e-13,1.229110202549403e-16,1.206830832870527e-16
9339,5.359922255038915e-13,1.248385050750073e-16,1.226007777270515e-16
9340,5.092201728114138e-13,6.509180375653587e-17,6.177803940525953e-17
9341,5.273274337011389e-13,1.200612825397241e-16,1.176953796686407e-16
9342,5.328694503197615e-13,1.237691552679636e-16,1.217165763175916e-16
9343,5.116832321079416e-13,7.303074446598522e-17,7.044964807808905e-17
9344,5.071061857254626e-13,8.941353932616066e-17,8.603720544461584e-17
9345,5.222009158676216e-13,1.159655533478572e-16,1.134241183312502e-16
9346,5.182128202600302e-13,8.604961175803942e-17,8.257844237999142e-17
9347,5.272892237826412e-13,1.163898017799879e-16,1.144314851265092e-16
9348,5.275679890128933e-13,1.205112145910212e-16,1.177473524781134e-16
9349,5.278993575926399e-13,9.918942774442678e-17,9.615298435381372e-17
9350,5.168684349625901e-13,9.661891383845627e-17,9.249658524134996e-17
9351,5.118731323360397e-13,9.34820222660899e-17,9.058549812787143e-17
9352,5.100060837704739e-13,9.388185214405393e-17,9.028015767565331e-17
9353,5.285080963277044e-13,1.239770134588726e-16,1.216744155381524e-16
9354,5.318988554668783e-13,1.20943213611166e-16,1.184339850203527e-16
9355,5.318251936445723e-13,1.116043087067617e-16,1.102737121364288e-16
9356,5.057492530173658e-13,6.357245090836526e-17,6.001841802816048e-17
9357,5.220324656628726e-13,1.188189570805292e-16,1.167577736658796e-16
9358,5.293370219971865e-13,1.21411126616787e-16,1.189416754176845e-16
9359,5.32382815282218e-13,1.113350635664907e-16,1.089163171075555e-16
9360,5.239559162796373e-13,1.044996491646237e-16,1.001402734087983e-16
9361,5.048499982932293e-13,7.118100303804487e-17,6.723181410058077e-17
9362,5.062707645466229e-13,8.761515782407387e-17,8.4401934580627e-17
9363,5.060987473326222e-13,8.402836020287732e-17,8.070365743205778e-17
9364,5.193084106842284e-13,1.148118259491343e-16,1.112530149885385e-16
9365,5.166484034440299e-13,9.011913448582414e-17,8.756550124494022e-17
9366,5.308993076654192e-13,1.199801612687027e-16,1.169741221313526e-16
9367,5.305444398980025e-13,1.076955327923189e-16,1.039670422019972e-16
9368,5.341160793899269e-13,1.217817629264318e-16,1.198429230318802e-16
9369,5.349068855761662e-13,1.205618409656879e-16,1.175888648657664e-16
9370,5.276586503180457e-13,1.037474128114807e-16,9.942839008535734e-17
9371,5.357611959132268e-13,1.222231995980196e-16,1.193835594606531e-16
9372,5.344050792646918e-13,1.17671944743434e-16,1.146182791982236e-16
9373,5.238163649430621e-13,9.709489552660693e-17,9.304298604299745e-17
9374,5.094314127768528e-13,8.736272361571341e-17,8.34044091982473e-17
9375,5.277046567349564e-13,1.216997020185532e-16,1.160715648871849e-16
9376,5.112476053331667e-13,7.56808212577545e-17,7.210616636275247e-17
9377,5.201420431686437e-13,1.096507495992543e-16,1.069872861442606e-16
9378,5.270405510394005e-13,1.172930641876214e-16,1.139122888240833e-16
9379,5.251492798637827e-13,9.852744529496823e-17,9.516900896431498e-17
9380,5.254478958645104e-13,1.108879823154154e-16,1.073851715688012e-16
9381,5.213203567342672e-13,9.454043660550554e-17,9.144065889077144e-17
9382,5.250105498037475e-13,1.117095497799268e-16,1.079901017301428e-16
9383,5.290978341938942e-13,1.102658988710768e-16,1.073880062189618e-16
9384,5.056144606402667e-13,6.748239385441253e-17,6.391727081166086e-17
9385,5.22371284836231e-13,1.166427221679721e-16,1.135105989966175e-16
9386,5.272535301150498e-13,1.229914791868099e-16,1.191555733117277e-16
9387,5.057257988610635e-13,7.109899427337112e-17,6.73430517691587e-17
9388,5.104279504011085e-13,1.012804463695833e-16,9.794572664598546e-17
9389,5.149423998799688e-13,8.983881446301793e-17,8.578628802631433e-17
9390,5.107388473911687e-13,9.74735269003323e-17,9.414333559972272e-17
9391,5.269807924485631e-13,1.212003767174394e-16,1.189393814475201e-16
9392,5.033516916694104e-13,6.940524613870348e-17,6.542356708771962e-17
9393,4.986823108532037e-13,6.444665852252248e-17,6.033652494725279e-17
9394,5.251400771703294e-13,1.215885571324688e-16,1.185947108855484e-16
9395,5.287684302612392e-13,1.244994351798164e-16,1.21337111100094e-16
9396,5.181913196776375e-13,8.770941493002714e-17,8.50137552275816e-17
9397,5.135412558895707e-13,9.542234906729567e-17,9.159359105056033e-17
9398,5.211240671905773e-13,1.085316921743956e-16,1.055342598296427e-16
9399,5.078022257376001e-13,7.139000984664016e-17,6.820862777606479e-17
9400,4.976146439652863e-13,7.45804305135745e-17,6.973745521174045e-17
9401,4.989414106996497e-13,6.926878796373451e-17,6.547346176967479e-17
9402,4.982534643833811e-13,7.817704598161226e-17,7.423824207682981e-17
9403,5.1600076601298e-13,1.152384392009432e-16,1.113060410417161e-16
9404,5.299925584405408e-13,1.206567903102488e-16,1.183834817514875e-16
9405,5.034040130330038e-13,6.376499586559645e-17,5.978185919754259e-17
9406,5.242241633485444e-13,1.230787584446116e-16,1.196076935412893e-16
9407,5.046682777191869e-13,6.322260609796583e-17,5.913695293433718e-17
9408,5.105707757263963e-13,9.377029890046966e-17,8.841274606022774e-17
9409,5.241546581069113e-13,1.162568885187556e-16,1.135222290624707e-16
9410,5.054028125699768e-13,6.939915639938745e-17,6.591049543471096e-17
9411,5.004893460915612e-13,6.375285771090953e-17,5.917780018101886e-17
9412,5.049379904800949e-13,9.344418128644929e-17,8.89676566668794e-17
9413,5.147287449467914e-13,1.023040434433285e-16,1.001138775712366e-16
9414,5.286631607905462e-13,1.164898419355997e-16,1.137425089344702e-16
9415,5.342818827221985e-13,1.210536107140954e-16,1.156198008240286e-16
9416,5.330687507994866e-13,1.234298413944161e-16,1.224252650597924e-16
9417,5.303337851545211e-13,9.806974215346257e-17,9.616612307119969e-17
9418,5.074266544240566e-13,6.703751834070491e-17,6.322506267063835e-17
9419,5.275398125540929e-13,1.189597164778271e-16,1.155399467928884e-16
9420,5.084740686179394e-13,7.26912912577127e-17,6.864598984095558e-17
9421,5.087739741548933e-13,8.919463671435093e-17,8.461808104346268e-17
9422,5.150018792490081e-13,9.782024143215713e-17,9.147903441531543e-17
9423,5.210019330532812e-13,1.063245784954308e-16,1.025369088725587e-16
9424,5.060462555134675e-13,6.891686471016049e-17,6.478432023231409e-17
9425,5.010285579150806e-13,7.193515584410864e-17,6.745690919540242e-17
9426,5.071059504518394e-13,9.856475618789074e-17,9.484799958163089e-17
9427,5.239773771248544e-13,1.083494552457679e-16,1.060294790531586e-16
9428,5.072490921311835e-13,7.784847999373272e-17,7.487191795015364e-17
9429,5.160973854766851e-13,1.047789228692195e-16,1.014130537610585e-16
9430,5.165720273615844e-13,1.020534751851539e-16,9.669845746375002e-17
9431,5.237666175020602e-13,1.137899571215875e-16,1.105475992910188e-16
9432,5.252039742576132e-13,1.017955062904823e-16,9.866170607672177e-17
9433,5.301214743771604e-13,1.159139560804102e-16,1.123146271772026e-16
9434,5.093037072415397e-13,7.8318588679181e-17,7.48228615167153e-17
9435,5.05435262132568e-13,7.111343252200457e-17,6.817902431038129e-17
9436,5.289968533722995e-13,1.238945391136354e-16,1.216687222663868e-16
9437,5.318856722653465e-13,1.066217613103749e-16,1.031587763368758e-16
9438,5.322027962031454e-13,1.200338159596292e-16,1.181911281558365e-16
9439,5.339083079329858e-13,1.215924679500606e-16,1.199160179012482e-16
9440,5.311192914136924e-13,1.097339223729344e-16,1.072236515650948e-16
9441,5.285633978664087e-13,1.068375390260038e-16,1.039841838930852e-16
9442,5.051140137093485e-13,6.748521547192508e-17,6.370715592325803e-17
9443,4.96234345539796e-13,7.059717314230148e-17,6.608639218165881e-17
9444,5.009115326899037e-13,7.708079854355078e-17,7.341970501342203e-17
9445,5.0906999452422e-13,1.011736641604627e-16,9.825449943058198e-17
9446,5.114338865888997e-13,8.67809789439941e-17,8.322166411096262e-17
9447,5.022466733578832e-13,6.503142577607459e-17,6.135466277584904e-17
9448,5.071909789553035e-13,9.617399170152708e-17,9.222999489267906e-17
9449,5.263360716106978e-13,1.212449391704165e-16,1.181666433667942e-16
9450,5.191889804227385e-13,9.844144494118717e-17,9.449393121883502e-17
9451,5.159133641617752e-13,9.734965738022268e-17,9.42844578749741e-17
9452,5.120980656496539e-13,7.90918884121137e-17,7.512520104606783e-17
9453,5.123508363676355e-13,9.142421044488653e-17,8.604352325024414e-17
9454,5.065011694541485e-13,7.272415205437041e-17,6.939167769353864e-17
9455,5.027364808155606e-13,7.134180474372387e-17,6.731428541588192e-17
9456,5.141614046049595e-13,1.075510454624439e-16,1.029221009434976e-16
9457,5.200383614687389e-13,1.045662235708325e-16,1.00672909456992e-16
9458,5.19495125164535e-13,9.782143488020676e-17,9.428440877676785e-17
9459,5.147958297656547e-13,9.625125939717868e-17,9.342839818898942e-17
9460,5.256583550525039e-13,1.15112828765411e-16,1.127540093005682e-16
9461,5.068428195744877e-13,6.961090307517007e-17,6.63169294910981e-17
9462,5.303767520291516e-13,1.209928228480719e-16,1.177984601733503e-16
9463,5.167970805192121e-13,9.203782223208077e-17,8.689198819910813e-17
9464,5.066823496629379e-13,7.242372575920761e-17,6.94511994201764e-17
9465,4.975021190583825e-13,6.029711415034148e-17,5.570837587292621e-17
9466,5.096696090055749e-13,9.655390284220592e-17,9.020886519841774e-17
9467,5.171854209872091e-13,1.064012222029663e-16,1.037350547888281e-16
9468,5.263623155648016e-13,1.037060653041643e-16,1.005231333687194e-16
9469,5.30065442896893e-13,1.210500020589999e-16,1.187104037271859e-16
9470,5.152382261919604e-13,8.184986010830917e-17,7.871910636809174e-17
9471,5.139599264525256e-13,9.684126753270421e-17,9.298334312063781e-17
9472,5.145355374265162e-13,9.38797007578022e-17,8.891260305220881e-17
9473,5.321562608166888e-13,1.200646777433584e-16,1.173291855960338e-16
9474,5.305055931240035e-13,1.185259553438156e-16,1.150100432187539e-16
9475,5.295069875641898e-13,1.096377397195609e-16,1.034616990725784e-16
9476,5.136307332267484e-13,6.808961626084505e-17,6.449779309445139e-17
9477,5.304554422943005e-13,1.217742121995653e-16,1.188133674519098e-16
9478,5.352892806399905e-13,1.194625036018076e-16,1.166115130060933e-16
9479,5.194651634329332e-13,7.889167523590134e-17,7.587367524528054e-17
9480,5.364193580612864e-13,1.253263169004823e-16,1.222402621047566e-16
9481,5.395753133525152e-13,1.134352432978751e-16,1.110965503049931e-16
9482,5.345739361667991e-13,1.195243162832144e-16,1.168766231714906e-16
9483,5.373369220579655e-13,1.143289649090101e-16,1.121982745398214e-16
9484,5.183185063437318e-13,8.33556046874318e-17,8.065516426012732e-17
9485,5.086292858689191e-13,6.834256599854723e-17,6.506605622105011e-17
9486,5.167872432875952e-13,1.110275167592288e-16,1.050139283646309e-16
9487,5.040833296409944e-13,7.000245160166658e-17,6.70166541888268e-17
9488,5.267229633246943e-13,1.215941917343403e-16,1.191297713255645e-16
9489,5.323156472772744e-13,1.146924968570776e-16,1.118131352334171e-16
9490,5.170237192951261e-13,8.522692572098035e-17,8.256149118171737e-17
9491,5.281304329518434e-13,1.210454062497608e-16,1.178801722402775e-16
9492,5.184628300693154e-13,7.977454087753741e-17,7.596948001254597e-17
9493,5.033105505355624e-13,6.026513988444254e-17,5.564219400890987e-17
9494,5.018964456470493e-13,6.969860518678098e-17,6.565792471716982e-17
9495,5.112190919793896e-13,1.04384550645273e-16,9.904012066652738e-17
9496,5.122343856378768e-13,8.995522236506992e-17,8.70608286196587e-17
9497,5.057178871382164e-13,6.758581989968664e-17,6.402564585882874e-17
9498,5.16374732365461e-13,1.061090682177332e-16,1.023997688070772e-16
9499,5.183468832915818e-13,9.464536287043751e-17,9.059066530989321e-17
9500,5.322541279696174e-13,1.166746486904249e-16,1.127771276735862e-16
9501,5.310779145298641e-13,1.131006438151731e-16,1.093705241672799e-16
9502,5.089835686226392e-13,6.566398951506797e-17,6.187756433303905e-17
9503,5.250169924848267e-13,1.176028822943395e-16,1.143306708592594e-16
9504,5.052231412848457e-13,6.616367253368264e-17,6.261869057042966e-17
9505,5.006406459887383e-13,8.219874611469384e-17,7.818765486595216e-17
9506,5.216998191623098e-13,1.163321375464176e-16,1.132956429702677e-16
9507,5.198296374983056e-13,9.73043528293447e-17,9.289024265148329e-17
9508,5.204273941369957e-13,1.07403279714717e-16,1.014405812324245e-16
9509,5.091265607984381e-13,7.27129633563342e-17,6.906486925037608e-17
9510,5.161953245010128e-13,1.07701332008882e-16,1.051297693219174e-16
9511,5.057585608243458e-13,7.004679977588295e-17,6.719354208665934e-17
9512,5.304802573642758e-13,1.239151852047686e-16,1.216713328569176e-16
9513,5.216762794451301e-13,1.019711188803326e-16,9.825096509612316e-17
9514,5.23220065808337e-13,1.087132758348407e-16,1.05720697993392e-16
9515,5.279207123322292e-13,1.048124637662027e-16,1.023158993272032e-16
9516,5.142857342014147e-13,8.422961424438921e-17,8.04588198193608e-17
9517,5.141651679137471e-13,9.647992884852607e-17,9.315906570953228e-17
9518,5.009331508040272e-13,6.761332747054458e-17,6.427904995465745e-17
9519,5.068828967563056e-13,9.316747435438834e-17,9.006082130381343e-17
9520,4.990980016220507e-13,5.995697055683381e-17,5.63056877855504e-17
9521,5.048653103977462e-13,9.792241026043355e-17,9.355147970591458e-17
9522,5.156374511049051e-13,1.04002276829488e-16,1.001799942812111e-16
9523,5.161069092284917e-13,9.696837783054955e-17,9.438704007518242e-17
9524,5.096156930372009e-13,7.579398872010997e-17,7.328839101239689e-17
9525,4.998878104013791e-13,7.354249957447777e-17,6.958502841421319e-17
9526,5.103916019943671e-13,1.010088893669366e-16,9.794773327033596e-17
9527,5.238042726640516e-13,1.152708628963313e-16,1.128488125601098e-16
9528,5.091846402734137e-13,6.825013095428512e-17,6.499533503728076e-17
9529,5.019024089744711e-13,7.34096869918516e-17,7.015336014383411e-17
9530,4.969467382754673e-13,5.934017320879564e-17,5.595027997182652e-17
9531,5.123074469545673e-13,1.125091721068111e-16,1.088001313996151e-16
9532,5.061870115767739e-13,7.191372977638252e-17,6.894721211591715e-17
9533,5.0038046808138e-13,6.749405428912398e-17,6.372444812504912e-17
9534,5.031913716975334e-13,8.749392178241627e-17,8.450220615751464e-17
9535,5.087860503594701e-13,9.392963222575874e-17,9.126038783402447e-17
9536,5.24011546435669e-13,1.145024592613997e-16,1.104775101415514e-16
9537,5.280831624843608e-13,1.185317631307889e-16,1.155527796475237e-16
9538,5.098169834312247e-13,7.208688635407481e-17,6.823924398754283e-17
9539,5.120567157301115e-13,1.01206101394971e-16,9.872582060974216e-17
9540,5.289101779289968e-13,1.161954460745596e-16,1.134535657843923e-16
9541,5.128940506532176e-13,7.582043696946074e-17,7.300010803137883e-17
9542,5.026433148472322e-13,7.519002526880649e-17,7.167108624908399e-17
9543,5.257861584634134e-13,1.169723364505083e-16,1.142781363527973e-16
9544,5.018159066937052e-13,6.249104336513449e-17,5.850842362988862e-17
9545,4.996204038196827e-13,7.780878824479841e-17,7.361368558469927e-17
9546,5.092781651091793e-13,9.505116136406026e-17,9.188042395685621e-17
9547,5.072842846187188e-13,7.4787638707711e-17,7.11407203652312e-17
9548,5.07111179358236e-13,9.390470168863073e-17,9.012966185127324e-17
9549,5.006093422501311e-13,7.017332534775261e-17,6.666640903761462e-17
9550,5.041385935375031e-13,9.215208249446544e-17,8.905549149078391e-17
9551,4.970490753510173e-13,6.485041737405986e-17,6.064209622516394e-17
9552,5.051527520552546e-13,9.755399474337762e-17,9.383262292426993e-17
9553,5.222933307460028e-13,1.085754593871386e-16,1.043515785723959e-16
9554,5.225130788797617e-13,1.189345019207859e-16,1.161007948853888e-16
9555,5.339800670912556e-13,1.21051922744419e-16,1.182128802641313e-16
9556,5.376836480349812e-13,1.213628366429946e-16,1.178623822295949e-16
9557,5.275822141745204e-13,1.008116760844713e-16,9.66538284349047e-17
9558,5.216259066557762e-13,9.538228110519427e-17,9.258007051408349e-17
9559,5.265529113558606e-13,1.101201353167972e-16,1.069903094489253e-16
9560,5.225696329502263e-13,9.755330757355139e-17,9.362894455516483e-17
9561,5.026296528366852e-13,6.21013862253971e-17,5.734669499405031e-17
9562,5.053600067958862e-13,9.085533691368765e-17,8.555301840320502e-17
9563,4.96670649046944e-13,5.199510819420843e-17,4.755936829073344e-17
9564,5.285038013448695e-13,1.222281931449842e-16,1.189246824260815e-16
9565,5.205482575203782e-13,8.077052924809288e-17,7.821084280265682e-17
9566,5.209469830882794e-13,1.108383363702466e-16,1.072093554771237e-16
9567,5.046107886325216e-13,6.711177794301627e-17,6.331094486456528e-17
9568,5.091053986178683e-13,9.007067274347539e-17,8.568910615862805e-17
9569,5.281231216551563e-13,1.20334346411472e-16,1.161530214129952e-16
9570,5.317707692746538e-13,1.127352402142634e-16,1.092173131967365e-16
9571,5.303653308249316e-13,1.123614347366363e-16,1.088074590479947e-16
9572,5.343070277307277e-13,1.179726022383367e-16,1.146658458721014e-16
9573,5.352875461787052e-13,1.162136772252355e-16,1.135923189825429e-16
9574,5.329378173532081e-13,1.137817705040186e-16,1.111570628336139e-16
9575,5.360456550934031e-13,1.172254110664715e-16,1.138075549713786e-16
9576,5.338957731383079e-13,1.199519586753067e-16,1.167573436129935e-16
9577,5.353590024750219e-13,1.177275250561972e-16,1.147350008665444e-16
9578,5.352361455227721e-13,1.112306090755066e-16,1.081263025372781e-16
9579,5.240073106590636e-13,9.782729696741601e-17,9.491733602701834e-17
9580,5.341748003135354e-13,1.18820690340472e-16,1.157690745354143e-16
9581,5.253311048705147e-13,9.277447028438549e-17,8.97266426994754e-17
9582,5.140941139011441e-13,8.919898184893219e-17,8.431700720286512e-17
9583,5.154613508019601e-13,8.661379221103738e-17,8.125847242645316e-17
9584,5.213714755127826e-13,1.114371858613009e-16,1.088234762026569e-16
9585,5.047021593279653e-13,6.201088126803402e-17,5.856373221375255e-17
9586,5.170290055315111e-13,1.08381473658958e-16,1.05005583748956e-16
9587,4.98248426186879e-13,5.849599052974936e-17,5.425559488369402e-17
9588,5.003737276372735e-13,6.260781492357976e-17,5.868335345925039e-17
9589,4.967695762241634e-13,6.90868334017656e-17,6.527528372593613e-17
9590,5.198278678047952e-13,1.157569826948191e-16,1.12212589574808e-16
9591,5.31059019187323e-13,1.074769156819279e-16,1.049519246497232e-16
9592,5.122456936295267e-13,7.398202816106673e-17,7.052478706039539e-17
9593,5.137766082470161e-13,9.701716589013815e-17,9.40805357549002e-17
9594,4.989807346183036e-13,6.054431898595622e-17,5.649459077664535e-17
9595,4.939144034094675e-13,5.280944084898211e-17,4.807635015944651e-17
9596,4.996041992579975e-13,8.750530493642519e-17,8.375476850859358e-17
9597,5.175069589285389e-13,1.07447218527184e-16,1.018236882590708e-16
9598,5.264592156872228e-13,1.076504666699591e-16,1.047690850746009e-16
9599,5.269364555035995e-13,1.195375098348732e-16,1.159158930729884e-16
9600,5.369175631157976e-13,1.171230726982863e-16,1.144491281019712e-16
9601,5.100568732977009e-13,6.628553138145853e-17,6.229525481311555e-17
9602,5.00258107250999e-13,5.282191005905667e-17,4.793486162398385e-17
9603,5.2537346503555e-13,1.212961626272665e-16,1.184719804577917e-16
9604,5.049103128192408e-13,6.171171366191192e-17,5.819622829058355e-17
9605,5.037021186925766e-13,5.882634621654627e-17,5.498454721859058e-17
9606,5.267065402706892e-13,1.183254702195322e-16,1.153377549117249e-16
9607,5.137399024697948e-13,7.644095964100163e-17,7.317462379275552e-17
9608,5.064834632759547e-13,7.115513473018597e-17,6.795403164332215e-17
9609,5.027699215140401e-13,7.002027323554005e-17,6.602092368846311e-17
9610,5.24118236987967e-13,1.169730136899694e-16,1.145376196742506e-16
9611,5.270195202003559e-13,9.490551984559273e-17,9.222555242614711e-17
9612,5.293248370780836e-13,1.175065695435311e-16,1.135546772844263e-16
9613,5.319147942034322e-13,1.075289801384534e-16,1.033748986133998e-16
9614,5.09693705475607e-13,6.715949808788808e-17,6.370532862659969e-17
9615,5.143398805118413e-13,1.046537160747151e-16,1.003287586298177e-16
9616,5.09561993454127e-13,7.548676928124459e-17,7.222359445296754e-17
9617,5.101105371892257e-13,9.437071162530617e-17,9.067116540498726e-17
9618,5.15059460120448e-13,9.45182602210903e-17,8.949741491773227e-17
9619,5.046683637575944e-13,6.83626076101628e-17,6.463374775114253e-17
9620,5.195476017092962e-13,1.046170879380993e-16,1.006851605103644e-16
9621,5.299630427603116e-13,1.191284853473088e-16,1.164690793426319e-16
9622,5.086755596052033e-13,6.803863205636205e-17,6.442870252947471e-17
9623,5.00531595097611e-13,5.177351196516591e-17,4.736714187653627e-17
9624,4.994055011585216e-13,8.211176350570516e-17,7.927205275017944e-17
9625,5.25186063438913e-13,1.158389938751545e-16,1.127875776341255e-16
9626,5.305550961295377e-13,1.181264746255241e-16,1.155894397927061e-16
9627,5.038538045313515e-13,6.147981702524854e-17,5.864196722356027e-17
9628,4.982207149803561e-13,7.431091149725333e-17,7.002880143559267e-17
9629,5.205684617996144e-13,1.147670134716524e-16,1.113531656296181e-16
9630,5.087955250589951e-13,6.851745150521535e-17,6.471459448064007e-17
9631,5.174815464563976e-13,1.106588297689384e-16,1.067974692500806e-16
9632,5.321932469174255e-13,1.178587773769558e-16,1.143247615672891e-16
9633,5.324120028263914e-13,1.125766220948812e-16,1.106299967210182e-16
9634,5.178600191112303e-13,8.265273107550244e-17,7.887729192509977e-17
9635,5.138944849272619e-13,9.107281975690222e-17,8.754571637551787e-17
9636,5.052687227379052e-13,7.174936960368656e-17,6.816318350437354e-17
9637,5.252248047089735e-13,1.197430579137479e-16,1.158913411604829e-16
9638,5.317102771566987e-13,1.103903061644736e-16,1.073767606687218e-16
9639,5.217210929125171e-13,9.511109335372124e-17,9.357845137966353e-17
9640,5.115931975993331e-13,7.26496471046351e-17,6.87833186491428e-17
9641,5.004117757808907e-13,6.900742200253833e-17,6.5536772023932e-17
9642,4.991961959830758e-13,6.853529460003809e-17,6.466282663063828e-17
9643,5.019866614129302e-13,7.450305474324735e-17,7.060824215000778e-17
9644,5.051964282380306e-13,8.452838934094317e-17,8.12316162549805e-17
9645,5.135995696391741e-13,1.010354325729316e-16,9.774346541330084e-17
9646,5.248433853988551e-13,1.04488229804403e-16,1.010202905388462e-16
9647,5.303762297589579e-13,1.13736749827494e-16,1.106297129471168e-16
9648,5.315247580052627e-13,1.119394584783527e-16,1.088172225676371e-16
9649,5.079550816850664e-13,7.218937383033205e-17,6.893824870764697e-17
9650,5.322969061112288e-13,1.226620135041358e-16,1.193289581411071e-16
9651,5.274138925875944e-13,9.179496644431473e-17,8.914319300364348e-17
9652,5.325656621051395e-13,1.189992123552196e-16,1.162600147783852e-16
9653,5.18898902486908e-13,7.658573978271138e-17,7.383640223987072e-17
9654,5.106698410570113e-13,8.512858998897983e-17,8.187949685062222e-17
9655,5.285103932728527e-13,1.191606105342664e-16,1.170817196951801e-16
9656,5.04228488614267e-13,6.418015297781506e-17,6.13067154412971e-17
9657,4.991511713171075e-13,5.572570776977328e-17,5.112233602808952e-17
9658,4.980325136068331e-13,7.010762298793641e-17,6.609108337387516e-17
9659,4.998093071679465e-13,8.09318800931278e-17,7.72838098716404e-17
9660,5.118474278576644e-13,9.72291770786786e-17,9.403794564442427e-17
9661,5.120511092044387e-13,8.541852478119246e-17,8.154042802761911e-17
9662,5.316389224256115e-13,1.202855273717351e-16,1.171670866988483e-16
9663,5.318394857232022e-13,1.128377353592271e-16,1.091014476091331e-16
9664,5.325403285073801e-13,1.125880251539606e-16,1.094309810642815e-16
9665,5.158751055768059e-13,7.438768888128388e-17,7.038263579777685e-17
9666,5.078372210732025e-13,8.036901867743354e-17,7.732317066363725e-17
9667,5.166468613345415e-13,9.963165697509764e-17,9.661620334799264e-17
9668,5.133912026743936e-13,8.801567251059477e-17,8.44245727179242e-17
9669,5.245155430124452e-13,1.064891654609605e-16,1.021835449047855e-16
9670,5.202198727822112e-13,9.501388972338594e-17,8.996011418124022e-17
9671,5.095553176030474e-13,7.587347742834509e-17,7.182299682389361e-17
9672,5.181546136563787e-13,1.102933009755352e-16,1.064299623307298e-16
9673,5.297531246841285e-13,1.209888657166217e-16,1.181354428134947e-16
9674,5.036473440637438e-13,6.234504377066084e-17,5.837427205539614e-17
9675,5.193148121982793e-13,1.120668971896416e-16,1.085555444963187e-16
9676,5.068086866559382e-13,6.486626395321031e-17,6.09848229305415e-17
9677,5.311770318121523e-13,1.203613195991666e-16,1.172474889715338e-16
9678,5.342944567457916e-13,1.182340454975984e-16,1.154580692663529e-16
9679,5.304064673138819e-13,1.035522004636783e-16,1.000755637284206e-16
9680,5.025872659308128e-13,5.662405743173286e-17,5.257516245818919e-17
9681,5.020892475694908e-13,5.952364769951959e-17,5.463654374287708e-17
9682,5.231688134407255e-13,1.190557082499404e-16,1.160723943334582e-16
9683,5.19546539017139e-13,9.204104491807657e-17,8.804678672481908e-17
9684,5.277851147376565e-13,1.119149871876459e-16,1.088383535889862e-16
9685,5.265145149716073e-13,9.737647140463224e-17,9.433118297981356e-17
9686,5.063698481147614e-13,6.694414832408461e-17,6.348315987257024e-17
9687,4.984936238572955e-13,6.077900799976374e-17,5.63049447073232e-17
9688,5.183543916783405e-13,1.134637344905702e-16,1.099084672356408e-16
9689,5.138307638212955e-13,8.182807983378032e-17,7.889687050406704e-17
9690,5.21248857628897e-13,1.066695498412094e-16,1.034820194725481e-16
9691,5.048762849578506e-13,6.61054627415727e-17,6.196240730195843e-17
9692,5.061998658006719e-13,9.554099616995373e-17,9.229492271599811e-17
9693,5.058283304164211e-13,8.163091116973386e-17,7.827119203183828e-17
9694,5.267815465428749e-13,1.159387379350317e-16,1.126188595110694e-16
9695,5.273624806381667e-13,1.037694724849906e-16,1.007668394147153e-16
9696,5.149670392338452e-13,8.188148158286403e-17,7.825917725768385e-17
9697,5.085516224932946e-13,7.371318046792967e-17,7.031012654155378e-17
9698,5.319491886142664e-13,1.177714275220628e-16,1.146957939486328e-16
9699,5.350793586951453e-13,1.091526065869939e-16,1.061719620473045e-16
9700,5.180883862037635e-13,8.252987051648904e-17,8.005932114165045e-17
9701,5.020303314101983e-13,6.107463390903803e-17,5.695940691819945e-17
9702,5.009646329871317e-13,6.151505302355055e-17,5.748035046500763e-17
9703,5.195474029417376e-13,1.132002693587724e-16,1.098912018446237e-16
9704,5.289446508156841e-13,1.183058484060797e-16,1.14871844243877e-16
9705,5.097094667179779e-13,7.297007682986716e-17,6.930028850598761e-17
9706,5.067570179287486e-13,8.798957498031394e-17,8.352355898548516e-17
9707,5.056590335168927e-13,7.793838872737515e-17,7.453864807226188e-17
9708,4.983264893586248e-13,6.379298155113332e-17,5.977747685620266e-17
9709,4.963614886095735e-13,5.559923845156493e-17,5.126025314459758e-17
9710,5.159533913751436e-13,1.132203798891963e-16,1.102458375131405e-16
9711,5.216201739315671e-13,9.177841481651905e-17,8.856127085293782e-17
9712,5.189126933332066e-13,9.925871637255957e-17,9.592533517536792e-17
9713,5.136021229829789e-13,9.124316397469079e-17,8.620617465675021e-17
9714,5.029428864936992e-13,5.986147078467667e-17,5.613451120979351e-17
9715,5.238391887080307e-13,1.155302856426188e-16,1.120682161571772e-16
9716,5.321995147360533e-13,1.151949277685746e-16,1.117484937470816e-16
9717,5.257685567708315e-13,9.523937443162823e-17,9.13801637285596e-17
9718,5.21798342067367e-13,1.017392998120567e-16,9.822822596235828e-17
9719,5.036801874339925e-13,5.991521104306071e-17,5.591876460579273e-17
9720,5.066386810267453e-13,8.608749267337493e-17,8.083236371420532e-17
9721,5.260075505901968e-13,1.191778646055323e-16,1.169167450061564e-16
9722,5.294578350466789e-13,1.002986043964111e-16,9.670709011783492e-17
9723,5.188074696715215e-13,9.520076209559789e-17,9.23433696349959e-17
9724,5.210585897052228e-13,1.021047817147718e-16,9.807811795529857e-17
9725,5.240943487930307e-13,1.12661103714401e-16,1.093941837645117e-16
9726,5.252643010825704e-13,9.290085070778052e-17,9.03401726089727e-17
9727,5.337281853379602e-13,1.193949602203346e-16,1.160918652805392e-16
9728,5.275194595803167e-13,1.152400901461717e-16,1.113301973893696e-16
9729,5.230413960423602e-13,9.599983374978904e-17,9.10994455160646e-17
9730,5.135558261244347e-13,8.125677753801841e-17,7.811655843939447e-17
9731,4.979404235189524e-13,5.828517608542096e-17,5.388581635495283e-17
9732,4.947509419781659e-13,6.456335077637416e-17,5.993642584850224e-17
9733,5.195350775815276e-13,1.132521858565687e-16,1.095746099765412e-16
9734,5.166976877840686e-13,8.65507512979937e-17,8.30376156191867e-17
9735,5.183408901196891e-13,1.034803517166113e-16,1.000991391331265e-16
9736,5.181085094081128e-13,9.652348912707757e-17,9.137305825026385e-17
9737,5.208061219760828e-13,9.566380297604375e-17,9.158220815545211e-17
9738,5.303416468562361e-13,1.142108532003415e-16,1.108814593568054e-16
9739,5.312468675218769e-13,1.097339493561513e-16,1.063539250323122e-16
9740,5.192172733167041e-13,8.570160700301384e-17,8.255934783131094e-17
9741,5.200011512869591e-13,1.045694728461893e-16,1.017822234043401e-16
9742,5.087318611875143e-13,7.208249994112918e-17,6.862769793565869e-17
9743,5.042538484823069e-13,8.23681882343318e-17,7.817126216567814e-17
9744,4.963946107245817e-13,5.734516895000548e-17,5.289823618710873e-17
9745,5.234419321112021e-13,1.176215228464569e-16,1.143559464029456e-16
9746,5.015797578188646e-13,5.823723235870943e-17,5.449615574776025e-17
9747,5.19664657060363e-13,1.141173151883129e-16,1.108976419353875e-16
9748,5.209134882407284e-13,8.704805364175276e-17,8.312889169747703e-17
9749,5.206087391890479e-13,1.022654375187921e-16,9.904587013115127e-17
9750,5.042063906350882e-13,6.493207814809024e-17,6.140263587081045e-17
9751,5.203540886764986e-13,1.111603872048235e-16,1.075438297576855e-16
9752,5.001029497960588e-13,5.688193612747154e-17,5.307211802520248e-17
9753,5.035732686838766e-13,8.452783620661473e-17,8.078724776831462e-17
9754,5.237304910933947e-13,1.189848057148557e-16,1.150593228990447e-16
9755,5.050889739283382e-13,6.454026826404373e-17,6.11074109610497e-17
9756,5.218268049323611e-13,1.149567775057399e-16,1.10769297698705e-16
9757,5.132123246662469e-13,8.018709274664913e-17,7.705399325339765e-17
9758,5.273208479651566e-13,1.163831410469038e-16,1.129920384689744e-16
9759,5.179725683016956e-13,8.405766418816127e-17,8.114784424655037e-17
9760,5.265400622135767e-13,1.105186653851295e-16,1.068687520559993e-16
9761,5.126839519388463e-13,7.536723037323005e-17,7.148968300542358e-17
9762,5.242559695554616e-13,1.127674010250766e-16,1.100615190258961e-16
9763,5.284866304205695e-13,1.028903888577816e-16,9.877114476704866e-17
9764,5.316864328792295e-13,1.148836528130333e-16,1.121898508387002e-16
9765,5.043565161133691e-13,5.708779956131485e-17,5.33060985978707e-17
9766,5.249291986004747e-13,1.154229246235541e-16,1.117085242110279e-16
9767,5.105574526332491e-13,7.204254582004239e-17,6.813138143668591e-17
9768,5.196988718031408e-13,1.12622136730283e-16,1.09136161731928e-16
9769,5.265035827068254e-13,1.014431899744215e-16,9.862967319778355e-17
9770,5.193875633551453e-13,9.067940058253783e-17,8.719317754215404e-17
9771,5.289087308305653e-13,1.1808648316817e-16,1.155028523036616e-16
9772,5.339162938158101e-13,1.080641408727927e-16,1.059257711951025e-16
9773,5.310322594179928e-13,1.130769306386582e-16,1.103980279635362e-16
9774,5.053597113801469e-13,5.778861673599187e-17,5.404352236316247e-17
9775,5.124945832304584e-13,8.479159497835753e-17,7.950939653630603e-17
9776,5.328786509274989e-13,1.2185885816709e-16,1.152280282701091e-16
9777,5.045591074468457e-13,5.818745582312391e-17,5.432591325737039e-17
9778,5.279947424734702e-13,1.197808817757179e-16,1.165848547219628e-16
9779,5.045783601971724e-13,6.048935736749177e-17,5.676526070523672e-17
9780,5.066831011576022e-13,8.580990366088066e-17,8.065442749015432e-17
9781,5.059985017647007e-13,8.473323150698723e-17,8.018423663208833e-17
9782,5.235754946404416e-13,1.116161489050466e-16,1.080749140948521e-16
9783,5.183805185739364e-13,9.190012476763332e-17,8.814940834916582e-17
9784,5.265503921727613e-13,1.091937083847643e-16,1.066577914970667e-16
9785,5.17365689325152e-13,8.737380652377182e-17,8.435564271199259e-17
9786,5.067056939191272e-13,6.972974766516764e-17,6.622412975700739e-17
9787,4.979268335430238e-13,5.783069557576442e-17,5.336605534626441e-17
9788,4.960162798824127e-13,6.881208341001719e-17,6.420795598932371e-17
9789,4.945011528033396e-13,5.65569322839349e-17,5.174734256061245e-17
9790,4.932812312115918e-13,5.389910435906175e-17,4.902952633438338e-17
9791,5.054018379667353e-13,1.005634188293504e-16,9.671206335558187e-17
9792,5.083426792466368e-13,8.897182873943858e-17,8.321626241444534e-17
9793,5.181899203069137e-13,1.091312098357474e-16,1.061270552472374e-16
9794,5.046256578265975e-13,6.657671119359164e-17,6.253356450605736e-17
9795,4.986831365341636e-13,5.240197299093207e-17,4.77714279365868e-17
9796,5.018848539787537e-13,8.27943584684097e-17,7.86879956024916e-17
9797,5.036204326066259e-13,8.477046850063841e-17,8.060533348557554e-17
9798,5.022006796984423e-13,7.377481268462542e-17,6.971083846802517e-17
9799,5.087735961031881e-13,8.789673500618194e-17,8.234718562118014e-17
9800,5.323199167652077e-13,1.198868828928841e-16,1.16214657807797e-16
9801,5.303964888568087e-13,1.164004636130705e-16,1.131359397479318e-16
9802,5.25051796283368e-13,9.126527676466422e-17,8.893006645770039e-17
9803,5.021766378172872e-13,5.430280785260546e-17,5.028044963832271e-17
9804,5.277474950128244e-13,1.175168447531792e-16,1.146160162638955e-16
9805,5.251308995103994e-13,1.034231015649281e-16,9.99504992058071e-17
9806,5.293675380296454e-13,1.112335972431384e-16,1.073610997012198e-16
9807,5.194717053229876e-13,8.446047709264082e-17,8.09286211391778e-17
9808,5.281795100926046e-13,1.087438100646697e-16,1.049589513874462e-16
9809,5.2336829880826e-13,9.61029512822443e-17,9.119422504201912e-17
9810,5.315158781721858e-13,1.14114182818048e-16,1.103399594761743e-16
9811,5.21474059442205e-13,8.715447307000084e-17,8.269016756320547e-17
9812,5.132548821876388e-13,8.07242972905322e-17,7.67238353986663e-17
9813,5.260403050171723e-13,1.076798558824264e-16,1.041665347948398e-16
9814,5.201357660454402e-13,9.584864915691093e-17,9.075170313385469e-17
9815,5.269488283201453e-13,1.118712586220015e-16,1.089775640196182e-16
9816,5.27380873659386e-13,1.134328399094754e-16,1.105283745081121e-16
9817,5.28577618927233e-13,9.951940149212185e-17,9.692038426390579e-17
9818,5.341676867171528e-13,1.152948774217485e-16,1.124020531164663e-16
9819,5.282772022632011e-13,1.098246795456243e-16,1.074217008095373e-16
9820,5.194767459863102e-13,8.855846842102888e-17,8.419676074709466e-17
9821,5.176298742744007e-13,9.891121389870934e-17,9.48176510857379e-17
9822,5.244233747722892e-13,1.079745711081816e-16,1.036730262367433e-16
9823,5.207378410002981e-13,9.960008731969037e-17,9.608474377290097e-17
9824,5.247967820091552e-13,1.042565400737893e-16,1.009015563557677e-16
9825,5.131924537456541e-13,8.850437473605664e-17,8.312808691185474e-17
9826,5.077860516306755e-13,7.834257080691584e-17,7.461628778422156e-17
9827,5.005658267399202e-13,7.118706190365158e-17,6.670344221634194e-17
9828,5.067662024112453e-13,8.14136434195312e-17,7.738194684387287e-17
9829,5.130682814298709e-13,9.372700782412989e-17,8.991044787694383e-17
9830,4.975678711846574e-13,5.779667016977103e-17,5.357771370933196e-17
9831,5.140008172506076e-13,1.039146423825861e-16,1.011345738389183e-16
9832,5.100712013420586e-13,7.599682730713375e-17,7.217310136210655e-17
9833,5.273237180453903e-13,1.147903713507003e-16,1.119491241361341e-16
9834,5.315197716135489e-13,1.068650749190576e-16,1.040502177474617e-16
9835,5.210826432477557e-13,8.953599563768871e-17,8.637644517036255e-17
9836,5.117474978340413e-13,7.777173510316978e-17,7.502340072030047e-17
9837,5.25320817932707e-13,1.15378425613951e-16,1.128909843888615e-16
9838,5.3168640302401e-13,1.170662484296545e-16,1.143707579942905e-16
9839,5.31234568870982e-13,1.071841091218514e-16,1.042758817469832e-16
9840,5.308963026026785e-13,1.077215576119518e-16,1.042033407458959e-16
9841,5.246812449261315e-13,9.411467013610629e-17,9.118407345776725e-17
9842,5.299302470973618e-13,1.150597895553513e-16,1.105141750585683e-16
9843,5.021437814166618e-13,5.475947980835056e-17,5.063367466519622e-17
9844,5.281893177384426e-13,1.192782512176458e-16,1.161243358955677e-16
9845,5.060709516290024e-13,6.337721623921068e-17,5.939368643003504e-17
9846,5.133198962217324e-13,1.00386849590306e-16,9.473023642200175e-17
9847,5.023482278869319e-13,6.384607776014189e-17,5.99371395691333e-17
9848,5.030441328190269e-13,8.197713692185028e-17,7.788269888427622e-17
9849,5.080826082493193e-13,8.363461975383463e-17,7.920849523225973e-17
9850,5.207762668083003e-13,1.066669670746981e-16,1.024057054252773e-16
9851,5.209695569086037e-13,1.029694417216709e-16,9.694393852136682e-17
9852,5.023175507302616e-13,5.604047678192537e-17,5.205737549889345e-17
9853,5.315930879037727e-13,1.181165859356106e-16,1.151337600818813e-16
9854,5.208363638501084e-13,9.051698866890259e-17,8.628807070142613e-17
9855,5.315400900700374e-13,1.177443162522381e-16,1.141873934750892e-16
9856,5.100917632301851e-13,6.65092463417171e-17,6.286641581278755e-17
9857,5.057753782015616e-13,7.66686565602962e-17,7.31959530954194e-17
9858,5.14476433113794e-13,1.036638806751938e-16,1.001380425811065e-16
9859,5.248161249708957e-13,1.05352184897127e-16,1.026214215897308e-16
9860,5.036018365716632e-13,6.13621370057974e-17,5.728286407211069e-17
9861,5.191687700709874e-13,1.073973032652837e-16,1.046064789240851e-16
9862,5.314876954162639e-13,1.172468121233864e-16,1.148966364230265e-16
9863,5.039779960090828e-13,5.793813779484528e-17,5.392438456192926e-17
9864,5.277034186901055e-13,1.188390029595149e-16,1.163300613821686e-16
9865,5.246338804595101e-13,8.621885733817495e-17,8.300184436731566e-17
9866,5.0123801729939e-13,6.148768719007373e-17,5.731265469571784e-17
9867,5.226715129534648e-13,1.152425018914098e-16,1.121650321163539e-16
9868,5.279256373410984e-13,1.183499060543931e-16,1.14803378409381e-16
9869,5.09514301690959e-13,7.016076699082286e-17,6.652632523769289e-17
9870,5.309043223358539e-13,1.202526230122732e-16,1.181196973767525e-16
9871,5.20509552284174e-13,7.921258866460579e-17,7.584902321903712e-17
9872,5.033118482705505e-13,6.025005184080638e-17,5.607107633232586e-17
9873,5.053741968126223e-13,8.658208199467136e-17,8.287193900707331e-17
9874,5.016273763290545e-13,7.456957375399337e-17,7.162640427411798e-17
9875,4.973463022951564e-13,6.068840124189963e-17,5.652030506345915e-17
9876,4.934531715067142e-13,5.351195223297614e-17,4.830601952303282e-17
9877,5.197889796697687e-13,1.148689368218664e-16,1.113529571251054e-16
9878,5.280104865665602e-13,1.154969711645637e-16,1.129747118019426e-16
9879,5.297821515452087e-13,1.015562599286806e-16,9.869359487965573e-17
9880,5.167652881553276e-13,8.322493971876283e-17,7.994789612577674e-17
9881,5.160302464010184e-13,9.37162472197025e-17,8.944296133268374e-17
9882,5.282768892996069e-13,1.174900578846197e-16,1.145575608199599e-16
9883,5.266957278646139e-13,1.005041826759811e-16,9.660178199825107e-17
9884,5.018152996712773e-13,6.185555794825748e-17,5.781431039370608e-17
9885,5.296235061467664e-13,1.198480423281689e-16,1.176234372412449e-16
9886,5.263288841740476e-13,1.072345191967131e-16,1.042297473874705e-16
9887,5.29852252736303e-13,1.090044455058494e-16,1.063898626149034e-16
9888,5.286819360098944e-13,1.140927657590941e-16,1.109987301983283e-16
9889,5.341324986030758e-13,1.039658791939185e-16,1.004210057857655e-16
9890,5.279149244741214e-13,1.06047989188217e-16,1.018194966540023e-16
9891,5.315895006197997e-13,1.074350705696819e-16,1.038501390536261e-16
9892,5.190495289297798e-13,9.137812004396211e-17,8.69248746580444e-17
9893,5.021769728494598e-13,6.484313913999177e-17,6.057274115511115e-17
9894,5.182512101309047e-13,1.036058360102039e-16,9.991037374632239e-17
9895,5.268910466725087e-13,1.163718870095613e-16,1.134740040280493e-16
9896,5.124004302768404e-13,7.01877110864476e-17,6.660359691956075e-17
9897,5.057293600315245e-13,6.029436509634505e-17,5.598884262717774e-17
9898,5.168924264677083e-13,1.065242362324763e-16,1.02385316950366e-16
9899,5.146607464453156e-13,9.059634918957363e-17,8.695970006564302e-17
9900,5.277400483059052e-13,1.084035706800645e-16,1.039072705218509e-16
9901,5.038416407050355e-13,6.457611103932697e-17,5.972414961968221e-17
9902,5.189462028462521e-13,1.089204647879927e-16,1.050725394087875e-16
9903,5.299028347532378e-13,1.190603435122948e-16,1.165278694796444e-16
9904,5.11808278687464e-13,6.906794718921389e-17,6.534476404282575e-17
9905,5.277453042953081e-13,1.146579920934633e-16,1.104554620981014e-16
9906,5.308004692752987e-13,1.028121481780709e-16,9.792355722726627e-17
9907,5.091839193186916e-13,6.306353979452974e-17,5.850393072918025e-17
9908,5.346965077918324e-13,1.220120773720982e-16,1.18882109644312e-16
9909,5.344976896771589e-13,1.142670741926198e-16,1.108201030664327e-16
9910,5.189580433182052e-13,8.298603158540234e-17,7.892908471376853e-17
9911,5.104767450955704e-13,8.465623556157906e-17,8.07283497345652e-17
9912,5.2696928637352e-13,1.185543495218628e-16,1.153990302429477e-16
9913,5.328782019650552e-13,1.183221477815337e-16,1.147966716263252e-16
9914,5.331752895504106e-13,1.181897420331834e-16,1.151014209394404e-16
9915,5.101391118053993e-13,6.270505520719628e-17,5.897009716605497e-17
9916,5.088399191024446e-13,9.158327976451631e-17,8.734733420375273e-17
9917,5.257354388935798e-13,1.09839095294316e-16,1.058071082290941e-16
9918,4.996749810390363e-13,5.828403796267305e-17,5.433693343725999e-17
9919,5.168251492695903e-13,1.113765828389063e-16,1.079773398082494e-16
9920,5.211871372967589e-13,8.584707724081006e-17,8.195832574614135e-17
9921,5.198298225394254e-13,1.026961750223992e-16,9.917106307004303e-17
9922,5.234256405739075e-13,1.025592013866039e-16,9.880635113252007e-17
9923,5.109627035434413e-13,7.51304718791938e-17,7.183650227759855e-17
9924,5.06002126809281e-13,7.846281271656335e-17,7.491328212140892e-17
9925,5.131132301888471e-13,9.124571806582468e-17,8.825148915258018e-17
9926,5.235289921368535e-13,1.028408705339024e-16,9.848735550275849e-17
9927,5.079510696939819e-13,7.251577262453698e-17,6.889893374385857e-17
9928,5.048748948512881e-13,7.38159704539883e-17,7.008706951351628e-17
9929,5.09292612975822e-13,8.816085878494548e-17,8.341980206282341e-17
9930,5.262086594406128e-13,1.151514462015208e-16,1.119279839757242e-16
9931,5.316147557287332e-13,1.149728832106797e-16,1.117205822319609e-16
9932,5.140983691256735e-13,7.505376150984803e-17,7.153684238595158e-17
9933,5.231791200599327e-13,1.11965246165285e-16,1.082453450189099e-16
9934,5.276605466650547e-13,9.855764334702176e-17,9.516350921261606e-17
9935,5.302158313459416e-13,1.161357133395088e-16,1.127218319024063e-16
9936,5.280640574822606e-13,1.153806289198145e-16,1.122837596580946e-16
9937,5.042457449459042e-13,5.675925836233607e-17,5.30863095322669e-17
9938,4.958795782789528e-13,5.351891525657931e-17,4.845027591370806e-17
9939,5.093179939385266e-13,9.9990646783167e-17,9.549044876720823e-17
9940,5.055478059800076e-13,7.270482826528867e-17,6.875154751469633e-17
9941,5.029287903402796e-13,5.734095122666069e-17,5.287045713257751e-17
9942,5.181135653617886e-13,1.070408580210867e-16,1.031807502705038e-16
9943,5.014791042623949e-13,5.92954220204445e-17,5.503100716095504e-17
9944,4.943610877925168e-13,5.41264434888768e-17,4.920088588937448e-17
9945,4.903676490436719e-13,5.033822284524501e-17,4.516634207152934e-17
9946,5.029191349475601e-13,8.571932182767087e-17,8.088073972765134e-17
9947,4.991952050800822e-13,5.567442418754098e-17,5.128097888188198e-17
9948,5.285489529263469e-13,1.190021012037703e-16,1.165206260034043e-16
9949,5.239050328362238e-13,8.296998784564686e-17,8.009053175350967e-17
9950,5.157711549624333e-13,8.687240745426751e-17,8.282873973928667e-17
9951,5.241572076852744e-13,1.117595895447396e-16,1.09138473187479e-16
9952,5.270658429085519e-13,9.725411893266559e-17,9.463558019912994e-17
9953,5.143281191489199e-13,8.753160345156006e-17,8.213280401224926e-17
9954,5.049400060351488e-13,6.977500585406429e-17,6.60017035393283e-17
9955,5.265314183997468e-13,1.162332871676208e-16,1.127201093441209e-16
9956,5.146470524807924e-13,7.769321744438275e-17,7.446487507845559e-17
9957,5.221611574531691e-13,1.035999822132151e-16,9.966404545915915e-17
9958,5.212426827003188e-13,9.898169744469965e-17,9.514694835979292e-17
9959,5.294266240828059e-13,1.130489366424101e-16,1.095741373164925e-16
9960,5.141027154745049e-13,7.766928075803123e-17,7.459316503292436e-17
9961,5.166433059108786e-13,1.047423155318066e-16,1.009013722793293e-16
9962,5.271777936127884e-13,1.116983685916877e-16,1.081084282194391e-16
9963,5.183967546249108e-13,9.999450649899644e-17,9.590092340874377e-17
9964,5.094760906783655e-13,7.019213355481349e-17,6.59718150846422e-17
9965,5.200005898160229e-13,1.042928340670538e-16,9.771755317781393e-17
9966,5.320377488688116e-13,1.125197758837152e-16,1.08428597726455e-16
9967,5.105516491009885e-13,7.188660258842212e-17,6.724995978603807e-17
9968,5.278650574461769e-13,1.154012501646641e-16,1.109995679762885e-16
9969,5.226276222802825e-13,8.569812204163326e-17,8.188874092070435e-17
9970,5.2682370423802e-13,1.134697480241431e-16,1.054361981670067e-16
9971,5.213741053330995e-13,1.001879688274635e-16,9.629582281604588e-17
9972,5.034970772005506e-13,6.05227410876632e-17,5.665712208546874e-17
9973,4.966742602585461e-13,5.100100351656045e-17,4.609847202947969e-17
9974,4.934616434530439e-13,6.314131741634856e-17,5.850274555571732e-17
9975,4.979150944855189e-13,6.601555069322982e-17,6.181010383379502e-17
9976,5.15879039160147e-13,1.09875948663189e-16,1.068150257338276e-16
9977,5.228781471887279e-13,9.260625522635443e-17,8.938291840991445e-17
9978,5.192204883785728e-13,9.521131182877196e-17,9.16603482219465e-17
9979,5.112788474960148e-13,7.781381077054731e-17,7.362122272741112e-17
9980,5.112823839456889e-13,8.839440732807284e-17,8.239164418229738e-17
9981,5.242411302161009e-13,1.129930967556216e-16,1.103162943546299e-16
9982,5.188055561998279e-13,8.442519262393435e-17,8.112966935720513e-17
9983,5.061952128729342e-13,6.155207162853094e-17,5.782851849991516e-17
9984,5.081198996677513e-13,8.487501806609002e-17,8.149884007673949e-17
9985,5.138710742133209e-13,9.124921879777917e-17,8.724419022660614e-17
9986,5.072618667190018e-13,7.17091859392829e-17,6.809509899131555e-17
9987,5.138683588584735e-13,1.011950386663393e-16,9.724996680804962e-17
9988,5.202286903749251e-13,9.374963791455352e-17,9.038785022039828e-17
9989,5.309074051623029e-13,1.115466931333118e-16,1.075332829565743e-16
9990,5.32495414079983e-13,1.066404750781324e-16,1.018963215886866e-16
9991,5.08230614524712e-13,6.707728444817488e-17,6.336879437316941e-17
9992,5.002269467248043e-13,6.552529125858085e-17,6.149035667894855e-17
9993,5.19759374822686e-13,1.158123152518099e-16,1.12891457102676e-16
9994,5.241354677471755e-13,9.863472129569953e-17,9.434563889825042e-17
9995,4.987700891584534e-13,5.289231219558558e-17,4.861902983733637e-17
9996,4.987200836588911e-13,5.407455768260817e-17,4.919821851013857e-17
9997,5.250497275322494e-13,1.187675598540352e-16,1.15658629619025e-16
9998,5.310390920974828e-13,1.115742038290743e-16,1.085862059032172e-16
9999,5.134926938333413e-13,7.750687545542455e-17,7.302982849952961e-17
10000,5.136294545595091e-13,9.93440996082888e-17,9.462180469316936e-17
