{
  "uin": 0.3,
  "n_iter": 200,
  "inlet": "inlet",
  "outlet": "outlet",
  "p_in_Pa": 101326.7097387503,
  "p_out_Pa": 101325.0,
  "dp_Pa": 1.7097387503017671,
  "mdot_in_kgps": 0.000367500000003675,
  "mdot_out_kgps": -0.0003655658883782301,
  "mdot_in_abs_kgps": 0.000367500000003675,
  "mdot_out_abs_kgps": 0.0003655658883782301
}