iter,continuity,x-velocity,y-velocity,energy
1,1.0,0.0008561423492723716,0.0001702202245115399,1.122084318529537e-05
2,0.4827841455579508,0.0007395951687788553,7.376701361200639e-05,9.481730636714393e-06
3,0.2595689536796616,0.000613774512705794,3.568554261466806e-05,6.63647189484194e-06
4,0.1332581768318918,0.000483973988044584,1.827767727293774e-05,3.607651464463719e-06
5,0.07004282896546206,0.0003575718774165977,9.685763268037764e-06,2.163806740779979e-06
6,0.04893312353396834,0.000258330311296885,5.36297593474184e-06,1.687327318981542e-06
7,0.0407130272319945,0.0001925560734859583,3.123646216639939e-06,1.470472020565602e-06
8,0.03358755946518651,0.0001506369344370313,1.930677333718193e-06,1.336158644494863e-06
9,0.02636850421975593,0.0001241876747680461,1.286112980988141e-06,1.236363128445865e-06
10,0.02054269062402036,0.0001060738869955107,9.54554295398579e-07,1.156859203396734e-06
11,0.01563726992161078,9.322893057066848e-05,7.549551288457775e-07,1.091201383483778e-06
12,0.01190355891438627,8.332002081192161e-05,6.212320240898354e-07,1.031904777633409e-06
13,0.009309450798412982,7.526209005251534e-05,5.237489774963119e-07,9.783988817518515e-07
14,0.007735757654442482,6.854171322627453e-05,4.498901316686696e-07,9.294254334267564e-07
15,0.006766218124871611,6.25306648174252e-05,3.922385976728151e-07,8.842683421645298e-07
16,0.006181580665822719,5.699073111513447e-05,3.446769251331475e-07,8.398191904822652e-07
17,0.00573437827692852,5.179423412647713e-05,3.052816174897082e-07,7.947441461763836e-07
18,0.005200194965580125,4.698568298128377e-05,2.7306496401782e-07,7.478459578460359e-07
19,0.004582613839535708,4.260199707621845e-05,2.457728915708117e-07,6.990835203404292e-07
20,0.003977920757548942,3.864754393460016e-05,2.216163693372123e-07,6.462145693056651e-07
21,0.003459377665827083,3.509298877281273e-05,2.00214092635857e-07,5.897738556242994e-07
22,0.003035048263147268,3.188802581703384e-05,1.812408705482946e-07,5.331490563931002e-07
23,0.002696824314897534,2.899190605124226e-05,1.648291933020619e-07,4.735671217954957e-07
24,0.002425009259950366,2.636939391864139e-05,1.503391352164383e-07,4.151506512159161e-07
25,0.002196217827053858,2.398519874282281e-05,1.374950888974385e-07,3.58974651455166e-07
26,0.002001317668881643,2.180741462112345e-05,1.26084564363647e-07,3.062226884584803e-07
27,0.001830126069078678,1.981677095827984e-05,1.157554387531902e-07,2.578534089279203e-07
28,0.00167820270599156,1.799680546039415e-05,1.062567700726919e-07,2.147193099638265e-07
29,0.001540469145261512,1.633250814677461e-05,9.764484537777027e-08,1.771761556042516e-07
30,0.001414173632994562,1.481073812175438e-05,8.984616993788692e-08,1.450997959102501e-07
31,0.001297443444581377,1.341902937061228e-05,8.27647573221596e-08,1.183541672622266e-07
32,0.001188732745311908,1.214516341669411e-05,7.625116075409056e-08,9.645397706059587e-08
33,0.001088173872997067,1.097980733805578e-05,7.032204309950307e-08,7.877227984085589e-08
34,0.000996046585510575,9.91431137201834e-06,6.490194982093835e-08,6.474720064503317e-08
35,0.0009103849623746754,8.941016987151557e-06,5.994533019159162e-08,5.384621859047571e-08
36,0.0008307915933611224,8.05207205447636e-06,5.537301109130293e-08,4.52774822184996e-08
37,0.0007571341293718328,7.242265814629614e-06,5.112311025765304e-08,3.84546465861318e-08
38,0.0006896598554384867,6.504391785412581e-06,4.717222803723958e-08,3.289918740082654e-08
39,0.0006273899459781197,5.833510702320222e-06,4.348776907262167e-08,2.828240534225702e-08
40,0.0005696806617306972,5.223710651388335e-06,4.006637402521157e-08,2.440924147929868e-08
41,0.0005165771716368324,4.671169202683919e-06,3.689356658633994e-08,2.112790303283506e-08
42,0.0004678697169058976,4.170970383445701e-06,3.394082860012187e-08,1.829471154068193e-08
43,0.0004232570900555207,3.718712991821834e-06,3.119934997533752e-08,1.584139850074174e-08
44,0.0003825085722377567,3.310351566145368e-06,2.86368352944602e-08,1.372709460960944e-08
45,0.0003452806513725195,2.94220996762755e-06,2.625279542326752e-08,1.190089952919052e-08
46,0.0003115422222194427,2.61092674604018e-06,2.402383618495572e-08,1.031933344756582e-08
47,0.0002804800117165194,2.31313041369967e-06,2.194689940725086e-08,8.956524836703042e-09
48,0.0002520986549743243,2.046006551851457e-06,2.001208173096475e-08,7.775077892377003e-09
49,0.0002262685467047813,1.806747559311248e-06,1.822006903192815e-08,6.750770751963827e-09
50,0.0002027250022060309,1.592842128210235e-06,1.655200556039644e-08,5.862830145725293e-09
51,0.0001817747885935443,1.401990804334497e-06,1.501088083305143e-08,5.089520770222715e-09
52,0.0001627598181733723,1.231921496265456e-06,1.359175241484514e-08,4.416122288350182e-09
53,0.0001453978804702817,1.080547922267103e-06,1.228154367153528e-08,3.82991360765683e-09
54,0.0001299105144685325,9.463427458459127e-07,1.107626195609955e-08,3.319919026393559e-09
55,0.0001160237187462101,8.274851211149761e-07,9.970075508764263e-09,2.876396715775772e-09
56,0.0001036923673954027,7.224046505832965e-07,8.959959979209624e-09,2.490796962214419e-09
57,9.274068592741293e-05,6.296240073752043e-07,8.037188111686795e-09,2.155743006869215e-09
58,8.29115549383844e-05,5.479276641202743e-07,7.195766785119676e-09,1.864576291528234e-09
59,7.405502764742272e-05,4.760252986970209e-07,6.433933416741803e-09,1.611695583018538e-09
60,6.600961496561359e-05,4.12820096636854e-07,5.743336082137982e-09,1.392182508159026e-09
61,5.89337686290381e-05,3.574508383986215e-07,5.11788943634765e-09,1.201682463988843e-09
62,5.257221363014631e-05,3.089889959713379e-07,4.556672391748204e-09,1.036548000202736e-09
63,4.686773243540171e-05,2.666642881648469e-07,4.052188364044924e-09,8.93457127315334e-10
64,4.177570171260551e-05,2.297668438167473e-07,3.597201995935937e-09,7.696267047663108e-10
65,3.720434038322418e-05,1.976545281984834e-07,3.186504142608474e-09,6.625081918433965e-10
66,3.312632865797163e-05,1.697531565962078e-07,2.817047354940659e-09,5.699551358455962e-10
67,2.940181540869118e-05,1.455562223000637e-07,2.486067060776588e-09,4.900318689310659e-10
68,2.603938287648297e-05,1.246230568282059e-07,2.190034889097705e-09,4.210678186376013e-10
69,2.322240930252916e-05,1.065553375130087e-07,1.928038513855872e-09,3.616310848598223e-10
70,2.067234503677373e-05,9.097385302213476e-08,1.696048245580579e-09,3.104186932109814e-10
71,1.849134122696415e-05,7.756760500204866e-08,1.49312063449047e-09,2.663427219625897e-10
72,1.661997494899695e-05,6.60446183041214e-08,1.314106921752411e-09,2.284479600504442e-10
73,1.506213964839664e-05,5.61602556594565e-08,1.15752796990464e-09,1.958952171086172e-10
74,1.357009479056836e-05,4.77000332030215e-08,1.021484234976928e-09,1.679531349089502e-10
75,1.213051596301806e-05,4.046542372012169e-08,8.998149626091493e-10,1.439855690386055e-10
76,1.08427415296745e-05,3.429305402007129e-08,7.914538270800611e-10,1.234415329275136e-10
77,9.835659982487697e-06,2.904096330085729e-08,6.966482181187944e-10,1.058413610608801e-10
78,9.001552863201176e-06,2.458490538182234e-08,6.150439237610674e-10,9.077202807762553e-11
79,8.320106421647675e-06,2.080360065960644e-08,5.454610234115431e-10,7.787611381476605e-11
80,7.732893725701421e-06,1.759779441603444e-08,4.861351109601816e-10,6.684799262503787e-11
81,7.388099002833567e-06,1.481361519224089e-08,4.302114304481448e-10,5.741424400767232e-11
82,6.909153352140192e-06,1.252162413915677e-08,3.842696579521939e-10,4.933694077465948e-11
83,6.55048428471356e-06,1.062098936349825e-08,3.446728050309634e-10,4.242855289477372e-11
84,6.219666210533752e-06,9.040934280878683e-09,3.132940745017776e-10,3.652485864861836e-11
85,5.833893082723618e-06,7.715726795474897e-09,2.862667957987478e-10,3.148014719342776e-11
86,5.569017897008798e-06,6.556063165070306e-09,2.578906580895925e-10,2.715108988586351e-11
87,5.261947024551922e-06,5.64609300381139e-09,2.354735393170429e-10,2.344744147413271e-11
88,4.948593300102778e-06,4.897222916629196e-09,2.14345679471116e-10,2.028170938654805e-11
89,4.791783643652583e-06,4.275587980402612e-09,1.974447931691048e-10,1.757488933584222e-11
90,4.740364513375069e-06,3.771512076873754e-09,1.862357130236205e-10,1.525566056365812e-11
91,4.681213840549537e-06,3.354907181083909e-09,1.788521883055374e-10,1.326480680601038e-11
92,4.748648814309335e-06,3.020106408500031e-09,1.761179835662732e-10,1.155306137616778e-11
93,4.743957496267479e-06,2.752684969712581e-09,1.746210045080628e-10,1.008229200704367e-11
94,4.618040591860798e-06,2.486757679686067e-09,1.690228577038185e-10,8.780595895522784e-12
95,4.446961912014061e-06,2.26905545470015e-09,1.613559532713621e-10,7.674879393460692e-12
96,4.30359528261499e-06,2.097174650473069e-09,1.566183170459897e-10,6.722034194106571e-12
97,4.215191800737881e-06,1.947700099189065e-09,1.508127767395063e-10,5.898791308388236e-12
98,4.243909627393095e-06,1.813297305302073e-09,1.459941795704306e-10,5.186998204677802e-12
99,4.190672705062304e-06,1.68582652670343e-09,1.426307139593975e-10,4.569513249239335e-12
100,4.077760439184421e-06,1.571678658329297e-09,1.387182425578215e-10,4.032156878912475e-12
101,3.87267297104003e-06,1.468196358527736e-09,1.324812449794729e-10,3.562529403027173e-12
102,3.687052261844359e-06,1.372888919512397e-09,1.255224874738797e-10,3.150951698756193e-12
103,3.495244004232017e-06,1.267850291171679e-09,1.180684518036046e-10,2.789839578263733e-12
104,3.289988081210306e-06,1.159085846096674e-09,1.097769209504639e-10,2.472168861248726e-12
105,3.140532161769986e-06,1.057223903645404e-09,1.007874638148215e-10,2.192051636228415e-12
106,2.921585168337074e-06,9.646911952461573e-10,9.353971931900018e-11,1.94479602929732e-12
107,2.661992001532628e-06,8.779736989053949e-10,8.650651227691616e-11,1.726391783493781e-12
108,2.50289291654213e-06,8.08741468225353e-10,7.950152320988256e-11,1.533471221279097e-12
109,2.299831047569915e-06,7.488552910631436e-10,7.375195261218259e-11,1.362780238720065e-12
110,2.191579518957989e-06,6.948933169907084e-10,6.959481235891771e-11,1.211762778362532e-12
111,2.121550189299575e-06,6.536456450057351e-10,6.75310577853733e-11,1.078136041141016e-12
112,2.014819928465534e-06,6.153100149361335e-10,6.536365035882135e-11,9.597204784755134e-13
113,1.989631366548077e-06,5.820082151380801e-10,6.290694263959776e-11,8.550326599681738e-13
114,1.938508632928248e-06,5.603186847293768e-10,6.190309776806311e-11,7.623704626037896e-13
115,1.853253987181548e-06,5.427666647825193e-10,6.149465698761327e-11,6.80348516323052e-13
116,1.800138493285238e-06,5.207131842760416e-10,5.989084731676581e-11,6.073828150487689e-13
117,1.798693060574344e-06,4.894033512599311e-10,5.645157365394123e-11,5.41773744271654e-13
118,1.748050970706315e-06,4.574816153210889e-10,5.429768189996617e-11,4.82657034443361e-13
119,1.656086002678441e-06,4.305760462083452e-10,5.255185410818233e-11,4.29874363615996e-13
120,1.581882414169638e-06,4.114522524094743e-10,5.057628275072762e-11,3.828317076454717e-13
121,1.533674511269917e-06,3.97739388342048e-10,4.947406102102825e-11,3.407530322611226e-13
122,1.486317393963617e-06,3.860437219074989e-10,4.8878234612028e-11,3.032215563336202e-13
123,1.461219705236321e-06,3.756537702353772e-10,4.807208677230956e-11,2.699653483756501e-13
124,1.432612690580638e-06,3.66016307651752e-10,4.693599725255165e-11,2.408621419991729e-13
125,1.406227393521369e-06,3.568933180920442e-10,4.582486133666906e-11,2.157168934051205e-13
126,1.363880850705717e-06,3.468579863249371e-10,4.497822860303314e-11,1.940919843107065e-13
127,1.28686197118858e-06,3.320682787251129e-10,4.332814280322571e-11,1.752498138172816e-13
128,1.130841298544653e-06,3.068970818437417e-10,3.936640830906536e-11,1.577665787711156e-13
129,9.712336257856432e-07,2.745793188395024e-10,3.371179789349821e-11,1.417389424402507e-13
130,8.672219922175907e-07,2.419432649721884e-10,2.865374948533922e-11,1.271879979472543e-13
131,7.765468240694171e-07,2.133083961014112e-10,2.477523505300415e-11,1.135112099935804e-13
132,7.045115943550292e-07,1.890910055324442e-10,2.16553680307812e-11,1.004640583155812e-13
133,6.485999068771535e-07,1.689536091844144e-10,1.925433631295723e-11,8.81231478318849e-14
134,6.018771840324603e-07,1.52041101460953e-10,1.742304170831383e-11,7.661631654086005e-14
135,5.587463230649312e-07,1.378906105305614e-10,1.601604333574954e-11,6.608350525145044e-14
136,4.943790670339796e-07,1.283141349932917e-10,1.435950511235677e-11,5.66389194285941e-14
137,4.265179606775119e-07,1.188210086464419e-10,1.244141386805835e-11,4.833657325739552e-14
138,4.214245847440138e-07,1.134788846815986e-10,1.170446246591908e-11,4.125613602696862e-14
139,4.216326286167774e-07,1.10172354318785e-10,1.201426955243825e-11,3.540582561965049e-14
140,4.365003813670921e-07,1.07903144795985e-10,1.261898885306185e-11,3.065272317525248e-14
141,4.587559633497835e-07,1.059823488690211e-10,1.318676443038832e-11,2.686092465508856e-14
142,4.543312699249099e-07,1.065021785731901e-10,1.325620198237118e-11,2.388624757180564e-14
143,4.141915093803418e-07,1.020427364792073e-10,1.226901371308955e-11,2.1465731650884e-14
144,4.273669237877075e-07,9.87519656234956e-11,1.101540029280522e-11,1.942599056165994e-14
145,4.509527793880986e-07,9.696753414007721e-11,1.14846334767683e-11,1.793563626522366e-14
146,4.732357267346471e-07,9.576742619674559e-11,1.240451918146673e-11,1.68120765086224e-14
147,5.034063588234412e-07,9.522961515595802e-11,1.327787394547452e-11,1.592624814271374e-14
148,5.149276381966966e-07,9.685270759525164e-11,1.371550220937396e-11,1.518980527127272e-14
149,4.457457925240754e-07,9.423754823386012e-11,1.304125391409504e-11,1.442871426194119e-14
150,4.33930660302877e-07,9.176582945501899e-11,1.171406497431449e-11,1.386791788265386e-14
151,4.361548222865988e-07,9.075525244578116e-11,1.122607318671759e-11,1.298118265863036e-14
152,4.253260372661197e-07,8.967529508487268e-11,1.15271066682683e-11,1.177787587957559e-14
153,3.907299661753036e-07,8.701766231105827e-11,1.120837414273843e-11,1.066512186019967e-14
154,3.584237103596516e-07,8.13012848936602e-11,1.008082475700329e-11,9.854169184093703e-15
155,3.556652926237851e-07,7.539583465273532e-11,9.333942878521829e-12,9.646766803644467e-15
156,3.454456273771343e-07,7.08329119583983e-11,9.202913349950414e-12,8.727180043475533e-15
157,3.324373351337864e-07,6.790900684860938e-11,9.204404176805717e-12,8.539541565971063e-15
158,3.198777297633432e-07,6.739690150445897e-11,9.333398581557834e-12,8.753306864097465e-15
159,3.133661171657983e-07,6.823114043409833e-11,9.615278735369206e-12,9.02724869205595e-15
160,3.154184250936992e-07,6.953798693143402e-11,9.946654274915557e-12,9.267963821704725e-15
161,3.194724272711136e-07,7.127848736874781e-11,1.029480502720185e-11,9.437183755291033e-15
162,3.254490398405931e-07,7.29784236269187e-11,1.059958229059676e-11,9.516637614573168e-15
163,3.307033825795397e-07,7.442221165284522e-11,1.085258954033952e-11,9.524488723008693e-15
164,3.319344604772276e-07,7.526582957199151e-11,1.098705782730063e-11,9.466557301594751e-15
165,3.313949893430514e-07,7.51441866162674e-11,1.094165931760923e-11,9.34561016700061e-15
166,3.294397642578186e-07,7.455738564539027e-11,1.076883821275218e-11,9.164607901569476e-15
167,3.257082525481336e-07,7.373283721487769e-11,1.052815895810559e-11,8.95077764762189e-15
168,3.215616542136418e-07,7.278286685569865e-11,1.029863082659551e-11,8.724463663154924e-15
169,3.027162692905009e-07,7.022679961077501e-11,9.821161885895315e-12,8.376630061868733e-15
170,2.651675551934421e-07,6.426378867060933e-11,8.78910636370902e-12,7.754380570492215e-15
171,2.366582636143883e-07,5.661640346863087e-11,7.434210185366158e-12,7.041789803518076e-15
172,2.139475638266694e-07,4.92364289822551e-11,6.202669465359244e-12,6.172244791549493e-15
173,1.933770052558845e-07,4.271695328098021e-11,5.257917118926613e-12,5.345934848857712e-15
174,1.739764705882602e-07,3.721049501383654e-11,4.610993438889796e-12,4.644251242630838e-15
175,1.568398803199751e-07,3.263217914113639e-11,4.136113151795382e-12,4.075902853831203e-15
176,1.434506677567948e-07,2.885200348093061e-11,3.768670786067788e-12,3.6177009451299e-15
177,1.321442422959701e-07,2.582290249094629e-11,3.464150382474926e-12,3.255463319630417e-15
178,1.227364895798038e-07,2.332329888178946e-11,3.225117958687585e-12,2.968571340889242e-15
179,1.142271060566942e-07,2.124105177587735e-11,3.024410025498162e-12,2.741258458206686e-15
180,1.064230160288108e-07,1.948506076632341e-11,2.835021724890451e-12,2.546222763399614e-15
181,9.932657327911129e-08,1.798741746622684e-11,2.648605669960605e-12,2.385071642492674e-15
182,9.275412943983054e-08,1.668875153693241e-11,2.474815459329999e-12,2.242170215872334e-15
183,8.666284494833041e-08,1.55356078044091e-11,2.324836842468176e-12,2.115254945783714e-15
184,8.12593711481805e-08,1.449415948761442e-11,2.188594667210932e-12,2.009965083231561e-15
185,7.617975156372823e-08,1.353977702873826e-11,2.052590305727816e-12,1.905503545372645e-15
186,7.152624719308824e-08,1.265671247312076e-11,1.920744767844236e-12,1.814156120690906e-15
187,6.70836116165138e-08,1.183076015249465e-11,1.792557685277335e-12,1.723871483739258e-15
188,6.281611086134059e-08,1.105346718460631e-11,1.673312792074168e-12,1.649029595734185e-15
189,5.869333931696568e-08,1.031855959313419e-11,1.557410761837912e-12,1.575506035821921e-15
190,5.465542769287955e-08,9.644520889702798e-12,1.444331045067334e-12,1.516660558663453e-15
191,5.077278540194773e-08,9.163541507899841e-12,1.339417928099561e-12,1.460720269221373e-15
192,4.717529546566239e-08,8.72659947774223e-12,1.262031957323226e-12,1.432539582273765e-15
193,4.384058174912877e-08,8.411104385583526e-12,1.195512606653247e-12,1.41794694621771e-15
194,4.23817439088565e-08,8.31309644454951e-12,1.153664853501399e-12,1.41924865770046e-15
195,4.224217130412874e-08,8.366881159429282e-12,1.131694161370815e-12,1.433655241037165e-15
196,4.271219901488004e-08,8.519993489000326e-12,1.124731806288473e-12,1.457201599808963e-15
197,4.41358066170564e-08,8.732617653816336e-12,1.129749341864442e-12,1.489202258855483e-15
198,4.611969059014685e-08,8.988005744361662e-12,1.176346085740199e-12,1.521924505310499e-15
199,4.830319735098304e-08,9.282362180615865e-12,1.233027764679566e-12,1.561926248807912e-15
200,5.040379114776886e-08,9.612705265215628e-12,1.286925216632455e-12,1.594459865635614e-15
201,5.243285742854988e-08,9.92679254157369e-12,1.340145768984026e-12,1.62493172544956e-15
202,5.451286229160569e-08,1.021286795049712e-11,1.400819261444642e-12,1.651417891356542e-15
203,5.640708918393319e-08,1.046226938174245e-11,1.455541710131008e-12,1.676297222164003e-15
204,5.82074185443628e-08,1.066687950463769e-11,1.501254572629927e-12,1.694836631938169e-15
205,5.959317646843584e-08,1.081663074714899e-11,1.536759078632642e-12,1.707600179067862e-15
206,6.055722480189638e-08,1.091195695864359e-11,1.563742102297407e-12,1.711292585360122e-15
207,6.108716543922653e-08,1.096265310894237e-11,1.579893488121595e-12,1.712002301222133e-15
208,6.118331740505136e-08,1.095049899944177e-11,1.584391009087885e-12,1.706343945558184e-15
209,6.08930016579289e-08,1.088709375209897e-11,1.577684681981845e-12,1.694075946621294e-15
210,6.024866823120365e-08,1.082162992659773e-11,1.560028987310801e-12,1.678186237515503e-15
211,5.927492932928285e-08,1.06968694655493e-11,1.532246175060491e-12,1.657140474214397e-15
212,5.79965400465248e-08,1.051709646755286e-11,1.495124851095633e-12,1.628504865351935e-15
213,5.666178304847421e-08,1.028831787381778e-11,1.460474479298232e-12,1.596750434257423e-15
214,5.501469938340955e-08,1.002124688782948e-11,1.415184467821335e-12,1.562178341441816e-15
215,5.309104547475912e-08,9.722480546225021e-12,1.366795441130342e-12,1.530124171578506e-15
216,5.100269301521857e-08,9.398404528782363e-12,1.310732804867202e-12,1.48921841339485e-15
217,4.882590264114549e-08,9.055252268726899e-12,1.249300961214e-12,1.456408232193616e-15
218,4.657306631058598e-08,8.698721716163019e-12,1.185224244294398e-12,1.425467624023769e-15
219,4.442052067028298e-08,8.337156581193073e-12,1.120861013225764e-12,1.394780565777793e-15
220,4.236293928387727e-08,7.977708939025748e-12,1.058336128441277e-12,1.369710917024184e-15
221,4.030466724539737e-08,7.7012082462749e-12,1.004651875583169e-12,1.348820123607527e-15
222,3.839667591593905e-08,7.485796220427417e-12,9.61714722991421e-13,1.333776866406678e-15
223,3.728855441811599e-08,7.294928686371936e-12,9.342647324960438e-13,1.332531064930371e-15
224,3.673120026253127e-08,7.222446973481771e-12,9.2036521013105e-13,1.336856448557814e-15
225,3.692010089897763e-08,7.225320084003287e-12,9.172847436054183e-13,1.344925385648317e-15
226,3.72859686687497e-08,7.305689954798737e-12,9.23210837497665e-13,1.365413506171125e-15
227,3.776042804212546e-08,7.426884572791083e-12,9.29416892371557e-13,1.381207407633658e-15
228,3.864998964721053e-08,7.570708675053966e-12,9.377483880000854e-13,1.400662152715183e-15
229,3.959632064943403e-08,7.72356810926553e-12,9.620209228272717e-13,1.419706974018548e-15
230,4.055029245677305e-08,7.890073266978197e-12,9.883678215415166e-13,1.43808848156591e-15
231,4.144513843671903e-08,8.049433749491636e-12,1.011539088584143e-12,1.454672089653316e-15
232,4.238966336090073e-08,8.190823747044204e-12,1.03538131743675e-12,1.469397694135405e-15
233,4.325614456233518e-08,8.31301643876166e-12,1.060475475366469e-12,1.486034741952369e-15
234,4.405085433797803e-08,8.41508375812617e-12,1.081904006093169e-12,1.500589648528924e-15
235,4.477598363627359e-08,8.497307282660481e-12,1.099562816963811e-12,1.509748439764133e-15
236,4.538110617724237e-08,8.55939874679836e-12,1.114285667104653e-12,1.516952424531775e-15
237,4.586502700945736e-08,8.601795196021654e-12,1.125637658982641e-12,1.523718370572105e-15
238,4.623734839634605e-08,8.626225686823749e-12,1.133572347682827e-12,1.531350832851761e-15
239,4.650358710122354e-08,8.642555900173461e-12,1.138236168354061e-12,1.534056514614389e-15
240,4.666256985518712e-08,8.64279218599884e-12,1.13980545642755e-12,1.539935382470909e-15
241,4.673170073619016e-08,8.626994919360173e-12,1.138452162630589e-12,1.53751575521021e-15
242,4.671916873374186e-08,8.612275872926577e-12,1.134521849738002e-12,1.535514440005816e-15
243,4.664001339606656e-08,8.587959832474671e-12,1.128044068731063e-12,1.535340401006603e-15
244,4.647656164122159e-08,8.549578582008708e-12,1.119191302819491e-12,1.534962235391764e-15
245,4.623265535689486e-08,8.498645568700796e-12,1.108123539770265e-12,1.535260587962294e-15
246,4.591597350565331e-08,8.437595847877318e-12,1.094949475344578e-12,1.532974480052377e-15
247,4.552711059441428e-08,8.365004147848615e-12,1.082663460553477e-12,1.52903010552414e-15
248,4.508101789788351e-08,8.282536182922478e-12,1.06971826589655e-12,1.524608256698302e-15
249,4.459365462079588e-08,8.191553041691956e-12,1.055310870596259e-12,1.526447120101377e-15
250,4.409532094610213e-08,8.093401437672256e-12,1.039959140668918e-12,1.524515612431889e-15
251,4.355502199883638e-08,7.990239393828613e-12,1.024405705215618e-12,1.523027581653075e-15
252,4.300464533631501e-08,7.88311981303424e-12,1.008165893852534e-12,1.529032789062971e-15
253,4.243477748622837e-08,7.776103425614128e-12,9.916825559331625e-13,1.530740710022717e-15
254,4.184848430048865e-08,7.695657233138195e-12,9.767635633309474e-13,1.540195898932934e-15
255,4.129376061390527e-08,7.640350994058303e-12,9.64831174690014e-13,1.539592476061097e-15
256,4.084090195253091e-08,7.589278724534941e-12,9.561119404699358e-13,1.549461178648175e-15
257,4.074491254620511e-08,7.585683607686843e-12,9.52148784669475e-13,1.556276388050654e-15
258,4.097264451585691e-08,7.61752580973867e-12,9.528050460856907e-13,1.563953759607429e-15
259,4.125791047468192e-08,7.679820732386869e-12,9.579107898521668e-13,1.57218015463073e-15
260,4.164707734086608e-08,7.757210599098084e-12,9.632931724939825e-13,1.582955271093536e-15
261,4.226649717090056e-08,7.843105766005231e-12,9.693962167194537e-13,1.592589492872044e-15
262,4.288515818330637e-08,7.934040847550282e-12,9.855478049858151e-13,1.604442769650935e-15
263,4.351450246698122e-08,8.030642198485259e-12,1.001521381346095e-12,1.610712385539526e-15
264,4.40944256532039e-08,8.125589355136836e-12,1.016591640126387e-12,1.619100219373183e-15
265,4.46823040054614e-08,8.212201191739232e-12,1.032237280685875e-12,1.627332496854197e-15
266,4.35380842200878e-08,8.112045933786355e-12,1.045902069205533e-12,1.625313445417282e-15
267,4.111135159770154e-08,7.857160510848165e-12,1.036292250663423e-12,1.613984116129184e-15
268,3.910103963772723e-08,7.612564481995169e-12,1.003577634983002e-12,1.602590150893035e-15
269,3.654782587392254e-08,7.295671108211595e-12,9.556941591600292e-13,1.588783986998219e-15
270,3.27504391278853e-08,6.818031094218148e-12,9.149431673053831e-13,1.575688409782624e-15
271,2.973311991036774e-08,6.39761877005169e-12,8.584509504170932e-13,1.57414791672142e-15
272,2.715940173614452e-08,6.016934465254005e-12,7.974319776475284e-13,1.558385115865953e-15
273,2.508974205326388e-08,5.657606219929222e-12,7.366791808471612e-13,1.528880236139031e-15
274,2.332740106581473e-08,5.32525286111387e-12,6.793306733789885e-13,1.497842700704431e-15
275,2.178722665378339e-08,5.023780214451662e-12,6.273262450331642e-13,1.463703368398924e-15
276,2.039307047482349e-08,4.743478246610905e-12,5.808241366165708e-13,1.423019028768727e-15
277,1.913738657067449e-08,4.482301205915676e-12,5.393378586308853e-13,1.381468954857338e-15
278,1.80139371159776e-08,4.238909670109351e-12,5.027818774197235e-13,1.360714879710778e-15
279,1.688944428909322e-08,4.149347978145941e-12,4.639286150094891e-13,1.348237262679739e-15
280,1.603146398446279e-08,3.976922678621874e-12,4.357547014049244e-13,1.300859272593011e-15
281,1.526947153776304e-08,3.772768687047618e-12,4.097176584304977e-13,1.258596586020062e-15
282,1.459397608115439e-08,3.459330116345703e-12,3.906876198788621e-13,1.206478010310351e-15
283,1.396052225572252e-08,3.225504438785762e-12,3.74862964662404e-13,1.126501820763313e-15
284,1.332049182944789e-08,3.031771345294524e-12,3.571701573371359e-13,1.053480597862719e-15
285,1.26956771480828e-08,2.863667649069666e-12,3.397056202001649e-13,9.815516816116699e-16
286,1.20836104596292e-08,2.723493375150893e-12,3.23821305744123e-13,9.29400832357332e-16
287,1.15062005029451e-08,2.608048570373317e-12,3.099318792849782e-13,8.691129267962161e-16
288,1.102434703097716e-08,2.50225751859947e-12,2.983360946858341e-13,8.222072749640591e-16
289,1.069781756770531e-08,2.423700595452165e-12,2.895539422425819e-13,7.694071161129749e-16
290,1.052471770503715e-08,2.366927005644693e-12,2.83267429172885e-13,7.338548565529131e-16
291,1.039250083332378e-08,2.329760176306133e-12,2.79267295529211e-13,6.969080812976396e-16
292,1.029298423289648e-08,2.304466475221413e-12,2.755339803066839e-13,6.66737719658399e-16
293,1.031002155467445e-08,2.285440795524224e-12,2.723197002776992e-13,6.545325972642939e-16
294,1.02449276962147e-08,2.33043505486108e-12,2.675341800954186e-13,6.375483955810105e-16
295,1.026582101664962e-08,2.336648261608697e-12,2.683430623675826e-13,6.130363896053253e-16
296,1.028574225200806e-08,2.323475269821163e-12,2.683584298234275e-13,6.004139148308812e-16
297,1.033266488607059e-08,2.247525887241822e-12,2.722589790751806e-13,5.940412404150406e-16
298,1.039653655963042e-08,2.205622885984789e-12,2.768756513398031e-13,5.723387211436345e-16
299,1.042529546756357e-08,2.175690278935176e-12,2.783559385474355e-13,5.460381636620201e-16
300,1.042973603320918e-08,2.150500449089208e-12,2.783490213078829e-13,5.315198491717567e-16
301,1.040797646056287e-08,2.125600259960627e-12,2.775021652727752e-13,5.218811133622845e-16
302,1.034909015427327e-08,2.099749377579221e-12,2.759780475268295e-13,5.134746369359535e-16
303,1.026231993089744e-08,2.071045671305621e-12,2.73810088578353e-13,5.008156411624688e-16
304,1.015247890798376e-08,2.04030549052767e-12,2.708997762707162e-13,4.916549838909788e-16
305,1.001772664109661e-08,2.006172289254393e-12,2.672267944350394e-13,4.827539367188438e-16
306,9.860561801810568e-09,1.96834951802937e-12,2.628280981529689e-13,4.756658950159968e-16
307,9.681713786063084e-09,1.930588655277305e-12,2.577798965560811e-13,4.726250375639373e-16
308,9.487570330570895e-09,1.890864359857083e-12,2.521146407713913e-13,4.676320927259905e-16
309,9.272848933243988e-09,1.847986229292186e-12,2.458978375677069e-13,4.583731219913609e-16
310,9.039024664370802e-09,1.802230411560042e-12,2.391869955463373e-13,4.524744741486747e-16
311,8.78814099242197e-09,1.753902417009666e-12,2.32048507085021e-13,4.476274711327371e-16
312,8.521954179139745e-09,1.703409360643953e-12,2.250083736318599e-13,4.400999511887323e-16
313,8.24348158133755e-09,1.651115990712801e-12,2.178840446929417e-13,4.342649618465889e-16
314,7.962085103610621e-09,1.597398020100703e-12,2.104671325559039e-13,4.264503388662327e-16
315,7.6772173670751e-09,1.542578802615513e-12,2.028311753091853e-13,4.217108906368009e-16
316,7.385976559524236e-09,1.487124628020173e-12,1.952780459750676e-13,4.137888905876983e-16
317,7.0956549255172e-09,1.43147429843693e-12,1.876601388214816e-13,4.01726475552517e-16
318,6.804624581466463e-09,1.376539170018213e-12,1.800835791655927e-13,3.969890177619653e-16
319,6.513819114733833e-09,1.329485149403542e-12,1.73077898872495e-13,3.948886071361241e-16
320,6.235836759376843e-09,1.28691533984712e-12,1.667371557779694e-13,3.907633514747077e-16
321,6.004139021661124e-09,1.246672125879122e-12,1.611532981043897e-13,3.882870855646918e-16
322,5.837399662186661e-09,1.217755590774118e-12,1.568472211810815e-13,3.827108710484397e-16
323,5.742408429863385e-09,1.196523984183804e-12,1.535887569190598e-13,3.780349924606658e-16
324,5.6561281348142e-09,1.181971324519459e-12,1.51155378271787e-13,3.729918068128281e-16
325,5.597315732495348e-09,1.170980304488077e-12,1.488270699985131e-13,3.678119917534528e-16
326,5.584359591626411e-09,1.162100364539682e-12,1.467735670497152e-13,3.650200102482175e-16
327,5.575609142241742e-09,1.154752718014646e-12,1.467203652484347e-13,3.615482760944251e-16
328,5.569101748866583e-09,1.149109821826685e-12,1.467714114509356e-13,3.583757830997889e-16
329,5.554590471529796e-09,1.143508811247976e-12,1.466579127479235e-13,3.53414347620151e-16
330,5.547081762318645e-09,1.136646543345108e-12,1.468688150373123e-13,3.507024635079737e-16
331,5.533414965833984e-09,1.128361843028514e-12,1.469954589927179e-13,3.474772949701739e-16
332,5.51232257207284e-09,1.118391311044298e-12,1.467549474587728e-13,3.407469813402958e-16
333,5.486872288280237e-09,1.106873184568663e-12,1.461407300094972e-13,3.388630842577442e-16
334,5.448638898851622e-09,1.093506910520159e-12,1.452299255551625e-13,3.337690891031969e-16
335,5.397493356571592e-09,1.078295730266017e-12,1.439712182306916e-13,3.325434763641618e-16
336,5.334182318070905e-09,1.061745224495074e-12,1.423455253026951e-13,3.270012059394864e-16
337,5.258678758491209e-09,1.043956598389942e-12,1.403669888055306e-13,3.225555962493949e-16
338,5.171513954926797e-09,1.024553525277979e-12,1.380566290920998e-13,3.183918824653757e-16
339,5.073904640990534e-09,1.00391843558053e-12,1.354296808426111e-13,3.172354374773447e-16
340,4.968331039414151e-09,9.835489252533067e-13,1.325041257245825e-13,3.102055450245806e-16
341,4.854575162679329e-09,9.616011852288378e-13,1.292992851247196e-13,3.062182694296608e-16
342,4.731609165460701e-09,9.382216070559647e-13,1.25844481985477e-13,3.023833512677744e-16
343,4.600399636296492e-09,9.1357300415587e-13,1.221678801433798e-13,3.004540828418784e-16
344,4.461951365270017e-09,8.878257151677005e-13,1.183399292942943e-13,2.937687673480639e-16
345,4.317239794808707e-09,8.611763457325508e-13,1.146515628682509e-13,2.89621670174321e-16
346,4.169047553186591e-09,8.338112569838002e-13,1.108176254979115e-13,2.879982895516864e-16
347,4.021613178882911e-09,8.05893138541575e-13,1.068671113918531e-13,2.815465485058337e-16
348,3.871501976712034e-09,7.776277027245034e-13,1.028894951717429e-13,2.81108509778499e-16
349,3.720148914807763e-09,7.492514996597742e-13,9.893862464516233e-14,2.740586773934093e-16
350,3.570838743281013e-09,7.210676387123041e-13,9.49968128730862e-14,2.709265618731566e-16
351,3.421347140244664e-09,6.944990535153518e-13,9.117164283154754e-14,2.672351863435626e-16
352,3.275705917211088e-09,6.723649418221393e-13,8.770658723365634e-14,2.632846094654596e-16
353,3.139564504776488e-09,6.508509610907693e-13,8.46271562960654e-14,2.616952440215082e-16
354,3.04465030899633e-09,6.327906977191898e-13,8.20055722500044e-14,2.588273237187377e-16
355,2.975926820731269e-09,6.1959790395169e-13,7.992684085805618e-14,2.581961768767052e-16
356,2.924022140533981e-09,6.099669878228672e-13,7.843405767771121e-14,2.563927326227318e-16
357,2.878543873904937e-09,6.030969122591781e-13,7.704814337890356e-14,2.536688347901951e-16
358,2.855868502822018e-09,5.977206297301165e-13,7.576223539861586e-14,2.509402807524279e-16
359,2.84032906535456e-09,5.926600986465143e-13,7.496145991832969e-14,2.481332998685183e-16
360,2.829899585345743e-09,5.88118679117148e-13,7.474174036010754e-14,2.462879319956847e-16
361,2.816353627220645e-09,5.838129089287557e-13,7.44755253504839e-14,2.477539080009747e-16
362,2.802967355970398e-09,5.79012693334848e-13,7.422686655753757e-14,2.449482244566914e-16
363,2.789807973637567e-09,5.735772998675543e-13,7.409084259514228e-14,2.427270546150128e-16
364,2.774086751731452e-09,5.674313154167127e-13,7.382494230435241e-14,2.40320916131904e-16
365,2.755436326909725e-09,5.605361868704412e-13,7.339540479311455e-14,2.40444856495597e-16
366,2.733074839666078e-09,5.528662546593972e-13,7.282050612766397e-14,2.373220711575907e-16
367,2.704938159248955e-09,5.443977916074427e-13,7.211072920592412e-14,2.355747323994904e-16
368,2.6713491950731e-09,5.351277818360226e-13,7.124219060999531e-14,2.330701915943583e-16
369,2.632383574447447e-09,5.25472165072337e-13,7.021727751393307e-14,2.326479519756203e-16
370,2.588176124737219e-09,5.152122113436737e-13,6.90437822379832e-14,2.298166770743383e-16
371,2.539339924111754e-09,5.042313276676749e-13,6.773026262741096e-14,2.272266717998909e-16
372,2.486064435637559e-09,4.932165567190936e-13,6.628660710872015e-14,2.266735608249371e-16
373,2.430103684677758e-09,4.819627970020355e-13,6.471699368114886e-14,2.259901294188129e-16
374,2.370088489164976e-09,4.700937087679828e-13,6.303312404056406e-14,2.231277894536167e-16
375,2.306301769613496e-09,4.576704979786861e-13,6.1247256265698e-14,2.204225164420113e-16
376,2.239191348830616e-09,4.447616837936952e-13,5.937309143826708e-14,2.185434532824601e-16
377,2.169158841238876e-09,4.31456313906357e-13,5.75079051920704e-14,2.17321537072782e-16
378,2.096682894463795e-09,4.178283279848786e-13,5.565080144872335e-14,2.150948224370893e-16
379,2.024034182523488e-09,4.039629697082396e-13,5.373890024607452e-14,2.141441568398406e-16
380,1.951125884609444e-09,3.899360593910935e-13,5.178705684315847e-14,2.133615056100107e-16
381,1.877242685365858e-09,3.758424448541057e-13,4.985691311531078e-14,2.111236480709598e-16
382,1.803786933844437e-09,3.617822732721166e-13,4.792667075503657e-14,2.114871519710201e-16
383,1.730786673282522e-09,3.479382961327975e-13,4.601648748580582e-14,2.075787475166482e-16
384,1.658075738200875e-09,3.356981930993311e-13,4.422794218939024e-14,2.062322511593471e-16
385,1.588465121316239e-09,3.246730075488984e-13,4.259135062108528e-14,2.056233723522629e-16
386,1.528383137938216e-09,3.1407327766214e-13,4.112991330359151e-14,2.03458308006455e-16
387,1.48245483987032e-09,3.060238966041462e-13,3.994164596519373e-14,2.016442184588487e-16
388,1.453258642232332e-09,2.996652027060716e-13,3.898654396453781e-14,2.012330684281443e-16
389,1.426252913534802e-09,2.948774145935536e-13,3.823594179586112e-14,1.997542078854695e-16
390,1.404045207697736e-09,2.909562755904621e-13,3.751417463817724e-14,2.00769918181757e-16
391,1.393356797504888e-09,2.875897199006549e-13,3.685718707990196e-14,1.984561218451589e-16
392,1.383567535771467e-09,2.845133790620696e-13,3.659184150169613e-14,1.972487962633263e-16
393,1.374873651136701e-09,2.818443597440619e-13,3.640491118796804e-14,1.98843617642407e-16
394,1.364747007745282e-09,2.792641221127804e-13,3.619272291786201e-14,1.92357559297698e-16
395,1.356143960380683e-09,2.764658578899288e-13,3.604704429723937e-14,1.908541914763387e-16
396,1.346664005008977e-09,2.734120525345711e-13,3.590043386381105e-14,1.966628252751064e-16
397,1.335977635165729e-09,2.70048164759434e-13,3.568451928127511e-14,1.936290054462309e-16
398,1.324430029248691e-09,2.663949789561364e-13,3.539520621641748e-14,1.874010821434895e-16
399,1.310663394277968e-09,2.624155289469937e-13,3.504794325485744e-14,1.907387815649672e-16
400,1.294372386627493e-09,2.58095879318316e-13,3.46352728306026e-14,1.870983399445237e-16
401,1.27570542906073e-09,2.535046961449128e-13,3.414983462953524e-14,1.864127759253163e-16
402,1.254696093581067e-09,2.487232190026257e-13,3.359444510221264e-14,1.887599654284407e-16
403,1.231397711470818e-09,2.436576074026208e-13,3.29739535229253e-14,1.881703334544336e-16
404,1.206130155229476e-09,2.383017053714434e-13,3.229166354422741e-14,1.895073752270611e-16
405,1.179214209274323e-09,2.331166487175081e-13,3.155159573451346e-14,1.829064756678126e-16
406,1.150900876909518e-09,2.276347489117245e-13,3.075657577892108e-14,1.896985284464318e-16
407,1.120783107794765e-09,2.218819552719362e-13,2.991235037319663e-14,1.851611808502184e-16
408,1.08905923572452e-09,2.158895985050626e-13,2.902469584535252e-14,1.847276561539154e-16
409,1.055944973353911e-09,2.096922848765562e-13,2.810273691052637e-14,1.884249674565798e-16
410,1.021612029014075e-09,2.033308779268063e-13,2.721652053519339e-14,1.831658547340715e-16
411,9.865904315960928e-10,1.968393651326084e-13,2.630659429388666e-14,1.860190066912294e-16
412,9.51761941816987e-10,1.902511749294245e-13,2.537473194459095e-14,1.853559772836027e-16
413,9.165899746953309e-10,1.836066211070606e-13,2.443608083429396e-14,1.811641307786742e-16
414,8.811428453094453e-10,1.769559304756698e-13,2.350922308956872e-14,1.837031666004249e-16
415,8.46336001837946e-10,1.703532916120598e-13,2.258441313736908e-14,1.858418576310976e-16
416,8.115646659131292e-10,1.639611733145913e-13,2.167773446552184e-14,1.810394973157228e-16
417,7.774902165023656e-10,1.586842906307505e-13,2.085590185879342e-14,1.828395116169779e-16
418,7.453902717908023e-10,1.535553325121662e-13,2.010969807433254e-14,1.788327581559112e-16
419,7.211702979095891e-10,1.490497383220053e-13,1.945512911960008e-14,1.821404055046893e-16
420,7.028251946473085e-10,1.456265514505863e-13,1.893085482531586e-14,1.786787301759624e-16
421,6.891764270591349e-10,1.430185352655752e-13,1.852868077716771e-14,1.817643902745361e-16
422,6.76936848912542e-10,1.410736341333981e-13,1.816870728918584e-14,1.833234726126957e-16
423,6.690853025033828e-10,1.394647196198819e-13,1.782871736263697e-14,1.781862209561273e-16
424,6.636244296536901e-10,1.379543017317799e-13,1.756827884547185e-14,1.798974830095621e-16
425,6.593305035924188e-10,1.365563350160936e-13,1.746710160538741e-14,1.796101844836781e-16
426,6.54595510764989e-10,1.352497813103747e-13,1.735859412004883e-14,1.760494137336742e-16
427,6.4974133684172e-10,1.338645736672165e-13,1.724700229924401e-14,1.80447608326194e-16
428,6.452291435010353e-10,1.323597945158609e-13,1.717007764690657e-14,1.789743458928634e-16
429,6.402414104912278e-10,1.307207384792178e-13,1.707023473071887e-14,1.767448055448374e-16
430,6.346517432149967e-10,1.289339532819611e-13,1.693759605482192e-14,1.798043944484681e-16
431,6.284375068858987e-10,1.269969626723667e-13,1.677478836327313e-14,1.766212206166542e-16
432,6.210509449697561e-10,1.249005653823033e-13,1.658536531721343e-14,1.724529572580741e-16
433,6.125337294808425e-10,1.226448955467464e-13,1.636361098693796e-14,1.764744968365177e-16
434,6.029238029613001e-10,1.203056508833601e-13,1.610968009143909e-14,1.7677100114221e-16
435,5.922392844714987e-10,1.178544808628329e-13,1.58251420334179e-14,1.796439864010434e-16
436,5.805747839654618e-10,1.152616307742092e-13,1.55113230178307e-14,1.736586656083153e-16
437,5.679950720734693e-10,1.126422396755885e-13,1.51711287141958e-14,1.754415656895766e-16
438,5.548687816901305e-10,1.100080922557105e-13,1.480470345507927e-14,1.739440270106482e-16
439,5.409446870815962e-10,1.072501531098112e-13,1.441478395575165e-14,1.741606649563675e-16
440,5.262309002026288e-10,1.043797537007532e-13,1.400324974579958e-14,1.73089080197293e-16
441,5.10850704204253e-10,1.014122036548225e-13,1.357447547408384e-14,1.73745214155948e-16
442,4.948716795145336e-10,9.836572522601027e-14,1.314357345541344e-14,1.771569152514204e-16
443,4.783863095157248e-10,9.525590222446e-14,1.271962110604242e-14,1.758403465643921e-16
444,4.618203150996729e-10,9.210050175914473e-14,1.228497933495943e-14,1.708412171485247e-16
445,4.452952622324838e-10,8.891551027097231e-14,1.184124117287472e-14,1.710411851686435e-16
446,4.285927744428735e-10,8.572152721677574e-14,1.140262008906207e-14,1.732449919854633e-16
447,4.119721945749418e-10,8.253863230120713e-14,1.096571490212239e-14,1.742517986221288e-16
448,3.954951365409582e-10,7.940347856423057e-14,1.053273063293551e-14,1.682061248791418e-16
449,3.791087709312243e-10,7.656041079908248e-14,1.012287645687028e-14,1.700059081473132e-16
450,3.633278505879138e-10,7.40443070430502e-14,9.746899526791451e-15,1.659435290283227e-16
451,3.492442047907406e-10,7.160927277259826e-14,9.410084431648618e-15,1.709298805374642e-16
452,3.386180470913791e-10,6.967286341574197e-14,9.127868128595791e-15,1.721867538299338e-16
453,3.312559650164653e-10,6.813804830083542e-14,8.897542769798504e-15,1.677256826950043e-16
454,3.247626344844748e-10,6.695461098385823e-14,8.7164556951771e-15,1.704701247002365e-16
455,3.190112688136147e-10,6.597434129637709e-14,8.543174117435633e-15,1.668700072388464e-16
456,3.160280178412807e-10,6.512565762407579e-14,8.382505348912778e-15,1.643814610318439e-16
457,3.132478007534568e-10,6.433846242972959e-14,8.297690085907368e-15,1.665624666604463e-16
458,3.108338113950872e-10,6.36399918441157e-14,8.241498122580072e-15,1.673549101386798e-16
459,3.081321465000175e-10,6.297836203084878e-14,8.181807468850263e-15,1.656022576196499e-16
460,3.056932716337957e-10,6.227496102303969e-14,8.132900015582047e-15,1.651359439971916e-16
461,3.031581789816252e-10,6.152143058932179e-14,8.08853384075512e-15,1.659103668948718e-16
462,3.004141441885626e-10,6.070779655408244e-14,8.030150677866852e-15,1.651330649695288e-16
463,2.974772140933878e-10,5.983449313894667e-14,7.956453027567476e-15,1.680160379663029e-16
464,2.941268583943486e-10,5.889644379952615e-14,7.870843849555674e-15,1.686650098993526e-16
465,2.902478238649434e-10,5.789118045467102e-14,7.771921358750089e-15,1.678826785614885e-16
466,2.858876314597066e-10,5.682566778079658e-14,7.658662021361039e-15,1.663893340216234e-16
467,2.810378361018303e-10,5.572608219158999e-14,7.530018556383449e-15,1.640622443968086e-16
468,2.757157286941475e-10,5.457138487573803e-14,7.387989617020573e-15,1.637521091391565e-16
469,2.699984926188027e-10,5.335340572374449e-14,7.233649756701716e-15,1.658339660311576e-16
470,2.639133085848815e-10,5.217107476061874e-14,7.067001598434194e-15,1.642982358062599e-16
471,2.575478929046582e-10,5.093674665205699e-14,6.888487766494602e-15,1.646166882549355e-16
472,2.508364175076092e-10,4.964749853000942e-14,6.700244623457664e-15,1.646831369242588e-16
473,2.437649609158895e-10,4.83085431967752e-14,6.502546340398585e-15,1.644068213557546e-16
474,2.364169969154527e-10,4.692775421799468e-14,6.297413799273555e-15,1.631049676990014e-16
475,2.28811363722297e-10,4.551345475455696e-14,6.099138101328127e-15,1.621316608595197e-16
476,2.210539634267247e-10,4.407216320638369e-14,5.897496350676597e-15,1.628560028932912e-16
477,2.133266456758584e-10,4.26114213485375e-14,5.691292255125011e-15,1.627203864729634e-16
478,2.055509593583205e-10,4.113967593041186e-14,5.482899176513018e-15,1.627092080260516e-16
479,1.977135110083072e-10,3.966748789738989e-14,5.277449318304487e-15,1.623663193857945e-16
480,1.900269731236736e-10,3.82054344689116e-14,5.0730645949051e-15,1.642777627206566e-16
481,1.823462521592492e-10,3.677495973708007e-14,4.871494691512062e-15,1.633829893579712e-16
482,1.747967327790393e-10,3.557939365011676e-14,4.687463376398981e-15,1.658666838702089e-16
483,1.67636433343071e-10,3.443458275635759e-14,4.519223554830633e-15,1.649163026213736e-16
484,1.61989400399953e-10,3.339885897516022e-14,4.368751866992632e-15,1.684841643098767e-16
485,1.576408366734966e-10,3.260171728029079e-14,4.248600569114536e-15,1.650078272662016e-16
486,1.544781147372713e-10,3.198210836608355e-14,4.153943254597161e-15,1.637093502468311e-16
487,1.516074677961316e-10,3.151495367216016e-14,4.070315358196468e-15,1.620691219808471e-16
488,1.495762467349685e-10,3.112525605096805e-14,3.992021162222029e-15,1.618182022798104e-16
489,1.482322532677636e-10,3.076255819444765e-14,3.925289596126609e-15,1.638227874910898e-16
490,1.470963390031708e-10,3.042223279370608e-14,3.898531998334428e-15,1.633414567181695e-16
491,1.459293760871925e-10,3.010675118868497e-14,3.870708629815511e-15,1.62164449785673e-16
492,1.447034053785255e-10,2.977924096976314e-14,3.84129461155301e-15,1.656387430751427e-16
493,1.435948410477798e-10,2.942683533704462e-14,3.820029598835704e-15,1.661996736314e-16
494,1.423853000691867e-10,2.90482983731945e-14,3.795538757123616e-15,1.661472291213242e-16
495,1.410477218156966e-10,2.8639426187539e-14,3.764790901828343e-15,1.622233809938759e-16
496,1.395940316019535e-10,2.819895954816612e-14,3.725829508758331e-15,1.623117244908553e-16
497,1.379023651800343e-10,2.772576481246017e-14,3.681927713163293e-15,1.616022752051157e-16
498,1.359911781600305e-10,2.722040841105815e-14,3.632891844075155e-15,1.637898919342765e-16
499,1.338294458313138e-10,2.669443526989167e-14,3.575055530018486e-15,1.652867375139532e-16
500,1.314478003229788e-10,2.614754575712481e-14,3.511378348927747e-15,1.659228249096242e-16
501,1.28860673526188e-10,2.557200805594173e-14,3.442470502285424e-15,1.653641869124314e-16
502,1.26062654708105e-10,2.498466875953543e-14,3.366712361675e-15,1.625563707550707e-16
503,1.231555989788326e-10,2.440124434796629e-14,3.285811469919206e-15,1.640608759700723e-16
504,1.200923252567378e-10,2.379202495562434e-14,3.200284832936793e-15,1.624108732274573e-16
505,1.168696333400194e-10,2.315898643378727e-14,3.109741674784851e-15,1.652700320448014e-16
506,1.13486346398292e-10,2.250583288036259e-14,3.015885666286691e-15,1.613740856051942e-16
507,1.099843479157863e-10,2.183561720466151e-14,2.920811402424448e-15,1.610694595980083e-16
508,1.06375780290344e-10,2.115181182368422e-14,2.82713546839442e-15,1.612766962743862e-16
509,1.027319627139126e-10,2.045929326173537e-14,2.732509175351475e-15,1.612877503188685e-16
510,9.91139811127362e-11,1.975993989398108e-14,2.635124719831826e-15,1.593120797866445e-16
511,9.545414687457714e-11,1.905889986255563e-14,2.538332351108887e-15,1.595664827557163e-16
512,9.180551266769382e-11,1.836034476204976e-14,2.442821630619328e-15,1.615331785412139e-16
513,8.821628009615989e-11,1.767116512571919e-14,2.347881249048182e-15,1.642218527143161e-16
514,8.461638639703678e-11,1.703200323221777e-14,2.257030089032301e-15,1.61698384968073e-16
515,8.11397252686482e-11,1.647668125054714e-14,2.173597586064524e-15,1.584479449652557e-16
516,7.792620383155681e-11,1.593671632392092e-14,2.098089046956939e-15,1.568989747674655e-16
517,7.556162553682331e-11,1.549012485704936e-14,2.033718449668428e-15,1.592085414214446e-16
518,7.382137135786184e-11,1.513838141390129e-14,1.98137940509187e-15,1.573118842039602e-16
519,7.235638167571028e-11,1.486493331147221e-14,1.940617690206974e-15,1.623658040042934e-16
520,7.104070424519553e-11,1.463691865031466e-14,1.901470699692507e-15,1.61590297028296e-16
521,7.02666852784721e-11,1.444003828731918e-14,1.864890584727323e-15,1.593591394486823e-16
522,6.958314076935633e-11,1.425604534959365e-14,1.84157113547332e-15,1.579823066702728e-16
523,6.900887514907587e-11,1.409205725550398e-14,1.828814472744095e-15,1.593563137363467e-16
524,6.838175854498021e-11,1.393808143707796e-14,1.814254595234703e-15,1.599900019422993e-16
525,6.779090948622237e-11,1.377626203285266e-14,1.801618259839658e-15,1.586070201294992e-16
526,6.718549875708174e-11,1.360387146422853e-14,1.790273668216599e-15,1.583299403746402e-16
527,6.655109006981697e-11,1.342030252506926e-14,1.777153094053175e-15,1.564421690450033e-16
528,6.587112554039179e-11,1.322367098890424e-14,1.759997638540181e-15,1.569158934979259e-16
529,6.51100489981298e-11,1.301367853245553e-14,1.740064203128104e-15,1.557540814336488e-16
530,6.425117205248292e-11,1.278999390022291e-14,1.71883480264321e-15,1.550690861112652e-16
531,6.32814488864832e-11,1.255268983811889e-14,1.69348740252047e-15,1.570887417883338e-16
532,6.222066598674357e-11,1.230936182955699e-14,1.665230645603586e-15,1.59415316031653e-16
533,6.105585772511326e-11,1.205430160965539e-14,1.634148542693767e-15,1.562223677232081e-16
534,5.979519240009238e-11,1.178658270377049e-14,1.600221865365307e-15,1.576462068483304e-16
535,5.845219846111468e-11,1.15233563343366e-14,1.563400001519426e-15,1.558966288464965e-16
536,5.706413319904773e-11,1.125266374983759e-14,1.525042970354787e-15,1.548196947829381e-16
537,5.559478063111219e-11,1.097017565548316e-14,1.483799458493817e-15,1.589153426660279e-16
538,5.406601765861181e-11,1.067731466769835e-14,1.440654473865819e-15,1.568927013306423e-16
539,5.246058717609187e-11,1.037540210778658e-14,1.396018806067262e-15,1.560975565425019e-16
540,5.080703262079668e-11,1.006655117568948e-14,1.352675820565521e-15,1.56545973986835e-16
541,4.911455628825702e-11,9.751816187326721e-15,1.308428286954744e-15,1.548410031419952e-16
542,4.742265420010831e-11,9.432987482179328e-15,1.263719080549665e-15,1.545155663854705e-16
543,4.572393330683486e-11,9.111581034410391e-15,1.217747043067435e-15,1.536175763313844e-16
544,4.401996027371673e-11,8.790174355842608e-15,1.173031675466442e-15,1.527805790114827e-16
545,4.23475009607711e-11,8.471445025402213e-15,1.128888096155826e-15,1.581280707745201e-16
546,4.068350586434371e-11,8.158048037850816e-15,1.084338124201726e-15,1.571632233002695e-16
547,3.903754575143203e-11,7.88938039976626e-15,1.044130366094617e-15,1.568151097579582e-16
548,3.746035530147601e-11,7.637862783543067e-15,1.006568470111823e-15,1.578062416884614e-16
549,3.616945619144636e-11,7.404589327857216e-15,9.73006196377908e-16,1.573133592613395e-16
550,3.517184561180795e-11,7.223743292974515e-15,9.461540598592365e-16,1.55152435739272e-16
551,3.445530280245349e-11,7.080632817013242e-15,9.241502051769807e-16,1.548487516361977e-16
552,3.38105249048525e-11,6.972889791709523e-15,9.058539098159785e-16,1.539648723720131e-16
553,3.330641601340138e-11,6.88237808172389e-15,8.880421246741014e-16,1.552289076900869e-16
554,3.300969932064522e-11,6.79927721042166e-15,8.720539037820026e-16,1.559674671444145e-16
555,3.271874661806989e-11,6.720311073980101e-15,8.649254740557784e-16,1.539168174905342e-16
556,3.245361988339561e-11,6.647523507735713e-15,8.590023634117735e-16,1.552610035169917e-16
557,3.216153122605911e-11,6.572976195309928e-15,8.518022809410916e-16,1.542845333014364e-16
558,3.191108427904959e-11,6.493395276843604e-15,8.465102446968664e-16,1.54837004492463e-16
559,3.163210012049974e-11,6.408824554597069e-15,8.411751914846141e-16,1.563526703826009e-16
560,3.132706166263871e-11,6.317130517695864e-15,8.336456742977987e-16,1.549301641406558e-16
561,3.100008158024913e-11,6.219661867056301e-15,8.252890587501336e-16,1.553590859470517e-16
562,3.062781523593736e-11,6.115230787292835e-15,8.156221957070921e-16,1.53823568983463e-16
563,3.019542837764297e-11,6.003819040826651e-15,8.043111812658282e-16,1.537027209087379e-16
564,2.972728112210444e-11,5.887672917848526e-15,7.920804673193627e-16,1.577949388391186e-16
565,2.921552186952974e-11,5.76754476631087e-15,7.780595033674124e-16,1.546891788622334e-16
566,2.86429600247166e-11,5.641202378142277e-15,7.628577009244858e-16,1.550096928368903e-16
567,2.803284760254916e-11,5.511562876432691e-15,7.462759426428542e-16,1.543565800801037e-16
568,2.740468457135825e-11,5.384088039152991e-15,7.287312929995031e-16,1.555057386400857e-16
569,2.673460652252839e-11,5.251041777812403e-15,7.100782255899981e-16,1.574390945743801e-16
570,2.603602177144407e-11,5.11269976617272e-15,6.902498465409306e-16,1.550643943624791e-16
571,2.529743353777881e-11,4.970427762487305e-15,6.702198949903882e-16,1.55147743990488e-16
572,2.453132983873686e-11,4.824160061764832e-15,6.491570040473058e-16,1.539938759099469e-16
573,2.375752578100736e-11,4.675601666295037e-15,6.293676245428054e-16,1.556054738452857e-16
574,2.296257427032415e-11,4.524263306441402e-15,6.08095705257962e-16,1.537886829877738e-16
575,2.217500823633687e-11,4.37234257189009e-15,5.874835425381844e-16,1.543604543272051e-16
576,2.138111155830257e-11,4.219416431161381e-15,5.66270393891551e-16,1.543177665219861e-16
577,2.059024938931265e-11,4.067009628117058e-15,5.450984837317268e-16,1.542786863872329e-16
578,1.981101909899465e-11,3.916860467658876e-15,5.250589863831226e-16,1.541791466715661e-16
579,1.902757746703001e-11,3.774085077842055e-15,5.041070290132569e-16,1.571282839892526e-16
580,1.828725361431999e-11,3.652821982087953e-15,4.867996720566856e-16,1.568865522962508e-16
581,1.75591781806684e-11,3.534096103457057e-15,4.698224488280377e-16,1.569499797637057e-16
582,1.703028864453668e-11,3.432146692081225e-15,4.551462735545633e-16,1.559288668476052e-16
583,1.662417396398541e-11,3.352610572912543e-15,4.432987253863656e-16,1.573816739671099e-16
584,1.630991525123571e-11,3.289994707870061e-15,4.340067754315781e-16,1.563679007943714e-16
585,1.599709208938467e-11,3.238085850567592e-15,4.252516358324773e-16,1.538903730882999e-16
586,1.580390115772623e-11,3.193660773381032e-15,4.176724047593877e-16,1.534870426389045e-16
587,1.564321873956065e-11,3.151178012056992e-15,4.109807746443548e-16,1.537611545072225e-16
588,1.552023362525056e-11,3.113876564923279e-15,4.087947527567047e-16,1.567174716222897e-16
589,1.538043924966582e-11,3.078337911012009e-15,4.050734924980615e-16,1.551450426805825e-16
590,1.523678492039649e-11,3.042096600106332e-15,4.021586972116939e-16,1.541016084142092e-16
591,1.509497509829456e-11,3.00329163975259e-15,3.991580154665423e-16,1.546067711383359e-16
592,1.496168315355537e-11,2.962560400369538e-15,3.967460550790028e-16,1.556041765056596e-16
593,1.479803775987361e-11,2.918769401486011e-15,3.926178009458477e-16,1.558197126012871e-16
594,1.464507866683399e-11,2.87212512616284e-15,3.881269504913721e-16,1.561798576357438e-16
595,1.444412038415626e-11,2.822956307221475e-15,3.833993684639412e-16,1.566846826961327e-16
596,1.423017901142717e-11,2.770543895167155e-15,3.779341411745968e-16,1.546476284506589e-16
597,1.400051021000713e-11,2.716928411518923e-15,3.713559759389197e-16,1.539059944791357e-16
598,1.375094482725817e-11,2.661418957011968e-15,3.652830315866698e-16,1.54594952907499e-16
599,1.347381106096563e-11,2.602858776945676e-15,3.576822451269019e-16,1.552805524702559e-16
600,1.3179572954265e-11,2.544693390541817e-15,3.498823441106691e-16,1.539329720346406e-16
601,1.287090777029419e-11,2.485193977153998e-15,3.405996314234037e-16,1.544061455625167e-16
602,1.255683992478006e-11,2.42395790154243e-15,3.322611258014769e-16,1.537443779509666e-16
603,1.222170294248641e-11,2.360297353913634e-15,3.230830509629897e-16,1.563968687887544e-16
604,1.188686805306994e-11,2.294348450837081e-15,3.134938449317749e-16,1.540176012304999e-16
605,1.151765132744556e-11,2.227096307370417e-15,3.034746166541485e-16,1.54365785859914e-16
606,1.116209345933442e-11,2.158649399874911e-15,2.943047799649377e-16,1.540642699134745e-16
607,1.079150254472893e-11,2.089546024152181e-15,2.848094966517256e-16,1.557046048101118e-16
608,1.043054043446362e-11,2.019547815355594e-15,2.745612081719254e-16,1.542389664685553e-16
609,1.0053165505273e-11,1.949389985468899e-15,2.645808801810011e-16,1.536196378573646e-16
610,9.688320272719014e-12,1.880016797009208e-15,2.551896370913709e-16,1.534037285544476e-16
611,9.328093916387107e-12,1.81189989352918e-15,2.458184309578383e-16,1.547954896244408e-16
612,8.9755338519781e-12,1.751439893027512e-15,2.364504732055941e-16,1.537053333597656e-16
613,8.634029357749564e-12,1.696820674390252e-15,2.286821765806439e-16,1.540352841473168e-16
614,8.341930532233896e-12,1.644371570194748e-15,2.208956680282103e-16,1.54781041170801e-16
615,8.11305538461577e-12,1.603581554361859e-15,2.150003158337708e-16,1.556730065929268e-16
616,7.965116174843786e-12,1.571022457120046e-15,2.099910106296463e-16,1.571283906199074e-16
617,7.813486541227775e-12,1.546164113869714e-15,2.057516400245003e-16,1.54613933163942e-16
618,7.690413653924805e-12,1.525487217373524e-15,2.016367023478283e-16,1.537282234068608e-16
619,7.613320560858952e-12,1.506643074967529e-15,1.979638383272238e-16,1.545540778234018e-16
620,7.556042385332242e-12,1.488642673140318e-15,1.966736881040638e-16,1.530136380779455e-16
621,7.492837761530597e-12,1.471969511708975e-15,1.949995992947477e-16,1.531152748631447e-16
622,7.420076924035752e-12,1.455058148868202e-15,1.931260751916653e-16,1.524429508168317e-16
623,7.354632471677352e-12,1.437215784774541e-15,1.917423001256944e-16,1.518542074316118e-16
624,7.29270834280802e-12,1.418348943727966e-15,1.902920753537442e-16,1.518327213547967e-16
625,7.229498790196051e-12,1.398613286647654e-15,1.892354573001285e-16,1.54197789264271e-16
626,7.166334701386939e-12,1.376635340598747e-15,1.875093152503977e-16,1.530369191041059e-16
627,7.084383812123388e-12,1.353904580903741e-15,1.854242522353193e-16,1.544955198224872e-16
628,6.984246868655543e-12,1.329082610087343e-15,1.822183116207079e-16,1.54693621806158e-16
629,6.878225610141639e-12,1.303594560657551e-15,1.795419299485091e-16,1.55094464206956e-16
630,6.762697698460276e-12,1.276981879268878e-15,1.7628699960213e-16,1.543194370689025e-16
631,6.64996500042733e-12,1.250116831519524e-15,1.743069382192015e-16,1.570569303098388e-16
632,6.525990054913038e-12,1.22110068448869e-15,1.700850594338748e-16,1.559335230528385e-16
633,6.381115405613979e-12,1.193487166106772e-15,1.664464317667045e-16,1.543263858331993e-16
634,6.228644724033392e-12,1.164260189365835e-15,1.617079694089889e-16,1.546979048041007e-16
635,6.082332924857239e-12,1.13466619560928e-15,1.582109804388433e-16,1.548226982130302e-16
636,5.928805858038551e-12,1.103364771446171e-15,1.534041371420497e-16,1.552443335913912e-16
637,5.761441162440327e-12,1.071462744368871e-15,1.488198839890102e-16,1.540309656058235e-16
638,5.591811121882736e-12,1.039085457551215e-15,1.44222024081095e-16,1.556769696989074e-16
639,5.419546125956221e-12,1.006379217211525e-15,1.404242340275234e-16,1.578562692370432e-16
640,5.258998981650036e-12,9.730959978634977e-16,1.353612164384792e-16,1.547446268024029e-16
641,5.080247582365264e-12,9.402498017287548e-16,1.310322220183234e-16,1.541959232278235e-16
642,4.909553642664631e-12,9.06891009857034e-16,1.264627847021854e-16,1.537860349931969e-16
643,4.740771982675866e-12,8.742413493101063e-16,1.222651221763837e-16,1.554087047447935e-16
644,4.584425938607545e-12,8.425692998716142e-16,1.180616947363195e-16,1.543735343541184e-16
645,4.406133987447929e-12,8.157205351368076e-16,1.133053930832906e-16,1.540981962332776e-16
646,4.255889636911862e-12,7.897585062150711e-16,1.101728376692659e-16,1.543922835774764e-16
647,4.139060110449787e-12,7.669243036461752e-16,1.066812177304726e-16,1.526806483167514e-16
648,4.041978881498206e-12,7.488013179592973e-16,1.042577559449853e-16,1.531297766321123e-16
649,3.967675644223242e-12,7.344329909369166e-16,1.018194809749693e-16,1.525106968257812e-16
650,3.902264048311644e-12,7.233158021837356e-16,1.005502650246105e-16,1.522792549909069e-16
651,3.856529582572473e-12,7.127314884511669e-16,9.840425370399662e-17,1.533177842471885e-16
652,3.821137747458649e-12,7.031022134739493e-16,9.675761566279199e-17,1.552554764947524e-16
653,3.798629227040737e-12,6.947612244978124e-16,9.635692667004014e-17,1.546004977015178e-16
654,3.764300074634293e-12,6.867760331658482e-16,9.573671219170003e-17,1.535914695928896e-16
655,3.721886775283752e-12,6.781936789320584e-16,9.411034018389499e-17,1.532608612496378e-16
656,3.69429701820211e-12,6.701008275164122e-16,9.435241550289189e-17,1.524704437538323e-16
657,3.655135419983925e-12,6.607501202332549e-16,9.353017913356484e-17,1.540567169088057e-16
658,3.632386757937295e-12,6.510641747357804e-16,9.254864966924252e-17,1.543227248474066e-16
659,3.59645859495751e-12,6.407671618582496e-16,9.185131152865778e-17,1.538571220959764e-16
660,3.550561334806228e-12,6.298401134170545e-16,9.055863894857188e-17,1.534850522000285e-16
661,3.499657789938427e-12,6.182911074416848e-16,8.877185519827355e-17,1.564120103416479e-16
662,3.464715965083101e-12,6.067366084408941e-16,8.821435414601495e-17,1.539085713866133e-16
663,3.401953244286418e-12,5.946876221945188e-16,8.706196548347209e-17,1.544661786208157e-16
664,3.339718149990441e-12,5.817788040421267e-16,8.508501322205522e-17,1.531470507980876e-16
665,3.270784298912916e-12,5.68768047397916e-16,8.302786031687222e-17,1.530686061801704e-16
666,3.205136954674394e-12,5.560079814967398e-16,8.100307211318967e-17,1.534837548604028e-16
667,3.144848246062067e-12,5.427531824031559e-16,7.999302833931788e-17,1.532050578739558e-16
668,3.072402803586262e-12,5.287591524640942e-16,7.738248419815011e-17,1.536637118610891e-16
669,2.993770177247348e-12,5.145953850535979e-16,7.564024809531089e-17,1.530008601712217e-16
670,2.915299304473828e-12,4.99760993019888e-16,7.318346566849167e-17,1.534967815719872e-16
671,2.841254097663049e-12,4.848531712251601e-16,7.085327841953862e-17,1.541101210947688e-16
672,2.762932923820203e-12,4.696293333846899e-16,6.905457018352424e-17,1.5271987062571e-16
673,2.682587992163814e-12,4.549811010863595e-16,6.721143256475995e-17,1.520973608666697e-16
674,2.600600352481952e-12,4.3951911392825e-16,6.511408384285471e-17,1.549330787118714e-16
675,2.530996606823788e-12,4.24199616099523e-16,6.246069228441761e-17,1.542889407018106e-16
676,2.446443501455669e-12,4.093179220739938e-16,6.040961253126749e-17,1.528542074781873e-16
677,2.368808496306089e-12,3.963234674705052e-16,5.864060178593951e-17,1.548896800356245e-16
678,2.308477151193088e-12,3.84216473968217e-16,5.72168994419729e-17,1.531338108251948e-16
679,2.232692233879404e-12,3.724203744896751e-16,5.511801227247644e-17,1.518855390721623e-16
680,2.184414823210826e-12,3.637070645501572e-16,5.472590802753353e-17,1.532336882046001e-16
681,2.145928528941469e-12,3.558451349508958e-16,5.280869633156858e-17,1.522753807438052e-16
682,2.120027112026302e-12,3.505109641646168e-16,5.245178718493046e-17,1.554322523475892e-16
683,2.094171999709583e-12,3.455194237474581e-16,5.118581299610719e-17,1.524902770555077e-16
684,2.065419629740116e-12,3.41002120189641e-16,4.981270633010705e-17,1.528497645342638e-16
685,2.054849135396306e-12,3.371401116512371e-16,5.021787082788092e-17,1.529891841145901e-16
686,2.039593075962495e-12,3.33194619755832e-16,4.93272092725732e-17,1.53029330555885e-16
687,2.026748794773757e-12,3.298418734185001e-16,4.950053963077964e-17,1.529686221701112e-16
688,2.011991177714717e-12,3.255967107304652e-16,4.890613316117833e-17,1.531767652070497e-16
689,1.996252170439089e-12,3.212980751343139e-16,4.821380618344043e-17,1.540563081579647e-16
690,1.984418962948423e-12,3.168678741010029e-16,4.843993544278807e-17,1.530404201439184e-16
691,1.960071606624847e-12,3.122135932777552e-16,4.779819345473413e-17,1.54229742916971e-16
692,1.948485249516138e-12,3.072851705008226e-16,4.725147649522771e-17,1.531334198461295e-16
693,1.928243123996609e-12,3.018586643773561e-16,4.683085890068376e-17,1.540093728983543e-16
694,1.906046153365283e-12,2.960512626062951e-16,4.581738378080483e-17,1.541126980022444e-16
695,1.881001071562382e-12,2.906109807765038e-16,4.615823232531639e-17,1.549575504470032e-16
696,1.864731360617509e-12,2.84442048711715e-16,4.505730820175326e-17,1.547761006171585e-16
697,1.830165601724028e-12,2.779473027542545e-16,4.387447445935563e-17,1.532957117017751e-16
698,1.797448197922754e-12,2.719343814066022e-16,4.345708564722012e-17,1.533022872587823e-16
699,1.764914537896146e-12,2.659313901818657e-16,4.256155712547726e-17,1.579594166231764e-16
700,1.742949984402953e-12,2.592083167556965e-16,4.135872847482888e-17,1.555049389101811e-16
701,1.701167690705728e-12,2.523328631504125e-16,4.050834848414997e-17,1.538305355195369e-16
702,1.670006803621267e-12,2.453629915317094e-16,3.936164686161371e-17,1.531383070844457e-16
703,1.629983324779137e-12,2.385033240281887e-16,3.885405183449362e-17,1.526017060891146e-16
704,1.585828052237765e-12,2.311112948973317e-16,3.716625609704079e-17,1.527294496128093e-16
705,1.557480107294943e-12,2.243112287468524e-16,3.726301361290086e-17,1.522109580569113e-16
706,1.518720577665469e-12,2.171119459680452e-16,3.603121651171742e-17,1.520354795437e-16
707,1.479247599502156e-12,2.100166780370254e-16,3.480770226429115e-17,1.562732127734708e-16
708,1.456527524907801e-12,2.026566795109273e-16,3.373710515085363e-17,1.542734614851803e-16
709,1.412277449046238e-12,1.959925754245373e-16,3.305097629410575e-17,1.530988181988516e-16
710,1.370280250757794e-12,1.900681874883666e-16,3.199530541330112e-17,1.548552205625521e-16
711,1.351774558902463e-12,1.844377689715558e-16,3.174041673991662e-17,1.530895591037145e-16
712,1.311942640406336e-12,1.793037076546501e-16,3.041045735945269e-17,1.532608079343103e-16
713,1.298683245432715e-12,1.753000950278697e-16,3.019614824046498e-17,1.544582168653041e-16
714,1.28600634261706e-12,1.720875219083772e-16,2.969350481749989e-17,1.532483854630995e-16
715,1.262021282071356e-12,1.693361157949203e-16,2.890924580778441e-17,1.521085570853571e-16
716,1.24807762672512e-12,1.67251127468253e-16,2.847044010455729e-17,1.533464145778323e-16
717,1.245300747669722e-12,1.649200473720207e-16,2.854104533842782e-17,1.525953437934154e-16
718,1.229304665977587e-12,1.627671115659118e-16,2.7882593507541e-17,1.536468286741786e-16
719,1.237227087090246e-12,1.612931127560899e-16,2.831573013143318e-17,1.536200999235336e-16
720,1.227582893109822e-12,1.593873319827748e-16,2.805800516057902e-17,1.535406956297289e-16
721,1.215020039177227e-12,1.573810680210965e-16,2.759217722176302e-17,1.529031509484509e-16
722,1.204016172794527e-12,1.553510718430774e-16,2.759915347597922e-17,1.51551056481809e-16
723,1.191512027623178e-12,1.530671281753582e-16,2.726330095756701e-17,1.542389664685565e-16
724,1.199238791021008e-12,1.510615394269262e-16,2.704120578589279e-17,1.549379837219631e-16
725,1.189557958334802e-12,1.48652324491503e-16,2.72467044218143e-17,1.528819669918228e-16
726,1.169401446360573e-12,1.459436598918435e-16,2.654583048872115e-17,1.510753949053356e-16
727,1.155305239572818e-12,1.437582968051466e-16,2.647901945869439e-17,1.5083062423869e-16
728,1.142778100569898e-12,1.409987738645741e-16,2.617422179343048e-17,1.527435070873839e-16
729,1.137826138124899e-12,1.381888368662702e-16,2.584206115187518e-17,1.526889655077763e-16
730,1.121215328802846e-12,1.351344234317138e-16,2.520659529621515e-17,1.519869981396043e-16
731,1.10839753006365e-12,1.328403943952075e-16,2.503798617579397e-17,1.533924079333309e-16
732,1.104648661018199e-12,1.295912167512385e-16,2.484278012120915e-17,1.557366473216909e-16
733,1.091345905998277e-12,1.268494541916284e-16,2.438195783314151e-17,1.527267483029036e-16
734,1.06437952720467e-12,1.235719508128086e-16,2.368332127354109e-17,1.515595158470397e-16
735,1.038690402394738e-12,1.200651963395766e-16,2.263527770875359e-17,1.513464678000096e-16
736,1.019273172793384e-12,1.168207007742271e-16,2.24731949668963e-17,1.516323268120617e-16
737,1.01007587336166e-12,1.138333733323094e-16,2.240993832664485e-17,1.51299905747689e-16
738,9.936090902325788e-13,1.108437192181222e-16,2.215260381678177e-17,1.53629518964652e-16
739,9.842754608010075e-13,1.07171118474493e-16,2.110850563780391e-17,1.522895626208096e-16
740,9.636709067483416e-13,1.040644579853485e-16,2.127829919403423e-17,1.516741793438231e-16
741,9.434320791814383e-13,1.008128868324707e-16,2.058342279255018e-17,1.545115144206131e-16
742,9.343720675793263e-13,9.760968079058445e-17,1.990407637349785e-17,1.526370186074202e-16
743,9.117114364867445e-13,9.542405192556054e-17,1.951936114816935e-17,1.514695906620236e-16
744,8.930800623600702e-13,9.279954141735658e-17,1.921255574931884e-17,1.522944854026771e-16
745,8.857731384444683e-13,8.818148819630662e-17,1.928340555194518e-17,1.535155130235694e-16
746,8.827106825737433e-13,8.527139008001025e-17,1.923188109485338e-17,1.525532246850188e-16
747,8.696893178107777e-13,8.349137572631685e-17,1.856654667040866e-17,1.533575041658662e-16
748,8.737476186191151e-13,8.571993477146713e-17,1.908086363586424e-17,1.524099486293667e-16
749,8.616124029696421e-13,8.303746997609389e-17,1.835450713971322e-17,1.517432937795005e-16
750,8.569589297395732e-13,8.515181468718332e-17,1.830766149291275e-17,1.537141837040625e-16
751,8.615817574512921e-13,8.52660538429254e-17,1.861233963355072e-17,1.525959658055651e-16
752,8.579313961740779e-13,8.458344233377846e-17,1.808479479684646e-17,1.522204837286838e-16
753,8.48378484307801e-13,8.378639274074782e-17,1.809537871684688e-17,1.521559366393599e-16
754,8.474086072771494e-13,8.276309136470074e-17,1.79841517165532e-17,1.534933338475023e-16
755,8.500148660527828e-13,8.210111014087222e-17,1.785105543217739e-17,1.530972365108148e-16
756,8.431236053861078e-13,8.06636694414094e-17,1.786006524074955e-17,1.527028097210427e-16
757,8.403291363440343e-13,7.721189988817845e-17,1.81028493572664e-17,1.514864916207096e-16
758,8.277863172775192e-13,7.477598872031615e-17,1.759605774773906e-17,1.515676908638595e-16
759,8.301728001312353e-13,7.370474060210158e-17,1.798654864371416e-17,1.553395547655646e-16
760,8.357698753478569e-13,7.19654840498821e-17,1.769639362043822e-17,1.538471521298115e-16
761,8.323316911572108e-13,7.122638829883888e-17,1.764063365167319e-17,1.532102472324585e-16
762,8.16552962020617e-13,7.020977709323462e-17,1.74312718130636e-17,1.516835806131657e-16
763,8.060451753244636e-13,6.925161611730394e-17,1.753848068174992e-17,1.513844993999966e-16
764,7.965951485140355e-13,6.84417265498221e-17,1.705122704308567e-17,1.549183459098203e-16
765,8.073049780038309e-13,6.727061385442454e-17,1.711425825323203e-17,1.527421386606554e-16
766,7.893501770762132e-13,6.602185808856888e-17,1.667859717873347e-17,1.524454921807565e-16
767,7.787654366521765e-13,6.475714446541323e-17,1.629592956628498e-17,1.518778794368378e-16
768,7.625047629654207e-13,6.315835942109752e-17,1.559348772401062e-17,1.514657341866979e-16
769,7.640986816661086e-13,6.237041355762886e-17,1.668277082579512e-17,1.509713233868664e-16
770,7.50331823134228e-13,6.088720733177154e-17,1.608792216599156e-17,1.509741846427533e-16
771,7.387032752651498e-13,5.928842634645009e-17,1.505833624464857e-17,1.519207627315895e-16
772,7.392497911071868e-13,5.784380225430478e-17,1.516011874176582e-17,1.513332989142197e-16
773,7.284031446216303e-13,5.640418583490991e-17,1.515133236555972e-17,1.547438803878237e-16
774,7.351395880360882e-13,5.508465886186118e-17,1.508335926686054e-17,1.518802608547809e-16
775,7.141943982022769e-13,5.376655261401328e-17,1.459410247080932e-17,1.515642253675989e-16
776,7.0764856313967e-13,5.303135665198925e-17,1.446883637524207e-17,1.507932679661794e-16
777,6.989505046305488e-13,5.183320233732075e-17,1.459577492265354e-17,1.546451226302872e-16
778,7.09031164816668e-13,5.113043425242532e-17,1.449099866873842e-17,1.529728340809506e-16
779,7.019528138303653e-13,5.020556033543723e-17,1.411611846018154e-17,1.52704302550201e-16
780,6.951463463875888e-13,4.988965026142331e-17,1.439919353321599e-17,1.519459275659734e-16
781,6.829537473273267e-13,4.918525443525069e-17,1.379399626424894e-17,1.530077378484153e-16
782,6.920388096215201e-13,4.874947183772409e-17,1.405315152092739e-17,1.510946239666374e-16
783,6.85055342655478e-13,4.84016954193577e-17,1.388046021407604e-17,1.517898202882696e-16
784,6.810595951724816e-13,4.788122474714605e-17,1.402433734962998e-17,1.512984662338576e-16
785,6.795663293357075e-13,4.737240215967957e-17,1.357739791220791e-17,1.508510440089634e-16
786,6.682180848695414e-13,4.689404446256919e-17,1.314128467169614e-17,1.529402228725505e-16
787,6.808738044908137e-13,4.664412715996657e-17,1.410126796565607e-17,1.51896504257766e-16
788,6.76809383957817e-13,4.619050368011987e-17,1.387573191966209e-17,1.529434573357269e-16
789,6.74342292405947e-13,4.549262179607652e-17,1.347539720745433e-17,1.52032387254729e-16
790,6.712829852597517e-13,4.529336948777035e-17,1.341976376767443e-17,1.503981658489308e-16
791,6.600993577464123e-13,4.47438820001419e-17,1.311807785796894e-17,1.523663366918115e-16
792,6.632955656862917e-13,4.385855511152745e-17,1.278976337486096e-17,1.519159643521519e-16
793,6.620187400094598e-13,4.367930163124283e-17,1.334967965120923e-17,1.534410315116321e-16
794,6.74544868142989e-13,4.286856532549889e-17,1.365956102862364e-17,1.526267820646199e-16
795,6.572700278122246e-13,4.204213694942219e-17,1.283721672619366e-17,1.519549378562508e-16
796,6.514713897053054e-13,4.151973675121079e-17,1.261203381514021e-17,1.525331070349322e-16
797,6.575435926693607e-13,4.14136823197086e-17,1.367722434019063e-17,1.516125468257132e-16
798,6.403340735915301e-13,4.049358736358328e-17,1.242726808126112e-17,1.524928539629832e-16
799,6.446919292517503e-13,3.998001491159593e-17,1.268013833089983e-17,1.521593132767418e-16
800,6.458278882447217e-13,3.932348142362668e-17,1.306124766471663e-17,1.52232746253913e-16
801,6.370543661708585e-13,3.860990090507995e-17,1.251186324054476e-17,1.525511276154867e-16
802,6.371456653203924e-13,3.759678615192313e-17,1.240105717028461e-17,1.520594003537851e-16
803,6.347190077333848e-13,3.701233885299881e-17,1.222491375921012e-17,1.533202367522339e-16
804,6.26932592451841e-13,3.634209689542315e-17,1.239097617819181e-17,1.524103573802075e-16
805,6.261001247762005e-13,3.584220617765172e-17,1.224267090000785e-17,1.532205015470343e-16
806,6.213750113299455e-13,3.509804586228939e-17,1.198861075027438e-17,1.531006486917481e-16
807,6.148302675645757e-13,3.439576092911824e-17,1.165054580229134e-17,1.530465514065329e-16
808,6.240561517681562e-13,3.42986717291915e-17,1.250649516713188e-17,1.53856553399154e-16
809,6.178587264791565e-13,3.332955235706505e-17,1.177872910257987e-17,1.535923048663469e-16
810,6.134481180846889e-13,3.297060304024309e-17,1.180883792200006e-17,1.530624216022284e-16
811,6.075476575628137e-13,3.270916642698185e-17,1.183694824730794e-17,1.52372183606015e-16
812,6.033115113959407e-13,3.212729357124988e-17,1.15553614390735e-17,1.540684285089883e-16
813,6.076570045531261e-13,3.198310014969012e-17,1.137747172220837e-17,1.514572748214669e-16
814,6.04100905867586e-13,3.211317337560695e-17,1.184705530297772e-17,1.527775044942881e-16
815,5.999956792114413e-13,3.153296241692442e-17,1.10013054124345e-17,1.510066181333963e-16
816,6.04907413519855e-13,3.188049402437999e-17,1.196502040366468e-17,1.523304732484591e-16
817,5.987103415791667e-13,3.145084993067616e-17,1.165778177193471e-17,1.533298868264362e-16
818,6.071141960308098e-13,3.137574380764227e-17,1.179976615821276e-17,1.514549467188509e-16
819,5.94255173857421e-13,3.077327320812377e-17,1.127343866147286e-17,1.516129200330027e-16
820,5.971602456496406e-13,3.099284355218433e-17,1.166243212226753e-17,1.523192592579956e-16
821,5.938794550851307e-13,3.054473863602611e-17,1.114559823550193e-17,1.52449704091596e-16
822,5.922670157364256e-13,3.015817240297736e-17,1.149163928054936e-17,1.523967264282496e-16
823,5.903043702117767e-13,2.982353457010619e-17,1.109672170723982e-17,1.527324174993502e-16
824,5.99487505651455e-13,2.964621222882063e-17,1.132625646218969e-17,1.51511034442944e-16
825,5.979670525408861e-13,2.975346051640512e-17,1.131661450218274e-17,1.541118271852352e-16
826,5.99456550543234e-13,2.930897167169876e-17,1.102587888663076e-17,1.532272548217983e-16
827,5.884744157094565e-13,2.8904786675138e-17,1.119129527682966e-17,1.525499013629637e-16
828,5.859563844901501e-13,2.863928018256623e-17,1.077246945807349e-17,1.534524943069552e-16
829,5.897238998447605e-13,2.816018074004305e-17,1.093811434310532e-17,1.521021414743312e-16
830,5.875255927465556e-13,2.851269009839648e-17,1.130930538417517e-17,1.530560948500809e-16
831,5.872419206108274e-13,2.798996696911864e-17,1.115825640807012e-17,1.534992340770327e-16
832,5.858180645129621e-13,2.775350648241984e-17,1.103240594117182e-17,1.525392205257711e-16
833,5.812734959761419e-13,2.740921394155873e-17,1.115200255526697e-17,1.521612681720681e-16
834,5.798016080536132e-13,2.695852796041601e-17,1.080208235099272e-17,1.537296096053653e-16
835,5.841539069561176e-13,2.687946755213467e-17,1.09399903579376e-17,1.521899162744882e-16
836,5.726793936366387e-13,2.636011980127444e-17,1.047359893114335e-17,1.518663100108602e-16
837,5.716379776264463e-13,2.604204975670232e-17,1.096953487201119e-17,1.511912135675389e-16
838,5.687711785901543e-13,2.586962882312817e-17,1.068635866373973e-17,1.543717038612213e-16
839,5.772377412416196e-13,2.538456493330504e-17,1.032386986635658e-17,1.513149051263753e-16
840,5.659897208700796e-13,2.536341505135222e-17,1.039229858778354e-17,1.506924842262135e-16
841,5.607663011740082e-13,2.497168906306836e-17,1.054434090187717e-17,1.503634220274472e-16
842,5.59488484416671e-13,2.491122937353942e-17,1.080296220248832e-17,1.540458228103044e-16
843,5.742812135897408e-13,2.466818029275369e-17,1.052701932886533e-17,1.507967690059912e-16
844,5.582812586080962e-13,2.443879463117624e-17,9.946718186796101e-18,1.52148348091138e-16
845,5.598435938529417e-13,2.406775100971243e-17,9.704874944739884e-18,1.545421351901353e-16
846,5.77494562562247e-13,2.445769793297971e-17,1.068089118882429e-17,1.525114432403601e-16
847,5.623752952729541e-13,2.437129051901827e-17,1.078097893363539e-17,1.519655653781162e-16
848,5.583262770006022e-13,2.433165419945226e-17,1.067400101876234e-17,1.515687927139523e-16
849,5.571721025945466e-13,2.389355206627524e-17,1.023216120990574e-17,1.517794060277123e-16
850,5.54459865158815e-13,2.391868146554134e-17,1.040347093409819e-17,1.526014217407032e-16
851,5.597579995206482e-13,2.386002674047734e-17,1.031785364177888e-17,1.514032130798031e-16
852,5.545242481249011e-13,2.376945758467948e-17,1.037088055065867e-17,1.535953793835419e-16
853,5.721141493903201e-13,2.361904166861393e-17,1.036867336831152e-17,1.51877506229548e-16
854,5.636201459614034e-13,2.353928121555915e-17,9.988485312033179e-18,1.550086620739015e-16
855,5.652359024348689e-13,2.344581487855099e-17,1.042732212002819e-17,1.524929605936373e-16
856,5.588233890485714e-13,2.356711272773028e-17,1.076117371820651e-17,1.519143293487878e-16
857,5.568217520637653e-13,2.342818811411864e-17,1.053111886756401e-17,1.53462873023961e-16
858,5.640472369504691e-13,2.33010066529557e-17,1.05588710193238e-17,1.516884856232572e-16
859,5.563583918386342e-13,2.317727848336154e-17,1.059767762110541e-17,1.507370380678806e-16
860,5.41179568143446e-13,2.293078387641816e-17,9.880464601375495e-18,1.534766283783488e-16
861,5.562437255734857e-13,2.286720708228133e-17,1.038220882353782e-17,1.534623576424659e-16
862,5.602251105813362e-13,2.280618300897101e-17,1.035133993557353e-17,1.528702553916396e-16
863,5.545338527000707e-13,2.246573959477867e-17,1.035240166845763e-17,1.522154187726104e-16
864,5.562451030116874e-13,2.230885301891914e-17,1.017818834297457e-17,1.533255682849423e-16
865,5.538362979087961e-13,2.214192283469654e-17,9.842102341936315e-18,1.518443796396527e-16
866,5.511783711658796e-13,2.247364972691512e-17,1.058389038514634e-17,1.503479605825926e-16
867,5.442500312045488e-13,2.198791579240006e-17,1.000135467858091e-17,1.499429418145064e-16
868,5.378122348966453e-13,2.156394244710685e-17,9.755604565308723e-18,1.511240184836366e-16
869,5.48926933381909e-13,2.206380032754365e-17,1.071909228272783e-17,1.498928964941497e-16
870,5.437887726940347e-13,2.152674387768901e-17,1.029440505906133e-17,1.494752242217687e-16
871,5.350178659567489e-13,2.137216425773006e-17,9.803148820305523e-18,1.4973305714355e-16
872,5.313674548787034e-13,2.082976383121371e-17,9.271099104933175e-18,1.529179015222776e-16
873,5.534083358380305e-13,2.135290734766329e-17,1.018053919388841e-17,1.510838187270149e-16
874,5.412716102221309e-13,2.103701667948375e-17,9.820476491820837e-18,1.500518117124133e-16
875,5.363659895447231e-13,2.108603536479632e-17,9.70347244934034e-18,1.500660646765205e-16
876,5.308908708247969e-13,2.098893629395705e-17,9.71176166003777e-18,1.501126978159439e-16
877,5.3531776784858e-13,2.079986070594686e-17,9.473676128444178e-18,1.517192663387608e-16
878,5.367766590206841e-13,2.101438566777631e-17,1.008379096613287e-17,1.492287296928806e-16
879,5.293272906804082e-13,2.083396472052181e-17,9.526015434720464e-18,1.502509266872986e-16
880,5.378280642011415e-13,2.095632626555938e-17,9.687663396959971e-18,1.500640031505399e-16
881,5.279291303703187e-13,2.056786776224617e-17,9.266812279123706e-18,1.539035952894182e-16
882,5.484339025527744e-13,2.099953149313787e-17,1.029295627767555e-17,1.509098330429619e-16
883,5.404679482514355e-13,2.094454720104065e-17,1.001162020250064e-17,1.501105652028604e-16
884,5.348145298811516e-13,2.08639910259048e-17,9.8678460199605e-18,1.505052763410437e-16
885,5.393921135146504e-13,2.089989291770501e-17,1.041851952450627e-17,1.506557677376279e-16
886,5.347399243811096e-13,2.064235492929659e-17,1.000980476875523e-17,1.505571521542971e-16
887,5.30995248455604e-13,2.054673418670213e-17,9.529750789976311e-18,1.504930315875899e-16
888,5.356916616339748e-13,2.059162889461767e-17,1.030217233776102e-17,1.508105243603789e-16
889,5.39066519454709e-13,2.054111204884879e-17,9.812575618871339e-18,1.50063469997269e-16
890,5.313168505138496e-13,2.018638438963398e-17,9.449580228569786e-18,1.506063444294205e-16
891,5.389771908528166e-13,2.022948270364373e-17,1.006321306165288e-17,1.500404200041927e-16
892,5.345203332262359e-13,2.059224528093944e-17,9.940064290740109e-18,1.502016988686238e-16
893,5.34321116520547e-13,2.01483877265228e-17,9.496199569778765e-18,1.510396914079643e-16
894,5.320350020398525e-13,2.009264381432896e-17,9.56382881373984e-18,1.511712203198821e-16
895,5.378993873549196e-13,2.015796497155732e-17,1.022489031174405e-17,1.503602941949248e-16
896,5.37124326333362e-13,2.035372568329269e-17,1.01273025877133e-17,1.517455863385649e-16
897,5.400517515577748e-13,2.017052234660596e-17,9.897796172529746e-18,1.511257245741032e-16
898,5.367164735726813e-13,2.010254023933127e-17,1.016511232588814e-17,1.516733796139166e-16
899,5.396760451764639e-13,2.011668035053155e-17,1.015813123076199e-17,1.509629351087382e-16
900,5.306104170947606e-13,1.989614310265584e-17,9.50868484384538e-18,1.516878102957809e-16
901,5.393929081116568e-13,1.996191706614461e-17,9.880557924071283e-18,1.508216139484126e-16
902,5.310787555703963e-13,1.974772835446127e-17,9.512738389458261e-18,1.495554460172553e-16
903,5.307035118716508e-13,2.008178785137207e-17,9.827273406120126e-18,1.496365741733024e-16
904,5.229683597656765e-13,1.953788211752422e-17,9.517119057135339e-18,1.500297924823273e-16
905,5.316540617311153e-13,2.002178695766347e-17,1.037631431105873e-17,1.496042650850892e-16
906,5.190979584523595e-13,1.960579160777102e-17,9.71068210662741e-18,1.494086689217913e-16
907,5.234088359571862e-13,1.973704614517994e-17,9.500349497900437e-18,1.495945083802327e-16
908,5.247630861378072e-13,1.95328732827032e-17,9.464531030113561e-18,1.50137098463973e-16
909,5.288750550714909e-13,1.951757289688176e-17,9.486466441058319e-18,1.508502265072813e-16
910,5.223007028535733e-13,1.926411301779519e-17,9.604185317823085e-18,1.526135065481757e-16
911,5.386542745225642e-13,1.956183352502716e-17,1.028185091171066e-17,1.505998044159648e-16
912,5.253080985082503e-13,1.923882806240111e-17,9.324476683198214e-18,1.496847356854355e-16
913,5.243949638803654e-13,1.96475669913108e-17,9.698797242734525e-18,1.503785635803393e-16
914,5.309246824508242e-13,1.956301883939432e-17,1.01859856065396e-17,1.499304127126415e-16
915,5.18759705489099e-13,1.913309040766118e-17,9.098628636550012e-18,1.4833191257599e-16
916,5.207042388219057e-13,1.947465066746166e-17,9.720350455886611e-18,1.502567202861752e-16
917,5.25391627119429e-13,1.96913676725972e-17,1.010217862616797e-17,1.494596028309329e-16
918,5.166549321828106e-13,1.935923275320847e-17,9.597270749828882e-18,1.501635784097583e-16
919,5.262000686428629e-13,1.922749421914827e-17,9.788171753410284e-18,1.489243169470032e-16
920,5.242662457905118e-13,1.946655438021958e-17,9.872455579821499e-18,1.488972860761712e-16
921,5.203028608241061e-13,1.9428935660623e-17,9.674296340268682e-18,1.493042952831353e-16
922,5.199932025991451e-13,1.912156684234058e-17,9.133572217631577e-18,1.501309138860311e-16
923,5.28783615299055e-13,1.934475989292628e-17,9.935802074232178e-18,1.515025217623861e-16
924,5.317933027750191e-13,1.91935720360428e-17,9.839251173112058e-18,1.496860863403884e-16
925,5.297730235454864e-13,1.937757511176524e-17,9.583906131137193e-18,1.49386898496565e-16
926,5.269859388043606e-13,1.92317329887226e-17,9.889802559646906e-18,1.486019724794494e-16
927,5.202950031121462e-13,1.937222221999471e-17,9.523138377064801e-18,1.496712113641317e-16
928,5.258670719766965e-13,1.932247792041394e-17,1.024308631129826e-17,1.499034351571367e-16
929,5.243221752090345e-13,1.910731846630622e-17,9.445381827116799e-18,1.494136983343129e-16
930,5.229216886169574e-13,1.897898002979848e-17,9.712745240973327e-18,1.489904101808124e-16
931,5.207891758525722e-13,1.920324426323418e-17,9.682258964099824e-18,1.497647797631653e-16
932,5.244366324304377e-13,1.906076690645806e-17,1.006167586026283e-17,1.493130212250014e-16
933,5.193316549801399e-13,1.903355261682508e-17,9.598512341939611e-18,1.495600133636089e-16
934,5.164720740661182e-13,1.878278405819581e-17,9.179481952188747e-18,1.491110805377806e-16
935,5.189507471670802e-13,1.916691646862698e-17,9.485927039033772e-18,1.492102292743823e-16
936,5.179015638458577e-13,1.905242298276338e-17,9.640389739016534e-18,1.498628266496739e-16
937,5.205875531909468e-13,1.888917985938243e-17,9.958406959411022e-18,1.507850040904811e-16
938,5.290772060189157e-13,1.882512096754094e-17,9.777915396554132e-18,1.499630416928173e-16
939,5.174231567026908e-13,1.864930968360744e-17,8.992301447905727e-18,1.493152782405147e-16
940,5.208237898587815e-13,1.903070082917882e-17,9.892406190022118e-18,1.510965255466366e-16
941,5.314766908105326e-13,1.88917170287993e-17,9.559061676753123e-18,1.49061141848078e-16
942,5.170226650544622e-13,1.887529423121336e-17,9.297977400567616e-18,1.4995531097039e-16
943,5.217340716376331e-13,1.894100234493672e-17,1.013098903334429e-17,1.494728783473768e-16
944,5.171067059237651e-13,1.876862779193697e-17,9.285369141453958e-18,1.476534217235109e-16
945,5.039573229006594e-13,1.848710379164329e-17,8.806480857341732e-18,1.47390150638367e-16
946,5.103869687615133e-13,1.902461310294827e-17,9.392757106001436e-18,1.492166093418567e-16
947,5.11410463271035e-13,1.880976220901088e-17,9.43289174968704e-18,1.487532813777156e-16
948,5.082308758881912e-13,1.873347840196365e-17,8.926708964899664e-18,1.48693674842035e-16
949,5.161130520403102e-13,1.898151673075687e-17,9.507159366554203e-18,1.48818841458254e-16
950,5.104279858923086e-13,1.871546451614274e-17,9.00972503878054e-18,1.481093566289631e-16
951,5.093952776828792e-13,1.888242116685665e-17,9.216808510974925e-18,1.484491885238005e-16
952,5.131200543899829e-13,1.867830454080134e-17,9.56760086277355e-18,1.512845331617127e-16
953,5.310870722527755e-13,1.877919442238233e-17,9.902141080565257e-18,1.503423091579217e-16
954,5.195209495213509e-13,1.881810148417665e-17,9.583477344510526e-18,1.487402013508041e-16
955,5.131584868640741e-13,1.858545835014565e-17,9.053248887490334e-18,1.478294867053201e-16
956,5.120014374067737e-13,1.879308422158998e-17,9.602715261496e-18,1.50289402581678e-16
957,5.189018707209022e-13,1.87785239404512e-17,9.454919596171513e-18,1.491423055476764e-16
958,5.155992179360939e-13,1.855398886720452e-17,9.114351664860795e-18,1.479980875413374e-16
959,5.091612294490562e-13,1.868982760227684e-17,9.468598012855359e-18,1.483192057563682e-16
960,5.030355755445973e-13,1.842966507852138e-17,8.71055442702329e-18,1.492763225081915e-16
961,5.183296056865878e-13,1.857950455607432e-17,9.544677281698895e-18,1.491703494097229e-16
962,5.198007431467665e-13,1.88234087004817e-17,9.619403289898326e-18,1.496970159824407e-16
963,5.206326432001477e-13,1.870307676215045e-17,9.581893549907269e-18,1.487813430115378e-16
964,5.155627197738394e-13,1.86052327072476e-17,9.706627698198313e-18,1.495402511490361e-16
965,5.166628343145422e-13,1.863399777667103e-17,9.346901188433692e-18,1.490788958519972e-16
966,5.100400815317388e-13,1.837199162842702e-17,8.881118849734254e-18,1.49077971719661e-16
967,5.143998915664573e-13,1.856499580250108e-17,9.584107410472e-18,1.489524674397038e-16
968,5.152710407063763e-13,1.867259818954572e-17,9.387724167018261e-18,1.479572480007906e-16
969,4.999873720283154e-13,1.821916288775821e-17,8.592819209499308e-18,1.485456004069452e-16
970,5.155593451558277e-13,1.899768484298909e-17,1.000199010536619e-17,1.469060474684386e-16
971,5.028844150993654e-13,1.884724073306858e-17,9.195253772383372e-18,1.483130211784264e-16
972,5.069518750801092e-13,1.870877824062738e-17,9.341773034691539e-18,1.481957096870645e-16
973,5.048132848048902e-13,1.848533094957526e-17,8.8460302512121e-18,1.489661517069888e-16
974,5.158002977982051e-13,1.847987321049223e-17,9.42185683322654e-18,1.485672286579658e-16
975,5.148059566853365e-13,1.863977168853041e-17,9.457864540310352e-18,1.493760754851668e-16
976,5.222088463907673e-13,1.861853708525968e-17,9.977875882669395e-18,1.506486412555742e-16
977,5.255423491543565e-13,1.865899354832354e-17,9.819654709723362e-18,1.503576462003463e-16
978,5.21875820438787e-13,1.837174505977981e-17,9.38612028621839e-18,1.497387974270993e-16
979,5.224814375836577e-13,1.838091618579777e-17,9.376958332406305e-18,1.515252874070513e-16
980,5.238420420848372e-13,1.841801768707927e-17,9.607396010022825e-18,1.491639337986971e-16
981,5.097741658151781e-13,1.846951963688902e-17,9.483009065905718e-18,1.488067566507815e-16
982,5.092582777853739e-13,1.863550136870897e-17,9.311414496944322e-18,1.489529650494233e-16
983,5.125853036417894e-13,1.839405472341648e-17,9.212641250058405e-18,1.482727858782532e-16
984,5.081663454049159e-13,1.825888834656602e-17,9.00266374491345e-18,1.507650286146001e-16
985,5.254574027394626e-13,1.883738962573269e-17,1.015193377866166e-17,1.501716290241481e-16
986,5.236479575567826e-13,1.841064704632298e-17,9.539465260507613e-18,1.496130976576095e-16
987,5.155284523343982e-13,1.875392498041838e-17,9.814123229753671e-18,1.483245017455252e-16
988,5.059686919539224e-13,1.82839363560804e-17,8.81288988547228e-18,1.49466285018594e-16
989,5.184700438394535e-13,1.881896199851838e-17,1.003024316339856e-17,1.493328367549011e-16
990,5.12690547263612e-13,1.834559897347227e-17,9.188952948892866e-18,1.493790611434835e-16
991,5.17101427449466e-13,1.847766654621095e-17,9.356905961043485e-18,1.485261047690078e-16
992,5.08834515595272e-13,1.840820923546301e-17,9.274725315369114e-18,1.48482937125845e-16
993,5.053813846960356e-13,1.864591733231944e-17,9.096450390131884e-18,1.48137542665215e-16
994,5.091872097611378e-13,1.860171367817048e-17,9.732520879939982e-18,1.494147468690788e-16
995,5.14906930351268e-13,1.852905131557861e-17,9.503908879822566e-18,1.497759048947502e-16
996,5.203075536013148e-13,1.840303710078307e-17,9.622660077846312e-18,1.495122072869896e-16
997,5.121998128699922e-13,1.832594386817685e-17,9.256323614721643e-18,1.517389574662308e-16
998,5.251339473909974e-13,1.870608936544461e-17,1.002791221284194e-17,1.501513869716316e-16
999,5.197144847903693e-13,1.825550615326139e-17,9.420922027520177e-18,1.491188468037592e-16
1000,5.097793220698084e-13,1.840128542556502e-17,9.461845582202185e-18,1.506000709926002e-16
1001,5.22349569127954e-13,1.87256455803054e-17,9.916039098094319e-18,1.478588456787681e-16
1002,5.078079960271605e-13,1.838508600773225e-17,9.28741418095531e-18,1.496715134843185e-16
1003,5.210852345916992e-13,1.833366374386509e-17,9.841585176707975e-18,1.487322751388442e-16
1004,5.082194314527945e-13,1.823206029345661e-17,8.829257197079771e-18,1.484551420686582e-16
1005,5.118729623577142e-13,1.864786273302518e-17,9.698623161204357e-18,1.479506724437834e-16
1006,5.064088952038841e-13,1.833479789416274e-17,9.005009898306518e-18,1.50032600422887e-16
1007,5.156556534868375e-13,1.871298830674667e-17,9.822848801853073e-18,1.49909939627041e-16
1008,5.198792928880598e-13,1.852115139261485e-17,9.610354605886185e-18,1.488128701416205e-16
1009,5.123601620985699e-13,1.862366120822064e-17,9.381162580542857e-18,1.496631429779662e-16
1010,5.146999774966132e-13,1.829405032136659e-17,9.169624357863559e-18,1.489170127471925e-16
1011,5.076819796147352e-13,1.807183418573237e-17,8.663062666306957e-18,1.485229058493829e-16
1012,5.087376616162256e-13,1.836044585395342e-17,8.938586441066708e-18,1.486022745996362e-16
1013,5.117846715366326e-13,1.840142852781288e-17,9.486321425332272e-18,1.485058449447158e-16
1014,5.146554227099666e-13,1.872614810466238e-17,9.457903129160239e-18,1.48124391551201e-16
1015,5.073169440523809e-13,1.842028085093639e-17,9.057645126116635e-18,1.513593523373882e-16
1016,5.216466698035138e-13,1.845961025012021e-17,9.616883636009041e-18,1.502379355192657e-16
1017,5.159100652314747e-13,1.83065654728362e-17,9.293018624369551e-18,1.49640270702647e-16
1018,5.180628836189696e-13,1.822573421261096e-17,9.232195221281793e-18,1.487082476981047e-16
1019,5.15536506478551e-13,1.880837145392192e-17,9.915568943417386e-18,1.486215569762651e-16
1020,5.07714612389264e-13,1.846975397585644e-17,9.272282294258876e-18,1.483003143588045e-16
1021,5.107922310715674e-13,1.838438775847907e-17,9.448530612469767e-18,1.490849382557334e-16
1022,5.127460160340495e-13,1.822686007237575e-17,9.248844420370524e-18,1.490483461695776e-16
1023,5.173629915849173e-13,1.82118940440401e-17,9.078631937977298e-18,1.505567789470075e-16
1024,5.262183997823784e-13,1.858633201139523e-17,9.642352208420289e-18,1.497275301213088e-16
1025,5.179408251707069e-13,1.836074246790156e-17,9.850704042648858e-18,1.499060831517152e-16
1026,5.231266954760006e-13,1.848079973860319e-17,9.813143540145566e-18,1.495118518514758e-16
1027,5.151717146352229e-13,1.835726877780622e-17,9.305264501902137e-18,1.484181056881102e-16
1028,5.056780666163909e-13,1.841562773514598e-17,9.537743037730516e-18,1.488720679264602e-16
1029,5.170468094680517e-13,1.83389256443057e-17,9.355253250738862e-18,1.494719364432651e-16
1030,5.140542060900526e-13,1.855802956110492e-17,9.387050028814918e-18,1.482501268642422e-16
1031,5.025149915287986e-13,1.832170130547505e-17,9.124536759107992e-18,1.490441698022894e-16
1032,5.14430067137042e-13,1.817065345975073e-17,9.487311017299513e-18,1.479008581565108e-16
1033,5.052820943155922e-13,1.827598337539891e-17,8.968258087918183e-18,1.507874921390784e-16
1034,5.231394679142483e-13,1.806862005979304e-17,9.364638400799545e-18,1.505021840520728e-16
1035,5.322195726752041e-13,1.840428983561709e-17,9.88125444025017e-18,1.502753628788791e-16
1036,5.219484065336121e-13,1.829504803767995e-17,9.164366847871875e-18,1.482686805980677e-16
1037,5.147724464488729e-13,1.830268153695202e-17,9.613261306092331e-18,1.493277362552769e-16
1038,5.103651263635139e-13,1.830435762085446e-17,9.487960360918682e-18,1.484671380172523e-16
1039,5.088403811891336e-13,1.873965622391963e-17,9.767567560460089e-18,1.486690787044733e-16
1040,5.056132631835484e-13,1.850962241555066e-17,9.155352330952979e-18,1.51602878979735e-16
1041,5.294490198095416e-13,1.832947776264648e-17,9.941414715874754e-18,1.506450691286596e-16
1042,5.193884096482509e-13,1.809982110007035e-17,9.095330408103186e-18,1.499661695253395e-16
1043,5.18972881579168e-13,1.839547693568579e-17,9.491645506159517e-18,1.490123050084683e-16
1044,5.116549053722435e-13,1.825052142448985e-17,9.077260665786768e-18,1.5010045306249e-16
1045,5.228394793111276e-13,1.852196493085512e-17,9.585174070115576e-18,1.513964953485904e-16
1046,5.322397162802578e-13,1.826241568852607e-17,9.85306349921066e-18,1.499982831240202e-16
1047,5.202898512579395e-13,1.845214238584861e-17,9.433761075021742e-18,1.49362497848536e-16
1048,5.188491494796218e-13,1.857784937697577e-17,9.608706591954705e-18,1.497082299729042e-16
1049,5.11659994643075e-13,1.837369703523328e-17,9.187175358234846e-18,1.495631589679069e-16
1050,5.115755779282609e-13,1.840170352476325e-17,9.262878678791114e-18,1.477802233430939e-16
1051,5.050946989516832e-13,1.858446532961183e-17,9.520650465130683e-18,1.504238993801368e-16
1052,5.250767998939839e-13,1.838174632658961e-17,9.589860775098125e-18,1.500887947776342e-16
1053,5.271646123841415e-13,1.832591591235423e-17,9.679978072699422e-18,1.504342247818156e-16
1054,5.164172762531333e-13,1.825750628863279e-17,9.533261267663367e-18,1.486974780020337e-16
1055,5.080706460878434e-13,1.839847341435929e-17,9.254188207267156e-18,1.500746306724055e-16
1056,5.217543562659055e-13,1.81924845334533e-17,9.756364874119333e-18,1.493334054517235e-16
1057,5.163773307380012e-13,1.853303230223333e-17,9.535527232861101e-18,1.486811279683944e-16
1058,5.11383040080231e-13,1.843986229157705e-17,9.28296326240145e-18,1.491126089104903e-16
1059,5.179452919726887e-13,1.856854352101919e-17,9.742251017999558e-18,1.529712701646893e-16
1060,5.412541585925252e-13,1.832813552650165e-17,9.949224550876455e-18,1.508383905046685e-16
1061,5.308098411557505e-13,1.80765269672947e-17,9.215156205113875e-18,1.506439850503422e-16
1062,5.262989943878292e-13,1.839521373380473e-17,9.304399699645852e-18,1.497786595199829e-16
1063,5.167058636758946e-13,1.823338436143612e-17,9.057938642604637e-18,1.502294939258106e-16
1064,5.236768004687696e-13,1.822192390885225e-17,9.356251438439493e-18,1.491672215772006e-16
1065,5.195602680911559e-13,1.816973342976001e-17,9.72559249507078e-18,1.494573635871952e-16
1066,5.170643168433116e-13,1.827232855712221e-17,9.427890335543398e-18,1.479836568594732e-16
1067,5.098614040957667e-13,1.865919700722193e-17,9.36405283856232e-18,1.491217791467489e-16
1068,5.060886250593493e-13,1.828116380157235e-17,9.234110631684908e-18,1.477305867735782e-16
1069,5.038060815468991e-13,1.84566662449519e-17,9.457532038100737e-18,1.501471395172406e-16
1070,5.191800728696157e-13,1.841374663293677e-17,9.674511641910567e-18,1.507660416058147e-16
1071,5.274552450575373e-13,1.814058107727697e-17,9.534363464610147e-18,1.503490091173587e-16
1072,5.236768237293091e-13,1.812307010222897e-17,9.150252114288861e-18,1.514623575493157e-16
1073,5.251016973587678e-13,1.826348139905941e-17,9.203365415619428e-18,1.508458191069091e-16
1074,5.23041007395034e-13,1.824243930376338e-17,9.809976186525165e-18,1.500098170064463e-16
1075,5.13048353334656e-13,1.831544806741968e-17,9.313387420299022e-18,1.489619753397006e-16
1076,5.087773885523553e-13,1.82406903130439e-17,9.318277595271206e-18,1.502087009482476e-16
1077,5.122861606672487e-13,1.821353846632405e-17,9.180988878181304e-18,1.479257919578106e-16
1078,5.082872609100314e-13,1.824468168836339e-17,9.229782808207578e-18,1.480591691344007e-16
1079,5.077309735119188e-13,1.871019431349674e-17,9.272701923379703e-18,1.477753183330021e-16
1080,4.987652602022365e-13,1.841045111897225e-17,8.983469257622974e-18,1.489933069802505e-16
1081,5.063037302162213e-13,1.827381303121763e-17,9.004364014654846e-18,1.501535373564906e-16
1082,5.294120073833539e-13,1.850834168610191e-17,1.016637680660635e-17,1.498094402354864e-16
1083,5.228866295976095e-13,1.827628928822777e-17,9.451761720935744e-18,1.485630167471262e-16
1084,5.122782618921852e-13,1.831707346024473e-17,9.356088724616323e-18,1.517559828273464e-16
1085,5.296099355449671e-13,1.816993281870161e-17,9.636573007215368e-18,1.500874618944571e-16
1086,5.163167026546165e-13,1.830848692896944e-17,9.426766977059831e-18,1.486091700486058e-16
1087,5.071006464062502e-13,1.836197245512021e-17,9.103180690074798e-18,1.484891572473383e-16
1088,5.059608775322243e-13,1.847565643252967e-17,9.372927619209368e-18,1.49068588222094e-16
1089,5.092847789560313e-13,1.813793183550407e-17,9.08652621887029e-18,1.477199770234882e-16
1090,5.036622775378503e-13,1.856524416685621e-17,9.141729842153263e-18,1.499724962774869e-16
1091,5.179293166399145e-13,1.827789274570933e-17,9.503386467794893e-18,1.488616536659029e-16
1092,5.101146106628491e-13,1.818693036918281e-17,8.969372287426585e-18,1.501095877551972e-16
1093,5.190823833689858e-13,1.848049346900188e-17,9.204001298151345e-18,1.4967270419329e-16
1094,5.141168487010839e-13,1.841120882203326e-17,9.707041839119703e-18,1.48259279328725e-16
1095,5.033658785755424e-13,1.851183924149054e-17,9.094099245385366e-18,1.498804384793875e-16
1096,5.143757493667468e-13,1.83209043406645e-17,9.446559103692834e-18,1.480791623820575e-16
1097,5.001012096745319e-13,1.836776137202322e-17,8.906111043053825e-18,1.493893865451623e-16
1098,5.150422555929251e-13,1.872494007289446e-17,1.004453918534607e-17,1.483917501447547e-16
1099,5.076039472645024e-13,1.830517997401962e-17,9.425269981771436e-18,1.476287722706222e-16
1100,4.985394525521451e-13,1.827566971899941e-17,8.87442251104186e-18,1.493726633042335e-16
1101,5.181499568886765e-13,1.849267862470717e-17,9.377745883357174e-18,1.490447029555602e-16
1102,5.146297299504998e-13,1.82741055649919e-17,9.225645983629696e-18,1.480537842863652e-16
1103,5.108199283787855e-13,1.847877929112611e-17,9.097673976455366e-18,1.480156993710511e-16
1104,5.011929616260696e-13,1.804873472198083e-17,8.576865629778119e-18,1.491871792813061e-16
1105,5.138366891527534e-13,1.866813478529778e-17,9.893798749046257e-18,1.489134761638292e-16
1106,5.135019820005971e-13,1.839088305287843e-17,9.467149046247767e-18,1.493231155935961e-16
1107,5.175303123160054e-13,1.832649934781467e-17,9.615178141163583e-18,1.493868629530136e-16
1108,5.195903618794567e-13,1.816129028851383e-17,9.039969716505866e-18,1.484588385980028e-16
1109,5.076963712307445e-13,1.81687041696137e-17,9.336404432454641e-18,1.484674401374391e-16
1110,5.06774073631561e-13,1.82723792923557e-17,9.523928141234426e-18,1.502683607992553e-16
1111,5.28474045432438e-13,1.842890060379765e-17,9.858849234693699e-18,1.481735482827729e-16
1112,5.12078330962107e-13,1.860768322558905e-17,9.783241297130811e-18,1.484685064439808e-16
1113,5.074645211921527e-13,1.816279897915526e-17,9.461148547948996e-18,1.484273647832472e-16
1114,5.111696629787073e-13,1.850133931849533e-17,9.582861204498968e-18,1.490850448863875e-16
1115,5.15735875353856e-13,1.829876069340337e-17,9.270248601896436e-18,1.482814407330165e-16
1116,5.121903845219904e-13,1.844857899278893e-17,9.298483430640972e-18,1.494662494750427e-16
1117,5.230445111494212e-13,1.838667906464565e-17,9.95729078911183e-18,1.498016384259564e-16
1118,5.139833161303886e-13,1.852476594994364e-17,9.562537150413234e-18,1.49785181761663e-16
1119,5.122951206473245e-13,1.835715672281324e-17,9.218460255999357e-18,1.48722909413053e-16
1120,5.017619145602569e-13,1.84159984570481e-17,8.912506253621599e-18,1.497423873257897e-16
1121,5.226760362734214e-13,1.828207825243938e-17,9.941432486354187e-18,1.500864489032426e-16
1122,5.218622157604326e-13,1.842375142492537e-17,9.65339772543119e-18,1.494337804408482e-16
1123,5.194387397184558e-13,1.824035347975063e-17,9.115228496081948e-18,1.498788567913507e-16
1124,5.209595909925527e-13,1.848195876479069e-17,9.448951262094016e-18,1.486680657132587e-16
1125,5.049598683779675e-13,1.827772161586173e-17,9.070586723871446e-18,1.475346174029908e-16
1126,5.042189222122509e-13,1.833341781760656e-17,9.347135011211914e-18,1.477060617231192e-16
1127,5.041176168705164e-13,1.835600524996765e-17,9.506717502546762e-18,1.484883752892077e-16
1128,5.082663225286157e-13,1.866994356657759e-17,9.769946616770945e-18,1.485443741544222e-16
1129,5.033842451841601e-13,1.83631354965863e-17,9.057585334475625e-18,1.496292344299404e-16
1130,5.177596920762248e-13,1.830579930791662e-17,9.39103223372168e-18,1.493746181995599e-16
1131,5.153784312195462e-13,1.828376648481486e-17,9.243328710436971e-18,1.485531711833913e-16
1132,5.113827288656818e-13,1.829576321893891e-17,9.529002737033542e-18,1.482466969115331e-16
1133,5.064293909256878e-13,1.855246955373656e-17,9.706046549362116e-18,1.488538340845972e-16
1134,5.075131527205964e-13,1.832239045322873e-17,9.028752105213405e-18,1.477120152679769e-16
1135,5.012994458082775e-13,1.851180554501611e-17,9.041358326092498e-18,1.486338905885973e-16
1136,5.083214851136211e-13,1.827464656897702e-17,9.254693525277307e-18,1.480528068387019e-16
1137,5.011850310652065e-13,1.820609648122824e-17,8.867623845453394e-18,1.497240823968239e-16
1138,5.136715062919373e-13,1.820395912982106e-17,9.37440470361321e-18,1.506060956245607e-16
1139,5.221798374638082e-13,1.837436830385035e-17,9.463977901068083e-18,1.495736620873424e-16
1140,5.162107581313008e-13,1.846191567883671e-17,9.37319120465767e-18,1.498642839352808e-16
1141,5.167515992017586e-13,1.839496289619854e-17,9.768228854969372e-18,1.489812577163294e-16
1142,5.080541532441508e-13,1.825356855133291e-17,8.932819082984475e-18,1.484759528179969e-16
1143,5.114963232932575e-13,1.830703453775577e-17,9.433979794397404e-18,1.484919296443466e-16
1144,5.076797297006875e-13,1.85434352039899e-17,9.447069178399072e-18,1.501247293080893e-16
1145,5.132426525271883e-13,1.819021801284544e-17,9.491356599958874e-18,1.478698641796988e-16
1146,5.086894873333255e-13,1.835795640498627e-17,9.23857208427261e-18,1.483324635010365e-16
1147,5.12492428748499e-13,1.860147005249277e-17,9.963109252130161e-18,1.497080700269229e-16
1148,5.164581626181754e-13,1.838738581809056e-17,9.416641384275073e-18,1.478738983727816e-16
1149,4.997308070347743e-13,1.820289973206353e-17,8.931629779655499e-18,1.493388080715347e-16
1150,5.066462548653365e-13,1.862568395207487e-17,9.60540747406344e-18,1.490951747985337e-16
1151,5.055112920833923e-13,1.818513671859443e-17,8.823009552169234e-18,1.482945029881523e-16
1152,5.06529253110138e-13,1.842984467133446e-17,9.11324614615233e-18,1.487433114115508e-16
1153,5.067919255962355e-13,1.858498075888803e-17,9.318513999596368e-18,1.497480920657878e-16
1154,5.159632366099485e-13,1.805817724605977e-17,9.54879455899581e-18,1.483900262825123e-16
1155,5.146908930569486e-13,1.83255367071424e-17,9.31594161889998e-18,1.509252411724894e-16
1156,5.217760796278e-13,1.810108054033437e-17,9.455210458023934e-18,1.504092021216372e-16
1157,5.242612492065762e-13,1.82053550709225e-17,9.32838411207817e-18,1.498823933747139e-16
1158,5.182382853735534e-13,1.829225683521277e-17,9.390073337306038e-18,1.487332170429561e-16
1159,5.086932336581722e-13,1.83796976127575e-17,9.204163817153551e-18,1.484988073215406e-16
1160,5.08025379999357e-13,1.862127993731024e-17,1.0048342066447e-17,1.4811081391457e-16
1161,5.053345489416233e-13,1.847898414070743e-17,9.467193576909405e-18,1.48754365456033e-16
1162,5.043653624275102e-13,1.832656288077128e-17,9.117859515259525e-18,1.483418114550521e-16
1163,5.019897507676219e-13,1.824565297052929e-17,8.880210007251106e-18,1.494002095565605e-16
1164,5.131180016776331e-13,1.838509054566459e-17,9.448767995529657e-18,1.490636298966752e-16
1165,5.118745067374157e-13,1.850725013358666e-17,9.464780855665469e-18,1.513979881777488e-16
1166,5.263460967896541e-13,1.844382508553803e-17,9.625282061212556e-18,1.512565248432175e-16
1167,5.280290777469241e-13,1.820555587010219e-17,9.657443249333266e-18,1.489777566765175e-16
1168,5.150296288089385e-13,1.84988250135032e-17,9.595697083442807e-18,1.496478237073172e-16
1169,5.225578861126163e-13,1.817887936596993e-17,9.573320987648995e-18,1.496210416413451e-16
1170,5.187648645047296e-13,1.806539142119763e-17,9.048706165871037e-18,1.496458865837665e-16
1171,5.172637007875149e-13,1.819557069978208e-17,9.433206094548889e-18,1.48477410103604e-16
1172,5.079716595259401e-13,1.820614495664451e-17,9.23810797086916e-18,1.480522914572069e-16
1173,5.068629178842e-13,1.831435968883792e-17,9.464878152639169e-18,1.487179688594099e-16
1174,5.12895963837985e-13,1.871567616054748e-17,9.66362092345058e-18,1.484104815963371e-16
1175,5.087897471079259e-13,1.839657308057784e-17,9.353098924604518e-18,1.484540757621166e-16
1176,5.085358913719635e-13,1.843170375824449e-17,9.141927678657486e-18,1.487119264556736e-16
1177,5.122866362183282e-13,1.822714841394324e-17,9.509542641162552e-18,1.484934402452807e-16
1178,5.07040663197987e-13,1.83753113250524e-17,9.276975556192348e-18,1.483706905905562e-16
1179,5.017331949044078e-13,1.820425967074875e-17,8.771165142696234e-18,1.490601999439661e-16
1180,5.14717871685892e-13,1.848240499761872e-17,9.727302463693507e-18,1.483480848918723e-16
1181,5.048325160175347e-13,1.82238647640472e-17,9.359119311865466e-18,1.489883486548317e-16
1182,5.127490263840477e-13,1.853081836296403e-17,9.315841193402313e-18,1.483047750745039e-16
1183,5.066344335107085e-13,1.836958545467156e-17,8.92958917003599e-18,1.485239899277003e-16
1184,5.030179391592008e-13,1.8062481121139e-17,8.718632369131134e-18,1.485869197854358e-16
1185,5.140151734661629e-13,1.826179786974078e-17,9.763377040582068e-18,1.490669176751787e-16
1186,5.129768768344556e-13,1.839851306201183e-17,9.423401587969778e-18,1.482828447032964e-16
1187,5.06362160362328e-13,1.834780096510173e-17,9.191684272636799e-18,1.512111890434199e-16
1188,5.297674657414714e-13,1.817236648633886e-17,9.789101268196215e-18,1.489298261974684e-16
1189,5.20826405645559e-13,1.829218578502751e-17,9.299773838220628e-18,1.494083134862773e-16
1190,5.146861299805333e-13,1.849505732464253e-17,9.375176205207959e-18,1.507842576759018e-16
1191,5.21226934252577e-13,1.829391091761521e-17,9.704656722234558e-18,1.500226304567221e-16
1192,5.086790495924702e-13,1.796295424289099e-17,8.990549886334077e-18,1.494694661664433e-16
1193,5.185284142494999e-13,1.863812007675478e-17,9.552417704731832e-18,1.482465547373274e-16
1194,5.044479993867419e-13,1.83452956838805e-17,9.104184092216385e-18,1.530900744852095e-16
1195,5.292107016394014e-13,1.812169556234635e-17,9.657367510975032e-18,1.502423784631894e-16
1196,5.146748293030128e-13,1.795815369629171e-17,8.843632353595315e-18,1.483603296453261e-16
1197,5.034455187407916e-13,1.798904970062421e-17,8.648493322091718e-18,1.499065452178833e-16
1198,5.132626525994229e-13,1.846197894691734e-17,9.66300514231372e-18,1.482123618408906e-16
1199,5.083175880307652e-13,1.845160249662746e-17,9.134686389997865e-18,1.503444239992294e-16
1200,5.200106467816083e-13,1.823104033538809e-17,9.604892777028047e-18,1.511701006980134e-16
1201,5.232223683582823e-13,1.834853967114491e-17,9.443948182895812e-18,1.497712486895182e-16
1202,5.183302039895827e-13,1.819943099603126e-17,9.512424386689295e-18,1.49757688824663e-16
1203,5.190627392362785e-13,1.819329891367817e-17,9.378142658335819e-18,1.488549003911389e-16
1204,5.13508795962693e-13,1.85801720364014e-17,9.426779206510765e-18,1.489404359475583e-16
1205,5.121343584808779e-13,1.836437213161712e-17,9.761116445560903e-18,1.491458599028154e-16
1206,5.086843736555005e-13,1.814224401395743e-17,9.036183759796375e-18,1.486290211220569e-16
1207,5.067953193254613e-13,1.850059424869805e-17,9.153478718399496e-18,1.500039345486912e-16
1208,5.133738292274626e-13,1.830530749980947e-17,9.430657237693702e-18,1.489079135980367e-16
1209,5.05242235165455e-13,1.855906049546258e-17,9.247520321821004e-18,1.479662049757408e-16
1210,5.03061696054732e-13,1.84802510843389e-17,9.426081078024444e-18,1.497391528626132e-16
1211,5.173263410191945e-13,1.832012279132377e-17,9.667550185669282e-18,1.484392718729627e-16
1212,5.075498016273219e-13,1.834765771168265e-17,9.245308691466208e-18,1.489627395260554e-16
1213,5.124661318612448e-13,1.834739998773977e-17,9.662452633416678e-18,1.487320263339845e-16
1214,5.170931547359253e-13,1.831539818228988e-17,9.706432253067225e-18,1.488839394726243e-16
1215,5.137042305081333e-13,1.829589808317452e-17,9.150897672732178e-18,1.48458536477816e-16
1216,5.055539976100633e-13,1.796370141515326e-17,8.631393142334024e-18,1.488488224438512e-16
1217,5.050728549976006e-13,1.822839658147239e-17,8.973410975860774e-18,1.514313635725038e-16
1218,5.186346253117957e-13,1.8024250661442e-17,9.033228895632755e-18,1.487396504257576e-16
1219,5.09910761569927e-13,1.838903116156347e-17,9.735329462888722e-18,1.4784533912924e-16
1220,5.069726533652484e-13,1.834587173002285e-17,9.351887485770457e-18,1.484640812718328e-16
1221,5.043722365658639e-13,1.822445358465129e-17,8.88704990687161e-18,1.486046737893549e-16
1222,5.151457414006643e-13,1.859761135058763e-17,9.49360844549988e-18,1.488608717077723e-16
1223,5.086035018617809e-13,1.843044209003226e-17,9.119517511098296e-18,1.506433097228658e-16
1224,5.274729863252425e-13,1.825927394598044e-17,9.948596484362206e-18,1.505791891561587e-16
1225,5.299946771965642e-13,1.821387891394329e-17,9.586751037427985e-18,1.510045210638642e-16
1226,5.260294724305666e-13,1.839431475959376e-17,9.467004694938539e-18,1.509771169857427e-16
1227,5.318648450935942e-13,1.807887847496533e-17,9.42029261454936e-18,1.505421172320592e-16
1228,5.222144513980598e-13,1.86169706424314e-17,9.574404907219462e-18,1.497784284868989e-16
1229,5.195056788543411e-13,1.838513000579926e-17,9.194935884538238e-18,1.497182710261718e-16
1230,5.162999725788406e-13,1.85088625610375e-17,9.899661243928345e-18,1.484041193006384e-16
1231,5.065467613350525e-13,1.844706963462023e-17,9.166290898045566e-18,1.491165542446946e-16
1232,5.127018339459974e-13,1.85204485160848e-17,9.258809637212761e-18,1.48391963406063e-16
1233,5.024366985503915e-13,1.85070903607787e-17,9.043071279176802e-18,1.489925961092228e-16
1234,5.130181583989569e-13,1.821583079791552e-17,9.734650766331841e-18,1.50174721313119e-16
1235,5.232927857885364e-13,1.80983911981293e-17,9.601266034907498e-18,1.531770495554603e-16
1236,5.460083692637231e-13,1.857355983959678e-17,1.004580537087072e-17,1.519259165465408e-16
1237,5.320638445733816e-13,1.819139143557382e-17,9.191360481879294e-18,1.503546783138053e-16
1238,5.239520570615056e-13,1.827912809357186e-17,9.612731387358931e-18,1.49858916859021e-16
1239,5.169149215239266e-13,1.828412403243109e-17,9.71970396983745e-18,1.483682380855103e-16
1240,5.073494107232083e-13,1.845613285299103e-17,9.3961626337697e-18,1.478704506482968e-16
1241,5.009320132833395e-13,1.846131348030876e-17,8.980858985939374e-18,1.485312585839594e-16
1242,4.964199901490743e-13,1.823123483529273e-17,8.643309204603495e-18,1.498180062313714e-16
1243,5.097024308769692e-13,1.822683186853348e-17,9.233943237728545e-18,1.516651157382185e-16
1244,5.248425088304547e-13,1.802026625346426e-17,9.250158696462194e-18,1.489373969739145e-16
1245,5.115294010409148e-13,1.85330874899319e-17,9.316305973645178e-18,1.517340879996903e-16
1246,5.243939391316446e-13,1.824367594838248e-17,9.926087104806581e-18,1.51071627288888e-16
1247,5.187454583229081e-13,1.845640138556407e-17,9.54034201809674e-18,1.489525385268064e-16
1248,5.036294386342789e-13,1.807247045625832e-17,8.767019810066868e-18,1.483643993819602e-16
1249,5.151365554658841e-13,1.852188314688138e-17,9.778807964744837e-18,1.487917928156463e-16
1250,5.109929303618853e-13,1.830442583367665e-17,8.909561656957638e-18,1.497239935379455e-16
1251,5.157387268708282e-13,1.845201674362733e-17,9.204794837420433e-18,1.507460839017093e-16
1252,5.278156383009218e-13,1.823394589493719e-17,9.790768433910598e-18,1.512575911497592e-16
1253,5.343185489767497e-13,1.807194481990337e-17,9.750980011533059e-18,1.508589524491474e-16
1254,5.281936511729205e-13,1.791275314905907e-17,8.970970877663389e-18,1.486495652947602e-16
1255,5.176112888025462e-13,1.837068371234042e-17,9.824262045268729e-18,1.49930554886847e-16
1256,5.162147024242463e-13,1.845960704069598e-17,9.730670150560144e-18,1.498057081625905e-16
1257,5.153276422529924e-13,1.867528393720381e-17,9.616730154465533e-18,1.483395544395387e-16
1258,5.058050858290536e-13,1.822101516841083e-17,9.167496673149341e-18,1.494983453019476e-16
1259,5.115253946136732e-13,1.820130776630373e-17,9.37567591933849e-18,1.532749009524362e-16
1260,5.444543392557321e-13,1.851831213567398e-17,1.00177541808747e-17,1.508935363246496e-16
1261,5.284857520446336e-13,1.82601851447035e-17,9.355244517267614e-18,1.504673335999351e-16
1262,5.251318680454877e-13,1.824283354376525e-17,9.160597317695999e-18,1.480202311738532e-16
1263,5.168119616729063e-13,1.839065151079923e-17,9.453671453600604e-18,1.489838523955809e-16
1264,5.104234247984989e-13,1.826291151785776e-17,9.09147597801274e-18,1.486958429986697e-16
1265,5.114447731215069e-13,1.847199083203762e-17,1.00713483629651e-17,1.484492240673518e-16
1266,5.083414924788645e-13,1.853220375509582e-17,9.450496726153071e-18,1.478610138354027e-16
1267,4.993166949327349e-13,1.823189942282845e-17,8.800104322205577e-18,1.48393474006997e-16
1268,5.093260556109717e-13,1.854083333509617e-17,9.748183866676588e-18,1.494667115412107e-16
1269,5.117840325331258e-13,1.827335717894813e-17,9.515649137102495e-18,1.505989513707314e-16
1270,5.214195530771266e-13,1.824528119877115e-17,9.574540949407479e-18,1.487489095208946e-16
1271,5.122138333118874e-13,1.864520215774675e-17,9.339701046175156e-18,1.483940071602679e-16
1272,5.084495001679072e-13,1.857995423630943e-17,9.693350061759134e-18,1.489005738546747e-16
1273,5.039905243033916e-13,1.81118469433477e-17,8.925532231075035e-18,1.489429062243799e-16
1274,5.048139424931238e-13,1.819458631282544e-17,8.755070935453431e-18,1.487245621881926e-16
1275,5.038558419934764e-13,1.869221968918465e-17,9.385658039570218e-18,1.484185677542782e-16
1276,4.969707988348615e-13,1.830118305210954e-17,8.724878532270113e-18,1.48788664983124e-16
1277,5.066823947616561e-13,1.854637269442367e-17,9.142519419257818e-18,1.491949455472846e-16
1278,5.155342554603448e-13,1.841442922006852e-17,9.826463595595914e-18,1.499763882963641e-16
1279,5.220379818236868e-13,1.860787935049818e-17,9.683673079475189e-18,1.513812471650441e-16
1280,5.28266710355357e-13,1.820570276630198e-17,9.616854397080781e-18,1.496732195747851e-16
1281,5.209769396708986e-13,1.816063013670319e-17,9.034836120720145e-18,1.495998932282681e-16
1282,5.216212086388421e-13,1.854488589580215e-17,9.758964692328667e-18,1.488227690206824e-16
1283,5.1044263413285e-13,1.851146856323062e-17,9.38900343759989e-18,1.495694146329514e-16
1284,5.169174791756094e-13,1.834500396658637e-17,9.80700061794564e-18,1.506840248609827e-16
1285,5.224316565629101e-13,1.821837140306227e-17,9.596457082856363e-18,1.492184220629775e-16
1286,5.099258341415647e-13,1.785474026267261e-17,8.680908074105971e-18,1.491560431302885e-16
1287,5.130485831312376e-13,1.841020754533049e-17,9.133903728098408e-18,1.489992427533326e-16
1288,5.111879985864652e-13,1.842946185907805e-17,9.228075144063319e-18,1.518587747779655e-16
1289,5.261860500105203e-13,1.831460850053711e-17,9.651791828183379e-18,1.497035382241206e-16
1290,5.145558673073492e-13,1.840479791032982e-17,9.290983996454726e-18,1.499054255960145e-16
1291,5.119448938519403e-13,1.826421891930392e-17,9.112583473730362e-18,1.497382465020528e-16
1292,5.127226071079871e-13,1.824747848422106e-17,9.064968023890277e-18,1.498391013291212e-16
1293,5.148926388822316e-13,1.831087916569746e-17,9.898887271059976e-18,1.488295933825494e-16
1294,5.088838970886552e-13,1.84847268813561e-17,9.394474810347201e-18,1.497465459213022e-16
1295,5.18089661450866e-13,1.825411258423045e-17,9.680885136425483e-18,1.50058227323439e-16
1296,5.248680184769169e-13,1.844001747323387e-17,9.744919266563187e-18,1.488741827677678e-16
1297,5.122196066624135e-13,1.83906918436309e-17,9.160901623380887e-18,1.492734612523046e-16
1298,5.182288755939989e-13,1.84199010109963e-17,9.374102642562357e-18,1.497402191691549e-16
1299,5.237784635760106e-13,1.827483133629364e-17,9.589099647842951e-18,1.506591621467857e-16
1300,5.205072265268998e-13,1.830386216205028e-17,9.283502105232902e-18,1.498946914434948e-16
1301,5.222487919152121e-13,1.847176811659229e-17,9.512167542433283e-18,1.497859104044664e-16
1302,5.169089170912352e-13,1.84785525432945e-17,9.9499048579769e-18,1.483338496995408e-16
1303,5.056387566410446e-13,1.839446517027239e-17,9.32983023034114e-18,1.486035541674862e-16
1304,5.077842216743862e-13,1.845036746297076e-17,9.250597441184456e-18,1.481973446904284e-16
1305,5.062253245177037e-13,1.831454541349925e-17,9.034229445898888e-18,1.490986758383455e-16
1306,5.11395664066096e-13,1.846787014599934e-17,9.153097224503544e-18,1.484777122237908e-16
1307,5.119487874174839e-13,1.840219721225678e-17,9.155282588853064e-18,1.490586004841536e-16
1308,5.106397048135315e-13,1.848316370654133e-17,9.844443363910591e-18,1.492415609149323e-16
1309,5.122344229257627e-13,1.826356466208863e-17,9.346870545241636e-18,1.50689018729953e-16
1310,5.250671496783459e-13,1.829692015621559e-17,9.873500681410225e-18,1.494207537292637e-16
1311,5.152712351085297e-13,1.852406937141789e-17,9.586371400017161e-18,1.494851408726062e-16
1312,5.144056308501755e-13,1.823253555799697e-17,9.342510664678966e-18,1.493401942700389e-16
1313,5.15378019742952e-13,1.807496292198189e-17,9.206495983009156e-18,1.494119389285191e-16
1314,5.200872762745363e-13,1.85402061915631e-17,9.893216889407487e-18,1.485957523579562e-16
1315,5.071243811656031e-13,1.820445007513804e-17,9.018932883087951e-18,1.485425792050771e-16
1316,5.063789110294768e-13,1.838205523277662e-17,9.16301842593913e-18,1.47971323247141e-16
1317,5.102803713945947e-13,1.869080469861144e-17,9.97899946375686e-18,1.481490587758655e-16
1318,5.058918766079864e-13,1.820318309066648e-17,9.068207616990209e-18,1.494328563085121e-16
1319,5.068074148536299e-13,1.812086139380366e-17,8.86936455612444e-18,1.48589301203379e-16
1320,5.079162774929625e-13,1.855218546808597e-17,9.443354745736444e-18,1.503474985164246e-16
1321,5.172394634966796e-13,1.840415083206562e-17,9.689197138600458e-18,1.482682896190023e-16
1322,5.055855298193639e-13,1.854583428010021e-17,9.313339862081989e-18,1.476530129726699e-16
1323,5.016364874035378e-13,1.853118486463838e-17,9.390997717791314e-18,1.490984981205885e-16
1324,5.127353472339226e-13,1.848645399656671e-17,9.433514476795713e-18,1.507534769603983e-16
1325,5.273713059908848e-13,1.855290965967844e-17,9.91752303780837e-18,1.503139454039126e-16
1326,5.197329270260068e-13,1.833930374410328e-17,9.376533984056897e-18,1.491819188357003e-16
1327,5.077270502325651e-13,1.821636776737298e-17,9.047211987837314e-18,1.493170909616355e-16
1328,5.083932300396582e-13,1.818310193567001e-17,8.846435552798847e-18,1.496118180897594e-16
1329,5.16905245815331e-13,1.841094476046084e-17,9.499528084177729e-18,1.491542837244948e-16
1330,5.133213862495506e-13,1.831856793611897e-17,9.194361262263197e-18,1.502345055665565e-16
1331,5.198914527706984e-13,1.829713672580615e-17,9.413236499818308e-18,1.501680391254577e-16
1332,5.200575124758361e-13,1.827614966140817e-17,9.6109241911101e-18,1.501934883082528e-16
1333,5.205120983154718e-13,1.857970632244477e-17,9.986674526282237e-18,1.48517307740039e-16
1334,5.094921441623723e-13,1.843509665052099e-17,9.40540009294672e-18,1.495783893796774e-16
1335,5.140752850021487e-13,1.832407151483767e-17,9.425719455810793e-18,1.493645060591895e-16
1336,5.169381172586428e-13,1.846664026191664e-17,9.361838446875471e-18,1.49182576391401e-16
1337,5.266805557751506e-13,1.841904747009244e-17,9.885575068428447e-18,1.497897491080165e-16
1338,5.190666154209166e-13,1.814598358164991e-17,9.0680276870789e-18,1.484844121832277e-16
1339,5.122361995232186e-13,1.850001612431326e-17,9.156852933131484e-18,1.48860658446464e-16
1340,5.126208714712341e-13,1.835101618833363e-17,9.470912044981468e-18,1.493823666937628e-16
1341,5.101946947687672e-13,1.823177578589434e-17,9.843520842950569e-18,1.493583570247991e-16
1342,5.124666051228226e-13,1.866351031532885e-17,9.616827806442817e-18,1.488883113294452e-16
1343,5.038034044945797e-13,1.828506628510621e-17,9.112130368004628e-18,1.49405772122353e-16
1344,5.118853491678465e-13,1.809905006893545e-17,9.097112383893186e-18,1.481621921181039e-16
1345,5.063366319731932e-13,1.823077638460693e-17,8.88737251668705e-18,1.507468658598399e-16
1346,5.202419859121157e-13,1.848335281353595e-17,9.31827541406678e-18,1.493176063431307e-16
1347,5.139852191227936e-13,1.83849563596155e-17,9.003817061913704e-18,1.490036323819293e-16
1348,5.059261424502993e-13,1.812285140617396e-17,8.743190915156635e-18,1.484282356002562e-16
1349,5.092891289820921e-13,1.865289526386003e-17,9.33309329043136e-18,1.501338106854694e-16
1350,5.18757763127769e-13,1.842722637003367e-17,1.00420889565779e-17,1.497175246115926e-16
1351,5.141859054970424e-13,1.83615178085403e-17,9.34938569743631e-18,1.505053474281465e-16
1352,5.291738099242249e-13,1.821974173590228e-17,9.864939310080183e-18,1.497992036926863e-16
1353,5.172265456196995e-13,1.840679264070682e-17,9.431694117212405e-18,1.490968098018976e-16
1354,5.176483988967607e-13,1.824522840937533e-17,9.590731571409282e-18,1.485283795562969e-16
1355,5.024827615434076e-13,1.850670942109505e-17,9.22154747879635e-18,1.496423322286276e-16
1356,5.129949554011965e-13,1.822571187121095e-17,9.405829567592673e-18,1.490295080873411e-16
1357,5.018233437844153e-13,1.825264204525894e-17,9.037448042052726e-18,1.486571893865334e-16
1358,5.12555324235097e-13,1.853678344599796e-17,9.854723410314383e-18,1.506496009314619e-16
1359,5.21252875520083e-13,1.831897755049927e-17,9.337843554989985e-18,1.482205013141589e-16
1360,5.088053088339551e-13,1.843859138569631e-17,9.50767399458327e-18,1.487063638898811e-16
1361,5.115000720294902e-13,1.839021973453105e-17,9.064090976401761e-18,1.494546089619626e-16
1362,5.204900376823072e-13,1.81826967322723e-17,9.683193647719906e-18,1.488230533690937e-16
1363,5.079968070098353e-13,1.818757012989504e-17,9.430250711528983e-18,1.514652188052025e-16
1364,5.233675255416362e-13,1.815952968489628e-17,9.244945645927542e-18,1.492424317319413e-16
1365,5.079334552706606e-13,1.820800401448798e-17,8.827084371707709e-18,1.481673814766068e-16
1366,5.008980576115184e-13,1.815892664349009e-17,8.70167080802051e-18,1.481062821117678e-16
1367,5.115505892909727e-13,1.848081859437799e-17,9.643115264812658e-18,1.481842824352926e-16
1368,5.099458166562542e-13,1.85446573585328e-17,9.710644965067234e-18,1.481399240831582e-16
1369,5.114042554962129e-13,1.852564049387649e-17,9.688858722208962e-18,1.494881443026987e-16
1370,5.139424721545182e-13,1.830535143129837e-17,9.24732367907901e-18,1.526430076958292e-16
1371,5.362162917923209e-13,1.813617921710329e-17,9.89288882905882e-18,1.491335796058102e-16
1372,5.172164213011071e-13,1.839350456180579e-17,9.740784705352712e-18,1.483293889838413e-16
1373,5.06507012752671e-13,1.817325044193507e-17,9.056956746873587e-18,1.492847463298709e-16
1374,5.101963184923771e-13,1.837247676014295e-17,9.718644268939421e-18,1.493205209143446e-16
1375,5.062127121590043e-13,1.823632385075027e-17,9.093889605859492e-18,1.504492597040534e-16
1376,5.145741295373631e-13,1.831376987639745e-17,9.176424471534071e-18,1.490812239546131e-16
1377,5.145122566271691e-13,1.839874073453864e-17,9.697648123761179e-18,1.479346423021066e-16
1378,5.007115327659773e-13,1.848902417112597e-17,9.133593719911198e-18,1.469190208646958e-16
1379,4.983312285055198e-13,1.838120958021381e-17,9.279030141358163e-18,1.472972931103613e-16
1380,5.010526113895827e-13,1.833882643177015e-17,8.914193879412857e-18,1.472693736507447e-16
1381,4.99234987566988e-13,1.831959062094279e-17,8.73126054708742e-18,1.477984216414055e-16
1382,4.94733458282557e-13,1.810119578919062e-17,8.59139799205161e-18,1.474928181865564e-16
1383,4.938469651431543e-13,1.802733024873974e-17,8.562669444748914e-18,1.498768485806972e-16
1384,5.259324821701907e-13,1.87152854837574e-17,1.027926342093413e-17,1.498111107824018e-16
1385,5.144112553720599e-13,1.833617855124065e-17,9.252166377826476e-18,1.49780809904842e-16
1386,5.173510889181244e-13,1.826627496097429e-17,9.480276840174435e-18,1.4929994119809e-16
1387,5.099476342270926e-13,1.820420722473516e-17,8.864987424740464e-18,1.495236523105371e-16
1388,5.178518658262369e-13,1.825235575013354e-17,8.948043876652682e-18,1.510506388217924e-16
1389,5.277341136676952e-13,1.817607062572126e-17,9.667935526876401e-18,1.492596703543654e-16
1390,5.18180639036336e-13,1.814981979839555e-17,9.525673004721569e-18,1.48446131778381e-16
1391,5.094106758545154e-13,1.833856248414704e-17,9.511817748873088e-18,1.495585027626747e-16
1392,5.222356257690032e-13,1.855069993832266e-17,9.500084805878363e-18,1.497906554685769e-16
1393,5.091045742419687e-13,1.825585527322213e-17,9.337472441282864e-18,1.481320334147497e-16
1394,5.020629439510266e-13,1.818015225380498e-17,8.974503250023595e-18,1.483551580585989e-16
1395,5.028569299629337e-13,1.835778829275786e-17,8.909084834915518e-18,1.496231742544285e-16
1396,5.212340247581667e-13,1.853311110519499e-17,1.012765792317975e-17,1.488300732204931e-16
1397,5.136761401707979e-13,1.838419744798491e-17,9.298527604797654e-18,1.485063247826595e-16
1398,5.068344840507005e-13,1.855667250040709e-17,9.644275705579206e-18,1.501750589768572e-16
1399,5.187728060425075e-13,1.813811883436295e-17,9.284017035968334e-18,1.503321792457756e-16
1400,5.177949547341576e-13,1.819662468356338e-17,9.221365232421598e-18,1.501878901989089e-16
1401,5.178277673734985e-13,1.82362168626256e-17,9.11962469597152e-18,1.492399436833441e-16
1402,5.077451178545977e-13,1.817558238496947e-17,8.693396155625073e-18,1.493837528922671e-16
1403,5.048452439381842e-13,1.814685283876347e-17,8.89887573314147e-18,1.507631803499278e-16
1404,5.297713056103276e-13,1.829854024894809e-17,9.980168060080795e-18,1.491479569723474e-16
1405,5.182759692936656e-13,1.832958305220121e-17,9.265870413968972e-18,1.50146410874437e-16
1406,5.220290206856888e-13,1.826350890769118e-17,9.238616719451137e-18,1.486512891570026e-16
1407,5.163827807691917e-13,1.839778404580126e-17,9.14678521579549e-18,1.485979382863666e-16
1408,5.084101248801332e-13,1.830382897668795e-17,8.918639429896598e-18,1.499034351571367e-16
1409,5.226384492798985e-13,1.839047097651874e-17,9.32394152472597e-18,1.483389679709409e-16
1410,5.125717101272937e-13,1.853814006309769e-17,9.880037258670155e-18,1.479158930787486e-16
1411,5.004681149386281e-13,1.834306077141091e-17,9.43729024781655e-18,1.506901738953732e-16
1412,5.225456625806432e-13,1.829516503225867e-17,9.436162390162975e-18,1.491799461685982e-16
1413,5.131108152977895e-13,1.843656439108161e-17,9.094207082291289e-18,1.481225077429773e-16
1414,5.108779286719681e-13,1.838588749903537e-17,9.295072235497526e-18,1.51083747639912e-16
1415,5.305552315414016e-13,1.811761241612132e-17,9.7846846915548e-18,1.501728375048953e-16
1416,5.234854816868512e-13,1.825689570437914e-17,9.453647314974236e-18,1.487259128431454e-16
1417,5.105601357369558e-13,1.819476419969036e-17,9.486382292509194e-18,1.494034084761856e-16
1418,5.104711598003572e-13,1.824066130628509e-17,9.226733541871834e-18,1.481937014764109e-16
1419,5.02208178251691e-13,1.812465944206106e-17,8.75861211379543e-18,1.504207182322875e-16
1420,5.230670062348199e-13,1.852230888749709e-17,9.83751992288007e-18,1.482309511182674e-16
1421,5.088241052170285e-13,1.845656670962279e-17,9.28656216513906e-18,1.490014109099674e-16
1422,5.125104032887943e-13,1.84731051046234e-17,9.42991323494841e-18,1.48401631252041e-16
1423,5.040905019446792e-13,1.811628729229338e-17,8.873015276297676e-18,1.497408056377529e-16
1424,5.149109939416344e-13,1.809079715749797e-17,9.070920575901486e-18,1.492601501923092e-16
1425,5.049231707673692e-13,1.817530910476573e-17,8.940885489020697e-18,1.473946113540665e-16
1426,5.001733755534399e-13,1.8478330944416e-17,9.160319004860766e-18,1.501907692265715e-16
1427,5.174230528417181e-13,1.842395837187661e-17,9.438215827102813e-18,1.489070072374763e-16
1428,5.12861627341505e-13,1.848965105768454e-17,9.652083642951448e-18,1.489910499647374e-16
1429,5.102903112861003e-13,1.828139739084472e-17,9.335614262797078e-18,1.494823862473736e-16
1430,5.075901893170727e-13,1.821948446038378e-17,9.108968252856084e-18,1.488198722212442e-16
1431,5.026942844562087e-13,1.869256577140037e-17,9.323195337479347e-18,1.491893474379407e-16
1432,5.084493804217089e-13,1.826666394154054e-17,8.880636648438834e-18,1.479464960764952e-16
1433,5.00749314442673e-13,1.856668513789771e-17,9.158178992039148e-18,1.489505480879286e-16
1434,5.062600917603509e-13,1.855396473826112e-17,9.344706735648075e-18,1.49195389841677e-16
1435,5.133802959012715e-13,1.816094880842644e-17,9.139943211207797e-18,1.493561710963886e-16
1436,5.143316042964213e-13,1.820005038479549e-17,9.55347019390388e-18,1.494155110554338e-16
1437,5.083896604575405e-13,1.859172479869834e-17,9.395160940272151e-18,1.484276135881069e-16
1438,5.079863917068546e-13,1.84574195211599e-17,9.107633317869691e-18,1.47863217535589e-16
1439,4.988207777858416e-13,1.829210849292094e-17,9.0973512443958e-18,1.481075083642908e-16
1440,5.005758701819544e-13,1.825529725353069e-17,9.246758291665595e-18,1.505661446727987e-16
1441,5.195662120794184e-13,1.822790024814239e-17,9.65126820232714e-18,1.483059302399241e-16
1442,5.060607377278525e-13,1.817136337567602e-17,8.950127070843358e-18,1.485043876591088e-16
1443,5.102981266010415e-13,1.820206758387013e-17,9.021724051971159e-18,1.502309512114176e-16
1444,5.19299899807495e-13,1.799673133114826e-17,9.134835471253934e-18,1.516939060148442e-16
1445,5.304657439432954e-13,1.818278254908857e-17,9.743310013695053e-18,1.506878813363085e-16
1446,5.31318419587643e-13,1.824976827073153e-17,9.612771864655966e-18,1.50180017302276e-16
1447,5.204953601976183e-13,1.829325997866118e-17,9.595584083684238e-18,1.503156514943793e-16
1448,5.248128312507641e-13,1.824412247021916e-17,9.630465678655348e-18,1.511324600770916e-16
1449,5.183574768622303e-13,1.820707148799426e-17,9.570011534174615e-18,1.49126950733476e-16
1450,5.075993603999062e-13,1.81383029093089e-17,8.816961487825092e-18,1.496020258413514e-16
1451,5.181305528639093e-13,1.84145642550169e-17,9.371598987764876e-18,1.485822991237551e-16
1452,5.105997818988152e-13,1.83907459506209e-17,9.207963943581287e-18,1.503880537085602e-16
1453,5.247497535471641e-13,1.812097732560062e-17,9.384109857748944e-18,1.498492490130429e-16
1454,5.215364685299752e-13,1.837730840409699e-17,9.362837768195362e-18,1.504314168412558e-16
1455,5.306231579033688e-13,1.847246688677946e-17,1.002313857833871e-17,1.500141177761643e-16
1456,5.187713387291555e-13,1.810947940654372e-17,9.081924184406028e-18,1.491767117054217e-16
1457,5.160470815730105e-13,1.837530006904599e-17,9.708628656467872e-18,1.483116527516978e-16
1458,5.081543027100698e-13,1.853167775604076e-17,9.280766538310023e-18,1.495213064361454e-16
1459,5.163921642754186e-13,1.822444671937769e-17,9.296537779254609e-18,1.485190316022813e-16
1460,5.092131866269166e-13,1.825051695097415e-17,9.431502686184523e-18,1.479032928897809e-16
1461,5.000221831317135e-13,1.821360448159111e-17,8.78976782495801e-18,1.510780428999139e-16
1462,5.233029279822112e-13,1.841459344365128e-17,9.677941209433454e-18,1.491691942443027e-16
1463,5.109382424024666e-13,1.833672148115123e-17,9.118720878863889e-18,1.527651886537315e-16
1464,5.317245451000332e-13,1.824722467462651e-17,9.879525925740043e-18,1.520293482810851e-16
1465,5.390943868034352e-13,1.808470932861075e-17,9.655593531312864e-18,1.489044658735519e-16
1466,5.231539204793833e-13,1.856735798274652e-17,9.739788279801647e-18,1.491818477485975e-16
1467,5.113479539996406e-13,1.822223524225326e-17,9.114626077135672e-18,1.490574453187334e-16
1468,5.166044279859263e-13,1.845005482429427e-17,9.489854296603427e-18,1.490845117331167e-16
1469,5.171366360348403e-13,1.822729037275849e-17,9.456039951141732e-18,1.48870326292442e-16
1470,5.150957235009832e-13,1.868625212782858e-17,9.89335249930006e-18,1.511721977675454e-16
1471,5.280584122843155e-13,1.819640586663408e-17,9.64900775346392e-18,1.490321205383682e-16
1472,5.112013556584308e-13,1.79517207327632e-17,8.859480052901609e-18,1.5015940204247e-16
1473,5.248636390707081e-13,1.83290855340937e-17,9.35162140021984e-18,1.484347756137119e-16
1474,5.084750714505224e-13,1.83630569402006e-17,9.754712601724016e-18,1.476854464633131e-16
1475,4.966172326699515e-13,1.806748435605136e-17,8.761764003251028e-18,1.479199628153827e-16
1476,5.040838988219983e-13,1.862398952128697e-17,9.25732105688571e-18,1.487375000408985e-16
1477,4.99477083268016e-13,1.806307540874084e-17,8.594143508410113e-18,1.482377932519099e-16
1478,5.083363297042657e-13,1.852691569968994e-17,9.822605298353663e-18,1.512755050996597e-16
1479,5.255488930384737e-13,1.821247317795714e-17,9.716751427373404e-18,1.493532742969503e-16
1480,5.133142079657636e-13,1.805600861893241e-17,8.986315675731223e-18,1.502865235540155e-16
1481,5.187195755341614e-13,1.825727210146085e-17,9.696513388193192e-18,1.484762549381839e-16
1482,5.064908857055682e-13,1.817943817909081e-17,8.946127250478164e-18,1.485168812174223e-16
1483,5.15781847649057e-13,1.850221072617684e-17,9.68627259638494e-18,1.483229733728155e-16
1484,5.005381150350734e-13,1.787813144528942e-17,8.644201958729265e-18,1.479134405737027e-16
1485,5.089118222649415e-13,1.848954698854756e-17,9.659342187973025e-18,1.492458083693234e-16
1486,5.09643994505969e-13,1.834281227121311e-17,9.513221333812812e-18,1.486167763686032e-16
1487,5.103028603260229e-13,1.831008963771121e-17,9.273865033441601e-18,1.487845063876114e-16
1488,5.087857967125746e-13,1.828758244528702e-17,9.466571249436848e-18,1.483703351550423e-16
1489,5.094309143998369e-13,1.820721247380023e-17,8.97856640615388e-18,1.487142190147382e-16
1490,5.08143527791675e-13,1.802608953476832e-17,9.187086115455798e-18,1.47695825180319e-16
1491,5.06650148557119e-13,1.848445141016975e-17,9.369010343853393e-18,1.485585915749782e-16
1492,5.047325044746536e-13,1.822347332400626e-17,9.190785319196062e-18,1.493568286520893e-16
1493,5.121155170564961e-13,1.822327264867435e-17,9.38185978633493e-18,1.494673690969115e-16
1494,5.159951172840407e-13,1.836792191575742e-17,9.67065452534779e-18,1.502575377878572e-16
1495,5.20255966784906e-13,1.835429599263501e-17,9.534542280356837e-18,1.518997920362694e-16
1496,5.298677917239849e-13,1.825861718108554e-17,9.65653449619154e-18,1.491135330428264e-16
1497,5.203400206225325e-13,1.833768845851625e-17,9.473697102905431e-18,1.493999607517007e-16
1498,5.174017891778409e-13,1.861743522777117e-17,9.928188667783419e-18,1.488380349760044e-16
1499,5.043965298249958e-13,1.826036963988629e-17,9.046487873113267e-18,1.492774065865089e-16
1500,5.040160659296682e-13,1.814007780575982e-17,8.792446350659572e-18,1.475945971459608e-16
1501,5.045915441918561e-13,1.867810306186657e-17,9.441918586937542e-18,1.487764380014459e-16
1502,5.114144483982761e-13,1.827583373834978e-17,9.669623143901172e-18,1.482900955877799e-16
1503,5.08326406533197e-13,1.839092466487865e-17,9.163918197187938e-18,1.488060990950807e-16
1504,5.039222024628429e-13,1.857237565106989e-17,9.175972453944682e-18,1.489008048877587e-16
1505,5.023403701742675e-13,1.826616385871725e-17,8.902147097577054e-18,1.475205243848646e-16
1506,4.983846105471142e-13,1.83341486399899e-17,8.812797753185003e-18,1.479784675009703e-16
1507,5.040219527175551e-13,1.838731655422258e-17,9.007670508662326e-18,1.503650392590354e-16
1508,5.267154642889672e-13,1.849767954486132e-17,1.022295773143632e-17,1.507605501271249e-16
1509,5.354480788443766e-13,1.829201890989719e-17,9.868113104952325e-18,1.491621033058005e-16
1510,5.165138348652602e-13,1.85191338038423e-17,9.752078633154499e-18,1.49297844128558e-16
1511,5.166242067210039e-13,1.83953630765295e-17,9.344455338034406e-18,1.487729191898583e-16
1512,5.124473984856193e-13,1.851423980915655e-17,9.186797450810306e-18,1.49596925341727e-16
1513,5.106659996112053e-13,1.840152993542746e-17,9.66441544003242e-18,1.49092118053114e-16
1514,5.12753527935122e-13,1.83897561297592e-17,9.252011991104646e-18,1.479748065151771e-16
1515,5.052061326285434e-13,1.835875195273371e-17,9.327131004527962e-18,1.483137320494541e-16
1516,5.093639457843388e-13,1.848180716260678e-17,9.343577176501639e-18,1.511692476527801e-16
1517,5.319556386078002e-13,1.826282694747874e-17,9.883782034105693e-18,1.503844104945429e-16
1518,5.192171876495845e-13,1.811830224762114e-17,9.393712003685849e-18,1.488217560294679e-16
1519,5.13416756272414e-13,1.821169823889357e-17,9.224855461457078e-18,1.495857113512636e-16
1520,5.181018948003658e-13,1.817202294638956e-17,9.208556209389284e-18,1.480885814231757e-16
1521,5.040226829013267e-13,1.816619904688948e-17,9.248173743903865e-18,1.482214254464949e-16
1522,5.081129770393675e-13,1.876034454774877e-17,9.893686145393264e-18,1.518242975331175e-16
1523,5.330250556859777e-13,1.839694741381297e-17,9.84033004783265e-18,1.497766868528808e-16
1524,5.169057414744714e-13,1.823262108951218e-17,9.150528626044097e-18,1.481040428680303e-16
1525,5.037144477966413e-13,1.812046628046107e-17,9.011842120379883e-18,1.485159926286375e-16
1526,5.092419900903896e-13,1.848671654892054e-17,9.088008149071665e-18,1.486789064964324e-16
1527,5.048898536597197e-13,1.813044185888316e-17,8.762551539790606e-18,1.481303273242829e-16
1528,5.053654001382985e-13,1.817546474904571e-17,8.671852160172592e-18,1.488355113838557e-16
1529,5.127021314591925e-13,1.857711018320574e-17,9.836763139334047e-18,1.507452130847002e-16
1530,5.240581993737367e-13,1.829578509578557e-17,9.880568080391671e-18,1.498925055150843e-16
1531,5.158229698143116e-13,1.830109038984835e-17,9.34103317705047e-18,1.479915830714331e-16
1532,5.049655516520424e-13,1.818952750768779e-17,9.27619320006753e-18,1.499867847851457e-16
1533,5.158388183902348e-13,1.859860436893331e-17,9.807532199440598e-18,1.487276011618365e-16
1534,5.0586052885647e-13,1.844722258153617e-17,9.107731257870003e-18,1.483082938860915e-16
1535,5.068002094773858e-13,1.847535191099174e-17,9.141194008912107e-18,1.476064864639008e-16
1536,5.067455895748821e-13,1.83769270061827e-17,9.525371439891589e-18,1.494670314331732e-16
1537,5.094481813896726e-13,1.845005944430041e-17,9.322277969718497e-18,1.491404217394527e-16
1538,5.103388617354982e-13,1.824013888030282e-17,8.975187535010402e-18,1.491251380123552e-16
1539,5.144264893872546e-13,1.824286586414606e-17,9.552479986855971e-18,1.506382447667928e-16
1540,5.318041245962275e-13,1.847421814140679e-17,1.002913246664181e-17,1.510038812799392e-16
1541,5.317098007816947e-13,1.827355048145669e-17,9.752410933158792e-18,1.491128577153501e-16
1542,5.146117926767009e-13,1.826581701503899e-17,9.308976867707494e-18,1.491011105716157e-16
1543,5.133629274709461e-13,1.840399463394038e-17,9.613503494034244e-18,1.482175156558421e-16
1544,5.081634202387087e-13,1.853535872536547e-17,9.463401938227278e-18,1.483520302260766e-16
1545,5.124360200921452e-13,1.837410442101971e-17,9.858048014458323e-18,1.516398620449561e-16
1546,5.331838277910532e-13,1.848394434100494e-17,9.864783985903963e-18,1.498728143876144e-16
1547,5.173388907655027e-13,1.82070337002936e-17,9.182974494285421e-18,1.488336808909592e-16
1548,5.131137686600952e-13,1.85464527739635e-17,9.37808361416993e-18,1.494623929997169e-16
1549,5.151044644185723e-13,1.844507178831674e-17,9.393622354332761e-18,1.490589203761161e-16
1550,5.099179136085401e-13,1.831397882681361e-17,9.033899071979142e-18,1.489966303023055e-16
1551,5.138104289848315e-13,1.830265541457516e-17,9.146539919591177e-18,1.482654105913397e-16
1552,5.050981800418023e-13,1.819981585678832e-17,9.314880201883559e-18,1.496232808850825e-16
1553,5.221752253332513e-13,1.85860016311213e-17,9.820857872930418e-18,1.48571760460768e-16
1554,5.076225054907329e-13,1.812311690934304e-17,8.999078407511073e-18,1.486781245383018e-16
1555,5.139681614756151e-13,1.853511479057933e-17,9.546436785324344e-18,1.490383228880856e-16
1556,5.153669437007072e-13,1.841361144406803e-17,9.689819492840377e-18,1.479611933349948e-16
1557,5.065898014515395e-13,1.849251777958105e-17,9.310139544653172e-18,1.497536901751316e-16
1558,5.182693219107792e-13,1.821246425092537e-17,9.632640017029881e-18,1.484849631082743e-16
1559,5.07565088655281e-13,1.811999863210613e-17,8.85291235938288e-18,1.474213934200387e-16
1560,5.027235096783165e-13,1.832339785778173e-17,8.720602179694422e-18,1.489068650632707e-16
1561,5.12061730470018e-13,1.839340942182484e-17,9.745756869862204e-18,1.48832703443296e-16
1562,5.060808204821245e-13,1.826955847040659e-17,9.415200901337698e-18,1.492088075323267e-16
1563,5.190272506706359e-13,1.868711724538332e-17,9.954662044204654e-18,1.484735891718296e-16
1564,5.096450409080124e-13,1.828629815595574e-17,9.17103369537131e-18,1.481592597751143e-16
1565,5.070341713972181e-13,1.815236370938529e-17,8.977356770509563e-18,1.489722474260522e-16
1566,5.122254717541221e-13,1.82589891624295e-17,9.357895711450268e-18,1.482687339133948e-16
1567,5.090063537593401e-13,1.85464568141879e-17,9.414866702165423e-18,1.490080397823017e-16
1568,5.109597707371357e-13,1.825426282617703e-17,9.34423968190717e-18,1.485251984084475e-16
1569,4.998123930764238e-13,1.824316988544332e-17,8.766227449335151e-18,1.4735211903838e-16
1570,4.988235186371455e-13,1.834615921719096e-17,8.982059054447709e-18,1.494329273956147e-16
1571,5.120192273440756e-13,1.82340961702487e-17,9.432026084014092e-18,1.481825052577231e-16
1572,5.114387476397836e-13,1.844108748801057e-17,9.501576151469612e-18,1.481344148326928e-16
1573,5.111128595377407e-13,1.842385157792161e-17,9.370832238478342e-18,1.471283546106057e-16
1574,4.983242275502999e-13,1.828084177119137e-17,8.778907416645404e-18,1.477388684210519e-16
1575,5.003328052697898e-13,1.825712348512831e-17,8.76319326581036e-18,1.507338924635826e-16
1576,5.169183792625781e-13,1.851608569536725e-17,9.595320392725645e-18,1.49290042319028e-16
1577,5.083040430092267e-13,1.806009334703518e-17,8.898690600460365e-18,1.472568267771041e-16
1578,5.023198210199811e-13,1.868622304897654e-17,9.3992890626673e-18,1.483041175188032e-16
1579,5.07211335597488e-13,1.833769841602686e-17,8.975506337819454e-18,1.503067478347562e-16
1580,5.259896444532724e-13,1.829402597387475e-17,1.000670135373062e-17,1.498579749549091e-16
1581,5.190210699685679e-13,1.822757013751611e-17,9.24323112029684e-18,1.485693434992735e-16
1582,5.114986365367743e-13,1.842091030083702e-17,9.653021670989999e-18,1.505992712626938e-16
1583,5.232525663728207e-13,1.835735074612133e-17,9.553542675048313e-18,1.502270947360917e-16
1584,5.198898230141399e-13,1.849513896800676e-17,9.673278491645138e-18,1.502236825551583e-16
1585,5.14129077322793e-13,1.821965661994702e-17,9.381246907835383e-18,1.496973891897302e-16
1586,5.216695066347199e-13,1.841723722803797e-17,9.727306349959822e-18,1.489680532869881e-16
1587,5.115417904655447e-13,1.816637322461716e-17,9.144216268680022e-18,1.51007613352835e-16
1588,5.348621647831611e-13,1.830198808654283e-17,9.933926869865114e-18,1.490739908419052e-16
1589,5.193866758638671e-13,1.826921624319687e-17,9.282278869455573e-18,1.485056849987345e-16
1590,5.164147139817042e-13,1.848404788259116e-17,9.682488000728991e-18,1.479223797768772e-16
1591,5.048512798073197e-13,1.821766747190541e-17,8.91249957176239e-18,1.486530663345721e-16
1592,5.107574525035982e-13,1.831393585475274e-17,9.743222227588273e-18,1.475861377807301e-16
1593,5.039042009794816e-13,1.840835872743799e-17,9.16491774722803e-18,1.483921233520442e-16
1594,5.130428102253068e-13,1.837778547255414e-17,9.726477707187122e-18,1.4870211643549e-16
1595,5.075241841336199e-13,1.825445286610533e-17,8.961025917566639e-18,1.485834898327267e-16
1596,5.090715631258228e-13,1.841922883982885e-17,9.218931816712528e-18,1.478916168331494e-16
1597,4.994827005035313e-13,1.839616189223098e-17,8.965180522443692e-18,1.495343864630568e-16
1598,5.115465209694094e-13,1.82742848433187e-17,9.542289960873605e-18,1.483494888621522e-16
1599,5.111056949130988e-13,1.856468446856791e-17,9.685505188632483e-18,1.510023706790051e-16
1600,5.345140736420573e-13,1.839954225409267e-17,9.867739067543637e-18,1.491557765536531e-16
1601,5.172835058990928e-13,1.829594308594091e-17,9.445608567648121e-18,1.481592242315629e-16
1602,5.072888922699715e-13,1.82487730268336e-17,9.459232719889235e-18,1.488111462793781e-16
1603,5.129587346944768e-13,1.854192175352536e-17,9.365330154453557e-18,1.479647476901338e-16
1604,5.067984401315057e-13,1.819952961910097e-17,9.24336456720908e-18,1.499616910378644e-16
1605,5.16892663966893e-13,1.863168447027968e-17,9.910671822249042e-18,1.490686770809725e-16
1606,5.094956141136391e-13,1.835111361907323e-17,9.172144573857295e-18,1.506256978931522e-16
1607,5.162952093330722e-13,1.837304255992599e-17,9.45481081865084e-18,1.516077484462754e-16
1608,5.227476665423926e-13,1.832464261815512e-17,9.472862184870097e-18,1.524664451043006e-16
1609,5.273791431171628e-13,1.830771514636607e-17,9.436450947537403e-18,1.498994009640539e-16
1610,5.138265441007693e-13,1.829822236070022e-17,9.249784547381812e-18,1.484668892123926e-16
1611,5.046984685387345e-13,1.832112471139228e-17,9.231752461494066e-18,1.494973145389573e-16
1612,5.131142565062246e-13,1.854628047559535e-17,9.329888863383286e-18,1.493561177810615e-16
1613,5.108029686492658e-13,1.845593772617609e-17,9.423829285942206e-18,1.486579713446639e-16
1614,5.084786424471359e-13,1.832822041810291e-17,9.093003442944173e-18,1.48617949305799e-16
1615,5.113944196424059e-13,1.83668809396706e-17,9.132613660958174e-18,1.478856810600673e-16
1616,5.005717194037556e-13,1.818950927686801e-17,8.967439205872647e-18,1.488427267247879e-16
1617,5.098028963511502e-13,1.850430693253467e-17,9.634720801439337e-18,1.487746252803251e-16
1618,5.140419958205293e-13,1.850339391708689e-17,9.618819730029693e-18,1.486492098592464e-16
1619,5.156451032207918e-13,1.825419655214803e-17,9.362912711176318e-18,1.48524185417233e-16
1620,5.141055372748096e-13,1.844882644592329e-17,9.550649444188329e-18,1.486901560304474e-16
1621,5.11518146837608e-13,1.838158409320568e-17,9.19952355290949e-18,1.475483727573786e-16
1622,5.059914053097542e-13,1.804670586714427e-17,8.7098138060292e-18,1.49516383654278e-16
1623,5.188703543629823e-13,1.843838965924731e-17,9.281009722996291e-18,1.483846058909254e-16
1624,5.077299196484619e-13,1.839665405721723e-17,9.198658591524955e-18,1.504881621210496e-16
1625,5.18180014329377e-13,1.818317338275673e-17,9.79512120008362e-18,1.496458154966637e-16
1626,5.196478798322993e-13,1.850905844253894e-17,9.766087384240424e-18,1.48896361943835e-16
1627,5.160174281427481e-13,1.843803599130755e-17,9.38457887169913e-18,1.493410117717208e-16
1628,5.129774311769761e-13,1.832435772186785e-17,9.123914469420708e-18,1.497053509452415e-16
1629,5.195072106495227e-13,1.820659259144456e-17,9.230225558568632e-18,1.49785874860915e-16
1630,5.242354083315362e-13,1.837916890183536e-17,9.813690103337578e-18,1.481929550618317e-16
1631,5.065916242659889e-13,1.831356137153304e-17,9.290842440985293e-18,1.496277593725577e-16
1632,5.162132192868912e-13,1.833199672319806e-17,9.782767759764901e-18,1.491640226575756e-16
1633,5.175289434013391e-13,1.850098041274112e-17,9.788026695144637e-18,1.497933745502584e-16
1634,5.14983903412749e-13,1.829303370020551e-17,9.38300831248194e-18,1.478116971578496e-16
1635,5.072909643455817e-13,1.818038124594592e-17,8.918241453884875e-18,1.501020880658541e-16
1636,5.229787153051333e-13,1.822872884637065e-17,9.558992851877153e-18,1.48644109359622e-16
1637,5.150307290900431e-13,1.81022213981905e-17,9.065232605606596e-18,1.499815776548671e-16
1638,5.214534002821976e-13,1.833995660448401e-17,9.906764777222396e-18,1.492643087878218e-16
1639,5.145464862197082e-13,1.820968803499922e-17,9.113174418989095e-18,1.481742769255765e-16
1640,5.099529213587974e-13,1.858330740755786e-17,9.808038174208297e-18,1.502640778013128e-16
1641,5.143825154901027e-13,1.801238536954472e-17,8.91161621750834e-18,1.502897224736405e-16
1642,5.199014996615999e-13,1.829150702204169e-17,9.235815363061317e-18,1.487243489268842e-16
1643,5.039944092313623e-13,1.813602338184031e-17,8.742095788030245e-18,1.480040944015222e-16
1644,5.063752110094476e-13,1.852589102725238e-17,9.406928108222432e-18,1.504379923982628e-16
1645,5.274871723293229e-13,1.858897643436484e-17,9.909874292493807e-18,1.497027918095414e-16
1646,5.156568847877682e-13,1.823698399677207e-17,9.127227732497827e-18,1.487097227554874e-16
1647,5.12725236272761e-13,1.84506071903253e-17,9.874920077274225e-18,1.482311643795757e-16
1648,5.10099867867396e-13,1.832640093615181e-17,9.555657332300951e-18,1.486254312233666e-16
1649,5.122613609195557e-13,1.836684532676195e-17,9.630187030219335e-18,1.493319303943408e-16
1650,5.069407647707474e-13,1.837895452781201e-17,8.940825330936964e-18,1.478558244768999e-16
1651,5.062271607025615e-13,1.861338897548766e-17,9.27724445897297e-18,1.487472745175307e-16
1652,5.108322162653579e-13,1.826732157151173e-17,9.057828545481992e-18,1.492873943244494e-16
1653,5.154992411146258e-13,1.804911999954491e-17,9.350645973691633e-18,1.484605446884695e-16
1654,5.080863300270742e-13,1.806637891311906e-17,9.421054430503921e-18,1.505218396359913e-16
1655,5.226515924101986e-13,1.834054221426905e-17,9.584664882704242e-18,1.51155154634654e-16
1656,5.276935132994865e-13,1.855861278719698e-17,9.618610282476403e-18,1.48966258337643e-16
1657,5.151102831440685e-13,1.811520132069298e-17,8.9764607022806e-18,1.482579819890993e-16
1658,5.090102261018855e-13,1.860305641747087e-17,9.659962578050323e-18,1.510990313670096e-16
1659,5.278662250066531e-13,1.817177077917952e-17,9.39224958021109e-18,1.517603902277188e-16
1660,5.336431194925872e-13,1.821894584758795e-17,9.720574430980623e-18,1.512244823316397e-16
1661,5.256558070297583e-13,1.802563368175684e-17,9.274122560059769e-18,1.496478237073172e-16
1662,5.104340821290864e-13,1.81513351946723e-17,9.326161120607205e-18,1.487091718304409e-16
1663,5.132329713527272e-13,1.883428623162432e-17,9.9529688115063e-18,1.487357939504318e-16
1664,5.073381342119305e-13,1.854506937802228e-17,9.624474364117921e-18,1.487233003921183e-16
1665,5.073657190837223e-13,1.828082600533881e-17,9.083749807216274e-18,1.505701610941057e-16
1666,5.154121291694884e-13,1.837271975218895e-17,9.511611800717523e-18,1.508872984313808e-16
1667,5.320733692093198e-13,1.8454695897956e-17,1.004525744526961e-17,1.488081606210614e-16
1668,5.173359024341351e-13,1.83459532705669e-17,9.278708188110313e-18,1.484104638245615e-16
1669,5.075694222277399e-13,1.844529600566812e-17,9.654733315110442e-18,1.495087417907292e-16
1670,5.158863047382841e-13,1.81163073318547e-17,9.154456722122696e-18,1.493900085573117e-16
1671,5.08162138691015e-13,1.810606613957831e-17,8.860414935403397e-18,1.482487051221867e-16
1672,5.052235896534364e-13,1.828799322868031e-17,9.248157041225507e-18,1.489536048333483e-16
1673,5.09291626569399e-13,1.802518014852286e-17,8.787835404941428e-18,1.492878919341689e-16
1674,5.219680389906502e-13,1.87414764805849e-17,9.529879684183582e-18,1.487426360840744e-16
1675,5.136652552169803e-13,1.837269036033744e-17,9.394747807820866e-18,1.487719950575223e-16
1676,5.048003829496358e-13,1.828064825747762e-17,9.32263189928785e-18,1.498542073384619e-16
1677,5.090047221656358e-13,1.802245500783266e-17,8.775197638260569e-18,1.486165453355192e-16
1678,5.107975403832797e-13,1.853255348448687e-17,9.46116721762621e-18,1.49062652449012e-16
1679,5.151149454915102e-13,1.850013990593753e-17,9.956288322201328e-18,1.49461220062521e-16
1680,5.155181127840727e-13,1.850016322047035e-17,9.47813197845761e-18,1.501331886733201e-16
1681,5.197938166896601e-13,1.793628978412352e-17,8.85302929439205e-18,1.502865768693426e-16
1682,5.133827224931611e-13,1.79502859640132e-17,8.9177428139506e-18,1.489709145428751e-16
1683,5.088497913029968e-13,1.863774653324092e-17,9.360134430025652e-18,1.477938898386033e-16
1684,5.089970883443238e-13,1.846389201516724e-17,9.593090244548864e-18,1.488527677780554e-16
1685,5.138907307233056e-13,1.848195671287718e-17,9.771817370699834e-18,1.5012398289351e-16
1686,5.171051679142527e-13,1.813106633717349e-17,9.3823819573238e-18,1.491236807267481e-16
1687,5.13156649235446e-13,1.839317610928743e-17,9.483988388278508e-18,1.49645673322458e-16
1688,5.100277006712583e-13,1.825001022840006e-17,8.998058653542841e-18,1.499271071623621e-16
1689,5.194680319068149e-13,1.827218640914421e-17,9.573905390959791e-18,1.497424228693409e-16
1690,5.091010653618451e-13,1.809426971166644e-17,9.318482744215108e-18,1.488234798917102e-16
1691,5.08237924636838e-13,1.834897849675634e-17,9.535442773920267e-18,1.508778616184867e-16
1692,5.160690527348772e-13,1.827112142730705e-17,9.486224293832396e-18,1.488105598107801e-16
1693,5.089527331580421e-13,1.865762898848719e-17,9.322018816437993e-18,1.49868122638831e-16
1694,5.117034500634176e-13,1.841084082990717e-17,9.648744004743325e-18,1.482347365064905e-16
1695,5.069601773131435e-13,1.820894252826745e-17,9.077076499477632e-18,1.488285803913348e-16
1696,5.054157113012634e-13,1.822096012050318e-17,8.996636658100232e-18,1.510201602264758e-16
1697,5.199509808835742e-13,1.807086318646723e-17,9.255313537633861e-18,1.485133090905077e-16
1698,5.155133751644423e-13,1.852113536741858e-17,9.658071493957617e-18,1.505630701556035e-16
1699,5.163081238014744e-13,1.815758208338215e-17,9.292297362812882e-18,1.482085764526676e-16
1700,5.035729139360693e-13,1.807775015124977e-17,8.783419177914713e-18,1.498828198973306e-16
1701,5.115622100370065e-13,1.813955996906991e-17,9.345659535364034e-18,1.492784373494992e-16
1702,5.080184853054584e-13,1.837356191545625e-17,9.261468873981306e-18,1.492358206313828e-16
1703,5.088739573610704e-13,1.828053880676628e-17,9.06171474615415e-18,1.49161836729165e-16
1704,5.098908943393587e-13,1.827202490850953e-17,9.038973862286193e-18,1.489111125176617e-16
1705,5.078974447901406e-13,1.853972855434288e-17,9.254379332237046e-18,1.491016259531108e-16
1706,5.142599305470972e-13,1.825854392235825e-17,9.04339839240714e-18,1.487270680085655e-16
1707,5.09183768395249e-13,1.848290228358745e-17,9.446453209315611e-18,1.498391546444482e-16
1708,5.201565184971017e-13,1.818693342127937e-17,9.052779609295662e-18,1.484723629193066e-16
1709,5.126278236548056e-13,1.847979349003815e-17,9.557155019867384e-18,1.495864044505157e-16
1710,5.108159339641086e-13,1.816209806702563e-17,9.105024765669251e-18,1.488339119240432e-16
1711,5.05982594927868e-13,1.809859352096906e-17,8.693947965275351e-18,1.475239365657981e-16
1712,4.999674259266307e-13,1.828169080826945e-17,8.723442060605144e-18,1.479530538617266e-16
1713,5.037159604317173e-13,1.813045739323374e-17,9.338131723093889e-18,1.476013148771735e-16
1714,5.051553121574248e-13,1.87318418887886e-17,9.322453382337023e-18,1.507193018357371e-16
1715,5.217134277182525e-13,1.812530596635458e-17,9.441533389265982e-18,1.492960136356614e-16
1716,5.206038764128066e-13,1.830578051495867e-17,9.430923500349004e-18,1.48337848349072e-16
1717,5.038593564440609e-13,1.804873282423158e-17,8.836621889791375e-18,1.483229911445911e-16
1718,5.105406173267431e-13,1.837564425387618e-17,9.835369202734002e-18,1.479796226663904e-16
1719,5.061042503705589e-13,1.842403677129482e-17,9.328609360894013e-18,1.476367695696848e-16
1720,5.00572356757276e-13,1.832628362232845e-17,8.938571828156902e-18,1.494602603866335e-16
1721,5.142892572122817e-13,1.842510724361278e-17,9.786436633958033e-18,1.499532672161851e-16
1722,5.211263780411313e-13,1.834384327734789e-17,9.721768816648679e-18,1.486708025667156e-16
1723,5.117837735714937e-13,1.825285782178273e-17,9.026009455522982e-18,1.489010892361698e-16
1724,5.106958330579992e-13,1.847199091213371e-17,9.25922762102325e-18,1.483806783284968e-16
1725,5.01810802811749e-13,1.82105467159772e-17,9.072187942609354e-18,1.471467306266743e-16
1726,5.04111469016672e-13,1.858034928372588e-17,9.8448740345951e-18,1.48106388742422e-16
1727,5.028211172519276e-13,1.834854337474321e-17,8.952877355038227e-18,1.485377985974152e-16
1728,5.04137995172745e-13,1.843328698050259e-17,9.085977294933896e-18,1.494006716227285e-16
1729,5.114843624814966e-13,1.814534104231114e-17,9.23389887757271e-18,1.486499029584984e-16
1730,5.131895333311396e-13,1.85870252412497e-17,9.80230828128539e-18,1.490175476822983e-16
1731,5.135643893529754e-13,1.81803275033585e-17,9.432949840069012e-18,1.487281698586586e-16
1732,5.117598617555392e-13,1.855747762726633e-17,9.528236076737371e-18,1.478204941868185e-16
1733,5.04847568707246e-13,1.848984781486744e-17,9.230756022114577e-18,1.501951233116167e-16
1734,5.223686442261482e-13,1.827649524242025e-17,9.895022646836792e-18,1.50936792826691e-16
1735,5.306560004496289e-13,1.830692706408683e-17,9.758480407056105e-18,1.49278917187443e-16
1736,5.121681437889111e-13,1.821352003187719e-17,9.262684588555152e-18,1.492271124612925e-16
1737,5.160059959266065e-13,1.825451810597732e-17,9.013298572999217e-18,1.505813039974664e-16
1738,5.224480936469365e-13,1.841081737823702e-17,9.700044848586425e-18,1.486507915472833e-16
1739,5.14243769850318e-13,1.855168459741225e-17,9.7170024380655e-18,1.497204036392552e-16
1740,5.061703955708982e-13,1.828232598646557e-17,9.073926522339884e-18,1.479856650701268e-16
1741,5.049259772938219e-13,1.850845816789839e-17,9.562774379172846e-18,1.485179119804126e-16
1742,5.163570577979442e-13,1.852282756391743e-17,9.916767096070433e-18,1.496653644499281e-16
1743,5.148868558737882e-13,1.816288088217483e-17,9.18743525296475e-18,1.498774883646222e-16
1744,5.164169454188363e-13,1.845930291025312e-17,9.34416699433669e-18,1.503255681452171e-16
1745,5.217441931184386e-13,1.802453497483113e-17,9.508354500865374e-18,1.490359592419183e-16
1746,5.138851320680942e-13,1.805150861307887e-17,8.879685612213716e-18,1.483230444599183e-16
1747,5.141625333754199e-13,1.861285397823585e-17,9.746090707688748e-18,1.484433238378212e-16
1748,5.033349219349079e-13,1.843975911530403e-17,8.962522210552658e-18,1.482691071206843e-16
1749,5.074512238818571e-13,1.870651644151386e-17,9.245907136388387e-18,1.493004210360338e-16
1750,5.129674157402386e-13,1.833207230400163e-17,9.523987552090013e-18,1.495087595625049e-16
1751,5.179750881586771e-13,1.854557214311123e-17,9.762203257520776e-18,1.489387298570917e-16
1752,5.117853078550205e-13,1.838164075479587e-17,9.602366695096162e-18,1.491776713813093e-16
1753,5.057313839209619e-13,1.830541512397879e-17,9.047438187965598e-18,1.475386871396249e-16
1754,5.009772928870552e-13,1.831556294885045e-17,8.905422238590052e-18,1.489039504920568e-16
1755,5.101223282173696e-13,1.812046884435997e-17,9.00340550067593e-18,1.494612022907453e-16
1756,5.172641204123343e-13,1.862835102760577e-17,9.911832841209206e-18,1.507128329093842e-16
1757,5.238931052136358e-13,1.836285604476339e-17,9.728699915213157e-18,1.499528229217927e-16
1758,5.201204185000998e-13,1.839667958276605e-17,9.346987193827488e-18,1.500878351017467e-16
1759,5.208074566906987e-13,1.818818585719767e-17,9.031041593421219e-18,1.485831699407642e-16
1760,5.049858955529389e-13,1.809193067832126e-17,8.710020867157231e-18,1.511564875178311e-16
1761,5.249643454071578e-13,1.840657245726568e-17,9.864416331623709e-18,1.49125440132542e-16
1762,5.052210501970895e-13,1.81304692352494e-17,8.970534742299956e-18,1.494414400761726e-16
1763,5.147893802583008e-13,1.858133337722435e-17,9.68112888561543e-18,1.492404235212879e-16
1764,5.059045676292581e-13,1.831590668213491e-17,9.066979595279587e-18,1.479980697695617e-16
1765,5.075102938752185e-13,1.820330015902194e-17,8.984850955189149e-18,1.489534271155913e-16
1766,5.127805972669681e-13,1.834187800460753e-17,9.410077863212453e-18,1.497676054755007e-16
1767,5.181878611850129e-13,1.817609059584489e-17,9.266278847684062e-18,1.493653413326471e-16
1768,5.124071247514208e-13,1.856949028009714e-17,9.354516990587928e-18,1.488254170152611e-16
1769,5.161444218264956e-13,1.828663618593852e-17,9.511185008031513e-18,1.492359450338127e-16
1770,5.125920450770464e-13,1.830290140255002e-17,9.240784197448254e-18,1.514259787244682e-16
1771,5.257796668670503e-13,1.818839942040974e-17,9.57090715061045e-18,1.502739233650477e-16
1772,5.23646750060279e-13,1.834126191912257e-17,9.52841491315795e-18,1.505750661041975e-16
1773,5.307578323674631e-13,1.840057749942419e-17,9.866568661830008e-18,1.499456075808606e-16
1774,5.182474368547901e-13,1.81319840180871e-17,9.277718196654197e-18,1.477582218847836e-16
1775,5.10797445539114e-13,1.830568990345188e-17,9.263503844730048e-18,1.475621103399906e-16
1776,5.032134811576864e-13,1.820350519285029e-17,9.369090205431448e-18,1.479754640708777e-16
1777,5.042918838226331e-13,1.836494175968215e-17,9.294183755166248e-18,1.498537985876208e-16
1778,5.183645340322748e-13,1.839104863318212e-17,9.776481912996295e-18,1.497272102293462e-16
1779,5.202314653599662e-13,1.818516780211051e-17,9.318574158000503e-18,1.487796191492954e-16
1780,5.093902352704535e-13,1.813915784551348e-17,9.204969729469322e-18,1.493083650197694e-16
1781,5.160233789965406e-13,1.817889710464037e-17,9.166264704360488e-18,1.488984767851427e-16
1782,5.160230977560828e-13,1.84501191548911e-17,9.25445225666294e-18,1.485043521155574e-16
1783,5.113083863068562e-13,1.850251581783294e-17,9.53481770662723e-18,1.489351399584012e-16
1784,5.126269382782824e-13,1.81953285940268e-17,9.088919092287085e-18,1.481256355754996e-16
1785,5.118410522370348e-13,1.864311374539876e-17,1.00615699511099e-17,1.474133605774245e-16
1786,4.993689859408227e-13,1.837264021253277e-17,9.173462267709938e-18,1.474872200772124e-16
1787,5.064923320111489e-13,1.833762244037516e-17,9.60490284158816e-18,1.499096908221812e-16
1788,5.250682010843276e-13,1.851283354386023e-17,9.883662700553889e-18,1.506189801619395e-16
1789,5.238619379592898e-13,1.829334263618417e-17,9.576234606843366e-18,1.493474629262981e-16
1790,5.101822086696809e-13,1.821141985431213e-17,9.335248271857124e-18,1.498749470006978e-16
1791,5.131732174037113e-13,1.822591318381561e-17,9.046754695141909e-18,1.50141985702289e-16
1792,5.179197678108733e-13,1.826124315045268e-17,9.48445748253706e-18,1.490401178374309e-16
1793,5.132739903297654e-13,1.85168919404711e-17,9.647987129818872e-18,1.480828944549534e-16
1794,5.090953258218551e-13,1.82536508653897e-17,9.178516777188723e-18,1.492028717592446e-16
1795,5.120927579988442e-13,1.821099542235533e-17,8.975586079882732e-18,1.503558690227769e-16
1796,5.27207250656083e-13,1.851652953446305e-17,1.005623909473193e-17,1.493074408874332e-16
1797,5.133227964701835e-13,1.826002977248435e-17,9.422408162286625e-18,1.492805521908069e-16
1798,5.123019610682692e-13,1.836376599854823e-17,9.159911526845983e-18,1.494309725002883e-16
1799,5.119681415997283e-13,1.828531922904268e-17,9.405116296407536e-18,1.495280419391337e-16
1800,5.180004858701845e-13,1.832758930466465e-17,9.754329084440624e-18,1.484873267544417e-16
1801,5.094010830922912e-13,1.819363342002056e-17,9.197196346275893e-18,1.479646055159282e-16
1802,5.064083434342558e-13,1.831079022012269e-17,8.975845720608778e-18,1.495190671924078e-16
1803,5.143219843160616e-13,1.825098046351619e-17,9.131589372703777e-18,1.486680123979315e-16
1804,5.12837451804611e-13,1.85379068319494e-17,9.664688400176571e-18,1.493965841143188e-16
1805,5.094139781551808e-13,1.817131838727858e-17,9.193098035710068e-18,1.485471820949821e-16
1806,5.032247130280589e-13,1.815229533607774e-17,8.749448809985824e-18,1.497158362929015e-16
1807,5.144722776360684e-13,1.83777556805331e-17,9.27017511191642e-18,1.492104425356906e-16
1808,5.093313339067774e-13,1.7995014754936e-17,9.06927596525682e-18,1.501748812591002e-16
1809,5.155441123884486e-13,1.818384886461797e-17,9.440703435069638e-18,1.49610965044526e-16
1810,5.21131145815028e-13,1.849335309981075e-17,9.496598715585639e-18,1.518184683906896e-16
1811,5.35456681214287e-13,1.829772549224864e-17,9.97770921488556e-18,1.503769285769752e-16
1812,5.171420615074474e-13,1.844183240980679e-17,9.493267260272198e-18,1.481436916996055e-16
1813,5.077425542179958e-13,1.844518476545108e-17,9.444636792511141e-18,1.477043200891011e-16
1814,5.074860321525127e-13,1.845331529786472e-17,9.625279606914054e-18,1.497424406411167e-16
1815,5.17784360973445e-13,1.831695934741991e-17,9.665399352974362e-18,1.510089284642365e-16
1816,5.254885205421175e-13,1.81468402860308e-17,9.452134181205591e-18,1.498405586147282e-16
1817,5.129737905909908e-13,1.827795679162884e-17,9.637032780535283e-18,1.480966675811169e-16
1818,5.051742287691462e-13,1.820630013787511e-17,8.971287659190797e-18,1.496778046929145e-16
1819,5.164594663062115e-13,1.843098796540074e-17,9.727756336143802e-18,1.500679484847442e-16
1820,5.198565989868911e-13,1.827837411046748e-17,9.333656846407262e-18,1.491088057504916e-16
1821,5.155496004414992e-13,1.822046075349292e-17,9.240572463179041e-18,1.50318121771201e-16
1822,5.179278257330508e-13,1.834825336841916e-17,9.85490190698589e-18,1.489401338273715e-16
1823,5.152350486906136e-13,1.809898601583306e-17,9.508792201041138e-18,1.487416230928597e-16
1824,5.073570538657577e-13,1.79773670910867e-17,8.768490745458767e-18,1.502090030684344e-16
1825,5.162520105899477e-13,1.817844037488463e-17,9.078745789175536e-18,1.503434820951175e-16
1826,5.218298996923594e-13,1.853038641203935e-17,1.016312557572255e-17,1.503642039855778e-16
1827,5.217938602211864e-13,1.825117198567386e-17,9.553846362699447e-18,1.485196536144307e-16
1828,5.104135770518987e-13,1.841382404377721e-17,9.448991890129173e-18,1.487823560027524e-16
1829,5.079903846749155e-13,1.838364809107855e-17,9.392748575660458e-18,1.4899124545427e-16
1830,5.145539031544719e-13,1.853338066472148e-17,9.351305388626966e-18,1.495454049639876e-16
1831,5.194246350496066e-13,1.807131527152265e-17,9.730019240884985e-18,1.494099307178655e-16
1832,5.213141355870951e-13,1.827975471163002e-17,9.560097226386309e-18,1.490846716790979e-16
1833,5.177867850061959e-13,1.852018342842013e-17,9.379537936015962e-18,1.490616039142459e-16
1834,5.098704680011851e-13,1.83001810070683e-17,9.258481158800717e-18,1.4978255153886e-16
1835,5.239283337479361e-13,1.84607621454898e-17,9.93158525455824e-18,1.493341163227511e-16
1836,5.084248464274524e-13,1.814610167570985e-17,9.004297046970945e-18,1.487137214050187e-16
1837,5.051126233520529e-13,1.841873012704963e-17,9.215478341506851e-18,1.492876431293091e-16
1838,5.132487428610936e-13,1.834214448448526e-17,9.799030830656843e-18,1.490601466286389e-16
1839,5.172897645946413e-13,1.859088290704765e-17,9.646586275729537e-18,1.481624231511879e-16
1840,5.043573194841219e-13,1.831110662914802e-17,8.97044068644909e-18,1.481151679996152e-16
1841,5.05237301489244e-13,1.815340423539201e-17,9.287073138919823e-18,1.477602300954371e-16
1842,5.009378668308345e-13,1.816302986621955e-17,9.242557578399692e-18,1.478973571166988e-16
1843,5.054930721412313e-13,1.840493920438001e-17,9.144995213500327e-18,1.492801078964144e-16
1844,5.168012796875472e-13,1.845442243121469e-17,9.633701463427488e-18,1.481299896605448e-16
1845,5.063669447954391e-13,1.83792326917365e-17,9.213721938214835e-18,1.475734131893326e-16
1846,5.041137533896093e-13,1.861711715645883e-17,9.319051952196994e-18,1.485287172200351e-16
1847,5.084410764614274e-13,1.829677162010214e-17,9.056335836459783e-18,1.481393909298874e-16
1848,5.058877125650957e-13,1.838452588680437e-17,9.438638720550305e-18,1.488170465089087e-16
1849,5.154802977074189e-13,1.845396066364083e-17,9.858308234456217e-18,1.498378750765982e-16
1850,5.1824224752343e-13,1.806631926732285e-17,9.455068373376313e-18,1.485781227564668e-16
1851,5.131964648121032e-13,1.839751726345533e-17,9.268157793828998e-18,1.511748279903482e-16
1852,5.306567967230075e-13,1.816650726466306e-17,9.847206323120927e-18,1.482504112126532e-16
1853,5.12635628688051e-13,1.852482148524136e-17,9.384084115693805e-18,1.492362826975509e-16
1854,5.154623035334928e-13,1.82830997439761e-17,9.119342148563187e-18,1.486883433093264e-16
1855,5.106828759897253e-13,1.791588317994706e-17,8.613542890939005e-18,1.476361475575355e-16
1856,5.128590733232846e-13,1.857255727202133e-17,9.4502451726959e-18,1.483774260935446e-16
1857,5.097197621159465e-13,1.825903581760077e-17,9.773161316158797e-18,1.481749344812771e-16
1858,5.113631010001933e-13,1.8391795002903e-17,9.554936582492453e-18,1.487128505880097e-16
1859,5.101105792636436e-13,1.83376231339523e-17,9.147398189206361e-18,1.483734452157889e-16
1860,5.079331263135626e-13,1.847067054961259e-17,9.385106255208167e-18,1.484283244591347e-16
1861,5.081411878634765e-13,1.840490054422041e-17,9.104588947749256e-18,1.486521244304603e-16
1862,5.167313524702714e-13,1.848029498783354e-17,9.342459706017507e-18,1.491864328667268e-16
1863,5.065900324319118e-13,1.793679339502897e-17,8.623516459586715e-18,1.495968542546244e-16
1864,5.16954225110286e-13,1.835502161372132e-17,9.203845665441533e-18,1.516220724974856e-16
1865,5.206880178473777e-13,1.852192959590392e-17,1.006465073860584e-17,1.49411139198613e-16
1866,5.103693625537942e-13,1.852972027840936e-17,9.383080730922667e-18,1.500876396122142e-16
1867,5.11575839488352e-13,1.83195992852347e-17,9.294903420503034e-18,1.49151244750851e-16
1868,5.100473016979314e-13,1.837339930380258e-17,9.109211116146134e-18,1.489195007957898e-16
1869,5.070372203753504e-13,1.839625383716651e-17,9.389403244894061e-18,1.488220226061033e-16
1870,5.095482528570237e-13,1.836521054844668e-17,9.078391882941371e-18,1.506956298305115e-16
1871,5.198259408492278e-13,1.83345216528702e-17,9.266802261696182e-18,1.501707937506904e-16
1872,5.1445097214536e-13,1.817320859045789e-17,9.140418117017864e-18,1.504106416354685e-16
1873,5.197140411752569e-13,1.834935554542505e-17,9.726977047756003e-18,1.502895092123322e-16
1874,5.177545960014306e-13,1.808254141063308e-17,9.294308129609177e-18,1.485877195153421e-16
1875,5.050012760552777e-13,1.852150442827321e-17,9.208105139822257e-18,1.494879665849419e-16
1876,5.083095310200252e-13,1.819148446691706e-17,9.495007131739138e-18,1.496464019652617e-16
1877,5.043648109097129e-13,1.796103261305269e-17,8.774587150499048e-18,1.487500113709877e-16
1878,5.138440018212262e-13,1.882080774463002e-17,1.00584864805844e-17,1.504780855242305e-16
1879,5.088193600909303e-13,1.807349167527914e-17,8.985844387128846e-18,1.50885592340914e-16
1880,5.259928314324796e-13,1.839759989697522e-17,9.938627046954242e-18,1.500408465268094e-16
1881,5.13620266997754e-13,1.828389535222474e-17,9.296173979042855e-18,1.481432651769888e-16
1882,5.10056782481957e-13,1.825051151462767e-17,9.0687877123352e-18,1.488920078587897e-16
1883,5.087365141834944e-13,1.827392897699749e-17,9.016552172991476e-18,1.482214076747192e-16
1884,5.062091368071079e-13,1.828548642160647e-17,9.064878471300853e-18,1.49577767367528e-16
1885,5.169476440917746e-13,1.852011616353607e-17,9.382353829025597e-18,1.477408233163783e-16
1886,4.998019722555816e-13,1.833073268830045e-17,8.707509065734421e-18,1.487670189603276e-16
1887,5.075568582850816e-13,1.807159570908063e-17,9.251543512756474e-18,1.486521422022359e-16
1888,5.110734639768638e-13,1.855976063576893e-17,9.514753475543827e-18,1.492374911782981e-16
1889,5.104884156349571e-13,1.814272849301606e-17,9.274428625334035e-18,1.485702143162826e-16
1890,5.022586720843154e-13,1.796773011216723e-17,8.73256227716084e-18,1.496536883932965e-16
1891,5.150598078573857e-13,1.845103117540054e-17,9.434095231099727e-18,1.499398672973111e-16
1892,5.199807310840499e-13,1.848626422025998e-17,9.987395051285366e-18,1.497836533889532e-16
1893,5.109585674549742e-13,1.812233695188649e-17,9.148975047319177e-18,1.504980432283358e-16
1894,5.28269740343211e-13,1.856584387072447e-17,9.834049942113974e-18,1.489610867509157e-16
1895,5.129635468220077e-13,1.835873044656068e-17,9.651914924169561e-18,1.493058414276206e-16
1896,5.180223921405489e-13,1.850575075077462e-17,9.627822332348801e-18,1.480329735370264e-16
1897,5.014509970085684e-13,1.823424758663555e-17,9.082166752644996e-18,1.485592846742303e-16
1898,5.045535764133394e-13,1.814396306112587e-17,9.0275711446355e-18,1.477035203591948e-16
1899,5.01122371043305e-13,1.808693650902643e-17,8.720315813549404e-18,1.5030070543102e-16
1900,5.240121244771058e-13,1.81254111082699e-17,9.613009733642483e-18,1.499243703089052e-16
1901,5.201677836830576e-13,1.842780149228183e-17,9.321486429804031e-18,1.486880411891397e-16
1902,5.103149057255619e-13,1.841897201092004e-17,9.363063271460863e-18,1.492989815222025e-16
1903,5.177942324840742e-13,1.844535641322049e-17,9.795900712328744e-18,1.501486145746232e-16
1904,5.161458607098537e-13,1.825890588861186e-17,9.44066240085696e-18,1.510962056546741e-16
1905,5.300786399149329e-13,1.826631585534443e-17,9.735826365571223e-18,1.487535657261267e-16
1906,5.114031590402139e-13,1.813422423965175e-17,8.809203911063089e-18,1.486322555852334e-16
1907,5.167569897812713e-13,1.823556096568761e-17,9.072471284138583e-18,1.490012865075376e-16
1908,5.195038338635057e-13,1.860503929613531e-17,9.726452816502917e-18,1.485384561531159e-16
1909,5.096340980157015e-13,1.833758883585702e-17,9.132157505220835e-18,1.496612591697426e-16
1910,5.202529710026017e-13,1.806482426744617e-17,8.860723206217829e-18,1.485146419736847e-16
1911,5.075435677248126e-13,1.831472378933991e-17,9.192031561275923e-18,1.483795409348522e-16
1912,5.110642169715047e-13,1.841142424466061e-17,9.806855430475991e-18,1.498240841786589e-16
1913,5.161669210960564e-13,1.812832709568893e-17,9.162909382890499e-18,1.487353496560393e-16
1914,5.097061810577916e-13,1.846842612079999e-17,9.457412733418062e-18,1.475324847899072e-16
1915,5.045581175783144e-13,1.850047177409887e-17,9.162066624841244e-18,1.486575270502714e-16
1916,5.066754969989639e-13,1.84551879509988e-17,9.38202356751126e-18,1.515661091758223e-16
1917,5.279096802579442e-13,1.819364256178507e-17,9.63541353429362e-18,1.50740912314982e-16
1918,5.270419026314585e-13,1.851407799375927e-17,9.901763265386132e-18,1.490439032256538e-16
1919,5.119175711754865e-13,1.838482016699505e-17,9.16203053504968e-18,1.497630203573713e-16
1920,5.202554956786578e-13,1.832518309265038e-17,9.641240219146715e-18,1.532388597913269e-16
1921,5.375052836449782e-13,1.819871122055677e-17,9.844776314453802e-18,1.529373083013362e-16
1922,5.427772678085627e-13,1.818479676662996e-17,9.660513380200747e-18,1.510664734739365e-16
1923,5.271373315791423e-13,1.829611695925791e-17,9.329394901338438e-18,1.492776376195929e-16
1924,5.198419899308313e-13,1.846132748128222e-17,9.922410521947629e-18,1.487231049025856e-16
1925,5.068926060069456e-13,1.854817646678286e-17,9.621986788903657e-18,1.484270804348361e-16
1926,5.084560607635365e-13,1.837186343811915e-17,9.585223081671058e-18,1.49616794186954e-16
1927,5.19561114976433e-13,1.832044539051768e-17,9.771105644582334e-18,1.494015246679619e-16
1928,5.170353240367668e-13,1.802284082097996e-17,9.093560459326642e-18,1.485739108456272e-16
1929,5.126795666451194e-13,1.842072452136109e-17,9.153140765467189e-18,1.501243027854726e-16
1930,5.29386411019523e-13,1.84289334591168e-17,9.940613568667772e-18,1.483720412455091e-16
1931,5.09660462227746e-13,1.836826749252618e-17,9.568985342825237e-18,1.484436081862323e-16
1932,5.048602815942217e-13,1.824238658149022e-17,9.499901185851234e-18,1.499892372901916e-16
1933,5.265757141451521e-13,1.857069364640876e-17,1.009281591985823e-17,1.516827808832593e-16
1934,5.211092121297971e-13,1.824388826405921e-17,9.447423536191086e-18,1.49669736306749e-16
1935,5.131414709925502e-13,1.828503032408546e-17,9.250419736038397e-18,1.487928768939637e-16
1936,5.093139843758883e-13,1.844984921999487e-17,9.358354633619888e-18,1.491546924753358e-16
1937,5.169642240702691e-13,1.836125612814268e-17,9.74234896910948e-18,1.485038900493893e-16
1938,5.086015311620319e-13,1.834671793034536e-17,9.048808690326078e-18,1.50061781678578e-16
1939,5.206997502681713e-13,1.829304420566105e-17,9.249309742990008e-18,1.493796120685301e-16
1940,5.168856975149705e-13,1.836245248522983e-17,9.474878112761718e-18,1.498534431521069e-16
1941,5.146028086026851e-13,1.843171286953594e-17,9.246418946326142e-18,1.490233768247263e-16
1942,5.092245645986892e-13,1.838820842329079e-17,9.356620531037857e-18,1.486717800143788e-16
1943,5.138392143396284e-13,1.847345036103827e-17,9.58333971540586e-18,1.479503703235967e-16
1944,5.051757576618695e-13,1.837014161453057e-17,8.935234301232095e-18,1.480303610859993e-16
1945,5.011819824585907e-13,1.831464183873285e-17,8.879156969448797e-18,1.48835671329837e-16
1946,5.159283412009989e-13,1.847026329107538e-17,1.003971705545409e-17,1.492977197261281e-16
1947,5.107317768999801e-13,1.852368270457597e-17,9.258146268610532e-18,1.477741098522549e-16
1948,5.004301717449946e-13,1.82744932889377e-17,8.79866571160018e-18,1.476303717304347e-16
1949,5.047556421690833e-13,1.833228009168477e-17,9.262969859506779e-18,1.482244466483631e-16
1950,5.01568725110059e-13,1.80313380274218e-17,8.91485031668734e-18,1.48450734668286e-16
1951,5.083033184533876e-13,1.869900426647043e-17,9.818242958582742e-18,1.491702783226202e-16
1952,5.049104514140594e-13,1.828025395269117e-17,9.199608729252815e-18,1.496292344299404e-16
1953,5.151148403056333e-13,1.825196536672544e-17,9.519262576143949e-18,1.491468551222543e-16
1954,5.129068898317105e-13,1.798193431685946e-17,8.92910632322445e-18,1.495419394677271e-16
1955,5.155349012912683e-13,1.814378671417965e-17,8.89304039257484e-18,1.497156408033689e-16
1956,5.161362251692213e-13,1.845410059685334e-17,9.924812158136388e-18,1.486504894270963e-16
1957,5.074452778267356e-13,1.827767793510976e-17,9.378706606624746e-18,1.487982617419993e-16
1958,5.128210607257573e-13,1.833627248399222e-17,9.421541958025142e-18,1.528992233860223e-16
1959,5.388567632496206e-13,1.822906254932658e-17,9.855683869707634e-18,1.501854732374144e-16
1960,5.159723699841909e-13,1.821856932888977e-17,9.418642478552781e-18,1.506400574879137e-16
1961,5.210361606795323e-13,1.806330975029388e-17,9.187460733457763e-18,1.487286141530511e-16
1962,5.134202320183795e-13,1.849364279036855e-17,9.141936147197014e-18,1.478917945509064e-16
1963,5.055106802065325e-13,1.825520966891324e-17,8.879880957649053e-18,1.485770386781495e-16
1964,5.180931915692502e-13,1.854156714543798e-17,9.591654220383025e-18,1.486401107100906e-16
1965,5.153784403714735e-13,1.837827515300649e-17,9.981450010416992e-18,1.487439156519243e-16
1966,5.123607350176864e-13,1.832430492211987e-17,9.550557951048597e-18,1.489144891550438e-16
1967,5.141427169530928e-13,1.846450976582777e-17,9.328769059579424e-18,1.503264389622262e-16
1968,5.247703663399203e-13,1.823459993701637e-17,9.650364914160248e-18,1.519244948044853e-16
1969,5.37846843664978e-13,1.817345610666177e-17,9.756611228634217e-18,1.5059111401765e-16
1970,5.212411798863113e-13,1.842323356118392e-17,9.402857191649949e-18,1.488737740169268e-16
1971,5.0684980256835e-13,1.808900487302049e-17,8.876521002815426e-18,1.482448841904122e-16
1972,5.084776002652549e-13,1.845387782015252e-17,9.197918969894468e-18,1.48637231682428e-16
1973,5.11876097434481e-13,1.86060239360913e-17,9.828442063485409e-18,1.483116527516978e-16
1974,5.072534631947232e-13,1.846806848468303e-17,9.59315500893492e-18,1.516418347120582e-16
1975,5.321077864031539e-13,1.834592245174234e-17,9.809652867846708e-18,1.49593317671261e-16
1976,5.148876954837334e-13,1.860479645791549e-17,9.48696951683327e-18,1.494712611157886e-16
1977,5.147151565051339e-13,1.826839653183449e-17,9.086497179561254e-18,1.48900147332058e-16
1978,5.096020224149697e-13,1.817125379399235e-17,8.878489640049195e-18,1.476716022500468e-16
1979,5.080533277613569e-13,1.834190475664521e-17,8.946785605265653e-18,1.495499900821169e-16
1980,5.194956035425859e-13,1.846509144214557e-17,9.502454130713449e-18,1.486409104399968e-16
1981,5.077235041696732e-13,1.835383837278401e-17,9.08950053868641e-18,1.480465334018816e-16
1982,5.03840985667751e-13,1.820815761595737e-17,8.819540040088177e-18,1.491375960271173e-16
1983,5.18015301449352e-13,1.855073811613074e-17,1.019892792608135e-17,1.504128453356547e-16
1984,5.227793598361076e-13,1.824467295381686e-17,9.550613019060294e-18,1.489780765684801e-16
1985,5.118839548676203e-13,1.842814907028678e-17,9.201514921162294e-18,1.497313155095318e-16
1986,5.179941770242334e-13,1.813418288820958e-17,9.509816233178353e-18,1.503226535740031e-16
1987,5.129724239574189e-13,1.810821549988585e-17,9.15538684692025e-18,1.485959123039374e-16
1988,5.134576773600333e-13,1.838556979178224e-17,9.515368288318305e-18,1.482284808414458e-16
1989,5.086305110182747e-13,1.811302538850167e-17,9.235213316907175e-18,1.495621637484679e-16
1990,5.066945334575557e-13,1.807545724738473e-17,8.825733631613911e-18,1.483872183419524e-16
1991,5.018543684316505e-13,1.797297719336612e-17,8.59664144673221e-18,1.477402368477803e-16
1992,5.065314961192493e-13,1.870649161210745e-17,9.410810616830786e-18,1.479332561036025e-16
1993,4.996126434404846e-13,1.823874515312744e-17,8.749965827019525e-18,1.47981097723773e-16
1994,5.027842819902997e-13,1.838865926352833e-17,8.918687142718885e-18,1.509882421173276e-16
1995,5.188462103673003e-13,1.81192624980942e-17,8.934442656285239e-18,1.503300288609164e-16
1996,5.183759631839774e-13,1.820758698297667e-17,9.706937731717236e-18,1.507850396340324e-16
1997,5.244893091107038e-13,1.837686158335385e-17,9.894034923764511e-18,1.501557588284526e-16
1998,5.165498777307833e-13,1.834118720283899e-17,9.506943550099745e-18,1.484154754653074e-16
1999,5.100508296665477e-13,1.823323323236048e-17,9.503092216353042e-18,1.476024700425938e-16
2000,4.979587334081423e-13,1.826542536156579e-17,8.905286253187167e-18,1.510266291528287e-16
