iter,continuity,x-velocity,y-velocity
1,1.0,0.000367165770908601,4.433527836880523e-05
2,0.5273681306064433,0.0002178790891362675,2.042311902145212e-05
3,0.3579384963998344,0.0001306187019205014,1.039223001462147e-05
4,0.2409498672113455,8.42881210086247e-05,5.911968363724439e-06
5,0.161419695931973,5.62069712086461e-05,3.744292365839924e-06
6,0.1183447474841775,3.859633319002999e-05,2.619454461012028e-06
7,0.0980523067925446,2.762620991125687e-05,1.989617657126407e-06
8,0.08378391123527099,2.084942001398568e-05,1.615380693858104e-06
9,0.07016762544013029,1.665860984971128e-05,1.373956140718226e-06
10,0.05771662959466956,1.394751457706537e-05,1.216810474991938e-06
11,0.04796695680862532,1.212445950077663e-05,1.105597269125755e-06
12,0.04065022063641918,1.080175357923294e-05,1.020517680788354e-06
13,0.03438525756503631,9.752833471431387e-06,9.44462896732068e-07
14,0.02977816013583352,8.91932838172421e-06,8.795495424063769e-07
15,0.02588302048181428,8.225544266692775e-06,8.200612940356101e-07
16,0.02256272531040096,7.62887941897908e-06,7.679561519650145e-07
17,0.01979181033343552,7.109179494211672e-06,7.216350168770076e-07
18,0.017424048264124,6.647092485071495e-06,6.80759220552202e-07
19,0.01544984229838123,6.232933481377144e-06,6.438715527038585e-07
20,0.0138480030463408,5.859080818032429e-06,6.103083364267996e-07
21,0.01252447617094933,5.519945351418871e-06,5.795704897841869e-07
22,0.01140162154868937,5.209531336268925e-06,5.509488243900222e-07
23,0.01110056852339241,4.922808545593452e-06,5.28000490893723e-07
24,0.009940051022531555,4.662110191525201e-06,5.01757771035353e-07
25,0.009706818145110407,4.417736763037855e-06,4.8123846144058e-07
26,0.008742024427111769,4.192307502167359e-06,4.579040789968793e-07
27,0.008549582967082605,3.979980848965122e-06,4.39318104158035e-07
28,0.007741168157635456,3.78247123321227e-06,4.183780270368881e-07
29,0.007593133530234815,3.595126980480566e-06,4.013672921989713e-07
30,0.007331583997149654,3.419953536575203e-06,3.847029987380979e-07
31,0.007037838520409125,3.255270062641502e-06,3.684224213833971e-07
32,0.006729680092902065,3.100240389712479e-06,3.526913546080367e-07
33,0.006427822768386629,2.953835895852329e-06,3.376739433197592e-07
34,0.006123972834786539,2.815138522314118e-06,3.232611594825944e-07
35,0.005827853462233025,2.683787107197284e-06,3.095092717663648e-07
36,0.005554292174882625,2.558909796578788e-06,2.963637144998478e-07
37,0.005303642072807944,2.440330727514981e-06,2.83867979278462e-07
38,0.005070365353750926,2.327463996728705e-06,2.720219151909586e-07
39,0.004845296678751354,2.220344057537966e-06,2.607226610526967e-07
40,0.004649238613850979,2.11842422313302e-06,2.499033706233763e-07
41,0.004464272443475792,2.021460786489428e-06,2.395719504196461e-07
42,0.004295330581781386,1.9292958578751e-06,2.297379050691853e-07
43,0.004125561065807197,1.841505926467197e-06,2.203262801050236e-07
44,0.003970784534848198,1.758011231458529e-06,2.113763441666683e-07
45,0.003826026608518947,1.678619825165679e-06,2.028197052592794e-07
46,0.00369511048532617,1.603146973342193e-06,1.946709368110197e-07
47,0.003564846383508909,1.531299651992757e-06,1.868727649544722e-07
48,0.003445931617437686,1.462896062736306e-06,1.794355608617655e-07
49,0.003336877480526336,1.397687008678534e-06,1.723471738923976e-07
50,0.003227644814265921,1.335597249501958e-06,1.655967830079459e-07
51,0.003119845341688918,1.276578354309023e-06,1.59188568895191e-07
52,0.003021912774357075,1.220296561949937e-06,1.530937413169831e-07
53,0.002925992620595563,1.166666146707609e-06,1.472952640105528e-07
54,0.002828907038102528,1.115565299755998e-06,1.417733677911732e-07
55,0.002740810042971736,1.066925523566787e-06,1.365248975790038e-07
56,0.002649559550706038,1.020725398375277e-06,1.315218531779531e-07
57,0.002566657029851805,9.768416076204054e-07,1.267353508307725e-07
58,0.002482249679056931,9.350330943131718e-07,1.221704027132414e-07
59,0.002396117468679071,8.951477716192954e-07,1.178133190586872e-07
60,0.002312293360440241,8.571001288419493e-07,1.136396625152331e-07
61,0.002224482423783396,8.207663201056937e-07,1.096597700059526e-07
62,0.002137809011060791,7.860824601140927e-07,1.058651635842346e-07
63,0.002055051462354279,7.530309571843584e-07,1.022182447109003e-07
64,0.001968840427085698,7.215505958281508e-07,9.868353630412919e-08
65,0.001885563894167258,6.916026077316338e-07,9.527255153101219e-08
66,0.001807503072027477,6.630742535366138e-07,9.199460428204828e-08
67,0.001733834967931815,6.358782294532767e-07,8.883297836018011e-08
68,0.001663907923852542,6.098908060623475e-07,8.577055443528018e-08
69,0.001599670757135304,5.850851436718571e-07,8.283842857068557e-08
70,0.001533541856780915,5.613858690657091e-07,8.000771693225073e-08
71,0.001469856424079949,5.387282411602531e-07,7.726731440086783e-08
72,0.001415173669489912,5.171533980924988e-07,7.462151346561556e-08
73,0.001358491602137663,4.964859806720006e-07,7.205409749354746e-08
74,0.00130815625723063,4.767628546939357e-07,6.958498800737674e-08
75,0.001255643610316988,4.578812032104159e-07,6.71868708161169e-08
76,0.001207507535484577,4.399138247646607e-07,6.488033399062386e-08
77,0.001159847731444212,4.227332319036171e-07,6.264249364183836e-08
78,0.001117700096923386,4.063293539932145e-07,6.050393196384269e-08
79,0.001076238632876293,3.906398383122437e-07,5.843619951312606e-08
80,0.001034659080152247,3.756374221412492e-07,5.645857425189716e-08
81,0.0009929377360486363,3.61276100946175e-07,5.454109414327244e-08
82,0.000953791783622336,3.475969887131091e-07,5.269638600358479e-08
83,0.0009212839663967018,3.345298925554075e-07,5.092866307373168e-08
84,0.0008863855826070026,3.220355468728628e-07,4.922591746811134e-08
85,0.0008549456880969343,3.101008501536839e-07,4.759431809936395e-08
86,0.0008238617890004846,2.986791231421467e-07,4.601815894827618e-08
87,0.0007940335076216439,2.87752695637845e-07,4.450302102232432e-08
88,0.0007641099906962011,2.773047922909264e-07,4.304014926593252e-08
89,0.0007379915028659711,2.673319212285136e-07,4.164257272490854e-08
90,0.0007131703298518629,2.577952558761468e-07,4.03016946998285e-08
91,0.0006849771053838779,2.486801531432821e-07,3.900342613913293e-08
92,0.0006581070889634423,2.399653514528322e-07,3.775473242862119e-08
93,0.0006347402688429947,2.316381408258097e-07,3.655170557924229e-08
94,0.0006117092653778021,2.236605354329673e-07,3.539712699511278e-08
95,0.0005908472403612379,2.160354084277632e-07,3.428964001848008e-08
96,0.0005725673824653117,2.087458687942215e-07,3.322016470257226e-08
97,0.0005569398070432104,2.017607381206823e-07,3.219768251403025e-08
98,0.0005400423853742772,1.950616064291077e-07,3.120875222891032e-08
99,0.000522729539276198,1.886516718860193e-07,3.024901415551506e-08
100,0.0005073502099941097,1.825350725212717e-07,2.931048443305057e-08
101,0.0004911130366260125,1.766588918371465e-07,2.839304829400312e-08
102,0.0004770724082613378,1.710211668215365e-07,2.753097835192177e-08
103,0.0004642195608995358,1.656280979066562e-07,2.669137031659581e-08
104,0.0004499672614507799,1.604544055463008e-07,2.586088523120231e-08
105,0.0004345709062599683,1.554904224026072e-07,2.505307159736753e-08
106,0.0004198345405117298,1.507244260576134e-07,2.426445385630544e-08
107,0.0004021128761584602,1.461461494186743e-07,2.348359539428536e-08
108,0.0003853679517888413,1.417530562416984e-07,2.273508092976694e-08
109,0.0003694470305129914,1.375298147287838e-07,2.199981208936861e-08
110,0.0003555852150764116,1.334804896234994e-07,2.129671883378464e-08
111,0.0003433790050118305,1.295999157069092e-07,2.060880483805648e-08
112,0.0003315892171569276,1.258684417067848e-07,1.993580169149217e-08
113,0.000320168172222074,1.22266605858689e-07,1.927611724535629e-08
114,0.0003089132586542156,1.188051180878043e-07,1.863547250223099e-08
115,0.0002971870618894524,1.154754487299558e-07,1.800975493720426e-08
116,0.0002869645401842708,1.122718241125593e-07,1.739648455553633e-08
117,0.0002767940729660777,1.091853973135303e-07,1.679784647799611e-08
118,0.0002680614277365732,1.062125687184339e-07,1.622204861107062e-08
119,0.0002608007355876804,1.033477168070248e-07,1.566203748943571e-08
120,0.0002537560462238444,1.005808690055965e-07,1.511621404584894e-08
121,0.0002455986115052447,9.790276569944281e-08,1.458961276067888e-08
122,0.0002387985139566392,9.531400690317928e-08,1.40749176093117e-08
123,0.0002316412452394949,9.280385452724164e-08,1.356658203863373e-08
124,0.0002255831765559329,9.03689409218809e-08,1.307446750777762e-08
125,0.0002211173750579194,8.801353413392153e-08,1.261927877206591e-08
126,0.0002151636735620616,8.572505379025703e-08,1.217787729719515e-08
127,0.0002097869964574913,8.350337185853551e-08,1.174339438122216e-08
128,0.0002041963293278649,8.133607175989949e-08,1.132040019839217e-08
129,0.0001987742631904717,7.922387689597903e-08,1.090780584127453e-08
130,0.0001939237380090078,7.716752178805987e-08,1.05093551249982e-08
131,0.0001897256072464787,7.516372841612274e-08,1.012154577383423e-08
132,0.0001855304273848856,7.320635565519321e-08,9.746242081130261e-09
133,0.0001807137555977189,7.129082930843682e-08,9.382548539944617e-09
134,0.0001759791720955619,6.941763328053227e-08,9.035076453576912e-09
135,0.0001705484278510809,6.75825421561567e-08,8.698677732466214e-09
136,0.0001649107581349428,6.578342774589134e-08,8.373836857522413e-09
137,0.0001595210875721197,6.402121152723226e-08,8.059019975375554e-09
138,0.0001537304259400244,6.229726953301148e-08,7.756079492228088e-09
139,0.0001480399404167109,6.061430895818237e-08,7.465493647393232e-09
140,0.000142846634024531,5.896755977088971e-08,7.189569252684976e-09
141,0.0001377108082435729,5.735834599724972e-08,6.926388110108358e-09
142,0.0001327700681738934,5.578016825865788e-08,6.677372599644041e-09
143,0.0001281924629959835,5.423652370616854e-08,6.439834157349832e-09
144,0.0001242314551201473,5.272882799351915e-08,6.216654009383409e-09
145,0.0001208880581848891,5.125350055411753e-08,6.006335117135222e-09
146,0.0001171977221540083,4.98081751594076e-08,5.799566012543907e-09
147,0.000114442404696724,4.839385666954119e-08,5.602367821886221e-09
148,0.000111889135653479,4.700926500132278e-08,5.412842502607136e-09
149,0.0001092944304266247,4.565516570395102e-08,5.233302972221644e-09
150,0.0001061467899036501,4.433121332643053e-08,5.067142085223135e-09
151,0.0001034576666385104,4.303961219330541e-08,4.911019522615363e-09
152,0.0001009141877958375,4.177982268951334e-08,4.764086657355305e-09
153,9.802372358693544e-05,4.054806788345339e-08,4.621328413305387e-09
154,9.552389876074272e-05,3.934590489472241e-08,4.486015472733552e-09
155,9.307777220160303e-05,3.817107366053e-08,4.359867121703944e-09
156,9.077551201449804e-05,3.702339621102806e-08,4.240197405254389e-09
157,8.850908362900711e-05,3.590290993460647e-08,4.122863472372832e-09
158,8.650512758429552e-05,3.481159165591944e-08,4.013261169974984e-09
159,8.462905195249847e-05,3.374655376956143e-08,3.907277665850163e-09
160,8.248490480959067e-05,3.270793618823751e-08,3.805737006825803e-09
161,8.079720673707305e-05,3.169934170489014e-08,3.713574464233243e-09
162,7.873875868511529e-05,3.071207574780714e-08,3.62271846006116e-09
163,7.69466624208222e-05,2.975322027895991e-08,3.538944015733171e-09
164,7.480173100321406e-05,2.881891989544774e-08,3.458540684762197e-09
165,7.280101501536403e-05,2.790932175972116e-08,3.380084094567202e-09
166,7.092110881699125e-05,2.702198629699001e-08,3.305468636245624e-09
167,6.900955983256423e-05,2.615900096857234e-08,3.233754839713371e-09
168,6.69491889897447e-05,2.531692974260625e-08,3.163530989873656e-09
169,6.49577045067322e-05,2.449795275866675e-08,3.095565028725681e-09
170,6.299605655438154e-05,2.370167957349222e-08,3.029455236089743e-09
171,6.093949525935727e-05,2.292861339896871e-08,2.964946404983262e-09
172,5.895480823948462e-05,2.217796117548473e-08,2.901750937214259e-09
173,5.673730692167287e-05,2.144757314518931e-08,2.837242989621808e-09
174,5.476384483609983e-05,2.073884168820654e-08,2.774976928523382e-09
175,5.259376777276006e-05,2.004971664306823e-08,2.712059762477607e-09
176,5.0522046677445e-05,1.938023800068054e-08,2.650029011830115e-09
177,4.855046840431944e-05,1.873057118096378e-08,2.588191071335582e-09
178,4.691755311812676e-05,1.81016276480938e-08,2.528902503764487e-09
179,4.536756202870948e-05,1.749162887388743e-08,2.470012385586712e-09
180,4.39673849998995e-05,1.68998097495233e-08,2.411674659318952e-09
181,4.268946951335608e-05,1.632576367571654e-08,2.35445211095844e-09
182,4.125160130334109e-05,1.576803112426306e-08,2.297301494951143e-09
183,3.99811761240618e-05,1.522749047993727e-08,2.241645932503943e-09
184,3.86525552215494e-05,1.470372720082215e-08,2.186770021124713e-09
185,3.737300117639891e-05,1.419596453796084e-08,2.131988482658248e-09
186,3.611073772648211e-05,1.370391568734984e-08,2.077964974930389e-09
187,3.484985566638447e-05,1.322697668131968e-08,2.024443353083531e-09
188,3.377939549944414e-05,1.276638522076166e-08,1.97248840283968e-09
189,3.270080048157285e-05,1.232019901569609e-08,1.921126376285102e-09
190,3.154590490884695e-05,1.188751263136771e-08,1.869762115514505e-09
191,3.05628707106144e-05,1.146878199050609e-08,1.82002605598565e-09
192,2.967682262311505e-05,1.10631828144652e-08,1.771623333855354e-09
193,2.872141937254066e-05,1.066983466506764e-08,1.723416476585608e-09
194,2.786822743670373e-05,1.028915283087572e-08,1.676235859633338e-09
195,2.713616752530069e-05,9.921633294288506e-09,1.630246752548766e-09
196,2.639373848646575e-05,9.565954700163974e-09,1.584550025438684e-09
197,2.55496254951819e-05,9.221587193949224e-09,1.539065653768925e-09
198,2.466535064932604e-05,8.88849003071591e-09,1.495012807484058e-09
199,2.381033229328439e-05,8.566540442305488e-09,1.451921713255557e-09
200,2.30950047982977e-05,8.255451323287771e-09,1.409640426518888e-09
201,2.240111095864764e-05,7.954707689241405e-09,1.368409550416418e-09
202,2.177321488886002e-05,7.664536709445523e-09,1.328666486214562e-09
203,2.105908255403827e-05,7.383768287749405e-09,1.289288024890058e-09
204,2.04139754620305e-05,7.112577509383779e-09,1.250754258554417e-09
205,1.978183495786507e-05,6.85070208418774e-09,1.21304457888118e-09
206,1.904565397049882e-05,6.597103808308219e-09,1.175792176717515e-09
207,1.835875937709874e-05,6.352374559431718e-09,1.139999406381233e-09
208,1.769811175369205e-05,6.116128364932613e-09,1.105270863175275e-09
209,1.701874787572766e-05,5.887922304801733e-09,1.070756442069528e-09
210,1.643742680027234e-05,5.667815025454762e-09,1.037404452651514e-09
211,1.583561466107393e-05,5.455131885349243e-09,1.004972036315463e-09
212,1.52824814427182e-05,5.249950253564821e-09,9.73372072153951e-10
213,1.470897031492438e-05,5.051627695392381e-09,9.423862486841318e-10
214,1.422275964586673e-05,4.86051162903381e-09,9.126783072629947e-10
215,1.382103646820852e-05,4.67645728671806e-09,8.837408112477497e-10
216,1.336506239906866e-05,4.498905120071987e-09,8.55249355681059e-10
217,1.294977508910962e-05,4.327741435524732e-09,8.27672148851108e-10
218,1.247390200394574e-05,4.162386596731629e-09,8.005301095047673e-10
219,1.202441312550194e-05,4.002866057479201e-09,7.743007661300318e-10
220,1.161914541618133e-05,3.849056928030246e-09,7.488781289950773e-10
221,1.122269734164301e-05,3.700902425740972e-09,7.24231463880172e-10
222,1.086655248201231e-05,3.558353362320043e-09,7.001931552555145e-10
223,1.056024554536809e-05,3.421172896092244e-09,6.771527333146099e-10
224,1.026653724381002e-05,3.288935260017859e-09,6.547613797132304e-10
225,9.979692650953292e-06,3.161525538763542e-09,6.330597014917558e-10
226,9.519901846104053e-06,3.038078152778768e-09,6.110068588437887e-10
227,9.112215296716488e-06,2.919192906020952e-09,5.899280323114168e-10
228,8.762858251159616e-06,2.804892481935479e-09,5.69489732606193e-10
229,8.43855315340825e-06,2.694924937556632e-09,5.498053488236032e-10
230,8.12345543365703e-06,2.589071713855089e-09,5.307386504757642e-10
231,7.833099693636985e-06,2.487229397080905e-09,5.122898620653447e-10
232,7.597962215365425e-06,2.389186245905121e-09,4.943718583732261e-10
233,7.386292652507116e-06,2.294901564660915e-09,4.773017432609249e-10
234,7.162625899359985e-06,2.204167795833768e-09,4.609315445351063e-10
235,6.919729516496265e-06,2.116809738080754e-09,4.450789911434577e-10
236,6.692884998377395e-06,2.032762842707607e-09,4.296655164974219e-10
237,6.411920127587783e-06,1.951609534068373e-09,4.14216079665084e-10
238,6.131108286915769e-06,1.873585990244612e-09,3.993772557437678e-10
239,5.864891718735607e-06,1.798584870017029e-09,3.851264323803679e-10
240,5.632831189091542e-06,1.726400413691426e-09,3.712750155302014e-10
241,5.397237851633725e-06,1.656892963858789e-09,3.576545010393757e-10
242,5.193529446386268e-06,1.590132083559829e-09,3.444888393983198e-10
243,4.993726456065625e-06,1.525950803069285e-09,3.317215216899769e-10
244,4.807277764883957e-06,1.464248815245371e-09,3.194735954111084e-10
245,4.626747577994733e-06,1.404949800772425e-09,3.076858724814109e-10
246,4.448415283862227e-06,1.347961223663201e-09,2.963081305039841e-10
247,4.275394764532568e-06,1.293195143046768e-09,2.853233523539037e-10
248,4.100244112083077e-06,1.240562229101534e-09,2.74702483795656e-10
249,3.928703086749461e-06,1.189975141285531e-09,2.644311443187951e-10
250,3.787261179799246e-06,1.141408303206853e-09,2.545373503705179e-10
251,3.658578146950138e-06,1.094802089182885e-09,2.450818238096696e-10
252,3.530036952498889e-06,1.050070185077408e-09,2.35932703874224e-10
253,3.412978932122096e-06,1.007132372434507e-09,2.271744917474571e-10
254,3.305710676721246e-06,9.658868799327833e-10,2.187288249835867e-10
255,3.202941332051895e-06,9.262795704672785e-10,2.105770377265987e-10
256,3.080447452605517e-06,8.88115328267475e-10,2.025598133652196e-10
257,2.946094787844031e-06,8.513871139269371e-10,1.947623926123133e-10
258,2.818113983030131e-06,8.161479555257545e-10,1.872797423669705e-10
259,2.69973631863112e-06,7.823299051639001e-10,1.80057899887682e-10
260,2.583783711140293e-06,7.498626390059185e-10,1.730903430333548e-10
261,2.472720330562386e-06,7.186981415269918e-10,1.663887461705778e-10
262,2.366089064590294e-06,6.887915160767965e-10,1.599250082274436e-10
263,2.264597988409884e-06,6.601039591896616e-10,1.5369238415562e-10
264,2.169487990014765e-06,6.325807293346904e-10,1.476954925486147e-10
265,2.081683869219247e-06,6.061749979614822e-10,1.419165423971974e-10
266,1.993256555830403e-06,5.808465911511947e-10,1.363616769501786e-10
267,1.912753654812147e-06,5.565504074308192e-10,1.310126430425027e-10
268,1.83722733587558e-06,5.332426107742989e-10,1.258579690736661e-10
269,1.76636912671951e-06,5.108838345983322e-10,1.208950063151349e-10
270,1.698241297359473e-06,4.894394266680919e-10,1.161177334900664e-10
271,1.633417974114499e-06,4.6887343134371e-10,1.115181005007137e-10
272,1.577088744777039e-06,4.491302064752638e-10,1.07049309160847e-10
273,1.519855503165775e-06,4.301963904578111e-10,1.027750220804219e-10
274,1.462469341845005e-06,4.120442542355108e-10,9.867271965036377e-11
275,1.405899892540223e-06,3.946400340314071e-10,9.472947594385307e-11
276,1.350793900595875e-06,3.779547230628365e-10,9.093701269287983e-11
277,1.297575974417886e-06,3.619559272194765e-10,8.728879551891727e-11
278,1.246224588704632e-06,3.466171318682087e-10,8.377963314454565e-11
279,1.196928429188623e-06,3.319126487992948e-10,8.040474797413478e-11
280,1.149570561065823e-06,3.178170505393459e-10,7.715979452679318e-11
281,1.099856963575727e-06,3.042871367432425e-10,7.401270460755931e-11
282,1.046463656968266e-06,2.912896429665609e-10,7.095508499584212e-11
283,9.967158245234866e-07,2.788451767771242e-10,6.80344217346748e-11
284,9.509002923809952e-07,2.66922628678441e-10,6.5235949415458e-11
285,9.075050678731224e-07,2.555003993719583e-10,6.255292820861422e-11
286,8.661747246752412e-07,2.445578746732308e-10,5.99797475130803e-11
287,8.268968176807888e-07,2.340758085582007e-10,5.751196843177333e-11
288,7.89633340060405e-07,2.240354669735511e-10,5.51433812838255e-11
289,7.542048691768651e-07,2.144179437728579e-10,5.286993219955205e-11
290,7.205488495718948e-07,2.052057861422691e-10,5.068751638898571e-11
291,6.885555602976296e-07,1.96382703951264e-10,4.85924327532311e-11
292,6.581401528404221e-07,1.879326483176908e-10,4.658108842436424e-11
293,6.292048004341343e-07,1.798396736017969e-10,4.465028267161738e-11
294,6.016678374201886e-07,1.720891198416889e-10,4.27969183230292e-11
295,5.757785545499459e-07,1.646698232090099e-10,4.102332726142851e-11
296,5.521869491654785e-07,1.575678826208005e-10,3.932544061719784e-11
297,5.296277412565909e-07,1.507669846365499e-10,3.769454383149654e-11
298,5.079541341673945e-07,1.442550979054167e-10,3.612838514079838e-11
299,4.871080773138626e-07,1.380194049870616e-10,3.462455311373852e-11
300,4.670317658197617e-07,1.320480630848262e-10,3.318071073472446e-11
301,4.477223947513663e-07,1.263301261438788e-10,3.179480254085836e-11
302,4.29128838898258e-07,1.208551682009666e-10,3.046516402656463e-11
303,4.112245410677473e-07,1.156132087210817e-10,2.918892737037847e-11
304,3.940026361323159e-07,1.105945576274241e-10,2.796416143083888e-11
305,3.774658520360687e-07,1.057899756414183e-10,2.678907675529607e-11
306,3.616576763292045e-07,1.011905785945956e-10,2.566169315478371e-11
307,3.467786193524645e-07,9.678823697610876e-11,2.458020054582146e-11
308,3.337347622294282e-07,9.257579875381858e-11,2.354273787705444e-11
309,3.204420484191946e-07,8.854240915803867e-11,2.254718467765846e-11
310,3.073215428781228e-07,8.468133383499942e-11,2.159237763449906e-11
311,2.94521150078572e-07,8.098613378967082e-11,2.067695527264393e-11
312,2.821183351667197e-07,7.745016742779584e-11,1.979945791569072e-11
313,2.701590512052357e-07,7.406648443443052e-11,1.895840286475109e-11
314,2.586624212113904e-07,7.082845996990353e-11,1.815232084057015e-11
315,2.476292810577789e-07,6.772997043195978e-11,1.737978014091889e-11
316,2.370594039911809e-07,6.476512899628451e-11,1.663940020251758e-11
317,2.269321946434266e-07,6.192828894077682e-11,1.592985764869034e-11
318,2.172219098206869e-07,5.921403319412203e-11,1.524988727813833e-11
319,2.079130872114781e-07,5.661715320254311e-11,1.459828024843027e-11
320,1.989901786164196e-07,5.413265885891882e-11,1.397388109870617e-11
321,1.904382824371799e-07,5.175577976809551e-11,1.33755845602571e-11
322,1.822426443643632e-07,4.948193580122358e-11,1.280233165291677e-11
323,1.743835333246104e-07,4.730672917462691e-11,1.225311133106784e-11
324,1.668531654705682e-07,4.522595930703357e-11,1.1726944322786e-11
325,1.596418225228626e-07,4.323559843293139e-11,1.122289540441188e-11
326,1.527356444587014e-07,4.133179037001871e-11,1.074006254557372e-11
327,1.461217897309155e-07,3.951121236140611e-11,1.027751570503508e-11
328,1.397696863588542e-07,3.776997123810193e-11,9.834557460660847e-12
329,1.337227931283484e-07,3.61044615978232e-11,9.4104082911662e-12
330,1.2794675066861e-07,3.451148148302276e-11,9.00424986026118e-12
331,1.224188076254416e-07,3.298794714835957e-11,8.615236327816743e-12
332,1.171199262606449e-07,3.153089480633561e-11,8.242683118680464e-12
333,1.120436201679514e-07,3.013747823902677e-11,7.885926281756154e-12
334,1.071805359587851e-07,2.880498091433983e-11,7.544322520794097e-12
335,1.025216438037197e-07,2.753076817911104e-11,7.217250525291962e-12
336,9.805950436469573e-08,2.631232777605786e-11,6.904111361533519e-12
337,9.378527673900872e-08,2.51472549461734e-11,6.604328160214913e-12
338,8.96920873837159e-08,2.403324784704023e-11,6.317345945640211e-12
339,8.577315176593839e-08,2.296809989013233e-11,6.042631220641023e-12
340,8.202182676965167e-08,2.194969691235258e-11,5.779671505503925e-12
341,7.843144859499158e-08,2.097601583650931e-11,5.527974832189847e-12
342,7.49955612446074e-08,2.004511696121868e-11,5.287069004978177e-12
343,7.170785744104702e-08,1.915514500917146e-11,5.056500949008675e-12
344,6.85622978379518e-08,1.830432304744488e-11,4.83583612655441e-12
345,6.555291295716292e-08,1.749094947776174e-11,4.6246577252621e-12
346,6.267391176845446e-08,1.671339494241682e-11,4.42256607416851e-12
347,5.991976605418337e-08,1.597010068634839e-11,4.229177858494153e-12
348,5.728516624835315e-08,1.525957468677748e-11,4.044125563078033e-12
349,5.476502082085953e-08,1.458038890913259e-11,3.867056793901475e-12
350,5.235442707547014e-08,1.393117655429964e-11,3.697633675970667e-12
351,5.004870090280933e-08,1.331062965313915e-11,3.535532262705917e-12
352,4.784334100270362e-08,1.271749656982535e-11,3.380441968730489e-12
353,4.573405172679058e-08,1.215057934615838e-11,3.232065071597278e-12
354,4.371669961239135e-08,1.160873224869444e-11,3.090116173580426e-12
355,4.178734047842512e-08,1.109085764209993e-11,2.954321689850233e-12
356,3.994218726577842e-08,1.059590579150335e-11,2.824419458543012e-12
357,3.817762217213223e-08,1.012287244530036e-11,2.700158402077429e-12
358,3.649017015524475e-08,9.670796719262279e-12,2.581297351316061e-12
359,3.487651441807327e-08,9.238759308922677e-12,2.467605539971101e-12
360,3.333347092628416e-08,8.825880736650952e-12,2.358861765486226e-12
361,3.18579933603379e-08,8.43131955254518e-12,2.254854130544564e-12
362,3.044716454454838e-08,8.054270863524733e-12,2.155379581324672e-12
363,2.909818718084083e-08,7.693964618361875e-12,2.060243603847634e-12
364,2.780838771717495e-08,7.349664280160413e-12,1.969259828811376e-12
365,2.657521248305459e-08,7.020665291060708e-12,1.882249782202771e-12
366,2.539625287141036e-08,6.70629407368126e-12,1.799042428486599e-12
367,2.426906202468492e-08,6.405905503351083e-12,1.719474006706439e-12
368,2.319142525666508e-08,6.118883327392366e-12,1.643387634170679e-12
369,2.216119560533032e-08,5.844637985109696e-12,1.57063305826352e-12
370,2.117631574117148e-08,5.582605334028367e-12,1.501066439893646e-12
371,2.023481566357782e-08,5.33224628518245e-12,1.43454996335792e-12
372,1.933480645030824e-08,5.093045062749925e-12,1.37095183731192e-12
373,1.847448092773893e-08,4.864508196570522e-12,1.310145559390433e-12
374,1.765211131491289e-08,4.646164084753743e-12,1.252010171710596e-12
375,1.686603533759851e-08,4.437561671369581e-12,1.196429887684318e-12
376,1.611467281147459e-08,4.238269743531593e-12,1.143293787849982e-12
377,1.539651262542298e-08,4.047875923945267e-12,1.092495749929478e-12
378,1.471009196972077e-08,3.865985945016432e-12,1.043934140473933e-12
379,1.405403379313222e-08,3.692222825663877e-12,9.975116991324346e-13
380,1.342700340573459e-08,3.52622611284098e-12,9.53135309719821e-13
381,1.282773364161142e-08,3.367651234797336e-12,9.107158526790332e-13
382,1.225500353040132e-08,3.216168698860452e-12,8.701680148605877e-13
383,1.170764914985091e-08,3.071463657128975e-12,8.314101654196914e-13
384,1.1184558167524e-08,2.933234929137324e-12,7.943641581116507e-13
385,1.068467080875987e-08,2.801194615763021e-12,7.589552342592008e-13
386,1.020696411896669e-08,2.675067565138426e-12,7.251118426515856e-13
387,9.750460691488441e-09,2.554590694571479e-12,6.927654772613349e-13
388,9.31423248026288e-09,2.439512548672491e-12,6.618506716144981e-13
389,8.897382963286154e-09,2.329592792085621e-12,6.32304717401996e-13
390,8.499061874802578e-09,2.224601657502536e-12,6.040675957921839e-13
391,8.11845222456707e-09,2.12431959565463e-12,5.770819163703588e-13
392,7.754773430216621e-09,2.028536675718872e-12,5.512927574236345e-13
393,7.40727888786618e-09,1.937052304768375e-12,5.266476124258537e-13
394,7.075257837670874e-09,1.849674740779538e-12,5.030962003060931e-13
395,6.75802108776065e-09,1.766220731173221e-12,4.80590468350927e-13
396,6.454917955881974e-09,1.686515114138201e-12,4.590844000335741e-13
397,6.16532378229759e-09,1.610390512362454e-12,4.385340220713728e-13
398,5.888647170960927e-09,1.537686977335712e-12,4.188972369614969e-13
399,5.624308140180832e-09,1.468251608327078e-12,4.001338191581793e-13
400,5.371760601768322e-09,1.401938317844936e-12,3.82205258748424e-13
401,5.130492317040614e-09,1.338607516451753e-12,3.650747372550381e-13
402,4.899995497059453e-09,1.278125788303974e-12,3.487070194158668e-13
403,4.679795248026825e-09,1.220365625600043e-12,3.330684290185368e-13
404,4.469434041418997e-09,1.165205240870518e-12,3.181267688026009e-13
405,4.268477206019705e-09,1.112528215035344e-12,3.038512450259122e-13
406,4.076502893666423e-09,1.062223340351488e-12,2.9021235947677e-13
407,3.893118345865345e-09,1.014184335734318e-12,2.771819819649762e-13
408,3.717940443591902e-09,9.68309620434686e-13,2.647331774159747e-13
409,3.55060334147141e-09,9.2450214573388e-13,2.528401843895124e-13
410,3.390756554249485e-09,8.82669254858092e-13,2.414783783667262e-13
411,3.238069056047951e-09,8.427223403407658e-13,2.306242082320324e-13
412,3.092221562980279e-09,8.045768006575093e-13,2.202551716787909e-13
413,2.952913258010786e-09,7.681517466925644e-13,2.103497467468631e-13
414,2.819847287834636e-09,7.333699881046574e-13,2.008873624710156e-13
415,2.692750227747023e-09,7.001576843546117e-13,1.918483167824522e-13
416,2.571352407855092e-09,6.684443508605482e-13,1.832138435701785e-13
417,2.455405454597379e-09,6.381626209814983e-13,1.74965930125735e-13
418,2.344660296221211e-09,6.092481723945072e-13,1.670873869135368e-13
419,2.238885767370127e-09,5.816395142224461e-13,1.595617966470227e-13
420,2.137863342380414e-09,5.552779159530265e-13,1.523734432443898e-13
421,2.041379323660471e-09,5.301073194789386e-13,1.455073208860858e-13
422,1.949229019735645e-09,5.060741102847365e-13,1.389490749617578e-13
423,1.861224821264392e-09,4.831271168255366e-13,1.326849863515477e-13
424,1.777170086810747e-09,4.61217429021251e-13,1.267019364566332e-13
425,1.696898931741397e-09,4.402983607798956e-13,1.209874351405964e-13
426,1.620238781324136e-09,4.203252954997363e-13,1.155294510691188e-13
427,1.547024938651188e-09,4.012555922438111e-13,1.103165683219381e-13
428,1.477109053123529e-09,3.830485669064886e-13,1.053378334169696e-13
429,1.410339002628068e-09,3.656653233244634e-13,1.005827935221326e-13
430,1.346575492289668e-09,3.490687342850193e-13,9.604146675755324e-14
431,1.285684774680576e-09,3.332233653131285e-13,9.170428033985265e-14
432,1.227536014846715e-09,3.180952777439092e-13,8.756213884945561e-14
433,1.172008499757547e-09,3.036521624169476e-13,8.360629501225287e-14
434,1.118978371621877e-09,2.898630777560616e-13,7.982843696097249e-14
435,1.068345286258415e-09,2.76698541811311e-13,7.622057464103757e-14
436,1.019993214660626e-09,2.641303502616484e-13,7.277511982202484e-14
437,9.738233614653026e-10,2.521315696671792e-13,6.948480384064341e-14
438,9.297342063016994e-10,2.406765029162919e-13,6.634265635044811e-14
439,8.876337774365214e-10,2.297405907111387e-13,6.334204879055098e-14
440,8.474341449725698e-10,2.19300358685199e-13,6.047664880160913e-14
441,8.090485123074456e-10,2.093334207388514e-13,5.774036988328685e-14
442,7.723955931943393e-10,1.998184056975918e-13,5.512743522197218e-14
443,7.374003277549336e-10,1.907348691910602e-13,5.26323250517358e-14
444,7.039826361214454e-10,1.820633200705513e-13,5.024972851468316e-14
445,6.720747278640963e-10,1.737850962420031e-13,4.797460999162873e-14
446,6.416108861427959e-10,1.658824322104526e-13,4.5802147667103e-14
447,6.125262319307601e-10,1.583383348372959e-13,4.372770057614869e-14
448,5.84752609978819e-10,1.511365962627248e-13,4.174690594249301e-14
449,5.582345219276835e-10,1.442617180429062e-13,3.985554453157402e-14
450,5.329197574151757e-10,1.376988961079026e-13,3.804957218200485e-14
451,5.08744055740432e-10,1.314340026073552e-13,3.632517080797704e-14
452,4.856655378685043e-10,1.254535716193294e-13,3.467867094734145e-14
453,4.636305995935115e-10,1.197447039838006e-13,3.310657192853132e-14
454,4.425931758648273e-10,1.142950899675419e-13,3.160550482335024e-14
455,4.225087024510982e-10,1.090930168668369e-13,3.017229738898548e-14
456,4.033338471749672e-10,1.041272425162943e-13,2.880387891586538e-14
457,3.850253093934425e-10,9.938707078981755e-14,2.749733856257403e-14
458,3.675475879240237e-10,9.486227282235645e-14,2.624989016557127e-14
459,3.508577324818586e-10,9.05431001257515e-14,2.505887857375379e-14
460,3.349285210924253e-10,8.642023007144659e-14,2.392174087750578e-14
461,3.197225997255675e-10,8.248474088375124e-14,2.283607406450297e-14
462,3.052030042086894e-10,7.87281553465871e-14,2.179951451270025e-14
463,2.913388371483888e-10,7.51423634600384e-14,2.080990423790081e-14
464,2.78108784212863e-10,7.171960276499211e-14,1.986508956387947e-14
465,2.654798089599491e-10,6.845248471711804e-14,1.896305929066318e-14
466,2.534146804839086e-10,6.533394988375322e-14,1.810186902676181e-14
467,2.419039578187183e-10,6.235725380187579e-14,1.727970648568462e-14
468,2.309143161708013e-10,5.951594958572532e-14,1.649477483560488e-14
469,2.204228271898537e-10,5.680392161063602e-14,1.574542335367636e-14
470,2.104048766443684e-10,5.421527297854308e-14,1.503002308535706e-14
471,2.008482456028404e-10,5.174439571172034e-14,1.434704201322264e-14
472,1.917210514961806e-10,4.938596784634542e-14,1.3695053550308e-14
473,1.830108048581365e-10,4.713487065108736e-14,1.307260755248016e-14
474,1.746934557932883e-10,4.498622170344133e-14,1.247837475803372e-14
475,1.667539830844566e-10,4.293540069121012e-14,1.191111136510889e-14
476,1.591774987358615e-10,4.097791055044278e-14,1.136956679704008e-14
477,1.519428906442775e-10,3.910955862522107e-14,1.085257363656657e-14
478,1.450396957921826e-10,3.732627523963308e-14,1.035907501334865e-14
479,1.384500523435473e-10,3.562419330960349e-14,9.887953300079893e-15
480,1.321601208714588e-10,3.399961408331727e-14,9.438219557401894e-15
481,1.261516815888056e-10,3.244901509820869e-14,9.008900202421686e-15
482,1.204202646823971e-10,3.096905131036986e-14,8.59904714912129e-15
483,1.149504344157508e-10,2.955648818746303e-14,8.20783103039906e-15
484,1.097298672163308e-10,2.82082907738394e-14,7.834378778413268e-15
485,1.047444402758843e-10,2.692149546067099e-14,7.4778667303383e-15
486,9.998457624045815e-11,2.569334963536803e-14,7.137576173511713e-15
487,9.54467045722584e-11,2.45211544242367e-14,6.812704321757695e-15
488,9.111159375076522e-11,2.340236750662601e-14,6.502626527717094e-15
489,8.69719849345808e-11,2.233459468172016e-14,6.206620230477213e-15
490,8.302381329519747e-11,2.131545879840491e-14,5.924063394897854e-15
491,7.92593792949874e-11,2.034279875961324e-14,5.654373539621119e-15
492,7.565955128206066e-11,1.941446980514648e-14,5.396929578650713e-15
493,7.222683759651823e-11,1.85284587464856e-14,5.151179370530214e-15
494,6.895009699542589e-11,1.768283257783037e-14,4.916605766234381e-15
495,6.58217989373428e-11,1.687574051775161e-14,4.692694099327161e-15
496,6.283673011643234e-11,1.610548331985602e-14,4.478988544358035e-15
497,5.998879669101671e-11,1.537036485738488e-14,4.274980463183086e-15
498,5.727115659400808e-11,1.466872039802813e-14,4.080238516530003e-15
499,5.467321154657701e-11,1.399909750982339e-14,3.894355254581526e-15
500,5.219838298816268e-11,1.336001666025093e-14,3.716958394761368e-15
501,4.98394328477475e-11,1.275008957091719e-14,3.547639378829691e-15
502,4.758492619623435e-11,1.216798335062692e-14,3.386015081718006e-15
503,4.542771158744346e-11,1.161241519045813e-14,3.231719744815804e-15
504,4.337816169061332e-11,1.108220684961601e-14,3.08445892696065e-15
505,4.141237947265439e-11,1.057618575500926e-14,2.943931557741202e-15
506,3.954824030266776e-11,1.009326347497761e-14,2.809777451482388e-15
507,3.775859049395207e-11,9.632359757992234e-15,2.681698022169943e-15
508,3.605874982247501e-11,9.19252497911671e-15,2.559500216631785e-15
509,3.442773070261218e-11,8.772712359147084e-15,2.44283074282586e-15
510,3.287802358090215e-11,8.372080164666613e-15,2.331468510925321e-15
511,3.140065054522258e-11,7.989749388268155e-15,2.225207245134726e-15
512,2.998548743206727e-11,7.624842066664017e-15,2.12382385964089e-15
513,2.863127276383505e-11,7.276592116830697e-15,2.026953607989904e-15
514,2.73491924740429e-11,6.944204629323306e-15,1.934524319317309e-15
515,2.612751098114003e-11,6.62707869398111e-15,1.846401489809597e-15
516,2.495190854986609e-11,6.324400864741776e-15,1.762242640422114e-15
517,2.383420801501672e-11,6.035521336110213e-15,1.681901526880339e-15
518,2.276386822373396e-11,5.759833649473063e-15,1.605209385295529e-15
519,2.175322408509697e-11,5.496723162205392e-15,1.532046307272014e-15
520,2.077753356367805e-11,5.245641854519259e-15,1.462161525359663e-15
521,1.984989789775984e-11,5.00604548716258e-15,1.39550747651916e-15
522,1.896884652413218e-11,4.777348607893351e-15,1.331912665527814e-15
523,1.812362815577375e-11,4.559097231647844e-15,1.271164836025255e-15
524,1.731811648691848e-11,4.350815627594634e-15,1.213191684871689e-15
525,1.654971081235407e-11,4.152109469830525e-15,1.157961885910159e-15
526,1.581849888531582e-11,3.962428799197045e-15,1.105117397531798e-15
527,1.512096882018277e-11,3.781438757182739e-15,1.054778846987971e-15
528,1.445233393586333e-11,3.608673831618353e-15,1.006643409109401e-15
529,1.381466369917218e-11,3.443804553188405e-15,9.607651502692898e-16
530,1.321558569204257e-11,3.286520231827589e-15,9.169640069263503e-16
531,1.263148127407367e-11,3.136383986072244e-15,8.752027007295079e-16
532,1.208472431203307e-11,2.993093967917671e-15,8.352968621619558e-16
533,1.154857506738738e-11,2.856373582217138e-15,7.97216565802927e-16
534,1.104976913751946e-11,2.725890086531498e-15,7.608692390005083e-16
535,1.056942855413215e-11,2.60135889104574e-15,7.261676457362068e-16
536,1.011322118193448e-11,2.482528108359049e-15,6.930655151672455e-16
537,9.67080782496701e-12,2.369174791659643e-15,6.615384307212329e-16
538,9.257686893270433e-12,2.260887760739351e-15,6.313117817856071e-16
539,8.85174513768791e-12,2.157684601802217e-15,6.025983885968877e-16
540,8.473407500307955e-12,2.059138604133732e-15,5.751643533867494e-16
541,8.108527606651477e-12,1.965040108286498e-15,5.488836589211294e-16
542,7.772639703207111e-12,1.875277982850679e-15,5.238897988108186e-16
543,7.439823780433268e-12,1.78965007040617e-15,5.000405391345149e-16
544,7.128337713240504e-12,1.70797435763619e-15,4.773292359640565e-16
545,6.829660797071414e-12,1.629927073930731e-15,4.555200929874254e-16
546,6.53780298663674e-12,1.555497083475622e-15,4.347833103132907e-16
547,6.276071257041679e-12,1.484476796851879e-15,4.150173180982241e-16
548,6.004456668169382e-12,1.41666445375303e-15,3.961079726316234e-16
549,5.763006050844446e-12,1.351994809202688e-15,3.780659989864509e-16
550,5.521541114981882e-12,1.290225575206778e-15,3.608425690458419e-16
551,5.293352920416837e-12,1.231319887078182e-15,3.443918472553785e-16
552,5.07794093874744e-12,1.17517881587901e-15,3.287419592105022e-16
553,4.878807862903825e-12,1.121530670965885e-15,3.138231666602325e-16
554,4.67462309897049e-12,1.070305119520247e-15,2.994622892965605e-16
555,4.497845997306004e-12,1.021542991159469e-15,2.86007621740357e-16
556,4.311228429092892e-12,9.749070996478837e-16,2.72962175060851e-16
557,4.136957761405026e-12,9.303702024507336e-16,2.604503235850813e-16
558,3.990948578877418e-12,8.8793337789959e-16,2.486272149955089e-16
559,3.825625159813307e-12,8.474836702250147e-16,2.374356560292802e-16
560,3.674656765571384e-12,8.088437047054096e-16,2.266833863747774e-16
561,3.535569765252755e-12,7.71937932360087e-16,2.163594643536075e-16
562,3.404687184689505e-12,7.367511410050503e-16,2.065514985828437e-16
563,3.268128925417048e-12,7.03141412871413e-16,1.970905797252852e-16
564,3.152084336618351e-12,6.710923912433532e-16,1.882436716729675e-16
565,3.027088611016503e-12,6.405236070982997e-16,1.796844865997893e-16
566,2.916386520529091e-12,6.112841043899685e-16,1.714867436691737e-16
567,2.819426281681152e-12,5.834406954010904e-16,1.637363748712983e-16
568,2.718878164757747e-12,5.569586984773666e-16,1.564017017447095e-16
569,2.623114279180011e-12,5.315514558336467e-16,1.492988537581319e-16
570,2.526015032436301e-12,5.073539980222402e-16,1.425580237678285e-16
571,2.440028982211939e-12,4.842829560321551e-16,1.361347415643157e-16
572,2.351189805302944e-12,4.622003935224187e-16,1.299157604666757e-16
573,2.269617794168666e-12,4.411420498527623e-16,1.240033637090105e-16
574,2.197880147288026e-12,4.21054547551353e-16,1.183583508982941e-16
575,2.123106921424504e-12,4.01927311758616e-16,1.131055576774255e-16
576,2.049697856311467e-12,3.837043646672404e-16,1.080332745174436e-16
577,1.992615111502464e-12,3.662982608966356e-16,1.032176566380599e-16
578,1.923450707821006e-12,3.496251841181369e-16,9.849163931440206e-17
579,1.86629426277905e-12,3.337773174849655e-16,9.413108385063658e-17
580,1.805727454254054e-12,3.18588702386466e-16,8.984345260998435e-17
581,1.754860000935612e-12,3.041170104831408e-16,8.577327662479616e-17
582,1.707233349479727e-12,2.904179416181357e-16,8.20809711046341e-17
583,1.648289074880514e-12,2.771878261037343e-16,7.829898955688975e-17
584,1.595565857561014e-12,2.645523473263781e-16,7.473185755367949e-17
585,1.561603019877307e-12,2.52698005426877e-16,7.149850741356233e-17
586,1.507380325618492e-12,2.412226211613652e-16,6.824636302328758e-17
587,1.472936083091552e-12,2.302659994193962e-16,6.517400428012365e-17
588,1.427974369925224e-12,2.198931480537183e-16,6.229152574812942e-17
589,1.40161492424247e-12,2.0997957868139e-16,5.959912824154808e-17
590,1.35790898664563e-12,2.004352686941646e-16,5.683163835392586e-17
591,1.3329731509488e-12,1.914509802841722e-16,5.444485116554892e-17
592,1.298957792633149e-12,1.828087893148175e-16,5.194269845492446e-17
593,1.259190305337688e-12,1.745451078488468e-16,4.960894654088912e-17
594,1.232299215335634e-12,1.666902346610953e-16,4.747496937703498e-17
595,1.20904445174221e-12,1.591668711047388e-16,4.533308477049345e-17
596,1.176022881011879e-12,1.520263684423199e-16,4.33418718647721e-17
597,1.152838576046327e-12,1.452242496363643e-16,4.149895704598139e-17
598,1.124654338313717e-12,1.386720078786819e-16,3.963661302270414e-17
599,1.107819220096425e-12,1.32512515790334e-16,3.796127557454341e-17
600,1.07345292005271e-12,1.265498432458471e-16,3.621971654130546e-17
601,1.056434942026722e-12,1.208558097877533e-16,3.465838942470133e-17
602,1.028390587280015e-12,1.154958730437684e-16,3.311690215177678e-17
603,1.017475893243843e-12,1.103896772614937e-16,3.176457706048752e-17
604,1.002135644516578e-12,1.054108629796608e-16,3.035019686261801e-17
605,9.839588320256599e-13,1.007269807043097e-16,2.903073592721977e-17
606,9.666910631831127e-13,9.628473620618561e-17,2.780615455283207e-17
607,9.527134643134037e-13,9.200053006367102e-17,2.664337379960175e-17
608,9.342701430034837e-13,8.786393106834973e-17,2.541695779568358e-17
609,9.116657806957497e-13,8.403189964142038e-17,2.434780455609789e-17
610,8.941093616062953e-13,8.030202947582684e-17,2.321979833070461e-17
611,8.92022198329548e-13,7.671790467323359e-17,2.231749969615549e-17
612,8.830941371578723e-13,7.337916296726899e-17,2.142292931814336e-17
613,8.606789692233998e-13,7.016752268601164e-17,2.050938427447943e-17
614,8.824532241072218e-13,6.716031584777943e-17,1.966983536401284e-17
615,8.726991482603836e-13,6.420687986911134e-17,1.884684226503656e-17
616,8.585981313602125e-13,6.13876047428755e-17,1.79929896778731e-17
617,8.382413772636225e-13,5.87243034293214e-17,1.726260579499393e-17
618,8.263812987931206e-13,5.618035649036591e-17,1.648052172947419e-17
619,8.306264520274664e-13,5.377090324159211e-17,1.591942756725565e-17
620,8.13571343536325e-13,5.155681203362991e-17,1.536462738015358e-17
621,7.966690197606065e-13,4.927300405718864e-17,1.459156955843085e-17
622,7.866958108367801e-13,4.718603422694185e-17,1.404135795612971e-17
623,7.880667587267838e-13,4.515249566479091e-17,1.349033947591614e-17
624,7.759389234860419e-13,4.325740191034753e-17,1.298017313581352e-17
625,7.754458993507845e-13,4.145067862440519e-17,1.249461252703952e-17
626,7.606646508261574e-13,3.969364939691586e-17,1.191788781370823e-17
627,7.518760747394849e-13,3.809798836533118e-17,1.152345841081405e-17
628,7.498469373620783e-13,3.654086801633691e-17,1.120001659417684e-17
629,7.440455076010241e-13,3.498500634874127e-17,1.067524212605206e-17
630,7.523685010108294e-13,3.356777055668656e-17,1.036671014089245e-17
631,7.456438547088351e-13,3.217910398268655e-17,9.994998175644269e-18
632,7.339913285314265e-13,3.082334008115265e-17,9.485058661954928e-18
633,7.357372245123034e-13,2.963233685052564e-17,9.251469075982611e-18
634,7.182214617060929e-13,2.840162766052359e-17,8.857996081023037e-18
635,7.142634844852291e-13,2.72976281504788e-17,8.575261434119274e-18
636,7.031281064098475e-13,2.615620588069947e-17,8.155724711641046e-18
637,6.980291427047713e-13,2.518770655201004e-17,8.008027472024038e-18
638,6.94418560066822e-13,2.410876453154939e-17,7.571391982237235e-18
639,6.935775590086499e-13,2.321794757332812e-17,7.405052549777317e-18
640,6.815145409075996e-13,2.226121500818498e-17,7.030207627259372e-18
641,6.776908521889341e-13,2.143962083258871e-17,6.880910605049523e-18
642,6.670316151909978e-13,2.058404931812401e-17,6.575191220590347e-18
643,6.690404608247582e-13,1.979181990659707e-17,6.394417327853279e-18
644,6.653269636997319e-13,1.905467886284893e-17,6.200889002289539e-18
645,6.546097457918687e-13,1.831306252794524e-17,5.919624711586001e-18
646,6.640259979776016e-13,1.768861764877068e-17,5.863330066637816e-18
647,6.626350279297524e-13,1.703772224099097e-17,5.710569753583311e-18
648,6.662886841197468e-13,1.639717091005697e-17,5.497693655129478e-18
649,6.521715846824088e-13,1.585600575859668e-17,5.340050114317399e-18
650,6.609937042553859e-13,1.52348169218106e-17,5.155266419798642e-18
651,6.487737676635276e-13,1.469071358293428e-17,4.924150697448803e-18
652,6.474447030927851e-13,1.422527556396219e-17,4.882514598787532e-18
653,6.48686093066812e-13,1.375542985509458e-17,4.830314924737249e-18
654,6.450082345994436e-13,1.326672946106972e-17,4.598154069986663e-18
655,6.459342910523524e-13,1.281885813145554e-17,4.538946732838425e-18
656,6.363759674518322e-13,1.241189912718092e-17,4.384098828109317e-18
657,6.278053220449231e-13,1.189216684884803e-17,4.140640233300376e-18
658,6.294264196186216e-13,1.154268038328051e-17,4.052033589471437e-18
659,6.301508066526235e-13,1.125100122031336e-17,4.074820507410512e-18
660,6.285007814239426e-13,1.083002494318165e-17,3.906027871991929e-18
661,6.289422138638949e-13,1.057299695852352e-17,3.91078051408515e-18
662,6.221068618640631e-13,1.019376167812246e-17,3.683290015806481e-18
663,6.264128455223709e-13,9.916134753326497e-18,3.669770480110791e-18
664,6.28811895116984e-13,9.597316889316744e-18,3.590175551225191e-18
665,6.320629747681096e-13,9.363596861293451e-18,3.545299143109277e-18
666,6.226924952515212e-13,9.058936744801487e-18,3.396940378426098e-18
667,6.142835977271139e-13,8.802626487306424e-18,3.292293844357534e-18
668,6.201485963218112e-13,8.640339057847761e-18,3.387845179128495e-18
669,6.226543850545885e-13,8.340507051512116e-18,3.205359919462194e-18
670,6.264124783374525e-13,8.178465196757447e-18,3.243982906406452e-18
671,6.15343974813314e-13,7.943023090437534e-18,3.156183019255959e-18
672,6.157376257738225e-13,7.761814095176351e-18,3.102084846122452e-18
673,6.145616341843495e-13,7.522555611900327e-18,2.999571432172331e-18
674,6.117116848431247e-13,7.331071765264165e-18,2.870759079857816e-18
675,6.175777530864982e-13,7.233449539197497e-18,2.971660903302838e-18
676,6.265134538723534e-13,7.074544958231034e-18,2.984266653878626e-18
677,6.156269130786122e-13,6.907060613885093e-18,2.832508824837443e-18
678,6.018725306276557e-13,6.681251881765367e-18,2.626873446907129e-18
679,6.017919328718037e-13,6.527151230771786e-18,2.709100541774034e-18
680,6.102958609821764e-13,6.515364352456867e-18,2.745100747299412e-18
681,5.986943272948484e-13,6.301557836335221e-18,2.554434352217159e-18
682,6.020831632541545e-13,6.191447030389899e-18,2.539831558290035e-18
683,6.106203732396155e-13,6.065308159626712e-18,2.627292447284845e-18
684,6.103674487876155e-13,6.054603437186694e-18,2.605356203536695e-18
685,6.123859932041269e-13,5.928554615513375e-18,2.636933367687237e-18
686,6.009930453481827e-13,5.806667918767419e-18,2.471803114422748e-18
687,5.985301503759758e-13,5.70085196685602e-18,2.437463016092035e-18
688,6.023352014656942e-13,5.651851572885888e-18,2.466682858979522e-18
689,5.996122638640776e-13,5.519195054630691e-18,2.365340322422152e-18
690,6.013104139376172e-13,5.434130323801743e-18,2.340370134512981e-18
691,5.956544567149541e-13,5.34090678920069e-18,2.269406520192733e-18
692,6.026256274092632e-13,5.414137579375243e-18,2.502552084783045e-18
693,6.042927528519673e-13,5.262967258074233e-18,2.334315359234569e-18
694,6.023540727713302e-13,5.239185521498249e-18,2.37623398948103e-18
695,5.970823150946576e-13,5.152186487616865e-18,2.299990471331434e-18
696,6.05842471196999e-13,5.143219949898308e-18,2.424484442695155e-18
697,6.024682389608998e-13,5.083183815413357e-18,2.376247719222919e-18
698,6.064255217119433e-13,5.043150985039918e-18,2.377563992231514e-18
699,5.939061644462982e-13,4.921518748841445e-18,2.217695361041224e-18
700,5.996572800794842e-13,4.887174408714027e-18,2.336876943713725e-18
701,6.007062066077023e-13,4.901689944389499e-18,2.344749546855361e-18
702,5.939023283999985e-13,4.866075695842178e-18,2.280527582820247e-18
703,5.933358003476112e-13,4.838421642948313e-18,2.297525288802944e-18
704,5.863896408622578e-13,4.720520518054779e-18,2.166108291494823e-18
705,5.974944807177457e-13,4.742558228387416e-18,2.256226438549447e-18
706,5.909499386729189e-13,4.736772133588074e-18,2.262580765905444e-18
707,5.874656074963734e-13,4.701471211489125e-18,2.244100610818766e-18
708,5.887335349661429e-13,4.677277542320593e-18,2.250130506615838e-18
709,5.924268030449317e-13,4.554656176869521e-18,2.152966756700462e-18
710,5.869629716611673e-13,4.520179459378319e-18,2.078219338868939e-18
711,5.905157110622454e-13,4.58492376109045e-18,2.313847602111077e-18
712,5.853610463046441e-13,4.531874721445422e-18,2.152561301152958e-18
713,5.832123116929467e-13,4.567621527757725e-18,2.2620539694906e-18
714,5.815297103355101e-13,4.490153087433103e-18,2.160935608700754e-18
715,5.935085718407577e-13,4.459784943642659e-18,2.282706693840702e-18
716,5.898090303413883e-13,4.437470252146511e-18,2.141114083313426e-18
717,5.917647043024076e-13,4.469448070710572e-18,2.241428526536261e-18
718,6.007531846614443e-13,4.439680640469091e-18,2.269144644077791e-18
719,5.957550650331973e-13,4.37026718404854e-18,2.157889403010723e-18
720,5.980506040689344e-13,4.377285750909251e-18,2.174525996491185e-18
721,5.959589369193436e-13,4.395913516597439e-18,2.208933422432131e-18
722,5.868122734566328e-13,4.332711592671152e-18,2.148273261175038e-18
723,5.854727834751316e-13,4.415083332523051e-18,2.259063303346013e-18
724,5.781760422152143e-13,4.354754176007098e-18,2.164029912731179e-18
725,5.726840780405355e-13,4.26424089379959e-18,2.010436909371345e-18
726,5.771768030810156e-13,4.342394412495142e-18,2.185234975664106e-18
727,5.789937969444142e-13,4.241794237249864e-18,2.000532659813845e-18
728,5.724703585562528e-13,4.264028663371525e-18,2.052439275213397e-18
729,5.752485315730077e-13,4.221551090448722e-18,2.038422215652759e-18
730,5.761222385365943e-13,4.317248637381351e-18,2.235864458908794e-18
731,5.756340659347337e-13,4.226454136994214e-18,2.051597855126793e-18
732,5.732746452711572e-13,4.199567737586938e-18,2.035088243001189e-18
733,5.694106935676786e-13,4.14455804700528e-18,1.934641993666299e-18
734,5.730311064175497e-13,4.291327397959749e-18,2.179750748279833e-18
735,5.712454671752191e-13,4.20445361030814e-18,2.096775539699689e-18
736,5.853145241946169e-13,4.248624719960512e-18,2.147735999125646e-18
737,5.769952119885977e-13,4.221586636207209e-18,2.115348199595882e-18
738,5.645413983435669e-13,4.160163467914106e-18,1.96373962088668e-18
739,5.771775597525424e-13,4.227475458291504e-18,2.119295126742784e-18
740,5.814354146875938e-13,4.203249586213171e-18,2.19893604188562e-18
741,5.702584335230568e-13,4.187984703182143e-18,2.016877193266011e-18
742,5.683071075849646e-13,4.162874791687454e-18,2.086770211166341e-18
743,5.787539324504982e-13,4.229999371805023e-18,2.129898383153193e-18
744,5.729585431223126e-13,4.17341246851807e-18,2.033534599560228e-18
745,5.575549165695253e-13,4.14999782459462e-18,1.938485741583921e-18
746,5.886296814789782e-13,4.211714157387273e-18,2.188825334114126e-18
747,5.811063986827205e-13,4.234168817422994e-18,2.186417837609208e-18
748,5.754784583534549e-13,4.196725209180462e-18,2.095753051535962e-18
749,5.7164576701669e-13,4.192734800064742e-18,2.111399346098822e-18
750,5.710025312204744e-13,4.170454277934252e-18,2.072575439798451e-18
751,5.598486820477833e-13,4.128927282392117e-18,1.916068234412112e-18
752,5.579533257909326e-13,4.066025709333385e-18,1.866892473311676e-18
753,5.545545701311605e-13,4.068540007750875e-18,1.866342991208295e-18
754,5.538063120045017e-13,4.100499226196983e-18,1.883251027863199e-18
755,5.628576030388064e-13,4.265288908273858e-18,2.1763425729019e-18
756,5.581730796788913e-13,4.152566513968831e-18,1.976261515603986e-18
757,5.582792305802392e-13,4.176789583653723e-18,2.043217250756339e-18
758,5.581296681973812e-13,4.178044422626158e-18,2.0535599012607e-18
759,5.53543784260909e-13,4.091756034866809e-18,1.872594382659182e-18
760,5.60637538416677e-13,4.151854149968706e-18,2.046430888979332e-18
761,5.558017555159571e-13,4.137965310698137e-18,1.991423492435971e-18
762,5.551044216892506e-13,4.192553925477137e-18,2.063579636266802e-18
763,5.588835482950822e-13,4.076434150420544e-18,1.906090216814653e-18
764,5.672853703854806e-13,4.184472109449402e-18,2.12579071019327e-18
765,5.54765336615538e-13,4.150452968838289e-18,2.015334858041941e-18
766,5.530142983739385e-13,4.088354077790209e-18,1.931845016696461e-18
767,5.576331510695221e-13,4.131382743533729e-18,2.048582774284415e-18
768,5.636065029027526e-13,4.129928995313777e-18,1.999538979893707e-18
769,5.579936498642514e-13,4.139040051593011e-18,2.013486723900165e-18
770,5.708852812977729e-13,4.161101636078488e-18,2.106572500573921e-18
771,5.601289041692226e-13,4.136485234217415e-18,2.040742065068772e-18
772,5.554880838985888e-13,4.149079259931985e-18,2.035870737472724e-18
773,5.460391366736642e-13,4.096087773457145e-18,1.904386589579095e-18
774,5.511151106683538e-13,4.152789742130188e-18,2.018847831483229e-18
775,5.496055727991585e-13,4.151332074470338e-18,2.002712856073122e-18
776,5.605266723856708e-13,4.17986641430425e-18,2.103965501400061e-18
777,5.467230923402673e-13,4.083099782278983e-18,1.901427600025964e-18
778,5.49766312416434e-13,4.107540863684034e-18,1.930459596132646e-18
779,5.493803185613434e-13,4.053902431338623e-18,1.877163107626395e-18
780,5.521730692461104e-13,4.14755573899891e-18,2.047490820855748e-18
781,5.641649952922991e-13,4.175998224831365e-18,2.126592883804703e-18
782,5.507371681703253e-13,4.132712186323686e-18,1.984472054892452e-18
783,5.472704870598356e-13,4.116732401479169e-18,2.000772677118917e-18
784,5.421808603580928e-13,4.083710521962198e-18,1.920466172505539e-18
785,5.526502006449349e-13,4.177754767928604e-18,2.14069575313568e-18
786,5.49907500425888e-13,4.14700407735444e-18,1.99344718951009e-18
787,5.497390763975199e-13,4.118718647801299e-18,2.073452384500876e-18
788,5.415188737848692e-13,4.126018941138286e-18,1.942473811965119e-18
789,5.479864963805729e-13,4.125757511502596e-18,1.984899788157047e-18
790,5.450871247775523e-13,4.126878159600038e-18,1.961999996328658e-18
791,5.388299436477227e-13,4.094771562868959e-18,1.88295173597486e-18
792,5.35302311113971e-13,4.073218792886779e-18,1.836767572836902e-18
793,5.473099534565904e-13,4.191309678137256e-18,2.09867469169283e-18
794,5.462433750005308e-13,4.120732023802665e-18,2.005435223048888e-18
795,5.450006095144286e-13,4.062448169516809e-18,1.92577983675983e-18
796,5.483746330465399e-13,4.152874065773953e-18,2.052770993259576e-18
797,5.360485038702346e-13,4.008904450024453e-18,1.781129652429386e-18
798,5.359487731688872e-13,4.054212356359643e-18,1.865253111826148e-18
799,5.475804558129663e-13,4.208262005887715e-18,2.131601939197924e-18
800,5.453144675232567e-13,4.118439543695581e-18,2.029274659275744e-18
801,5.443992956591419e-13,4.181055852097049e-18,2.117984447735078e-18
802,5.486080276961902e-13,4.137545337265312e-18,2.044992693170054e-18
803,5.462908079307186e-13,4.131198693326744e-18,2.01468119439114e-18
804,5.40462388445263e-13,4.064627750234079e-18,1.867694534218859e-18
805,5.373527909572224e-13,4.101013620407182e-18,1.92759919533484e-18
806,5.435815953766596e-13,4.147664452647356e-18,2.02813343449266e-18
807,5.304637925731537e-13,4.11448581765904e-18,1.92729910340692e-18
808,5.387704580727538e-13,4.108472917659131e-18,1.946305137454754e-18
809,5.368891644752737e-13,4.185847489449349e-18,2.052545492902261e-18
810,5.429004430768355e-13,4.101244853205605e-18,1.968681723325848e-18
811,5.341275667498592e-13,4.154489162432057e-18,1.982630286482753e-18
812,5.363957205802299e-13,4.131103155249532e-18,1.999597025711728e-18
813,5.272475801199292e-13,4.173787730040847e-18,1.96558759780924e-18
814,5.2684334913942e-13,4.090088805701248e-18,1.885690804186177e-18
815,5.281522711947716e-13,4.134487233811044e-18,1.936435988491457e-18
816,5.380111257787425e-13,4.126948786794746e-18,1.996767023959359e-18
817,5.254610626994576e-13,4.113145128986016e-18,1.893916680467098e-18
818,5.218540251335342e-13,4.11721611400827e-18,1.867886382094346e-18
819,5.333231330563251e-13,4.093148554005602e-18,1.932477225678002e-18
820,5.388453774001691e-13,4.150483990685701e-18,2.017998874142453e-18
821,5.325268227021925e-13,4.108958305415873e-18,1.924488551610939e-18
822,5.326737301522682e-13,4.066978857140796e-18,1.846104192646236e-18
823,5.286927630876093e-13,4.025211511148226e-18,1.799710403837274e-18
824,5.318859513356732e-13,4.135864431691148e-18,1.989308200352459e-18
825,5.341401623259392e-13,4.135412210225447e-18,1.963340928226864e-18
826,5.326961865912241e-13,4.124158281403295e-18,1.929935410251696e-18
827,5.346834198843301e-13,4.117548828578558e-18,1.987550506973896e-18
828,5.251164259349857e-13,4.036849760630928e-18,1.801488358816286e-18
829,5.180714840996205e-13,4.028296040142556e-18,1.734716917221552e-18
830,5.202604170590071e-13,4.139080437415269e-18,1.899875511091125e-18
831,5.233132542140446e-13,4.150046478400745e-18,1.909124349488357e-18
832,5.308121566533159e-13,4.10500427422521e-18,2.00989072373703e-18
833,5.372182170405613e-13,4.154227689678009e-18,1.994970867573973e-18
834,5.348014957078289e-13,4.157351155140045e-18,1.931098181150604e-18
835,5.335788016937995e-13,4.115143582088206e-18,1.924560423752128e-18
836,5.205923055456166e-13,4.109924204600253e-18,1.869739175573469e-18
837,5.221477421935551e-13,4.082343495418535e-18,1.837380475166307e-18
838,5.255446762269402e-13,4.159021134537503e-18,1.926507990535862e-18
839,5.196230844767612e-13,4.02313496987398e-18,1.752722966912398e-18
840,5.224912886325623e-13,4.182226326392907e-18,1.989774351598414e-18
841,5.315023318671553e-13,4.137483677210231e-18,1.966805059437276e-18
842,5.353423640958038e-13,4.149006479103004e-18,1.964459680417241e-18
843,5.303065357898131e-13,4.083641638770701e-18,1.880784890839486e-18
844,5.324237577939237e-13,4.159088504089496e-18,2.001400760071576e-18
845,5.535595154671082e-13,4.138089138124708e-18,2.030254834038357e-18
846,5.378903467107343e-13,4.045841940273611e-18,1.844341258509959e-18
847,5.318223577060891e-13,4.063608242616458e-18,1.877774164993802e-18
848,5.314957408945676e-13,4.144328790835244e-18,1.994173962722355e-18
849,5.150486083048099e-13,4.058711015712494e-18,1.725275203317242e-18
850,5.297433212262718e-13,4.143708282019825e-18,1.956320968969872e-18
851,5.461013705073285e-13,4.184207713156044e-18,2.073835021789749e-18
852,5.308828532561134e-13,4.122657228353207e-18,1.916766605132632e-18
853,5.219075282436173e-13,4.061599626057121e-18,1.779907735700774e-18
854,5.220602829836447e-13,4.079097600784925e-18,1.841726167607193e-18
855,5.358793611453498e-13,4.071771150719277e-18,1.879312999706444e-18
856,5.401069457130282e-13,4.159633358031366e-18,2.080266100343643e-18
857,5.522740741409724e-13,4.094268211273988e-18,2.011668677421704e-18
858,5.30988165295642e-13,4.162874285484947e-18,1.931999075919865e-18
859,5.341848484638945e-13,4.110788399365945e-18,1.951100174956556e-18
860,5.295273869874801e-13,4.117792872940972e-18,1.929104407835222e-18
861,5.28271428108349e-13,4.128382662756009e-18,1.933608227501102e-18
862,5.226338918889599e-13,4.131654774113736e-18,1.917970113993745e-18
863,5.439329980284249e-13,4.097565189820999e-18,2.029363811066922e-18
864,5.335340340978799e-13,4.121896276388969e-18,1.976399305987536e-18
865,5.381487502706864e-13,4.104324972972635e-18,1.984320221729892e-18
866,5.262493588088976e-13,4.100614341479986e-18,1.893359859387495e-18
867,5.302293323648209e-13,4.077042543437815e-18,1.920489397368899e-18
868,5.164957936771108e-13,4.08233433706393e-18,1.772057553213132e-18
869,5.201345583949134e-13,4.067846449881287e-18,1.800380700596269e-18
870,5.218131433277842e-13,4.074304361752638e-18,1.829509056560868e-18
871,5.199706388641127e-13,4.049925476453144e-18,1.787361046901404e-18
872,5.203893585450803e-13,4.090377148467637e-18,1.842896098594902e-18
873,5.286555345567951e-13,4.148526815689739e-18,2.026976834086828e-18
874,5.219769351230523e-13,4.105888571940767e-18,1.882301959427131e-18
875,5.319708287777551e-13,4.093612909058645e-18,1.894875403397643e-18
876,5.417733664351237e-13,4.073070131146103e-18,1.898796200579877e-18
877,5.437696747337971e-13,4.14520337648562e-18,2.047696405525412e-18
878,5.337496359422453e-13,4.100866401173053e-18,1.9334667703674e-18
879,5.320382715860021e-13,4.109324246023165e-18,1.945731659970517e-18
880,5.31485769454005e-13,4.1441267852402e-18,1.979106589948972e-18
881,5.213490010635787e-13,4.121885943301121e-18,1.859107428937155e-18
882,5.331202963823989e-13,4.107922936444993e-18,1.904628316278179e-18
883,5.165425166644005e-13,4.116923871823906e-18,1.793579049991782e-18
884,5.173076737595917e-13,4.097353125656927e-18,1.801961811398859e-18
885,5.250383775650504e-13,4.149172333955024e-18,1.962919633705185e-18
886,5.331044478362183e-13,4.110705630398036e-18,1.93127413742402e-18
887,5.180102066829656e-13,4.081018034735757e-18,1.801277516795837e-18
888,5.367234456719011e-13,4.174573882299315e-18,2.048101659770398e-18
889,5.409719471548776e-13,4.114341368390901e-18,2.011704701846906e-18
890,5.252072921358988e-13,4.099687601106838e-18,1.872362961370371e-18
891,5.557035843183378e-13,4.123427719101755e-18,2.082082170564615e-18
892,5.4094840804997e-13,4.103478830883749e-18,2.034924233004547e-18
893,5.34581501136003e-13,4.159370157625438e-18,1.990979468529183e-18
894,5.273114639176586e-13,4.100287988860542e-18,1.880903991609853e-18
895,5.361810838894615e-13,4.073907342192131e-18,1.905163372809355e-18
896,5.284766858613505e-13,4.125158162521231e-18,1.911379376198651e-18
897,5.266799459490249e-13,4.052518950254653e-18,1.797738936483756e-18
898,5.424208155154262e-13,4.167267394525802e-18,2.04024848965959e-18
899,5.365244217034423e-13,4.127765392695744e-18,1.93880371975161e-18
900,5.414259537109586e-13,4.107343231544786e-18,1.944038968945791e-18
901,5.685556867443985e-13,4.157642329237228e-18,2.12899765964097e-18
902,5.453719073783789e-13,4.113496351924025e-18,1.962804492774792e-18
903,5.402701273821439e-13,4.142721253536062e-18,2.044179520186461e-18
904,5.250845008250932e-13,4.085295847285208e-18,1.857934008249038e-18
905,5.195894907524328e-13,4.033072745433092e-18,1.727860567714248e-18
906,5.173553276348473e-13,4.02966833739266e-18,1.760035455908079e-18
907,5.288583590458948e-13,4.131534320227331e-18,1.902438178551229e-18
908,5.308682749577002e-13,4.127295407135348e-18,1.90541746772651e-18
909,5.271108460995891e-13,4.047958507208216e-18,1.795381865326159e-18
910,5.272433414009849e-13,4.178256622307427e-18,1.983669089011318e-18
911,5.29732812932631e-13,4.046851991970363e-18,1.834678675323849e-18
912,5.348696624550097e-13,4.089556681493456e-18,1.937196910453961e-18
913,5.390851088867187e-13,4.152721539994632e-18,2.024232757045656e-18
914,5.365513873884869e-13,4.10901067398906e-18,1.925695641187558e-18
915,5.513928159024237e-13,4.185862703467071e-18,2.138388375830621e-18
916,5.513313704050942e-13,4.107270091851126e-18,2.043846772501558e-18
917,5.343025440916504e-13,4.135529327637519e-18,1.98460322062288e-18
918,5.395222743013581e-13,4.169303504878951e-18,2.039480880703404e-18
919,5.314718979893208e-13,4.138635684602441e-18,1.922130978563935e-18
920,5.524095783595822e-13,4.111054497945991e-18,2.037840848328068e-18
921,5.307600509227104e-13,4.138666203676524e-18,1.94358070446795e-18
922,5.336213331049337e-13,4.096169420928927e-18,2.006271683300065e-18
923,5.302048112088365e-13,4.022744884321143e-18,1.82624508523704e-18
924,5.325674801899847e-13,4.103829368983558e-18,1.889090549063248e-18
925,5.375601936445423e-13,4.167714014566894e-18,2.014838169484945e-18
926,5.444291623534346e-13,4.143665042236597e-18,2.041958814276499e-18
927,5.281601526836903e-13,4.104875948709318e-18,1.865555527879695e-18
928,5.420878613898826e-13,4.112898616654468e-18,1.961768792829453e-18
929,5.294023804607831e-13,4.074072378965588e-18,1.845327418394348e-18
930,5.325869369638856e-13,4.104443341564301e-18,1.892995824366498e-18
931,5.20696554375693e-13,4.145747927363382e-18,1.895525934265077e-18
932,5.26757852486497e-13,4.118232813803059e-18,1.948533725824924e-18
933,5.28082035830231e-13,4.14500008712724e-18,1.950002996427018e-18
934,5.381361856028301e-13,4.129952162344409e-18,2.004227940637446e-18
935,5.321017481994497e-13,4.121615245884988e-18,1.954476696454613e-18
936,5.405845405308373e-13,4.109321106493542e-18,1.99670654758711e-18
937,5.326162617474423e-13,4.132596207699085e-18,1.9498547042237e-18
938,5.429240030363239e-13,4.091273554167953e-18,2.01780204172424e-18
939,5.289051531299177e-13,4.151306672869601e-18,1.960575649820243e-18
940,5.270566460651736e-13,4.039390338895176e-18,1.855226336048368e-18
941,5.235564430325803e-13,4.105186873184007e-18,1.909166181997665e-18
942,5.426656994239457e-13,4.101893820257072e-18,1.989119626978419e-18
943,5.241072173507739e-13,4.104017788015041e-18,1.894898260853275e-18
944,5.240073781329934e-13,4.086106110807391e-18,1.871416658456063e-18
945,5.284347360016348e-13,4.144822926717288e-18,2.001598261834537e-18
946,5.262321802922692e-13,4.095108845907405e-18,1.899036764185326e-18
947,5.326869095239733e-13,4.092864727126978e-18,1.908869970295264e-18
948,5.347013263253783e-13,4.048762019836662e-18,1.869367776603658e-18
949,5.373904506332299e-13,4.103264592138153e-18,1.956739187088996e-18
950,5.293974721538882e-13,4.163970483287067e-18,1.985981570844637e-18
951,5.488262371486281e-13,4.088822907013738e-18,2.003497083726774e-18
952,5.321945428406103e-13,4.090605333388858e-18,1.910201965239792e-18
953,5.169965304201606e-13,4.079029485121104e-18,1.7970151670989e-18
954,5.149607463561956e-13,4.180725885104505e-18,1.899357600891455e-18
955,5.255187237899468e-13,4.119343843849806e-18,1.869439755123021e-18
956,5.175978454069691e-13,4.131745232554298e-18,1.826004574039844e-18
957,5.266850592322074e-13,4.101847493859334e-18,1.884210119029449e-18
958,5.449197741472364e-13,4.138220711085552e-18,2.061332251021862e-18
959,5.308685821162208e-13,4.126666018654241e-18,1.927454468171106e-18
960,5.386452798478668e-13,4.114767790274803e-18,1.980600484465789e-18
961,5.146168718215132e-13,4.09820481222115e-18,1.824695802766946e-18
962,5.338739271525408e-13,4.093304174255107e-18,1.948033054459738e-18
963,5.309388206234764e-13,4.12526365573365e-18,1.933758505338957e-18
964,5.491468698461061e-13,4.162232987351668e-18,2.14293557013125e-18
965,5.277152480783643e-13,4.088222562585735e-18,1.880804242698783e-18
966,5.309212764926419e-13,4.105385636526478e-18,1.938432279129361e-18
967,5.164378446665537e-13,4.042355464185571e-18,1.79486184878801e-18
968,5.136841471926777e-13,4.031885720361404e-18,1.701278074507643e-18
969,5.205825418831808e-13,4.142246800465573e-18,1.912602308017361e-18
970,5.281727381062643e-13,4.101350997155439e-18,1.91554870413742e-18
971,5.386350333040118e-13,4.154701858207286e-18,2.053214353072062e-18
972,5.299179225854006e-13,4.075212407439525e-18,1.86368507323494e-18
973,5.28137959520849e-13,4.133056689773126e-18,1.969832802654041e-18
974,5.323269886943703e-13,4.066347407239295e-18,1.887147202095656e-18
975,5.267616736511549e-13,4.095008990673444e-18,1.858203577673948e-18
976,5.301442009927113e-13,4.046157933398585e-18,1.814038245334383e-18
977,5.319158546218614e-13,4.103856394345517e-18,1.975318006605376e-18
978,5.400557989767732e-13,4.126437541696604e-18,2.033794342557785e-18
979,5.34546546555969e-13,4.123917149359284e-18,1.941733762272073e-18
980,5.339892896928537e-13,4.056035693746994e-18,1.854720775380081e-18
981,5.351989542962777e-13,4.173835492333282e-18,2.004800140987585e-18
982,5.209261730222142e-13,4.068660097329283e-18,1.791008245822527e-18
983,5.229572547691677e-13,4.176196742765263e-18,1.988237789336905e-18
984,5.200049855996173e-13,4.092957347547776e-18,1.84297119673958e-18
985,5.138674973172914e-13,4.062909976671146e-18,1.757140873942236e-18
986,5.223486872513687e-13,4.151759312404017e-18,1.963006182259585e-18
987,5.108711944773067e-13,4.05417586218402e-18,1.737209486821438e-18
988,5.21430865769141e-13,4.173211320576491e-18,1.989428299158511e-18
989,5.279113402792747e-13,4.128607355140447e-18,1.970412510573497e-18
990,5.365604069118071e-13,4.085364995602765e-18,2.007544400052404e-18
991,5.45183418292132e-13,4.15062404784454e-18,2.050967372466154e-18
992,5.328847303574602e-13,4.115378801401913e-18,1.893600702733761e-18
993,5.363493308931001e-13,4.078990378188539e-18,1.897790692559952e-18
994,5.305632454243329e-13,4.153113334200125e-18,1.936402849579359e-18
995,5.31440374183925e-13,4.076472822385152e-18,1.859245144343505e-18
996,5.308677085846738e-13,4.178177314320755e-18,2.043889523492757e-18
997,5.288347165717529e-13,4.091099446275543e-18,1.91405335286658e-18
998,5.226769169979336e-13,4.128273937874659e-18,1.902974252848737e-18
999,5.182197781886183e-13,4.116956403041541e-18,1.852710955272514e-18
1000,5.406271199796561e-13,4.155983827355847e-18,2.094655366509368e-18
1001,5.338187052039322e-13,4.099915103961626e-18,1.954896810261707e-18
1002,5.243781749827894e-13,4.072348387638282e-18,1.818821027597093e-18
1003,5.269360407545446e-13,4.098974550704441e-18,1.881038696332228e-18
1004,5.445755987822985e-13,4.165683673822284e-18,2.084936840374083e-18
1005,5.185030834127887e-13,4.090927222079379e-18,1.832607360353706e-18
1006,5.204296973379895e-13,4.092165136777897e-18,1.848014100218177e-18
1007,5.13564896326141e-13,4.104398721582299e-18,1.808791684288234e-18
1008,5.127685379949642e-13,4.080980873707474e-18,1.775983109679524e-18
1009,5.121179539941629e-13,4.120031130070536e-18,1.834781565306141e-18
1010,5.173233993164387e-13,4.073675453957334e-18,1.794169011759292e-18
1011,5.281908876278902e-13,4.107365245814014e-18,1.897915444322173e-18
1012,5.207015984252183e-13,4.06493656888229e-18,1.792294767989586e-18
1013,5.277705183998563e-13,4.157629704484955e-18,1.966300739258974e-18
1014,5.464517524272574e-13,4.118568410255233e-18,2.000434014730431e-18
1015,5.201757108503784e-13,4.065340231621743e-18,1.780162284967054e-18
1016,5.458298550714038e-13,4.123475704673876e-18,2.023333025847644e-18
1017,5.285695206528301e-13,4.108617858484439e-18,1.911110999987437e-18
1018,5.215606518848277e-13,4.059115374185682e-18,1.807535534607342e-18
1019,5.205951210830296e-13,4.056329498385192e-18,1.772497870564082e-18
1020,5.422600470372462e-13,4.104341708602117e-18,1.94065573149932e-18
1021,5.303495907678683e-13,4.149050969759298e-18,1.938872672624979e-18
1022,5.382686613488955e-13,4.086153956315553e-18,1.913674019350429e-18
1023,5.441071515931188e-13,4.093323267120766e-18,1.927630454467734e-18
1024,5.341645488207546e-13,4.094514154145998e-18,1.953371616494425e-18
1025,5.232783393773947e-13,4.028921627145034e-18,1.786823485909988e-18
1026,5.242227286140925e-13,4.07961587385183e-18,1.85465877240803e-18
1027,5.150049207195717e-13,3.987519104468964e-18,1.694352380670451e-18
1028,5.207358802727805e-13,4.102923714580446e-18,1.85676460128435e-18
1029,5.340911460410384e-13,4.084672438536837e-18,1.915229163223087e-18
1030,5.291163224028016e-13,4.124324638498954e-18,1.947506455337751e-18
1031,5.644134360029976e-13,4.116673765027829e-18,2.095336297384564e-18
1032,5.287617522992185e-13,4.092220525250712e-18,1.864806841704447e-18
1033,5.420031798801705e-13,4.112322530084404e-18,1.991273698638775e-18
1034,5.259015310600491e-13,4.133138816696099e-18,1.914175144105966e-18
1035,5.410259390233267e-13,4.102244026903778e-18,2.026773967741277e-18
1036,5.239570734822985e-13,4.051608293118768e-18,1.847837645264911e-18
1037,5.449807387836293e-13,4.093079323056566e-18,2.042346971813144e-18
1038,5.378189382660947e-13,4.166631650098038e-18,2.073866330561529e-18
1039,5.333363728964568e-13,4.064729578390631e-18,1.926706480351007e-18
1040,5.253399894703351e-13,4.12910926228418e-18,1.928578372535823e-18
1041,5.396260221792108e-13,4.151411739557596e-18,2.043718891508561e-18
1042,5.332437987222089e-13,4.127840172675643e-18,1.944108766185531e-18
1043,5.356122210754432e-13,4.115402386918632e-18,2.049608769206806e-18
1044,5.210453232036877e-13,4.112038267945802e-18,1.831312273010152e-18
1045,5.38004782648672e-13,4.069321979673026e-18,1.912120516050694e-18
1046,5.31801402664051e-13,4.123261985029322e-18,1.914744843300845e-18
1047,5.432647035137844e-13,4.122387043223012e-18,1.978861404615981e-18
1048,5.259781878059148e-13,4.068366258474375e-18,1.792515286806268e-18
1049,5.30602979206033e-13,4.165210713833946e-18,1.979458719200048e-18
1050,5.251463212264621e-13,4.082240352222302e-18,1.861741626965693e-18
1051,5.241331264973136e-13,4.044957796686505e-18,1.780743029132674e-18
1052,5.137614249332409e-13,4.084886109937251e-18,1.778885835839701e-18
1053,5.173931217875225e-13,4.092317170368732e-18,1.810618937347941e-18
1054,5.16197364431969e-13,4.005823543890316e-18,1.676878317153848e-18
1055,5.414085860010311e-13,4.103815443720875e-18,1.940177082755429e-18
1056,5.339390987341756e-13,4.081013647659794e-18,1.848952788761874e-18
1057,5.351283718117854e-13,4.119654151969982e-18,1.968133548338231e-18
1058,5.327140869359884e-13,4.048840073019012e-18,1.875533721473245e-18
1059,5.306377073776967e-13,4.065399808683982e-18,1.889652167773091e-18
1060,5.211595866251787e-13,4.042150778465419e-18,1.773892205330055e-18
1061,5.286034981935135e-13,4.135068749415315e-18,1.950895635852666e-18
1062,5.233075573636059e-13,4.134984692052564e-18,1.906421780748808e-18
1063,5.123021280873422e-13,4.076395627245412e-18,1.778521332260727e-18
1064,5.202662965215969e-13,4.073346994788129e-18,1.808388791538178e-18
1065,5.303838181060084e-13,4.045240992617776e-18,1.804773502685978e-18
1066,5.357680918972267e-13,4.04346936804417e-18,1.858352813966013e-18
1067,5.273366678060846e-13,4.075466020445564e-18,1.878764264112304e-18
1068,5.235141357386458e-13,4.144380442049751e-18,1.963852728423347e-18
1069,5.278401735775139e-13,4.132248527635108e-18,1.943794534212374e-18
1070,5.267009874739134e-13,4.103410572330021e-18,1.920260060983131e-18
1071,5.201948543356711e-13,4.113123854784307e-18,1.913696720466838e-18
1072,5.214888508258312e-13,4.125746130285608e-18,1.966715322617387e-18
1073,5.265686406416084e-13,4.092724788455075e-18,1.891554952333537e-18
1074,5.366091743039526e-13,4.097061939739703e-18,1.996374031505202e-18
1075,5.367360363061849e-13,4.046270738209949e-18,1.82723951567663e-18
1076,5.452602025934155e-13,4.132211177675731e-18,2.060247354258592e-18
1077,5.283105285162182e-13,4.076974344911827e-18,1.873944777572086e-18
1078,5.355742965616404e-13,4.072830176300056e-18,1.905535825664459e-18
1079,5.342267022895278e-13,4.147052912590062e-18,1.972453947922826e-18
1080,5.451080735692544e-13,4.063705936686531e-18,1.958068209536452e-18
1081,5.386596369248473e-13,4.069422038746527e-18,1.918687823131921e-18
1082,5.407967164231444e-13,4.169881268056419e-18,2.079356394815895e-18
1083,5.419928984175757e-13,4.132889077080896e-18,1.988750577774371e-18
1084,5.238324094885672e-13,4.113882553113101e-18,1.886979043862817e-18
1085,5.392493696791032e-13,4.145538084392142e-18,2.056883805860167e-18
1086,5.188470569111243e-13,4.055396342406749e-18,1.774481900960576e-18
1087,5.368917954574663e-13,4.171039599221763e-18,2.046715240207182e-18
1088,5.24234015302158e-13,4.099371664166805e-18,1.853139798571141e-18
1089,5.365500644510217e-13,4.136704645129351e-18,2.001280764632434e-18
1090,5.189471473084439e-13,4.033397235577139e-18,1.754101378560602e-18
1091,5.436595028056729e-13,4.149804470083839e-18,2.066159915825412e-18
1092,5.319618785510548e-13,4.141621141482401e-18,1.993442990110661e-18
1093,5.335239806368175e-13,4.092321790091151e-18,1.905964857889256e-18
1094,5.283373381082691e-13,4.138509181794105e-18,1.946954775674738e-18
1095,5.472623992071281e-13,4.069833257261259e-18,1.942962019749323e-18
1096,5.376907261105216e-13,4.104593195504452e-18,1.908758868246079e-18
1097,5.240716203452499e-13,4.08971919551189e-18,1.833225822673997e-18
1098,5.257786026802681e-13,4.100871653030714e-18,1.876304921808866e-18
1099,5.136670182152905e-13,4.069137820093354e-18,1.765536859346909e-18
1100,5.249850613212277e-13,4.102125969230176e-18,1.927298143444567e-18
1101,5.286302668845961e-13,4.166981929620377e-18,1.939042545366629e-18
1102,5.411708869971995e-13,4.122312595628664e-18,1.944386907707137e-18
1103,5.297360238222453e-13,4.138344485687256e-18,1.912724012100409e-18
1104,5.292612268423695e-13,4.018893307584623e-18,1.779797311694316e-18
1105,5.373600707260222e-13,4.112717472099992e-18,1.95579048420604e-18
1106,5.245353935668799e-13,4.099403520470204e-18,1.871082952177138e-18
1107,5.282300196595384e-13,4.102403073467366e-18,1.945309927887022e-18
1108,5.477482133653916e-13,4.205339414707175e-18,2.100709827411645e-18
1109,5.42376330139904e-13,4.163405712007713e-18,2.045508148604469e-18
1110,5.430184453258648e-13,4.08445931133384e-18,1.923572743135285e-18
1111,5.310247756041806e-13,4.097183625404199e-18,1.877229811878697e-18
1112,5.481449710491829e-13,4.101794917928593e-18,2.054473232999587e-18
1113,5.483639916038667e-13,4.136824849726086e-18,2.007635734578596e-18
1114,5.488724097605724e-13,4.148757863981847e-18,2.067508088053291e-18
1115,5.317859396097033e-13,4.077593097925548e-18,1.834123747770142e-18
1116,5.259331841239517e-13,4.066023051759038e-18,1.818600012280247e-18
1117,5.254788541365944e-13,4.125463919162257e-18,1.987241818844906e-18
1118,5.293018324863316e-13,4.166724951954949e-18,2.021308791543831e-18
1119,5.200497532819816e-13,4.056299696759315e-18,1.776836101925212e-18
1120,5.176749741066167e-13,4.149246649869542e-18,1.8824111616508e-18
1121,5.04991220520907e-13,4.046492627409559e-18,1.669068292716639e-18
1122,5.224875677119706e-13,4.160416563688642e-18,1.979821860199856e-18
1123,5.160548193850831e-13,4.123895332836194e-18,1.831934585545865e-18
1124,5.316689725530248e-13,4.109944827929468e-18,1.946536018483767e-18
1125,5.353494742728248e-13,4.154249871877309e-18,2.041853962308734e-18
1126,5.319081276178077e-13,4.138708078537596e-18,1.971304979759956e-18
1127,5.330835927840733e-13,4.126740555776444e-18,1.9522674944082e-18
1128,5.276663901484687e-13,4.111463697776384e-18,1.899753900109401e-18
1129,5.345808522207124e-13,4.158732773383401e-18,2.038170343203822e-18
1130,5.195064367071761e-13,4.085096911045338e-18,1.815991981544698e-18
1131,5.44450237016045e-13,4.15832119504211e-18,2.075233812961904e-18
1132,5.449083726438894e-13,4.118075922704466e-18,1.995978440119877e-18
1133,5.559434545965628e-13,4.153198866065406e-18,2.124899069230527e-18
1134,5.457946736110374e-13,4.151512066159754e-18,2.008774721079978e-18
1135,5.560035123368665e-13,4.173536231208798e-18,2.09381521616638e-18
1136,5.33143429578277e-13,4.11751838352798e-18,1.881023767237403e-18
1137,5.496961135059936e-13,4.143467438707303e-18,2.049649023627159e-18
1138,5.582584251829392e-13,4.178963922507084e-18,2.064552945809855e-18
1139,5.543091703544557e-13,4.098450191828308e-18,2.085905052782247e-18
1140,5.351074007493585e-13,4.128618203002263e-18,1.966788442740594e-18
1141,5.587926511085322e-13,4.158535781639307e-18,2.165335549524687e-18
1142,5.36542755912149e-13,4.110033552014986e-18,1.950684009021433e-18
1143,5.557310207448748e-13,4.102899547583885e-18,2.104242380322409e-18
1144,5.325513083784499e-13,4.045071283870865e-18,1.833720518485626e-18
1145,5.502841767731096e-13,4.200665676171055e-18,2.122991605644243e-18
1146,5.21608210669151e-13,4.057579515782646e-18,1.77527803061763e-18
1147,5.406188429029423e-13,4.130454085972763e-18,2.085135864897836e-18
1148,5.375874428936181e-13,4.117198838935235e-18,1.951641071033595e-18
1149,5.469127457106756e-13,4.152214075765337e-18,2.016935442014297e-18
1150,5.555535366441899e-13,4.10768918805722e-18,2.000956403278478e-18
1151,5.483535644079612e-13,4.136195155551506e-18,2.008472365572738e-18
1152,5.548423826209337e-13,4.135157475387458e-18,2.15444374737711e-18
1153,5.508742929016916e-13,4.086750490752289e-18,1.951438498947827e-18
1154,5.48502732010701e-13,4.185401091880672e-18,2.077081346036641e-18
1155,5.483823141851215e-13,4.144527004528869e-18,1.984965365025728e-18
1156,5.3918795260452e-13,4.1500861478043e-18,2.02068141203867e-18
1157,5.273307427448398e-13,4.079683310464394e-18,1.81722195371422e-18
1158,5.323480029682895e-13,4.184589459566341e-18,1.968444160735166e-18
1159,5.224542392857877e-13,4.13897522854779e-18,1.883841984338096e-18
1160,5.318047202586311e-13,4.164100117854889e-18,2.004095010722466e-18
1161,5.497394277486151e-13,4.13239799398143e-18,2.084599284327129e-18
1162,5.358017224376907e-13,4.062016143474627e-18,1.856850042880231e-18
1163,5.378396379018368e-13,4.086658105986831e-18,1.872160001399154e-18
1164,5.311297270500027e-13,4.109586814450005e-18,1.936771671123936e-18
1165,5.577168044993436e-13,4.185535045969471e-18,2.188701989723146e-18
1166,5.463610392599709e-13,4.136161163701792e-18,2.004288480390382e-18
1167,5.607596173336847e-13,4.16490865506968e-18,2.093051308705097e-18
1168,5.43298781852812e-13,4.093209024525606e-18,1.888075377148022e-18
1169,5.494654875964881e-13,4.154780169985257e-18,2.056172810879821e-18
1170,5.322549470229847e-13,4.099818103877591e-18,1.866940593178382e-18
1171,5.340615128084843e-13,4.119408444951545e-18,1.929826953610372e-18
1172,5.426943338003233e-13,4.09922183241426e-18,2.051476588093165e-18
1173,5.408739237231797e-13,4.135362546709752e-18,2.014781589945692e-18
1174,5.28163647787606e-13,4.138510539015605e-18,1.900393875847213e-18
1175,5.193597214403525e-13,4.129799521185706e-18,1.828435781492926e-18
1176,5.443796389942218e-13,4.095637312657398e-18,1.935284121802601e-18
1177,5.468783353888016e-13,4.163939968373316e-18,2.033805688823916e-18
1178,5.30559017740888e-13,4.089649523592222e-18,1.857545864471016e-18
1179,5.236034705339581e-13,4.081859227035315e-18,1.86537045311895e-18
1180,5.375809578317376e-13,4.147526614360714e-18,2.051105971595025e-18
1181,5.347908190509557e-13,4.118223603754854e-18,2.005601449366292e-18
1182,5.433085534469969e-13,4.089823352471652e-18,1.932230701012254e-18
1183,5.305814020184221e-13,4.130392025714038e-18,1.981336506946553e-18
1184,5.343078648175028e-13,4.143088894074067e-18,2.017654714604581e-18
1185,5.220577275352479e-13,4.104924015279362e-18,1.8384821311942e-18
1186,5.200055183454129e-13,4.127978527889288e-18,1.878235084768125e-18
1187,5.306615309412734e-13,4.089242616194161e-18,1.882965486161258e-18
1188,5.306488733608901e-13,4.132907278167039e-18,1.927383073477361e-18
1189,5.488547439814578e-13,4.089826072776573e-18,1.990494944185841e-18
1190,5.32353354469215e-13,4.122773048468518e-18,1.9195629286435e-18
1191,5.472994188091983e-13,4.056685730677242e-18,1.960357597309711e-18
1192,5.312702654229335e-13,4.07905316523893e-18,1.846678614489677e-18
1193,5.346006713621127e-13,4.102275978202311e-18,1.91548192235864e-18
1194,5.235892477383061e-13,4.076089044131659e-18,1.859571562940934e-18
1195,5.276353844931392e-13,4.085665187383276e-18,1.973412786731304e-18
1196,5.402487662248992e-13,4.093698698456354e-18,1.97168741413609e-18
1197,5.302964583988045e-13,4.132068869041976e-18,1.963391757661825e-18
1198,5.414139528829131e-13,4.157509854395918e-18,2.0348298844571e-18
1199,5.437982282993841e-13,4.092341900794652e-18,1.948550888674863e-18
1200,5.452451662634556e-13,4.154600332174692e-18,2.028248943078205e-18
1201,5.35494279810154e-13,4.066647154604527e-18,1.828261532620887e-18
1202,5.326590116145542e-13,4.157835657387626e-18,2.004632995328382e-18
1203,5.148705830399096e-13,4.040554479732567e-18,1.707250330177874e-18
1204,5.116283501182605e-13,4.04622298407862e-18,1.704464859795297e-18
1205,5.229744235294197e-13,4.172432485622497e-18,1.945406870048734e-18
1206,5.341833075019009e-13,4.100863319631107e-18,1.899100871828892e-18
1207,5.304601992128829e-13,4.174692252657585e-18,1.991395150259681e-18
1208,5.463953027552029e-13,4.15770135294228e-18,2.110832971427007e-18
1209,5.358227669752402e-13,4.122402297774727e-18,1.946000148833869e-18
1210,5.323097092173461e-13,4.115685110960613e-18,1.920923026896024e-18
1211,5.291559248879653e-13,4.10625254881061e-18,1.913181156892244e-18
1212,5.313212128002557e-13,4.030071991648869e-18,1.804148211823915e-18
1213,5.269899725829195e-13,4.059838302417233e-18,1.812590552616821e-18
1214,5.380065298485291e-13,4.094612685287397e-18,1.942505034366697e-18
1215,5.397877293429232e-13,4.199326682033938e-18,2.123019127563092e-18
1216,5.292150653237265e-13,4.065222715340031e-18,1.824175901745914e-18
1217,5.420247798096942e-13,4.151850654123524e-18,1.996415068999404e-18
1218,5.256533235037589e-13,4.088286031154683e-18,1.829246430128842e-18
1219,5.362874172858086e-13,4.119709202391872e-18,1.958299833303802e-18
1220,5.426636040456414e-13,4.134300803313422e-18,2.020219152577135e-18
1221,5.40336270959406e-13,4.137685399870252e-18,2.016515414801079e-18
1222,5.276782397233894e-13,4.134752168910587e-18,1.951556759432463e-18
1223,5.281637762841095e-13,4.16698284028663e-18,1.967638804643414e-18
1224,5.25506539433695e-13,4.13844496144524e-18,1.897802942971032e-18
1225,5.303904156597443e-13,4.060311061726597e-18,1.841054542540055e-18
1226,5.308194646799718e-13,4.118873608587698e-18,1.927211336176004e-18
1227,5.349591260856369e-13,4.071294077778087e-18,1.874015872151647e-18
1228,5.322449389332407e-13,4.1401020680485e-18,1.943827843246667e-18
1229,5.388549387312658e-13,4.130573454863497e-18,1.989064969657218e-18
1230,5.288291353478849e-13,4.118119892839833e-18,1.89731024475004e-18
1231,5.31414319624823e-13,4.092257923384336e-18,1.88882556051572e-18
1232,5.391276431311733e-13,4.094645271659679e-18,1.941773024083081e-18
1233,5.307360086095023e-13,4.153350962749522e-18,1.961163651636738e-18
1234,5.465439417011085e-13,4.104234189727125e-18,2.005074170910747e-18
1235,5.507666867731317e-13,4.153787869104874e-18,2.034256333247946e-18
1236,5.431045646613498e-13,4.148282240094349e-18,2.010319381672315e-18
1237,5.337034683136422e-13,4.120855555154984e-18,1.93999265587491e-18
1238,5.375698424055101e-13,4.085475417786665e-18,1.947489516355332e-18
1239,5.269113559908163e-13,4.112215901786289e-18,1.907361782424015e-18
1240,5.268601774158317e-13,4.128597664323892e-18,1.94148152905274e-18
1241,5.296352743264541e-13,4.093968578012785e-18,1.878414275573671e-18
1242,5.267613323137059e-13,4.109526990111821e-18,1.93554473623277e-18
1243,5.172172747177494e-13,4.07946384577881e-18,1.809704005092118e-18
1244,5.358899668605742e-13,4.135412591223241e-18,2.001665937792343e-18
1245,5.456319088534212e-13,4.146850640347584e-18,2.142953188430828e-18
1246,5.51497499466824e-13,4.119794396044539e-18,2.038405192463554e-18
1247,5.500409537266175e-13,4.1489773285635e-18,2.049309947736055e-18
1248,5.460484877857982e-13,4.111240557739465e-18,2.063976880820638e-18
1249,5.526981924140455e-13,4.151029780360906e-18,2.088008681557419e-18
1250,5.269590009754322e-13,4.106218093065178e-18,1.827479670482974e-18
1251,5.322427593374522e-13,4.183643823642375e-18,2.006340061688958e-18
1252,5.573382897508259e-13,4.089229709220622e-18,2.039274495798366e-18
1253,5.268936208448938e-13,4.123490216798348e-18,1.885444375962418e-18
1254,5.2669249103265e-13,4.129293642610402e-18,2.046768060226079e-18
1255,5.094928258022326e-13,4.023102095180189e-18,1.691613311774435e-18
1256,5.293661614828336e-13,4.066271916279263e-18,1.850319197791686e-18
1257,5.431628260405892e-13,4.157758607787614e-18,2.014557779824207e-18
1258,5.440715374331036e-13,4.141177506220691e-18,2.028196740607942e-18
1259,5.265751082101863e-13,4.104664975369287e-18,1.843512553036959e-18
1260,5.330918717189602e-13,4.137282318059189e-18,1.993619239861787e-18
1261,5.230198204754938e-13,4.086475246061858e-18,1.857383021978582e-18
1262,5.262019702506247e-13,4.109189208348609e-18,1.925718148534039e-18
1263,5.438680225592745e-13,4.124536067066978e-18,2.02795914607985e-18
1264,5.278517103014686e-13,4.064754496009232e-18,1.874081848671886e-18
1265,5.250657556816967e-13,4.063980343235808e-18,1.839988505186293e-18
1266,5.186862917939643e-13,4.131726721835104e-18,1.882026207825076e-18
1267,5.265687399964559e-13,4.09924783575178e-18,1.912103220810157e-18
1268,5.225505401079087e-13,4.113107338402899e-18,1.903343608103928e-18
1269,5.35701822388932e-13,4.110406120414111e-18,1.964295638582693e-18
1270,5.196953104055849e-13,4.076935721201261e-18,1.822580486256475e-18
1271,5.189941212443237e-13,4.023042683988363e-18,1.778547730939766e-18
1272,5.297057382088727e-13,4.100424471716081e-18,1.943448180832054e-18
1273,5.290992456183777e-13,4.085993838157943e-18,1.918857705264818e-18
1274,5.412589043237681e-13,4.079983278785343e-18,1.913526340439625e-18
1275,5.376728657313171e-13,4.16556890343594e-18,2.035376542306428e-18
1276,5.39156206454169e-13,4.09289083791594e-18,1.982140242958547e-18
1277,5.440005997023456e-13,4.152120402604763e-18,2.054174222384526e-18
1278,5.212379194935216e-13,4.06034552277511e-18,1.802268691214209e-18
1279,5.365981426121515e-13,4.076149547146359e-18,1.904778886266849e-18
1280,5.22643967101563e-13,4.112968875391918e-18,1.867037791831683e-18
1281,5.194601103230838e-13,4.07417795141737e-18,1.83502396308695e-18
1282,5.209442301548839e-13,4.079100862637478e-18,1.831951086864359e-18
1283,5.271406505547587e-13,4.167084788401503e-18,1.987155315908875e-18
1284,5.156712802755213e-13,4.055469214085726e-18,1.770326114693471e-18
1285,5.283150460535109e-13,4.123078962238521e-18,1.923427447536823e-18
1286,5.249445020983061e-13,4.073880152603042e-18,1.83139030561728e-18
1287,5.347783985900812e-13,4.180349512793731e-18,2.038612062126111e-18
1288,5.253223462318591e-13,4.096006900946291e-18,1.92268622099066e-18
1289,5.497207807364226e-13,4.123069842150392e-18,2.041678033331347e-18
1290,5.347038647537248e-13,4.065480791732103e-18,1.888966918220992e-18
1291,5.431192354715478e-13,4.17587756464118e-18,2.158066359491379e-18
1292,5.145512669433741e-13,4.052708223282452e-18,1.767322874430266e-18
1293,5.370832422498204e-13,4.172194656961498e-18,2.045379236214883e-18
1294,5.251670408724657e-13,4.112767288642435e-18,1.962168329481355e-18
1295,5.539600520510858e-13,4.129334105607587e-18,2.107446959556409e-18
1296,5.396866805899113e-13,4.097496898971735e-18,1.938637172845885e-18
1297,5.543140743840171e-13,4.106034233217938e-18,2.073026554520119e-18
1298,5.464234078366041e-13,4.146346712545976e-18,2.04788436925453e-18
1299,5.320344085080702e-13,4.067536206616148e-18,1.877179276283638e-18
1300,5.197611181133454e-13,4.057187732822882e-18,1.810935478546788e-18
1301,5.277405781870897e-13,4.111096031222448e-18,1.947788907879601e-18
1302,5.280479555476178e-13,4.156364518992666e-18,2.017508477104872e-18
1303,5.306130480526965e-13,4.114351803757031e-18,1.912933998868193e-18
1304,5.32269607203844e-13,4.01780436483473e-18,1.801259971279772e-18
1305,5.314807027642362e-13,4.079624353598608e-18,1.84514623116369e-18
1306,5.190016640397097e-13,4.042217209502031e-18,1.71018631509298e-18
1307,5.258771776185753e-13,4.162059607433142e-18,1.873815110473117e-18
1308,5.342251040121443e-13,4.161632800281131e-18,1.970751782104048e-18
1309,5.320241198359907e-13,4.124091823609488e-18,1.917395443523466e-18
1310,5.366526720938755e-13,4.110788262160252e-18,1.929322383857657e-18
1311,5.294550819955962e-13,4.067716441356096e-18,1.837088584560261e-18
1312,5.443009998274181e-13,4.169487080476998e-18,2.158734686623068e-18
1313,5.304896614942837e-13,4.107904151174179e-18,1.933687985889319e-18
1314,5.295411519012504e-13,4.106050474656072e-18,1.884717157723429e-18
1315,5.43996051338629e-13,4.124464680158567e-18,2.000579777396119e-18
1316,5.445814217789784e-13,4.117968905378472e-18,2.00566994195498e-18
1317,5.462324961299863e-13,4.159358748600507e-18,2.073685481506131e-18
1318,5.358022840650343e-13,4.108341582032151e-18,1.928782366630615e-18
1319,5.312513928110799e-13,4.048310100209259e-18,1.802820880286227e-18
1320,5.374340035663305e-13,4.165711872413439e-18,2.02972883351936e-18
1321,5.43369237888894e-13,4.098167024518818e-18,1.965501784239206e-18
1322,5.471775158434579e-13,4.125606997111504e-18,2.009740870780562e-18
1323,5.382587224122992e-13,4.074965323478869e-18,1.884761904740083e-18
1324,5.341404173740705e-13,4.199549428643672e-18,2.026512032928594e-18
1325,5.327469274099342e-13,4.147819756949311e-18,2.007387387255383e-18
1326,5.432219069926186e-13,4.115154145777155e-18,2.045812113055238e-18
1327,5.413266643506297e-13,4.115992169955836e-18,1.968113007539856e-18
1328,5.350044120553468e-13,4.097341513815392e-18,1.914351971944613e-18
1329,5.333845321630631e-13,4.090546751700682e-18,1.896866725401064e-18
1330,5.388623989343272e-13,4.124687710042069e-18,1.968802174029538e-18
1331,5.384054033213702e-13,4.169041759957968e-18,2.064184637134178e-18
1332,5.347593009764538e-13,4.148945257589591e-18,1.994696232096584e-18
1333,5.289306653698006e-13,4.143740420054338e-18,1.962685269281573e-18
1334,5.2827494865796e-13,4.118066105775576e-18,1.987325370438619e-18
1335,5.408575972291186e-13,4.16301355565568e-18,2.056938621389346e-18
1336,5.219238597197294e-13,4.08256467373022e-18,1.815587680163708e-18
1337,5.300768829070779e-13,4.061405891762907e-18,1.846702306318577e-18
1338,5.218705153212679e-13,4.045453217932538e-18,1.764548713833252e-18
1339,5.317019459499568e-13,4.121614346248592e-18,1.918246921400112e-18
1340,5.38638866015354e-13,4.169339386252695e-18,2.009762739021818e-18
1341,5.418600643986493e-13,4.165423969515707e-18,2.061195626981241e-18
1342,5.42994384899533e-13,4.08761616810079e-18,1.946223987869836e-18
1343,5.238787832043365e-13,4.015895031516098e-18,1.741062556512002e-18
1344,5.414623626155675e-13,4.164983528935896e-18,2.127320045743974e-18
1345,5.243256501042192e-13,4.098056979168394e-18,1.863601778114174e-18
1346,5.282664254307219e-13,4.09294532432783e-18,1.886405768121203e-18
1347,5.402921089315539e-13,4.130487757378019e-18,1.990836146494907e-18
1348,5.449817017162437e-13,4.145142462444143e-18,2.102718028436622e-18
1349,5.243287921116318e-13,4.11928606453001e-18,1.898904915875596e-18
1350,5.176053152237087e-13,4.101798314503517e-18,1.856663409323817e-18
1351,5.40994925206331e-13,4.03736341263309e-18,1.868162923451573e-18
1352,5.428821939214169e-13,4.124248095055413e-18,1.98849591234264e-18
1353,5.360113879987461e-13,4.165853395042073e-18,2.028070427832512e-18
1354,5.309245558629417e-13,4.109581569994378e-18,1.937240440751382e-18
1355,5.293615941521264e-13,4.100264559884631e-18,1.88925048803275e-18
1356,5.234788601333356e-13,4.093681654272659e-18,1.856679241826033e-18
1357,5.238554528137383e-13,4.147792146089168e-18,1.958862362180892e-18
1358,5.389319939893367e-13,4.059162313743673e-18,1.906358812624399e-18
1359,5.240583671547078e-13,4.121577599036832e-18,1.900869165453734e-18
1360,5.25786862173106e-13,4.091013185151125e-18,1.87516765783279e-18
1361,5.238039258425178e-13,4.088673390087516e-18,1.846066866274194e-18
1362,5.345182127363204e-13,4.172258571837058e-18,2.040296320747149e-18
1363,5.179475562988051e-13,4.09534064993723e-18,1.839633928732291e-18
1364,5.369035614378203e-13,4.051586287558384e-18,1.901248851267385e-18
1365,5.287798739835995e-13,4.0892488119157e-18,1.867925682315788e-18
1366,5.295958312808535e-13,4.029394961014418e-18,1.832081229768828e-18
1367,5.19688216727882e-13,4.011482352487588e-18,1.740534957582414e-18
1368,5.288481346107132e-13,4.177903828774731e-18,2.011687880460359e-18
1369,5.372088879823954e-13,4.119721180948675e-18,2.02981822117036e-18
1370,5.264469921599155e-13,4.08229881175412e-18,1.823234101100597e-18
1371,5.332577821167291e-13,4.121310603365801e-18,1.977616412389801e-18
1372,5.133648903409254e-13,4.066264534315267e-18,1.772113724218952e-18
1373,5.389756240199781e-13,4.146814224858498e-18,2.095454749886172e-18
1374,5.344708588255833e-13,4.137675902487098e-18,1.994782882570083e-18
1375,5.39163638481174e-13,4.150045792481234e-18,2.018778493935963e-18
1376,5.250086347640187e-13,4.097181071285229e-18,1.858415583285353e-18
1377,5.193153377660696e-13,4.131226621339138e-18,1.893678519698352e-18
1378,5.368898031126813e-13,4.055753598138964e-18,1.926746887328782e-18
1379,5.352182580533246e-13,4.053261255871589e-18,1.858072267271365e-18
1380,5.547038259118403e-13,4.12274240145203e-18,2.054212821152747e-18
1381,5.384810864116129e-13,4.160288435599636e-18,2.056647730897972e-18
1382,5.186702230056271e-13,4.121407163903662e-18,1.871238242215621e-18
1383,5.16730885793586e-13,4.063853904382689e-18,1.802022668986124e-18
1384,5.441567689132903e-13,4.121749955614965e-18,2.095165723334233e-18
1385,5.493675548865257e-13,4.094893020619341e-18,1.978036288606816e-18
1386,5.485731691608182e-13,4.112194134494624e-18,1.927862276737422e-18
1387,5.43186347787409e-13,4.08922138195172e-18,1.929734548075653e-18
1388,5.33746273685451e-13,4.077537890399022e-18,1.86767223678385e-18
1389,5.423941312949688e-13,4.111947243556117e-18,2.058925385844279e-18
1390,5.406819694903495e-13,4.136294113867412e-18,2.001302849626548e-18
1391,5.372203015456755e-13,4.098673824053059e-18,1.92384222984605e-18
1392,5.407502724900551e-13,4.141454268125985e-18,2.037994362183088e-18
1393,5.434500633691395e-13,4.063473294398523e-18,2.003902586573053e-18
1394,5.6625105577981e-13,4.159962238222923e-18,2.112417726129474e-18
1395,5.569227325873633e-13,4.168943343746197e-18,2.092417038541904e-18
1396,5.473542488824873e-13,4.107877400752916e-18,1.955644629867603e-18
1397,5.364682120936276e-13,4.067425261976325e-18,1.813085368518326e-18
1398,5.276200530516897e-13,4.052007578180451e-18,1.779641783045389e-18
1399,5.345551358731172e-13,4.165990006433757e-18,1.993417329045481e-18
1400,5.423575629760851e-13,4.146181887410388e-18,2.010838640942358e-18
1401,5.332407487099776e-13,4.068560051135889e-18,1.852001365039846e-18
1402,5.381217550256968e-13,4.11991936265271e-18,1.94287823511114e-18
1403,5.411066089212471e-13,4.15832224619856e-18,2.078819389300602e-18
1404,5.39424444984112e-13,4.171310267964649e-18,2.028503725711841e-18
1405,5.448532689729934e-13,4.186554740710533e-18,2.063380562047635e-18
1406,5.408793096997839e-13,4.107396169842511e-18,1.946667098174546e-18
1407,5.394529373595238e-13,4.109551225905715e-18,1.930552181398904e-18
1408,5.528495887224304e-13,4.155727931509641e-18,2.105465471023132e-18
1409,5.281540095607587e-13,4.035680716170949e-18,1.796537947658021e-18
1410,5.529584508018433e-13,4.163416794262065e-18,2.112029139607297e-18
1411,5.425254028413737e-13,4.133656437998011e-18,1.996739646842937e-18
1412,5.249849742735193e-13,4.121826534503504e-18,1.900452301541923e-18
1413,5.203915131353962e-13,4.145637269795192e-18,1.913235792756168e-18
1414,5.448502952733339e-13,4.177367597951448e-18,2.071445912033438e-18
1415,5.294213025282719e-13,4.051081241737819e-18,1.8235707466352e-18
1416,5.456488859705066e-13,4.099981784965568e-18,1.970933564148606e-18
1417,5.375339188014807e-13,4.164124659470077e-18,2.007556204850544e-18
1418,5.342171501138239e-13,4.079122892513128e-18,1.870683922174482e-18
1419,5.36715507001259e-13,4.099727305893162e-18,1.93301524419703e-18
1420,5.233054376953843e-13,4.059159446797702e-18,1.802755623334928e-18
1421,5.182985744602052e-13,4.081163793372462e-18,1.768327783356587e-18
1422,5.238031836255702e-13,4.14530429031994e-18,1.89865520608747e-18
1423,5.436221019694917e-13,4.136187731973096e-18,2.120675909914643e-18
1424,5.344326919046969e-13,4.10765473838745e-18,1.918622145471616e-18
1425,5.52708621160278e-13,4.095208808007595e-18,2.039097165220305e-18
1426,5.359805283737358e-13,4.076794970838798e-18,1.83944131825581e-18
1427,5.375714642221617e-13,4.15585887542485e-18,2.003637996132107e-18
1428,5.282708521451261e-13,4.112015165840548e-18,1.90538426128834e-18
1429,5.252081646104986e-13,4.117216429573517e-18,1.913388416811664e-18
1430,5.206923027653984e-13,4.133329904016798e-18,1.911292652987811e-18
1431,5.225017596414599e-13,4.128076669051517e-18,1.882365306671633e-18
1432,5.201621989098094e-13,4.149925188730056e-18,1.929497445947379e-18
1433,5.266097651431927e-13,4.130076086692172e-18,1.911500659507698e-18
1434,5.238902429401609e-13,4.052691370229297e-18,1.782898465988342e-18
1435,5.321011960381834e-13,4.108105143019516e-18,1.977027907238116e-18
1436,5.277946250622113e-13,4.146057159011321e-18,1.909449163463906e-18
1437,5.366997536079412e-13,4.143055499852374e-18,1.98922166981484e-18
1438,5.186999459246451e-13,4.085098514261413e-18,1.813657365640318e-18
1439,5.396660530149539e-13,4.087550859834179e-18,1.968349005050512e-18
1440,5.431841324035312e-13,4.149573287803297e-18,2.082719947573452e-18
1441,5.44030113653139e-13,4.091802379041881e-18,1.948923523065104e-18
1442,5.303156398673649e-13,4.142244313738181e-18,1.948689762559749e-18
1443,5.315701145223904e-13,4.072843699095703e-18,1.917430574511848e-18
1444,5.176861716403047e-13,4.103692082722745e-18,1.822640891336288e-18
1445,5.598136072593533e-13,4.174212670858638e-18,2.207783104215833e-18
1446,5.336059963578463e-13,4.095946344290959e-18,1.952046986050594e-18
1447,5.375254399848641e-13,4.145568304443288e-18,2.006366488797355e-18
1448,5.302258006702998e-13,4.121874988808096e-18,1.918231577107575e-18
1449,5.41522770537254e-13,4.1284319459581e-18,2.011405797664355e-18
1450,5.293997369288902e-13,4.069810850223666e-18,1.857490101619577e-18
1451,5.341628981310704e-13,4.112464234446005e-18,2.015520224044034e-18
1452,5.213222679776323e-13,4.14957189950482e-18,1.913345592172937e-18
1453,5.234293500068649e-13,4.060856314482378e-18,1.819760637389463e-18
1454,5.272333849664411e-13,4.05865057634091e-18,1.819176331221204e-18
1455,5.303283430734977e-13,4.08058461202094e-18,1.905186224991662e-18
1456,5.368880745768714e-13,4.052853209552252e-18,1.940742668542533e-18
1457,5.287197929734255e-13,4.147519516580243e-18,1.970763704535569e-18
1458,5.283519969896202e-13,4.095443068952597e-18,1.890415571133581e-18
1459,5.278940545464955e-13,4.12350734242883e-18,1.92453589627061e-18
1460,5.48438670060333e-13,4.158161624735663e-18,2.116935976628282e-18
1461,5.252558485726246e-13,4.135535504077126e-18,1.884688277194035e-18
1462,5.387861392579439e-13,4.132124342758273e-18,1.9908588396941e-18
1463,5.317121772039447e-13,4.195435908044922e-18,1.978347716925155e-18
1464,5.472236235137868e-13,4.173757569841313e-18,2.097495385773441e-18
1465,5.315445653827658e-13,4.137780395025158e-18,1.908924670513082e-18
1466,5.427861986081428e-13,4.174724505437277e-18,2.053992976219389e-18
1467,5.254671053102155e-13,4.14467294862933e-18,1.894017691495954e-18
1468,5.270028920970737e-13,4.153328635012214e-18,1.881233454464466e-18
1469,5.376716548462587e-13,4.119819526442247e-18,2.007294542699108e-18
1470,5.262865140581221e-13,4.064555442733184e-18,1.803865209592505e-18
1471,5.298626590695547e-13,4.101040470944962e-18,1.926822713097005e-18
1472,5.273088571415191e-13,4.099551839050638e-18,1.885678206719318e-18
1473,5.476960796218133e-13,4.021121447531564e-18,1.913637187571789e-18
1474,5.319576491603924e-13,4.119312624686347e-18,1.939190257973042e-18
1475,5.447472203413552e-13,4.158708596846213e-18,2.100447593286952e-18
1476,5.358305010961409e-13,4.121324134836186e-18,1.943354323565879e-18
1477,5.377717821229347e-13,4.1507594199488e-18,2.033689866774828e-18
1478,5.192678805057096e-13,4.15381358426528e-18,1.925921807731485e-18
1479,5.235008132150998e-13,4.104283577910196e-18,1.900616324887046e-18
1480,5.281071873618358e-13,4.037239428652027e-18,1.819762077370652e-18
1481,5.316123250300451e-13,4.050930312188947e-18,1.812025582007308e-18
1482,5.325709748379371e-13,4.151937725264378e-18,2.007908691087541e-18
1483,5.23724688715809e-13,4.052531332430009e-18,1.819212191039586e-18
1484,5.294204758646971e-13,4.120587195809507e-18,1.957169632627071e-18
1485,5.248181518843291e-13,4.098978885835418e-18,1.898381256607797e-18
1486,5.334736463030908e-13,4.065129341381821e-18,1.917676991431882e-18
1487,5.283462871273247e-13,4.089044804545389e-18,1.920876443178575e-18
1488,5.281237625040269e-13,4.165718569450743e-18,1.984392120010126e-18
1489,5.334098423415207e-13,4.089931140730157e-18,2.007165383165494e-18
1490,5.428104127699804e-13,4.111276998501948e-18,2.039401537675095e-18
1491,5.206891118654021e-13,4.111507179458972e-18,1.882914011030055e-18
1492,5.273859128769708e-13,4.120414585151467e-18,1.906521670825407e-18
1493,5.112489169267114e-13,4.052046468725375e-18,1.740001313356898e-18
1494,5.305862841475515e-13,4.175079487501125e-18,1.999995344244744e-18
1495,5.252094652098894e-13,4.108094099609942e-18,1.866163527257683e-18
1496,5.321626303712496e-13,4.0639551746245e-18,1.854874423071326e-18
1497,5.395071005643855e-13,4.162557583146035e-18,2.045016041978003e-18
1498,5.439477348431205e-13,4.134886563732281e-18,2.028874521723184e-18
1499,5.236550385168477e-13,4.062130053409265e-18,1.805013753030227e-18
1500,5.387496018490901e-13,4.108132677500279e-18,1.982297576938246e-18
1501,5.267638262738872e-13,4.155895233095406e-18,1.957885008193484e-18
1502,5.475718065587035e-13,4.124469378042784e-18,2.070320615982934e-18
1503,5.301842074830577e-13,4.150120913710513e-18,1.929787882863276e-18
1504,5.29123431462751e-13,4.117251689507911e-18,1.998456539727472e-18
1505,5.139486420523748e-13,4.087674979545492e-18,1.795715690160463e-18
1506,5.271946122075735e-13,4.011797266285427e-18,1.808285334205762e-18
1507,5.13776146914291e-13,4.055886649059636e-18,1.750539149104077e-18
1508,5.312070878690451e-13,4.100253313600249e-18,1.94917209681732e-18
1509,5.323129873363917e-13,4.08615539117284e-18,2.001248393310334e-18
1510,5.219735739461711e-13,4.025045837229809e-18,1.785643912913728e-18
1511,5.391852537826226e-13,4.144541873715767e-18,1.978864075169648e-18
1512,5.309678705189493e-13,4.097265492142069e-18,1.8568280902672e-18
1513,5.418531090502075e-13,4.108805513553325e-18,1.972772869495113e-18
1514,5.410104663532363e-13,4.065237557341671e-18,1.884822528258214e-18
1515,5.356668094094661e-13,4.174878774690016e-18,1.985543042826037e-18
1516,5.289178192500012e-13,4.176052412376162e-18,2.020211327656783e-18
1517,5.362349228982052e-13,4.063124199199974e-18,1.916695787097747e-18
1518,5.296186854351753e-13,4.169059318515314e-18,1.98823116638285e-18
1519,5.331897387389805e-13,4.092008739208737e-18,1.994729746965647e-18
1520,5.398878861299997e-13,4.054368319462068e-18,2.008184426077951e-18
1521,5.548067473271344e-13,4.085489004095645e-18,1.996486380360186e-18
1522,5.380547231443984e-13,4.175722500890692e-18,1.987578342245988e-18
1523,5.502697042855408e-13,4.106619555961536e-18,1.963098583020861e-18
1524,5.313429684909286e-13,4.12014408674283e-18,1.915732023222968e-18
1525,5.268884152555872e-13,4.114693883107202e-18,1.909640352773857e-18
1526,5.327754232952573e-13,4.176952190964562e-18,1.994631475460822e-18
1527,5.341589002539161e-13,4.059789453812656e-18,1.829750981780563e-18
1528,5.473751235924059e-13,4.126767783217011e-18,2.004960501873442e-18
1529,5.319134735731147e-13,4.17079872374129e-18,1.955175011848398e-18
1530,5.31693656337219e-13,4.104759728566078e-18,1.942453731619766e-18
1531,5.325354842344355e-13,4.176134579103935e-18,1.979434006117899e-18
1532,5.426156361135813e-13,4.112614889648745e-18,1.959349091348244e-18
1533,5.25927488748749e-13,4.092725232409218e-18,1.819133910681806e-18
1534,5.392738147720442e-13,4.065905650258362e-18,1.909039442394583e-18
1535,5.211401546038675e-13,4.131152979158771e-18,1.862377773249169e-18
1536,5.238585919542847e-13,4.187060384375404e-18,2.027155634122798e-18
1537,5.148136496557932e-13,4.091834753812564e-18,1.763487001786498e-18
1538,5.325055451469979e-13,4.152907431305757e-18,2.053438663993288e-18
1539,5.240311863107108e-13,4.123822014828428e-18,1.889329183331822e-18
1540,5.379599603206384e-13,4.106188740276231e-18,1.986243334853236e-18
1541,5.209306328490519e-13,4.112080539581893e-18,1.845015675409012e-18
1542,5.42644577539585e-13,4.144269488883639e-18,2.05927814292202e-18
1543,5.275845389210482e-13,4.054822366198337e-18,1.850183808638333e-18
1544,5.370287104286716e-13,4.091632305776604e-18,1.954299427784418e-18
1545,5.393169821916361e-13,4.112298783595013e-18,1.989073303710229e-18
1546,5.325303658535986e-13,4.09791679927376e-18,1.926606019463925e-18
1547,5.379349924163286e-13,4.129919086144019e-18,2.012798425013085e-18
1548,5.249154312489057e-13,4.137154353468461e-18,1.879679185861031e-18
1549,5.547746131930218e-13,4.121019448646057e-18,2.080247274082984e-18
1550,5.364889081028227e-13,4.104213062369994e-18,1.919830892679774e-18
1551,5.380323458177891e-13,4.037211912618522e-18,1.877089700255978e-18
1552,5.444635520083258e-13,4.008861046880843e-18,1.878586640400192e-18
1553,5.332847409473572e-13,4.093168039927935e-18,1.985783291422624e-18
1554,5.177900855602861e-13,4.038696462186939e-18,1.767593064228495e-18
1555,5.173605225808809e-13,4.069958779023784e-18,1.797234113186727e-18
1556,5.194437190319119e-13,4.097270143878453e-18,1.85133139775214e-18
1557,5.204157381920995e-13,4.124616592844433e-18,1.909236156787091e-18
1558,5.379324532076579e-13,4.131159507648577e-18,2.009230502892449e-18
1559,5.26499252470088e-13,4.107061436335913e-18,1.919574129506338e-18
1560,5.300328893304511e-13,4.097499790781297e-18,1.915063508091524e-18
1561,5.143251796713999e-13,4.069789695334524e-18,1.792225079776131e-18
1562,5.307028499203769e-13,4.108177101824716e-18,1.94896793628404e-18
1563,5.207577955965495e-13,4.061404697681757e-18,1.799391238008447e-18
1564,5.358047168244605e-13,4.100511278732803e-18,1.980154459959119e-18
1565,5.278934066654443e-13,4.062272509413677e-18,1.82576740865165e-18
1566,5.282765533503116e-13,4.069777021382936e-18,1.857284876301171e-18
1567,5.305400923546983e-13,4.157663499647842e-18,1.96678209386272e-18
1568,5.424723397291911e-13,4.109369782691834e-18,1.989954461500941e-18
1569,5.289106719216458e-13,4.151587887041717e-18,1.956726196246555e-18
1570,5.341530688950701e-13,4.12942525409564e-18,2.008511174283862e-18
1571,5.194838673769131e-13,4.072167561129794e-18,1.809197976433328e-18
1572,5.402619913033797e-13,4.104169708144781e-18,1.96523784811951e-18
1573,5.466355251940063e-13,4.155256566470073e-18,2.057471555520199e-18
1574,5.466213502941149e-13,4.153978893861294e-18,2.078200553778482e-18
1575,5.306036644732385e-13,4.129459065796367e-18,1.922133711785552e-18
1576,5.409607655476506e-13,4.12946512004699e-18,2.037204128981288e-18
1577,5.404815373512811e-13,4.145350172395843e-18,1.99011878912486e-18
1578,5.493751607738694e-13,4.048706590169038e-18,1.903199975235234e-18
1579,5.415415411428606e-13,4.133478801718347e-18,1.981289543923119e-18
1580,5.194607781916887e-13,4.073472154158951e-18,1.808715042593297e-18
1581,5.237127663480334e-13,4.153449013341157e-18,1.942520621499877e-18
1582,5.475356339886342e-13,4.145868861490785e-18,2.05096825460339e-18
1583,5.497017503264221e-13,4.116971265524692e-18,2.07136121392534e-18
1584,5.376112835079524e-13,4.170410631360455e-18,1.971331870593693e-18
1585,5.32518851048655e-13,4.081648590312229e-18,1.878055185386615e-18
1586,5.203965126532774e-13,4.10282001147579e-18,1.819094061934705e-18
1587,5.274164950600382e-13,4.175990837052924e-18,1.942122465678238e-18
1588,5.210390039436974e-13,4.139070988723811e-18,1.857728526267497e-18
1589,5.269347354476615e-13,4.10677971983517e-18,1.865532079909543e-18
1590,5.217472860240127e-13,4.156793788676546e-18,1.888958702827005e-18
1591,5.084295075154365e-13,4.049448618561912e-18,1.705293035873635e-18
1592,5.150394732849727e-13,4.130898762406451e-18,1.872366476464995e-18
1593,5.156505885013404e-13,4.095759269233589e-18,1.801989129611768e-18
1594,5.213187972436274e-13,4.13583746687565e-18,1.913417452561615e-18
1595,5.240708197492559e-13,4.120197710127869e-18,1.931180767453383e-18
1596,5.203697824096831e-13,4.1132688275191e-18,1.84889875075794e-18
1597,5.36220228235216e-13,4.102812999242306e-18,1.975004237468723e-18
1598,5.450115317657419e-13,4.142688611723334e-18,2.049649404721872e-18
1599,5.330437857896811e-13,4.094666747046809e-18,1.909803552498948e-18
1600,5.243005055359252e-13,4.132630596422178e-18,1.949014578954955e-18
1601,5.170153656665034e-13,4.027090443697948e-18,1.75264026857128e-18
1602,5.280215481258003e-13,4.143697493382671e-18,1.976268672222742e-18
1603,5.399759181805454e-13,4.096111400259229e-18,1.977894596898614e-18
1604,5.382840405428913e-13,4.118649120610959e-18,1.952707192908606e-18
1605,5.386480687776134e-13,4.155160767249904e-18,2.042319999296293e-18
1606,5.411672768147978e-13,4.093233922719703e-18,1.999419621026765e-18
1607,5.40252946828776e-13,4.110641424981854e-18,1.989162628719596e-18
1608,5.384129645978504e-13,4.112155422400293e-18,1.989339782862227e-18
1609,5.241881893289138e-13,4.0218155084478e-18,1.780837150660061e-18
1610,5.374611266082671e-13,4.184741118788315e-18,2.042563265360587e-18
1611,5.286602054525917e-13,4.091295284219103e-18,1.879247149981023e-18
1612,5.316958541217382e-13,4.043884463160671e-18,1.840819473999932e-18
1613,5.157436917034894e-13,4.07944511754064e-18,1.79329843319203e-18
1614,5.536278699013865e-13,4.121423538354978e-18,2.109383963960144e-18
1615,5.287540270898591e-13,4.127145306293133e-18,1.88345772351233e-18
1616,5.184242222839668e-13,4.124483313388609e-18,1.897919047357373e-18
1617,5.316798350527568e-13,4.073981798607745e-18,1.900927986288533e-18
1618,5.422703923236107e-13,4.173106982645205e-18,2.06887478310079e-18
1619,5.422500510107901e-13,4.086623830535055e-18,2.0486948671953e-18
1620,5.311272170449184e-13,4.044016015074596e-18,1.869304591686494e-18
1621,5.377007267902808e-13,4.153947573293796e-18,2.005850121494102e-18
1622,5.157696830999297e-13,4.132090771790194e-18,1.835029927868705e-18
1623,5.094997768217322e-13,4.115679224431582e-18,1.784761615810928e-18
1624,5.02681743868387e-13,4.025897188405236e-18,1.656353941659534e-18
1625,4.9731815521369e-13,4.003045980457675e-18,1.570711242025313e-18
1626,5.277446334619501e-13,4.161328471996935e-18,1.986961539558398e-18
1627,5.279935272693666e-13,4.107646956557453e-18,1.952179276733495e-18
1628,5.346918632302513e-13,4.156871448316882e-18,2.001283196705603e-18
1629,5.330881862324217e-13,4.125408086885882e-18,1.949507752537294e-18
1630,5.412995105607147e-13,4.064975674438839e-18,1.915632740391634e-18
1631,5.326181083132428e-13,4.164975237039553e-18,1.976632084688757e-18
1632,5.408323773435277e-13,4.146736225323105e-18,2.051320980145389e-18
1633,5.312830466896266e-13,4.14455121831479e-18,2.01504778370537e-18
1634,5.244124831474608e-13,4.13875669695308e-18,1.93109952634721e-18
1635,5.200666348333341e-13,4.085309498058018e-18,1.823113414582277e-18
1636,5.385376655989278e-13,4.109477444210092e-18,1.958870687880607e-18
1637,5.336013627233107e-13,4.123019907795886e-18,1.942891648760156e-18
1638,5.401000825894267e-13,4.115153650949781e-18,1.963479815310163e-18
1639,5.504671493456388e-13,4.143455824843998e-18,2.049676653790608e-18
1640,5.329318370870461e-13,4.09123525927662e-18,1.914518404283624e-18
1641,5.416216157451777e-13,4.08776040462991e-18,1.971169076777786e-18
1642,5.448926800611645e-13,4.167993030463633e-18,2.092263722160097e-18
1643,5.332554028595802e-13,4.076382373241878e-18,1.897910809782896e-18
1644,5.273951900613735e-13,4.092273002363391e-18,1.892142950957286e-18
1645,5.231358981038395e-13,4.150934082805409e-18,1.953502102431999e-18
1646,5.270370101353599e-13,4.131828603263735e-18,1.934746711032089e-18
1647,5.337416716561153e-13,4.132893698164754e-18,1.959404877098452e-18
1648,5.31257322325902e-13,4.138380195415299e-18,1.963293187095128e-18
1649,5.364308897850658e-13,4.152768501320384e-18,2.04698649862652e-18
1650,5.292870852397008e-13,4.06902319491408e-18,1.829533427859582e-18
1651,5.2877509006799e-13,4.082914360819046e-18,1.846271119868014e-18
1652,5.304954020993968e-13,4.145365372813166e-18,1.982043637070359e-18
1653,5.187467971225259e-13,4.053578631533917e-18,1.789305969874819e-18
1654,5.316898509893534e-13,4.152406596925269e-18,2.082976720283021e-18
1655,5.129141945330075e-13,4.048863959074987e-18,1.750817694279528e-18
1656,5.317454349630373e-13,4.120693671459669e-18,1.93916365463356e-18
1657,5.400729185425302e-13,4.145735030886332e-18,2.042113280119862e-18
1658,5.616216886881087e-13,4.170480923302407e-18,2.184166233313094e-18
1659,5.394424111700321e-13,4.132686128757779e-18,1.975973360521789e-18
1660,5.526378140935911e-13,4.07850790620303e-18,1.954453217467553e-18
1661,5.447730755967457e-13,4.117476599415005e-18,1.992089135497371e-18
1662,5.471996517164554e-13,4.163002377322888e-18,2.078100708733508e-18
1663,5.388791558378989e-13,4.099678668638663e-18,1.915383855187797e-18
1664,5.435863063706504e-13,4.108657376741406e-18,2.06546985728782e-18
1665,5.35361019861873e-13,4.169935308761211e-18,1.997101660564498e-18
1666,5.378798927703993e-13,4.124591782982702e-18,1.990906439100518e-18
1667,5.217481414434682e-13,4.078875705774377e-18,1.807145894817736e-18
1668,5.540958918261902e-13,4.148987412508719e-18,2.134835161049608e-18
1669,5.416759660175739e-13,4.151703457167833e-18,2.003126077991466e-18
1670,5.514248271584195e-13,4.112148592797397e-18,2.031552836236898e-18
1671,5.360468679543299e-13,4.117488972061422e-18,1.955350501914881e-18
1672,5.27294312560136e-13,4.039315250092076e-18,1.819579569220185e-18
1673,5.184893932764878e-13,4.098099254166827e-18,1.831879339989961e-18
1674,5.227249412539796e-13,4.139817498763947e-18,1.919203032837911e-18
1675,5.239356437037345e-13,4.107753131681732e-18,1.898771982331857e-18
1676,5.2313816381296e-13,4.111204489358415e-18,1.908624097525694e-18
1677,5.329625759911857e-13,4.096035760421813e-18,1.925800474086468e-18
1678,5.335480512478787e-13,4.119350506336124e-18,1.947740431900057e-18
1679,5.323602372485258e-13,4.11465794442062e-18,1.927470206093592e-18
1680,5.185659432892608e-13,4.099016542355809e-18,1.827109481679938e-18
1681,5.235072422925799e-13,4.011613046499035e-18,1.755159993605788e-18
1682,5.418168106180035e-13,4.108412854999423e-18,2.001398428521594e-18
1683,5.302591556130596e-13,4.134272536548446e-18,1.964639465319018e-18
1684,5.314806764479013e-13,4.113992995822586e-18,1.951986302269668e-18
1685,5.132881053550517e-13,4.086655832143231e-18,1.797812489357793e-18
1686,5.261163637022827e-13,4.126773714856775e-18,1.987849334152283e-18
1687,5.32876851088492e-13,4.139561948990326e-18,2.001464040553006e-18
1688,5.51130013670715e-13,4.138706821267625e-18,2.02519624315435e-18
1689,5.256188306878748e-13,4.087353705899443e-18,1.794431983769171e-18
1690,5.201250707964669e-13,4.03625114055861e-18,1.751217849968158e-18
1691,5.225591292405555e-13,4.13729923527738e-18,1.947847789091344e-18
1692,5.405962145371696e-13,4.14554228954495e-18,1.993588636053017e-18
1693,5.344026342128632e-13,4.089150241389967e-18,1.961327510676354e-18
1694,5.371937075086742e-13,4.132366441672075e-18,2.019561399105568e-18
1695,5.253146376134234e-13,4.14152994049375e-18,1.918872200424488e-18
1696,5.416926617175522e-13,4.09396605783298e-18,1.98079735943621e-18
1697,5.327519502521329e-13,4.030699711562524e-18,1.831972393819697e-18
1698,5.514645947755918e-13,4.193802028434679e-18,2.149288896555728e-18
1699,5.316807331028478e-13,4.12769932676223e-18,1.970276759627242e-18
1700,5.300788560224418e-13,4.084178024237546e-18,1.898787478194033e-18
1701,5.277892530473228e-13,4.144543047071378e-18,2.016790467081356e-18
1702,5.33797076006311e-13,4.115842598207075e-18,1.954586976920252e-18
1703,5.235208306259724e-13,4.144557586507625e-18,1.918546335486306e-18
1704,5.484293164869777e-13,4.135996149814985e-18,2.068408856931019e-18
1705,5.283126819177264e-13,4.066998020396534e-18,1.848319615213453e-18
1706,5.433584397615328e-13,4.131879481223377e-18,2.031287011947082e-18
1707,5.379454804705651e-13,4.076083739435824e-18,1.91868680507575e-18
1708,5.248362257124302e-13,4.109951995367659e-18,1.912588711384505e-18
1709,5.098819918579204e-13,3.994292702811177e-18,1.663450571752129e-18
1710,5.280622091820796e-13,4.157676847522324e-18,1.950196168547972e-18
1711,5.270076052328278e-13,4.084682493123793e-18,1.861387346802803e-18
1712,5.284458030160141e-13,4.15097055003083e-18,1.992565819372323e-18
1713,5.320975956193835e-13,4.105381829429645e-18,1.903445208816775e-18
1714,5.187900689226256e-13,4.113677242547286e-18,1.840839001644658e-18
1715,5.355953928158044e-13,4.091245994219443e-18,1.966469499370121e-18
1716,5.271665914195214e-13,4.068684180617763e-18,1.829089375901949e-18
1717,5.516997220247251e-13,4.196359388156751e-18,2.185907747676966e-18
1718,5.177719845852072e-13,4.080557962594287e-18,1.793225875187953e-18
1719,5.292825377303671e-13,4.036493850827178e-18,1.866743291616163e-18
1720,5.236154640477531e-13,3.969607098219093e-18,1.709222479208955e-18
1721,5.343869404428789e-13,4.083184204646987e-18,1.906790466304565e-18
1722,5.276259546327584e-13,4.108260263221938e-18,1.925242706654245e-18
1723,5.400478395307699e-13,4.12352651029462e-18,2.058158823443695e-18
1724,5.244730830704785e-13,4.086284565019503e-18,1.826196319161439e-18
1725,5.297026494784653e-13,4.082294452764988e-18,1.876323982982114e-18
1726,5.241542075893424e-13,4.094968449851862e-18,1.868911133349063e-18
1727,5.323641111800364e-13,4.069209912391575e-18,1.907893940368232e-18
1728,5.3198024751774e-13,4.124576954472991e-18,2.030056854957746e-18
1729,5.296873786982012e-13,4.165091748503938e-18,2.01604196424926e-18
1730,5.264694089463188e-13,4.099754932095073e-18,1.859829030438629e-18
1731,5.364528854115371e-13,4.142125067788076e-18,2.028423295409522e-18
1732,5.287584984881534e-13,4.152860105374865e-18,1.966356156539514e-18
1733,5.454220539852693e-13,4.135608545011585e-18,2.084290816987613e-18
1734,5.54401909700709e-13,4.109633375595112e-18,2.0329263547682e-18
1735,5.378972538277005e-13,4.114552741729571e-18,1.943618862771007e-18
1736,5.453676510430449e-13,4.095254647206247e-18,1.962328388803154e-18
1737,5.432012765216361e-13,4.078897928486218e-18,1.998927344563036e-18
1738,5.337190949362531e-13,4.079713422591308e-18,1.884167023738913e-18
1739,5.37704166444463e-13,4.191346625069893e-18,2.046544210884689e-18
1740,5.28864437964184e-13,4.152963842591616e-18,1.970222052940028e-18
1741,5.35223786670327e-13,4.097577799894827e-18,1.95171054649696e-18
1742,5.381424808206252e-13,4.150282873785344e-18,2.031276734936162e-18
1743,5.302301899781643e-13,4.0799086762583e-18,1.866135611111597e-18
1744,5.430856495974268e-13,4.138049710756898e-18,2.098537664164109e-18
1745,5.216149272502166e-13,4.085981614261843e-18,1.792924480913417e-18
1746,5.274847637863715e-13,4.087527628677463e-18,1.854968023583036e-18
1747,5.268649817545728e-13,4.079247135730275e-18,1.848646895295105e-18
1748,5.28655492702097e-13,4.145777868980847e-18,1.930852584389798e-18
1749,5.416706131567578e-13,4.11717109770238e-18,1.956770927047894e-18
1750,5.27000282613281e-13,4.047480990482272e-18,1.769302477261221e-18
1751,5.418946082506866e-13,4.15028250836798e-18,2.009183012328049e-18
1752,5.240821396991622e-13,4.137338076140228e-18,1.886994946823596e-18
1753,5.321139751899498e-13,4.115474054357306e-18,1.912059591589009e-18
1754,5.400114033617733e-13,4.154534268054573e-18,2.065258703474359e-18
1755,5.553898607229567e-13,4.141421063737924e-18,2.039726509832425e-18
1756,5.24367393011032e-13,4.103469208488102e-18,1.83490369963737e-18
1757,5.303926622207273e-13,4.121403289197936e-18,1.912274126095287e-18
1758,5.354528460567981e-13,4.126119835815439e-18,1.962814722539952e-18
1759,5.21410215559617e-13,4.062839090716479e-18,1.796397461551974e-18
1760,5.375210901515019e-13,4.075769987752167e-18,1.914664736651605e-18
1761,5.313150560319699e-13,4.141562016188896e-18,1.960030864226569e-18
1762,5.372743520728904e-13,4.131286915173917e-18,2.034214324054136e-18
1763,5.166158926243383e-13,4.04132070912212e-18,1.740101896365812e-18
1764,5.380854475031271e-13,4.080704125411069e-18,1.953556028650594e-18
1765,5.46356458686974e-13,4.074163095092014e-18,1.996748206077456e-18
1766,5.317273875470054e-13,4.168569572081127e-18,2.028892956569422e-18
1767,5.305020088846483e-13,4.101422170920799e-18,1.917739173976095e-18
1768,5.289798318410732e-13,4.067281287526255e-18,1.843720004097938e-18
1769,5.459202172960783e-13,4.136705151827888e-18,2.136173112360495e-18
1770,5.582993013047592e-13,4.193264964822278e-18,2.136853874964572e-18
1771,5.398730918948902e-13,4.147523748663003e-18,1.966387630115926e-18
1772,5.316637799678335e-13,4.145185495054163e-18,1.912204195383646e-18
1773,5.225481710581968e-13,4.096374007665067e-18,1.813185574730456e-18
1774,5.379553716631305e-13,4.109012046418212e-18,2.010982097990788e-18
1775,5.216516831586573e-13,4.161442409904541e-18,1.900957082675829e-18
1776,5.274255960214535e-13,4.113200793281196e-18,1.906724373007681e-18
1777,5.217564528464533e-13,4.045816058349401e-18,1.792698260570127e-18
1778,5.323057605282354e-13,4.225523370078131e-18,2.046911547785991e-18
1779,5.406498437519487e-13,4.12410324716094e-18,1.998017172684252e-18
1780,5.325138857814383e-13,4.103902364585671e-18,1.899350748458567e-18
1781,5.450161840328432e-13,4.141621030888716e-18,2.061720829362788e-18
1782,5.269272485097182e-13,4.097169465613351e-18,1.885910172629225e-18
1783,5.363179072644211e-13,4.038537491560539e-18,1.874456004774731e-18
1784,5.339407016674428e-13,4.117221113722155e-18,1.91847935352247e-18
1785,5.380107894829526e-13,4.068226021115873e-18,1.928841557872194e-18
1786,5.204842763132811e-13,4.05333536227411e-18,1.794872214076849e-18
1787,5.31636590741801e-13,4.146776122571602e-18,2.028387453445133e-18
1788,5.159669158829079e-13,4.074422732005053e-18,1.816939626405399e-18
1789,5.332214406206339e-13,4.083912715967656e-18,1.896986226525977e-18
1790,5.324391689541227e-13,4.120222176324079e-18,1.937226221946258e-18
1791,5.263907843997586e-13,4.133654023821466e-18,1.921599478595674e-18
1792,5.164978237896968e-13,4.018384029409799e-18,1.71940800672103e-18
1793,5.071986144571266e-13,3.966297496712371e-18,1.634004797603171e-18
1794,5.104204975071597e-13,4.145170008366324e-18,1.870992369851027e-18
1795,5.095956423746044e-13,4.063670984250685e-18,1.750430691993263e-18
1796,5.277772322263047e-13,4.161235523842032e-18,2.014262193919163e-18
1797,5.272581660659049e-13,4.105213886559595e-18,1.912327415039174e-18
1798,5.323867775768148e-13,4.115138488329101e-18,1.984836008827341e-18
1799,5.386329601086976e-13,4.073505403016253e-18,1.996378497850645e-18
1800,5.274741883814835e-13,4.021251870283598e-18,1.81138027507845e-18
1801,5.327872180975512e-13,4.1835229519297e-18,2.034627836252571e-18
1802,5.195588008110648e-13,4.08097633309546e-18,1.882213139195969e-18
1803,5.319896777889264e-13,4.10367604772608e-18,1.937197227646669e-18
1804,5.260887112876986e-13,4.063255498231677e-18,1.820723767785318e-18
1805,5.33950986882768e-13,4.173372276238644e-18,2.019452771937193e-18
1806,5.300251460237086e-13,4.085972743625761e-18,1.884458117450406e-18
1807,5.242974627878838e-13,4.143842794726878e-18,1.91834990170218e-18
1808,5.303466774303214e-13,4.094641794377099e-18,1.901072447352664e-18
1809,5.312925923425004e-13,4.113964543951127e-18,1.923975621152765e-18
1810,5.397863351092571e-13,4.133397614093204e-18,1.988153779646181e-18
1811,5.42090685674463e-13,4.161090438000015e-18,2.032742717317654e-18
1812,5.428505727212741e-13,4.156506994978396e-18,2.019528340361432e-18
1813,5.305743472846837e-13,4.16218062998921e-18,1.977067638236758e-18
1814,5.497921745987512e-13,4.140917220319409e-18,2.063747428711989e-18
1815,5.344425380384348e-13,4.083041667488946e-18,1.883928444640706e-18
1816,5.422735914861682e-13,4.080199398713368e-18,1.886478370039812e-18
1817,5.294466875745141e-13,4.204805822597046e-18,2.035380682161248e-18
1818,5.423725798479972e-13,4.141276544214922e-18,2.128776132747938e-18
1819,5.468926959196977e-13,4.111312057642815e-18,2.004319320755835e-18
1820,5.481764851005245e-13,4.109057360442361e-18,2.014624931688359e-18
1821,5.463826111669742e-13,4.126267800423744e-18,1.991123049052873e-18
1822,5.440897887764752e-13,4.136074074120624e-18,2.007444360381111e-18
1823,5.433643629741521e-13,4.116822892079501e-18,2.016755578372977e-18
1824,5.39407802391088e-13,4.042317054046462e-18,1.83355524676758e-18
1825,5.423041564342348e-13,4.189404014232537e-18,2.045272198652326e-18
1826,5.29664282073059e-13,4.147381757930738e-18,1.944223625392906e-18
1827,5.388459355872733e-13,4.076120512915487e-18,1.91276364554198e-18
1828,5.313370230290021e-13,4.096499050627692e-18,1.930327329851254e-18
1829,5.229723740160716e-13,4.120523511718739e-18,1.886661976363177e-18
1830,5.269535810689118e-13,4.141772188183861e-18,1.983880479025047e-18
1831,5.5299455299796e-13,4.154278542772444e-18,2.121930281268056e-18
1832,5.276747095092654e-13,4.098745888083851e-18,1.859002040247383e-18
1833,5.607363743360574e-13,4.160270167406854e-18,2.18263281948924e-18
1834,5.358087938284118e-13,4.06525120515727e-18,1.861391331324498e-18
1835,5.447058280290532e-13,4.087001527449414e-18,1.925956446100861e-18
1836,5.322591988771306e-13,4.176081575422135e-18,1.996406040757522e-18
1837,5.330318691597666e-13,4.087924115392445e-18,1.890876049516317e-18
1838,5.414079775261007e-13,4.137650877753564e-18,2.01344362224264e-18
1839,5.301712868951834e-13,4.158895930327787e-18,2.003549405075026e-18
1840,5.386782471167755e-13,4.142434947191948e-18,2.041884157239155e-18
1841,5.143481785041495e-13,4.01742907516929e-18,1.68785589060371e-18
1842,5.288161998628863e-13,4.158910400669695e-18,1.979272001956164e-18
1843,5.182278538185671e-13,4.084494929537492e-18,1.820035016871458e-18
1844,5.377788262686214e-13,4.145533157832435e-18,2.075949960359817e-18
1845,5.204313022347116e-13,4.148923638999285e-18,1.911860400383514e-18
1846,5.215331745204222e-13,4.030104040699518e-18,1.803362984026334e-18
1847,5.162624024836988e-13,4.108846557108251e-18,1.903303525978924e-18
1848,5.492816407046044e-13,4.161574638247715e-18,2.084365850547126e-18
1849,5.219612327576303e-13,4.118392232073825e-18,1.849019214794106e-18
1850,5.255412816563577e-13,4.015189327252666e-18,1.791295471054523e-18
1851,5.195453967245307e-13,4.074121227751277e-18,1.827683566255514e-18
1852,5.214926799679119e-13,4.019684935906218e-18,1.754962032575478e-18
1853,5.177322014381873e-13,3.985264571834623e-18,1.675482049836199e-18
1854,5.302650245353359e-13,4.189746625521397e-18,2.04974971012926e-18
1855,5.419757278105046e-13,4.089116249182015e-18,1.951872338730642e-18
1856,5.353781082590402e-13,4.130045314482113e-18,2.016519715773533e-18
1857,5.281387556013352e-13,4.121410416086661e-18,1.946698240712381e-18
1858,5.300631926838162e-13,4.062562479052692e-18,1.838843209384234e-18
1859,5.405170238854325e-13,4.12966242798682e-18,1.979743555372255e-18
1860,5.335034554417546e-13,4.073256170608959e-18,1.86907417850047e-18
1861,5.535114533511395e-13,4.19291731247531e-18,2.155305861831891e-18
1862,5.381175702928618e-13,4.107729193541429e-18,1.965451970066904e-18
1863,5.295688365124707e-13,4.120582791097167e-18,1.934725925697409e-18
1864,5.245646954753734e-13,4.057166172523759e-18,1.862313608524786e-18
1865,5.181510740500802e-13,4.046010569110995e-18,1.766457969524736e-18
1866,5.240220694883778e-13,4.120462585815828e-18,1.887648902677685e-18
1867,5.344478761324387e-13,4.089286540334787e-18,1.90858004764516e-18
1868,5.408679140540304e-13,4.125976973991379e-18,2.013109533708599e-18
1869,5.281912207930932e-13,4.112711915573375e-18,1.961770929459359e-18
1870,5.216341861646767e-13,4.075828733978506e-18,1.856973740731202e-18
1871,5.343103608758378e-13,4.171423729347952e-18,2.047643353031889e-18
1872,5.231461131715165e-13,4.107706623079991e-18,1.87108779724228e-18
1873,5.285704450755097e-13,4.136531350941468e-18,1.965525107689115e-18
1874,5.340592462111772e-13,4.110141378752265e-18,1.941023705515835e-18
1875,5.388894491970851e-13,4.134005054394116e-18,2.02064832819551e-18
1876,5.382345003594834e-13,4.119918714533624e-18,1.971019760252808e-18
1877,5.199150565568755e-13,4.030914863188256e-18,1.75188078423954e-18
1878,5.236132072532706e-13,4.096944121100938e-18,1.857399801057825e-18
1879,5.462543098487663e-13,4.126122694601853e-18,2.048981558026164e-18
1880,5.343583218920671e-13,4.13415229094606e-18,1.966692382571068e-18
1881,5.46504280905538e-13,4.152210183611119e-18,2.044830112176803e-18
1882,5.477607550340655e-13,4.097405420566942e-18,1.978540750896185e-18
1883,5.438353100030401e-13,4.163219817838665e-18,2.047647662343372e-18
1884,5.301407590796141e-13,4.134403158163341e-18,1.979623790390135e-18
1885,5.305993156625038e-13,4.121666710401571e-18,1.968776538787282e-18
1886,5.260095586550969e-13,4.074741682001351e-18,1.862463063642852e-18
1887,5.293564333561202e-13,4.094639593005067e-18,1.960152450656785e-18
1888,5.498501890747525e-13,4.104806739464267e-18,2.031007669157682e-18
1889,5.354304415290218e-13,4.053083452973923e-18,1.892194949075622e-18
1890,5.379263338012704e-13,4.091784406631261e-18,1.930927258007957e-18
1891,5.331661334417193e-13,4.156716707323992e-18,1.967248318863494e-18
1892,5.372624496199002e-13,4.144369717248617e-18,1.984915101573899e-18
1893,5.18962297130695e-13,4.101469792307075e-18,1.87448592324536e-18
1894,5.275237952720422e-13,4.143659171082992e-18,1.962106638413939e-18
1895,5.35235490635024e-13,4.133841801174053e-18,1.958340854864019e-18
1896,5.350619353373073e-13,4.121486842961726e-18,1.957278369743641e-18
1897,5.205601088320212e-13,4.112760146454024e-18,1.901374017030379e-18
1898,5.247547190472315e-13,4.04968187890551e-18,1.807209191227419e-18
1899,5.504624738236336e-13,4.113235248371282e-18,2.062341568557659e-18
1900,5.386589346097226e-13,4.131018321560152e-18,1.990965244742997e-18
1901,5.324333835582895e-13,4.060882633872959e-18,1.853319298540807e-18
1902,5.367913109341693e-13,4.16261826041108e-18,2.051849105053854e-18
1903,5.306491939588458e-13,4.12488588093339e-18,1.948501905314428e-18
1904,5.219394635792679e-13,4.059946603860501e-18,1.843464701274195e-18
1905,5.241076500413913e-13,4.112225503317572e-18,1.938161638422502e-18
1906,5.258454861144096e-13,4.148323153956698e-18,1.941267188690802e-18
1907,5.284852577897037e-13,4.101115654170532e-18,1.978252569592277e-18
1908,5.211183644860281e-13,4.063707848216848e-18,1.809933569337854e-18
1909,5.366780712272428e-13,4.145315942055627e-18,2.040696944586914e-18
1910,5.216812099780931e-13,4.100968085252083e-18,1.860530999261874e-18
1911,5.330543442209666e-13,4.073494125508881e-18,1.87777668918254e-18
1912,5.173687749566137e-13,4.057981107052155e-18,1.77319855756963e-18
1913,5.326413056208676e-13,4.081359617305233e-18,1.885248815317266e-18
1914,5.264569294778033e-13,4.031731529000584e-18,1.78095118364973e-18
1915,5.262154579915918e-13,4.095926943519558e-18,1.912109514505072e-18
1916,5.151248649078919e-13,4.068832156079727e-18,1.800904364591906e-18
1917,5.492297975149468e-13,4.146918730452724e-18,2.07583641856559e-18
1918,5.25324780021654e-13,4.094302172424385e-18,1.857981508957371e-18
1919,5.455386830531329e-13,4.056549364542035e-18,1.98463213186995e-18
1920,5.333222537221479e-13,4.11631639825324e-18,1.981916288395554e-18
1921,5.277883848673454e-13,4.152402137694239e-18,1.968422536441841e-18
1922,5.213246890755449e-13,4.052220756298175e-18,1.852064131213084e-18
1923,5.079631567429292e-13,4.048991092163296e-18,1.704192806315464e-18
1924,5.371123572750226e-13,4.090367775089271e-18,1.950401023801789e-18
1925,5.267873998211858e-13,4.084702531581532e-18,1.876828847919418e-18
1926,5.538977715987196e-13,4.119844664503722e-18,2.051831225524244e-18
1927,5.415992355437028e-13,4.123897072558917e-18,1.967360681618745e-18
1928,5.393787799057976e-13,4.153002593517627e-18,1.993926688888015e-18
1929,5.231087216432318e-13,4.086290787764163e-18,1.822666754537146e-18
1930,5.336595132719804e-13,4.130992255982039e-18,1.95624913373868e-18
1931,5.247211065290599e-13,4.053000543041992e-18,1.799879583193664e-18
1932,5.48125778243212e-13,4.115880251825915e-18,2.053989480207207e-18
1933,5.383497680720685e-13,4.164052801258412e-18,2.039489879058552e-18
1934,5.321468408887054e-13,4.120503414891189e-18,1.938792128669838e-18
1935,5.288945186386853e-13,4.06893171362455e-18,1.831836724355742e-18
1936,5.415513641375564e-13,4.030625824381776e-18,1.841924373053883e-18
1937,5.270124198362916e-13,4.135104386532794e-18,1.942202299967689e-18
1938,5.232864057221547e-13,4.125406114149149e-18,1.915195496375188e-18
1939,5.192195777554181e-13,4.050761678226879e-18,1.771337584920029e-18
1940,5.330626636168573e-13,4.195038996836331e-18,2.110100904437676e-18
1941,5.194362250741461e-13,4.078645176652311e-18,1.811571748041515e-18
1942,5.255359372062199e-13,4.139460740178435e-18,1.94028628228619e-18
1943,5.463321983572368e-13,4.139157243844351e-18,2.141331962850107e-18
1944,5.319191276151258e-13,4.097593482807979e-18,1.927878236132739e-18
1945,5.321990235362211e-13,4.083477927426872e-18,1.887005197801223e-18
1946,5.307950928745557e-13,4.096105746890254e-18,1.889897642909051e-18
1947,5.393143416445355e-13,4.134683530015064e-18,1.997219935588221e-18
1948,5.313048242082214e-13,4.079125899789604e-18,1.865170822982645e-18
1949,5.407252856246897e-13,4.13203544307197e-18,2.009922417892374e-18
1950,5.531339623943414e-13,4.152870511498487e-18,2.035303786610456e-18
1951,5.378486715063471e-13,4.083767627641803e-18,1.930499556156393e-18
1952,5.342934319032672e-13,4.176929125287327e-18,1.975262343931881e-18
1953,5.290055327579095e-13,4.103226080985352e-18,1.915979506221253e-18
1954,5.4863956117255e-13,4.184841554424209e-18,2.116085263605985e-18
1955,5.42202823452213e-13,4.101524857969621e-18,1.976794540405804e-18
1956,5.375478656724869e-13,4.135357000393859e-18,2.015513422845949e-18
1957,5.406938502715344e-13,4.108869809920821e-18,1.986828968899014e-18
1958,5.371172523659482e-13,4.110929305850401e-18,1.951872326259706e-18
1959,5.434626068301854e-13,4.135883453774145e-18,2.022374806509449e-18
1960,5.471994744814204e-13,4.120411299033394e-18,1.987668487348167e-18
1961,5.270838605253055e-13,4.131535321442379e-18,1.959617216025329e-18
1962,5.281402140881559e-13,4.059568713413488e-18,1.874130574593697e-18
1963,5.270414600853146e-13,4.114433213456608e-18,1.895975275612626e-18
1964,5.266069091958687e-13,4.153077093473953e-18,1.92817303991395e-18
1965,5.257748082386222e-13,4.139680383234195e-18,1.931241855438117e-18
1966,5.42032462277201e-13,4.099293417064168e-18,1.9838143677065e-18
1967,5.538006844163629e-13,4.186221611012547e-18,2.136771799178806e-18
1968,5.555572533011245e-13,4.093745801610124e-18,1.972327210710755e-18
1969,5.280770956853807e-13,4.08789147543595e-18,1.911034228863598e-18
1970,5.4123073089509e-13,4.044896421880207e-18,1.908214025460369e-18
1971,5.346757751608843e-13,4.155056872280251e-18,1.989936285969766e-18
1972,5.310882446004344e-13,4.177737061180025e-18,2.0178846778057e-18
1973,5.30873231781983e-13,4.100323579722165e-18,1.879786285362646e-18
1974,5.301611987117525e-13,4.066781805752125e-18,1.845084815213802e-18
1975,5.315737804494699e-13,4.175541426003734e-18,2.002358530212885e-18
1976,5.265272526154132e-13,4.099881630918456e-18,1.874274987890622e-18
1977,5.251657304070297e-13,4.074378916913531e-18,1.896566491678294e-18
1978,5.25864655501103e-13,4.107149894448977e-18,1.896947776934848e-18
1979,5.202489676699633e-13,4.065890316728294e-18,1.818288680516319e-18
1980,5.182868290289081e-13,4.060729065497237e-18,1.802123252203612e-18
1981,5.436808717855141e-13,4.17194006899504e-18,2.131190516595336e-18
1982,5.365815791921143e-13,4.12904432971593e-18,1.977351832304232e-18
1983,5.299085768514147e-13,4.15367967925354e-18,1.984571877745599e-18
1984,5.260046759771085e-13,4.114019953078694e-18,1.903014089263374e-18
1985,5.388969611686279e-13,4.137263511626077e-18,2.029106841077544e-18
1986,5.374147750778103e-13,4.116909464862729e-18,1.961778399778662e-18
1987,5.242916385670444e-13,4.039384091080956e-18,1.760744305903022e-18
1988,5.238804171681401e-13,4.097075311181074e-18,1.895533914715386e-18
1989,5.292093239039693e-13,4.137274297351883e-18,1.952765946869337e-18
1990,5.244250522823127e-13,4.123094203041009e-18,1.946963665475541e-18
1991,5.376795482957637e-13,4.095974831581734e-18,1.96442239057738e-18
1992,5.299427655356316e-13,4.122548392859092e-18,1.974554458147248e-18
1993,5.247542057501942e-13,4.148836300071308e-18,1.982088770762552e-18
1994,5.313907253184197e-13,4.126103538074443e-18,1.923325709426909e-18
1995,5.341632277313989e-13,4.142359175652456e-18,2.01280843633061e-18
1996,5.2905418953521e-13,4.089896498756225e-18,1.897786354235111e-18
1997,5.331834264817816e-13,4.068041832900736e-18,1.870946068321693e-18
1998,5.258828597553588e-13,4.11688408542976e-18,1.887310643492048e-18
1999,5.261092503673222e-13,4.111919861833424e-18,1.916388934782142e-18
2000,5.167207130208299e-13,4.066401995389842e-18,1.79779607100745e-18
