iter,continuity,x-velocity,y-velocity
1,1.0,0.0003763343636685833,5.924423987964067e-05
2,0.631664771382253,0.000211196598365018,2.763885661044404e-05
3,0.4841975831478134,0.0001638455737151694,1.457870625018985e-05
4,0.3768031692638821,0.0001442273962460607,9.04844369106935e-06
5,0.2854195110335543,0.00013490426339203,6.679975712699306e-06
6,0.2070910356449537,0.0001287175578467984,5.487347877288651e-06
7,0.137924703880467,0.0001219442976712219,4.709925543719291e-06
8,0.08140612025455408,0.0001154239641344621,4.06189169755948e-06
9,0.04269509399751034,0.0001070094409510588,3.529677233032572e-06
10,0.0658377315669123,9.673835957180992e-05,3.144389856177954e-06
11,0.09473451266403578,8.666116987917352e-05,2.754640636910918e-06
12,0.1262940079953191,7.386198180695242e-05,2.541205389874164e-06
13,0.1452999500691908,6.252878701114246e-05,2.234816053137398e-06
14,0.1548010475322868,5.25358713771943e-05,2.004947339086067e-06
15,0.163004987672645,4.189066658933566e-05,1.856053262799253e-06
16,0.1612153886312477,3.282770027599288e-05,1.708277175961255e-06
17,0.1530310710335216,2.461296201021411e-05,1.605631110750584e-06
18,0.1297867935372461,2.04527944873244e-05,1.538667666896099e-06
19,0.1003240963478585,2.090896832822563e-05,1.459000142968922e-06
20,0.07034439272378912,2.108853157429684e-05,1.346791462362955e-06
21,0.04493453855041327,2.016305652344658e-05,1.223788102997153e-06
22,0.02504079704257933,1.822340552061987e-05,1.107201005047006e-06
23,0.02318055530314797,1.611471411725312e-05,1.020318512842399e-06
24,0.02817977618456425,1.503063246549738e-05,9.460614750611026e-07
25,0.03056920428644679,1.520632621694188e-05,8.855415594252223e-07
26,0.03020764308961051,1.548494970461625e-05,8.289682142608896e-07
27,0.02750525521886698,1.564931377455228e-05,7.78581187715263e-07
28,0.02385036770875328,1.570465882365952e-05,7.38900826820739e-07
29,0.01986697341459679,1.564419242846084e-05,7.057820949721412e-07
30,0.01588938556427287,1.539575252951386e-05,6.778314267668967e-07
31,0.01250519318449677,1.509063915648797e-05,6.526811894842528e-07
32,0.009912003131166431,1.477663750595294e-05,6.300305793474587e-07
33,0.00816519804171359,1.44507996180152e-05,6.09705973072019e-07
34,0.008313842146363066,1.409677098945324e-05,5.935258973771254e-07
35,0.009661164333578538,1.360880780673414e-05,5.807034911896429e-07
36,0.01077089465785121,1.310517319224312e-05,5.687978115298151e-07
37,0.0112239361920009,1.263634984177071e-05,5.56907769747631e-07
38,0.01111297629986012,1.221713337686465e-05,5.447999736770311e-07
39,0.0105342458071457,1.186670231912584e-05,5.320535162510646e-07
40,0.00992300815479285,1.156938548380799e-05,5.189496568431827e-07
41,0.009353577838840561,1.129921446382373e-05,5.062586362083643e-07
42,0.008838568465632432,1.104686517030621e-05,4.939995159583719e-07
43,0.00847848705478754,1.081442188255201e-05,4.819996867337507e-07
44,0.008181349013769153,1.05897439574221e-05,4.704211646076733e-07
45,0.007899671845409415,1.037755278675432e-05,4.593383725914992e-07
46,0.007639392579619569,1.017271750581635e-05,4.485275274548376e-07
47,0.007413772233292657,9.976940504692109e-06,4.381962502699372e-07
48,0.007177563380260005,9.78876120077612e-06,4.282498802532962e-07
49,0.006966848045100657,9.607132237157855e-06,4.186017134502759e-07
50,0.006753776790056797,9.432980938368687e-06,4.095006207377072e-07
51,0.006546301829110404,9.264788120461538e-06,4.006170769897861e-07
52,0.006368422322761948,9.102329540031226e-06,3.92016542024193e-07
53,0.006203681389863206,8.944932064833434e-06,3.837654863032647e-07
54,0.006036063211444303,8.79329400929061e-06,3.758215006707041e-07
55,0.005910153394809427,8.645911152855603e-06,3.68110988274771e-07
56,0.005763548900703213,8.503681995490868e-06,3.607130389842853e-07
57,0.005631464766218061,8.364832290733315e-06,3.535120029707173e-07
58,0.005522279363180258,8.229922415595593e-06,3.466038185284538e-07
59,0.005438370861928515,8.098075477279e-06,3.399621188620629e-07
60,0.005334960833499935,7.970646997212755e-06,3.335371379928074e-07
61,0.005259173829200514,7.846136931925918e-06,3.272738706956317e-07
62,0.005173144079755747,7.72536042861881e-06,3.212234544092605e-07
63,0.005105353900432628,7.607429598468282e-06,3.153345139099689e-07
64,0.005051418781594159,7.492283978829437e-06,3.096162183533381e-07
65,0.005002373465292891,7.379926970108577e-06,3.041197440006709e-07
66,0.004937016022597617,7.270208500719416e-06,2.98783585254997e-07
67,0.00487476421256619,7.162966644094517e-06,2.93575862593862e-07
68,0.004825292543212337,7.058413756642356e-06,2.885179673877651e-07
69,0.004778058004977723,6.955995807886123e-06,2.835991978699737e-07
70,0.004734413858771014,6.855820428971449e-06,2.788218969039294e-07
71,0.004684871318318212,6.758341041889677e-06,2.741513621542965e-07
72,0.004638441366258192,6.66310349915299e-06,2.695809889723841e-07
73,0.004599419489379445,6.569691801952847e-06,2.651591402807257e-07
74,0.004560594702263259,6.478372519692591e-06,2.608621450149388e-07
75,0.0045296573614304,6.388915337618277e-06,2.566976702990139e-07
76,0.004501619735854196,6.301212437251876e-06,2.526825895634079e-07
77,0.004453142982911248,6.215433007911828e-06,2.487381843932805e-07
78,0.004393832218497052,6.131674761744088e-06,2.448182244528529e-07
79,0.0043447021503565,6.049628593568664e-06,2.409921310358885e-07
80,0.00430443154672371,5.969114146053834e-06,2.372751392865028e-07
81,0.00427369643389119,5.889967936016504e-06,2.337057867221779e-07
82,0.004233508534700408,5.812472391678769e-06,2.302357789490742e-07
83,0.004199000816231324,5.736397521097726e-06,2.268897724482799e-07
84,0.00413582106543601,5.6619437612264e-06,2.235683511314956e-07
85,0.004072180559165567,5.588940304396393e-06,2.202522540086074e-07
86,0.004015906473383755,5.517353372469098e-06,2.170054447473576e-07
87,0.003962414354570631,5.4471591296037e-06,2.138456876782633e-07
88,0.003894462120822392,5.378326381284239e-06,2.107179327759048e-07
89,0.003827093431965053,5.310767815513861e-06,2.076339556289807e-07
90,0.003765456033512544,5.244462637115252e-06,2.04584597842463e-07
91,0.003710424452067357,5.179346160927828e-06,2.015905027110838e-07
92,0.003656662665686281,5.11540475923742e-06,1.986495040130002e-07
93,0.003609606950689661,5.052597111371406e-06,1.957844359347798e-07
94,0.003563388367832169,4.990876835109671e-06,1.929962180014762e-07
95,0.003521056355350859,4.93022009301017e-06,1.90270572192552e-07
96,0.003483847013698662,4.870649206797449e-06,1.876280598263844e-07
97,0.003442555237228852,4.812057134863695e-06,1.85014125520724e-07
98,0.00340876641803625,4.754451215020186e-06,1.824546854060982e-07
99,0.003374176730403964,4.697782110427762e-06,1.799409578483771e-07
100,0.003343929373929046,4.642061027001665e-06,1.774951269370507e-07
101,0.003316487480256261,4.587227452363416e-06,1.75116721682686e-07
102,0.003301223068718549,4.533317716409612e-06,1.728474774468107e-07
103,0.003279743217868365,4.480229141766889e-06,1.706194288383388e-07
104,0.003257728707087986,4.427973590845956e-06,1.684403819875681e-07
105,0.003232721462746842,4.376447337534146e-06,1.662767071508958e-07
106,0.003211941397393761,4.325763182646347e-06,1.641721880681669e-07
107,0.003188682329197433,4.275865872805298e-06,1.620916384679026e-07
108,0.003168925316379283,4.226786303159927e-06,1.600708110913231e-07
109,0.003150650081183555,4.178444597204333e-06,1.581123230123167e-07
110,0.003128310484906425,4.130800664718603e-06,1.561829372397227e-07
111,0.003095588455017037,4.083764015254412e-06,1.542403477193521e-07
112,0.00307071329192814,4.037538513944001e-06,1.52353711915574e-07
113,0.003044028883205015,3.991958985025968e-06,1.505006097342043e-07
114,0.003016104943393395,3.947025890620394e-06,1.48690079905168e-07
115,0.002985482452422036,3.902772486148213e-06,1.469075489004646e-07
116,0.002953981609977186,3.859079271705279e-06,1.451550898014322e-07
117,0.00292239248650364,3.81594335433598e-06,1.434264273920279e-07
118,0.002890050034144056,3.77343107786255e-06,1.417267083874311e-07
119,0.002857997345797036,3.731475239232844e-06,1.400545552655695e-07
120,0.00282790619149223,3.690159104281626e-06,1.384170142325517e-07
121,0.002797692857255084,3.649375809710783e-06,1.368078499836874e-07
122,0.002768115231830768,3.609123702214979e-06,1.352250870117763e-07
123,0.002740443741373659,3.569409208855043e-06,1.336690849448597e-07
124,0.002713573640218831,3.530256420033103e-06,1.321565935337254e-07
125,0.002685928335918916,3.49160220953879e-06,1.306521105625864e-07
126,0.002658036539673794,3.45345866197176e-06,1.291651050499127e-07
127,0.002631005134192726,3.415842681957137e-06,1.27719661563657e-07
128,0.002604234489700885,3.378729620701977e-06,1.263058517117063e-07
129,0.002579543993656306,3.342121874448071e-06,1.249287163394254e-07
130,0.002554992093874737,3.305968434641378e-06,1.23578212357887e-07
131,0.002532454576296875,3.270328963874235e-06,1.222658997554458e-07
132,0.002508255086173574,3.235078249084668e-06,1.209719637813585e-07
133,0.002479221138601372,3.200197676373709e-06,1.196537702005412e-07
134,0.002453620692086512,3.165768447921261e-06,1.183768745402662e-07
135,0.002429846647820809,3.131782682291815e-06,1.171326954603424e-07
136,0.002407726797317387,3.098237572402611e-06,1.159129449298581e-07
137,0.002383887562652687,3.065011516507427e-06,1.14685696518575e-07
138,0.00236603084202538,3.032357563208187e-06,1.135365490173463e-07
139,0.002347123303228165,3.000133214612102e-06,1.124033284195895e-07
140,0.002326358360564639,2.968260024187353e-06,1.112775331849239e-07
141,0.002306328920258802,2.936816113610173e-06,1.101848485564276e-07
142,0.00228637294219031,2.905757815496302e-06,1.091125733715217e-07
143,0.002268318752505781,2.875129422229594e-06,1.080710784892282e-07
144,0.002247259837447128,2.844792914268625e-06,1.070261462073532e-07
145,0.002226770445802769,2.814890210473733e-06,1.060111977712787e-07
146,0.002202642152298838,2.785250207073176e-06,1.049793295208857e-07
147,0.002184901922421719,2.756063153106708e-06,1.040213566467827e-07
148,0.00216466361218036,2.727209097456849e-06,1.030734824432631e-07
149,0.002135399758624498,2.698460824020061e-06,1.020590261596367e-07
150,0.002114222594886856,2.670186758496387e-06,1.011205336134616e-07
151,0.002095083781787982,2.642229256133894e-06,1.002106684711988e-07
152,0.002077242333416211,2.61460213796128e-06,9.931887838259317e-08
153,0.00206004781658766,2.587286759332657e-06,9.844288428738755e-08
154,0.002040118952975713,2.560204086441493e-06,9.755572383388038e-08
155,0.002021955599457231,2.533438527745314e-06,9.669354649462916e-08
156,0.002005576096452521,2.50704440395912e-06,9.586328022995319e-08
157,0.001990012399425875,2.480972591088816e-06,9.50471694171715e-08
158,0.001974502319058419,2.455222309457419e-06,9.424687113365287e-08
159,0.00195892941790021,2.429788858760788e-06,9.346083612919581e-08
160,0.001944001977455527,2.40470093499773e-06,9.269585998512156e-08
161,0.00192827315295454,2.379899673944288e-06,9.194381398305956e-08
162,0.001911809398304227,2.355378041739387e-06,9.120548900204637e-08
163,0.00189621073210144,2.331145778522687e-06,9.049427219091978e-08
164,0.001879863314616439,2.307218024175872e-06,8.978865370625099e-08
165,0.001861893768016052,2.283511154136085e-06,8.907899059030826e-08
166,0.00184372148773973,2.260072906962062e-06,8.837821745811403e-08
167,0.001824530924782015,2.236890288089996e-06,8.768486354866958e-08
168,0.001804859586359784,2.213954513402639e-06,8.700000600792801e-08
169,0.001785919602851095,2.191268311242437e-06,8.632487378967328e-08
170,0.001766972866593441,2.168808593807123e-06,8.565773442381348e-08
171,0.001747626286426292,2.146583630471768e-06,8.499530999206845e-08
172,0.001728568844850508,2.124590305222921e-06,8.434212656034888e-08
173,0.001710218280951592,2.10282543487743e-06,8.369824891470606e-08
174,0.001692287349767704,2.081292070470091e-06,8.306485659955969e-08
175,0.001674572996174364,2.059971930249977e-06,8.243826202158253e-08
176,0.001657034505776002,2.038869440707011e-06,8.181606036889307e-08
177,0.00164001234005207,2.017986944434936e-06,8.119907687549738e-08
178,0.001623189785294902,1.997339245045946e-06,8.059235685555985e-08
179,0.001606527492417538,1.976905881960313e-06,7.998848902745103e-08
180,0.001588536698873893,1.956632705235454e-06,7.937001829645575e-08
181,0.00157244786807288,1.936590951986117e-06,7.876863984715449e-08
182,0.001557422903549877,1.916791227402732e-06,7.817980151164997e-08
183,0.001542757384326218,1.897216995746881e-06,7.760058923898742e-08
184,0.001528574331143347,1.877856149943366e-06,7.702829798300957e-08
185,0.001514268734973992,1.85871332941354e-06,7.646294443034591e-08
186,0.001500855904747439,1.839787238179317e-06,7.5904579649946e-08
187,0.001488146579093084,1.821076293293976e-06,7.535285324493797e-08
188,0.001475749150139528,1.802577700987203e-06,7.480756468297746e-08
189,0.001463272337031591,1.78429361357806e-06,7.427178529735652e-08
190,0.001449652713558242,1.766139403644066e-06,7.371991125935387e-08
191,0.00143655510013847,1.748203645720935e-06,7.318226981056929e-08
192,0.001423712969655058,1.730478332059706e-06,7.265372443082256e-08
193,0.00141157226483142,1.712957417460072e-06,7.213346067672133e-08
194,0.001399369416905121,1.695635084932976e-06,7.161982974673349e-08
195,0.001387300462142735,1.67850789223414e-06,7.111228391140528e-08
196,0.001375279612740592,1.661567403583061e-06,7.060945024030118e-08
197,0.001363529484137867,1.644810278491922e-06,7.011056982151825e-08
198,0.001351593535456851,1.628233370297249e-06,6.961462400836661e-08
199,0.001339689803518834,1.611833524238657e-06,6.912154742690778e-08
200,0.001328281499176632,1.595637859565358e-06,6.86448512615176e-08
201,0.001316572264422059,1.579606977745386e-06,6.816362424719129e-08
202,0.001304178751390604,1.563737458293902e-06,6.768200025484222e-08
203,0.001291122337719903,1.54800705204265e-06,6.719330179855526e-08
204,0.001279518447885181,1.532540825177e-06,6.673862923347096e-08
205,0.001266594470986919,1.517216395896915e-06,6.627328053975818e-08
206,0.001252649299472062,1.502028023589008e-06,6.58047678678438e-08
207,0.001236911844399105,1.486900820243554e-06,6.531905392753617e-08
208,0.001221796081852383,1.471916947106618e-06,6.484333436914723e-08
209,0.001207080572686199,1.457078005718134e-06,6.43714010216845e-08
210,0.001192865291644606,1.442382849377039e-06,6.39035545229392e-08
211,0.001178732972522811,1.427831086120052e-06,6.343865650452234e-08
212,0.001164986805247887,1.413422293631694e-06,6.297679616762802e-08
213,0.001151731785600205,1.39915665758734e-06,6.25186831859219e-08
214,0.001139973203007149,1.385086399363978e-06,6.207833645492053e-08
215,0.001127799384007069,1.371146623082316e-06,6.163264464468989e-08
216,0.001115810174553815,1.357333424520517e-06,6.118706034772576e-08
217,0.001103930581704691,1.343652142331641e-06,6.074213172034157e-08
218,0.001092006769684323,1.330103321486381e-06,6.029440637308428e-08
219,0.001080826650088077,1.316690416005511e-06,5.985297911661206e-08
220,0.001069811695860499,1.303413950870925e-06,5.941513867122448e-08
221,0.001058935576497635,1.290274375570825e-06,5.898064744770786e-08
222,0.001048315032750458,1.277272199684814e-06,5.854975655130683e-08
223,0.001037765959312474,1.264407379944444e-06,5.812213936768038e-08
224,0.001027765413371863,1.251678208172506e-06,5.769828855220011e-08
225,0.001018154109515617,1.239108788220938e-06,5.728061012008026e-08
226,0.001008231005137548,1.226657214006657e-06,5.686276103362272e-08
227,0.0009975885427878411,1.214306559732181e-06,5.643919309922982e-08
228,0.0009876992920199942,1.202094639967982e-06,5.602506820286187e-08
229,0.0009782810300383816,1.190023303864259e-06,5.56172098248595e-08
230,0.00096914039411137,1.178081895776197e-06,5.521247905526309e-08
231,0.0009602411083802643,1.166269280305962e-06,5.48112665166351e-08
232,0.00095150105557821,1.154583905169447e-06,5.441376933613954e-08
233,0.0009428555096681896,1.143028036991955e-06,5.401825458530842e-08
234,0.0009341425344658395,1.131595472268206e-06,5.362478748767611e-08
235,0.0009255714498556843,1.120284715550783e-06,5.323413430028557e-08
236,0.000916873118539716,1.109093914875714e-06,5.284648204041723e-08
237,0.0009083278737358286,1.098020774772041e-06,5.246174133485448e-08
238,0.0008997863565859656,1.087063059814129e-06,5.20796521551144e-08
239,0.0008911360812058021,1.076218581736646e-06,5.170001011218985e-08
240,0.0008824210191979075,1.065485073533463e-06,5.132286141460176e-08
241,0.0008737080587977246,1.054860490424631e-06,5.094808559901531e-08
242,0.0008649546684282004,1.044342777649914e-06,5.057546414481775e-08
243,0.0008562195754875653,1.03393009402396e-06,5.02052178979274e-08
244,0.0008475140097573506,1.023620772108967e-06,4.9837036664356e-08
245,0.0008387554935673656,1.013413224727692e-06,4.947076921899093e-08
246,0.0008300477392794457,1.003305985288131e-06,4.91066828471261e-08
247,0.0008214524410328776,9.932978281432492e-07,4.874471102313929e-08
248,0.0008128429316828906,9.833875043894924e-07,4.838471139984934e-08
249,0.0008042898536816026,9.735740230393226e-07,4.802680634552357e-08
250,0.0007958232354328956,9.63857199767573e-07,4.767061176799015e-08
251,0.0007879476102313061,9.542590377349106e-07,4.732509463267468e-08
252,0.0007797678799801258,9.447455667352386e-07,4.697692166055581e-08
253,0.0007709898431303263,9.352999007133372e-07,4.662206589743164e-08
254,0.0007625128301381452,9.259479783849031e-07,4.627190060102452e-08
255,0.00075425579027214,9.166893619870856e-07,4.592466364456699e-08
256,0.0007462341700962466,9.075236484316678e-07,4.55798964999904e-08
257,0.000738359881912804,8.984505686484303e-07,4.523772466763952e-08
258,0.0007313707150029238,8.895068743886531e-07,4.490637958038971e-08
259,0.0007230117929579897,8.805826656823944e-07,4.455684790479354e-08
260,0.0007153650655491299,8.717549608792794e-07,4.421687140201808e-08
261,0.0007080929322301747,8.630230344427723e-07,4.388219607402362e-08
262,0.0007011418876556179,8.543861258500608e-07,4.355136452219608e-08
263,0.0006944174372645294,8.458432254192311e-07,4.322377085276665e-08
264,0.0006879187309343944,8.373931760958414e-07,4.289903378625939e-08
265,0.0006815756389655254,8.290346578671977e-07,4.257682334301545e-08
266,0.0006754070349458128,8.207663145317802e-07,4.225723346682323e-08
267,0.0006693471475206307,8.125867402822035e-07,4.194007583214112e-08
268,0.0006647146591760592,8.045837618499984e-07,4.165195381844322e-08
269,0.0006583326463618739,7.966221097107924e-07,4.133522549905782e-08
270,0.0006517962103767225,7.887342239064361e-07,4.10241344318734e-08
271,0.0006464619408906566,7.809769681353885e-07,4.07352213757832e-08
272,0.000639997753500396,7.732984536673247e-07,4.043664530638446e-08
273,0.0006330057456238402,7.656733435979533e-07,4.013494304851296e-08
274,0.0006255653324530485,7.581022745083183e-07,3.98321415439321e-08
275,0.0006178509936173207,7.505862575702154e-07,3.952940584413732e-08
276,0.000610050458542461,7.43126692480897e-07,3.922687611373544e-08
277,0.0006023057688534486,7.357253014982765e-07,3.892536620725782e-08
278,0.0005951506177517755,7.283994970422254e-07,3.862845929246817e-08
279,0.0005879467858353739,7.211305425109786e-07,3.83310255452203e-08
280,0.0005807677838604881,7.139215574580759e-07,3.803472404104283e-08
281,0.0005738275404463636,7.06774930547024e-07,3.774000596583444e-08
282,0.0005671409835228539,6.996930979368085e-07,3.744706378062407e-08
283,0.0005606527071416969,6.926783284763278e-07,3.715608372572261e-08
284,0.0005544030097483551,6.85732654449114e-07,3.686736377403476e-08
285,0.0005484424877849843,6.788553339154763e-07,3.658081916077863e-08
286,0.000542754011525918,6.720505002486374e-07,3.629677310960557e-08
287,0.0005372909006298807,6.653191625953488e-07,3.601523450693713e-08
288,0.0005319809126477971,6.586619396479255e-07,3.57362920688266e-08
289,0.0005268685126992655,6.520789558010225e-07,3.546000124742012e-08
290,0.0005219572942603212,6.455699947957736e-07,3.518630920204878e-08
291,0.000517200418079405,6.391344743914652e-07,3.491519509697942e-08
292,0.0005125123549435783,6.327714825598452e-07,3.4646596621312e-08
293,0.0005080218541715731,6.264798535574325e-07,3.438044766046019e-08
294,0.0005035788034172061,6.202582141151629e-07,3.411665952206498e-08
295,0.0004990317998205485,6.141050135103378e-07,3.385511861111794e-08
296,0.0004944531231903609,6.08018616184488e-07,3.359567048257136e-08
297,0.0004899794442507378,6.019973240384899e-07,3.33381185678555e-08
298,0.0004851026644300969,5.960223599598949e-07,3.307934459054732e-08
299,0.0004805354417864941,5.901108557375567e-07,3.282384534529352e-08
300,0.0004760686410495533,5.842622151750194e-07,3.25706733592534e-08
301,0.0004716761319639982,5.784754966827971e-07,3.231957264893816e-08
302,0.0004673288612684992,5.727479972357884e-07,3.207023063712684e-08
303,0.0004629470781537054,5.670805315418629e-07,3.182283473207973e-08
304,0.0004585243611665619,5.614714104111352e-07,3.157727239548085e-08
305,0.0004543161159454843,5.559266214509125e-07,3.133523316119062e-08
306,0.0004499415926954306,5.504364056645115e-07,3.109383583803605e-08
307,0.00044545244507469,5.449990516394006e-07,3.08537101879417e-08
308,0.0004408855346089671,5.396131337328772e-07,3.061495572523431e-08
309,0.000436245389827614,5.34273228904049e-07,3.037692049787055e-08
310,0.0004316384883962597,5.289841581887208e-07,3.01403972386549e-08
311,0.0004270618995001307,5.237451276041737e-07,2.990536369534626e-08
312,0.0004224749460600992,5.185555496300375e-07,2.96717771829265e-08
313,0.0004178793980676434,5.134149951999644e-07,2.943967485865761e-08
314,0.0004132266125167587,5.083100044948932e-07,2.920686706483426e-08
315,0.0004087241852500412,5.032566526907375e-07,2.897682204149929e-08
316,0.000404429959738908,4.982543844625567e-07,2.874883631578997e-08
317,0.0004002450411618903,4.933029242542044e-07,2.852260281419755e-08
318,0.0003961477356073694,4.884020346092987e-07,2.829809537007435e-08
319,0.0003921602836450729,4.835514300959573e-07,2.807530278280181e-08
320,0.0003882617684756654,4.787507816219519e-07,2.785423947515229e-08
321,0.0003844533481946913,4.7399969765626e-07,2.763481076447979e-08
322,0.0003806906625924016,4.692977473159409e-07,2.741711911074433e-08
323,0.0003769636721931591,4.646444432202636e-07,2.720110887050748e-08
324,0.0003733025770929592,4.600392450714132e-07,2.698676451314713e-08
325,0.0003696939826394522,4.554815730049042e-07,2.677408331210795e-08
326,0.0003660992272830259,4.509708033817162e-07,2.656301233275246e-08
327,0.000362546809053542,4.465062877034837e-07,2.635355720668999e-08
328,0.0003589335436172263,4.420873643904855e-07,2.61456668215975e-08
329,0.0003554003605143243,4.377133621380637e-07,2.593924413972247e-08
330,0.0003519159674062788,4.333836101824718e-07,2.573437003926843e-08
331,0.0003484207581100102,4.290974435572162e-07,2.553096856825107e-08
332,0.0003449307769232912,4.248542181047694e-07,2.532903704294749e-08
333,0.0003414864474277301,4.206533062384911e-07,2.5128575006628e-08
334,0.0003380156550971687,4.164908011083142e-07,2.492875642260112e-08
335,0.0003346028528326485,4.123683216401081e-07,2.473043511546371e-08
336,0.0003312567266387149,4.082876243541607e-07,2.453404466565845e-08
337,0.0003279263206681844,4.042480316100831e-07,2.433926023026234e-08
338,0.0003245522157257684,4.002547784258645e-07,2.414645045132751e-08
339,0.000321194865164498,3.963007125344971e-07,2.395441556356725e-08
340,0.0003178391471504686,3.923853567332577e-07,2.376362802301381e-08
341,0.0003145364155537308,3.885081833216961e-07,2.357424946784462e-08
342,0.0003112385851957599,3.846687021414977e-07,2.338621248287002e-08
343,0.000307985342656967,3.808664574356669e-07,2.319955722549176e-08
344,0.0003047579885818134,3.771010392709823e-07,2.301424175176312e-08
345,0.0003015655398334611,3.733720916344589e-07,2.283020483153254e-08
346,0.0002984195638872708,3.696793021550421e-07,2.264749054459706e-08
347,0.0002953191377360744,3.660224060726695e-07,2.246610619014135e-08
348,0.0002922350810685297,3.624011714586784e-07,2.228600944608434e-08
349,0.0002891964787557307,3.588153905628234e-07,2.21072033365392e-08
350,0.0002862207700868307,3.552648709546733e-07,2.1929735179971e-08
351,0.0002832965696711174,3.51749424173594e-07,2.17535306067021e-08
352,0.000280408994808465,3.482688601042056e-07,2.157862545485033e-08
353,0.0002775639812058157,3.448229779038251e-07,2.140503523768861e-08
354,0.0002747345628973813,3.414115609906851e-07,2.12327516804914e-08
355,0.0002719347829335311,3.380343748922367e-07,2.106174837280423e-08
356,0.0002691744561181338,3.346911655436746e-07,2.089203794120575e-08
357,0.0002664636935781285,3.3138165826461e-07,2.072362969601792e-08
358,0.0002635800307111593,3.280869741041776e-07,2.055376874838437e-08
359,0.0002608982613186321,3.248288610685749e-07,2.038639851442143e-08
360,0.0002583403611684182,3.216069968455326e-07,2.022093667569613e-08
361,0.0002559144937848964,3.184209747505992e-07,2.005720297242351e-08
362,0.0002535710617802423,3.152702635566081e-07,1.989507331642809e-08
363,0.0002512832735101561,3.121542324500585e-07,1.973447303863586e-08
364,0.0002490369734420408,3.090721855759079e-07,1.957535066759523e-08
365,0.0002468090696044417,3.06023394977958e-07,1.941761923925478e-08
366,0.0002445861143449281,3.030072874566267e-07,1.92612286771305e-08
367,0.0002423614426035695,3.000232267821515e-07,1.910610135572285e-08
368,0.0002401618440323781,2.970701993356255e-07,1.895224964370507e-08
369,0.0002379379901951615,2.941474488102559e-07,1.879957552884597e-08
370,0.0002357013618393685,2.91254259596524e-07,1.864803790368224e-08
371,0.0002334362218878683,2.883899667223637e-07,1.849758939353107e-08
372,0.0002311804962367969,2.855530943000431e-07,1.834803987089244e-08
373,0.00022891789350689,2.827440029435519e-07,1.819971570402586e-08
374,0.0002266498585975229,2.799621406109032e-07,1.805253172390197e-08
375,0.0002245749521006405,2.772255458469982e-07,1.790941253598159e-08
376,0.0002224002520337509,2.745185578974853e-07,1.776698201588065e-08
377,0.0002200737868235772,2.718313210006033e-07,1.76241531685116e-08
378,0.000217647288396453,2.69164277351041e-07,1.748141180255829e-08
379,0.0002151490002889418,2.665178747182012e-07,1.73389789225462e-08
380,0.0002126177959228973,2.638925863090431e-07,1.719708308187413e-08
381,0.0002101014752302528,2.612889064520174e-07,1.705590285416499e-08
382,0.0002076110635458933,2.587073175890893e-07,1.691554831640026e-08
383,0.0002051453350162277,2.561482875109894e-07,1.677609670676566e-08
384,0.0002027395419079981,2.53612246182384e-07,1.663766715466395e-08
385,0.0002003954666461757,2.510995926251165e-07,1.650029408818433e-08
386,0.0001981162655781872,2.486106846110888e-07,1.636401233260844e-08
387,0.0001958921416847217,2.461458366086005e-07,1.622883009073024e-08
388,0.0001937608211102844,2.437053164178151e-07,1.609481153605348e-08
389,0.00019172918271738,2.412893366741912e-07,1.596190836979242e-08
390,0.0001897516782155562,2.388980537866186e-07,1.583011892356226e-08
391,0.000187831303353602,2.365279458769776e-07,1.569900828982315e-08
392,0.0001859931571009714,2.341837374155233e-07,1.556932903939388e-08
393,0.0001842356614018951,2.318650731261429e-07,1.544090028056955e-08
394,0.0001824799524829934,2.295717171782319e-07,1.531369999106852e-08
395,0.0001807798722545805,2.273033771214113e-07,1.518764589334778e-08
396,0.0001791181519501324,2.250597967461373e-07,1.506271542879426e-08
397,0.0001774865360348112,2.228406451168785e-07,1.493887754614153e-08
398,0.0001758724790485854,2.206478568229122e-07,1.481637208454477e-08
399,0.0001742709114546517,2.184783325436748e-07,1.469475948441093e-08
400,0.0001726583901877671,2.163315576153546e-07,1.457414740270975e-08
401,0.0001710360017125332,2.142069929481691e-07,1.445452373727381e-08
402,0.0001694119775295971,2.121041095501128e-07,1.433588175865581e-08
403,0.0001677769799043195,2.100223918433138e-07,1.421817490717249e-08
404,0.0001661267893374012,2.079613560401385e-07,1.41013841168881e-08
405,0.0001644762674151452,2.05920554014551e-07,1.398546513626725e-08
406,0.0001628239241439589,2.038995761926555e-07,1.387038760063466e-08
407,0.0001611694107926643,2.018980557239256e-07,1.37561601712477e-08
408,0.0001595200905970316,1.99915668766784e-07,1.364276300533318e-08
409,0.0001578722223398323,1.979521346444982e-07,1.353016363265379e-08
410,0.0001562297728183605,1.960072121544101e-07,1.341838286040978e-08
411,0.0001545866253415618,1.940806993098233e-07,1.330741364576989e-08
412,0.0001529493555813211,1.921724267236735e-07,1.319724614845154e-08
413,0.000151088134464024,1.902679152555045e-07,1.308525546413295e-08
414,0.0001494351470991986,1.883839062263889e-07,1.297552268759444e-08
415,0.0001479128281205905,1.865203137430915e-07,1.286716685284757e-08
416,0.0001464812500636091,1.84677061568642e-07,1.275991512946133e-08
417,0.0001451062691673618,1.828540069528455e-07,1.265366997352142e-08
418,0.0001437780296516959,1.810509352942519e-07,1.254842137129726e-08
419,0.0001424745367492765,1.792675707452825e-07,1.24441526179691e-08
420,0.000141208317756641,1.775035928116636e-07,1.234083701024639e-08
421,0.0001399623735134626,1.757586484526687e-07,1.223845021281592e-08
422,0.0001387221060600201,1.740323633091825e-07,1.213695346637075e-08
423,0.0001374791736752712,1.723243488340667e-07,1.203632379962636e-08
424,0.0001362361223737775,1.706342133180529e-07,1.193655052809856e-08
425,0.0001349905451365481,1.689615629249462e-07,1.183761601205789e-08
426,0.00013373946254083,1.673060105423101e-07,1.173948717797879e-08
427,0.0001324645145747268,1.656671766720264e-07,1.164213451975517e-08
428,0.000131187127735625,1.640446988912227e-07,1.154554283748224e-08
429,0.0001299104026768444,1.624382310989601e-07,1.144970210300713e-08
430,0.0001286394943656809,1.608474486782456e-07,1.135458314672566e-08
431,0.0001273619100497353,1.592720526662062e-07,1.126017475351157e-08
432,0.0001260755524206861,1.577117688700736e-07,1.116645399471088e-08
433,0.0001247804130738905,1.56166349641884e-07,1.107343746972103e-08
434,0.0001234844026069871,1.546355752269067e-07,1.098109717270389e-08
435,0.0001221800643750599,1.531192536973356e-07,1.088943245599604e-08
436,0.0001208813772599352,1.516172196387461e-07,1.079843381359576e-08
437,0.0001195923709380042,1.50129331323864e-07,1.070810879680205e-08
438,0.0001183199410704517,1.486554685141143e-07,1.061846379963944e-08
439,0.0001170621495263454,1.47195531764317e-07,1.052948670587196e-08
440,0.0001158166628260212,1.457494383919939e-07,1.044117884376319e-08
441,0.0001146957637404103,1.443259024789801e-07,1.035536503227468e-08
442,0.0001134810129085937,1.429146720307721e-07,1.026897000214558e-08
443,0.0001122256562232141,1.415156527562981e-07,1.018284311505459e-08
444,0.0001109536203362934,1.401286833242186e-07,1.009725854518039e-08
445,0.000109678460190663,1.387536777348693e-07,1.001229837127246e-08
446,0.000108411759218504,1.3739062663645e-07,9.927964434543181e-09
447,0.0001071604802219474,1.360395810927657e-07,9.844266411866345e-09
448,0.0001059469660349747,1.347006384901568e-07,9.761185307470816e-09
449,0.0001047660031867752,1.333739283148144e-07,9.678716910131116e-09
450,0.0001036164099818042,1.320595932743968e-07,9.596863743119097e-09
451,0.0001024888237548597,1.307577796227727e-07,9.515642098025888e-09
452,0.0001013983568628841,1.294686205491478e-07,9.435075302535288e-09
453,0.0001003467718503603,1.281922298962582e-07,9.355170415252952e-09
454,9.932904517495676e-05,1.269286947842401e-07,9.275940890636189e-09
455,9.833742995523944e-05,1.256780682326007e-07,9.19739226111075e-09
456,9.736640880532763e-05,1.244403693104179e-07,9.119519676356717e-09
457,9.642402623500367e-05,1.232155803875778e-07,9.042343863844794e-09
458,9.550747094094713e-05,1.220036483736265e-07,8.965853576196745e-09
459,9.460062373498137e-05,1.208044856736859e-07,8.890041237522263e-09
460,9.371390906601474e-05,1.196179739641935e-07,8.81491450441299e-09
461,9.284496971479642e-05,1.184439667746431e-07,8.740457589994254e-09
462,9.198010539210648e-05,1.172822956225036e-07,8.666660482958409e-09
463,9.117388300325571e-05,1.161352624166486e-07,8.594006507149484e-09
464,9.033148643662492e-05,1.149997322643481e-07,8.521689440080594e-09
465,8.94526767777412e-05,1.138755020283594e-07,8.44988490843039e-09
466,8.858085641870117e-05,1.127623447849764e-07,8.378629754220038e-09
467,8.770324898953241e-05,1.11660046453132e-07,8.307932647333486e-09
468,8.68228937206392e-05,1.105684126408707e-07,8.237798198173091e-09
469,8.594307988080546e-05,1.094872683593118e-07,8.168210365552082e-09
470,8.506261217652664e-05,1.084164578000661e-07,8.09915659592063e-09
471,8.418847427873982e-05,1.073558464082892e-07,8.030640659603654e-09
472,8.332471083978342e-05,1.063053159237861e-07,7.962654011892411e-09
473,8.246474777036124e-05,1.052647642785479e-07,7.895188707684524e-09
474,8.16159359743672e-05,1.042341044311675e-07,7.828244582731173e-09
475,8.077460707434046e-05,1.032132615495345e-07,7.761822460243594e-09
476,7.994093777739253e-05,1.022021704408304e-07,7.695905283777509e-09
477,7.911597470339405e-05,1.012007737638648e-07,7.630522652325158e-09
478,7.829688774320114e-05,1.002090199964952e-07,7.565659865710246e-09
479,7.74910258408833e-05,9.922686133428939e-08,7.501320027493323e-09
480,7.669805389899294e-05,9.825425128543996e-08,7.437501029772553e-09
481,7.591584334706377e-05,9.729114329195898e-08,7.374199608692712e-09
482,7.514353307837462e-05,9.633748868651177e-08,7.311418899539558e-09
483,7.438241926000846e-05,9.539323659051758e-08,7.249155285614659e-09
484,7.363253417279401e-05,9.445833174685475e-08,7.18740385003843e-09
485,7.28874894505339e-05,9.353271355441828e-08,7.126152957609798e-09
486,7.214654835706781e-05,9.261631630396e-08,7.065424344297055e-09
487,7.14249259137447e-05,9.17090688841667e-08,7.005207574790823e-09
488,7.071925935471537e-05,9.081089441738879e-08,6.945496663051639e-09
489,7.001885648145162e-05,8.992171121269671e-08,6.886288425961668e-09
490,6.931228920069664e-05,8.904016156284714e-08,6.827535286806215e-09
491,6.862672718948112e-05,8.816765781504187e-08,6.769213045427168e-09
492,6.795772929075012e-05,8.730411216931722e-08,6.711386892849319e-09
493,6.730035523051797e-05,8.644942608219856e-08,6.654071595446617e-09
494,6.665194769879834e-05,8.560349208482814e-08,6.59726648753498e-09
495,6.601238454828336e-05,8.476619369633445e-08,6.540963067381966e-09
496,6.537631970439918e-05,8.393740710443371e-08,6.485151762818216e-09
497,6.474626344652595e-05,8.311700529234231e-08,6.429820363692981e-09
498,6.412163843100246e-05,8.230486022848866e-08,6.374958952202513e-09
499,6.349777297016713e-05,8.150084475178142e-08,6.320559425926245e-09
500,6.287876678736527e-05,8.070483425343207e-08,6.266614201899466e-09
501,6.226174533740187e-05,7.991670763960267e-08,6.213110556784849e-09
502,6.164724394594007e-05,7.9136348390779e-08,6.160048776817107e-09
503,6.1036740738657e-05,7.836364533822222e-08,6.107420738503515e-09
504,6.042743270748332e-05,7.759849307954577e-08,6.055223743168497e-09
505,5.982095085570656e-05,7.684079231389673e-08,6.003451756878067e-09
506,5.922108307007269e-05,7.609044969751868e-08,5.952096585568476e-09
507,5.862500756378313e-05,7.534737818089788e-08,5.901154880727033e-09
508,5.803251226960594e-05,7.4611496707068e-08,5.850625009306484e-09
509,5.744414796495228e-05,7.38827298372266e-08,5.800504760872975e-09
510,5.686119706880893e-05,7.316100757529022e-08,5.750790014778701e-09
511,5.628398318540262e-05,7.244626481321116e-08,5.701478767142596e-09
512,5.57123234904009e-05,7.17384405510722e-08,5.652569158335573e-09
513,5.51459660692204e-05,7.103747740822028e-08,5.604054853698173e-09
514,5.458362985367071e-05,7.034332084379902e-08,5.555936854404892e-09
515,5.403002122909829e-05,6.965591840116208e-08,5.50821692122313e-09
516,5.348264032736149e-05,6.897521924972223e-08,5.46088799907839e-09
517,5.294159241124366e-05,6.830117330028793e-08,5.413951196924643e-09
518,5.240797934863208e-05,6.763373065458564e-08,5.36740690712931e-09
519,5.188253818078848e-05,6.697284119933672e-08,5.321251224213681e-09
520,5.134477041591397e-05,6.631695556806227e-08,5.275125473924823e-09
521,5.083322004076047e-05,6.566780184313282e-08,5.229638876678218e-09
522,5.033726175531399e-05,6.502526751676244e-08,5.184622060663643e-09
523,4.985630369195793e-05,6.43893049998222e-08,5.140011016078902e-09
524,4.938513987292949e-05,6.375986516272144e-08,5.09578124280963e-09
525,4.891787950251486e-05,6.31368931010671e-08,5.051925643284422e-09
526,4.84368217051319e-05,6.251980912393547e-08,5.008189700077118e-09
527,4.797687331063513e-05,6.190909607877226e-08,4.965042689960397e-09
528,4.752702509457095e-05,6.130467143990292e-08,4.922323140930307e-09
529,4.70846775934582e-05,6.070646438631324e-08,4.879978737916041e-09
530,4.664700622277462e-05,6.011439666148014e-08,4.837993269129273e-09
531,4.621190830689854e-05,5.952838194973405e-08,4.796362165865433e-09
532,4.577864152475282e-05,5.894832689575929e-08,4.755084184317054e-09
533,4.534540487722058e-05,5.837413278802515e-08,4.714156564236313e-09
534,4.49120546230684e-05,5.780569835366957e-08,4.673577394693508e-09
535,4.447969768542342e-05,5.724292223421632e-08,4.633341858247923e-09
536,4.404824860305449e-05,5.668570473616674e-08,4.59344462443964e-09
537,4.361605915746485e-05,5.613394986521807e-08,4.55387993720395e-09
538,4.318427781939825e-05,5.558756687777841e-08,4.514641981034318e-09
539,4.275368226756204e-05,5.504647103425579e-08,4.47572750368081e-09
540,4.232296975258737e-05,5.451058444559736e-08,4.437130410600741e-09
541,4.189542688140075e-05,5.397983565552989e-08,4.398846541735544e-09
542,4.147164600233756e-05,5.345416043356164e-08,4.360870678497342e-09
543,4.104720771442457e-05,5.293350066598981e-08,4.323203997118784e-09
544,4.062427727306435e-05,5.241780428730002e-08,4.285842042724843e-09
545,4.020702287679191e-05,5.190702482577362e-08,4.248783089141598e-09
546,3.979452385798861e-05,5.140112066187617e-08,4.212025460165156e-09
547,3.938605520529692e-05,5.090005401036885e-08,4.175567674156708e-09
548,3.898257692439044e-05,5.040379033963991e-08,4.139408504845317e-09
549,3.858157783076104e-05,4.991229771758384e-08,4.103544790548733e-09
550,3.818488984002669e-05,4.942554601650298e-08,4.067979410680162e-09
551,3.779456352273525e-05,4.894350619755401e-08,4.03271147608072e-09
552,3.741094657534251e-05,4.846614976228296e-08,3.997738766951255e-09
553,3.703296903015142e-05,4.799344816399112e-08,3.963060328889833e-09
554,3.66603577804749e-05,4.752537228756349e-08,3.928675119375411e-09
555,3.629306274218306e-05,4.706189217415004e-08,3.894581521258529e-09
556,3.593075430312259e-05,4.660297650025377e-08,3.860778274187215e-09
557,3.557375715928664e-05,4.614859220039685e-08,3.827263915016539e-09
558,3.522197500585227e-05,4.569870472566762e-08,3.794036581141658e-09
559,3.487664335672345e-05,4.525327769689814e-08,3.761094476515695e-09
560,3.45351526112927e-05,4.481227281542109e-08,3.728435473767337e-09
561,3.419776444425297e-05,4.437565001233788e-08,3.69605804374485e-09
562,3.386330223198726e-05,4.394336765467738e-08,3.663959297298617e-09
563,3.353269467775881e-05,4.351538251890918e-08,3.632137054224434e-09
564,3.320177562556899e-05,4.309165009688827e-08,3.600588498890073e-09
565,3.287709382277427e-05,4.267212486162965e-08,3.569309636632001e-09
566,3.255643961030885e-05,4.22567604830026e-08,3.538297850211397e-09
567,3.223876982044551e-05,4.184550997321025e-08,3.507553152592881e-09
568,3.192357175072832e-05,4.143832614863703e-08,3.477071462036025e-09
569,3.161113495323614e-05,4.103516182607857e-08,3.446850955257079e-09
570,3.129977340799571e-05,4.063597007956958e-08,3.416888330992606e-09
571,3.099120678582244e-05,4.024070448258643e-08,3.387181523655298e-09
572,3.068670641849301e-05,3.984931935029343e-08,3.357726577325231e-09
573,3.038492568869589e-05,3.946176978329207e-08,3.328521285074224e-09
574,3.008518475149211e-05,3.907801177365565e-08,3.299563655236585e-09
575,2.978772874787704e-05,3.869800267743071e-08,3.270851335060148e-09
576,2.949359969536086e-05,3.832170101189223e-08,3.242382311300061e-09
577,2.920052081656166e-05,3.79490663962218e-08,3.214154066020563e-09
578,2.890664320682095e-05,3.758005970457955e-08,3.186162286149974e-09
579,2.861822020140807e-05,3.721464490026069e-08,3.158407103161404e-09
580,2.833413059152258e-05,3.685278413455571e-08,3.130886868102845e-09
581,2.805177480871532e-05,3.6494442374467e-08,3.103599750604939e-09
582,2.77830370818408e-05,3.614049337570216e-08,3.076766648349077e-09
583,2.750657896288664e-05,3.578979576715289e-08,3.050002825166541e-09
584,2.722664811863276e-05,3.544234662915257e-08,3.023410385633299e-09
585,2.69459850937449e-05,3.509812613336777e-08,2.99702475211132e-09
586,2.666627755380629e-05,3.475711378520542e-08,2.970856180518299e-09
587,2.638729071248221e-05,3.441929019834718e-08,2.944902384557193e-09
588,2.611145186297873e-05,3.408463768228057e-08,2.91917063919004e-09
589,2.583971563158962e-05,3.375314089299848e-08,2.893656910431698e-09
590,2.557063243982812e-05,3.342478669572999e-08,2.86835924725366e-09
591,2.53060943407842e-05,3.309956348548451e-08,2.843274593733649e-09
592,2.504440172637873e-05,3.277746065546118e-08,2.818402026675688e-09
593,2.478869922635684e-05,3.245846790327378e-08,2.793740607477485e-09
594,2.453779877692092e-05,3.214257424557948e-08,2.769289841164251e-09
595,2.429162922199831e-05,3.182976774534795e-08,2.745049303734221e-09
596,2.404964424867692e-05,3.152003474508832e-08,2.721018271956205e-09
597,2.381101838585544e-05,3.121335968584177e-08,2.697196275173549e-09
598,2.357528068613839e-05,3.090972485053289e-08,2.673582255570262e-09
599,2.334337836925775e-05,3.060910991981107e-08,2.650174991893408e-09
600,2.311490591192771e-05,3.03114921509868e-08,2.626973271662244e-09
601,2.288976756880296e-05,3.001684652622631e-08,2.603975457247236e-09
602,2.266785587392556e-05,2.972514587164549e-08,2.581179658449554e-09
603,2.244889560105169e-05,2.943636080661349e-08,2.558584167839688e-09
604,2.22323758339365e-05,2.915046030233087e-08,2.536186896573419e-09
605,2.201766649055523e-05,2.886741194411361e-08,2.513985327301054e-09
606,2.180623241045411e-05,2.858718215557464e-08,2.491978209899895e-09
607,2.159687748586401e-05,2.830973662465051e-08,2.47016389831472e-09
608,2.138916472678479e-05,2.803504062055663e-08,2.448539566299635e-09
609,2.118256681103713e-05,2.776305921671264e-08,2.427102451016078e-09
610,2.09770324220809e-05,2.74937576262201e-08,2.405850528402751e-09
611,2.077267010925689e-05,2.722710154003774e-08,2.384781807446729e-09
612,2.056962449039402e-05,2.696305729024733e-08,2.36389437295543e-09
613,2.036764258838956e-05,2.67015921143824e-08,2.343186130281022e-09
614,2.016725064410316e-05,2.644267428929055e-08,2.32265528350401e-09
615,1.996832168973222e-05,2.618627317610919e-08,2.302299880451928e-09
616,1.977011767623251e-05,2.593235941054861e-08,2.282117998407772e-09
617,1.957338234215374e-05,2.568090492150041e-08,2.26210794323834e-09
618,1.937814246792569e-05,2.543188292070345e-08,2.24226832784907e-09
619,1.918502403364846e-05,2.518526786242225e-08,2.22259774567966e-09
620,1.899336382572667e-05,2.494103542321506e-08,2.203094379906184e-09
621,1.880314236567314e-05,2.469916232182924e-08,2.183757165698503e-09
622,1.861581445672441e-05,2.445962632505418e-08,2.164584834858288e-09
623,1.843016375698829e-05,2.422240611535087e-08,2.145576157684188e-09
624,1.824646810600677e-05,2.398748113921966e-08,2.126729986184571e-09
625,1.806469885543149e-05,2.375483144940044e-08,2.108045476115485e-09
626,1.788473139747264e-05,2.352443761384627e-08,2.089521146349733e-09
627,1.770711399958178e-05,2.329628056216918e-08,2.071156720973155e-09
628,1.753066279841165e-05,2.307034153172491e-08,2.052950565979424e-09
629,1.735599429267454e-05,2.284660182192484e-08,2.034900801519828e-09
630,1.718338824131607e-05,2.262504281793805e-08,2.0170068056996e-09
631,1.701311537742449e-05,2.240564590750685e-08,1.999267392314359e-09
632,1.684427913771297e-05,2.218839233095433e-08,1.981679060419077e-09
633,1.667634729971776e-05,2.197326317788131e-08,1.964241254225856e-09
634,1.651122828827185e-05,2.176023939722923e-08,1.946958123750947e-09
635,1.634875334307904e-05,2.154930170873476e-08,1.92982582464944e-09
636,1.618824725533089e-05,2.134043062451922e-08,1.912842967978038e-09
637,1.603041365556241e-05,2.113360643299515e-08,1.896007795405433e-09
638,1.587351295888919e-05,2.092880929072201e-08,1.879318787236727e-09
639,1.571626148065013e-05,2.072601917968801e-08,1.862774317147423e-09
640,1.5561951425468e-05,2.052521599875355e-08,1.846374058836571e-09
641,1.540955900490944e-05,2.03263795713399e-08,1.830117062826079e-09
642,1.525882690643031e-05,2.012948968992518e-08,1.814001711115529e-09
643,1.51093667638166e-05,1.99345261988576e-08,1.798026518231682e-09
644,1.496070202639994e-05,1.974146904411308e-08,1.782190100362926e-09
645,1.481408115481998e-05,1.955029828863462e-08,1.766491443487386e-09
646,1.466867958598709e-05,1.936099417458716e-08,1.750928785437611e-09
647,1.45231668264966e-05,1.917353717353802e-08,1.735499178302346e-09
648,1.437914860811395e-05,1.898790796577585e-08,1.720203744117198e-09
649,1.423762489995653e-05,1.880408750851923e-08,1.705041225146262e-09
650,1.409772793991183e-05,1.86220570756112e-08,1.690010232476062e-09
651,1.395872773778588e-05,1.844179828308209e-08,1.675109864752706e-09
652,1.382072205456221e-05,1.826329305707513e-08,1.660338980604683e-09
653,1.368448664682446e-05,1.808652367274832e-08,1.645696170146989e-09
654,1.354972581957935e-05,1.791147269284976e-08,1.63118036666663e-09
655,1.341633872453976e-05,1.773812304126865e-08,1.616790403827175e-09
656,1.328335313375813e-05,1.756645798251216e-08,1.602525170511949e-09
657,1.315183259782578e-05,1.739646101089387e-08,1.588383646495602e-09
658,1.302198464750833e-05,1.722811593401475e-08,1.574364689213728e-09
659,1.289349411739374e-05,1.706140685461025e-08,1.560467330877754e-09
660,1.27661980102946e-05,1.689631807675834e-08,1.546690582739932e-09
661,1.264028993712138e-05,1.673283413291493e-08,1.533033588063153e-09
662,1.2515660440378e-05,1.657093975077217e-08,1.519495221351966e-09
663,1.239220478410888e-05,1.641061985633136e-08,1.506074329945392e-09
664,1.226975265470064e-05,1.625185952677003e-08,1.492769880632951e-09
665,1.214863543818667e-05,1.609464391437369e-08,1.479581484893151e-09
666,1.202884534795909e-05,1.59389583293044e-08,1.466508111539975e-09
667,1.191043747888402e-05,1.578478820208334e-08,1.453548631672206e-09
668,1.179323098845451e-05,1.563211904992313e-08,1.440702137986105e-09
669,1.167693338548703e-05,1.548093649193793e-08,1.427967931120189e-09
670,1.156198508753141e-05,1.533122625028606e-08,1.415344713883844e-09
671,1.144827034169765e-05,1.518297409252064e-08,1.402831536133676e-09
672,1.133567068970445e-05,1.503616587988921e-08,1.390427593825166e-09
673,1.122416372221329e-05,1.489078755828705e-08,1.378131928847626e-09
674,1.111399409979372e-05,1.474682513413155e-08,1.36594366862463e-09
675,1.100492212767539e-05,1.460426471971716e-08,1.353861820262969e-09
676,1.089699816886636e-05,1.446309254756161e-08,1.341885540907796e-09
677,1.079012178905142e-05,1.432329488682405e-08,1.330013911592965e-09
678,1.068426270246447e-05,1.418485814699812e-08,1.318245999858396e-09
679,1.057942619957908e-05,1.404776883819007e-08,1.306580936045717e-09
680,1.0475574626434e-05,1.391201357550378e-08,1.295017780618965e-09
681,1.03726362169027e-05,1.377757910390546e-08,1.283555704212767e-09
682,1.027053718695596e-05,1.364445228795285e-08,1.272193795455828e-09
683,1.016983120994648e-05,1.351262014173518e-08,1.260931270043588e-09
684,1.0070198467277e-05,1.33820698258721e-08,1.249767329000073e-09
685,9.971666794509517e-06,1.325278704487417e-08,1.23870090800152e-09
686,9.873834090885668e-06,1.31247617239534e-08,1.227731076551734e-09
687,9.776911928142133e-06,1.299798126700091e-08,1.216857210581007e-09
688,9.68094945272086e-06,1.287243269088898e-08,1.206078378723179e-09
689,9.585950329308313e-06,1.274810381281179e-08,1.195393842474098e-09
690,9.492051605630854e-06,1.262498264019307e-08,1.184802795188434e-09
691,9.398922384684891e-06,1.250305732681896e-08,1.174304072254135e-09
692,9.306444454117614e-06,1.238231616673593e-08,1.163896908389197e-09
693,9.214513552109306e-06,1.226274759603239e-08,1.153581377909216e-09
694,9.12394929204497e-06,1.214434018414557e-08,1.143356125575119e-09
695,9.03448193328934e-06,1.20270826137422e-08,1.133220451779648e-09
696,8.945932203329942e-06,1.191096371169556e-08,1.123173490425544e-09
697,8.858229575710358e-06,1.179597242563762e-08,1.113214585073571e-09
698,8.771428626769255e-06,1.168209776193612e-08,1.103342852955801e-09
699,8.685462932386875e-06,1.156932887757883e-08,1.09355758722779e-09
700,8.600324458493829e-06,1.145765503688585e-08,1.083858135093264e-09
701,8.516012862841308e-06,1.134706560909548e-08,1.074243767651178e-09
702,8.432525157158208e-06,1.123755007177892e-08,1.064713778549693e-09
703,8.349858191636006e-06,1.112909802108689e-08,1.055267362516502e-09
704,8.268005416783703e-06,1.102169908649881e-08,1.045903729635872e-09
705,8.186961039888677e-06,1.09153430381621e-08,1.036622267948792e-09
706,8.106713565248486e-06,1.081001973607429e-08,1.027422340127048e-09
707,8.027260049044769e-06,1.070571909088771e-08,1.018303231515995e-09
708,7.948598004853158e-06,1.060243112684626e-08,1.009264138329385e-09
709,7.870720228661783e-06,1.050014596011715e-08,1.000304398834152e-09
710,7.793611587320216e-06,1.039885380243321e-08,9.914233590982496e-10
711,7.717213821469344e-06,1.029854494979534e-08,9.826203544527918e-10
712,7.641429849566081e-06,1.019920977565637e-08,9.73894762437296e-10
713,7.566538843050077e-06,1.010083875594844e-08,9.65245861706412e-10
714,7.492421763716982e-06,1.000342246703221e-08,9.566729611976714e-10
715,7.419043374262165e-06,9.906951536440851e-09,9.481753942105125e-10
716,7.346335451446299e-06,9.811416720730607e-09,9.397526794140914e-10
717,7.274319644886657e-06,9.716808852387574e-09,9.31404147675299e-10
718,7.203042134300814e-06,9.623118830830361e-09,9.231289720423816e-10
719,7.132353714996613e-06,9.530337679965165e-09,9.149265660529012e-10
720,7.062190324379235e-06,9.43845649261222e-09,9.067962810026388e-10
721,6.992829869201022e-06,9.347466455967721e-09,8.987376599932632e-10
722,6.924222339399079e-06,9.257358857571948e-09,8.907498314640762e-10
723,6.856326135404548e-06,9.168125076674494e-09,8.828323056544873e-10
724,6.789187014025453e-06,9.079756536594657e-09,8.74984506620088e-10
725,6.722626533098361e-06,8.992244780811427e-09,8.672058975031065e-10
726,6.656826989133125e-06,8.905581439861904e-09,8.594958454985102e-10
727,6.591689830356193e-06,8.819758243253242e-09,8.518530198885092e-10
728,6.527195593937689e-06,8.734766989539231e-09,8.442782306344775e-10
729,6.46326252867528e-06,8.65059961166322e-09,8.36770211028621e-10
730,6.399983914680817e-06,8.567248026799184e-09,8.293283038275414e-10
731,6.337153714767217e-06,8.484704281319219e-09,8.219519002384912e-10
732,6.274967298560711e-06,8.402960526746832e-09,8.146405061058383e-10
733,6.21362330762831e-06,8.322008941895063e-09,8.07393585351813e-10
734,6.152937890452125e-06,8.241841807108434e-09,8.002104413597316e-10
735,6.092850532439915e-06,8.162451482590714e-09,7.930907136352348e-10
736,6.03332255385475e-06,8.083830429592627e-09,7.860338376764068e-10
737,5.97436853886839e-06,8.005971147731104e-09,7.79039297059713e-10
738,5.915974672108962e-06,7.928866216572856e-09,7.721064521910164e-10
739,5.858092358524664e-06,7.852508283992672e-09,7.652349048317852e-10
740,5.800743624428539e-06,7.776890080382494e-09,7.584241728285128e-10
741,5.744010106941329e-06,7.702004415191274e-09,7.516735808902688e-10
742,5.687865461414115e-06,7.6278441275803e-09,7.449826004363604e-10
743,5.632313537154716e-06,7.55440215706446e-09,7.383506904199907e-10
744,5.577298726272063e-06,7.481671508589127e-09,7.31777345823747e-10
745,5.52279572436106e-06,7.409645240150181e-09,7.252621127587943e-10
746,5.468834631055891e-06,7.338316489698678e-09,7.188044467743424e-10
747,5.415404016117321e-06,7.267678479300224e-09,7.124038480088249e-10
748,5.362517746842819e-06,7.197724473384379e-09,7.06059855515164e-10
749,5.310190768018397e-06,7.128447802841653e-09,6.997720479849594e-10
750,5.258365099171286e-06,7.059841843756562e-09,6.935398833093404e-10
751,5.207036014367073e-06,6.99190006590586e-09,6.873629165221153e-10
752,5.156200428982255e-06,6.924616014547997e-09,6.812405494075874e-10
753,5.10586157864661e-06,6.857983251659059e-09,6.751722939467266e-10
754,5.056027514437344e-06,6.791995443444778e-09,6.691576995004588e-10
755,5.006676358595548e-06,6.726646299587982e-09,6.631964136988316e-10
756,4.957841713420319e-06,6.661929596686728e-09,6.572880343507544e-10
757,4.909484857148645e-06,6.597839166599869e-09,6.514320262646523e-10
758,4.861578960270658e-06,6.534368907535437e-09,6.456279866743676e-10
759,4.814137886898128e-06,6.471512798537142e-09,6.398753141807795e-10
760,4.767024219296407e-06,6.409264855428107e-09,6.341735984554166e-10
761,4.720468627601543e-06,6.347619133765847e-09,6.285223554526959e-10
762,4.674397326355267e-06,6.286569772539067e-09,6.229212891486771e-10
763,4.628789158398252e-06,6.226110972426563e-09,6.173698684720836e-10
764,4.583633499295827e-06,6.166236987246898e-09,6.118677139864811e-10
765,4.538923240279719e-06,6.106942134737553e-09,6.064143502284196e-10
766,4.494636359955158e-06,6.048220777976212e-09,6.010093304792512e-10
767,4.450769324342028e-06,5.990067323346894e-09,5.956522271944385e-10
768,4.40733874283923e-06,5.932476248613859e-09,5.903426903359706e-10
769,4.364310823169515e-06,5.875442093100946e-09,5.850802142294114e-10
770,4.321665323045813e-06,5.81895941530824e-09,5.798644324264765e-10
771,4.279474644863834e-06,5.763022855925095e-09,5.746948923720151e-10
772,4.237729602711393e-06,5.707627119920629e-09,5.695711807409489e-10
773,4.196406344477298e-06,5.652766931675883e-09,5.644929964644372e-10
774,4.155450405168305e-06,5.598437072476687e-09,5.594598627780983e-10
775,4.115001415222297e-06,5.544632385832586e-09,5.544713445341877e-10
776,4.074951082698886e-06,5.491347772772631e-09,5.495271246744125e-10
777,4.035307198407435e-06,5.438578174841117e-09,5.446267802194069e-10
778,3.996030424159968e-06,5.386318598631437e-09,5.39769934125706e-10
779,3.957122916077664e-06,5.334564079783513e-09,5.349562096947818e-10
780,3.918585658212219e-06,5.283309722041389e-09,5.301852980624649e-10
781,3.880421057470521e-06,5.232550645306587e-09,5.254567707145559e-10
782,3.842629503985244e-06,5.182282044253366e-09,5.207702309062799e-10
783,3.805206830391612e-06,5.132499136975499e-09,5.161253138141959e-10
784,3.768150045348979e-06,5.083197207982095e-09,5.115217070804964e-10
785,3.73145597369644e-06,5.034371578357057e-09,5.069590295732851e-10
786,3.695121909533985e-06,4.986017622028926e-09,5.024369165511107e-10
787,3.659142028419298e-06,4.938130737987713e-09,4.979550141783092e-10
788,3.623512987384139e-06,4.890706392667404e-09,4.93512950434739e-10
789,3.588173787028219e-06,4.843740079963632e-09,4.891103420690033e-10
790,3.553176795290814e-06,4.797227348968756e-09,4.84746907887017e-10
791,3.518550212053808e-06,4.75116379559459e-09,4.804223060006292e-10
792,3.484282273193712e-06,4.705545062480359e-09,4.761361332904935e-10
793,3.450368625013374e-06,4.660366824392387e-09,4.71888090908313e-10
794,3.416815098028442e-06,4.615624809438173e-09,4.676779189595385e-10
795,3.383578775898496e-06,4.571314773077468e-09,4.635052141183525e-10
796,3.350714414202744e-06,4.527432526853287e-09,4.593696504414289e-10
797,3.318225744256193e-06,4.483973901695e-09,4.552708716625566e-10
798,3.286003246268897e-06,4.440934777339027e-09,4.512086520088988e-10
799,3.254071665298156e-06,4.398311094025956e-09,4.471826580819534e-10
800,3.222437521992107e-06,4.356098842143307e-09,4.431925500324837e-10
801,3.191104366360399e-06,4.314294017679522e-09,4.39238007913279e-10
802,3.160073857911886e-06,4.272892658507328e-09,4.353186680877931e-10
803,3.129345181151936e-06,4.231890832660549e-09,4.31434245554148e-10
804,3.098910607657305e-06,4.191284654754834e-09,4.27584343878892e-10
805,3.068772654279869e-06,4.151070287000065e-09,4.237685743494625e-10
806,3.038932810593583e-06,4.11124392748567e-09,4.199866208846168e-10
807,3.009387003673716e-06,4.071801814307001e-09,4.162381776659993e-10
808,2.980135117029046e-06,4.032740218751388e-09,4.125229735098503e-10
809,2.951210385262082e-06,3.994055466991669e-09,4.088407223572252e-10
810,2.922549801637559e-06,3.955743877493759e-09,4.051911332953978e-10
811,2.894157536343408e-06,3.917801822291554e-09,4.015739144528249e-10
812,2.866038122369575e-06,3.880225715401243e-09,3.97988775229332e-10
813,2.838192097609169e-06,3.843012007964319e-09,3.944354519343849e-10
814,2.810618246834978e-06,3.806157211958491e-09,3.909136674691077e-10
815,2.783313652150004e-06,3.769657826481996e-09,3.874231302665578e-10
816,2.756276286118959e-06,3.733510413859803e-09,3.839635669383536e-10
817,2.729502918993633e-06,3.697711548807825e-09,3.805347047562331e-10
818,2.702991579143395e-06,3.662257844633714e-09,3.771362711446869e-10
819,2.676740083361513e-06,3.627145964235231e-09,3.737679936867511e-10
820,2.65074539937924e-06,3.592372597928713e-09,3.704296477759818e-10
821,2.625005193440785e-06,3.557934471496021e-09,3.671209425049467e-10
822,2.599504928667362e-06,3.523828323183403e-09,3.638416256341443e-10
823,2.574257085520532e-06,3.490050926944962e-09,3.605914280253096e-10
824,2.549268026026474e-06,3.456599089894468e-09,3.573700920144313e-10
825,2.524525133399438e-06,3.423469669696272e-09,3.541773782587166e-10
826,2.50002230076666e-06,3.390659525999596e-09,3.510130273573002e-10
827,2.475758058860025e-06,3.35816555473801e-09,3.478767928986135e-10
828,2.451730585341414e-06,3.325984692868468e-09,3.447684345729916e-10
829,2.427937865434368e-06,3.294113910813182e-09,3.416876975376891e-10
830,2.404378711650382e-06,3.262550216696335e-09,3.386343422971722e-10
831,2.381049822797692e-06,3.231290634628618e-09,3.356081269118256e-10
832,2.357948516974924e-06,3.200332213830836e-09,3.326088020325359e-10
833,2.335071168394943e-06,3.169672037418028e-09,3.296361420643443e-10
834,2.312420523381521e-06,3.13930721326462e-09,3.266899080315319e-10
835,2.289993518796717e-06,3.109234868190016e-09,3.237698750464386e-10
836,2.26778555405393e-06,3.079452170264439e-09,3.208758059633626e-10
837,2.245793691965008e-06,3.049956336348901e-09,3.180074712733599e-10
838,2.224016623588975e-06,3.020744563599252e-09,3.151646441865836e-10
839,2.202452499806457e-06,2.991814098818723e-09,3.123471038620497e-10
840,2.181099255361251e-06,2.963162220894745e-09,3.095546227209901e-10
841,2.159954617688264e-06,2.934786222720657e-09,3.067869893970695e-10
842,2.139016338586494e-06,2.906683443287872e-09,3.04043987262392e-10
843,2.118282585666197e-06,2.878851243824055e-09,3.013253938977433e-10
844,2.097751266351837e-06,2.851286993338652e-09,2.986309905014053e-10
845,2.077420585761516e-06,2.823988103596863e-09,2.959605538854038e-10
846,2.057288574764745e-06,2.796952002281645e-09,2.933138790518825e-10
847,2.037353472273784e-06,2.77017615367626e-09,2.906907707339333e-10
848,2.0176133872234e-06,2.74365802910582e-09,2.880910265400436e-10
849,1.998065846471216e-06,2.717395120468235e-09,2.855144253665439e-10
850,1.978616157112566e-06,2.691384975992452e-09,2.829607605432865e-10
851,1.959356256731016e-06,2.665625147230976e-09,2.8042984244976e-10
852,1.940313047076898e-06,2.640113203813397e-09,2.779214633028509e-10
853,1.921563270149694e-06,2.614846766667898e-09,2.754354291993615e-10
854,1.903033202748579e-06,2.589823439601919e-09,2.729715339757149e-10
855,1.884655918999019e-06,2.565040863085426e-09,2.705295730631006e-10
856,1.866442256454274e-06,2.540496711154477e-09,2.681093711785731e-10
857,1.848400399012842e-06,2.516188696550575e-09,2.657107269916065e-10
858,1.830526977838854e-06,2.492114523710103e-09,2.633334498949301e-10
859,1.812822821858253e-06,2.468271932174936e-09,2.609773472936024e-10
860,1.795287368097367e-06,2.444658669355363e-09,2.586422336490914e-10
861,1.777920374545201e-06,2.421272518535257e-09,2.563279205370179e-10
862,1.760720858606026e-06,2.398111288334192e-09,2.540342386282602e-10
863,1.743687446558246e-06,2.375172809027233e-09,2.517609959847843e-10
864,1.726819068536488e-06,2.352454919797295e-09,2.49508011459393e-10
865,1.710114278258494e-06,2.329955497697314e-09,2.472751162818846e-10
866,1.693571803709164e-06,2.307672419230159e-09,2.450621240155343e-10
867,1.677174575218873e-06,2.285603584152292e-09,2.428688685333198e-10
868,1.660918246716088e-06,2.263746934796262e-09,2.406951697698564e-10
869,1.644743878241886e-06,2.242100428643697e-09,2.385408611431545e-10
870,1.628825113445644e-06,2.22066202420698e-09,2.36405775895478e-10
871,1.613112639143393e-06,2.199429701448931e-09,2.342897305708355e-10
872,1.597543486062642e-06,2.178401462545338e-09,2.321925602974686e-10
873,1.582117845050937e-06,2.157575346754546e-09,2.301140949128489e-10
874,1.566837938166559e-06,2.136949412200136e-09,2.280541732656969e-10
875,1.55170294046909e-06,2.116521710495252e-09,2.260126343337197e-10
876,1.53671211455007e-06,2.096290312125422e-09,2.239893068151681e-10
877,1.521864479485226e-06,2.076253332799205e-09,2.219840296137441e-10
878,1.50715970833831e-06,2.056408895319614e-09,2.199966436169265e-10
879,1.492598633647952e-06,2.036755129281749e-09,2.180269938297022e-10
880,1.478175557389248e-06,2.01729019152077e-09,2.160749249913679e-10
881,1.463893793524333e-06,1.998012261276433e-09,2.141402754263417e-10
882,1.449751345439943e-06,1.978919553320728e-09,2.122228892063852e-10
883,1.435705307870493e-06,1.960010279377165e-09,2.103226174119503e-10
884,1.421796940998961e-06,1.941282643417707e-09,2.084392996826448e-10
885,1.408044369695592e-06,1.922734887600367e-09,2.065727917404435e-10
886,1.394449389001644e-06,1.904365276105392e-09,2.047229551907028e-10
887,1.380986672251608e-06,1.886172089822175e-09,2.028896368029082e-10
888,1.367653459409477e-06,1.868153634952855e-09,2.010726904617035e-10
889,1.354448809496689e-06,1.850308220915065e-09,1.992719676088684e-10
890,1.341372219627417e-06,1.832634179251382e-09,1.974873286933083e-10
891,1.328422554963815e-06,1.815129856526349e-09,1.95718631975904e-10
892,1.315598720354215e-06,1.797793595402798e-09,1.939657367404811e-10
893,1.302899172895326e-06,1.780623774679387e-09,1.922284980378635e-10
894,1.290323228699927e-06,1.763618792606432e-09,1.905067761136253e-10
895,1.277869699021615e-06,1.746777073597299e-09,1.88800432210276e-10
896,1.265537795528449e-06,1.730097037555375e-09,1.87109331189435e-10
897,1.253327314532413e-06,1.713577120340252e-09,1.854333391826441e-10
898,1.241263844588384e-06,1.697215780163259e-09,1.837723646708479e-10
899,1.229312024236964e-06,1.68101146894503e-09,1.821262291230623e-10
900,1.217466008329168e-06,1.664962673820148e-09,1.804947950086321e-10
901,1.205729404562085e-06,1.649067897783886e-09,1.788779326332309e-10
902,1.194103812464892e-06,1.63332566515008e-09,1.772755128958219e-10
903,1.182589440102933e-06,1.617734510781551e-09,1.756874137197372e-10
904,1.171185881349116e-06,1.602292967018263e-09,1.74113510648946e-10
905,1.159892521380196e-06,1.586999580083194e-09,1.725536787808468e-10
906,1.148710398423544e-06,1.571852929881151e-09,1.710077954183816e-10
907,1.137636866060989e-06,1.556851589454442e-09,1.694757340549673e-10
908,1.126669850230604e-06,1.541994158703016e-09,1.679573702745229e-10
909,1.11580876253587e-06,1.527279254100136e-09,1.664525800301086e-10
910,1.105052884208004e-06,1.512705502806058e-09,1.649612474721865e-10
911,1.094401312194688e-06,1.498271544407854e-09,1.634832580229745e-10
912,1.08385309020263e-06,1.483976031740493e-09,1.620184870142964e-10
913,1.073407123004446e-06,1.469817632319738e-09,1.605668163131893e-10
914,1.063062588718517e-06,1.455795039194375e-09,1.591281257366168e-10
915,1.052818499706975e-06,1.441906919758395e-09,1.577023005699472e-10
916,1.042670965265538e-06,1.428151981924861e-09,1.562892275413839e-10
917,1.032619599293068e-06,1.414528928691062e-09,1.548887946189924e-10
918,1.022670791336519e-06,1.401036499249226e-09,1.535008878657503e-10
919,1.01281638297968e-06,1.387673447676464e-09,1.521253926980641e-10
920,1.003062905847132e-06,1.37443851897955e-09,1.507621994724186e-10
921,9.934041435403884e-07,1.361330476870694e-09,1.49411204526217e-10
922,9.8383868248589e-07,1.348348101621075e-09,1.480722989445624e-10
923,9.743653873308374e-07,1.335490165992783e-09,1.467453768635919e-10
924,9.649835364744457e-07,1.322755471133536e-09,1.4543032855256e-10
925,9.556924838496602e-07,1.310142833250498e-09,1.441270491079427e-10
926,9.464912388624511e-07,1.297651076415743e-09,1.428354343209641e-10
927,9.373790737276518e-07,1.28527903942489e-09,1.415553833469756e-10
928,9.283552416101211e-07,1.273025576923694e-09,1.402867969017027e-10
929,9.194188400109128e-07,1.260889551445773e-09,1.39029568777065e-10
930,9.105693150176325e-07,1.248869846034645e-09,1.377836032931061e-10
931,9.018188872987644e-07,1.23696532573306e-09,1.365487976957821e-10
932,8.931490518218559e-07,1.225174883484573e-09,1.353250484790343e-10
933,8.845601348701084e-07,1.213497395126057e-09,1.341122580957647e-10
934,8.760523196765933e-07,1.201931776475519e-09,1.329103248020163e-10
935,8.676256400210241e-07,1.190476952100022e-09,1.317191635925235e-10
936,8.592794491503168e-07,1.179131865682637e-09,1.305386723646254e-10
937,8.510148393966281e-07,1.167895451276962e-09,1.293687505538088e-10
938,8.428300237966153e-07,1.156766662031017e-09,1.28209302402214e-10
939,8.347241685499316e-07,1.145744469610426e-09,1.270602376007997e-10
940,8.266966459673147e-07,1.134827833951363e-09,1.25921462480693e-10
941,8.187468121615916e-07,1.124015768793478e-09,1.247928856391077e-10
942,8.108741186513501e-07,1.113307258352997e-09,1.236744151583889e-10
943,8.030778047496007e-07,1.102701287237596e-09,1.225659675236231e-10
944,7.953569806718205e-07,1.092196869929238e-09,1.214674475709157e-10
945,7.876813901947208e-07,1.081793052040511e-09,1.203787699676562e-10
946,7.800851421122964e-07,1.071488848222366e-09,1.192998439620461e-10
947,7.725809901432022e-07,1.061283312782176e-09,1.182305803899359e-10
948,7.651575297447659e-07,1.051175490812419e-09,1.171708938381386e-10
949,7.578066289033776e-07,1.04116444948075e-09,1.16120703854545e-10
950,7.505318120440765e-07,1.031249267212125e-09,1.150799247502242e-10
951,7.433235898472503e-07,1.021428994687601e-09,1.140484711189297e-10
952,7.361805638354488e-07,1.011702716062057e-09,1.130262599408305e-10
953,7.291116178034491e-07,1.002069519429151e-09,1.12013213808636e-10
954,7.221158846570273e-07,9.925285153291277e-10,1.110092511176843e-10
955,7.151698820755105e-07,9.830788256102003e-10,1.100142846551696e-10
956,7.082914680449379e-07,9.737195962701538e-10,1.090282353662101e-10
957,7.014843783967309e-07,9.644499257720468e-10,1.080510217817815e-10
958,6.947460979901909e-07,9.552689607800684e-10,1.070825684840938e-10
959,6.880742738972581e-07,9.461758545334815e-10,1.061228024696717e-10
960,6.8146751031424e-07,9.371697412891317e-10,1.051716402153786e-10
961,6.749249409165416e-07,9.282498008761252e-10,1.042290058388532e-10
962,6.684457481790709e-07,9.194152151636692e-10,1.032948217758177e-10
963,6.620293635420035e-07,9.106651638337697e-10,1.023690155271213e-10
964,6.556752635478641e-07,9.019988294387025e-10,1.014515126098165e-10
965,6.493826507498976e-07,8.934154192807065e-10,1.00542237204119e-10
966,6.431508934615577e-07,8.849141168544001e-10,9.964111442601331e-11
967,6.36979540730697e-07,8.76494138263026e-10,9.874806932604165e-11
968,6.308609111993328e-07,8.681546938980933e-10,9.78630311335174e-11
969,6.248018527756e-07,8.598950099020825e-10,9.698593140650155e-11
970,6.188076375967952e-07,8.517143351365032e-10,9.611669755853203e-11
971,6.128775295498724e-07,8.43611917971894e-10,9.525529442751942e-11
972,6.070054359491608e-07,8.35587014700627e-10,9.44016233455957e-11
973,6.011906735596875e-07,8.276388652392822e-10,9.355559678908984e-11
974,5.954308476374873e-07,8.197667339900438e-10,9.271715763279482e-11
975,5.897252543933593e-07,8.119698890165036e-10,9.188623589326826e-11
976,5.840737257184827e-07,8.042476161459385e-10,9.106276404319515e-11
977,5.784762165771263e-07,7.965991630698605e-10,9.024667939488059e-11
978,5.729322786955762e-07,7.890238404784354e-10,8.943791627852062e-11
979,5.6744151308855e-07,7.815209572591333e-10,8.863640791802075e-11
980,5.62003519829994e-07,7.740897894012743e-10,8.784208802806371e-11
981,5.566178713315595e-07,7.667296673924036e-10,8.70548922096495e-11
982,5.512841078488523e-07,7.594399067919465e-10,8.627475741838993e-11
983,5.460017843966648e-07,7.522198374731974e-10,8.550162253280006e-11
984,5.407712185532572e-07,7.450687838348613e-10,8.473542432209479e-11
985,5.355940603233635e-07,7.379860645548018e-10,8.397610430491327e-11
986,5.304649981210092e-07,7.309710246755889e-10,8.322360268371157e-11
987,5.253844785152435e-07,7.240230091305047e-10,8.247785704085884e-11
988,5.203525792474172e-07,7.171414006237913e-10,8.173880528729138e-11
989,5.153690816070046e-07,7.103255472928506e-10,8.10063856580241e-11
990,5.104336567503027e-07,7.035748182969979e-10,8.028053621417444e-11
991,5.055458619774707e-07,6.968885993339536e-10,7.95612008149509e-11
992,5.007053340467905e-07,6.902662659904475e-10,7.884832463096062e-11
993,4.959115985661251e-07,6.837072017565835e-10,7.814184861830272e-11
994,4.911641485798074e-07,6.772107845171672e-10,7.744171213685407e-11
995,4.864625432923017e-07,6.707764127697073e-10,7.674785973344106e-11
996,4.818063341621208e-07,6.644035025391504e-10,7.606023841047242e-11
997,4.77195199265117e-07,6.580914629519292e-10,7.537878918825573e-11
998,4.726286041712779e-07,6.518397275578279e-10,7.470345660374712e-11
999,4.681060565343774e-07,6.45647707083015e-10,7.403418699045299e-11
1000,4.636216772102083e-07,6.395148128202914e-10,7.337092342499765e-11
1001,4.591772811360719e-07,6.334404689574008e-10,7.271361203648527e-11
1002,4.547820965115221e-07,6.274241268182531e-10,7.2062201756761e-11
1003,4.50431298570422e-07,6.214652331865591e-10,7.141664039671261e-11
1004,4.461228643789538e-07,6.155632222333092e-10,7.077687430389184e-11
1005,4.418563158100482e-07,6.097175498759583e-10,7.014285339567898e-11
1006,4.376310870181536e-07,6.039276815602277e-10,6.951452552245014e-11
1007,4.334466308468497e-07,5.981930835248975e-10,6.889184009190591e-11
1008,4.293024926412636e-07,5.925132297106762e-10,6.827474353693667e-11
1009,4.251982455208756e-07,5.868875862038334e-10,6.7663187815377e-11
1010,4.211335537139626e-07,5.813156285608795e-10,6.705712386951865e-11
1011,4.171080886601e-07,5.757968419405015e-10,6.645650367528708e-11
1012,4.131214429791901e-07,5.703307235324813e-10,6.586127731597178e-11
1013,4.091731893672177e-07,5.649167761737403e-10,6.527139653721924e-11
1014,4.052629670323174e-07,5.595544982035211e-10,6.468681362950416e-11
1015,4.013903975578487e-07,5.542433853753354e-10,6.410748096851413e-11
1016,3.975551111757749e-07,5.489829525891075e-10,6.353335260516127e-11
1017,3.937568945856518e-07,5.437727115455219e-10,6.296437841232397e-11
1018,3.899953910036837e-07,5.386121772869601e-10,6.240051078405733e-11
1019,3.862700649041438e-07,5.33500868918991e-10,6.184170539143129e-11
1020,3.825805793421169e-07,5.284383192002005e-10,6.128791791605499e-11
1021,3.789265920363451e-07,5.23424057934004e-10,6.073910368710423e-11
1022,3.753077753060709e-07,5.184576124810795e-10,6.019521853072657e-11
1023,3.717237783784723e-07,5.135385283222744e-10,5.965621818968131e-11
1024,3.681742751969053e-07,5.086663679152701e-10,5.912205740616934e-11
1025,3.646589149844777e-07,5.038406763242134e-10,5.85926962837017e-11
1026,3.61177444275273e-07,4.990610074785644e-10,5.806809033553346e-11
1027,3.577295746588192e-07,4.943269151342803e-10,5.75481944755383e-11
1028,3.543149899481902e-07,4.896379635396605e-10,5.703296951714542e-11
1029,3.509332448948528e-07,4.849937231430827e-10,5.652237351204839e-11
1030,3.475840524212148e-07,4.803937610183235e-10,5.601636161358352e-11
1031,3.442670824127108e-07,4.758376488047803e-10,5.551489398535888e-11
1032,3.409820604399804e-07,4.713249720427742e-10,5.501793070069811e-11
1033,3.37728671857858e-07,4.668553088151042e-10,5.45254314381898e-11
1034,3.345065719905257e-07,4.624282420271659e-10,5.403735551203846e-11
1035,3.313154541725709e-07,4.580433726896388e-10,5.355366343792898e-11
1036,3.281550057868084e-07,4.537003012464147e-10,5.307431477711646e-11
1037,3.250249621935716e-07,4.493986153892472e-10,5.259927017051691e-11
1038,3.219250271127076e-07,4.451379238281565e-10,5.212849370092689e-11
1039,3.188528803216731e-07,4.409178308365393e-10,5.166194659433113e-11
1040,3.158120951534932e-07,4.367379472245104e-10,5.119959080233768e-11
1041,3.128016955156047e-07,4.325978988040545e-10,5.074139044581947e-11
1042,3.098199036791325e-07,4.284972941806284e-10,5.028730564552259e-11
1043,3.068665097981086e-07,4.244357631086713e-10,4.983729808714731e-11
1044,3.039413724187677e-07,4.204129291443871e-10,4.939133177036989e-11
1045,3.010443200873478e-07,4.164284234539655e-10,4.894937172907584e-11
1046,2.981750789232044e-07,4.124818764518397e-10,4.85113839761647e-11
1047,2.953334034047745e-07,4.08572926194307e-10,4.807733111609176e-11
1048,2.925190465607637e-07,4.047012046808824e-10,4.764717672345666e-11
1049,2.897317295401487e-07,4.008663511527049e-10,4.722088848486033e-11
1050,2.869711694914062e-07,3.970680178510892e-10,4.67984290390818e-11
1051,2.842371349599495e-07,3.93305864951511e-10,4.637976396017081e-11
1052,2.815293498133321e-07,3.89579543958155e-10,4.596485991639358e-11
1053,2.788475766710473e-07,3.85888700192117e-10,4.555368344246344e-11
1054,2.761916007756291e-07,3.8223299669726e-10,4.514620309745269e-11
1055,2.735611292178845e-07,3.786121045106996e-10,4.474238354243295e-11
1056,2.709559221254133e-07,3.750256862309658e-10,4.434219261989511e-11
1057,2.683757617869154e-07,3.714734117886611e-10,4.394559840788242e-11
1058,2.658203953337218e-07,3.679549526307864e-10,4.355256966781024e-11
1059,2.632895801649388e-07,3.644699900538919e-10,4.316307301880236e-11
1060,2.607830584268138e-07,3.610181965052299e-10,4.277707909406364e-11
1061,2.583006166882426e-07,3.575992575604831e-10,4.239455237034044e-11
1062,2.558420542180372e-07,3.542128563653012e-10,4.201546154592138e-11
1063,2.53407129341014e-07,3.508586858933193e-10,4.163977433665473e-11
1064,2.509955696228515e-07,3.475364359916072e-10,4.126746425645752e-11
1065,2.48607129005899e-07,3.44245804065699e-10,4.089850203164781e-11
1066,2.462416264302027e-07,3.409864839381162e-10,4.053285620758255e-11
1067,2.438988294664424e-07,3.377581720844299e-10,4.017049434366134e-11
1068,2.415785275033437e-07,3.34560577310817e-10,3.981138895523584e-11
1069,2.392805064095212e-07,3.313934073412137e-10,3.945551318736128e-11
1070,2.370045539187267e-07,3.282563715492574e-10,3.910283513854117e-11
1071,2.347504156263283e-07,3.251491857627635e-10,3.875332707749073e-11
1072,2.325178759267218e-07,3.220715604606769e-10,3.840696142381033e-11
1073,2.3030674139514e-07,3.190232095786113e-10,3.806371147748528e-11
1074,2.281168105456848e-07,3.160038594779245e-10,3.7723545818392e-11
1075,2.259478967621743e-07,3.130132283356527e-10,3.738643797681036e-11
1076,2.237998042187117e-07,3.100510410027066e-10,3.705235942378113e-11
1077,2.216723426915978e-07,3.071170250331291e-10,3.672128256146657e-11
1078,2.195653105084673e-07,3.042109163592304e-10,3.639318060188748e-11
1079,2.174785020973967e-07,3.013324423277602e-10,3.606802897077803e-11
1080,2.154116987310288e-07,2.98481341661673e-10,3.574580120014918e-11
1081,2.133646938297463e-07,2.956573461510596e-10,3.542646862310326e-11
1082,2.113372909889319e-07,2.92860198366979e-10,3.511000529743369e-11
1083,2.09329310473785e-07,2.900896410850179e-10,3.479638612772923e-11
1084,2.073405776326702e-07,2.873454248384071e-10,3.448558674033341e-11
1085,2.053708919198337e-07,2.846272999247885e-10,3.417757902032465e-11
1086,2.034200774603756e-07,2.819350147036106e-10,3.38723376687615e-11
1087,2.014879597691546e-07,2.79268321736445e-10,3.356984051092389e-11
1088,1.995743505086725e-07,2.766269779362411e-10,3.327006064218062e-11
1089,1.976790626278877e-07,2.740107395879461e-10,3.297297331612029e-11
1090,1.958019423649022e-07,2.714193684270628e-10,3.267855418073546e-11
1091,1.939427973853614e-07,2.688526299744142e-10,3.238678022110984e-11
1092,1.921014512186921e-07,2.663102877423338e-10,3.209762674908949e-11
1093,1.902777350099367e-07,2.637921118669515e-10,3.181107276308926e-11
1094,1.884714773645653e-07,2.612978627108706e-10,3.152709494983653e-11
1095,1.866824984111142e-07,2.588273125385054e-10,3.124566873890615e-11
1096,1.84910661369019e-07,2.56380235467403e-10,3.096677293821275e-11
1097,1.831557644944423e-07,2.539564076516824e-10,3.069038296943942e-11
1098,1.814176621143586e-07,2.515556124269785e-10,3.04164768993708e-11
1099,1.796961951108473e-07,2.491776263603283e-10,3.014503206281026e-11
1100,1.779903624808774e-07,2.46822231589273e-10,2.987602366232179e-11
1101,1.762906683371755e-07,2.444892082633613e-10,2.960942111888458e-11
1102,1.746105118436922e-07,2.421783470265826e-10,2.934522003628101e-11
1103,1.729504659467118e-07,2.398894320351746e-10,2.908339598399203e-11
1104,1.713106859529366e-07,2.37622256867794e-10,2.882392434170542e-11
1105,1.696863234524448e-07,2.353766150620374e-10,2.856678817848153e-11
1106,1.680773328401195e-07,2.331523007585644e-10,2.831196414936604e-11
1107,1.664836527203371e-07,2.309491111178484e-10,2.805942839274277e-11
1108,1.649051759540666e-07,2.287668501454563e-10,2.780916129432037e-11
1109,1.633417903768332e-07,2.266053109731771e-10,2.756114233067014e-11
1110,1.617933708183615e-07,2.244642938958669e-10,2.731535090403769e-11
1111,1.602597860780825e-07,2.223436042777084e-10,2.707176741966338e-11
1112,1.587409004569267e-07,2.202430462868542e-10,2.683037419299899e-11
1113,1.572365312531106e-07,2.18162433653295e-10,2.659115031880605e-11
1114,1.557465328712212e-07,2.161015778388654e-10,2.635407661980849e-11
1115,1.542708094928435e-07,2.140602859703904e-10,2.611913109433004e-11
1116,1.528094224653468e-07,2.120383702190742e-10,2.588629639447961e-11
1117,1.513619254872949e-07,2.100356448278747e-10,2.565555367628591e-11
1118,1.4992821360487e-07,2.080519305889651e-10,2.542688397920989e-11
1119,1.485081953471427e-07,2.060870429236238e-10,2.520026946239604e-11
1120,1.471017240990897e-07,2.041408032277168e-10,2.49756914766369e-11
1121,1.457086876165486e-07,2.022130320956911e-10,2.47531319158534e-11
1122,1.443289707109785e-07,2.003035563952808e-10,2.45325711103868e-11
1123,1.429624661103806e-07,1.984122038493598e-10,2.431399205381578e-11
1124,1.416090028752953e-07,1.965388013510731e-10,2.409737633389663e-11
1125,1.402645123595106e-07,1.946831736378785e-10,2.38827053586896e-11
1126,1.389351221009088e-07,1.928451489823735e-10,2.366996171763289e-11
1127,1.376215662741132e-07,1.910245608156155e-10,2.345912959808207e-11
1128,1.363202645953705e-07,1.89221243715807e-10,2.325019390774483e-11
1129,1.350310784072444e-07,1.874350359460194e-10,2.304313429125569e-11
1130,1.33754001545716e-07,1.856657715930805e-10,2.283793428690602e-11
1131,1.324889571625482e-07,1.839132901456594e-10,2.263457602319155e-11
1132,1.312358769738882e-07,1.821774357348168e-10,2.243304259266881e-11
1133,1.299947397331359e-07,1.804580453889478e-10,2.223331864278532e-11
1134,1.287653594467605e-07,1.787549621549291e-10,2.203538853528478e-11
1135,1.27547655172039e-07,1.770680318191785e-10,2.183923750912767e-11
1136,1.263415425466749e-07,1.753970989700644e-10,2.164484789034052e-11
1137,1.251469019197997e-07,1.737420097639885e-10,2.145220401965813e-11
1138,1.239636458375382e-07,1.72102611827573e-10,2.126129083171884e-11
1139,1.227916620021401e-07,1.704787601354677e-10,2.107209175769457e-11
1140,1.216308690126975e-07,1.688703073251829e-10,2.088459217643359e-11
1141,1.204811425897099e-07,1.672771064267355e-10,2.069877607123486e-11
1142,1.193423970690226e-07,1.656990080426082e-10,2.051462821324201e-11
1143,1.182145298017784e-07,1.641358687645056e-10,2.033213442783316e-11
1144,1.170974149351739e-07,1.62587547236956e-10,2.015127948793608e-11
1145,1.15990964069131e-07,1.610539044173944e-10,1.997204960502759e-11
1146,1.148950691832739e-07,1.595348033288651e-10,1.979443186799895e-11
1147,1.138096296838622e-07,1.580301022236739e-10,1.961841044607858e-11
1148,1.127345496157209e-07,1.565396649922087e-10,1.944396996478906e-11
1149,1.116697324070105e-07,1.550633519488769e-10,1.927109552720623e-11
1150,1.106150626686275e-07,1.53601030843051e-10,1.909977350998605e-11
1151,1.095704444988007e-07,1.521525691607937e-10,1.892998868757738e-11
1152,1.085357898059777e-07,1.507178323077751e-10,1.876172756695509e-11
1153,1.07511005073337e-07,1.492966899194791e-10,1.85949773188315e-11
1154,1.064959804595619e-07,1.478890127774192e-10,1.842972389867316e-11
1155,1.054906565335701e-07,1.464946727295529e-10,1.82659536016983e-11
1156,1.044949037249732e-07,1.451135429676628e-10,1.810365165555091e-11
1157,1.035086506563476e-07,1.437454970582334e-10,1.794280581092822e-11
1158,1.025317948582369e-07,1.423904123127805e-10,1.778340267019653e-11
1159,1.015642515164344e-07,1.410481657920379e-10,1.762542940549036e-11
1160,1.00605914918494e-07,1.397186342707076e-10,1.746887412804369e-11
1161,9.965671422150328e-08,1.384016970918635e-10,1.731372515422567e-11
1162,9.871656923119617e-08,1.370972328650649e-10,1.715996969592843e-11
1163,9.778538105721353e-08,1.358051233285677e-10,1.700759338334708e-11
1164,9.686307545737194e-08,1.345252528313823e-10,1.685658481155389e-11
1165,9.594956690316062e-08,1.332575042354229e-10,1.670693166112669e-11
1166,9.504475689204046e-08,1.320017616317079e-10,1.655862359925188e-11
1167,9.414856746950853e-08,1.307579087599583e-10,1.641164571273615e-11
1168,9.326093537774788e-08,1.295258321926454e-10,1.626598603488696e-11
1169,9.238175665282637e-08,1.283054207818668e-10,1.612163452465316e-11
1170,9.151094365364631e-08,1.270965638074207e-10,1.597857830760347e-11
1171,9.064843569274196e-08,1.258991515571482e-10,1.583680786087367e-11
1172,8.979413318351107e-08,1.247130755316091e-10,1.569631059862995e-11
1173,8.894796065061686e-08,1.235382294410184e-10,1.555707503356074e-11
1174,8.810984661661204e-08,1.223745051501622e-10,1.541908897218312e-11
1175,8.727972748278518e-08,1.212217983088839e-10,1.52823412046109e-11
1176,8.645750580825059e-08,1.200800025284023e-10,1.514682101276041e-11
1177,8.564311355782678e-08,1.189490137339127e-10,1.501251561157157e-11
1178,8.483646230621554e-08,1.178287283121976e-10,1.487941400324517e-11
1179,8.40374885572633e-08,1.167190477726395e-10,1.474750560298468e-11
1180,8.324610287964258e-08,1.156198691176158e-10,1.461678010460558e-11
1181,8.246225616899362e-08,1.145310926482258e-10,1.448722834542932e-11
1182,8.168586804407077e-08,1.134526203551807e-10,1.435883902227559e-11
1183,8.091687126185806e-08,1.123843523507058e-10,1.423160035936191e-11
1184,8.015519654923333e-08,1.113261928738643e-10,1.41055020421999e-11
1185,7.940077177579181e-08,1.102780457507095e-10,1.398053556747911e-11
1186,7.865352983883524e-08,1.092398142948052e-10,1.385668964088025e-11
1187,7.791339873098201e-08,1.082114055514819e-10,1.37339549514396e-11
1188,7.718029938552769e-08,1.071927261037577e-10,1.361232212535792e-11
1189,7.645418083134802e-08,1.061836827433411e-10,1.349178087129179e-11
1190,7.573496516273926e-08,1.051841858101082e-10,1.337232058306168e-11
1191,7.502258300806387e-08,1.041941448635559e-10,1.325393144248067e-11
1192,7.431697119675825e-08,1.032134687398091e-10,1.313660337795614e-11
1193,7.361806412190601e-08,1.022420691843728e-10,1.302032710428823e-11
1194,7.292581081236836e-08,1.012798561111899e-10,1.290509275252646e-11
1195,7.22401384665832e-08,1.003267429446127e-10,1.27908915733262e-11
1196,7.156097978829413e-08,9.938264397813504e-11,1.267771362503545e-11
1197,7.088827145593165e-08,9.844747315506261e-11,1.256555033296955e-11
1198,7.02219511749278e-08,9.752114430744246e-11,1.245439194378386e-11
1199,6.95619650538032e-08,9.660357509153937e-11,1.234422896797413e-11
1200,6.890823837064121e-08,9.569468193979703e-11,1.223505409533992e-11
1201,6.826071677370548e-08,9.479438238427576e-11,1.212685722535939e-11
1202,6.761935473243667e-08,9.390259411834228e-11,1.201962956707612e-11
1203,6.698408142638653e-08,9.301923653568654e-11,1.191336271779705e-11
1204,6.63548392736264e-08,9.214422979658541e-11,1.180804899458077e-11
1205,6.573156777247807e-08,9.127749412859453e-11,1.170367969883973e-11
1206,6.511420222231824e-08,9.041895276472214e-11,1.1600247498937e-11
1207,6.450269680264719e-08,8.956852762531612e-11,1.149774207501776e-11
1208,6.389700861385217e-08,8.872614127720417e-11,1.139615435123592e-11
1209,6.329707893247454e-08,8.789171479565936e-11,1.129547676328506e-11
1210,6.270284772811758e-08,8.706517396572719e-11,1.119570126013208e-11
1211,6.21142627541678e-08,8.624644372334628e-11,1.109681970164039e-11
1212,6.153125763919429e-08,8.543544953624802e-11,1.099882350746138e-11
1213,6.095378049020604e-08,8.463211944241765e-11,1.090170604203186e-11
1214,6.038178711460722e-08,8.383638154390887e-11,1.080545953971481e-11
1215,5.981522064377919e-08,8.304816406871101e-11,1.071007524328715e-11
1216,5.92540275632704e-08,8.226739460523358e-11,1.061554591719097e-11
1217,5.86981663959825e-08,8.149400207872506e-11,1.052186332556379e-11
1218,5.814759199335838e-08,8.072791605691473e-11,1.04290196506543e-11
1219,5.760208899510432e-08,7.996906780404533e-11,1.033700785102835e-11
1220,5.706178336220301e-08,7.92173878233755e-11,1.024582025266912e-11
1221,5.652686294943972e-08,7.847280664743766e-11,1.015544897331306e-11
1222,5.599697640768102e-08,7.773525780694305e-11,1.006588782177051e-11
1223,5.54720684803711e-08,7.700467460051548e-11,9.977128086123416e-12
1224,5.495211392782155e-08,7.628099170070524e-11,9.88916344777645e-12
1225,5.443706754110545e-08,7.55641459355387e-11,9.80198677783103e-12
1226,5.39268931989398e-08,7.485407034964223e-11,9.715589721729639e-12
1227,5.342155802457716e-08,7.415069958215397e-11,9.629965905855049e-12
1228,5.292101300874603e-08,7.345397014136869e-11,9.545108481679244e-12
1229,5.242519744566439e-08,7.276382070277078e-11,9.461011215050182e-12
1230,5.193408364573937e-08,7.208018888438835e-11,9.37766621229022e-12
1231,5.144762830544334e-08,7.140301142355787e-11,9.295067993144245e-12
1232,5.096578298074563e-08,7.073222794626749e-11,9.213209791840414e-12
1233,5.048850625482363e-08,7.006777852259435e-11,9.132085558084563e-12
1234,5.001575483435158e-08,6.940960341977322e-11,9.051687256547862e-12
1235,4.954748012977485e-08,6.8757641704411e-11,8.972009459757491e-12
1236,4.908365208405131e-08,6.811183431107639e-11,8.893044951882845e-12
1237,4.862421897803626e-08,6.747212322587144e-11,8.814786765072302e-12
1238,4.816914112658642e-08,6.683845081239649e-11,8.737229724606672e-12
1239,4.7718371684903e-08,6.62107597093065e-11,8.660366427792867e-12
1240,4.727187190394327e-08,6.558899336736792e-11,8.584190355630901e-12
1241,4.68296004943179e-08,6.497309513620479e-11,8.508695134592654e-12
1242,4.639152312559976e-08,6.436300786991534e-11,8.433874948190335e-12
1243,4.595759268744848e-08,6.37586787062476e-11,8.359723359013224e-12
1244,4.55277742680081e-08,6.316005264002761e-11,8.286234595382562e-12
1245,4.510202395633676e-08,6.25670762047515e-11,8.213403118284453e-12
1246,4.468029762802313e-08,6.197969523704327e-11,8.141222797907319e-12
1247,4.426255899536533e-08,6.139785790162731e-11,8.069687840710723e-12
1248,4.384877368599534e-08,6.082151232713066e-11,7.998793034086975e-12
1249,4.343891145983943e-08,6.025060397204238e-11,7.928531569207686e-12
1250,4.303292366165567e-08,5.968508157424005e-11,7.858898598384626e-12
1251,4.26307867215976e-08,5.912489435916356e-11,7.789888529066288e-12
1252,4.223245616921067e-08,5.856999063705845e-11,7.721496102560584e-12
1253,4.183789013912908e-08,5.802032052476343e-11,7.65371509220611e-12
1254,4.144705728585492e-08,5.747583584381561e-11,7.586539942538194e-12
1255,4.105992552110371e-08,5.693648627501087e-11,7.51996492922737e-12
1256,4.067645301303375e-08,5.640222302951528e-11,7.453984184206145e-12
1257,4.029660950402691e-08,5.587299784180799e-11,7.388592563506984e-12
1258,3.99203546763402e-08,5.534876370108258e-11,7.323785064967012e-12
1259,3.954765274318448e-08,5.482947341000883e-11,7.259556131016264e-12
1260,3.917847589398743e-08,5.431508012563728e-11,7.195901108007841e-12
1261,3.881272109878077e-08,5.380553667106701e-11,7.132814544136093e-12
1262,3.845044988244051e-08,5.330079826030931e-11,7.070291035156814e-12
1263,3.809162260654125e-08,5.280081921053214e-11,7.008325697418759e-12
1264,3.773619698236644e-08,5.23055553245036e-11,6.946914416029757e-12
1265,3.738414254355236e-08,5.181496078900251e-11,6.886051612848109e-12
1266,3.703541719229461e-08,5.132899092358825e-11,6.825733125134426e-12
1267,3.668999414283871e-08,5.084760195878499e-11,6.765953235655511e-12
1268,3.634783047723846e-08,5.037075056710792e-11,6.706707617156943e-12
1269,3.600889862655716e-08,4.989839470399682e-11,6.647990623033377e-12
1270,3.567317066637013e-08,4.943049221979504e-11,6.58979700364258e-12
1271,3.534061471035983e-08,4.896700023234268e-11,6.532122423375936e-12
1272,3.501121262090467e-08,4.850787688960879e-11,6.474962087551495e-12
1273,3.468491444347978e-08,4.805308184703969e-11,6.418311425696073e-12
1274,3.436169929928531e-08,4.760257435192759e-11,6.362166889769006e-12
1275,3.404152410997291e-08,4.71563125093957e-11,6.306523878952751e-12
1276,3.372437966130487e-08,4.671425599741957e-11,6.251377054951399e-12
1277,3.341022654275435e-08,4.62763653238069e-11,6.196722026692409e-12
1278,3.309904449172678e-08,4.584260044414829e-11,6.142554595827882e-12
1279,3.279078702085136e-08,4.541292292190973e-11,6.088870352511895e-12
1280,3.248544494737019e-08,4.49872948400157e-11,6.035665348281483e-12
1281,3.218298243582724e-08,4.456567654080348e-11,5.982935426805073e-12
1282,3.188336906787338e-08,4.414802976822599e-11,5.930676578626367e-12
1283,3.15865799774657e-08,4.373431659459089e-11,5.878883922190806e-12
1284,3.129259680531426e-08,4.332450029396061e-11,5.827552699092561e-12
1285,3.100139923591832e-08,4.291854363019335e-11,5.776679934726534e-12
1286,3.071295566731102e-08,4.251641028198308e-11,5.726261038112964e-12
1287,3.04272271524879e-08,4.211806383564105e-11,5.676291489862107e-12
1288,3.014419107387003e-08,4.172346942328591e-11,5.626767282222851e-12
1289,2.986382147597294e-08,4.133259074326124e-11,5.577684404022748e-12
1290,2.958609842028421e-08,4.094539290688938e-11,5.529038612508641e-12
1291,2.931099369234012e-08,4.056184138156297e-11,5.480825830209616e-12
1292,2.90384875824977e-08,4.018190218957477e-11,5.433042898150955e-12
1293,2.876854734356631e-08,3.980554220655547e-11,5.385686004765291e-12
1294,2.85011589809688e-08,3.943272678346993e-11,5.338750738428205e-12
1295,2.823628162524211e-08,3.906342075412444e-11,5.292233658445885e-12
1296,2.797390423631984e-08,3.869759273154897e-11,5.246130984248608e-12
1297,2.771399559008529e-08,3.833520900917464e-11,5.200438508244919e-12
1298,2.745654129079238e-08,3.79762355053585e-11,5.155152703007023e-12
1299,2.720151663015682e-08,3.76206407046502e-11,5.110270188700371e-12
1300,2.694889288102555e-08,3.726839473124141e-11,5.065787463454983e-12
1301,2.669865643544013e-08,3.691946556395746e-11,5.02170124834028e-12
1302,2.645077367110223e-08,3.657382110343003e-11,4.978007372942287e-12
1303,2.620523309817024e-08,3.623143010245547e-11,4.934702320291334e-12
1304,2.596199785949661e-08,3.589226161381019e-11,4.891782595365785e-12
1305,2.572105877077833e-08,3.55562861387166e-11,4.849245728750331e-12
1306,2.548237738422045e-08,3.522347185051438e-11,4.807087681006263e-12
1307,2.524595307663254e-08,3.489379010307503e-11,4.765305083917682e-12
1308,2.501174790218688e-08,3.456721149573349e-11,4.723894214204397e-12
1309,2.477974534029188e-08,3.424370576368851e-11,4.682851890493909e-12
1310,2.454992130794073e-08,3.392324453455011e-11,4.642175096768448e-12
1311,2.432226213514952e-08,3.360579835380202e-11,4.601860992673529e-12
1312,2.409675516099087e-08,3.329133941128228e-11,4.561905689656754e-12
1313,2.387336225518776e-08,3.297984043213457e-11,4.522305670929577e-12
1314,2.365207451965229e-08,3.267127184112578e-11,4.483058020126495e-12
1315,2.343286715590154e-08,3.236560647026127e-11,4.444159785030348e-12
1316,2.321571568142638e-08,3.206281609748097e-11,4.405607178981282e-12
1317,2.300061058718671e-08,3.176287444262418e-11,4.367397204100715e-12
1318,2.27875286748243e-08,3.146575360623918e-11,4.329527314047317e-12
1319,2.257644674311088e-08,3.117142676262222e-11,4.29199391511783e-12
1320,2.236734402227209e-08,3.087986770431809e-11,4.254793718372335e-12
1321,2.216021094852429e-08,3.059105091390752e-11,4.217923846745335e-12
1322,2.195503355669261e-08,3.030495106809023e-11,4.181381879148381e-12
1323,2.175177744796606e-08,3.002154232162976e-11,4.145164868604494e-12
1324,2.155043555251986e-08,2.974080000205386e-11,4.109269881273176e-12
1325,2.135099098185039e-08,2.946269847479827e-11,4.073693651638813e-12
1326,2.115341081373288e-08,2.918721173459737e-11,4.03843301608966e-12
1327,2.09576941619104e-08,2.891431558049658e-11,4.003486023710546e-12
1328,2.076381389037503e-08,2.864398529637944e-11,3.968849359801786e-12
1329,2.05717510233242e-08,2.837619673423438e-11,3.934520588146125e-12
1330,2.038150212122835e-08,2.811092574799519e-11,3.900496379634384e-12
1331,2.019303276032011e-08,2.784814872369968e-11,3.866774376089786e-12
1332,2.00063328531065e-08,2.758784246597344e-11,3.833351803935893e-12
1333,1.982138329706224e-08,2.732998407654591e-11,3.800225843525649e-12
1334,1.96381670013288e-08,2.707455057045929e-11,3.767394019460842e-12
1335,1.945668159137406e-08,2.682151987336279e-11,3.734853686167952e-12
1336,1.927688961394539e-08,2.657086786318744e-11,3.702601932915422e-12
1337,1.909879270579492e-08,2.632257229796421e-11,3.670636408440435e-12
1338,1.892236720065545e-08,2.607661015742169e-11,3.638954477100832e-12
1339,1.874759901692826e-08,2.583295943775025e-11,3.607553782293901e-12
1340,1.857446464458217e-08,2.55915985303727e-11,3.57643184468792e-12
1341,1.840295837755928e-08,2.535250520711479e-11,3.545585846111448e-12
1342,1.823307137323357e-08,2.511565840547245e-11,3.51501335932209e-12
1343,1.806478646559663e-08,2.48810373293172e-11,3.484711958089058e-12
1344,1.789806998488815e-08,2.464862162832693e-11,3.454679343137408e-12
1345,1.77329221080336e-08,2.44183900803786e-11,3.424912968937963e-12
1346,1.756931900981152e-08,2.419032231824593e-11,3.395410362567485e-12
1347,1.740725133948679e-08,2.396439844168141e-11,3.36616901429425e-12
1348,1.724670209832722e-08,2.374059819499771e-11,3.337186528639144e-12
1349,1.708765808778447e-08,2.351890104351355e-11,3.308461021475729e-12
1350,1.693010849827819e-08,2.329928778301205e-11,3.27998996197848e-12
1351,1.677404371897876e-08,2.308173844250881e-11,3.251771039353578e-12
1352,1.661943659140013e-08,2.286623252407223e-11,3.223801685783125e-12
1353,1.646628172702758e-08,2.265274990385079e-11,3.19608007269458e-12
1354,1.631456044721211e-08,2.244127237589668e-11,3.1686040437516e-12
1355,1.616426017447322e-08,2.223178225470679e-11,3.141371593547055e-12
1356,1.601537438164447e-08,2.202426033480009e-11,3.11437990440832e-12
1357,1.586788114204149e-08,2.181868829636568e-11,3.08762717246048e-12
1358,1.572177435400788e-08,2.161504657642128e-11,3.061111716175039e-12
1359,1.557703549161169e-08,2.14133172165594e-11,3.034831052364872e-12
1360,1.543365329690746e-08,2.121348307799882e-11,3.008783114541905e-12
1361,1.529161371237702e-08,2.101552644692158e-11,2.982965819369099e-12
1362,1.515090901477792e-08,2.081942858948856e-11,2.957376446890994e-12
1363,1.501151871991324e-08,2.062517242660131e-11,2.932013288263215e-12
1364,1.487343699970078e-08,2.043274115978628e-11,2.906874541989516e-12
1365,1.473664616240708e-08,2.024211659441516e-11,2.88195815932183e-12
1366,1.46011334499332e-08,2.005328164905137e-11,2.857262363372463e-12
1367,1.446688884903133e-08,1.986621978125078e-11,2.83278469075753e-12
1368,1.433390997527134e-08,1.968091422682401e-11,2.808523472532174e-12
1369,1.420217809028105e-08,1.949734887476663e-11,2.784477128186096e-12
1370,1.407167302829716e-08,1.931550794791076e-11,2.760643198761166e-12
1371,1.394239580181844e-08,1.913537513937835e-11,2.737019707331767e-12
1372,1.381432461679533e-08,1.895693386760818e-11,2.713604934812088e-12
1373,1.368745035296859e-08,1.878016827780126e-11,2.690396964007293e-12
1374,1.356175979072649e-08,1.860506235716379e-11,2.667393960450225e-12
1375,1.343724433594732e-08,1.843160008209749e-11,2.644593842220813e-12
1376,1.331389130150529e-08,1.825976718715713e-11,2.621994930280371e-12
1377,1.319169167265883e-08,1.808954726988763e-11,2.599595897502215e-12
1378,1.307063340282329e-08,1.792092630901543e-11,2.577394562813181e-12
1379,1.295071013279923e-08,1.775388876505993e-11,2.555389048851492e-12
1380,1.28319121261614e-08,1.758842171896358e-11,2.533578593524866e-12
1381,1.271422234096142e-08,1.742450951821023e-11,2.511961050131128e-12
1382,1.2597635244647e-08,1.726213732996802e-11,2.490534303689127e-12
1383,1.248214458967496e-08,1.710129084856051e-11,2.46929601375856e-12
1384,1.2367727270894e-08,1.694195540515804e-11,2.448244570126692e-12
1385,1.225437844680049e-08,1.678411662852869e-11,2.427378668617911e-12
1386,1.214208396626457e-08,1.662775842866507e-11,2.406696523109239e-12
1387,1.203084577547844e-08,1.647286744456197e-11,2.386196681418358e-12
1388,1.192064330389426e-08,1.631943022770647e-11,2.365877604852448e-12
1389,1.181147164663484e-08,1.616743405610842e-11,2.345737668718906e-12
1390,1.170331920257298e-08,1.601686492591622e-11,2.325775216606291e-12
1391,1.159617395659749e-08,1.586770811562838e-11,2.305988614812211e-12
1392,1.149003546816424e-08,1.571995043025529e-11,2.28637631998796e-12
1393,1.138488948424248e-08,1.557357840335257e-11,2.266937029292812e-12
1394,1.128072631334119e-08,1.542857961106326e-11,2.247669575256092e-12
1395,1.11775346044754e-08,1.528494101466154e-11,2.228571467280158e-12
1396,1.107531351569885e-08,1.514264981913396e-11,2.209641223366493e-12
1397,1.097404275649886e-08,1.500169278632622e-11,2.190877576012458e-12
1398,1.087371857267165e-08,1.486205810113717e-11,2.172279398258717e-12
1399,1.077432496731104e-08,1.472373402137774e-11,2.153845129032254e-12
1400,1.067586077323398e-08,1.45867068069326e-11,2.135573117809065e-12
1401,1.057831733570386e-08,1.445096386658197e-11,2.11746202465378e-12
1402,1.048167984677696e-08,1.431649327690012e-11,2.099509911461178e-12
1403,1.038594702826408e-08,1.418328380869127e-11,2.081716028562754e-12
1404,1.029110751621386e-08,1.40513239541722e-11,2.064079023675754e-12
1405,1.019715191456367e-08,1.39206014296312e-11,2.046597643233494e-12
1406,1.01040677061971e-08,1.37911043622467e-11,2.029269941921884e-12
1407,1.001185074319711e-08,1.366282172473577e-11,2.012094532219931e-12
1408,9.920497208290405e-09,1.353574133622267e-11,1.995069812501945e-12
1409,9.829992699320223e-09,1.34098520290245e-11,1.978194463286658e-12
1410,9.74032890210965e-09,1.32851420504614e-11,1.961467167409666e-12
1411,9.651508335294566e-09,1.316160058625761e-11,1.94488673443196e-12
1412,9.563509327757688e-09,1.303921742334097e-11,1.928452167321586e-12
1413,9.476333701590397e-09,1.291798096447175e-11,1.912161989470747e-12
1414,9.38996526049758e-09,1.279787971447861e-11,1.896015141045852e-12
1415,9.304404010076772e-09,1.26789028630266e-11,1.880010601477333e-12
1416,9.219629452401005e-09,1.256104119964917e-11,1.864146667609653e-12
1417,9.135655809621475e-09,1.244428348371952e-11,1.848422051215665e-12
1418,9.052460242606088e-09,1.232861995563251e-11,1.832835677347268e-12
1419,8.970040277215072e-09,1.22140405574239e-11,1.817386397641113e-12
1420,8.888390756295306e-09,1.210053442019336e-11,1.802072362876911e-12
1421,8.807493763044327e-09,1.198809170087681e-11,1.786892474097316e-12
1422,8.727350205573045e-09,1.187670164572268e-11,1.771845683307617e-12
1423,8.647958005627764e-09,1.176635492196759e-11,1.756930713055947e-12
1424,8.569301451601294e-09,1.165704158487331e-11,1.742146219897204e-12
1425,8.49138133120691e-09,1.154875278793581e-11,1.727491620786764e-12
1426,8.41418515492804e-09,1.144147747651619e-11,1.712965820112776e-12
1427,8.33770748683784e-09,1.133520603524358e-11,1.698567320273408e-12
1428,8.26194427639141e-09,1.122992953534412e-11,1.684294754576545e-12
1429,8.186885055074452e-09,1.112563861248723e-11,1.670147419380321e-12
1430,8.112527556333726e-09,1.10223243237874e-11,1.656124155514354e-12
1431,8.038863309748796e-09,1.091997705146172e-11,1.642223649152448e-12
1432,7.965883785611302e-09,1.081858829208912e-11,1.628444903010626e-12
1433,7.893588734872134e-09,1.071814941476214e-11,1.614786736473424e-12
1434,7.821960280700064e-09,1.061865042778065e-11,1.601248011906954e-12
1435,7.751003908161013e-09,1.052008290796052e-11,1.587828252690592e-12
1436,7.680698583926236e-09,1.042243852827989e-11,1.574525752195001e-12
1437,7.611051318174989e-09,1.032570806797287e-11,1.561339378990391e-12
1438,7.542044601618634e-09,1.022988220902744e-11,1.548268443508873e-12
1439,7.47368228806426e-09,1.013495286305719e-11,1.535311960077506e-12
1440,7.405958144431647e-09,1.004091182229617e-11,1.522468448141374e-12
1441,7.338864364524723e-09,9.947750737495675e-12,1.509737168279906e-12
1442,7.27238674245436e-09,9.855461218638149e-12,1.497117286274634e-12
1443,7.206531062792912e-09,9.764035128586793e-12,1.48460781402926e-12
1444,7.141294328948649e-09,9.6734644366726e-12,1.472207749445149e-12
1445,7.076649265196168e-09,9.583740843077875e-12,1.459916158295229e-12
1446,7.012603675070106e-09,9.494856890734296e-12,1.447731726278708e-12
1447,6.949160901681837e-09,9.406803758553931e-12,1.435653472569038e-12
1448,6.886302449471088e-09,9.319573928624782e-12,1.423680613892628e-12
1449,6.824029255676188e-09,9.23315959902553e-12,1.411812121396091e-12
1450,6.76233334102854e-09,9.14755259991739e-12,1.400047347614389e-12
1451,6.701211162628941e-09,9.062746388466231e-12,1.388385497188372e-12
1452,6.640653701289489e-09,8.97873330636155e-12,1.376825393277815e-12
1453,6.580657304051935e-09,8.89550598535537e-12,1.365366250026382e-12
1454,6.52122227512939e-09,8.813057119034693e-12,1.354006941221489e-12
1455,6.462326994262692e-09,8.731379376370985e-12,1.342746644744812e-12
1456,6.403983781241298e-09,8.650465344863004e-12,1.331584302146922e-12
1457,6.34618190018731e-09,8.570308098330663e-12,1.320518949558065e-12
1458,6.288916810973523e-09,8.490899521874184e-12,1.309550111796761e-12
1459,6.232183626549694e-09,8.412232884987754e-12,1.298676709266634e-12
1460,6.175975966126099e-09,8.334301417200265e-12,1.28789812177217e-12
1461,6.120285104946701e-09,8.257097896993274e-12,1.277213133550501e-12
1462,6.065112512180214e-09,8.180615616664343e-12,1.266621286545342e-12
1463,6.010448832351251e-09,8.104847841213274e-12,1.256121846242384e-12
1464,5.956294075609614e-09,8.029787904920283e-12,1.245713916258805e-12
1465,5.902633831905249e-09,7.955430221531314e-12,1.235396523186652e-12
1466,5.849479335963898e-09,7.881767274205024e-12,1.225169007015761e-12
1467,5.796811501559223e-09,7.80879265682871e-12,1.215030324734304e-12
1468,5.744628089460355e-09,7.736499797575677e-12,1.204979793557938e-12
1469,5.69293274378908e-09,7.664882018802067e-12,1.195016393430228e-12
1470,5.641722984160624e-09,7.593933374024707e-12,1.185139458407748e-12
1471,5.590975611329366e-09,7.523647262829683e-12,1.175348551757737e-12
1472,5.540699147420198e-09,7.454017900932777e-12,1.165642771290369e-12
1473,5.490890412318341e-09,7.385038693893578e-12,1.156021382494459e-12
1474,5.44154280746334e-09,7.316703139216465e-12,1.146483835504591e-12
1475,5.392649168973374e-09,7.249005532628031e-12,1.137029499096415e-12
1476,5.344208906020339e-09,7.181940140115423e-12,1.127657774099181e-12
1477,5.296218406577387e-09,7.115500893066307e-12,1.118367587586781e-12
1478,5.24866951811729e-09,7.049681888139017e-12,1.109157787866766e-12
1479,5.201558174848541e-09,6.984477620092156e-12,1.100027610669514e-12
1480,5.154880475429601e-09,6.919882154150697e-12,1.090976628863507e-12
1481,5.108633151089007e-09,6.855890037492814e-12,1.082004337941161e-12
1482,5.062818426678988e-09,6.79249533578622e-12,1.073109564529864e-12
1483,5.017426341480349e-09,6.729692274881822e-12,1.064291832106369e-12
1484,4.972451679835117e-09,6.667475047515193e-12,1.055550709898293e-12
1485,4.927896328552505e-09,6.60583819031892e-12,1.04688589787871e-12
1486,4.883747685180667e-09,6.544776863573192e-12,1.038296177801201e-12
1487,4.840005012211019e-09,6.484285066659649e-12,1.029780528660656e-12
1488,4.796665069877894e-09,6.424357919270892e-12,1.0213383863382e-12
1489,4.753728222797997e-09,6.364990272344698e-12,1.012969388879731e-12
1490,4.711188951158709e-09,6.306176764176349e-12,1.004672921853258e-12
1491,4.669040688928916e-09,6.247911947568923e-12,9.964483904826866e-13
1492,4.627283922496428e-09,6.190190569499116e-12,9.882949671501861e-13
1493,4.58591133379532e-09,6.133007681802009e-12,9.802118640483011e-13
1494,4.544914165582114e-09,6.076358334802654e-12,9.721986795322804e-13
1495,4.504306076110573e-09,6.020237356702814e-12,9.642548347386393e-13
1496,4.464058711012817e-09,5.964639625286933e-12,9.563800009158545e-13
1497,4.424193814176238e-09,5.909560948898644e-12,9.485732104446637e-13
1498,4.384691739068822e-09,5.854996571511678e-12,9.408335607814141e-13
1499,4.345557129686566e-09,5.800941041447433e-12,9.331606171744859e-13
1500,4.306787842137266e-09,5.747390022792202e-12,9.255538224205788e-13
1501,4.268368209828374e-09,5.694339130097317e-12,9.180126940281817e-13
1502,4.230312672167383e-09,5.64178282030519e-12,9.105364071185627e-13
1503,4.192606938026314e-09,5.589716687868476e-12,9.031247716086528e-13
1504,4.155243323338205e-09,5.538135481606859e-12,8.957773825550546e-13
1505,4.118222891649772e-09,5.487034792816147e-12,8.884933423071517e-13
1506,4.081541607344502e-09,5.43641013393239e-12,8.812722651676849e-13
1507,4.045205971972647e-09,5.386257377899248e-12,8.741135378212614e-13
1508,4.009195679035988e-09,5.336571968220436e-12,8.670164815540246e-13
1509,3.97352058122011e-09,5.287349684652932e-12,8.599805381312138e-13
1510,3.938174423678442e-09,5.238586715393092e-12,8.530053755224088e-13
1511,3.903154567426455e-09,5.190278355509096e-12,8.460902646634462e-13
1512,3.868448071026196e-09,5.142420494583718e-12,8.392345021278788e-13
1513,3.834067565790793e-09,5.095008915299257e-12,8.324375679149077e-13
1514,3.800007826865446e-09,5.048039488361976e-12,8.256989542284935e-13
1515,3.766249700786674e-09,5.00150833479179e-12,8.190181174867028e-13
1516,3.73281184969058e-09,4.955410742882244e-12,8.123949745432762e-13
1517,3.699669656424382e-09,4.909742747826337e-12,8.058288604252427e-13
1518,3.666836435128663e-09,4.864500341117894e-12,7.993194578749491e-13
1519,3.634309346619828e-09,4.819679454257751e-12,7.928660223605875e-13
1520,3.602075358112285e-09,4.775276266131371e-12,7.864679781884853e-13
1521,3.570136705584267e-09,4.731286307171736e-12,7.801247858858919e-13
1522,3.538498356740191e-09,4.687705722080938e-12,7.738359042377122e-13
1523,3.507144986928734e-09,4.644530904215654e-12,7.67601201412103e-13
1524,3.47607614331936e-09,4.601758123121578e-12,7.614201328085117e-13
1525,3.445294299438796e-09,4.559383890525105e-12,7.552923003987867e-13
1526,3.414794207470977e-09,4.517404552978761e-12,7.492171012168964e-13
1527,3.384576195317385e-09,4.475816064009676e-12,7.431940297112503e-13
1528,3.354629417720631e-09,4.434615046786524e-12,7.37222908268904e-13
1529,3.32495987430513e-09,4.39379839904934e-12,7.313032014323637e-13
1530,3.295565921851647e-09,4.35336179854276e-12,7.254341445774288e-13
1531,3.266432960905938e-09,4.31330194776548e-12,7.196154379428518e-13
1532,3.237583390367354e-09,4.273615147420591e-12,7.138464663142536e-13
1533,3.2089853388931e-09,4.234297612834911e-12,7.08126770626558e-13
1534,3.180657175040452e-09,4.195345830281996e-12,7.024559263558848e-13
1535,3.152582542680936e-09,4.156756919852634e-12,6.968337387576042e-13
1536,3.124764339999648e-09,4.118527219060854e-12,6.912595488331251e-13
1537,3.097204154628919e-09,4.080653281986953e-12,6.857331069859866e-13
1538,3.069899394386841e-09,4.043131519531867e-12,6.802537224850718e-13
1539,3.042840371162123e-09,4.005958861930888e-12,6.748211328526977e-13
1540,3.016029933020462e-09,3.969132239082746e-12,6.694349102157527e-13
1541,2.989463142182039e-09,3.932647954403875e-12,6.640946919819814e-13
1542,2.963147296125627e-09,3.89650302780156e-12,6.587999411671434e-13
1543,2.937067509556331e-09,3.860694134891146e-12,6.535503407202273e-13
1544,2.911235963152349e-09,3.825218443601608e-12,6.483452701958207e-13
1545,2.885637992253487e-09,3.790073137340736e-12,6.431845253379533e-13
1546,2.860270832476363e-09,3.755254741546975e-12,6.380679066838296e-13
1547,2.835143954643221e-09,3.7207602099128e-12,6.329950825217938e-13
1548,2.810248768685363e-09,3.68658663072592e-12,6.279655985524445e-13
1549,2.785571311491884e-09,3.652730675354822e-12,6.229790988030994e-13
1550,2.761134955127551e-09,3.619189529566795e-12,6.180351831390419e-13
1551,2.736913318570435e-09,3.585960512454832e-12,6.131333556110418e-13
1552,2.712917853464331e-09,3.553040455881345e-12,6.082733698234324e-13
1553,2.689143403512438e-09,3.52042667593266e-12,6.034546050619046e-13
1554,2.665579027627194e-09,3.488115958340773e-12,5.986767135491632e-13
1555,2.642235531474277e-09,3.456105498428701e-12,5.93939370943479e-13
1556,2.619104904918058e-09,3.424393141840935e-12,5.892423460931117e-13
1557,2.596189160604185e-09,3.392976120780517e-12,5.845854818343918e-13
1558,2.573482184590063e-09,3.361851011061222e-12,5.799683060106981e-13
1559,2.550978911304459e-09,3.331015152778416e-12,5.753904059538395e-13
1560,2.528683400081944e-09,3.300465976497428e-12,5.708514442344207e-13
1561,2.506590842595673e-09,3.270200709980439e-12,5.663509555198178e-13
1562,2.484703165889034e-09,3.240216310878729e-12,5.618885767422516e-13
1563,2.463017167126106e-09,3.210510281411957e-12,5.574640601234156e-13
1564,2.441525030480598e-09,3.181080405635092e-12,5.530768718719085e-13
1565,2.420231795513191e-09,3.151923876007171e-12,5.48726647156142e-13
1566,2.399135215480369e-09,3.123038102881187e-12,5.444132100529855e-13
1567,2.378228992587296e-09,3.094420492693956e-12,5.401362304283909e-13
1568,2.35751617514047e-09,3.066068648764479e-12,5.358955736920611e-13
1569,2.336989456600205e-09,3.037980325518004e-12,5.316909080124865e-13
1570,2.316643985722135e-09,3.010153268204356e-12,5.275220226057173e-13
1571,2.296498293822123e-09,2.982584639806805e-12,5.233884790529939e-13
1572,2.276534172853915e-09,2.955272282288897e-12,5.192898683196976e-13
1573,2.256749175988287e-09,2.928213398985169e-12,5.152260350217373e-13
1574,2.237146082250464e-09,2.901405662290942e-12,5.111966271685768e-13
1575,2.217724505955494e-09,2.874846330698999e-12,5.072012333017355e-13
1576,2.198477021838636e-09,2.848533177241028e-12,5.032396052876636e-13
1577,2.179401393010672e-09,2.822464217811741e-12,4.993114358721724e-13
1578,2.160508565283731e-09,2.796636892034701e-12,4.954162008251888e-13
1579,2.141788644049304e-09,2.771049024493996e-12,4.915538802515044e-13
1580,2.123239477380496e-09,2.745698688911289e-12,4.877242367819036e-13
1581,2.104859286566166e-09,2.72058365133877e-12,4.839268782639282e-13
1582,2.086638830358649e-09,2.695701983921803e-12,4.801613870404039e-13
1583,2.068594627870745e-09,2.671051171085503e-12,4.764276384641186e-13
1584,2.050708247819808e-09,2.64662902216676e-12,4.727253672569348e-13
1585,2.032989902719241e-09,2.62243330173937e-12,4.690542352278242e-13
1586,2.015430745184091e-09,2.598462214910567e-12,4.654138018409486e-13
1587,1.998032171554397e-09,2.574713668138461e-12,4.618040771258747e-13
1588,1.980795828657614e-09,2.55118557182138e-12,4.582247548431779e-13
1589,1.96371712906432e-09,2.527875349390048e-12,4.546755573921915e-13
1590,1.946782553272117e-09,2.504781216770478e-12,4.511563229940116e-13
1591,1.930014867722206e-09,2.481901448613932e-12,4.476666852577646e-13
1592,1.913396490277334e-09,2.459234202147028e-12,4.442063761206886e-13
1593,1.896924851093731e-09,2.436777255519642e-12,4.407750746354426e-13
1594,1.880601675759637e-09,2.414528635600923e-12,4.373726168636056e-13
1595,1.864428289422192e-09,2.392486627884813e-12,4.339987026896326e-13
1596,1.848400010562574e-09,2.370648927621276e-12,4.306531359894995e-13
1597,1.832518010451832e-09,2.349013291533395e-12,4.273356313850461e-13
1598,1.816780576370647e-09,2.327577646092481e-12,4.24046010965249e-13
1599,1.80118647249805e-09,2.306340710608833e-12,4.207840768881911e-13
1600,1.785729577479718e-09,2.285300587566457e-12,4.175496266512931e-13
1601,1.770417501652176e-09,2.264455536383636e-12,4.143422352266806e-13
1602,1.755236068793211e-09,2.243803553627607e-12,4.111616001822077e-13
1603,1.740201948542675e-09,2.223343216833022e-12,4.0800751600098e-13
1604,1.725293135793369e-09,2.203072482451913e-12,4.048797539013731e-13
1605,1.710521588585156e-09,2.182989418540582e-12,4.017781188095928e-13
1606,1.695888503827704e-09,2.163092290971943e-12,3.987023791412902e-13
1607,1.681389546513368e-09,2.143379542493949e-12,3.956523715874274e-13
1608,1.667015154061446e-09,2.123849825812746e-12,3.926279367727103e-13
1609,1.65277577640293e-09,2.104500797559905e-12,3.896288611625222e-13
1610,1.638666232962518e-09,2.085330919664542e-12,3.86654849944981e-13
1611,1.624679520437541e-09,2.066338255108544e-12,3.837056701536104e-13
1612,1.610827162609907e-09,2.047521312474465e-12,3.807809982641992e-13
1613,1.597095463415576e-09,2.028878631241248e-12,3.778806114202425e-13
1614,1.583480701324204e-09,2.010408775985369e-12,3.750042731265422e-13
1615,1.57000020160459e-09,1.992109949976763e-12,3.721518355999839e-13
1616,1.556634945086303e-09,1.973980637839413e-12,3.693232771050146e-13
1617,1.54338957372678e-09,1.956019580543744e-12,3.66518321453295e-13
1618,1.530269489264689e-09,1.938224777763e-12,3.637366701587385e-13
1619,1.517262821419512e-09,1.920594572127177e-12,3.609783132441563e-13
1620,1.504373383398682e-09,1.903127436759924e-12,3.582429471337681e-13
1621,1.491599980713776e-09,1.885821654562138e-12,3.555304244688745e-13
1622,1.478939950974015e-09,1.868676062395281e-12,3.528405909407053e-13
1623,1.466395502455768e-09,1.851689261216057e-12,3.501730694093556e-13
1624,1.45396548465524e-09,1.834860025176692e-12,3.475275539975281e-13
1625,1.441640480713161e-09,1.818186625380352e-12,3.449038734012065e-13
1626,1.429432468025695e-09,1.801667226012438e-12,3.423019017456936e-13
1627,1.417328659479191e-09,1.78530076798442e-12,3.397214362238609e-13
1628,1.405343499275927e-09,1.769085790507212e-12,3.371623508375032e-13
1629,1.393458167469943e-09,1.753020931321182e-12,3.346244358117388e-13
1630,1.381682108726556e-09,1.737104554792669e-12,3.321075590190836e-13
1631,1.370006397136207e-09,1.72133541725879e-12,3.296114587703045e-13
1632,1.358438185200861e-09,1.705712108650685e-12,3.271360656667059e-13
1633,1.346974091334209e-09,1.690233220859132e-12,3.246812976842083e-13
1634,1.335608082397505e-09,1.674897216411305e-12,3.222468680478593e-13
1635,1.324353567539003e-09,1.659702813204156e-12,3.198324663522282e-13
1636,1.313194736157066e-09,1.644648810878979e-12,3.174379647044789e-13
1637,1.302139717352273e-09,1.629733845749173e-12,3.150632109984254e-13
1638,1.291180138971621e-09,1.614956844206983e-12,3.127080773338831e-13
1639,1.280318957850985e-09,1.600316507353127e-12,3.103723085995961e-13
1640,1.269557672072832e-09,1.585811600341172e-12,3.080558370603502e-13
1641,1.258891647258658e-09,1.571440653235659e-12,3.057584187983082e-13
1642,1.248321333786535e-09,1.557202497158809e-12,3.034799674030339e-13
1643,1.23784812428466e-09,1.54309581689516e-12,3.01220334524957e-13
1644,1.227460666866459e-09,1.529119339594511e-12,2.989793370227479e-13
1645,1.217176944872471e-09,1.515271870615178e-12,2.967567212593799e-13
1646,1.206978831199114e-09,1.501552371491106e-12,2.945523932795686e-13
1647,1.196873574694109e-09,1.487959763431975e-12,2.923660903231439e-13
1648,1.186854775093686e-09,1.474492573761013e-12,2.9019769482458e-13
1649,1.176929193892133e-09,1.461149850853794e-12,2.880470431678858e-13
1650,1.167092011509775e-09,1.447930474198117e-12,2.859139048609142e-13
1651,1.157336839657313e-09,1.434833008076052e-12,2.83798248575649e-13
1652,1.147671977913437e-09,1.421856475198246e-12,2.81699935738714e-13
1653,1.138094430567173e-09,1.408999728688321e-12,2.79618861798488e-13
1654,1.128600173084907e-09,1.396261553365664e-12,2.775549643226815e-13
1655,1.119193455810343e-09,1.38364090632506e-12,2.755080287420121e-13
1656,1.109868289981657e-09,1.371136505129673e-12,2.734778389590416e-13
1657,1.100623743251824e-09,1.358747623679503e-12,2.714641542394983e-13
1658,1.091464549959924e-09,1.346472932236549e-12,2.694668332169614e-13
1659,1.082385011366624e-09,1.334311431600922e-12,2.674858051977073e-13
1660,1.073388306914068e-09,1.322261899736061e-12,2.655209354300461e-13
1661,1.064468805038861e-09,1.310323476713601e-12,2.635720561127465e-13
1662,1.055633618355437e-09,1.298495123949631e-12,2.616390148560704e-13
1663,1.046878295626613e-09,1.2867756959079e-12,2.597215940014949e-13
1664,1.038192844510302e-09,1.275164396260624e-12,2.578198002592682e-13
1665,1.029587613904105e-09,1.263660286124331e-12,2.559336232174807e-13
1666,1.021061827760676e-09,1.252262407136098e-12,2.54062779407217e-13
1667,1.012606575105835e-09,1.240969621839248e-12,2.522072161478533e-13
1668,1.004230329172381e-09,1.22978098737467e-12,2.503667383555773e-13
1669,9.959274309251947e-10,1.218695421348409e-12,2.485411784442528e-13
1670,9.876980797873541e-10,1.207712017509781e-12,2.467304309119089e-13
1671,9.795439621645178e-10,1.19682988344376e-12,2.449343478502775e-13
1672,9.714593969467522e-10,1.18604794072742e-12,2.431528618215257e-13
1673,9.63446978238843e-10,1.175365334172029e-12,2.413857841869485e-13
1674,9.555032843667048e-10,1.164781165693422e-12,2.396330182703845e-13
1675,9.476374196516398e-10,1.154294286581903e-12,2.378945113722422e-13
1676,9.398296750620455e-10,1.143903896528226e-12,2.361700989153219e-13
1677,9.321000272958984e-10,1.133609178142308e-12,2.344597070075905e-13
1678,9.244390533494525e-10,1.123409194183763e-12,2.327632918118665e-13
1679,9.168398636608575e-10,1.113303116013374e-12,2.310805262217559e-13
1680,9.09303871519798e-10,1.103290063280311e-12,2.294113067933918e-13
1681,9.018476235741506e-10,1.093369075807404e-12,2.277555985560946e-13
1682,8.944450331733358e-10,1.083539472876294e-12,2.261132583965824e-13
1683,8.871164459699116e-10,1.073800185476929e-12,2.244841389062022e-13
1684,8.798492733438844e-10,1.064150472872471e-12,2.228681492286531e-13
1685,8.726470580388345e-10,1.054589536434362e-12,2.212652100193064e-13
1686,8.655080030715119e-10,1.045116542316829e-12,2.196753680210749e-13
1687,8.584294683294294e-10,1.035730800818345e-12,2.180983479749952e-13
1688,8.514232955829786e-10,1.026431290896046e-12,2.165340385787432e-13
1689,8.444681439744697e-10,1.017217202661495e-12,2.149823219808612e-13
1690,8.375729347429134e-10,1.008087673277884e-12,2.134430768215893e-13
1691,8.30746328858187e-10,9.990420692281233e-13,2.119162025490826e-13
1692,8.239727067802109e-10,9.900798440336372e-13,2.104016380188069e-13
1693,8.172647358496971e-10,9.81199967757561e-13,2.088991137311032e-13
1694,8.106112931336566e-10,9.724015951011235e-13,2.074086569664145e-13
1695,8.040159341411351e-10,9.636841584906103e-13,2.059300733354288e-13
1696,7.974790953072671e-10,9.55047041355853e-13,2.044633276040109e-13
1697,7.909995815793511e-10,9.46489382226072e-13,2.030083673014375e-13
1698,7.845790875955865e-10,9.38010463456371e-13,2.015650052844915e-13
1699,7.782159769729483e-10,9.296095480685374e-13,2.001331312562731e-13
1700,7.719026395531975e-10,9.21285832747977e-13,1.98712667865565e-13
1701,7.6564606642492e-10,9.130386549384703e-13,1.973035727641987e-13
1702,7.594452393917929e-10,9.048673653470799e-13,1.959057255159816e-13
1703,7.533005431426975e-10,8.967709105837704e-13,1.945190514194063e-13
1704,7.47209864939513e-10,8.887487671815248e-13,1.931434446384994e-13
1705,7.4116376886686e-10,8.80800330867538e-13,1.917787771968261e-13
1706,7.35184790132578e-10,8.729247830062832e-13,1.90424960662362e-13
1707,7.292516891890702e-10,8.651215883133266e-13,1.890818775006071e-13
1708,7.233657969463105e-10,8.573901479773547e-13,1.877494896950353e-13
1709,7.175365649357402e-10,8.49729680699192e-13,1.864277444280507e-13
1710,7.117571736428312e-10,8.421395884104971e-13,1.851165152776119e-13
1711,7.060247579438358e-10,8.346193126261142e-13,1.83815767983866e-13
1712,7.003455580548704e-10,8.271680875426248e-13,1.825253715297517e-13
1713,6.947150223147075e-10,8.197851027719909e-13,1.812452042700064e-13
1714,6.891350393286471e-10,8.124697663862246e-13,1.799751229965935e-13
1715,6.835978418317839e-10,8.052214475805444e-13,1.787151772832265e-13
1716,6.781134456931921e-10,7.980395119757846e-13,1.774652069833077e-13
1717,6.72675698559681e-10,7.909233374757099e-13,1.762250871965779e-13
1718,6.672854403108566e-10,7.838725502726004e-13,1.74994733103991e-13
1719,6.619425087553673e-10,7.768865116236766e-13,1.737741284040132e-13
1720,6.566471076612598e-10,7.69964638911352e-13,1.725632405080957e-13
1721,6.51395869022856e-10,7.631063585980943e-13,1.713619505432083e-13
1722,6.461917342019901e-10,7.563108586534332e-13,1.701701157518295e-13
1723,6.410322879458039e-10,7.49577548573411e-13,1.689876891327564e-13
1724,6.359165938786858e-10,7.429057025102398e-13,1.678145677783051e-13
1725,6.308445978287823e-10,7.362948858403279e-13,1.666506912210332e-13
1726,6.258145490229441e-10,7.297445545763333e-13,1.654959774913017e-13
1727,6.208352737453773e-10,7.232542803717379e-13,1.643503224921995e-13
1728,6.15891819154539e-10,7.168235328494458e-13,1.632136418043765e-13
1729,6.109985126650492e-10,7.104518263573618e-13,1.620858325753468e-13
1730,6.061461639335757e-10,7.041386080619527e-13,1.609668655695071e-13
1731,6.013318574914936e-10,6.978831800655195e-13,1.598567652855573e-13
1732,5.965592456020648e-10,6.916848740710254e-13,1.587553966926021e-13
1733,5.918379083189394e-10,6.855432395643586e-13,1.576626776773381e-13
1734,5.871471207268839e-10,6.794578207646209e-13,1.565785642034682e-13
1735,5.825028466336481e-10,6.734280997062241e-13,1.555029746571732e-13
1736,5.778958574092175e-10,6.674535318391383e-13,1.54435730325411e-13
1737,5.733297402846119e-10,6.615336608917847e-13,1.53376820323649e-13
1738,5.687977445547407e-10,6.556680212216339e-13,1.523261546607507e-13
1739,5.643117518978929e-10,6.498560495663398e-13,1.512836898319633e-13
1740,5.598619815685157e-10,6.440973343314451e-13,1.50249357246124e-13
1741,5.554480436538387e-10,6.383911968872825e-13,1.492230653845144e-13
1742,5.510757598102749e-10,6.327372680143534e-13,1.482048073630434e-13
1743,5.467397906873428e-10,6.271349173766539e-13,1.471945076553029e-13
1744,5.42439035706009e-10,6.215837459606212e-13,1.46192043031802e-13
1745,5.381763672857708e-10,6.160833208082496e-13,1.451973994234409e-13
1746,5.339523556836917e-10,6.106330685431364e-13,1.442104637747001e-13
1747,5.297550220889623e-10,6.052326392556704e-13,1.432312523060115e-13
1748,5.256058538777228e-10,5.998817811871556e-13,1.422596638009319e-13
1749,5.214920656398707e-10,5.94579970057465e-13,1.412956013437855e-13
1750,5.174132387068018e-10,5.893266173628169e-13,1.403389980354461e-13
1751,5.133644752153577e-10,5.841211912703815e-13,1.393897973142845e-13
1752,5.093499619005431e-10,5.789633197558391e-13,1.384479483403078e-13
1753,5.053716923690037e-10,5.738525526233998e-13,1.375134442943021e-13
1754,5.014344801849662e-10,5.687884123199319e-13,1.365861764772883e-13
1755,4.975197656796335e-10,5.637704961353584e-13,1.356661202031918e-13
1756,4.936448721677246e-10,5.587984670539253e-13,1.347531691039356e-13
1757,4.898030980576906e-10,5.53871986195689e-13,1.338472912165159e-13
1758,4.859929208718227e-10,5.489905386143437e-13,1.329483847841684e-13
1759,4.822176125861718e-10,5.441537125090816e-13,1.320563562625352e-13
1760,4.784675741004516e-10,5.393610112906602e-13,1.311711980980622e-13
1761,4.747579052248094e-10,5.346119674693422e-13,1.302928518070507e-13
1762,4.710715752595703e-10,5.299060256425266e-13,1.294213006265864e-13
1763,4.674216990106481e-10,5.252429658951709e-13,1.285564600451277e-13
1764,4.637989593322358e-10,5.206225316848091e-13,1.27698290774262e-13
1765,4.602155626508156e-10,5.160442499538637e-13,1.268467163951969e-13
1766,4.566526934633077e-10,5.115078359260961e-13,1.260016890455987e-13
1767,4.531242964588185e-10,5.070128374553136e-13,1.251631301554836e-13
1768,4.496241448795742e-10,5.025587827959983e-13,1.243310179804436e-13
1769,4.461614593467171e-10,4.981452547915828e-13,1.235053525059739e-13
1770,4.427161000438532e-10,4.937719480679769e-13,1.226860277551428e-13
1771,4.393111628248292e-10,4.89438412410054e-13,1.218729635598013e-13
1772,4.359298608820415e-10,4.851442513751149e-13,1.210660642633818e-13
1773,4.325755187061339e-10,4.808891397738915e-13,1.202653094086771e-13
1774,4.292567600880583e-10,4.766726904642206e-13,1.19470621346044e-13
1775,4.259589336739145e-10,4.724945923742829e-13,1.186819547954536e-13
1776,4.226958924568944e-10,4.683544504352451e-13,1.178993324097406e-13
1777,4.194551770613726e-10,4.642520734540195e-13,1.171226801359526e-13
1778,4.162395671670862e-10,4.601871053228797e-13,1.163519659250375e-13
1779,4.130541960883805e-10,4.561591487836602e-13,1.155871053445738e-13
1780,4.0990358502918e-10,4.521678921830581e-13,1.14828119942822e-13
1781,4.067718890203332e-10,4.482128718382437e-13,1.14074921313751e-13
1782,4.036635084753279e-10,4.442937122716229e-13,1.133274607361985e-13
1783,4.00589101179288e-10,4.404102231084617e-13,1.125857051917316e-13
1784,3.975315097645074e-10,4.365620255451973e-13,1.118495421210967e-13
1785,3.945046387527883e-10,4.327488251086952e-13,1.111189064480169e-13
1786,3.915064139342522e-10,4.289701538954054e-13,1.103938200882231e-13
1787,3.88531112387898e-10,4.25225849816811e-13,1.096742269128874e-13
1788,3.855824739152563e-10,4.215155170138205e-13,1.089600775539007e-13
1789,3.826576292602778e-10,4.178388503051807e-13,1.082513497627539e-13
1790,3.797591240516363e-10,4.141954815493829e-13,1.07548031401283e-13
1791,3.768803616772754e-10,4.105852810573589e-13,1.068500253655353e-13
1792,3.740291910877237e-10,4.070079054374922e-13,1.061572497734601e-13
1793,3.712034290170917e-10,4.034629222374807e-13,1.054696944544369e-13
1794,3.683983047673364e-10,3.99950027512662e-13,1.047873210296074e-13
1795,3.656202197197885e-10,3.964690368303598e-13,1.041100945420303e-13
1796,3.628586612687986e-10,3.930196126183931e-13,1.034380024134075e-13
1797,3.601327197317164e-10,3.896015231024257e-13,1.027709507793588e-13
1798,3.574173849345345e-10,3.862144736438501e-13,1.021088813033132e-13
1799,3.547293426129865e-10,3.82858246508559e-13,1.014517363075456e-13
1800,3.52065536691418e-10,3.795324164813027e-13,1.00799486589239e-13
1801,3.494196235460424e-10,3.762366872154149e-13,1.001521020813643e-13
1802,3.467972601964122e-10,3.729708236014832e-13,9.95095359537119e-14
1803,3.441983014396815e-10,3.697345017440796e-13,9.887179029119123e-14
1804,3.416197036333032e-10,3.665274984517392e-13,9.823884975828244e-14
1805,3.390653615300199e-10,3.633496256375065e-13,9.761065044346017e-14
1806,3.365257866762951e-10,3.602005942188251e-13,9.698715579444107e-14
1807,3.340125630965775e-10,3.570800643196966e-13,9.636832236874213e-14
1808,3.315219292037928e-10,3.539878135717627e-13,9.575412404426698e-14
1809,3.290466976718636e-10,3.509236477956077e-13,9.514450717608713e-14
1810,3.265986057036682e-10,3.478871616871753e-13,9.45394155398573e-14
1811,3.241679751066355e-10,3.448781094388462e-13,9.39388134558402e-14
1812,3.217502108105985e-10,3.418962429719327e-13,9.33426822072282e-14
1813,3.193631098764982e-10,3.38941448793011e-13,9.275096378569749e-14
1814,3.169954180512708e-10,3.360134243362574e-13,9.216363640773559e-14
1815,3.146405942774302e-10,3.331120571039432e-13,9.158068150881682e-14
1816,3.123110919543517e-10,3.302370321834207e-13,9.100204201298412e-14
1817,3.099961039546836e-10,3.273880086140588e-13,9.042768587270626e-14
1818,3.077076855199028e-10,3.245647069316262e-13,8.985756482962626e-14
1819,3.054260605053164e-10,3.217669847373632e-13,8.929165806221999e-14
1820,3.031742164501688e-10,3.189945182250284e-13,8.872993439314916e-14
1821,3.009403023979168e-10,3.162470397157304e-13,8.817239676853514e-14
1822,2.987167388472622e-10,3.135244449028231e-13,8.761894605488994e-14
1823,2.965227558356473e-10,3.108264676185608e-13,8.706957453016874e-14
1824,2.943387969520634e-10,3.08152933632718e-13,8.652420224774079e-14
1825,2.921757131057699e-10,3.055035385891861e-13,8.598281063178455e-14
1826,2.900308739404476e-10,3.02878027867925e-13,8.544544789243804e-14
1827,2.879008848926621e-10,3.002761576736303e-13,8.491202859339723e-14
1828,2.857916685610605e-10,2.976977830385807e-13,8.438248283317897e-14
1829,2.836984588217997e-10,2.951427200197242e-13,8.385682754608089e-14
1830,2.816236328493726e-10,2.926106922459132e-13,8.3335071209842e-14
1831,2.795633250642135e-10,2.90101527917057e-13,8.281709237360723e-14
1832,2.77522227065268e-10,2.87614938063053e-13,8.230294064851562e-14
1833,2.754948936876219e-10,2.851507578843817e-13,8.179256674648134e-14
1834,2.734893776844554e-10,2.827088591465446e-13,8.128589629015571e-14
1835,2.714959846747577e-10,2.802889243720636e-13,8.078288716552472e-14
1836,2.695201153444906e-10,2.778907260536706e-13,8.028348946228126e-14
1837,2.675626817676728e-10,2.755141492780165e-13,7.97876772245192e-14
1838,2.656192038248225e-10,2.731590275481774e-13,7.929545845878069e-14
1839,2.63686653815728e-10,2.708251342870974e-13,7.88068567704838e-14
1840,2.617828052517677e-10,2.685121948762301e-13,7.832177522431395e-14
1841,2.598787457652905e-10,2.662200228693437e-13,7.784019854552423e-14
1842,2.579988831099492e-10,2.639484377870686e-13,7.73620817875942e-14
1843,2.561347856484547e-10,2.616972606748304e-13,7.688741877811404e-14
1844,2.542818261697613e-10,2.594662829669956e-13,7.641619064289944e-14
1845,2.524514644837293e-10,2.572552776522965e-13,7.594833512165125e-14
1846,2.506279034136404e-10,2.550641344357886e-13,7.548387937654749e-14
1847,2.488253944498933e-10,2.528927243450736e-13,7.502279854692796e-14
1848,2.470324133921887e-10,2.507407692467051e-13,7.456505743736515e-14
1849,2.452534138715985e-10,2.486081698615547e-13,7.411060464772121e-14
1850,2.434985109003072e-10,2.464946956392e-13,7.365943975877899e-14
1851,2.41749039904217e-10,2.444003097950905e-13,7.321147250317257e-14
1852,2.40010303785657e-10,2.423247507395945e-13,7.276670561970672e-14
1853,2.382947814520956e-10,2.40267773464029e-13,7.232511172031476e-14
1854,2.365911931709253e-10,2.382292392307488e-13,7.188668520428622e-14
1855,2.348999804614289e-10,2.362089587271651e-13,7.145143183814536e-14
1856,2.332246216142252e-10,2.342068470967251e-13,7.101930945446144e-14
1857,2.315567173381101e-10,2.322226287889412e-13,7.059027998208056e-14
1858,2.299064841502903e-10,2.302561432925232e-13,7.016427749506752e-14
1859,2.282715127442535e-10,2.283072836341578e-13,6.974128350946049e-14
1860,2.266487338431224e-10,2.263758422997044e-13,6.932127997792343e-14
1861,2.25041353412753e-10,2.244617619249547e-13,6.890428154061061e-14
1862,2.234391263150604e-10,2.225648592041686e-13,6.849024157238962e-14
1863,2.218535670161401e-10,2.206848789489728e-13,6.807916901091698e-14
1864,2.202823266155827e-10,2.188217200035461e-13,6.767101326849983e-14
1865,2.187215365154457e-10,2.16975185781397e-13,6.7265723666157e-14
1866,2.171761639817552e-10,2.151451699378861e-13,6.686330590546501e-14
1867,2.156389213515243e-10,2.133315713997763e-13,6.646373753471164e-14
1868,2.14120676433282e-10,2.115341172633187e-13,6.606699064583002e-14
1869,2.126116465024704e-10,2.097527559438172e-13,6.56730944290154e-14
1870,2.111112818840182e-10,2.079873493699527e-13,6.528196614021147e-14
1871,2.096278003113409e-10,2.062377349409829e-13,6.489358630724585e-14
1872,2.081496488834369e-10,2.045037059935995e-13,6.450794051835894e-14
1873,2.066918165042057e-10,2.027851239674788e-13,6.412501458721511e-14
1874,2.052400238622785e-10,2.010818887094584e-13,6.374477728553837e-14
1875,2.037991983363891e-10,1.993939046446621e-13,6.336720063718893e-14
1876,2.023714656336313e-10,1.977210207463064e-13,6.299229541816502e-14
1877,2.00961337189475e-10,1.960630628383392e-13,6.262000269054469e-14
1878,1.995533046105858e-10,1.944198720756067e-13,6.225032463482913e-14
1879,1.981596893416591e-10,1.927913100844401e-13,6.188324104540832e-14
1880,1.967863339464565e-10,1.911773065352975e-13,6.151870571580785e-14
1881,1.954119610196522e-10,1.895776932281527e-13,6.115671540742892e-14
1882,1.940512669299353e-10,1.879922857231331e-13,6.079723914195865e-14
1883,1.92700574840049e-10,1.864210070511736e-13,6.04402699596071e-14
1884,1.913639855328136e-10,1.848637815494438e-13,6.008576881656294e-14
1885,1.90032973998945e-10,1.833204186171228e-13,5.97337110574401e-14
1886,1.887238552233712e-10,1.817908234692002e-13,5.938410982344264e-14
1887,1.87416927023525e-10,1.802748324221176e-13,5.903694335650395e-14
1888,1.861241981065139e-10,1.78772411124667e-13,5.869217638635743e-14
1889,1.848358813973549e-10,1.772833955690145e-13,5.834978201438434e-14
1890,1.835580994468596e-10,1.758076721011205e-13,5.80097588488016e-14
1891,1.822957088280554e-10,1.743451209763971e-13,5.767207658713063e-14
1892,1.810414871648951e-10,1.728955774829307e-13,5.733673160203866e-14
1893,1.797975243255302e-10,1.714588584862468e-13,5.700367794302021e-14
1894,1.785635694325171e-10,1.700349300272056e-13,5.667292419358297e-14
1895,1.773336844803859e-10,1.686236816341298e-13,5.634444151197478e-14
1896,1.761192339705564e-10,1.672249904598345e-13,5.60182179623125e-14
1897,1.749110117182554e-10,1.658387340405161e-13,5.569422009214252e-14
1898,1.737118672027404e-10,1.644648087328956e-13,5.537243472680445e-14
1899,1.725290755390618e-10,1.63103133134726e-13,5.505284900545263e-14
1900,1.713548594494502e-10,1.617535430753838e-13,5.473546121634637e-14
1901,1.701795058085933e-10,1.604159029242419e-13,5.442024569805613e-14
1902,1.69019363531866e-10,1.590901068025699e-13,5.410717911215092e-14
1903,1.678720645262412e-10,1.577760710042594e-13,5.379627111855246e-14
1904,1.667309390805121e-10,1.564736872500197e-13,5.34874549325319e-14
1905,1.655978226094625e-10,1.5518284836963e-13,5.31807508321907e-14
1906,1.644721291849482e-10,1.539034812667272e-13,5.28761255271759e-14
1907,1.633581462935084e-10,1.526354678320333e-13,5.257354896486684e-14
1908,1.622494205981485e-10,1.513786413763066e-13,5.227303269319938e-14
1909,1.611491467327024e-10,1.501329466854851e-13,5.19745542669744e-14
1910,1.600636090211694e-10,1.488982477407961e-13,5.167808185652728e-14
1911,1.589818940949972e-10,1.476744513891936e-13,5.138357911908178e-14
1912,1.579085487721395e-10,1.464615613428723e-13,5.109105540243547e-14
1913,1.568453505016816e-10,1.452594365628165e-13,5.080048182345018e-14
1914,1.557915768798575e-10,1.440678816040858e-13,5.051185870338721e-14
1915,1.547428813174703e-10,1.428868321105816e-13,5.022518036768859e-14
1916,1.537037125921746e-10,1.417161997320415e-13,4.994043229543805e-14
1917,1.526744758829647e-10,1.405558778012046e-13,4.965757528486853e-14
1918,1.51648857046445e-10,1.394057928292748e-13,4.937661412868657e-14
1919,1.506308051642667e-10,1.382658847144649e-13,4.909751702102078e-14
1920,1.496225997933365e-10,1.371360695701963e-13,4.882029338215353e-14
1921,1.486250931507767e-10,1.360161911350619e-13,4.854490304736247e-14
1922,1.476284170046416e-10,1.349061355733274e-13,4.827133254662192e-14
1923,1.466477045179621e-10,1.338058471085771e-13,4.799958635638945e-14
1924,1.456688308370551e-10,1.327152309115213e-13,4.77296479465976e-14
1925,1.447014887628046e-10,1.316341815305342e-13,4.746149939953541e-14
1926,1.437340782718128e-10,1.305626128856908e-13,4.719513754967502e-14
1927,1.427770185370179e-10,1.295004892902975e-13,4.693052062769568e-14
1928,1.418311550430497e-10,1.284477778525731e-13,4.666762720842656e-14
1929,1.408905125248831e-10,1.274043028920572e-13,4.640646644747017e-14
1930,1.399611505630056e-10,1.263700078217147e-13,4.614701837300699e-14
1931,1.39034965453295e-10,1.253447302461643e-13,4.588926820521643e-14
1932,1.381110104828888e-10,1.243283953772296e-13,4.563320014901466e-14
1933,1.371969269032801e-10,1.233209591457918e-13,4.537880600039011e-14
1934,1.362935286049423e-10,1.223223395743999e-13,4.512607321981712e-14
1935,1.353938157353038e-10,1.213324496093187e-13,4.487498840035816e-14
1936,1.345013589198863e-10,1.203512833947793e-13,4.462553552194633e-14
1937,1.336188874043083e-10,1.193786964846848e-13,4.437771892729592e-14
1938,1.327430350016744e-10,1.184146605613347e-13,4.413150860107701e-14
1939,1.318694763431443e-10,1.174590099637009e-13,4.388688866513351e-14
1940,1.31006433507852e-10,1.165116887680853e-13,4.364384339740256e-14
1941,1.301495603818732e-10,1.155726148644723e-13,4.340235626446225e-14
1942,1.292967277056614e-10,1.146417322665232e-13,4.316243393791524e-14
1943,1.284477074685949e-10,1.137189753944974e-13,4.292406511020628e-14
1944,1.27611476414923e-10,1.128043586233796e-13,4.268727360469136e-14
1945,1.267759135673887e-10,1.118977230668408e-13,4.245200402973116e-14
1946,1.2595315212973e-10,1.109989727926473e-13,4.221823888109456e-14
1947,1.251326215199893e-10,1.10108029495369e-13,4.198597307442415e-14
1948,1.243150420446518e-10,1.092248367930376e-13,4.175521754200767e-14
1949,1.235068408785821e-10,1.083493690122764e-13,4.15259331155373e-14
1950,1.227048200640337e-10,1.074815168561257e-13,4.129810923051151e-14
1951,1.219062953804293e-10,1.066212437211529e-13,4.107174463106389e-14
1952,1.211226714660699e-10,1.057684898458158e-13,4.08468201906085e-14
1953,1.20336304404602e-10,1.049231881551378e-13,4.062332021241518e-14
1954,1.195614224654942e-10,1.040852379011873e-13,4.040126563958737e-14
1955,1.187851197993749e-10,1.032546189688669e-13,4.018060900181308e-14
1956,1.180200670045096e-10,1.024312495159621e-13,3.996136380179867e-14
1957,1.172571777275012e-10,1.016150494921207e-13,3.974351102348418e-14
1958,1.165027531443069e-10,1.008059116750594e-13,3.952705477970693e-14
1959,1.157495731383196e-10,1.000037946541855e-13,3.93119724411448e-14
1960,1.150110282220151e-10,9.920868005437814e-14,3.909825263525816e-14
1961,1.14269993151667e-10,9.842043444257187e-14,3.888588573336756e-14
1962,1.135407138093806e-10,9.763903194792369e-14,3.867484028974055e-14
1963,1.128121884575886e-10,9.68643970681977e-14,3.846513264512633e-14
1964,1.120872700771167e-10,9.609648842345396e-14,3.825674291346959e-14
1965,1.113711339672938e-10,9.533523481270084e-14,3.804967858338907e-14
1966,1.106610937195362e-10,9.458056345265583e-14,3.784392089917051e-14
1967,1.09955629134037e-10,9.38324464897938e-14,3.763943802384784e-14
1968,1.092544233623839e-10,9.30908182035773e-14,3.743622846547718e-14
1969,1.085594517779418e-10,9.235560689666187e-14,3.723428129841898e-14
1970,1.078689687331133e-10,9.162673499189312e-14,3.703359602761262e-14
1971,1.071787554035526e-10,9.090413792764305e-14,3.683416056482351e-14
1972,1.065038682076297e-10,9.018778789649866e-14,3.663597731909387e-14
1973,1.058291876174118e-10,8.947759588475945e-14,3.643902718042036e-14
1974,1.051526448028752e-10,8.87735089523545e-14,3.624331475963064e-14
1975,1.044916665110935e-10,8.807552742245489e-14,3.60488390140721e-14
1976,1.038340391235213e-10,8.7383566700039e-14,3.585556219175982e-14
1977,1.031731043302821e-10,8.669760545656565e-14,3.566348238959951e-14
1978,1.025239647234584e-10,8.601758516977928e-14,3.547257553999766e-14
1979,1.01876608518025e-10,8.534341901015995e-14,3.528285289378294e-14
1980,1.012378099261676e-10,8.467501869010136e-14,3.509430692890933e-14
1981,1.005971057083005e-10,8.40123558405033e-14,3.490692883171399e-14
1982,9.996927055546238e-11,8.33553832341108e-14,3.47206940661443e-14
1983,9.933816155283023e-11,8.270405461812227e-14,3.453560835622421e-14
1984,9.871303384921574e-11,8.205829778844301e-14,3.435165377879785e-14
1985,9.80979187034506e-11,8.141809253538759e-14,3.41688329805645e-14
1986,9.748684641812022e-11,8.078342218199075e-14,3.398711918241236e-14
1987,9.687301070169007e-11,8.015421622146245e-14,3.380652299609063e-14
1988,9.62672615243789e-11,7.953036783819297e-14,3.36270196923451e-14
1989,9.566957868380571e-11,7.891185251145678e-14,3.344861604238772e-14
1990,9.507237736152263e-11,7.829868141078573e-14,3.32712995198828e-14
1991,9.448133732459155e-11,7.769078467391977e-14,3.309505574648972e-14
1992,9.389310891215786e-11,7.708808669245191e-14,3.291988892977193e-14
1993,9.330558090667804e-11,7.649054822176859e-14,3.274578269919771e-14
1994,9.272858151545605e-11,7.589812371460294e-14,3.257272618305805e-14
1995,9.215002883894674e-11,7.531077224823602e-14,3.240072807735609e-14
1996,9.158312593762582e-11,7.472847704613986e-14,3.222977169799027e-14
1997,9.101547450747915e-11,7.415114130348159e-14,3.205985227843073e-14
1998,9.045360806366655e-11,7.35787432576353e-14,3.189096633174489e-14
1999,8.989132009852649e-11,7.301118991250477e-14,3.172310414595977e-14
2000,8.933831805801974e-11,7.244846714493124e-14,3.155624928743452e-14
2001,8.878491050204101e-11,7.189053749010142e-14,3.139040589729472e-14
2002,8.824080149244369e-11,7.133732575682174e-14,3.122556633388082e-14
2003,8.769772928742483e-11,7.078883033194357e-14,3.106171586451062e-14
2004,8.715798589569329e-11,7.024498741259767e-14,3.089884970880481e-14
2005,8.662249677774476e-11,6.970577175272071e-14,3.073695642321297e-14
2006,8.609122538708403e-11,6.91711740871868e-14,3.057602589888147e-14
2007,8.556279411332586e-11,6.864114023861315e-14,3.041605730523622e-14
2008,8.503952324901196e-11,6.811560995848198e-14,3.025704448280833e-14
2009,8.451889936422785e-11,6.759455788684349e-14,3.009897075842284e-14
2010,8.40006615228156e-11,6.707792414345283e-14,2.994182824120711e-14
2011,8.348722304672211e-11,6.656565423190848e-14,2.978562476165424e-14
2012,8.297771931782823e-11,6.605772848374059e-14,2.963034706854742e-14
2013,8.247216974174615e-11,6.555411576971285e-14,2.94759824570783e-14
2014,8.19723503335813e-11,6.505474951684539e-14,2.93225129574679e-14
2015,8.147141023315705e-11,6.455960784898775e-14,2.916996518126837e-14
2016,8.097270430204539e-11,6.406867334245622e-14,2.901832152201926e-14
2017,8.048054100586384e-11,6.35818870780595e-14,2.886757558070537e-14
2018,8.000172425976237e-11,6.309920786329936e-14,2.871771252342847e-14
2019,7.950647827441995e-11,6.262062116432003e-14,2.856873877757832e-14
2020,7.902806491628363e-11,6.214609191190156e-14,2.84206508538898e-14
2021,7.854864225097166e-11,6.167558712068752e-14,2.827341777002318e-14
2022,7.807442019731847e-11,6.120904520344615e-14,2.812705693421683e-14
2023,7.760403195788616e-11,6.074644609362291e-14,2.798154954805675e-14
2024,7.713381161456503e-11,6.0287741415543e-14,2.783689715499761e-14
2025,7.667463248078666e-11,5.98329202327738e-14,2.769307385173865e-14
2026,7.621022255977755e-11,5.93819323721135e-14,2.755009338157806e-14
2027,7.575290815550961e-11,5.893475414261786e-14,2.740795289073946e-14
2028,7.529433809223852e-11,5.849135197311344e-14,2.72666406472511e-14
2029,7.484462478272643e-11,5.80517013337652e-14,2.712615279652272e-14
2030,7.439634459789935e-11,5.761573300541272e-14,2.698648264980277e-14
2031,7.394353777891705e-11,5.718341863003287e-14,2.684762189781818e-14
2032,7.350874144416744e-11,5.675473034594637e-14,2.670956342963939e-14
2033,7.306809021690646e-11,5.632963767925491e-14,2.657230597194112e-14
2034,7.262922227321212e-11,5.590811575117857e-14,2.643584061518809e-14
2035,7.219783593974699e-11,5.549014803423005e-14,2.63001550308215e-14
2036,7.17656526478423e-11,5.50756983850264e-14,2.616524852642072e-14
2037,7.133822339975358e-11,5.466472162406958e-14,2.603112221921167e-14
2038,7.091030278865317e-11,5.425718447525105e-14,2.589776387136733e-14
2039,7.049277971616945e-11,5.385306412886092e-14,2.576516453014696e-14
2040,7.007545712218044e-11,5.345231474446286e-14,2.56333329369537e-14
2041,6.965191704526418e-11,5.305490766640574e-14,2.550226025968648e-14
2042,6.92419833410239e-11,5.266081481531831e-14,2.53719329714664e-14
2043,6.883220928583972e-11,5.227001245381182e-14,2.524235168845829e-14
2044,6.842163867002036e-11,5.188249046779464e-14,2.51135115767693e-14
2045,6.801839456806254e-11,5.149820562521557e-14,2.498539838473076e-14
2046,6.76166635545235e-11,5.111712643829434e-14,2.485801668458327e-14
2047,6.721561235990569e-11,5.073921852077721e-14,2.473136287040864e-14
2048,6.682091250359589e-11,5.036444221930979e-14,2.460543509913155e-14
2049,6.642375576883954e-11,4.999278756042122e-14,2.448021464691219e-14
2050,6.603816863096447e-11,4.962419314088947e-14,2.435571220149558e-14
2051,6.564226502084111e-11,4.925867403537047e-14,2.423190868654278e-14
2052,6.525397296828657e-11,4.889622749813588e-14,2.410879633456049e-14
2053,6.487537906030328e-11,4.853678840691147e-14,2.398638927776079e-14
2054,6.449356669606298e-11,4.818032974976969e-14,2.386467442713854e-14
2055,6.411683003134685e-11,4.782684194776942e-14,2.374364218129634e-14
2056,6.374416832473723e-11,4.747628552169281e-14,2.362328473546544e-14
2057,6.336644088712976e-11,4.712863996293826e-14,2.350361150846392e-14
2058,6.299689838331948e-11,4.678388357624773e-14,2.338460371991773e-14
2059,6.262851859837323e-11,4.644198011455912e-14,2.326627272260692e-14
2060,6.226442629345655e-11,4.610291456041607e-14,2.314860051147687e-14
2061,6.189810461269663e-11,4.576665740881579e-14,2.30315934764807e-14
2062,6.154007576318987e-11,4.543320063326342e-14,2.291523763586472e-14
2063,6.118048130790002e-11,4.510250636964484e-14,2.27995358095332e-14
2064,6.082388749303721e-11,4.477458067047467e-14,2.268447793752453e-14
2065,6.046743012106742e-11,4.444938637509295e-14,2.257005909711668e-14
2066,6.011814414885278e-11,4.412685594670409e-14,2.24562800659386e-14
2067,5.977253964894576e-11,4.380699434743713e-14,2.234312930820156e-14
2068,5.942764005111108e-11,4.348975964637417e-14,2.223061116382867e-14
2069,5.907897247386632e-11,4.317512848384725e-14,2.211872015379925e-14
2070,5.873160813782958e-11,4.28630787584916e-14,2.200744807583217e-14
2071,5.839519156056485e-11,4.255361061900426e-14,2.18967926598972e-14
2072,5.80597169005333e-11,4.224669397227112e-14,2.178675167115354e-14
2073,5.772219071928525e-11,4.194231523507862e-14,2.167732912002439e-14
2074,5.738934445627742e-11,4.164042919105387e-14,2.156849659103737e-14
2075,5.705966264445068e-11,4.134102888040094e-14,2.146027227540199e-14
2076,5.673054410786614e-11,4.104407391517726e-14,2.135263166575545e-14
2077,5.640779160667948e-11,4.074956357333883e-14,2.124559399489029e-14
2078,5.608007164967864e-11,4.045747405210647e-14,2.113914246780826e-14
2079,5.575924662358244e-11,4.016777593790267e-14,2.103327115699185e-14
2080,5.543637259327287e-11,3.988046090468443e-14,2.09279790472904e-14
2081,5.511910297161555e-11,3.959550262552865e-14,2.082327114217764e-14
2082,5.480455522160359e-11,3.931287705010024e-14,2.071913537331817e-14
2083,5.448920235383105e-11,3.903256835214292e-14,2.061556876994077e-14
2084,5.41812883873078e-11,3.875455903083725e-14,2.051256376697497e-14
2085,5.386983648590439e-11,3.847881133300901e-14,2.041013455934027e-14
2086,5.356607501504124e-11,3.820531403752461e-14,2.030825490816595e-14
2087,5.325584855906162e-11,3.793404965713416e-14,2.020693105156998e-14
2088,5.294844667029772e-11,3.76649905186398e-14,2.010616277592103e-14
2089,5.2652861944227e-11,3.739812537569671e-14,2.000593683613801e-14
2090,5.234609534393288e-11,3.713343063313824e-14,1.990625049434734e-14
2091,5.205344999269579e-11,3.687089983375718e-14,1.980711625737588e-14
2092,5.175573327204611e-11,3.661052884658533e-14,1.970851714497734e-14
2093,5.146340053338337e-11,3.635228495741176e-14,1.961044970806291e-14
2094,5.116980740031941e-11,3.609614020064942e-14,1.95129183045087e-14
2095,5.088699303623467e-11,3.584205888418781e-14,1.941590901740876e-14
2096,5.059148860579423e-11,3.559001904530002e-14,1.931942248785195e-14
2097,5.030693737563873e-11,3.534005009388217e-14,1.922345787118571e-14
2098,5.001998683465043e-11,3.509214644893051e-14,1.912801488695674e-14
2099,4.974185723399152e-11,3.484626135307378e-14,1.903308594602733e-14
2100,4.945556974159787e-11,3.46023603636042e-14,1.89386718529178e-14
2101,4.91826766391838e-11,3.436044342605069e-14,1.884475688708616e-14
2102,4.890091174301054e-11,3.412047014243814e-14,1.875135227384506e-14
2103,4.863295239062756e-11,3.388243570958459e-14,1.865845268185573e-14
2104,4.835059971705527e-11,3.364631815183612e-14,1.856605438266176e-14
2105,4.808164567303966e-11,3.341210094480804e-14,1.84741546758772e-14
2106,4.781425571165624e-11,3.317977696963277e-14,1.838274944057977e-14
2107,4.754653355352605e-11,3.294932484697992e-14,1.8291833693704e-14
2108,4.727740437464074e-11,3.272073813008565e-14,1.820140105523528e-14
2109,4.700750082612757e-11,3.249400439927045e-14,1.811144838316467e-14
2110,4.675421884949745e-11,3.226907331151399e-14,1.802197858498588e-14
2111,4.648551178060256e-11,3.204598903583212e-14,1.793297562192311e-14
2112,4.622827301971167e-11,3.182471091108819e-14,1.784444990239017e-14
2113,4.597332970037908e-11,3.160522568841644e-14,1.775639353706828e-14
2114,4.571091845221827e-11,3.138749840725145e-14,1.766880564887111e-14
2115,4.545586213680635e-11,3.117151780024803e-14,1.758168450089149e-14
2116,4.521212762340873e-11,3.09572777336832e-14,1.749502271393938e-14
2117,4.495909502973168e-11,3.074475627724155e-14,1.740882460089899e-14
2118,4.469867862946265e-11,3.053394706922493e-14,1.732308164584963e-14
2119,4.445585192166233e-11,3.032483560561454e-14,1.723779290530821e-14
2120,4.421052520540128e-11,3.011739908376459e-14,1.715295694422921e-14
2121,4.396179194231265e-11,2.991163294546948e-14,1.706856633111126e-14
2122,4.372063913102371e-11,2.970751621084359e-14,1.698462017515633e-14
2123,4.347690282429152e-11,2.95050260738048e-14,1.690111931935974e-14
2124,4.324219990107836e-11,2.930416163193666e-14,1.68180647722625e-14
2125,4.299566289044419e-11,2.910489463350833e-14,1.673544902422949e-14
2126,4.275641972622032e-11,2.890721181931201e-14,1.665326381853503e-14
2127,4.252101495485694e-11,2.871111397407399e-14,1.657151545729311e-14
2128,4.228755353625483e-11,2.851657148940761e-14,1.649020637053549e-14
2129,4.206008459160318e-11,2.832358214620037e-14,1.640931616310036e-14
2130,4.183047458373518e-11,2.813214205878488e-14,1.632884654758874e-14
2131,4.159566146798691e-11,2.794220828398502e-14,1.624880662116468e-14
2132,4.13634885316292e-11,2.775378923569038e-14,1.616917649287559e-14
2133,4.113576400093165e-11,2.756688428006826e-14,1.608996339218269e-14
2134,4.091345630545393e-11,2.73814713276366e-14,1.601116466782819e-14
2135,4.068670350385397e-11,2.719753032703431e-14,1.593278913151192e-14
2136,4.045978051274669e-11,2.701505439680761e-14,1.585481806638023e-14
2137,4.024331467219232e-11,2.683402440536251e-14,1.577725624198056e-14
2138,4.002053566602903e-11,2.665441258256179e-14,1.570009117792923e-14
2139,3.9810085723215e-11,2.647623072131807e-14,1.562333404868847e-14
2140,3.95928328871181e-11,2.629945422954825e-14,1.554697741589998e-14
2141,3.936997001004539e-11,2.612409453426363e-14,1.547101444840401e-14
2142,3.916255193988937e-11,2.595010986013431e-14,1.53954488870229e-14
2143,3.894378119405988e-11,2.57775095879016e-14,1.532027752613175e-14
2144,3.873533443015227e-11,2.560627326926791e-14,1.524549650820231e-14
2145,3.852600929427728e-11,2.54363901884884e-14,1.51711074680256e-14
2146,3.831402943924418e-11,2.52678297768617e-14,1.509710308653843e-14
2147,3.81061589530286e-11,2.51005991437887e-14,1.502348036609214e-14
2148,3.789870304030656e-11,2.493467645658806e-14,1.495025303923547e-14
2149,3.768560368592768e-11,2.477006625495822e-14,1.487739872759287e-14
2150,3.748564932735701e-11,2.460674541529937e-14,1.480492013164544e-14
2151,3.728015155859756e-11,2.444470488058965e-14,1.473281761821402e-14
2152,3.707921617158473e-11,2.42839319200751e-14,1.46610937867257e-14
2153,3.687851160454351e-11,2.412442184819567e-14,1.458972804091257e-14
2154,3.667991073308551e-11,2.396617195101163e-14,1.451873572409737e-14
2155,3.648872444558821e-11,2.38091467917309e-14,1.444811549468106e-14
2156,3.629372376851655e-11,2.365334020721706e-14,1.437785542540692e-14
2157,3.608906789990086e-11,2.349873775776854e-14,1.430796256707379e-14
2158,3.590054692554562e-11,2.334533634137743e-14,1.42384312574636e-14
2159,3.570667355906243e-11,2.319312323123595e-14,1.416925457246251e-14
2160,3.55108749388466e-11,2.304209101077411e-14,1.410043877211833e-14
2161,3.531981872663902e-11,2.289222389627554e-14,1.403197190395198e-14
2162,3.512479614813123e-11,2.274351035643516e-14,1.396385678709572e-14
2163,3.49526500379506e-11,2.259595115846159e-14,1.389609788562141e-14
2164,3.475649452835016e-11,2.244952852313343e-14,1.382868622605724e-14
2165,3.457639326067291e-11,2.230424603102995e-14,1.376161494758554e-14
2166,3.438726078022948e-11,2.216008813596736e-14,1.369489086781501e-14
2167,3.419556645849743e-11,2.201703118339118e-14,1.362851093271868e-14
2168,3.402114443974293e-11,2.187508442481016e-14,1.35624649732179e-14
2169,3.384550479415241e-11,2.173423951136038e-14,1.349676618209873e-14
2170,3.365775861735935e-11,2.159447935645506e-14,1.343140120916358e-14
2171,3.34751552325371e-11,2.145578901790296e-14,1.336636884553545e-14
2172,3.329510025100479e-11,2.131816155736772e-14,1.330166854583178e-14
2173,3.31231194694218e-11,2.118158854149387e-14,1.323729476007552e-14
2174,3.295025783348284e-11,2.104606488984883e-14,1.317325209743701e-14
2175,3.27723814237607e-11,2.091158572759436e-14,1.310954558907361e-14
2176,3.25931862221645e-11,2.077813443883589e-14,1.304614818354989e-14
2177,3.242741323352101e-11,2.064569803750951e-14,1.298308315238165e-14
2178,3.225037482296303e-11,2.051427997063014e-14,1.292033535033216e-14
2179,3.208326987659636e-11,2.038386413367193e-14,1.285791457700015e-14
2180,3.190857050634494e-11,2.025445474703722e-14,1.279580389243574e-14
2181,3.174783710001045e-11,2.012604163361186e-14,1.273400702929192e-14
2182,3.157491970035398e-11,1.999860424229949e-14,1.267253379279373e-14
2183,3.140196836630674e-11,1.987212747533518e-14,1.261136921676085e-14
2184,3.124469304892494e-11,1.974662081866528e-14,1.255051463987675e-14
2185,3.107096142612604e-11,1.962206657712545e-14,1.248996720630946e-14
2186,3.090569041264517e-11,1.949846589162642e-14,1.242973052413612e-14
2187,3.075556850890551e-11,1.93758048101886e-14,1.236979138149406e-14
2188,3.058858163417656e-11,1.925406076272479e-14,1.231016454368615e-14
2189,3.042100090216625e-11,1.913324550799373e-14,1.225084083276134e-14
2190,3.026784691884831e-11,1.901334883807623e-14,1.219180621272877e-14
2191,3.010657290723053e-11,1.889436400106878e-14,1.213308310198052e-14
2192,2.994166074071974e-11,1.877628276815077e-14,1.207465319435877e-14
2193,2.979994229405275e-11,1.865908943102324e-14,1.201651343025726e-14
2194,2.963372735352247e-11,1.854278055951734e-14,1.195867045899431e-14
2195,2.947552189977387e-11,1.842734383096766e-14,1.190111963519648e-14
2196,2.933395936379838e-11,1.831278092098017e-14,1.184385372591655e-14
2197,2.917175310783784e-11,1.819908708370824e-14,1.178688410361326e-14
2198,2.902136284801258e-11,1.808627056466071e-14,1.173019565178234e-14
2199,2.887204229409913e-11,1.797429838250158e-14,1.167379530019291e-14
2200,2.871388268221513e-11,1.786316959490001e-14,1.161767643308177e-14
2201,2.857585625241947e-11,1.775287011877765e-14,1.156184111914111e-14
2202,2.842133467302741e-11,1.764340110671028e-14,1.150628179782367e-14
2203,2.827990088282436e-11,1.753476036630323e-14,1.145100905035009e-14
2204,2.812080259997015e-11,1.74269412947787e-14,1.139601354772508e-14
2205,2.797236905906099e-11,1.7319929993329e-14,1.13412864782531e-14
2206,2.783241680369671e-11,1.721372140781783e-14,1.128683786526875e-14
2207,2.76839833382975e-11,1.710832562597681e-14,1.123265825277374e-14
2208,2.755215459080083e-11,1.700371768368468e-14,1.117875394917661e-14
2209,2.739861512371433e-11,1.689989587964454e-14,1.112511807078735e-14
2210,2.72660157580981e-11,1.679686119492828e-14,1.107174974384344e-14
2211,2.711498560212367e-11,1.66946044103356e-14,1.101864855792904e-14
2212,2.697799365306236e-11,1.65931361554056e-14,1.096580763637353e-14
2213,2.68360677557276e-11,1.649243100455819e-14,1.091323332444933e-14
2214,2.67011754907665e-11,1.639248292700314e-14,1.08609284325717e-14
2215,2.65577914838801e-11,1.629329051074357e-14,1.080888162039572e-14
2216,2.642511910885354e-11,1.619485013997329e-14,1.075709861954416e-14
2217,2.628558931002076e-11,1.609716452544166e-14,1.07055706557884e-14
2218,2.615712426793082e-11,1.600021380418789e-14,1.065429892511239e-14
2219,2.601540568516786e-11,1.590398651755219e-14,1.060328561130652e-14
2220,2.5888433062424e-11,1.580847670504187e-14,1.055253010133578e-14
2221,2.574590170766731e-11,1.571367966462217e-14,1.050202360427708e-14
2222,2.562039786599263e-11,1.561959073529475e-14,1.045176577300019e-14
2223,2.548260629559986e-11,1.552619146108774e-14,1.040176545246182e-14
2224,2.536008859993717e-11,1.543347897266701e-14,1.035200458367155e-14
2225,2.5224281595753e-11,1.53414339577144e-14,1.030249942807053e-14
2226,2.509710923006131e-11,1.52500683513426e-14,1.025323337064037e-14
2227,2.496089295345054e-11,1.515936520653158e-14,1.020421473096906e-14
2228,2.484348296617374e-11,1.506932167818883e-14,1.015544419494701e-14
2229,2.470784993683477e-11,1.497993316602929e-14,1.01069070322818e-14
2230,2.45893485954262e-11,1.489118506817873e-14,1.005861751582614e-14
2231,2.446165397882092e-11,1.48030844269504e-14,1.001056087791473e-14
2232,2.433734844643082e-11,1.471562864669361e-14,9.962744547251776e-15
2233,2.421078516524409e-11,1.462879279009816e-14,9.91516221800123e-15
2234,2.408057219284126e-11,1.454257934143946e-14,9.867814114873253e-15
2235,2.397141446660344e-11,1.445699334885325e-14,9.820706339663829e-15
2236,2.383607782813241e-11,1.437201386714181e-14,9.773823810528376e-15
2237,2.372812552829718e-11,1.428764537391874e-14,9.727177832492133e-15
2238,2.359610841625432e-11,1.420387312801688e-14,9.680758082167762e-15
2239,2.348519760571021e-11,1.412070148147649e-14,9.634573280609374e-15
2240,2.335759149333975e-11,1.40381226544128e-14,9.588613342555326e-15
2241,2.324122367645119e-11,1.395613562852585e-14,9.542882785205661e-15
2242,2.312604022110633e-11,1.387473016910851e-14,9.497373247257448e-15
2243,2.300584531565926e-11,1.379389279962676e-14,9.452093232081658e-15
2244,2.2892035691955e-11,1.371364247969926e-14,9.407029743925326e-15
2245,2.2773716417084e-11,1.363395809904807e-14,9.362191388462727e-15
2246,2.264864855433447e-11,1.355483061100557e-14,9.31757477173928e-15
2247,2.255344014025554e-11,1.34762516656796e-14,9.273178870808827e-15
2248,2.243112115269903e-11,1.339822093092592e-14,9.229000382269109e-15
2249,2.231635772284515e-11,1.332075238520668e-14,9.185041512691181e-15
2250,2.220900825799987e-11,1.324380650076072e-14,9.141297036875293e-15
2251,2.208491233928188e-11,1.316739500143092e-14,9.097767263608005e-15
2252,2.198239505048384e-11,1.309150828161169e-14,9.054455361657585e-15
2253,2.186625397103414e-11,1.301614275732767e-14,9.011358458493185e-15
2254,2.175787735143847e-11,1.294129259769595e-14,8.968472251366014e-15
2255,2.165796729878856e-11,1.286696514531243e-14,8.92579082597381e-15
2256,2.154329949776187e-11,1.279315015791301e-14,8.883322022182484e-15
2257,2.14314209632562e-11,1.271984004416484e-14,8.84106601870847e-15
2258,2.132714784189518e-11,1.264703415445504e-14,8.799003913354755e-15
2259,2.121773270483489e-11,1.257472466766201e-14,8.75715795473498e-15
2260,2.110888299000837e-11,1.250291812106283e-14,8.715510906539637e-15
2261,2.101373340459468e-11,1.243159950413089e-14,8.674069575317953e-15
2262,2.089955864468677e-11,1.23607700322524e-14,8.632831403786245e-15
2263,2.079355287360748e-11,1.229042502810274e-14,8.591795219394464e-15
2264,2.070095368999206e-11,1.222055767809168e-14,8.550963319854484e-15
2265,2.058809063953026e-11,1.21511632788936e-14,8.510328506087459e-15
2266,2.047911222377209e-11,1.208223527680629e-14,8.469893155254973e-15
2267,2.039111834254646e-11,1.201378232235412e-14,8.42964757451253e-15
2268,2.028299157657844e-11,1.19457860627488e-14,8.389607516347524e-15
2269,2.017836560762255e-11,1.18782497343788e-14,8.34976106513815e-15
2270,2.008227289166934e-11,1.181116660345545e-14,8.310105216216669e-15
2271,1.997767701061337e-11,1.174454053094501e-14,8.270644680896076e-15
2272,1.98769269884365e-11,1.167835619915682e-14,8.231376046824096e-15
2273,1.978742924652019e-11,1.161261183865487e-14,8.19230467392014e-15
2274,1.967667187587643e-11,1.154730320415797e-14,8.153420386327087e-15
2275,1.957266730932934e-11,1.148244201950917e-14,8.114719345391612e-15
2276,1.948751483594086e-11,1.141802139373786e-14,8.076216529586861e-15
2277,1.939756132433144e-11,1.135402071560243e-14,8.037895836782763e-15
2278,1.929754056336994e-11,1.129044851144267e-14,7.999762927349843e-15
2279,1.919272400534953e-11,1.122729387925764e-14,7.961816023436861e-15
2280,1.910489111420103e-11,1.116456226040986e-14,7.924049667886526e-15
2281,1.901092655727055e-11,1.110223501442986e-14,7.886477433485304e-15
2282,1.890851853767242e-11,1.104032344973504e-14,7.849080024014713e-15
2283,1.882329357044463e-11,1.097881823393605e-14,7.811871904736527e-15
2284,1.872955963038294e-11,1.091772386669247e-14,7.774840176565029e-15
2285,1.863512565661656e-11,1.08570319376353e-14,7.737990369749818e-15
2286,1.853265500627658e-11,1.079673672222948e-14,7.70132285346004e-15
2287,1.845616417484635e-11,1.073684473274378e-14,7.664823060098926e-15
2288,1.835720740350988e-11,1.067734944411129e-14,7.628503284028663e-15
2289,1.826855741028109e-11,1.06182421042719e-14,7.59236823528721e-15
2290,1.817091937176131e-11,1.055953129152639e-14,7.556400117496138e-15
2291,1.80965589579306e-11,1.050118767405493e-14,7.520608018213797e-15
2292,1.799726556922436e-11,1.044322151292239e-14,7.484998082946889e-15
2293,1.791486840427004e-11,1.03856371566222e-14,7.449552270260514e-15
2294,1.781620579918029e-11,1.032842451448172e-14,7.414277975932781e-15
2295,1.774117773073415e-11,1.027159430109636e-14,7.379176225654494e-15
2296,1.764384646559294e-11,1.021513188094468e-14,7.3442474817553e-15
2297,1.755582083016692e-11,1.015903614972794e-14,7.309485281775162e-15
2298,1.746695577386747e-11,1.010330004620281e-14,7.274894721504733e-15
2299,1.739464447804473e-11,1.004792366696321e-14,7.2404679478143e-15
2300,1.729997084279138e-11,9.992908380839052e-15,7.206210003123256e-15
2301,1.722022854030167e-11,9.938245059757137e-15,7.172115553761619e-15
2302,1.712882810044677e-11,9.883934444912437e-15,7.138188478641578e-15
2303,1.705355892915397e-11,9.829973479771403e-15,7.104425739596346e-15
2304,1.696969967957385e-11,9.776354029446097e-15,7.07082822231107e-15
2305,1.68845994093378e-11,9.723078449729886e-15,7.037390477442632e-15
2306,1.679513281431554e-11,9.670144129596951e-15,7.004111283825675e-15
2307,1.671676651478895e-11,9.61755409495772e-15,6.970994153993274e-15
2308,1.664619678935034e-11,9.565298016095528e-15,6.938034536356455e-15
2309,1.655519011582565e-11,9.513379916202211e-15,6.905244118584221e-15
2310,1.647491569634573e-11,9.461780854194406e-15,6.872603999562339e-15
2311,1.638572690697358e-11,9.410510852794588e-15,6.840122987876324e-15
2312,1.631557498438588e-11,9.359570753364983e-15,6.807800355183969e-15
2313,1.624449637411479e-11,9.30895902355794e-15,6.775630344503899e-15
2314,1.615662360083155e-11,9.258666930903273e-15,6.74361427722419e-15
2315,1.606887029919155e-11,9.208691044248297e-15,6.711755443022136e-15
2316,1.599008826656137e-11,9.159038884294029e-15,6.680050110612922e-15
2317,1.592691056475102e-11,9.109691695757118e-15,6.648498560402071e-15
2318,1.584754176471738e-11,9.06065687360638e-15,6.617100666736553e-15
2319,1.576669781134409e-11,9.01193675671461e-15,6.585849036488021e-15
2320,1.568756442100148e-11,8.963522790538887e-15,6.554752249075602e-15
2321,1.560630345949055e-11,8.915410550175332e-15,6.523803919824877e-15
2322,1.554838758037966e-11,8.867609398630737e-15,6.493003915741107e-15
2323,1.54671693692946e-11,8.820102029228508e-15,6.462355969361427e-15
2324,1.538801907196606e-11,8.77289569070492e-15,6.431851157213407e-15
2325,1.530993548616804e-11,8.725986195500252e-15,6.401498099915628e-15
2326,1.523236535050419e-11,8.679366813545926e-15,6.371286142445471e-15
2327,1.516498099884499e-11,8.633048095506269e-15,6.341223351097661e-15
2328,1.510343388158002e-11,8.587018088090848e-15,6.31129997817392e-15
2329,1.501729487773945e-11,8.541271230788743e-15,6.281526393491366e-15
2330,1.495082417616658e-11,8.4958168201672e-15,6.251895276640115e-15
2331,1.487334007681913e-11,8.450642134418914e-15,6.222403719782834e-15
2332,1.479236675991394e-11,8.405743133311766e-15,6.193054501372343e-15
2333,1.474184034836424e-11,8.361129385769664e-15,6.163848066700545e-15
2334,1.466842953669544e-11,8.316792373330862e-15,6.134785358023137e-15
2335,1.459157862604868e-11,8.272725514886276e-15,6.105858638636072e-15
2336,1.451890785971318e-11,8.228932819811609e-15,6.077069880623991e-15
2337,1.444585438219019e-11,8.185408739474593e-15,6.0484161042614e-15
2338,1.437447958217752e-11,8.14215066893059e-15,6.019908008333154e-15
2339,1.431757066511836e-11,8.09916081216536e-15,5.991524544310539e-15
2340,1.425171983011528e-11,8.05643045618413e-15,5.963286181612902e-15
2341,1.417719533211912e-11,8.013959149532605e-15,5.935185649184663e-15
2342,1.410905356484528e-11,7.971751159473544e-15,5.907214956073624e-15
2343,1.403294126610684e-11,7.929800103244394e-15,5.879378163738062e-15
2344,1.395791840954396e-11,7.888095125217568e-15,5.851685644615057e-15
2345,1.390472976714359e-11,7.846654687832706e-15,5.824112249726721e-15
2346,1.384780610563472e-11,7.805472450525277e-15,5.796671639252348e-15
2347,1.377043386431763e-11,7.764530807852093e-15,5.769370828803713e-15
2348,1.370723564687175e-11,7.723842562016109e-15,5.742197449028006e-15
2349,1.364468078900974e-11,7.683393637910097e-15,5.7151524984903e-15
2350,1.356691905407526e-11,7.64319087844867e-15,5.688239127072225e-15
2351,1.350399150881262e-11,7.6032276268518e-15,5.661451465785777e-15
2352,1.345629923759111e-11,7.563506007509875e-15,5.634797020993177e-15
2353,1.338514437052696e-11,7.524021327673467e-15,5.608273377996476e-15
2354,1.332199734499247e-11,7.484778020872994e-15,5.581867433531953e-15
2355,1.326099546068055e-11,7.445768101359306e-15,5.555596118502795e-15
2356,1.318998021151436e-11,7.406986004204184e-15,5.529443896808492e-15
2357,1.31205395995921e-11,7.368442901036774e-15,5.503413667787011e-15
2358,1.305670494064745e-11,7.330125240251962e-15,5.477521898195117e-15
2359,1.301235890258938e-11,7.292039578904556e-15,5.451744001197288e-15
2360,1.295396185610503e-11,7.254166667781953e-15,5.426094369078497e-15
2361,1.288082942110292e-11,7.216530547752639e-15,5.400563231438015e-15
2362,1.282278995506422e-11,7.179113762011159e-15,5.375157317890024e-15
2363,1.276134906003137e-11,7.141921321124043e-15,5.3498699416092e-15
2364,1.269397158926296e-11,7.104945768017456e-15,5.324704204341876e-15
2365,1.262635574215432e-11,7.068183988829071e-15,5.299657836881777e-15
2366,1.257936985625419e-11,7.03164741247501e-15,5.274735449801354e-15
2367,1.252943312512698e-11,6.995318886559511e-15,5.249930514305356e-15
2368,1.24648400438606e-11,6.959205091829132e-15,5.225243439274529e-15
2369,1.240587707345357e-11,6.923310546970709e-15,5.20067073577192e-15
2370,1.234747609578608e-11,6.887617947814308e-15,5.176216830169354e-15
2371,1.227923649108775e-11,6.852135466421699e-15,5.151888645427323e-15
2372,1.222267665829858e-11,6.816859511271017e-15,5.127671442273805e-15
2373,1.215618280486902e-11,6.781789648256896e-15,5.103565659808185e-15
2374,1.210676075714182e-11,6.746926210200132e-15,5.079573576482672e-15
2375,1.206878672876091e-11,6.712264988544583e-15,5.055706925201918e-15
2376,1.200342350538173e-11,6.677803584255137e-15,5.031946413598225e-15
2377,1.19451668664313e-11,6.643554579715984e-15,5.00829503565765e-15
2378,1.188532327897683e-11,6.609491098308195e-15,4.984763006706044e-15
2379,1.183151207519332e-11,6.575626171593676e-15,4.961344796413993e-15
2380,1.177320389954724e-11,6.541957395682769e-15,4.938035177890721e-15
2381,1.171061408687374e-11,6.508489819016653e-15,4.914836661887687e-15
2382,1.165929088825875e-11,6.475215319883643e-15,4.891742789461221e-15
2383,1.160580839172732e-11,6.442122452553439e-15,4.868769720827257e-15
2384,1.156361254494091e-11,6.409224230220504e-15,4.845904613769079e-15
2385,1.150236199254584e-11,6.376519532908995e-15,4.823144957776982e-15
2386,1.144864247827841e-11,6.344005361501775e-15,4.800496034944112e-15
2387,1.139521019639972e-11,6.311679672558197e-15,4.777951754977973e-15
2388,1.134523893665538e-11,6.279533100696789e-15,4.75551718388101e-15
2389,1.128692507382731e-11,6.247574852093411e-15,4.733187330515484e-15
2390,1.1221925332332e-11,6.215793169999366e-15,4.710970545396277e-15
2391,1.116797434660474e-11,6.184197862051184e-15,4.688854313601702e-15
2392,1.112278604379849e-11,6.152780637039715e-15,4.666843355865291e-15
2393,1.108313074280642e-11,6.121547573891163e-15,4.644937654584702e-15
2394,1.103443530818593e-11,6.090486925447955e-15,4.623138236564558e-15
2395,1.097456445227318e-11,6.059599590267112e-15,4.60143929623795e-15
2396,1.092187275477661e-11,6.028891278240174e-15,4.57984550419711e-15
2397,1.087133220720656e-11,5.998361321168712e-15,4.558354824464694e-15
2398,1.082229643278186e-11,5.967997786976802e-15,4.536964351460969e-15
2399,1.076767921711316e-11,5.937813821844241e-15,4.515676148052755e-15
2400,1.071443511989169e-11,5.907792570029721e-15,4.494495180939961e-15
2401,1.065941955421634e-11,5.877937414734743e-15,4.473410435318426e-15
2402,1.060720300585929e-11,5.848252834302158e-15,4.452426048566151e-15
2403,1.057289929692676e-11,5.818738143964894e-15,4.431542160977488e-15
2404,1.053888605488166e-11,5.789392389707341e-15,4.410753227264401e-15
2405,1.047628247492417e-11,5.760209286951988e-15,4.390066712544962e-15
2406,1.042870426422896e-11,5.731184988363499e-15,4.3694767670539e-15
2407,1.037874004731338e-11,5.702328764003003e-15,4.348988935732772e-15
2408,1.032699654187555e-11,5.673636454121353e-15,4.32859424385213e-15
2409,1.028381178511395e-11,5.645097390428889e-15,4.308303263644097e-15
2410,1.023011870803185e-11,5.616731607013817e-15,4.288100155923223e-15
2411,1.017951587813914e-11,5.588515180362344e-15,4.267998177024912e-15
2412,1.013126678347074e-11,5.560455744401922e-15,4.247995250995705e-15
2413,1.008534876207213e-11,5.532561894388072e-15,4.228079804409332e-15
2414,1.00466354730645e-11,5.504819472638977e-15,4.20826233908658e-15
2415,1.000822115245621e-11,5.477227512786342e-15,4.188540554143316e-15
2416,9.959201632006175e-12,5.449793993081344e-15,4.168911398516528e-15
2417,9.906809908935337e-12,5.422514138390163e-15,4.149371896078516e-15
2418,9.862180725946524e-12,5.395384999704333e-15,4.129929750966868e-15
2419,9.813392205107197e-12,5.368399475763735e-15,4.110576754883155e-15
2420,9.774169633587491e-12,5.341576947565739e-15,4.091310948703196e-15
2421,9.730825951260274e-12,5.314897319563456e-15,4.072143462984632e-15
2422,9.684621011313908e-12,5.288360043667849e-15,4.053070786016521e-15
2423,9.633356649106847e-12,5.261975878008788e-15,4.034082459310778e-15
2424,9.589276398225116e-12,5.235724002385349e-15,4.015188810263381e-15
2425,9.540626114418354e-12,5.209626420551388e-15,3.996380219651066e-15
2426,9.491267664981617e-12,5.183664195717109e-15,3.977663092119474e-15
2427,9.451646043064256e-12,5.157848003309878e-15,3.959031458004123e-15
2428,9.419106399879334e-12,5.132179475757324e-15,3.940490951695185e-15
2429,9.393722080047117e-12,5.106649505284243e-15,3.922040971091627e-15
2430,9.333689915908886e-12,5.081248731566677e-15,3.903675534563269e-15
2431,9.290486597514971e-12,5.055998420695267e-15,3.885396282238055e-15
2432,9.248900487420716e-12,5.030889742821845e-15,3.867202346184787e-15
2433,9.203624052585937e-12,5.005908974752013e-15,3.849103509677838e-15
2434,9.16353300493215e-12,4.981067161790056e-15,3.831079762552159e-15
2435,9.123532189128318e-12,4.956361014451491e-15,3.813144957727644e-15
2436,9.076804251141866e-12,4.931788969799387e-15,3.795291180254217e-15
2437,9.038115357112798e-12,4.907347498953908e-15,3.77753392746274e-15
2438,8.995972293639538e-12,4.883039507699525e-15,3.759851012794598e-15
2439,8.940985967067945e-12,4.858868764550022e-15,3.742255603647386e-15
2440,8.899812452365017e-12,4.834827682002856e-15,3.724740194199584e-15
2441,8.864622667125296e-12,4.810917676024756e-15,3.707309253315483e-15
2442,8.839462203072866e-12,4.787136163808776e-15,3.68996284274134e-15
2443,8.80377795354748e-12,4.763490039691642e-15,3.672699070737811e-15
2444,8.762243744629519e-12,4.73995995689465e-15,3.655513483368531e-15
2445,8.714931621183934e-12,4.71656660702482e-15,3.638412519025105e-15
2446,8.675432371580967e-12,4.69329765434505e-15,3.621391667891577e-15
2447,8.632133285907155e-12,4.670157427126172e-15,3.604448486039416e-15
2448,8.596483893609856e-12,4.647135726421262e-15,3.587591033356596e-15
2449,8.55974083833966e-12,4.624237791434521e-15,3.570811524307218e-15
2450,8.521881357606057e-12,4.601467496574974e-15,3.554112437789076e-15
2451,8.481366718123978e-12,4.578816969915004e-15,3.537486400105003e-15
2452,8.439334485623154e-12,4.556290437509094e-15,3.520943115190633e-15
2453,8.400628493441101e-12,4.533890472844662e-15,3.504476589413974e-15
2454,8.366415995534194e-12,4.511602889931031e-15,3.488087853752358e-15
2455,8.328045016347395e-12,4.489429204715531e-15,3.471781098517741e-15
2456,8.280735622760365e-12,4.467388226007664e-15,3.455545933454178e-15
2457,8.23392207600144e-12,4.445456596109464e-15,3.439387862745701e-15
2458,8.214247609092666e-12,4.4236394400254e-15,3.423310358549634e-15
2459,8.175688646167081e-12,4.401940027742494e-15,3.4073046162567e-15
2460,8.145768034392333e-12,4.380358447545325e-15,3.391380849635929e-15
2461,8.115956592228624e-12,4.358894038076917e-15,3.375526757644259e-15
2462,8.073437265204807e-12,4.337539377214684e-15,3.359746268889694e-15
2463,8.028505509967381e-12,4.316292796100384e-15,3.344050799800175e-15
2464,8.00188802958494e-12,4.295166549031694e-15,3.328416118843158e-15
2465,7.954762645702653e-12,4.274148574394682e-15,3.312861328312636e-15
2466,7.928096204134493e-12,4.253239739828086e-15,3.297380563869508e-15
2467,7.88197592301728e-12,4.232457091165028e-15,3.281970794677641e-15
2468,7.859150818036806e-12,4.211767787037597e-15,3.266637742250513e-15
2469,7.821750191511044e-12,4.191192984959981e-15,3.251375177900522e-15
2470,7.779192659180243e-12,4.170728416802121e-15,3.236187248104638e-15
2471,7.750773779932164e-12,4.150370384567247e-15,3.221065859568258e-15
2472,7.710531074359543e-12,4.130125364491076e-15,3.20601695612384e-15
2473,7.676886800251727e-12,4.109976836950088e-15,3.191042609438954e-15
2474,7.639526943334209e-12,4.089942728598712e-15,3.176138156513652e-15
2475,7.601273095684445e-12,4.07001005709811e-15,3.1613003475573e-15
2476,7.562844824654382e-12,4.050181184809691e-15,3.146535778242649e-15
2477,7.528114432334767e-12,4.030458743871625e-15,3.131843534939447e-15
2478,7.493407146101285e-12,4.010840322939343e-15,3.1172168317138e-15
2479,7.470356344391358e-12,3.99132441712839e-15,3.102660619597029e-15
2480,7.446622097051865e-12,3.971915154886496e-15,3.088176049506993e-15
2481,7.419376253835984e-12,3.952605958971049e-15,3.073751330026517e-15
2482,7.383123156556138e-12,3.933400652847734e-15,3.059397465674237e-15
2483,7.342006547790005e-12,3.914289268941649e-15,3.045114447628803e-15
2484,7.31456080306038e-12,3.895274655249659e-15,3.030901330990522e-15
2485,7.283887370134899e-12,3.876370403712623e-15,3.016748910531393e-15
2486,7.248363338091107e-12,3.857567483119618e-15,3.00266427735903e-15
2487,7.217237324560753e-12,3.838853415541499e-15,2.988647716222719e-15
2488,7.18018339713158e-12,3.820240578107625e-15,2.974701018716363e-15
2489,7.153849146767413e-12,3.801715930236338e-15,2.960817497489507e-15
2490,7.119845181382058e-12,3.783297490379955e-15,2.946996850715625e-15
2491,7.093022771117422e-12,3.76497283198505e-15,2.933242327544176e-15
2492,7.054696981912604e-12,3.746747184803339e-15,2.919553321831531e-15
2493,7.027038213351384e-12,3.728616407948794e-15,2.905928939252662e-15
2494,6.996532494156141e-12,3.710575003340453e-15,2.892367058741954e-15
2495,6.96537753257934e-12,3.692630004377296e-15,2.878874395200099e-15
2496,6.935068156766034e-12,3.674772725885487e-15,2.865444345994379e-15
2497,6.903532949909823e-12,3.657013047437736e-15,2.852072241070318e-15
2498,6.865916902068521e-12,3.639338504246728e-15,2.838769427595543e-15
2499,6.827385673529857e-12,3.621764104260825e-15,2.825522176945913e-15
2500,6.798763209679046e-12,3.604272057639946e-15,2.81234537718275e-15
2501,6.768629893555361e-12,3.586876150453684e-15,2.799218350859175e-15
2502,6.7356544542543e-12,3.569564736822067e-15,2.786165526796154e-15
2503,6.712678833310529e-12,3.552349150349093e-15,2.773171792745628e-15
2504,6.693611033121539e-12,3.535218594642099e-15,2.760234797978384e-15
2505,6.671694842386279e-12,3.518170287812374e-15,2.747362942117454e-15
2506,6.644084421732226e-12,3.501221776663277e-15,2.734551809111722e-15
2507,6.60935870965119e-12,3.484355467335979e-15,2.721798114301166e-15
2508,6.577259063095103e-12,3.467571288569347e-15,2.709105386019396e-15
2509,6.552435958583668e-12,3.450880625330564e-15,2.696470047959679e-15
2510,6.518752634065593e-12,3.43427227444852e-15,2.68390029229927e-15
2511,6.49393712946871e-12,3.417744991309515e-15,2.671386299249718e-15
2512,6.463787878193392e-12,3.401304801702649e-15,2.65892985223113e-15
2513,6.435498941508277e-12,3.384948869444367e-15,2.646536110431357e-15
2514,6.413249914002226e-12,3.368677988603057e-15,2.634196420306763e-15
2515,6.377234753745278e-12,3.352487500370518e-15,2.621915053326309e-15
2516,6.349200028075552e-12,3.336380781110075e-15,2.609694953904321e-15
2517,6.323602131876673e-12,3.320350459481535e-15,2.597532357759302e-15
2518,6.29088897465099e-12,3.304412867569645e-15,2.585422202712866e-15
2519,6.275960820547895e-12,3.288550530640738e-15,2.573373039681092e-15
2520,6.244896961753916e-12,3.272773217807199e-15,2.561377458962063e-15
2521,6.211538333221889e-12,3.257075437546001e-15,2.549441186628665e-15
2522,6.186449835947345e-12,3.241453161816514e-15,2.537559006084365e-15
2523,6.158645673048535e-12,3.225918607891763e-15,2.525731688039688e-15
2524,6.138710497290694e-12,3.210459453977709e-15,2.513964762467937e-15
2525,6.104688814168008e-12,3.195079697439928e-15,2.502253343620308e-15
2526,6.076808838417943e-12,3.179774620623786e-15,2.490594307377143e-15
2527,6.044717825250467e-12,3.164548159150182e-15,2.478990132305994e-15
2528,6.018697256753012e-12,3.149402974859841e-15,2.467439496421529e-15
2529,5.999086040178024e-12,3.13433399659709e-15,2.455943193937852e-15
2530,5.960500660345305e-12,3.119338704868765e-15,2.444503772342691e-15
2531,5.927949307991699e-12,3.104423921099043e-15,2.433117087372973e-15
2532,5.90425765023012e-12,3.089580316244034e-15,2.421782205168612e-15
2533,5.878425687403793e-12,3.074810475807459e-15,2.410502653149706e-15
2534,5.860640676427162e-12,3.060120095802531e-15,2.399276064505625e-15
2535,5.845033932139745e-12,3.04550428258691e-15,2.388100776915188e-15
2536,5.830249048265436e-12,3.030959013516727e-15,2.376981940142149e-15
2537,5.807593256480873e-12,3.016483895544438e-15,2.365913447993738e-15
2538,5.777624104052742e-12,3.00208669990414e-15,2.354893819249707e-15
2539,5.753744404696132e-12,2.98776593035559e-15,2.34392666513609e-15
2540,5.7189796547323e-12,2.973515162741844e-15,2.333013149711356e-15
2541,5.702769960913861e-12,2.959326220025267e-15,2.322151991951547e-15
2542,5.678939762842969e-12,2.945216087375633e-15,2.3113417199565e-15
2543,5.65448626359166e-12,2.931170652725825e-15,2.300579836858344e-15
2544,5.630475394504898e-12,2.917201224730384e-15,2.289871160266065e-15
2545,5.610833299576855e-12,2.903303628533212e-15,2.279208065490805e-15
2546,5.579158165182862e-12,2.889467964254438e-15,2.268599420334231e-15
2547,5.558670003913498e-12,2.875716528967703e-15,2.25803800595838e-15
2548,5.533817551955722e-12,2.862020834947538e-15,2.247527855951458e-15
2549,5.507999201233896e-12,2.848399489386235e-15,2.237066334264508e-15
2550,5.485228803759297e-12,2.834834252861154e-15,2.226656441178249e-15
2551,5.460621664444542e-12,2.821348372849941e-15,2.216294638723515e-15
2552,5.438272927222861e-12,2.807937254048351e-15,2.205976971655397e-15
2553,5.413935170105386e-12,2.794578538798565e-15,2.195710987300282e-15
2554,5.396930546145615e-12,2.781291365559404e-15,2.185494659966209e-15
2555,5.370864309838122e-12,2.768073519037318e-15,2.17532439151006e-15
2556,5.352149364687532e-12,2.754915051641596e-15,2.165204355374836e-15
2557,5.324158911455004e-12,2.741826865513787e-15,2.155129479375616e-15
2558,5.301832202232913e-12,2.728806278627129e-15,2.145103458319154e-15
2559,5.276475792201238e-12,2.71584604992056e-15,2.135121208878678e-15
2560,5.258268042402236e-12,2.70295549421533e-15,2.125189692559388e-15
2561,5.237402671204242e-12,2.690126980302131e-15,2.115301949078929e-15
2562,5.214035271349031e-12,2.677358532208692e-15,2.105463495999198e-15
2563,5.188873647755898e-12,2.664659222277102e-15,2.09566971080209e-15
2564,5.170597558605803e-12,2.652022114781469e-15,2.08592048708682e-15
2565,5.146527477525315e-12,2.639443931285517e-15,2.076215688474065e-15
2566,5.123804243309788e-12,2.626934888569256e-15,2.066561500510757e-15
2567,5.100143380228172e-12,2.614490441496083e-15,2.056949188170829e-15
2568,5.08135118103935e-12,2.602099070176243e-15,2.047380181187972e-15
2569,5.058238315071929e-12,2.589770684924191e-15,2.037864252604156e-15
2570,5.036433673022879e-12,2.577504587396285e-15,2.028383368976984e-15
2571,5.01493378930235e-12,2.565295117260901e-15,2.018954245608589e-15
2572,4.982287227979342e-12,2.55315845723647e-15,2.009563818533179e-15
2573,4.961899961109833e-12,2.541067099649531e-15,2.000219343427157e-15
2574,4.946833698102279e-12,2.529047590152954e-15,1.990918260923022e-15
2575,4.920027894889117e-12,2.517077146577534e-15,1.98166211363322e-15
2576,4.903427706433288e-12,2.505168701117024e-15,1.972450202809675e-15
2577,4.868728470668966e-12,2.493319105709121e-15,1.963283775475753e-15
2578,4.866062518103757e-12,2.481533381601361e-15,1.954152120819931e-15
2579,4.850501047604006e-12,2.469802306167063e-15,1.945066630629917e-15
2580,4.829751150226543e-12,2.458134251183899e-15,1.936027730812308e-15
2581,4.805038306076333e-12,2.446517266131737e-15,1.927027435100628e-15
2582,4.803262811517824e-12,2.434960460150653e-15,1.918073395459958e-15
2583,4.77325667698749e-12,2.423461770185733e-15,1.909157359894445e-15
2584,4.75777792643235e-12,2.41201930359607e-15,1.900282879880454e-15
2585,4.736438022401156e-12,2.4006276672174e-15,1.891451443551545e-15
2586,4.713575315174146e-12,2.389299011948978e-15,1.882660512883108e-15
2587,4.693416434553505e-12,2.378023423889791e-15,1.873911387682532e-15
2588,4.677840558860703e-12,2.36680181966418e-15,1.86520469550542e-15
2589,4.660129408995844e-12,2.355638074357754e-15,1.856534745394147e-15
2590,4.639538868463709e-12,2.344525202993905e-15,1.847909687229781e-15
2591,4.614926736568781e-12,2.333466747499642e-15,1.839325470616124e-15
2592,4.597157492972168e-12,2.322460549632409e-15,1.830781415988319e-15
2593,4.581509820106523e-12,2.311509538540276e-15,1.822267949178802e-15
2594,4.560799010907035e-12,2.300614530591504e-15,1.813808751187077e-15
2595,4.544399048602453e-12,2.289769146980274e-15,1.805377756148824e-15
2596,4.523689246731613e-12,2.278983307680551e-15,1.796991745286233e-15
2597,4.505238979150805e-12,2.268245866657262e-15,1.788646636506831e-15
2598,4.488903428280078e-12,2.257562612702366e-15,1.780338102128109e-15
2599,4.467484449130429e-12,2.24693367765716e-15,1.772067601459599e-15
2600,4.447958151300344e-12,2.236351858110433e-15,1.763838288607961e-15
2601,4.431267060544678e-12,2.225825071414933e-15,1.755646889921844e-15
2602,4.412037020752732e-12,2.215349431477938e-15,1.747490062219985e-15
2603,4.401537123677248e-12,2.204926228204986e-15,1.739372946944609e-15
2604,4.378160968095866e-12,2.194546144671752e-15,1.731297451672428e-15
2605,4.363261124719832e-12,2.184230655076113e-15,1.723255446228696e-15
2606,4.339057993223759e-12,2.173956214507321e-15,1.715253897461761e-15
2607,4.322022660250184e-12,2.163730647409423e-15,1.707289060013955e-15
2608,4.304793004516455e-12,2.153553649270262e-15,1.69936567462415e-15
2609,4.289487148730636e-12,2.143437842185798e-15,1.691472795695079e-15
2610,4.272213119219158e-12,2.133352686077426e-15,1.683621518181307e-15
2611,4.256900743721355e-12,2.123334948752512e-15,1.675804584093378e-15
2612,4.238661361101627e-12,2.113368822009252e-15,1.66801948589427e-15
2613,4.220782476323176e-12,2.103436011907057e-15,1.660277835662766e-15
2614,4.203629149989082e-12,2.093554287292662e-15,1.652576151983111e-15
2615,4.192140154069727e-12,2.083720693748167e-15,1.644901993263162e-15
2616,4.168195538928631e-12,2.073934079496018e-15,1.637268785795769e-15
2617,4.152620297049083e-12,2.064195122561197e-15,1.629664025591564e-15
2618,4.140359598995603e-12,2.054509886984554e-15,1.622101619910623e-15
2619,4.120244527418069e-12,2.044868114885677e-15,1.614574023986342e-15
2620,4.098098234020361e-12,2.03527679102504e-15,1.607081453595794e-15
2621,4.087474951738374e-12,2.025720593972302e-15,1.599622488157454e-15
2622,4.074627014408861e-12,2.01622061258021e-15,1.592201026610426e-15
2623,4.052135496923257e-12,2.006773515056149e-15,1.584810658765315e-15
2624,4.040437900709381e-12,1.997361225291326e-15,1.577458827602381e-15
2625,4.020508326228901e-12,1.987996519169813e-15,1.570134320241762e-15
2626,4.00583474320865e-12,1.978677931845314e-15,1.562849489952671e-15
2627,3.98634804246088e-12,1.969403808814312e-15,1.555600705325633e-15
2628,3.972846744454758e-12,1.960178284775385e-15,1.548382529541278e-15
2629,3.954403221422859e-12,1.950992123936151e-15,1.54119612144556e-15
2630,3.94041631738847e-12,1.941855255008854e-15,1.534047808987956e-15
2631,3.92305073408756e-12,1.93275947924893e-15,1.526932191865669e-15
2632,3.910873232256873e-12,1.923709659411928e-15,1.519845003820406e-15
2633,3.892313012679254e-12,1.914704382503424e-15,1.512798430635664e-15
2634,3.8854167901234e-12,1.905742092303449e-15,1.505782953859375e-15
2635,3.858849870333716e-12,1.896823784131792e-15,1.498797282470364e-15
2636,3.848692057574161e-12,1.887943853617928e-15,1.491842719677272e-15
2637,3.839721552674075e-12,1.879108038120674e-15,1.484921899442896e-15
2638,3.813477326175872e-12,1.870313748478482e-15,1.478040942826103e-15
2639,3.799813059967691e-12,1.861563342922609e-15,1.471185936580952e-15
2640,3.781742056606901e-12,1.852859567617914e-15,1.46435846877496e-15
2641,3.759708472107263e-12,1.844194146563264e-15,1.457568839886851e-15
2642,3.753532267103909e-12,1.835571752023312e-15,1.45081025826257e-15
2643,3.742242171555799e-12,1.826990814417816e-15,1.444081707379261e-15
2644,3.716889693480027e-12,1.818452330713525e-15,1.437384841655743e-15
2645,3.694723385758069e-12,1.809942933638583e-15,1.430721972026512e-15
2646,3.685248532519876e-12,1.801486171136024e-15,1.424087523832167e-15
2647,3.670621428003308e-12,1.793072616857776e-15,1.417483187561873e-15
2648,3.66799107645921e-12,1.784690671819879e-15,1.41091436720372e-15
2649,3.635821555593092e-12,1.776355761086352e-15,1.404373102590368e-15
2650,3.62076903870739e-12,1.768058375206344e-15,1.397861761773944e-15
2651,3.600179801986322e-12,1.75979616442082e-15,1.391381636726925e-15
2652,3.585649105005154e-12,1.751576649686301e-15,1.384934892557341e-15
2653,3.571533758636138e-12,1.743400658417766e-15,1.378513007862431e-15
2654,3.557199759151671e-12,1.73525829926999e-15,1.372127377422514e-15
2655,3.550645668141743e-12,1.727160903925135e-15,1.365763425979559e-15
2656,3.553419728475864e-12,1.719104906788039e-15,1.359432693649268e-15
2657,3.523616662035743e-12,1.711080266691102e-15,1.353131631120134e-15
2658,3.52406610541187e-12,1.703093658952347e-15,1.346859992854445e-15
2659,3.502447433574177e-12,1.695142273129756e-15,1.340621174721962e-15
2660,3.494236281397043e-12,1.687239577653531e-15,1.33440550840928e-15
2661,3.491041757014108e-12,1.679368684625268e-15,1.328221687288518e-15
2662,3.48006313598058e-12,1.671533656449515e-15,1.322069566889695e-15
2663,3.462089957228732e-12,1.663741504590998e-15,1.315940379781687e-15
2664,3.448609532410028e-12,1.655981336672559e-15,1.30984447846733e-15
2665,3.436483369131463e-12,1.64826101889796e-15,1.303775386250766e-15
2666,3.424637329947832e-12,1.640581830249902e-15,1.29773709104485e-15
2667,3.408606027050039e-12,1.632934548425024e-15,1.291720079023371e-15
2668,3.395393565144547e-12,1.625322946783351e-15,1.285739205282463e-15
2669,3.384526492354717e-12,1.617751468959008e-15,1.279780772159308e-15
2670,3.367308542292556e-12,1.610212283403905e-15,1.273851223541835e-15
2671,3.35751191944379e-12,1.602715437745607e-15,1.267951699976637e-15
2672,3.345973444160201e-12,1.59524206599601e-15,1.262077207858063e-15
2673,3.33510158480207e-12,1.587812112703663e-15,1.256233113403537e-15
2674,3.318733360044444e-12,1.580417895108812e-15,1.250413808864792e-15
2675,3.308352349033341e-12,1.573058996412322e-15,1.244623176071343e-15
2676,3.296849848493074e-12,1.565730718049583e-15,1.238859840898193e-15
2677,3.277734591676851e-12,1.558441292572819e-15,1.233120668053899e-15
2678,3.27203692638192e-12,1.551186038748141e-15,1.227407100473907e-15
2679,3.256329360628968e-12,1.543962596531717e-15,1.221730495521701e-15
2680,3.247181962006915e-12,1.536777702673635e-15,1.216067569682877e-15
2681,3.239129436276745e-12,1.529630006636482e-15,1.210436545120288e-15
2682,3.225974867833821e-12,1.522509189421817e-15,1.204830297095842e-15
2683,3.205853343469533e-12,1.515420577657899e-15,1.199256437149303e-15
2684,3.191952999436306e-12,1.508371225550371e-15,1.193700813741318e-15
2685,3.187797739324722e-12,1.501359555123003e-15,1.188175256444534e-15
2686,3.174501053710049e-12,1.494376976742272e-15,1.182673027739237e-15
2687,3.161014268260383e-12,1.487425006371182e-15,1.177201002507003e-15
2688,3.153569265666809e-12,1.480511224326038e-15,1.171746839877867e-15
2689,3.136943663509367e-12,1.473621894121908e-15,1.166323299895036e-15
2690,3.124616087927002e-12,1.466770034015392e-15,1.160924414026027e-15
2691,3.115051288286201e-12,1.459953533191328e-15,1.155551467752897e-15
2692,3.102536342790371e-12,1.453166336736582e-15,1.150198509095404e-15
2693,3.091980906744157e-12,1.446415374245048e-15,1.144877443050466e-15
2694,3.080070167235079e-12,1.439692778615133e-15,1.139577374634659e-15
2695,3.067533354052159e-12,1.432999006455035e-15,1.134306632275846e-15
2696,3.053691758480756e-12,1.426341800702747e-15,1.12905379074261e-15
2697,3.044453485460425e-12,1.419719416687995e-15,1.123828363127013e-15
2698,3.036759664547766e-12,1.413121713780746e-15,1.118630113056298e-15
2699,3.026273526926089e-12,1.406561928912016e-15,1.113450532292756e-15
2700,3.01102681306658e-12,1.40002980518658e-15,1.108297368834723e-15
2701,3.000171881835095e-12,1.393524586668575e-15,1.103172383195669e-15
2702,2.991439597894154e-12,1.387051599143336e-15,1.098064727228149e-15
2703,2.982516953376423e-12,1.380610303090396e-15,1.092984602608607e-15
2704,2.971823958385667e-12,1.374204424654652e-15,1.087926151588782e-15
2705,2.957696220415899e-12,1.367824099045837e-15,1.082895591485668e-15
2706,2.948820349375675e-12,1.361482348555007e-15,1.077880508390033e-15
2707,2.935122501986181e-12,1.355157533536325e-15,1.072898776081452e-15
2708,2.9261607276661e-12,1.348872882426503e-15,1.067934001901548e-15
2709,2.912047692445341e-12,1.342611259394524e-15,1.062989898071185e-15
2710,2.903863773707255e-12,1.336382400433079e-15,1.058071255154908e-15
2711,2.890087834849711e-12,1.330188549325694e-15,1.053181891815814e-15
2712,2.8807091565579e-12,1.324013835850939e-15,1.048308776325749e-15
2713,2.867566295123637e-12,1.317876080659635e-15,1.043458740850152e-15
2714,2.859066580125502e-12,1.311761361999786e-15,1.038636813115285e-15
2715,2.852635861577495e-12,1.305678645964283e-15,1.033829834135123e-15
2716,2.837929183144456e-12,1.299623147009326e-15,1.029046429734978e-15
2717,2.835069209042244e-12,1.293599102404809e-15,1.024288742282352e-15
2718,2.822460055807907e-12,1.287596202345984e-15,1.01955440521931e-15
2719,2.810128312303486e-12,1.281632833732465e-15,1.014838119106632e-15
2720,2.802158222385642e-12,1.275697133635969e-15,1.010145280964331e-15
2721,2.78950766034415e-12,1.269783680761996e-15,1.005474500302099e-15
2722,2.780221652289365e-12,1.263899961086068e-15,1.000824158896391e-15
2723,2.768107422165213e-12,1.258034942042197e-15,9.961945724465514e-16
2724,2.760177820949299e-12,1.252207832596529e-15,9.915900529704757e-16
2725,2.746687057760367e-12,1.246405672161356e-15,9.870078969949993e-16
2726,2.737166017941844e-12,1.240634337435396e-15,9.824445305652228e-16
2727,2.728631041398344e-12,1.234879848597713e-15,9.779000571871951e-16
2728,2.714832430227858e-12,1.229162805897437e-15,9.733781907419008e-16
2729,2.708936969864931e-12,1.223463935230181e-15,9.688812352841773e-16
2730,2.696697366380505e-12,1.217800859398908e-15,9.643988178732368e-16
2731,2.688922473409444e-12,1.212167411369097e-15,9.59943340646382e-16
2732,2.680166303251933e-12,1.206547096678044e-15,9.55504089935914e-16
2733,2.673432969718626e-12,1.200968042470387e-15,9.510847422992156e-16
2734,2.664312087616511e-12,1.19540299317946e-15,9.46691325540795e-16
2735,2.650817523347721e-12,1.189867390793632e-15,9.423214396610007e-16
2736,2.647222493009842e-12,1.18436386839836e-15,9.37963486804412e-16
2737,2.633300613297951e-12,1.178878048310587e-15,9.336297186834533e-16
2738,2.624827818641919e-12,1.173426470544962e-15,9.293141947308978e-16
2739,2.621010146365923e-12,1.167993163789122e-15,9.250143699327776e-16
2740,2.613874180645584e-12,1.162589603974816e-15,9.207450892556615e-16
2741,2.598964944122039e-12,1.157204646052068e-15,9.164881633243042e-16
2742,2.590781486249193e-12,1.151857068692187e-15,9.122541170813405e-16
2743,2.583708080419537e-12,1.146524799166765e-15,9.08037371689025e-16
2744,2.571483261421698e-12,1.141226507609703e-15,9.038385323698064e-16
2745,2.567771913466941e-12,1.135939187314182e-15,8.996649099276968e-16
2746,2.552649188464671e-12,1.130685584764642e-15,8.955114900123192e-16
2747,2.544561141419538e-12,1.125454009284891e-15,8.913758236100694e-16
2748,2.536586672149842e-12,1.120253206983619e-15,8.872514422468936e-16
2749,2.530234815976447e-12,1.115072668752633e-15,8.831548666774059e-16
2750,2.520595539624711e-12,1.109917081552017e-15,8.790765088897784e-16
2751,2.510351174703733e-12,1.104789806476202e-15,8.750107337996728e-16
2752,2.504121865887967e-12,1.099677098438099e-15,8.709709195691314e-16
2753,2.487091484776365e-12,1.094590324781094e-15,8.669497399621407e-16
2754,2.486555033613353e-12,1.089534588229533e-15,8.629448462880712e-16
2755,2.473766876529257e-12,1.084501137881088e-15,8.589573390428504e-16
2756,2.467952994273219e-12,1.07948197416296e-15,8.549890173900422e-16
2757,2.463189227501598e-12,1.07449353375609e-15,8.510393235054641e-16
2758,2.452509116374156e-12,1.069521124511728e-15,8.471079002824062e-16
2759,2.446457042631083e-12,1.064588039837929e-15,8.4320142018016e-16
2760,2.43364568844985e-12,1.059663516200957e-15,8.393088886548861e-16
2761,2.426440368503683e-12,1.054768036314126e-15,8.354353242400157e-16
2762,2.422571524204175e-12,1.049899866860949e-15,8.315686889449064e-16
2763,2.406899635404658e-12,1.0450448292928e-15,8.277308307370513e-16
2764,2.406288578427696e-12,1.040220264891581e-15,8.239073092304842e-16
2765,2.392682742120852e-12,1.035413918790269e-15,8.201059887989395e-16
2766,2.389309920831298e-12,1.030633974930723e-15,8.163183630990478e-16
2767,2.376630243730952e-12,1.025873278408039e-15,8.125463372848507e-16
2768,2.367450984364508e-12,1.021136638599768e-15,8.087958724467557e-16
2769,2.360210583704587e-12,1.01641796122414e-15,8.050662887215508e-16
2770,2.356404046551717e-12,1.011715462426725e-15,8.013470239423454e-16
2771,2.348366626654046e-12,1.007053398820595e-15,7.976500457247448e-16
2772,2.335290785025288e-12,1.002398394482364e-15,7.939678650270002e-16
2773,2.328004725191494e-12,9.97777886815166e-16,7.90305412158386e-16
2774,2.326843270370288e-12,9.931716777363451e-16,7.866551588737981e-16
2775,2.314642067851178e-12,9.885864806391114e-16,7.830231393189831e-16
2776,2.309199151805396e-12,9.840230240090996e-16,7.794028274158337e-16
2777,2.29861789003104e-12,9.794818327953302e-16,7.75807053324695e-16
2778,2.294654391097817e-12,9.749623377070483e-16,7.722300917690129e-16
2779,2.284230252632612e-12,9.704581307992667e-16,7.686658839491416e-16
2780,2.277896842392997e-12,9.65982504352345e-16,7.651219664781364e-16
2781,2.267236153738978e-12,9.615194849639552e-16,7.615856831422122e-16
2782,2.262173463345431e-12,9.570902968966242e-16,7.580694688484406e-16
2783,2.249790736722037e-12,9.526660890393683e-16,7.545754818769082e-16
2784,2.2460065099918e-12,9.482741882794724e-16,7.510912895260416e-16
2785,2.240753940671402e-12,9.439007879046045e-16,7.476237858370705e-16
2786,2.233448482366856e-12,9.395504743909285e-16,7.441738605498556e-16
2787,2.226306487586281e-12,9.352108951833103e-16,7.407387371926452e-16
2788,2.215716655373665e-12,9.308960977168998e-16,7.373240292905817e-16
2789,2.207767079607228e-12,9.266098536626302e-16,7.339232328607005e-16
2790,2.205354233458527e-12,9.223315587688156e-16,7.305291329028948e-16
2791,2.198307106004332e-12,9.18080025985824e-16,7.271671762873224e-16
2792,2.187747102845562e-12,9.138468730183305e-16,7.238118942284949e-16
2793,2.182081294167555e-12,9.096330752146204e-16,7.204753342901088e-16
2794,2.177536558679253e-12,9.054410374173635e-16,7.171484577715963e-16
2795,2.167259128196797e-12,9.01266599185377e-16,7.138411993103398e-16
2796,2.166313835934695e-12,8.971103915534391e-16,7.105483436491351e-16
2797,2.153800525237965e-12,8.929775673545883e-16,7.072733798392399e-16
2798,2.152309243962225e-12,8.888618055803477e-16,7.040072005923697e-16
2799,2.136628110529823e-12,8.847567899758975e-16,7.007594237014648e-16
2800,2.135770862082123e-12,8.806807642428999e-16,6.975325895202507e-16
2801,2.122995256052083e-12,8.766310642839294e-16,6.943121031555795e-16
2802,2.118513525353625e-12,8.725886487632847e-16,6.911111327914544e-16
2803,2.116801169368919e-12,8.685658975344512e-16,6.879202931280712e-16
2804,2.106531685053535e-12,8.64577009698673e-16,6.847493917673921e-16
2805,2.098024646492166e-12,8.605850828653854e-16,6.81593755719456e-16
2806,2.090286411648083e-12,8.566205772811785e-16,6.78450575696343e-16
2807,2.084145075381716e-12,8.526795586161336e-16,6.753186519852779e-16
2808,2.085644276771918e-12,8.487481695682476e-16,6.722104592269975e-16
2809,2.075684801334143e-12,8.448373290849116e-16,6.691072804611828e-16
2810,2.064922025181882e-12,8.409461602992786e-16,6.660187741206147e-16
2811,2.061047286152392e-12,8.370707140082255e-16,6.629528037050243e-16
2812,2.056037155607958e-12,8.332162947483171e-16,6.598947070195876e-16
2813,2.046914050059314e-12,8.293802224594031e-16,6.56857215680035e-16
2814,2.046584977688846e-12,8.255539104551574e-16,6.538270914118766e-16
2815,2.038299924354523e-12,8.217540558625264e-16,6.508120702810557e-16
2816,2.031378795380547e-12,8.17977459365179e-16,6.478114955420997e-16
2817,2.023447083749765e-12,8.14200442240345e-16,6.448220266809684e-16
2818,2.01670944844557e-12,8.104564489919973e-16,6.41850736695977e-16
2819,2.013371642425409e-12,8.067208722830656e-16,6.388983450309252e-16
2820,2.004598396654206e-12,8.030155436403232e-16,6.359473798273957e-16
2821,1.996161208958961e-12,7.99318990395931e-16,6.330192265118382e-16
2822,1.995615611850038e-12,7.956359277777414e-16,6.301014938538978e-16
2823,1.983956625221174e-12,7.919760077874891e-16,6.271988564281154e-16
2824,1.978161696350925e-12,7.883270039424862e-16,6.24302372191611e-16
2825,1.973089715468058e-12,7.847009927107244e-16,6.214270938964659e-16
2826,1.967368944725886e-12,7.810923106034196e-16,6.185706793222202e-16
2827,1.959639431251897e-12,7.774996976831533e-16,6.157145994683261e-16
2828,1.959832982582512e-12,7.739198934892611e-16,6.128755119723127e-16
2829,1.949606359880788e-12,7.703618957677801e-16,6.100531090242543e-16
2830,1.941314432445996e-12,7.668194063383116e-16,6.072413977716089e-16
2831,1.938842718627014e-12,7.63287800330335e-16,6.044459665491118e-16
2832,1.938692400257158e-12,7.59776412128122e-16,6.016616272601684e-16
2833,1.928157858073248e-12,7.562788807017301e-16,5.988929590855691e-16
2834,1.917195631702487e-12,7.527949850344162e-16,5.961287702669923e-16
2835,1.916583913455933e-12,7.493361646290911e-16,5.933815145160338e-16
2836,1.913172291464744e-12,7.458949310378133e-16,5.906492416908725e-16
2837,1.901907203873857e-12,7.424577784581986e-16,5.879282731976033e-16
2838,1.897108057286379e-12,7.390399742572241e-16,5.85217759184129e-16
2839,1.892332890361987e-12,7.356443364986713e-16,5.825260775700515e-16
2840,1.888105728410442e-12,7.322702941035797e-16,5.798371728741425e-16
2841,1.879272212077753e-12,7.289003141403592e-16,5.771650166785478e-16
2842,1.880180727162497e-12,7.255428690674442e-16,5.745138933673337e-16
2843,1.867957874126341e-12,7.222110324686705e-16,5.718667420973708e-16
2844,1.868160175045718e-12,7.188824192814544e-16,5.692308498666977e-16
2845,1.859691696949266e-12,7.155844635445544e-16,5.666132528834994e-16
2846,1.854173792822601e-12,7.12290864346024e-16,5.640022814774532e-16
2847,1.847117901067483e-12,7.090220836076484e-16,5.614022343545947e-16
2848,1.845577784983063e-12,7.057547354632055e-16,5.588180596175971e-16
2849,1.83446487970882e-12,7.025093703350714e-16,5.562401265536692e-16
2850,1.824429807183327e-12,6.992862860192802e-16,5.536783253135429e-16
2851,1.823053549011094e-12,6.960755074870314e-16,5.511341700641327e-16
2852,1.82762978802805e-12,6.928727799790365e-16,5.485909832862539e-16
2853,1.816953415193143e-12,6.896864907771699e-16,5.460673450384525e-16
2854,1.811906312168357e-12,6.865161567323362e-16,5.435567191249476e-16
2855,1.805511681769856e-12,6.833612321065385e-16,5.410517311526175e-16
2856,1.804996765336222e-12,6.802171753616573e-16,5.385634474939846e-16
2857,1.78655400149856e-12,6.77095025721121e-16,5.360804709431214e-16
2858,1.790748419834182e-12,6.73988358831373e-16,5.336153406497219e-16
2859,1.78598892984509e-12,6.708870250810315e-16,5.311598194367868e-16
2860,1.780499982523055e-12,6.677973154972716e-16,5.287181165607569e-16
2861,1.7754509392243e-12,6.647312465066486e-16,5.262782035634428e-16
2862,1.768998495325815e-12,6.616871973271512e-16,5.238541740784996e-16
2863,1.763611135710387e-12,6.586452627147921e-16,5.214454011982305e-16
2864,1.756164217585069e-12,6.556158656280185e-16,5.190484826823624e-16
2865,1.752966825751631e-12,6.52605307494347e-16,5.166525916421782e-16
2866,1.750627402128249e-12,6.496054905705723e-16,5.142749040767402e-16
2867,1.744063560902376e-12,6.466266599700111e-16,5.11912136926294e-16
2868,1.738314330087858e-12,6.436602221677284e-16,5.095535455036215e-16
2869,1.727941924015682e-12,6.407043781587551e-16,5.072144412213242e-16
2870,1.717858172853595e-12,6.377585680985185e-16,5.048744966131373e-16
2871,1.721184127430822e-12,6.348278307942827e-16,5.025523590866077e-16
2872,1.727726438567183e-12,6.319145005155337e-16,5.002396225381219e-16
2873,1.72343588082739e-12,6.290093957884949e-16,4.979414263738042e-16
2874,1.709268733400369e-12,6.261218840232735e-16,4.956473911667514e-16
2875,1.704598658188451e-12,6.232513877223648e-16,4.933680035966364e-16
2876,1.699003833312606e-12,6.203910120089338e-16,4.910936314968903e-16
2877,1.692107845346698e-12,6.175377076787722e-16,4.88839665590248e-16
2878,1.686494208217174e-12,6.147024837170536e-16,4.865861926478221e-16
2879,1.690912046550196e-12,6.118781414866333e-16,4.843508086784412e-16
2880,1.685529707355428e-12,6.090733475317022e-16,4.821238911419312e-16
2881,1.683436393676089e-12,6.062806468121548e-16,4.799036899982564e-16
2882,1.666846910323618e-12,6.035013886745911e-16,4.776949827908414e-16
2883,1.659972827117431e-12,6.007258205200309e-16,4.755028341371673e-16
2884,1.664744860953628e-12,5.979665459490386e-16,4.733130690345256e-16
2885,1.657489927546092e-12,5.952243702391849e-16,4.711382082606034e-16
2886,1.642392791727319e-12,5.924923015153878e-16,4.689669736482897e-16
2887,1.649629635253659e-12,5.897667399697507e-16,4.668088851731208e-16
2888,1.646941295570621e-12,5.870661065172957e-16,4.646632798488441e-16
2889,1.639171824161214e-12,5.843763266143051e-16,4.62524922928477e-16
2890,1.637926407127361e-12,5.816936179596896e-16,4.603955417300521e-16
2891,1.642079016944251e-12,5.790253037147183e-16,4.582834566176099e-16
2892,1.625220681241416e-12,5.763777932185676e-16,4.561718591108247e-16
2893,1.629053460781026e-12,5.737183081773388e-16,4.540748280398129e-16
2894,1.615605298724394e-12,5.7108570271456e-16,4.519920667439654e-16
2895,1.614794754001316e-12,5.684770544110704e-16,4.499127618436483e-16
2896,1.607832109468828e-12,5.658617901272123e-16,4.47841161331809e-16
2897,1.603774081411596e-12,5.632679625638003e-16,4.457801732948872e-16
2898,1.596207644790475e-12,5.606784743466726e-16,4.437317252128895e-16
2899,1.59436606692611e-12,5.581116380427542e-16,4.416953413291608e-16
2900,1.594967861195398e-12,5.555482690818123e-16,4.396595521318911e-16
2901,1.59213981128738e-12,5.53004244117792e-16,4.37642542989783e-16
2902,1.573892003159048e-12,5.504637907361648e-16,4.356295435700416e-16
2903,1.58670185650959e-12,5.47944239451502e-16,4.336252529916099e-16
2904,1.571887015857812e-12,5.454326887612607e-16,4.316360684448952e-16
2905,1.577490656258096e-12,5.429289852464628e-16,4.296521657274357e-16
2906,1.562182962072138e-12,5.404367817556299e-16,4.276766159835925e-16
2907,1.547732065486163e-12,5.379605539036229e-16,4.257033903098666e-16
2908,1.539660114550968e-12,5.354955337882702e-16,4.237505209285366e-16
2909,1.54753825820363e-12,5.330401730369644e-16,4.218028281842823e-16
2910,1.55163169411304e-12,5.305937340111553e-16,4.198692932659554e-16
2911,1.54629330046467e-12,5.281619500401376e-16,4.17939326599954e-16
2912,1.530236399172994e-12,5.257416804916261e-16,4.160136366634113e-16
2913,1.545483611560254e-12,5.233353904123825e-16,4.140973422368054e-16
2914,1.544725882560049e-12,5.209326322169667e-16,4.122038013809272e-16
2915,1.53205404654121e-12,5.185419573637816e-16,4.103059866243978e-16
2916,1.52178942765599e-12,5.161697556493319e-16,4.084224610120327e-16
2917,1.530385813859436e-12,5.13803552987335e-16,4.065385606296368e-16
2918,1.518557024138331e-12,5.11451113882542e-16,4.046782395509778e-16
2919,1.511411650697215e-12,5.091055491806822e-16,4.028161940672582e-16
2920,1.509737730543116e-12,5.067781451759133e-16,4.00965390338426e-16
2921,1.521286316423485e-12,5.044456571480424e-16,3.991267309232454e-16
2922,1.51057165206277e-12,5.021433448747308e-16,3.972847492245732e-16
2923,1.505113497872109e-12,4.99836251848563e-16,3.95466638889076e-16
2924,1.491384496554738e-12,4.975519548998557e-16,3.93648447446556e-16
2925,1.49944174878359e-12,4.952693157752381e-16,3.918320662953185e-16
2926,1.473346450711171e-12,4.930072058458518e-16,3.900363659982194e-16
2927,1.496535617431486e-12,4.907403349721805e-16,3.882489571663784e-16
2928,1.478149849845593e-12,4.884868229054338e-16,3.864621698489562e-16
2929,1.473171806839818e-12,4.862512450062492e-16,3.846864933353071e-16
2930,1.465278828299914e-12,4.840267833959636e-16,3.82924044182543e-16
2931,1.469077153848193e-12,4.818134939785037e-16,3.811623349986803e-16
2932,1.459428800514596e-12,4.796058007665156e-16,3.794096742322957e-16
2933,1.467414787811613e-12,4.773966476355638e-16,3.776642026589799e-16
2934,1.460877667527276e-12,4.752238078564152e-16,3.759316274272534e-16
2935,1.45276014671516e-12,4.730415277586336e-16,3.74207332053025e-16
2936,1.452715560753284e-12,4.708720409865865e-16,3.724950293529839e-16
2937,1.438954264149971e-12,4.687246561989439e-16,3.707761807687458e-16
2938,1.439883461319003e-12,4.665813042627867e-16,3.690739573760024e-16
2939,1.443856510331849e-12,4.644390931122899e-16,3.673898701406652e-16
2940,1.436666580185677e-12,4.623115730801973e-16,3.656917670075211e-16
2941,1.442271631369574e-12,4.601942948514712e-16,3.640165669633233e-16
2942,1.429093593954559e-12,4.580764874884691e-16,3.623441609853933e-16
2943,1.427208371707362e-12,4.559882865876016e-16,3.606737946084794e-16
2944,1.419240928169188e-12,4.539023346582454e-16,3.590257366521268e-16
2945,1.419867351951463e-12,4.518173421767437e-16,3.573770715769723e-16
2946,1.427341961361916e-12,4.497512404307131e-16,3.557322093341632e-16
2947,1.421621121829972e-12,4.477028473063815e-16,3.541033996264368e-16
2948,1.414328293295535e-12,4.45646928223197e-16,3.524768298067249e-16
2949,1.40709467052929e-12,4.436034805804528e-16,3.508643818093665e-16
2950,1.400098306565874e-12,4.415744598947277e-16,3.492464950775979e-16
2951,1.395958625440137e-12,4.39555405769985e-16,3.476410622031897e-16
2952,1.394656640977985e-12,4.375384851824632e-16,3.460542530503511e-16
2953,1.388951404799727e-12,4.355348898831912e-16,3.444648081736262e-16
2954,1.374120090746352e-12,4.335458613345028e-16,3.42882142133598e-16
2955,1.372870683156662e-12,4.315651739959951e-16,3.413064834367409e-16
2956,1.383669286676639e-12,4.295922825160339e-16,3.397422261009777e-16
2957,1.395754399355912e-12,4.276190466339717e-16,3.381793977427308e-16
2958,1.372844069108089e-12,4.256659221324516e-16,3.366307378651478e-16
2959,1.360549271108562e-12,4.237209053472492e-16,3.350823857590288e-16
2960,1.349019902545753e-12,4.217771588622142e-16,3.335471555867772e-16
2961,1.364823290250906e-12,4.198480101930267e-16,3.320182508777164e-16
2962,1.3535794300529e-12,4.179357891990677e-16,3.30494926386748e-16
2963,1.369511183164026e-12,4.160169367495918e-16,3.289767308902793e-16
2964,1.368621901566961e-12,4.141141905931881e-16,3.274714333647256e-16
2965,1.369821773562171e-12,4.122159286039685e-16,3.259628362426315e-16
2966,1.346130055373602e-12,4.10333602556208e-16,3.244670279640684e-16
2967,1.347605715158842e-12,4.084579799587085e-16,3.229852186300359e-16
2968,1.338252575101614e-12,4.066011282811744e-16,3.215030010607324e-16
2969,1.337282224384633e-12,4.047293979722992e-16,3.200260116263274e-16
2970,1.353380975288237e-12,4.028747581077246e-16,3.185541405811853e-16
2971,1.326340229221159e-12,4.010373257194608e-16,3.170978941348006e-16
2972,1.32605496803301e-12,3.991947813349309e-16,3.156412588543716e-16
2973,1.325684881228961e-12,3.973762418446471e-16,3.141909792815795e-16
2974,1.329816911800475e-12,3.955551317142191e-16,3.127463636142915e-16
2975,1.335221685258743e-12,3.937554486272986e-16,3.113174086807112e-16
2976,1.316321211424313e-12,3.919490401070785e-16,3.098910456787275e-16
2977,1.315418045905275e-12,3.901518657662946e-16,3.084672841102113e-16
2978,1.321822793525083e-12,3.883782061383288e-16,3.070607839512094e-16
2979,1.301705172045138e-12,3.865892434227271e-16,3.056437193876148e-16
2980,1.307761714692232e-12,3.848307157041838e-16,3.042412304290355e-16
2981,1.32465125393673e-12,3.830664412796e-16,3.028462405523902e-16
2982,1.29622138917328e-12,3.813186734404339e-16,3.014569714277148e-16
2983,1.2868748271615e-12,3.795798203397862e-16,3.000762310808127e-16
2984,1.297205843853723e-12,3.778278249842986e-16,2.986968771245487e-16
2985,1.292079417796309e-12,3.761140851520374e-16,2.973315884412515e-16
2986,1.295728590222399e-12,3.743935399668182e-16,2.959668187654172e-16
2987,1.294899911204531e-12,3.726861727839697e-16,2.946122190784259e-16
2988,1.287411874966981e-12,3.709853347005321e-16,2.932623785272228e-16
2989,1.296812941992317e-12,3.692840396455093e-16,2.919131250842418e-16
2990,1.286955585495048e-12,3.676005501164597e-16,2.905785192769305e-16
2991,1.280284696930393e-12,3.659179274324745e-16,2.892470202046155e-16
2992,1.273326552017721e-12,3.642470264908913e-16,2.879236384078703e-16
2993,1.265045667739187e-12,3.625772602231605e-16,2.866008442318547e-16
2994,1.256243014350072e-12,3.609226112203557e-16,2.852807911640107e-16
2995,1.281159655308562e-12,3.592794504201501e-16,2.839895227977025e-16
2996,1.257378188698632e-12,3.576390405990275e-16,2.826763124297968e-16
2997,1.250848050554544e-12,3.560015323009154e-16,2.813853221274581e-16
2998,1.255015720534522e-12,3.543760995462034e-16,2.800948577765065e-16
2999,1.238791517095404e-12,3.527546330343067e-16,2.788016632571726e-16
3000,1.248267980914598e-12,3.511417295102905e-16,2.775296320923157e-16
3001,1.234734441722514e-12,3.495422297949022e-16,2.762598823607243e-16
3002,1.232591219347749e-12,3.479413965630987e-16,2.749903635913858e-16
3003,1.252603177322214e-12,3.463504815688811e-16,2.737394312729442e-16
3004,1.234773608569498e-12,3.447769229735847e-16,2.724800459204845e-16
3005,1.226179311371972e-12,3.431936503212327e-16,2.71220906906177e-16
3006,1.226891087843296e-12,3.416349491897127e-16,2.699946481571196e-16
3007,1.233361743699084e-12,3.400693905881492e-16,2.687497074773896e-16
3008,1.243990516653942e-12,3.385139887009979e-16,2.675179961658784e-16
3009,1.233670881359392e-12,3.369693496742716e-16,2.662945872569656e-16
3010,1.242895431061735e-12,3.354283200016673e-16,2.650770707524559e-16
3011,1.228857179277852e-12,3.339014949065215e-16,2.638628910441158e-16
3012,1.209791300394816e-12,3.32376662964857e-16,2.626408575047138e-16
3013,1.224140028583695e-12,3.308566336067257e-16,2.614460688723936e-16
3014,1.206089588865742e-12,3.293470669910704e-16,2.602538800707747e-16
3015,1.238062603585576e-12,3.278452588560677e-16,2.590546753572318e-16
3016,1.231708019862578e-12,3.263432180106782e-16,2.578800944297131e-16
3017,1.219941011293785e-12,3.248600703934881e-16,2.566923513878796e-16
3018,1.202259440239176e-12,3.233778374862538e-16,2.555159896819719e-16
3019,1.210470648673805e-12,3.218958744882935e-16,2.543485964886209e-16
3020,1.194453163466146e-12,3.204362378824985e-16,2.531837832519608e-16
3021,1.211605268415804e-12,3.189720099000487e-16,2.52016871506494e-16
3022,1.199337006300513e-12,3.175094324055288e-16,2.50871756208912e-16
3023,1.196430219412353e-12,3.160649017233652e-16,2.497163501602302e-16
3024,1.180062936172289e-12,3.146106366625715e-16,2.485714978217946e-16
3025,1.184660074164025e-12,3.131834372053701e-16,2.474402006696804e-16
3026,1.173880600269372e-12,3.117609087278829e-16,2.462960557380772e-16
3027,1.18048121466573e-12,3.103346999559479e-16,2.451735184921965e-16
3028,1.179646980097192e-12,3.089222957431053e-16,2.440567889648218e-16
3029,1.171416713705844e-12,3.075091612154459e-16,2.429356080497122e-16
3030,1.166249503720849e-12,3.061134703260162e-16,2.418280750873362e-16
3031,1.179032233074833e-12,3.04712922634237e-16,2.407191030698801e-16
3032,1.165065625236429e-12,3.033263550782251e-16,2.39618420844911e-16
3033,1.159403437173123e-12,3.019316953262348e-16,2.385149880048146e-16
3034,1.161983471409957e-12,3.005614244030702e-16,2.374233196930985e-16
3035,1.152919728464683e-12,2.991933271135773e-16,2.363410089514515e-16
3036,1.1543255854614e-12,2.978185685382037e-16,2.352510619773876e-16
3037,1.174008980789753e-12,2.964671126335147e-16,2.341833616510718e-16
3038,1.178643272855308e-12,2.951033932718071e-16,2.331095656276762e-16
3039,1.156396357708044e-12,2.937641318299451e-16,2.320453192293458e-16
3040,1.168306561378876e-12,2.924278643111555e-16,2.309807114522489e-16
3041,1.150778772375086e-12,2.910942308922638e-16,2.299216473086271e-16
3042,1.154966543940023e-12,2.897657550787986e-16,2.288748817840039e-16
3043,1.157527371987302e-12,2.884385580478852e-16,2.278207639142356e-16
3044,1.150866295293811e-12,2.871291834843195e-16,2.267922599837958e-16
3045,1.134905043076141e-12,2.858172540601089e-16,2.257461181120298e-16
3046,1.130627559615842e-12,2.845205790395276e-16,2.247101403049785e-16
3047,1.146477613543082e-12,2.832125449712084e-16,2.236823981041312e-16
3048,1.149692829180698e-12,2.819246186019747e-16,2.226584726937326e-16
3049,1.143694992992465e-12,2.806449999406361e-16,2.216422542060609e-16
3050,1.129770377598935e-12,2.793577312615867e-16,2.206264544932369e-16
3051,1.121220075052176e-12,2.780959032305939e-16,2.196157999741954e-16
3052,1.136550352649999e-12,2.768245038984967e-16,2.186109391848543e-16
3053,1.126667824474963e-12,2.755606953495381e-16,2.17614806211595e-16
3054,1.132704204390688e-12,2.742999222886792e-16,2.166194707762265e-16
3055,1.135021700161511e-12,2.730517976579829e-16,2.156215491221469e-16
3056,1.116981826437629e-12,2.718160912618079e-16,2.146459057250917e-16
3057,1.139974998940169e-12,2.705833045994615e-16,2.136551071595508e-16
3058,1.119405205358056e-12,2.693336660004212e-16,2.126775322185683e-16
3059,1.123667295219794e-12,2.681162310196718e-16,2.117030387076286e-16
3060,1.108197827741292e-12,2.668911230475452e-16,2.107388046227341e-16
3061,1.102294872271928e-12,2.656714412822237e-16,2.097800698379708e-16
3062,1.111554522591768e-12,2.644646497416096e-16,2.088220340607436e-16
3063,1.105313961244903e-12,2.632590837121874e-16,2.078656959304102e-16
3064,1.099885432738541e-12,2.620595460355759e-16,2.06906590866443e-16
3065,1.096487369987085e-12,2.608675813597522e-16,2.059653764522841e-16
3066,1.09718181419317e-12,2.596845953351726e-16,2.05021654385284e-16
3067,1.095361644681822e-12,2.584989055997537e-16,2.040853407155691e-16
3068,1.086644978899392e-12,2.573311431575286e-16,2.031499486861524e-16
3069,1.083323033609509e-12,2.561484011855434e-16,2.022230948823173e-16
3070,1.099366851699939e-12,2.549822451062304e-16,2.013016554935345e-16
3071,1.100296838019316e-12,2.538147200925532e-16,2.003828015115648e-16
3072,1.086904337012707e-12,2.526694486795709e-16,1.994614367943068e-16
3073,1.088712951764596e-12,2.515172097120906e-16,1.985592141750166e-16
3074,1.08777082642569e-12,2.503701323596606e-16,1.976487545971549e-16
3075,1.09474353549096e-12,2.493434103902792e-16,1.966091152949635e-16
3076,1.090660334542171e-12,2.480885001371132e-16,1.958610215360767e-16
3077,1.10934228820225e-12,2.470387650940159e-16,1.948629132515482e-16
3078,1.111599965306408e-12,2.459085938305977e-16,1.939759557719682e-16
3079,1.116522921190718e-12,2.447585820008796e-16,1.931161563247105e-16
3080,1.104617221345936e-12,2.436262044348531e-16,1.922684286141043e-16
3081,1.101723186842489e-12,2.424952543818991e-16,1.914072553940188e-16
3082,1.099863060836055e-12,2.413737361361156e-16,1.905417237827166e-16
3083,1.109289906180712e-12,2.402751838411784e-16,1.896871985084693e-16
3084,1.09545082792013e-12,2.391665185053295e-16,1.888229631649354e-16
3085,1.106475000945253e-12,2.380765633311479e-16,1.879620542922887e-16
3086,1.096665949779459e-12,2.369984764353747e-16,1.871064759540579e-16
3087,1.083746238375974e-12,2.359132981845893e-16,1.86254701360782e-16
3088,1.092442810009786e-12,2.348455301610385e-16,1.854049105677893e-16
3089,1.081894479052072e-12,2.337716451004389e-16,1.845564722426118e-16
3090,1.076828720094688e-12,2.327074811081225e-16,1.837131165544753e-16
3091,1.076961271757605e-12,2.31646579698311e-16,1.828652783604549e-16
3092,1.069556984287674e-12,2.306062926690445e-16,1.820383994672613e-16
3093,1.077534662462651e-12,2.295543273671953e-16,1.812053707728939e-16
3094,1.068210946308012e-12,2.285122004372183e-16,1.803821349391064e-16
3095,1.073489764477258e-12,2.274795383208984e-16,1.795553014109875e-16
3096,1.068042346762873e-12,2.264327056338679e-16,1.787401109722625e-16
3097,1.068103112490903e-12,2.254018812002111e-16,1.779239877436446e-16
3098,1.081211344823628e-12,2.24383553594259e-16,1.771119728528696e-16
3099,1.062873461235225e-12,2.233646149557091e-16,1.762968904248576e-16
3100,1.062897702775399e-12,2.223435705629198e-16,1.754939676706646e-16
3101,1.08098658952287e-12,2.213351836709662e-16,1.746886930667063e-16
3102,1.058998371940105e-12,2.203316234670247e-16,1.738910764535852e-16
3103,1.06170629549013e-12,2.193406411242429e-16,1.731040899021708e-16
3104,1.05544657652236e-12,2.183224008404473e-16,1.723063636657836e-16
3105,1.065334644281172e-12,2.173384723400544e-16,1.715317786415285e-16
3106,1.054709551450242e-12,2.163411769045049e-16,1.707415087728127e-16
3107,1.046959786624987e-12,2.153762250230292e-16,1.699693318205581e-16
3108,1.050920259973806e-12,2.143828047791196e-16,1.691965448190648e-16
3109,1.044723873567703e-12,2.134155236807154e-16,1.684153152666066e-16
3110,1.042505481671856e-12,2.124465407848622e-16,1.676434820538688e-16
3111,1.065093022370226e-12,2.114800522157726e-16,1.668867617054523e-16
3112,1.063873879452183e-12,2.105161097758885e-16,1.661220708131996e-16
3113,1.047604505841822e-12,2.095744548610028e-16,1.653771493394215e-16
3114,1.045577239681624e-12,2.086060197845628e-16,1.646131143406564e-16
3115,1.034784403972093e-12,2.076563055923204e-16,1.638470922635951e-16
3116,1.033711708755817e-12,2.067270788458277e-16,1.631108086002251e-16
3117,1.043980559086987e-12,2.057870025195594e-16,1.623786425140018e-16
3118,1.034025004471687e-12,2.048408281079667e-16,1.61622363789253e-16
3119,1.036486498394563e-12,2.039202222000857e-16,1.609003777250502e-16
3120,1.040748163506747e-12,2.029931626066623e-16,1.601624835094827e-16
3121,1.042189286918968e-12,2.020677257630154e-16,1.594309220809946e-16
3122,1.030827253907005e-12,2.01155142653731e-16,1.587090445673772e-16
3123,1.023454419686751e-12,2.002406855687467e-16,1.579756525371841e-16
3124,1.032052521636279e-12,1.993312224760697e-16,1.572591941316035e-16
3125,1.022206528910847e-12,1.984315648892342e-16,1.565401928161076e-16
3126,1.017647899371541e-12,1.975237483517752e-16,1.558220295240823e-16
3127,1.02362884000899e-12,1.966337670094527e-16,1.551190561404342e-16
3128,1.017169757328553e-12,1.957293163102482e-16,1.544108626232098e-16
3129,1.027278520536216e-12,1.948463198338945e-16,1.537088663748243e-16
3130,1.014542053239629e-12,1.939599673656347e-16,1.529963117221986e-16
3131,1.010387166559113e-12,1.93091131219198e-16,1.523112827994306e-16
3132,1.01638204487436e-12,1.922129421140856e-16,1.516162495515411e-16
3133,1.017902932507045e-12,1.913389085887455e-16,1.50926887627576e-16
3134,1.008496157706717e-12,1.904621307424997e-16,1.502192662000578e-16
3135,1.005601282127477e-12,1.896118150521395e-16,1.495471708839055e-16
3136,1.012212512465745e-12,1.88753434171715e-16,1.488778927671435e-16
3137,1.000622436541518e-12,1.878870669352918e-16,1.481915050184516e-16
3138,1.016341119403069e-12,1.870330329698032e-16,1.475176876195622e-16
3139,1.00344873131089e-12,1.86185188131909e-16,1.468450948909939e-16
3140,9.96838450010241e-13,1.853314842475121e-16,1.461630527150948e-16
3141,9.987680365920215e-13,1.845044305232496e-16,1.455038811202133e-16
3142,9.941796222078166e-13,1.836714206196524e-16,1.448443438091264e-16
3143,9.963967722941376e-13,1.828373659771778e-16,1.441865994537641e-16
3144,9.94769708931709e-13,1.820012215643022e-16,1.435234684741395e-16
3145,9.863959726352528e-13,1.811707164413898e-16,1.428699560155087e-16
3146,9.975439358345034e-13,1.803596967254673e-16,1.422317280970298e-16
3147,9.865548214918366e-13,1.795359292986673e-16,1.415759010363221e-16
3148,9.85188909813394e-13,1.787318115138288e-16,1.409274568004125e-16
3149,9.958923295362329e-13,1.779158403284245e-16,1.402910029717305e-16
3150,9.85725916321436e-13,1.771074275060607e-16,1.396457941260196e-16
3151,1.003450085192015e-12,1.763118945385015e-16,1.390108196442403e-16
3152,9.931947834173878e-13,1.755106217718252e-16,1.383857226602404e-16
3153,9.803800178269625e-13,1.747112744541846e-16,1.377441930802618e-16
3154,9.960448487997026e-13,1.739235904740533e-16,1.371283806245395e-16
3155,9.912290453463831e-13,1.731310403101261e-16,1.364978393863909e-16
3156,9.89289299479393e-13,1.723469627435419e-16,1.35883628002806e-16
3157,9.862402635537542e-13,1.715726199961149e-16,1.352556486101724e-16
3158,9.833723802472186e-13,1.707950792445406e-16,1.34640937509752e-16
3159,9.86717698595917e-13,1.700283205183571e-16,1.340357862818179e-16
3160,9.73842734189009e-13,1.692528242568982e-16,1.334196196129806e-16
3161,9.727281052443856e-13,1.684984400689458e-16,1.32814791339287e-16
3162,9.764802205154492e-13,1.677153917008176e-16,1.322027990752203e-16
3163,9.70843080064942e-13,1.669612081045679e-16,1.316073677922892e-16
3164,9.790392066799112e-13,1.66202066803367e-16,1.310110541761214e-16
3165,9.661370888159255e-13,1.654465430501318e-16,1.304016218822546e-16
3166,9.68757882817557e-13,1.647022746692921e-16,1.298235853126048e-16
3167,9.627426767847497e-13,1.63948616625379e-16,1.292145388849149e-16
3168,9.68079593044978e-13,1.632273876799231e-16,1.286466576354725e-16
3169,9.66893317093288e-13,1.624747280547505e-16,1.280541548505284e-16
3170,9.721927968584174e-13,1.61738420040656e-16,1.274703929386718e-16
3171,9.605212229551507e-13,1.610098350228335e-16,1.268877824716399e-16
3172,9.654978692804785e-13,1.602816229426414e-16,1.263194221952635e-16
3173,9.563908476291126e-13,1.595445469829751e-16,1.257264875650244e-16
3174,9.651599464904529e-13,1.588260070932394e-16,1.251719878043358e-16
3175,9.557444289230808e-13,1.581137994780527e-16,1.24600156273887e-16
3176,9.62824804585762e-13,1.573876918752687e-16,1.240365563624079e-16
3177,9.607175056299352e-13,1.566855510647838e-16,1.23461593457271e-16
3178,9.5541627095955e-13,1.559799445798343e-16,1.229165422627121e-16
3179,9.495519962671286e-13,1.552625345327498e-16,1.223309849630827e-16
3180,9.51751201043455e-13,1.545576190829177e-16,1.217875081422646e-16
3181,9.549964151006738e-13,1.538753567204065e-16,1.21245838935468e-16
3182,9.512961944945149e-13,1.531715529036829e-16,1.206872690838872e-16
3183,9.514237804033814e-13,1.524892277254455e-16,1.201326965000947e-16
3184,9.438107472683182e-13,1.517898993974955e-16,1.195890321166444e-16
3185,9.383241852721356e-13,1.511051608026122e-16,1.190301040650448e-16
3186,9.413129868716873e-13,1.504296156843546e-16,1.185184166077603e-16
3187,9.611424204616149e-13,1.497394551261018e-16,1.179623566930953e-16
3188,9.441524924123902e-13,1.490778814254648e-16,1.174268419656186e-16
3189,9.45635696744523e-13,1.48395701863615e-16,1.168994987257518e-16
3190,9.34628559233785e-13,1.47711902523585e-16,1.163442901065022e-16
3191,9.337298088426736e-13,1.470455706150229e-16,1.15832983270574e-16
3192,9.308751368246823e-13,1.463934564492046e-16,1.153109910214237e-16
3193,9.292247061542616e-13,1.457258364892389e-16,1.147744563363092e-16
3194,9.407670702702083e-13,1.45076474947447e-16,1.142764069361169e-16
3195,9.462902998324016e-13,1.444115306261012e-16,1.13746597318188e-16
3196,9.380515169581165e-13,1.437668844210814e-16,1.132310539131719e-16
3197,9.292953850198494e-13,1.431058559578586e-16,1.127088522485901e-16
3198,9.291495252486684e-13,1.424633314416669e-16,1.121831029135254e-16
3199,9.267764311622726e-13,1.418262547331039e-16,1.116825688527323e-16
3200,9.389894943578167e-13,1.411803039682547e-16,1.111834102408979e-16
3201,9.334383518037493e-13,1.405478969799416e-16,1.106920126499925e-16
3202,9.367165577032912e-13,1.399155339967043e-16,1.101784830046438e-16
3203,9.271364653760696e-13,1.392844931728235e-16,1.096831464844273e-16
3204,9.290201641124231e-13,1.386559553137687e-16,1.091798203964664e-16
3205,9.232071386660212e-13,1.380120670440214e-16,1.086728505777792e-16
3206,9.293188069568291e-13,1.373983821533888e-16,1.081928187141414e-16
3207,9.292441570385953e-13,1.367758699956425e-16,1.076864376021002e-16
3208,9.281794384364798e-13,1.361766042951802e-16,1.072160837364843e-16
3209,9.193532668836634e-13,1.355534377425094e-16,1.067229173057728e-16
3210,9.185486593360434e-13,1.349355477877406e-16,1.062399393874638e-16
3211,9.212789953548464e-13,1.343254171482444e-16,1.057424471500821e-16
3212,9.154836942584386e-13,1.337268582168704e-16,1.052859328753355e-16
3213,9.157152900882196e-13,1.331198953321611e-16,1.047947350148136e-16
3214,9.25093245598521e-13,1.325251201456098e-16,1.04322816105467e-16
3215,9.157918745769144e-13,1.319211406723373e-16,1.038420121587349e-16
3216,9.167756159548743e-13,1.313355253302849e-16,1.033742937472216e-16
3217,9.101373280855483e-13,1.307329065692684e-16,1.02893475473395e-16
3218,9.071804873282734e-13,1.301299807794282e-16,1.024226064934191e-16
3219,9.203733764836671e-13,1.295619524347076e-16,1.019777447818676e-16
3220,9.099880732728919e-13,1.289757228606719e-16,1.015061480175172e-16
3221,9.0583479876223e-13,1.283953571634111e-16,1.01062114101775e-16
3222,9.237132519242626e-13,1.278126561358031e-16,1.005868608660041e-16
3223,9.283953120181064e-13,1.27236325336552e-16,1.00141371970189e-16
3224,9.255805057653736e-13,1.266670708568756e-16,9.968334374425073e-17
3225,9.100123584913105e-13,1.260926938122014e-16,9.923778868051314e-17
3226,9.060309369430901e-13,1.255274692500019e-16,9.878663315431189e-17
3227,8.98374787961522e-13,1.249620352200367e-16,9.831516634898428e-17
3228,8.984964202887794e-13,1.243945907466726e-16,9.787399207526781e-17
3229,9.003670317111307e-13,1.238284196355723e-16,9.743720154314302e-17
3230,8.989070469386926e-13,1.232856660430673e-16,9.700878280664129e-17
3231,9.13014011851194e-13,1.227227763499342e-16,9.657151830315606e-17
3232,9.038563285850483e-13,1.221619091654605e-16,9.611445505820972e-17
3233,8.972891503289734e-13,1.216285449857103e-16,9.568612310522499e-17
3234,8.976538254475546e-13,1.210698453406234e-16,9.52435881114243e-17
3235,8.909869647760072e-13,1.205289404788828e-16,9.482598501010506e-17
3236,9.053746047876815e-13,1.199920452502972e-16,9.438514832193534e-17
3237,9.072344263698056e-13,1.194469556089265e-16,9.395888570463347e-17
3238,9.008005961988139e-13,1.189148268118884e-16,9.353230000068508e-17
3239,8.90882829094777e-13,1.183733808628847e-16,9.310489518024681e-17
3240,8.88659774199671e-13,1.178425502785603e-16,9.268448865102151e-17
3241,9.009573824346493e-13,1.173256460586737e-16,9.228996045198168e-17
3242,9.071222758807945e-13,1.167825109080953e-16,9.185449321204486e-17
3243,8.910671927568837e-13,1.162494979452281e-16,9.144147747974006e-17
3244,8.838416967185157e-13,1.157326718623122e-16,9.1016471994741e-17
3245,8.961634253492901e-13,1.152154351713241e-16,9.061460524903635e-17
3246,8.960327273544556e-13,1.146965134016565e-16,9.019789514495388e-17
3247,9.002449105334238e-13,1.141906567376064e-16,8.979174623490356e-17
3248,8.870250325593307e-13,1.136768355047777e-16,8.938687151308323e-17
3249,8.865023529815775e-13,1.131631606523253e-16,8.898906725370269e-17
3250,8.860286568699582e-13,1.126530196352236e-16,8.857598811466442e-17
3251,8.839908870093893e-13,1.121495679741886e-16,8.817787104239019e-17
3252,8.932256844701489e-13,1.116325056086136e-16,8.778368706836141e-17
3253,8.800339118045796e-13,1.111369078865287e-16,8.737967994106727e-17
3254,8.75751909620673e-13,1.106384941935859e-16,8.697434754486462e-17
3255,8.896772060489148e-13,1.101459667852742e-16,8.658963633521121e-17
3256,8.775511741344586e-13,1.096430688949329e-16,8.618515208057821e-17
3257,8.767226564902238e-13,1.091544908300238e-16,8.579930646469752e-17
3258,8.720224657243157e-13,1.086575642553712e-16,8.54070653465618e-17
3259,8.871704156655405e-13,1.081781508273826e-16,8.504696986332068e-17
3260,8.839335720309192e-13,1.077038830602519e-16,8.466619150006883e-17
3261,8.73182096450824e-13,1.072088369452409e-16,8.425744981951491e-17
3262,8.73831532955616e-13,1.067337019703293e-16,8.388989703598627e-17
3263,8.872819842258708e-13,1.062543862040119e-16,8.35069549031204e-17
3264,8.747637333837644e-13,1.057648737655115e-16,8.311929808158084e-17
3265,8.859543900041015e-13,1.053041354793415e-16,8.275178831430725e-17
3266,8.729930212555149e-13,1.048224736168724e-16,8.23793948617563e-17
3267,8.678901257580969e-13,1.043588726320467e-16,8.199755237787525e-17
3268,8.73295780974569e-13,1.038833998813724e-16,8.163789998605443e-17
3269,8.687955090885532e-13,1.034282270394447e-16,8.126789891346099e-17
3270,8.709997453101696e-13,1.029570032640705e-16,8.090117175987102e-17
3271,8.673556067740301e-13,1.024990886461479e-16,8.05367491292367e-17
3272,8.721301267006483e-13,1.020485520396065e-16,8.016315465763751e-17
3273,8.710758011023579e-13,1.015833744545561e-16,7.980501693198265e-17
3274,8.661256728289495e-13,1.011336065570288e-16,7.94384330919726e-17
3275,8.689472785764142e-13,1.006705043530981e-16,7.90840715189179e-17
3276,8.608376248449988e-13,1.002180671950992e-16,7.872480846387003e-17
3277,8.595637915604136e-13,9.977698279404845e-17,7.837886402059494e-17
3278,8.565576727360757e-13,9.93216629932194e-17,7.800709156345844e-17
3279,8.585329228020839e-13,9.888060296138593e-17,7.766799838277904e-17
3280,8.721168735445111e-13,9.844021537352064e-17,7.729899108080981e-17
3281,8.603531557323253e-13,9.799698742393763e-17,7.696311221297957e-17
3282,8.625150689553441e-13,9.75553416717433e-17,7.661863088464614e-17
3283,8.735997720625694e-13,9.711616975846325e-17,7.626786861915347e-17
3284,8.592168214946388e-13,9.667260360184313e-17,7.591272408331053e-17
3285,8.61286836991436e-13,9.625442678138661e-17,7.55921471283409e-17
3286,8.55610968255588e-13,9.58101427647699e-17,7.524098050811164e-17
3287,8.518620310590446e-13,9.538797518380532e-17,7.489733040103408e-17
3288,8.552167413243824e-13,9.49544835907199e-17,7.456445769969755e-17
3289,8.577185908135409e-13,9.454899546272877e-17,7.422966551528052e-17
3290,8.521375011523239e-13,9.41199983227303e-17,7.389383779935356e-17
3291,8.502008149238946e-13,9.369150857022726e-17,7.356129654867783e-17
3292,8.556882956967504e-13,9.326774851609743e-17,7.321332071962004e-17
3293,8.496094436007798e-13,9.285864578127902e-17,7.288338212858234e-17
3294,8.495359352707464e-13,9.242919983904331e-17,7.254904760562482e-17
3295,8.649500031208544e-13,9.203507789996996e-17,7.225776797003939e-17
3296,8.627523972844465e-13,9.161882741383855e-17,7.192641896202069e-17
3297,8.504986365383601e-13,9.121496561901933e-17,7.158779569973551e-17
3298,8.575156130223716e-13,9.079815060055654e-17,7.126521391891156e-17
3299,8.488365113228865e-13,9.040163066989631e-17,7.094635080418716e-17
3300,8.59077947278531e-13,9.000037530348723e-17,7.062945856336203e-17
3301,8.494569057788624e-13,8.959370566617369e-17,7.029869275372352e-17
3302,8.513337485900639e-13,8.918979494040301e-17,6.998427623226186e-17
3303,8.449276643479722e-13,8.879982556220459e-17,6.9666756128322e-17
3304,8.498134471542505e-13,8.840952361967304e-17,6.936258600491351e-17
3305,8.411823313325936e-13,8.800056641135988e-17,6.905697159633001e-17
3306,8.422417803976781e-13,8.761269777521295e-17,6.873784433673692e-17
3307,8.40912925397147e-13,8.72020221580716e-17,6.841900778874876e-17
3308,8.358508802130924e-13,8.68286915269202e-17,6.810654888156201e-17
3309,8.445285903125427e-13,8.644994816433251e-17,6.781206922120656e-17
3310,8.511546212054966e-13,8.60596846512712e-17,6.750347032435203e-17
3311,8.434821554559112e-13,8.56763641080132e-17,6.719904804122256e-17
3312,8.387104410213001e-13,8.528740476726255e-17,6.689226985713355e-17
3313,8.504145947787978e-13,8.492403620600798e-17,6.661010905769945e-17
3314,8.375622211125173e-13,8.452145267804075e-17,6.629540260451733e-17
3315,8.35649934005364e-13,8.415438470722564e-17,6.598509406903274e-17
3316,8.400210394872287e-13,8.376971012365209e-17,6.568185256130191e-17
3317,8.353960073661578e-13,8.341019945011682e-17,6.539293891890281e-17
3318,8.469144265038617e-13,8.304591844635432e-17,6.510928146147122e-17
3319,8.583198795994136e-13,8.266600587146083e-17,6.482261076154149e-17
3320,8.390063134948856e-13,8.23015255358299e-17,6.452692200125714e-17
3321,8.362199299430638e-13,8.192564602573425e-17,6.421472267695805e-17
3322,8.403408996996048e-13,8.157120770527182e-17,6.396024586815923e-17
3323,8.361252617236665e-13,8.119513123876344e-17,6.36550103702608e-17
3324,8.43484193475838e-13,8.083609022930974e-17,6.337020135342203e-17
3325,8.392050951162517e-13,8.047632153191428e-17,6.30881589043894e-17
3326,8.439167812991492e-13,8.012873948713136e-17,6.280950418320181e-17
3327,8.334105843326629e-13,7.974317350041587e-17,6.249420494735319e-17
3328,8.293608327323336e-13,7.940975731825739e-17,6.222909875011762e-17
3329,8.258372850418816e-13,7.905387638980999e-17,6.194089927159887e-17
3330,8.320834177295892e-13,7.869807848174666e-17,6.168186689698046e-17
3331,8.273553912749134e-13,7.835552360269296e-17,6.138549960110532e-17
3332,8.273199367984793e-13,7.799565904215802e-17,6.111140664883642e-17
3333,8.302006978349855e-13,7.765222844953679e-17,6.084119783449373e-17
3334,8.279899192036777e-13,7.73305261708304e-17,6.05855593233978e-17
3335,8.368234749887857e-13,7.697605750142165e-17,6.030587481752261e-17
3336,8.333003615269134e-13,7.663643106244498e-17,6.003532072578095e-17
3337,8.245437386199293e-13,7.629847018318161e-17,5.975990589655626e-17
3338,8.228688469188823e-13,7.594719413896222e-17,5.947664493523585e-17
3339,8.285893128071116e-13,7.561032402885807e-17,5.921404641438174e-17
3340,8.236947212584557e-13,7.526745216564914e-17,5.893631747585978e-17
3341,8.265419142800004e-13,7.493648616740261e-17,5.868143879677625e-17
3342,8.225273087392235e-13,7.461558431500112e-17,5.84236210522762e-17
3343,8.199784527911228e-13,7.427174115112238e-17,5.815816118622848e-17
3344,8.348985731712274e-13,7.394433273931075e-17,5.791458015126266e-17
3345,8.23161700352058e-13,7.363145527661659e-17,5.765111634811149e-17
3346,8.188174789452429e-13,7.328599636789384e-17,5.73765004958345e-17
3347,8.26592167324156e-13,7.29755614983445e-17,5.712842950586785e-17
3348,8.356023708132554e-13,7.264720882113523e-17,5.687484062294003e-17
3349,8.353979457786354e-13,7.233700048777758e-17,5.662471242143649e-17
3350,8.220180403534905e-13,7.201042027086387e-17,5.635511361971315e-17
3351,8.310118394405649e-13,7.170167015434718e-17,5.611502064994612e-17
3352,8.228468220020287e-13,7.136149686903199e-17,5.584815612086816e-17
3353,8.191547110846024e-13,7.105850417885221e-17,5.56079268732286e-17
3354,8.163780861592977e-13,7.074786835843718e-17,5.535960035748908e-17
3355,8.184413032906898e-13,7.041798544473464e-17,5.511373814918476e-17
3356,8.150938635002566e-13,7.011309189738401e-17,5.486612520346383e-17
3357,8.224214151043681e-13,6.980422546165798e-17,5.462604563934292e-17
3358,8.195226328453378e-13,6.949256190502139e-17,5.437053111826854e-17
3359,8.185165904402565e-13,6.918150709798243e-17,5.41262750135982e-17
3360,8.301432591154987e-13,6.887305017902931e-17,5.38970826982938e-17
3361,8.140748215279782e-13,6.856969644953179e-17,5.364808555728113e-17
3362,8.181372546731755e-13,6.826226798077935e-17,5.339264848485905e-17
3363,8.115493756032036e-13,6.797042774134469e-17,5.315384689577982e-17
3364,8.121819830687388e-13,6.765121502970509e-17,5.290597015618298e-17
3365,8.186917011247287e-13,6.73812961293428e-17,5.269589507994595e-17
3366,8.174888596051462e-13,6.708440108082615e-17,5.245415621696085e-17
3367,8.224339416630782e-13,6.678684703713875e-17,5.221895678877269e-17
3368,8.122918459565025e-13,6.647716905421515e-17,5.197475029068138e-17
3369,8.084458616017785e-13,6.615758917060642e-17,5.171397062318163e-17
3370,8.316547109778007e-13,6.589021100452561e-17,5.151604837509691e-17
3371,8.144456216587772e-13,6.559897075520596e-17,5.128259081826995e-17
3372,8.155130651934542e-13,6.531420038212959e-17,5.106341363550835e-17
3373,8.095548516213752e-13,6.501941648844562e-17,5.082365184306636e-17
3374,8.103492019699201e-13,6.474299575466044e-17,5.060130072123805e-17
3375,8.076614168926298e-13,6.445023459402974e-17,5.035615844116192e-17
3376,8.045538499256831e-13,6.41615097279678e-17,5.014181189434161e-17
3377,8.068817611326552e-13,6.388085107083939e-17,4.990487038820917e-17
3378,8.104799558768771e-13,6.36036877659108e-17,4.970664861806379e-17
3379,8.045673993748418e-13,6.3322147540663e-17,4.947946737988336e-17
3380,8.063060534374247e-13,6.304464720055895e-17,4.925385187360419e-17
3381,8.181396955032778e-13,6.276483020145418e-17,4.90404032121243e-17
3382,8.052950285759814e-13,6.248753040760647e-17,4.882325293424978e-17
3383,8.152596053853305e-13,6.221766700887677e-17,4.860381198212405e-17
3384,8.065690075229987e-13,6.194073972323104e-17,4.836972636908376e-17
3385,8.025550798674264e-13,6.16629467380511e-17,4.815569163178511e-17
3386,8.014269749259902e-13,6.140314640202986e-17,4.794969459973331e-17
3387,8.098639683506323e-13,6.112728361360238e-17,4.773332631727494e-17
3388,8.015500480891574e-13,6.086393952957754e-17,4.753163368942123e-17
3389,8.048263122484356e-13,6.059694130449781e-17,4.731948963978955e-17
3390,8.135233444372954e-13,6.031397120607788e-17,4.709902334100644e-17
3391,8.046885753947033e-13,6.005167568606158e-17,4.688704559218495e-17
3392,8.010468566778977e-13,5.977600286923819e-17,4.665610697682497e-17
3393,8.101608180203769e-13,5.952520876517717e-17,4.646505224915591e-17
3394,8.011128856763467e-13,5.926080227570098e-17,4.625236398076265e-17
3395,8.08273315768181e-13,5.902339890922481e-17,4.606195418790283e-17
3396,8.059156439510147e-13,5.876708493834726e-17,4.584404909505347e-17
3397,8.006122199511613e-13,5.849623651523257e-17,4.565334416869887e-17
3398,8.033974952043717e-13,5.823837724660286e-17,4.544042984992334e-17
3399,7.991729703149401e-13,5.797393542028225e-17,4.521691847647816e-17
3400,7.930506791192366e-13,5.772869316025867e-17,4.50459219860363e-17
3401,8.073891076363152e-13,5.747708016892578e-17,4.48448550842377e-17
3402,8.016735805244409e-13,5.719651948191757e-17,4.461310246438897e-17
3403,8.002656208415604e-13,5.69719936890277e-17,4.443722012565787e-17
3404,8.129601934201818e-13,5.671676532336931e-17,4.423833551339761e-17
3405,8.092105731429877e-13,5.648046997722461e-17,4.405511581897391e-17
3406,7.981571867572019e-13,5.623032106534533e-17,4.384227346126232e-17
3407,7.929128523382714e-13,5.598426579067565e-17,4.365125190398863e-17
3408,7.975186934979407e-13,5.572811415281582e-17,4.345731404964213e-17
3409,7.95075056309425e-13,5.548870452879997e-17,4.325653704829028e-17
3410,7.915165377031831e-13,5.524544439739788e-17,4.307456095024809e-17
3411,8.054340879146009e-13,5.501193445723199e-17,4.28756790251141e-17
3412,8.123532320871316e-13,5.475758400753059e-17,4.268835681863619e-17
3413,8.0453719214323e-13,5.452221978632395e-17,4.249646928930632e-17
3414,7.948554715735459e-13,5.427645555841884e-17,4.232509287001685e-17
3415,8.019800742392999e-13,5.405798709937856e-17,4.211719085491624e-17
3416,7.965199743091622e-13,5.380739306597299e-17,4.193211283436216e-17
3417,7.906571705258273e-13,5.357309485157261e-17,4.173995690009699e-17
3418,7.958478318700906e-13,5.334305785652672e-17,4.157215981222069e-17
3419,8.008076153351245e-13,5.311147690742475e-17,4.13791882400627e-17
3420,7.926886119049168e-13,5.288545647684088e-17,4.119235105776302e-17
3421,8.021958718709107e-13,5.264279752965728e-17,4.100626241772993e-17
3422,8.005298911981477e-13,5.242031988222755e-17,4.082799328735287e-17
3423,7.960758031985495e-13,5.219222849089272e-17,4.064108211978601e-17
3424,7.932034748954918e-13,5.197261533667426e-17,4.046309961014235e-17
3425,7.91846860713348e-13,5.172588400449921e-17,4.027264344729773e-17
3426,7.87057055657649e-13,5.149813865329873e-17,4.0077330265999e-17
3427,7.88472242574753e-13,5.128419780141237e-17,3.992810359832572e-17
3428,7.851779725955194e-13,5.105555728919403e-17,3.97458614842531e-17
3429,7.923505228015704e-13,5.084137946519367e-17,3.957920415909428e-17
3430,7.874359409198105e-13,5.061217115887528e-17,3.9377620184767e-17
3431,7.859841128679625e-13,5.038543814697667e-17,3.920326181331386e-17
3432,7.889621385955562e-13,5.01824706511171e-17,3.905193078763021e-17
3433,7.886457164848885e-13,4.997174264355774e-17,3.887661676182796e-17
3434,7.895201536699312e-13,4.973854847674444e-17,3.870243206113811e-17
3435,7.844223530383231e-13,4.952290954995569e-17,3.852741755596037e-17
3436,7.844978635554038e-13,4.931215357704553e-17,3.835099201720384e-17
3437,7.896193394743225e-13,4.909915018491556e-17,3.819472629728073e-17
3438,8.040531282118439e-13,4.888825030286093e-17,3.801825325005779e-17
3439,7.891187636390195e-13,4.866299864484725e-17,3.782525577025539e-17
3440,8.00150587321402e-13,4.846800383282355e-17,3.768541566237454e-17
3441,7.88234971199045e-13,4.826191035643314e-17,3.751937254436036e-17
3442,7.862622271572986e-13,4.804553818066476e-17,3.734414991022174e-17
3443,7.812201109378681e-13,4.783113846903088e-17,3.719678299834557e-17
3444,7.8310349318211e-13,4.762635890353406e-17,3.701871916511408e-17
3445,7.887756074454763e-13,4.742326971966049e-17,3.687093376588047e-17
3446,7.981316062726408e-13,4.720834636680764e-17,3.669707348869431e-17
3447,7.847174538230869e-13,4.700794291607567e-17,3.652276131526067e-17
3448,7.778471618491771e-13,4.680202305256308e-17,3.63600277125871e-17
3449,7.800463372440228e-13,4.658658910431877e-17,3.618469748596901e-17
3450,7.848360161300423e-13,4.639544848149788e-17,3.60444745402068e-17
3451,7.817145055970706e-13,4.619106127778213e-17,3.586862579592011e-17
3452,7.809181644565634e-13,4.599058795719686e-17,3.573417830549163e-17
3453,7.909568276099428e-13,4.581244595438318e-17,3.558339833357256e-17
3454,7.839008321217397e-13,4.558929712849366e-17,3.54063218041302e-17
3455,7.820313767993045e-13,4.539015677076745e-17,3.525265741918982e-17
3456,7.782504552685182e-13,4.519796908648352e-17,3.508263607840492e-17
3457,7.75952338890211e-13,4.499894632516363e-17,3.49430163499525e-17
3458,7.763786239934406e-13,4.481652422112401e-17,3.477874731424702e-17
3459,7.789904858638975e-13,4.461586657493599e-17,3.463379768563624e-17
3460,7.841174957979801e-13,4.442951777531703e-17,3.449002598771594e-17
3461,7.816068412842073e-13,4.42408774924423e-17,3.433703447769298e-17
3462,7.767126901278429e-13,4.404181009667825e-17,3.41511794339511e-17
3463,7.930464267272542e-13,4.386080778054463e-17,3.402192605401387e-17
3464,7.885122875353873e-13,4.366997355996966e-17,3.388341555627517e-17
3465,7.804235460337011e-13,4.347575155859407e-17,3.372511832148831e-17
3466,7.748194563611991e-13,4.330274988741229e-17,3.35808110721069e-17
3467,7.803786006801347e-13,4.311171304868852e-17,3.343031968611225e-17
3468,7.770897476773257e-13,4.291728822092657e-17,3.328410192452247e-17
3469,7.746268659985996e-13,4.273912392419084e-17,3.314322514975152e-17
3470,7.766142277639152e-13,4.254872698347437e-17,3.298578923115105e-17
3471,7.940767290866397e-13,4.236896333083748e-17,3.284449584780506e-17
3472,7.774700523370979e-13,4.217902344209946e-17,3.269984406436907e-17
3473,7.727494018254813e-13,4.199113872738344e-17,3.255121806049381e-17
3474,7.757624657623796e-13,4.181667135100852e-17,3.240554914340943e-17
3475,7.806563396042446e-13,4.16495604718458e-17,3.227245966827591e-17
3476,7.724611914862619e-13,4.145938790707475e-17,3.211186964825438e-17
3477,7.767622902866081e-13,4.127532778810729e-17,3.197342781531864e-17
3478,7.710793360547271e-13,4.109881920219087e-17,3.182947054690729e-17
3479,7.908656738891877e-13,4.09409331014341e-17,3.169861143621255e-17
3480,7.888703212529414e-13,4.076098646527304e-17,3.158148232492586e-17
3481,7.738084168452813e-13,4.057876031637049e-17,3.142039266655988e-17
3482,7.780323555350613e-13,4.04112992826622e-17,3.128387004408608e-17
3483,7.732400374688643e-13,4.024538325846801e-17,3.115432067015032e-17
3484,7.725000313110081e-13,4.005379843558865e-17,3.100260303244952e-17
3485,7.726310223782486e-13,3.989420916273201e-17,3.0870293586428e-17
3486,7.834863263940472e-13,3.973070522738134e-17,3.073781694092742e-17
3487,7.864305461235327e-13,3.95605681261075e-17,3.060416940039594e-17
3488,7.731489357659516e-13,3.937061307561627e-17,3.045308908702976e-17
3489,7.83359313883715e-13,3.921207622362891e-17,3.034912909752682e-17
3490,7.756498787112982e-13,3.903696241207913e-17,3.019275571287594e-17
3491,7.721380500759543e-13,3.888552173203868e-17,3.007531016430455e-17
3492,7.840914587464678e-13,3.871739247461037e-17,2.993914770893434e-17
3493,7.727487704488883e-13,3.854152619050346e-17,2.980766892386969e-17
3494,7.671375612086409e-13,3.840080223381395e-17,2.968343556316147e-17
3495,7.745999451820574e-13,3.823839642319476e-17,2.954516940830427e-17
3496,7.775456251055807e-13,3.806081148331758e-17,2.941714558969526e-17
3497,7.709124577843555e-13,3.791321281041147e-17,2.929077438398272e-17
3498,7.711612644944216e-13,3.774268444709598e-17,2.915996715996768e-17
3499,7.772359253943724e-13,3.757401251341657e-17,2.902978816109388e-17
3500,7.693456391873063e-13,3.741788552966883e-17,2.890344989306897e-17
3501,7.952402850841274e-13,3.725634142568931e-17,2.877901047640799e-17
3502,7.828792624844889e-13,3.709430084390277e-17,2.86488053633605e-17
3503,7.72690860610334e-13,3.694931464577002e-17,2.852630072232913e-17
3504,7.774589497816324e-13,3.679603735373707e-17,2.840838057764483e-17
3505,7.813698299224692e-13,3.663325278008518e-17,2.827544918440133e-17
3506,7.687575683726647e-13,3.644615940810271e-17,2.811841752439588e-17
3507,7.837457237873997e-13,3.633479656422514e-17,2.804633406702287e-17
3508,7.750457230953749e-13,3.615794561875934e-17,2.791307203482454e-17
3509,7.873921301416361e-13,3.601408859778018e-17,2.778424947347974e-17
3510,7.725529890028171e-13,3.585031822115612e-17,2.7670969299981e-17
3511,7.730523070124194e-13,3.570648757466903e-17,2.753855969661806e-17
3512,7.848503674906688e-13,3.555244066029932e-17,2.741945492410282e-17
3513,7.737112423049874e-13,3.539605064761091e-17,2.729004119113997e-17
3514,7.68219871718561e-13,3.524783782241071e-17,2.718310524004195e-17
3515,7.653648857793377e-13,3.510512731963617e-17,2.706308796471757e-17
3516,7.73839529758729e-13,3.49517556825418e-17,2.694374060895366e-17
3517,7.653494828354951e-13,3.480174601944227e-17,2.682876268074058e-17
3518,7.638320654187526e-13,3.463678560588224e-17,2.670050428627949e-17
3519,7.633050783277623e-13,3.45188212969457e-17,2.657782917391498e-17
3520,7.628537048464212e-13,3.436408681827356e-17,2.648245778515388e-17
3521,7.618588778824549e-13,3.42177151888746e-17,2.635894993530003e-17
3522,7.808246003627585e-13,3.407962562751471e-17,2.625179475735255e-17
3523,7.664158711973773e-13,3.391928867739725e-17,2.611770244339305e-17
3524,7.673061259444122e-13,3.37924034375649e-17,2.602333202238705e-17
3525,7.647813007503923e-13,3.364265429893705e-17,2.590690761624567e-17
3526,7.700550777109573e-13,3.349845991457062e-17,2.578798343120307e-17
3527,7.647240163369593e-13,3.337070212406386e-17,2.567760408977154e-17
3528,7.60556211161091e-13,3.321073712692559e-17,2.555248873550508e-17
3529,7.656319177106038e-13,3.307954502657172e-17,2.544757976756645e-17
3530,7.656735514112872e-13,3.294282366631705e-17,2.534261204170355e-17
3531,7.619577770826501e-13,3.278603785952467e-17,2.520701743436552e-17
3532,7.681258673350938e-13,3.266119111747073e-17,2.513424730847983e-17
3533,7.594687990257359e-13,3.251574449751783e-17,2.498784555478337e-17
3534,7.720345824957952e-13,3.240644582485588e-17,2.490602682361554e-17
3535,7.619329615015267e-13,3.22657458146959e-17,2.4809642431496e-17
3536,7.637320983118899e-13,3.211985703752308e-17,2.468437755114955e-17
3537,7.602268575755397e-13,3.199220913855509e-17,2.457823615578503e-17
3538,7.614528211331655e-13,3.184674817384006e-17,2.447746843612193e-17
3539,7.583361213644259e-13,3.170645130193567e-17,2.436702407694182e-17
3540,7.68080206450623e-13,3.15936481425843e-17,2.42703550245442e-17
3541,7.610556620515984e-13,3.144644825517934e-17,2.415093565241214e-17
3542,7.563873977407752e-13,3.132541752735013e-17,2.404038441217207e-17
3543,7.674146024909002e-13,3.11961707563767e-17,2.395445146704184e-17
3544,7.713565616825265e-13,3.106292827605016e-17,2.384875175872536e-17
3545,7.793566555256799e-13,3.093322212330232e-17,2.373442216228685e-17
3546,7.737207369690932e-13,3.08189324969348e-17,2.364773877713196e-17
3547,7.611265019895759e-13,3.067129531629485e-17,2.352842405429903e-17
3548,7.599483421695439e-13,3.054668970677811e-17,2.343167185303464e-17
3549,7.61935649128881e-13,3.042505053131285e-17,2.333656732196778e-17
3550,7.697645832381207e-13,3.029493756773255e-17,2.32398020780397e-17
3551,7.680018791627044e-13,3.016096651678097e-17,2.313105080770839e-17
3552,7.63810462103641e-13,3.004899137018953e-17,2.303289664243812e-17
3553,7.580363428237742e-13,2.992346258357226e-17,2.292466118080464e-17
3554,7.6759866770735e-13,2.978172226177642e-17,2.283160138234393e-17
3555,7.606373874866025e-13,2.967273822116079e-17,2.272127845405448e-17
3556,7.553236970860321e-13,2.953277012051095e-17,2.261335260375108e-17
3557,7.52194911794848e-13,2.942850031501942e-17,2.254857755912018e-17
3558,7.52505056586478e-13,2.929162769990617e-17,2.243514132125263e-17
3559,7.52168753661118e-13,2.918117186764128e-17,2.234048245457065e-17
3560,7.718065882909414e-13,2.906474732405079e-17,2.224890513711464e-17
3561,7.659175945773581e-13,2.894211415371762e-17,2.214493029062453e-17
3562,7.576246012424534e-13,2.881564674079309e-17,2.205294656211672e-17
3563,7.613900891226858e-13,2.86990076769836e-17,2.198283929978134e-17
3564,7.568102859573743e-13,2.857953455061727e-17,2.185949183256972e-17
3565,7.590841517301845e-13,2.84508610836653e-17,2.177060337725346e-17
3566,7.531961118268803e-13,2.832714138042598e-17,2.167784640373875e-17
3567,7.564435706956506e-13,2.82215134885134e-17,2.159516514349407e-17
3568,7.532117067060044e-13,2.810116628549617e-17,2.147873942512277e-17
3569,7.537376979584678e-13,2.800206314571438e-17,2.138030593068617e-17
3570,7.55313796927803e-13,2.787429229845917e-17,2.130284477340155e-17
3571,7.516957807708755e-13,2.776278094016642e-17,2.122336407351524e-17
3572,7.539146760691531e-13,2.76399102230303e-17,2.112254670506172e-17
3573,7.598395729242225e-13,2.753975858534542e-17,2.104773162447022e-17
3574,7.617978927518923e-13,2.742927651914359e-17,2.095315873392971e-17
3575,7.566710643005807e-13,2.731733046025278e-17,2.085586156046386e-17
3576,7.659912487589484e-13,2.719164778272326e-17,2.075726972990784e-17
3577,7.736140676826038e-13,2.708435676696892e-17,2.068707522815173e-17
3578,7.592686057221772e-13,2.697902434324219e-17,2.058567386686078e-17
3579,7.662157144850282e-13,2.685752191058258e-17,2.051082958307469e-17
3580,7.550293099764432e-13,2.675480777528689e-17,2.042259755058239e-17
3581,7.536161726989284e-13,2.664372126079548e-17,2.031677408724672e-17
3582,7.535716210833683e-13,2.652313935164473e-17,2.022560854571245e-17
3583,7.701382226412918e-13,2.643680645148724e-17,2.016964764312135e-17
3584,7.619241506713856e-13,2.642165625401145e-17,1.996707846789609e-17
3585,7.608892626955652e-13,2.635361634719801e-17,1.984808680711741e-17
3586,7.682923831560517e-13,2.62371638419273e-17,1.975740384832376e-17
3587,7.641403478834943e-13,2.612776629392396e-17,1.965327236440959e-17
3588,7.628666777800084e-13,2.600259651787842e-17,1.957173763531405e-17
3589,7.705241059241674e-13,2.590683981802721e-17,1.950685583054001e-17
3590,7.660002134708661e-13,2.580716972839015e-17,1.94425165946816e-17
3591,7.691424672609049e-13,2.567470129961407e-17,1.93549920612158e-17
3592,7.645063721034904e-13,2.557007463517252e-17,1.925022855237699e-17
3593,7.800514819024404e-13,2.548901046798184e-17,1.920025318181799e-17
3594,7.668315063648036e-13,2.536256769205146e-17,1.909102741988028e-17
3595,7.630515489178501e-13,2.527064463444275e-17,1.90182486721877e-17
3596,7.634414326532224e-13,2.518911054054753e-17,1.897036357080106e-17
3597,7.571262804867648e-13,2.505939816679077e-17,1.884128092651433e-17
3598,7.592819756368234e-13,2.496067991707552e-17,1.876991422175924e-17
3599,7.613570340947917e-13,2.488490321485329e-17,1.871363780812796e-17
3600,7.615834004779022e-13,2.477143101104179e-17,1.861747415052414e-17
3601,7.772707943877285e-13,2.46794822347911e-17,1.857897461986662e-17
3602,7.649653957603305e-13,2.458304523769255e-17,1.847952016355029e-17
3603,7.613784555650835e-13,2.447130003566832e-17,1.840283114071146e-17
3604,7.681326700048885e-13,2.437788074309068e-17,1.832530213752772e-17
3605,7.619205755253112e-13,2.429845074911006e-17,1.826204328116905e-17
3606,7.679093773492008e-13,2.419908037151267e-17,1.818667277470542e-17
3607,7.636835949118587e-13,2.411322575830915e-17,1.811272123364644e-17
3608,7.75413020151494e-13,2.399914881941912e-17,1.801825615200647e-17
3609,7.760906021205169e-13,2.391405062184829e-17,1.795506665128906e-17
3610,7.647952651859181e-13,2.380974124409021e-17,1.787612405738421e-17
3611,7.689378189188299e-13,2.372649622376436e-17,1.780252847820263e-17
3612,7.620375481484904e-13,2.363660814920767e-17,1.772287233794711e-17
3613,7.580889895742558e-13,2.350108980201363e-17,1.762248944043663e-17
3614,7.654072190026824e-13,2.344119622546217e-17,1.758656491749782e-17
3615,7.577293443891851e-13,2.333226046626029e-17,1.74881868626997e-17
3616,7.557492191540263e-13,2.32327984907905e-17,1.740423737380462e-17
3617,7.546291753974085e-13,2.315534083859545e-17,1.735985382144902e-17
3618,7.646078011537631e-13,2.306606709029969e-17,1.726677208115335e-17
3619,7.58537773664502e-13,2.298301647964695e-17,1.722626698521467e-17
3620,7.534396233498908e-13,2.288204197843329e-17,1.714272031386093e-17
3621,7.559614327694655e-13,2.280060712545826e-17,1.705978079144935e-17
3622,7.554660806989493e-13,2.269023339042577e-17,1.69753381489068e-17
3623,7.633144853486412e-13,2.262021560796237e-17,1.69336063729276e-17
3624,7.567716705345678e-13,2.252354844857406e-17,1.685073610379744e-17
3625,7.529500152320097e-13,2.242548216676476e-17,1.675843869304191e-17
3626,7.509614444739443e-13,2.235729436778522e-17,1.672137487024243e-17
3627,7.59077350876803e-13,2.227163515036947e-17,1.664567289078474e-17
3628,7.544360145210748e-13,2.218003346645382e-17,1.6588256195409e-17
3629,7.517691812162252e-13,2.206794829719215e-17,1.648635658060372e-17
3630,7.552195365040919e-13,2.198830083235055e-17,1.64154948456598e-17
3631,7.66176777304369e-13,2.191522664823813e-17,1.637887523311985e-17
3632,7.66327419914767e-13,2.182820950600537e-17,1.632295295008892e-17
3633,7.567120364285974e-13,2.174407389277987e-17,1.623209359870382e-17
3634,7.527680241353102e-13,2.165902655704042e-17,1.616446979547769e-17
3635,7.655356625179506e-13,2.158045841984549e-17,1.610179125651871e-17
3636,7.597980040462274e-13,2.150262532826517e-17,1.604377568626756e-17
3637,7.546887361449177e-13,2.140760589434565e-17,1.597393833345078e-17
3638,7.512740876228858e-13,2.131405270974451e-17,1.589422576311727e-17
3639,7.483546499821845e-13,2.123869044037887e-17,1.583072198554876e-17
3640,7.642312093481991e-13,2.116465648685952e-17,1.577216578710841e-17
3641,7.507161916683027e-13,2.107926410833394e-17,1.571410613062493e-17
3642,7.52495115752821e-13,2.099579925600863e-17,1.564407598075226e-17
3643,7.496379686622602e-13,2.0912102408244e-17,1.557269049864461e-17
3644,7.507526748874852e-13,2.082863401195228e-17,1.549809126776278e-17
3645,7.570651213471217e-13,2.073556436139652e-17,1.54139046427306e-17
3646,7.519298303087464e-13,2.065743966137956e-17,1.53879078511279e-17
3647,7.539571137115848e-13,2.060739660275745e-17,1.532825220350679e-17
3648,7.585336819598128e-13,2.051974430455167e-17,1.525942998098877e-17
3649,7.50450545834009e-13,2.043618463965866e-17,1.520235732525929e-17
3650,7.526307694252762e-13,2.035327798990408e-17,1.51509242102269e-17
3651,7.490900416802161e-13,2.0272190385914e-17,1.50712204413876e-17
3652,7.475254443322541e-13,2.018148148404023e-17,1.500663161890331e-17
3653,7.461364072606643e-13,2.009938123968509e-17,1.492551885231325e-17
3654,7.598126560117893e-13,2.004375433478006e-17,1.48974381867051e-17
3655,7.618059030191825e-13,1.99579620082071e-17,1.482687225163027e-17
3656,7.68539060046553e-13,1.988639297173397e-17,1.477484048037374e-17
3657,7.534791281518243e-13,1.981487274882435e-17,1.469676305898611e-17
3658,7.479850865993443e-13,1.972514359781554e-17,1.463650629407219e-17
3659,7.54868844128809e-13,1.964230278572029e-17,1.457810812646586e-17
3660,7.514200486460899e-13,1.95833385009492e-17,1.453222633324163e-17
3661,7.537172152544783e-13,1.950210197437254e-17,1.447657365704947e-17
3662,7.450671896195977e-13,1.940834804842314e-17,1.439400306374282e-17
3663,7.421488326328587e-13,1.936085418998561e-17,1.432815471658756e-17
3664,7.522446573671324e-13,1.930386860202812e-17,1.432868135130448e-17
3665,7.491472241449818e-13,1.921308606625619e-17,1.422742051518746e-17
3666,7.515410034152137e-13,1.913423627250664e-17,1.419508861974398e-17
3667,7.576959986620984e-13,1.908023117897453e-17,1.411602300227168e-17
3668,7.693453508898653e-13,1.89996551382789e-17,1.407083451129668e-17
3669,7.514609995232377e-13,1.890482047756448e-17,1.398961888472183e-17
3670,7.512870439962425e-13,1.884111743015906e-17,1.394425237280172e-17
3671,7.613909401671963e-13,1.878053363614603e-17,1.390035832040969e-17
3672,7.501820266393621e-13,1.870043623051249e-17,1.383409621777591e-17
3673,7.466467512107287e-13,1.863678635410361e-17,1.377441319810119e-17
3674,7.455913373521267e-13,1.857059320611481e-17,1.369300405227887e-17
3675,7.451356945660139e-13,1.851895738835233e-17,1.369185692026709e-17
3676,7.564246893286539e-13,1.842446527221656e-17,1.360881162688369e-17
3677,7.466942964549446e-13,1.835681793642638e-17,1.353771398645899e-17
3678,7.503081948663002e-13,1.829021585217357e-17,1.351747688691053e-17
3679,7.428859221677177e-13,1.819064174177374e-17,1.344060683872562e-17
3680,7.41713561954786e-13,1.814667780699514e-17,1.33742895202285e-17
3681,7.430332155694858e-13,1.808684087365114e-17,1.333088707503248e-17
3682,7.537358371615939e-13,1.800736705813813e-17,1.326834378285969e-17
3683,7.676949772621143e-13,1.79551353563697e-17,1.325720861832645e-17
3684,7.534394954538863e-13,1.788411575408105e-17,1.319143812669407e-17
3685,7.465888749436883e-13,1.781122562548918e-17,1.311371003111018e-17
3686,7.538441565952507e-13,1.773689557531497e-17,1.306655782687334e-17
3687,7.445611675803332e-13,1.767755982175023e-17,1.300725949239975e-17
3688,7.443862837469349e-13,1.761288769837591e-17,1.295630164821366e-17
3689,7.580015142896062e-13,1.753554974102459e-17,1.290764401100006e-17
3690,7.465228365228838e-13,1.748388347013895e-17,1.288132210889085e-17
3691,7.554449973563277e-13,1.742263152547939e-17,1.280849614576587e-17
3692,7.465142014468569e-13,1.735521254011035e-17,1.277418784514469e-17
3693,7.426037385934757e-13,1.728162132329034e-17,1.27053741191407e-17
3694,7.418622873786977e-13,1.723042679711753e-17,1.266241958771091e-17
3695,7.410207989185333e-13,1.713705624220854e-17,1.258375443014548e-17
3696,7.475800534273865e-13,1.709004444312715e-17,1.254669461719345e-17
3697,7.509016551564929e-13,1.702000746662995e-17,1.251242493839767e-17
3698,7.619761402308672e-13,1.697884584397624e-17,1.246930082565925e-17
3699,7.459331838319384e-13,1.689666382204771e-17,1.237410361050514e-17
3700,7.463564170398177e-13,1.684475274730583e-17,1.23559620861679e-17
3701,7.503833931775599e-13,1.67677896712788e-17,1.229713197667717e-17
3702,7.4422282038755e-13,1.670486745831794e-17,1.224837758392088e-17
3703,7.468200338127455e-13,1.665456116426043e-17,1.22100508297407e-17
3704,7.412595902889196e-13,1.659895832854768e-17,1.216088920951074e-17
3705,7.458025572674394e-13,1.65400803172952e-17,1.210406973587439e-17
3706,7.404559909235867e-13,1.645535005502788e-17,1.204537859769311e-17
3707,7.368686406540025e-13,1.63998165189864e-17,1.200236178305527e-17
3708,7.458077436997687e-13,1.635114421666546e-17,1.198285522467113e-17
3709,7.385872886110005e-13,1.628688318805554e-17,1.192703409923796e-17
3710,7.394362543489469e-13,1.622095270586326e-17,1.186360653032667e-17
3711,7.383543615563856e-13,1.617158685398496e-17,1.183854101940257e-17
3712,7.445303134667949e-13,1.610888463861351e-17,1.178668715406396e-17
3713,7.362811232093565e-13,1.605099670511521e-17,1.172344932897129e-17
3714,7.373204804393842e-13,1.601617239924042e-17,1.170374292895352e-17
3715,7.361197217919034e-13,1.59201181349398e-17,1.162859320924936e-17
3716,7.348723588971669e-13,1.587090359851947e-17,1.157569934213263e-17
3717,7.353091588886955e-13,1.583131067929604e-17,1.157434283619035e-17
3718,7.485658279560843e-13,1.57696015712552e-17,1.153431181698913e-17
3719,7.391538755538007e-13,1.568134967745612e-17,1.144393279363767e-17
3720,7.507735121721369e-13,1.565641007955373e-17,1.14169409465653e-17
3721,7.481752526808195e-13,1.558191169234168e-17,1.137127903425359e-17
3722,7.404402944693679e-13,1.554949964562716e-17,1.13380903146408e-17
3723,7.399913903450224e-13,1.549601460334235e-17,1.128724534930043e-17
3724,7.341084400996091e-13,1.541955772832447e-17,1.122110927925238e-17
3725,7.499618536053575e-13,1.53817887449147e-17,1.119012426535716e-17
3726,7.390829807541917e-13,1.529949588338872e-17,1.113707952446656e-17
3727,7.355787041723758e-13,1.526357116868807e-17,1.110276437516441e-17
3728,7.475038417942496e-13,1.520330081070437e-17,1.106693926044513e-17
3729,7.391835271377828e-13,1.514089443196857e-17,1.101859824281647e-17
3730,7.4577601529826e-13,1.509815492008109e-17,1.097103874190656e-17
3731,7.374925521336762e-13,1.505280920909818e-17,1.093881696891393e-17
3732,7.429422858492371e-13,1.496177212525465e-17,1.087350154302835e-17
3733,7.354168746195567e-13,1.492036183851401e-17,1.083509839333681e-17
3734,7.340821087141798e-13,1.488185751257928e-17,1.077949249648703e-17
3735,7.292363080250844e-13,1.48149514812192e-17,1.073860414236995e-17
3736,7.436904160820004e-13,1.478639117354305e-17,1.073263723695462e-17
3737,7.35981350765579e-13,1.473731971469562e-17,1.068829874873819e-17
3738,7.436775800136867e-13,1.46649221103389e-17,1.063931492341338e-17
3739,7.367265202699086e-13,1.461144692644631e-17,1.059905832980087e-17
3740,7.318816994813917e-13,1.455426875479998e-17,1.053928391567448e-17
3741,7.315865297022763e-13,1.450681416140546e-17,1.049518308348475e-17
3742,7.328789880661927e-13,1.446073651664918e-17,1.046740464053142e-17
3743,7.325269456846777e-13,1.44072421727657e-17,1.04367656796977e-17
3744,7.398241290440333e-13,1.436676335024102e-17,1.039745544284745e-17
3745,7.342017137947877e-13,1.429559891711893e-17,1.033704769793558e-17
3746,7.335387925136489e-13,1.425794542339583e-17,1.029543358137249e-17
3747,7.305447571549705e-13,1.420161897156341e-17,1.027007816305095e-17
3748,7.374228377308489e-13,1.41495985295077e-17,1.023023563288217e-17
3749,7.334701371871152e-13,1.411460395906746e-17,1.020057014253372e-17
3750,7.495195388889385e-13,1.405892748493526e-17,1.014029225452801e-17
3751,7.396142318582503e-13,1.401284710576661e-17,1.012695361018475e-17
3752,7.350870196266741e-13,1.395484053569266e-17,1.006209097973751e-17
3753,7.335887965046101e-13,1.391253152703882e-17,1.003869561752464e-17
3754,7.400532301305525e-13,1.385812410074405e-17,9.993349666636826e-18
3755,7.326122803564202e-13,1.380327709244659e-17,9.941931824550957e-18
3756,7.336289710931998e-13,1.378076694848852e-17,9.930946207459364e-18
3757,7.303674789572404e-13,1.372421157926178e-17,9.876867045573756e-18
3758,7.423853977388888e-13,1.366500900037888e-17,9.842403038647368e-18
3759,7.347249698566594e-13,1.36309889665013e-17,9.81065868803553e-18
3760,7.373256502485091e-13,1.357192945909506e-17,9.757974588338895e-18
3761,7.303028173578786e-13,1.351856391131982e-17,9.714874986134137e-18
3762,7.440139697992691e-13,1.349046430179836e-17,9.713937916477579e-18
3763,7.333062516925745e-13,1.343847951986686e-17,9.661248807795803e-18
3764,7.396460505824598e-13,1.33968049145626e-17,9.620789701466028e-18
3765,7.378471371217149e-13,1.335410014810871e-17,9.589072864031688e-18
3766,7.335192895289082e-13,1.328159751606918e-17,9.538018737185687e-18
3767,7.344529926242942e-13,1.325199037269576e-17,9.515597221242164e-18
3768,7.294838159942602e-13,1.320558730333101e-17,9.452356699311029e-18
3769,7.292387346233625e-13,1.315597683591662e-17,9.42741421233258e-18
3770,7.264613998588661e-13,1.310256840537508e-17,9.379127669085688e-18
3771,7.282973797808422e-13,1.306633316703204e-17,9.376393688780411e-18
3772,7.24634360831533e-13,1.302541452555479e-17,9.313435721943717e-18
3773,7.276160922739686e-13,1.298891496587351e-17,9.280589020641797e-18
3774,7.267775609995677e-13,1.293833618066554e-17,9.247932065761779e-18
3775,7.240083746030482e-13,1.288076005905637e-17,9.195553160732518e-18
3776,7.419063380773636e-13,1.285026002096409e-17,9.202783277201612e-18
3777,7.333259685790901e-13,1.278533665207619e-17,9.142995520338787e-18
3778,7.300404607145211e-13,1.275163651396577e-17,9.115794947656809e-18
3779,7.439047107422146e-13,1.272315235509715e-17,9.100710649697932e-18
3780,7.35358536282435e-13,1.269671905281674e-17,9.072872836188136e-18
3781,7.51072211065527e-13,1.263227240040736e-17,9.018427951675299e-18
3782,7.337596322274402e-13,1.257773411549451e-17,8.97267727425194e-18
3783,7.272869428002292e-13,1.253828183336129e-17,8.941359413684182e-18
3784,7.296515402563872e-13,1.251607109049443e-17,8.909113455202358e-18
3785,7.261938750390949e-13,1.247138048050229e-17,8.867091797442399e-18
3786,7.246566426745352e-13,1.243707943949612e-17,8.866451844363765e-18
3787,7.418320524894218e-13,1.238002850982892e-17,8.817933988826493e-18
3788,7.289066497986435e-13,1.233395000475274e-17,8.768774044294424e-18
3789,7.256528826171153e-13,1.228958916261437e-17,8.753507990607407e-18
3790,7.24522065932314e-13,1.226380424337804e-17,8.71932607194474e-18
3791,7.242463757618207e-13,1.21973873733316e-17,8.679412642363992e-18
3792,7.234569169381444e-13,1.218340950659603e-17,8.672151458737024e-18
3793,7.259302341732059e-13,1.210812657158723e-17,8.592393681558876e-18
3794,7.462573626990465e-13,1.208847647099369e-17,8.59241299232096e-18
3795,7.377144347705221e-13,1.204922524270194e-17,8.548956467587898e-18
3796,7.288286662700489e-13,1.199768810117475e-17,8.47854719493355e-18
3797,7.278558195710032e-13,1.198975857863603e-17,8.511834311354723e-18
3798,7.254106360929294e-13,1.195074022835571e-17,8.47826254923236e-18
3799,7.216662691689555e-13,1.189736346604792e-17,8.401599623311297e-18
3800,7.238392132163347e-13,1.184349974776835e-17,8.372318315222025e-18
3801,7.350564896423716e-13,1.181449121542163e-17,8.362010675874997e-18
3802,7.244010967318697e-13,1.178314415075125e-17,8.321875546867557e-18
3803,7.263599388253902e-13,1.173378899036369e-17,8.282841201779348e-18
3804,7.283108153820507e-13,1.169767871863308e-17,8.275518260541076e-18
3805,7.263163043624687e-13,1.165953315154761e-17,8.226931446434634e-18
3806,7.236233001777468e-13,1.161823198336043e-17,8.207297150591751e-18
3807,7.213775380984416e-13,1.15917320766729e-17,8.18716220226924e-18
3808,7.374129308567173e-13,1.154903861143886e-17,8.155781103595625e-18
3809,7.360184881425766e-13,1.152614330814735e-17,8.139940121103105e-18
3810,7.415813019803413e-13,1.148820672804758e-17,8.106915783760057e-18
3811,7.284437355694281e-13,1.142449232963498e-17,8.056447662874404e-18
3812,7.289831411473534e-13,1.138623934016304e-17,8.008928529757935e-18
3813,7.305425003694353e-13,1.13639472536507e-17,8.00735540526047e-18
3814,7.264978808026514e-13,1.133240416003228e-17,7.974633045294238e-18
3815,7.334094358095711e-13,1.128530774349128e-17,7.935499986442398e-18
3816,7.251539379324941e-13,1.123936716750701e-17,7.882701789847795e-18
3817,7.292915305297332e-13,1.121745242362932e-17,7.883624864592112e-18
3818,7.238868914323576e-13,1.117822554812708e-17,7.84376830207579e-18
3819,7.321296733863906e-13,1.116061000593159e-17,7.828694799766695e-18
3820,7.235002206191726e-13,1.112310551969809e-17,7.788817412356448e-18
3821,7.395950653830429e-13,1.106457458835687e-17,7.75254373084987e-18
3822,7.240815062699427e-13,1.104185168861287e-17,7.738979636777063e-18
3823,7.214694279521157e-13,1.100050074803656e-17,7.697802583391366e-18
3824,7.215393289172447e-13,1.097159327304842e-17,7.687911253706979e-18
3825,7.216503063688084e-13,1.095006967775124e-17,7.659509206897978e-18
3826,7.436805362395224e-13,1.091906402769199e-17,7.659136690097452e-18
3827,7.274141992402314e-13,1.08797548553321e-17,7.611215137786165e-18
3828,7.270100857794545e-13,1.083602847541677e-17,7.57144605742551e-18
3829,7.254057346126304e-13,1.082271861919677e-17,7.562074307970487e-18
3830,7.240769781310971e-13,1.074864452645308e-17,7.508809364961942e-18
3831,7.209307235624394e-13,1.07436642280842e-17,7.482443648389729e-18
3832,7.245126009624568e-13,1.069140517031559e-17,7.449496684432593e-18
3833,7.223924988905987e-13,1.065414664087709e-17,7.424731713672083e-18
3834,7.332483089987407e-13,1.062237163442361e-17,7.378227416167298e-18
3835,7.224538105753996e-13,1.060487681305246e-17,7.375182586795796e-18
3836,7.186348000504407e-13,1.057508524402252e-17,7.340465851392699e-18
3837,7.286152229397273e-13,1.055523128394001e-17,7.34900146371571e-18
3838,7.210498166315666e-13,1.049018755486481e-17,7.295659138477238e-18
3839,7.363655685980258e-13,1.046997070847461e-17,7.30425833884138e-18
3840,7.250422588303081e-13,1.044438637473146e-17,7.245944867171384e-18
3841,7.285103761830789e-13,1.041090765529349e-17,7.22574807766151e-18
3842,7.206574707085266e-13,1.036930210416633e-17,7.193674305309917e-18
3843,7.193545184080374e-13,1.034186494996966e-17,7.167647227848879e-18
3844,7.156442663730182e-13,1.029934962504497e-17,7.124226811083065e-18
3845,7.276905307379351e-13,1.027449586295864e-17,7.126385987583946e-18
3846,7.20024961168313e-13,1.026078895919094e-17,7.120775799701432e-18
3847,7.283017400440863e-13,1.020037611808506e-17,7.081481364720392e-18
3848,7.224113945934043e-13,1.017743658925891e-17,7.066949369908045e-18
3849,7.193461152235706e-13,1.014661455259312e-17,7.012598479375055e-18
3850,7.157699201307998e-13,1.01092446891889e-17,7.006562828010475e-18
3851,7.14618484412115e-13,1.008633216654893e-17,6.967882032302709e-18
3852,7.141199893631838e-13,1.004329085299839e-17,6.917643296157926e-18
3853,7.172508548642138e-13,1.003085268889649e-17,6.922591673267491e-18
3854,7.137179464427468e-13,1.000208942717614e-17,6.890107127353287e-18
3855,7.149674420959418e-13,9.949561042148643e-18,6.853478254949441e-18
3856,7.14518126295323e-13,9.942852875929702e-18,6.83920334448764e-18
3857,7.182005751886958e-13,9.903572436504249e-18,6.835025566951624e-18
3858,7.264854944904849e-13,9.890693797566654e-18,6.827377477376593e-18
3859,7.185789312008041e-13,9.848260644065356e-18,6.762534149766822e-18
3860,7.270838140369609e-13,9.842695019487491e-18,6.786722470166119e-18
3861,7.20562585840636e-13,9.791404521578326e-18,6.735419700094893e-18
3862,7.235140567205883e-13,9.773843419117044e-18,6.714790480514881e-18
3863,7.142134537769398e-13,9.715816044689467e-18,6.655391822148363e-18
3864,7.146715961407965e-13,9.712877512046687e-18,6.672722112175394e-18
3865,7.22882608455873e-13,9.663821990395921e-18,6.629778363580817e-18
3866,7.150426169952237e-13,9.640901090095683e-18,6.586402241908892e-18
3867,7.162588423119717e-13,9.613519676777678e-18,6.588055312090698e-18
3868,7.381908884960416e-13,9.60448035924131e-18,6.604971992132997e-18
3869,7.208378339367779e-13,9.560644362155558e-18,6.540972249372669e-18
3870,7.232825193275787e-13,9.532438001735198e-18,6.50178505862674e-18
3871,7.179872686850094e-13,9.512575050780668e-18,6.514196391229334e-18
3872,7.236602680908998e-13,9.48793593398254e-18,6.494863928739473e-18
3873,7.399420648610057e-13,9.465552538005176e-18,6.482600625998385e-18
3874,7.289967492123083e-13,9.43531119202009e-18,6.456414764160555e-18
3875,7.202944253827236e-13,9.391510420058403e-18,6.425678761231052e-18
3876,7.234666181434029e-13,9.380360865608185e-18,6.40610311318038e-18
3877,7.156955087498013e-13,9.344341766997445e-18,6.362633409244335e-18
3878,7.220214342551622e-13,9.305459272495944e-18,6.348627112061423e-18
3879,7.167941698323714e-13,9.294388420386956e-18,6.330326894185708e-18
3880,7.189641933001097e-13,9.256568176675557e-18,6.294875984960467e-18
3881,7.319434696325957e-13,9.227479533354267e-18,6.301061075658209e-18
3882,7.176038555688419e-13,9.216426004683143e-18,6.26890125780202e-18
3883,7.185225712531134e-13,9.159359973039363e-18,6.219726744901109e-18
3884,7.196313724095911e-13,9.17799963766239e-18,6.258798546417033e-18
3885,7.150661914953248e-13,9.131177671744863e-18,6.190512814502758e-18
3886,7.132967371546118e-13,9.09425959174933e-18,6.163798510955586e-18
3887,7.312947914717228e-13,9.103822808901731e-18,6.177150225631761e-18
3888,7.193606641640796e-13,9.069496756759063e-18,6.15968216007377e-18
3889,7.147604333607194e-13,9.00620880433907e-18,6.097884131537474e-18
3890,7.097024714260438e-13,8.986368171164182e-18,6.076553637509694e-18
3891,7.088440953394323e-13,8.974031083133226e-18,6.058640963317736e-18
3892,7.133398735826597e-13,8.960663184316241e-18,6.077744582403367e-18
3893,7.086076419359702e-13,8.920430114337085e-18,6.018683777981264e-18
3894,7.111242002842294e-13,8.900389143103953e-18,6.005821789053585e-18
3895,7.204102561215421e-13,8.881302260767933e-18,6.000188206438671e-18
3896,7.161927048399757e-13,8.86360731827091e-18,5.980841287450457e-18
3897,7.181457348759392e-13,8.819774977540825e-18,5.943039839661038e-18
3898,7.120379521186475e-13,8.800985208925242e-18,5.939454893070584e-18
3899,7.15425684177401e-13,8.765676828307741e-18,5.917512115718224e-18
3900,7.12185024644064e-13,8.757842043474036e-18,5.897449844971517e-18
3901,7.120483285070638e-13,8.738767463854845e-18,5.878384925951774e-18
3902,7.102656489404482e-13,8.713073580437835e-18,5.85747921818763e-18
3903,7.102588042539974e-13,8.704056407331092e-18,5.858799305546889e-18
3904,7.079788100755655e-13,8.646662712007855e-18,5.802791082935805e-18
3905,7.059773937467747e-13,8.614885032878045e-18,5.762765556493807e-18
3906,7.086504349918241e-13,8.60915888996793e-18,5.766651891478004e-18
3907,7.206469924675646e-13,8.59577942471263e-18,5.778618430878667e-18
3908,7.119658348442537e-13,8.564464142555395e-18,5.735290941074331e-18
3909,7.159565631142081e-13,8.549919666848309e-18,5.74510644518661e-18
3910,7.295948073153958e-13,8.5105817284695e-18,5.702867521085544e-18
3911,7.114360886190425e-13,8.498140139767687e-18,5.69320200058821e-18
3912,7.180300681507765e-13,8.475960713810709e-18,5.672986702300601e-18
3913,7.142338055169654e-13,8.45673799244721e-18,5.644814506424146e-18
3914,7.335697880137677e-13,8.437771523954033e-18,5.654082335748101e-18
3915,7.161329302931852e-13,8.427350908883497e-18,5.616392210121748e-18
3916,7.138975121645152e-13,8.385484360215154e-18,5.574272134032402e-18
3917,7.083276342576964e-13,8.359265408317281e-18,5.581386759624919e-18
3918,7.091074892484316e-13,8.32886491920009e-18,5.55140386283757e-18
3919,7.161429653931037e-13,8.31454624193276e-18,5.537498496698942e-18
3920,7.247325242444537e-13,8.301068885185848e-18,5.520078978658761e-18
3921,7.128681867606459e-13,8.279625148075663e-18,5.497105043333836e-18
3922,7.144749655055376e-13,8.25860595441861e-18,5.471951595945921e-18
3923,7.164837817281341e-13,8.217402468424302e-18,5.472514750436464e-18
3924,7.091642039566905e-13,8.192761090961698e-18,5.426327216046153e-18
3925,7.074814777838853e-13,8.173104498016359e-18,5.417702872488111e-18
3926,7.061804631748262e-13,8.169744752733606e-18,5.408260155483878e-18
3927,7.051958022236991e-13,8.138224048863377e-18,5.389265066129729e-18
3928,7.07220456394266e-13,8.127126121591934e-18,5.370403965357075e-18
3929,7.085558397770412e-13,8.119094602559149e-18,5.369644735300084e-18
3930,7.054590113514252e-13,8.079671464441042e-18,5.332052209103085e-18
3931,7.07273983242041e-13,8.049340088106569e-18,5.311208595731192e-18
3932,7.048482069968324e-13,8.050822489783254e-18,5.289225631254825e-18
3933,7.04320362997237e-13,8.020162489526188e-18,5.270620270250872e-18
3934,7.225571508522136e-13,7.994211431398027e-18,5.286738813711788e-18
3935,7.089907506548058e-13,7.978804431748304e-18,5.249546579465393e-18
3936,7.090070636624219e-13,7.954190943899678e-18,5.244752578637388e-18
3937,7.152115470157922e-13,7.957425341069358e-18,5.246906713639431e-18
3938,7.093093472730338e-13,7.920518904388036e-18,5.19933672135532e-18
3939,7.070663641845133e-13,7.908603650103346e-18,5.205214877896398e-18
3940,7.146436701948103e-13,7.895846546437294e-18,5.182895370719541e-18
3941,7.054546055490552e-13,7.845360205791147e-18,5.141039536248903e-18
3942,7.049899264304798e-13,7.832292285643873e-18,5.113472653026065e-18
3943,7.142036866151922e-13,7.812847619093109e-18,5.11578167405071e-18
3944,7.205200134148647e-13,7.788907179849715e-18,5.0883737128236e-18
3945,7.097373585565532e-13,7.76203923013586e-18,5.085563742353676e-18
3946,7.172239585925012e-13,7.733374641318626e-18,5.057398149148471e-18
3947,7.068704522695922e-13,7.758209454654526e-18,5.065209630053719e-18
3948,7.059752803033318e-13,7.715015841626172e-18,5.023774975811907e-18
3949,7.133096573551387e-13,7.70845821121123e-18,5.033834561387486e-18
3950,7.243824190141084e-13,7.681977050966716e-18,5.015781757932026e-18
3951,7.089329025549823e-13,7.667675624133824e-18,4.99690422480726e-18
3952,7.153034893763901e-13,7.646403247722472e-18,5.003674278514448e-18
3953,7.06629002439533e-13,7.63203610629366e-18,4.97123828706225e-18
3954,7.06373435334528e-13,7.601285273875607e-18,4.936411349830712e-18
3955,7.092881842208088e-13,7.598644297751622e-18,4.912020049724889e-18
3956,7.049475172486459e-13,7.565671594743392e-18,4.910559198376245e-18
3957,7.110791684120181e-13,7.561843104824612e-18,4.931435297950074e-18
3958,7.072749310547537e-13,7.524280255061107e-18,4.881740572194852e-18
3959,7.046609561553019e-13,7.521942268343837e-18,4.89464927165706e-18
3960,7.087982676081591e-13,7.486662724158998e-18,4.86944075624031e-18
3961,7.128848897836921e-13,7.466364696841282e-18,4.826285784300263e-18
3962,7.064711843449966e-13,7.469723901209083e-18,4.858072971163476e-18
3963,7.042804120422243e-13,7.440265070515426e-18,4.816126515879297e-18
3964,7.037554435648365e-13,7.427716714333899e-18,4.795345164902537e-18
3965,7.033310928833439e-13,7.405398355781114e-18,4.790873378085415e-18
3966,7.098208826200394e-13,7.39744219891986e-18,4.786828323599102e-18
3967,7.048024830140999e-13,7.379221340070997e-18,4.759728102151094e-18
3968,7.118782106182601e-13,7.348142593300448e-18,4.753209280887213e-18
3969,7.243144000536778e-13,7.337295794017886e-18,4.731887096491947e-18
3970,7.077446053277048e-13,7.310062820703586e-18,4.69605480079354e-18
3971,7.109716551504286e-13,7.31012740747915e-18,4.703242320845564e-18
3972,7.022192950085591e-13,7.277481392882487e-18,4.664225769423434e-18
3973,6.999017829283843e-13,7.25935600495787e-18,4.68666760428046e-18
3974,6.990058246531277e-13,7.260719666707318e-18,4.652099121118636e-18
3975,7.104711447771105e-13,7.236262270969554e-18,4.665189341247693e-18
3976,7.137627746805003e-13,7.24019462633037e-18,4.634402427609144e-18
3977,7.199609779078522e-13,7.215960981919938e-18,4.627459770177443e-18
3978,7.16089795027612e-13,7.194484042043773e-18,4.626695221178326e-18
3979,7.074048625219125e-13,7.16005441286152e-18,4.575715994664697e-18
3980,7.216629437283194e-13,7.160424251414494e-18,4.580559536805181e-18
3981,7.054269425221069e-13,7.144609117928131e-18,4.56384777370471e-18
3982,7.099571835556535e-13,7.12233508771039e-18,4.538550661087267e-18
3983,7.147162698041964e-13,7.111939036394661e-18,4.545235534598375e-18
3984,7.043045668994386e-13,7.077231408392372e-18,4.513124544116132e-18
3985,7.158270777361376e-13,7.08459668016683e-18,4.503313295093858e-18
3986,7.010329166060377e-13,7.044279139970094e-18,4.491058634006811e-18
3987,6.977795162288139e-13,7.026848017555827e-18,4.473614788828054e-18
3988,6.96472909039838e-13,7.018628296279903e-18,4.455804644889582e-18
3989,6.996812159349142e-13,6.999127239559878e-18,4.42426210078555e-18
3990,7.152041022914354e-13,6.99816503215476e-18,4.455583087391414e-18
3991,7.031776967088964e-13,6.967950170159433e-18,4.399547668288324e-18
3992,7.072472088287721e-13,6.965227237862695e-18,4.415189548393017e-18
3993,7.068855633791534e-13,6.956936749970304e-18,4.419556648436696e-18
3994,7.061563921506143e-13,6.940115654384381e-18,4.374642963457127e-18
3995,7.146619850654532e-13,6.923195327646889e-18,4.411352118781181e-18
3996,7.029621964910928e-13,6.910881937638896e-18,4.373330266964539e-18
3997,7.010740424058954e-13,6.884787062390685e-18,4.34862768671537e-18
3998,7.016975115595933e-13,6.889924877622187e-18,4.357113431865139e-18
3999,7.18450366258487e-13,6.881093148383853e-18,4.347909016330448e-18
4000,7.053112621715402e-13,6.847733452767568e-18,4.309119042656014e-18
4001,7.014977207863865e-13,6.832025800193722e-18,4.322481546004516e-18
4002,7.071373203140992e-13,6.813477431576951e-18,4.299783905476184e-18
4003,7.00853444255068e-13,6.802837439714272e-18,4.27994570902212e-18
4004,7.247836857004879e-13,6.793087007378466e-18,4.269140696789466e-18
4005,7.047508454051554e-13,6.793523318128064e-18,4.257430761366145e-18
4006,7.121912644719554e-13,6.759699733580098e-18,4.252731138094037e-18
4007,7.019359168216412e-13,6.754474123110371e-18,4.217943353579519e-18
4008,6.980137371986494e-13,6.734620887267463e-18,4.226730802600684e-18
4009,7.15583290056493e-13,6.732421089918173e-18,4.22856364238779e-18
4010,7.112179297409172e-13,6.709912556973889e-18,4.209216562367838e-18
4011,7.040451243810695e-13,6.695706807030728e-18,4.198322141071162e-18
4012,7.004783292911495e-13,6.665788849575187e-18,4.15332733711983e-18
4013,6.975372350401886e-13,6.663332078982604e-18,4.137573096814031e-18
4014,6.932956415928485e-13,6.637480659983232e-18,4.118182920016561e-18
4015,6.937573056904961e-13,6.638520433451946e-18,4.139652918557489e-18
4016,6.937157004507496e-13,6.6087426391111e-18,4.09641027687963e-18
4017,6.923417794602676e-13,6.588646462361067e-18,4.070852347366004e-18
4018,6.935584131443473e-13,6.598979134968592e-18,4.090590464685956e-18
4019,6.915977435520151e-13,6.547661604027302e-18,4.053053647265564e-18
4020,7.14279716137243e-13,6.580683059168421e-18,4.092259073810033e-18
4021,6.984280195067676e-13,6.541218776098995e-18,4.063795368417803e-18
4022,6.961346594478813e-13,6.527574034428875e-18,4.047392543982495e-18
4023,6.916301481256899e-13,6.503908894781368e-18,4.000699872445833e-18
4024,6.955146561525923e-13,6.503515998201488e-18,4.012234630402691e-18
4025,6.94289882007858e-13,6.503448403024145e-18,4.034401611183819e-18
4026,7.044819410851454e-13,6.49384880706751e-18,4.024105862921668e-18
4027,6.940787252784553e-13,6.441738684836555e-18,3.968502881501658e-18
4028,7.221496794377085e-13,6.449911466604178e-18,4.00749759785561e-18
4029,7.112618293047282e-13,6.448664375777392e-18,3.984663046149257e-18
4030,7.004024028117761e-13,6.446412665189464e-18,3.964627993910787e-18
4031,6.967161381238757e-13,6.426645670865291e-18,3.97529035113713e-18
4032,7.114017242633267e-13,6.407336755960302e-18,3.948548192194771e-18
4033,7.247398257561232e-13,6.402594476024467e-18,3.945922357345511e-18
4034,7.081700412405266e-13,6.403818251445007e-18,3.940122427059164e-18
4035,6.942708945832336e-13,6.369028981543559e-18,3.900674465187056e-18
4036,6.908138458618554e-13,6.342221443737659e-18,3.901378005974107e-18
4037,6.903439725943125e-13,6.336113915894771e-18,3.8692503968968e-18
4038,7.088804004945321e-13,6.334382439379531e-18,3.888217041177557e-18
4039,6.983244658948079e-13,6.330453541764234e-18,3.853664922277544e-18
4040,6.931153219798679e-13,6.313989447827679e-18,3.850427296907941e-18
4041,6.917855541136666e-13,6.302386969804028e-18,3.845662141973156e-18
4042,7.065202121410088e-13,6.271038165966107e-18,3.832378699770849e-18
4043,6.955995007055278e-13,6.254467307709637e-18,3.819912240901877e-18
4044,6.929892144626583e-13,6.263329449463312e-18,3.799209234137373e-18
4045,6.924700513440071e-13,6.23485327329267e-18,3.810800613540738e-18
4046,6.89313555893693e-13,6.249410777097517e-18,3.800951329497021e-18
4047,6.878976184906432e-13,6.21252851644705e-18,3.771037724337448e-18
4048,6.935340488733141e-13,6.228345974372085e-18,3.773879905552031e-18
4049,6.940460205988233e-13,6.20104921763546e-18,3.755594558023787e-18
4050,6.920881905702782e-13,6.184864746882889e-18,3.722429465541114e-18
4051,6.901951133000129e-13,6.194723088837678e-18,3.743772446643516e-18
4052,7.031840445537233e-13,6.164072747920006e-18,3.747077913310399e-18
4053,6.937393188487918e-13,6.165634358751939e-18,3.744605057822829e-18
4054,7.105038627901892e-13,6.15876765626981e-18,3.729981513749029e-18
4055,7.066883862493037e-13,6.128338157698024e-18,3.696025951602482e-18
4056,6.979909604450639e-13,6.143982858163837e-18,3.714778879311165e-18
4057,6.918359527381645e-13,6.113456742456074e-18,3.676835405851193e-18
4058,7.089808196109762e-13,6.109830656932534e-18,3.699632179443096e-18
4059,7.077593983480314e-13,6.093492024645391e-18,3.670957227452271e-18
4060,6.94108553710494e-13,6.07310747725993e-18,3.661876295910405e-18
4061,6.91020860566445e-13,6.04590272877736e-18,3.627490265513246e-18
4062,6.990382102593973e-13,6.048233300063367e-18,3.655038176378214e-18
4063,6.978912579978667e-13,6.064560052829171e-18,3.659073973444727e-18
4064,6.941536206588136e-13,6.037106537290513e-18,3.624527377048925e-18
4065,6.906222927832001e-13,6.060903205629905e-18,3.626294433899284e-18
4066,7.1706353944118e-13,6.019299913299741e-18,3.60151587762629e-18
4067,6.996120234288389e-13,6.010809818201845e-18,3.614050837974379e-18
4068,6.932110343613933e-13,6.007630875022743e-18,3.604193701160216e-18
4069,6.898497038524875e-13,5.986352675842009e-18,3.567835803064213e-18
4070,6.895338328778359e-13,5.967304676812655e-18,3.543193593884736e-18
4071,6.861754746535779e-13,5.94181356790377e-18,3.531703728149272e-18
4072,6.861617319307565e-13,5.932500668044768e-18,3.516857019792227e-18
4073,6.998802455162102e-13,5.963529726307106e-18,3.572496953483593e-18
4074,6.877003562931235e-13,5.926405367765792e-18,3.506902166821686e-18
4075,6.848034746168297e-13,5.920149964343738e-18,3.507866726146063e-18
4076,7.069578693301173e-13,5.899289580049727e-18,3.5008850320922e-18
4077,7.014083488968612e-13,5.895548132528976e-18,3.513819207910668e-18
4078,6.943198302866335e-13,5.886270763193911e-18,3.475551454118082e-18
4079,6.874395724972839e-13,5.879124095685589e-18,3.462540934924421e-18
4080,7.04696995580519e-13,5.888801272124907e-18,3.491334680926177e-18
4081,6.921647162163626e-13,5.847845152272976e-18,3.451600071754401e-18
4082,6.883155558844397e-13,5.865009447552821e-18,3.481084589925566e-18
4083,6.881588821968116e-13,5.836395644510913e-18,3.451337233108445e-18
4084,7.026503391828087e-13,5.824929510513527e-18,3.434370554753287e-18
4085,6.928821351702963e-13,5.83489200113449e-18,3.433568164584577e-18
4086,6.87105718590392e-13,5.811738997130794e-18,3.418571006422611e-18
4087,6.968149110649126e-13,5.803931202827939e-18,3.428759235268922e-18
4088,6.881860345884853e-13,5.762551577450674e-18,3.389835757795582e-18
4089,6.929095782327599e-13,5.801251871984606e-18,3.442462145237305e-18
4090,6.891169040710134e-13,5.778656776991147e-18,3.38259187625853e-18
4091,6.828532634955272e-13,5.749699209955117e-18,3.348825668664902e-18
4092,6.824544022455609e-13,5.736890111330167e-18,3.343937959482556e-18
4093,6.93678864471521e-13,5.734648626832508e-18,3.345275862900463e-18
4094,6.99904043538108e-13,5.738921905575174e-18,3.364185566995144e-18
4095,6.904981104959825e-13,5.7162106531766e-18,3.324000765303899e-18
4096,7.076874852559477e-13,5.722756422647812e-18,3.365515161123208e-18
4097,6.923761835272128e-13,5.716304996050123e-18,3.352863517069815e-18
4098,6.97265741945265e-13,5.712919334738482e-18,3.326697506340094e-18
4099,7.087560498628998e-13,5.710354262335381e-18,3.345557256809444e-18
4100,6.909853623264907e-13,5.670585099019229e-18,3.291212445857684e-18
4101,7.077366097712198e-13,5.685074766646594e-18,3.324432925891867e-18
4102,6.873757020456706e-13,5.671671245170201e-18,3.27385913939691e-18
4103,6.954900677360567e-13,5.678332653241281e-18,3.310439332233806e-18
4104,6.91762080610236e-13,5.636163579699865e-18,3.26163170389721e-18
4105,7.017084991363583e-13,5.643395694500325e-18,3.281209065072097e-18
4106,6.897737771702285e-13,5.633450681183277e-18,3.254087414989078e-18
4107,6.863608373048708e-13,5.60101428321601e-18,3.233905985873778e-18
4108,7.056585512306891e-13,5.634489203304333e-18,3.28646311635027e-18
4109,6.914735203452695e-13,5.619780334777444e-18,3.258907554234683e-18
4110,6.891219638730521e-13,5.609336161357498e-18,3.219473019371984e-18
4111,6.833274413799157e-13,5.590378933055897e-18,3.222597346856035e-18
4112,6.841049551974823e-13,5.574538430939491e-18,3.210240621910156e-18
4113,6.819851915251868e-13,5.572620182731964e-18,3.190162863791957e-18
4114,6.806406603835443e-13,5.560704895740438e-18,3.199119427354569e-18
4115,6.792801677960657e-13,5.545293110412033e-18,3.174952398037554e-18
4116,6.822480974362903e-13,5.554639476399086e-18,3.178612050884103e-18
4117,6.818844316381356e-13,5.532033904934046e-18,3.160817947454494e-18
4118,6.791352410938478e-13,5.536036083055356e-18,3.166433548887626e-18
4119,6.829350908747639e-13,5.565126891039573e-18,3.19159840316427e-18
4120,6.928853549635499e-13,5.498905232112755e-18,3.136448888894848e-18
4121,6.829149489583959e-13,5.493916718332762e-18,3.134205726794347e-18
4122,6.855587412854563e-13,5.486235125155034e-18,3.14921980549747e-18
4123,6.941210244885198e-13,5.467448201230639e-18,3.100241003757109e-18
4124,6.8648788110305e-13,5.469397183613676e-18,3.107437758896986e-18
4125,6.825125418241921e-13,5.45210727225903e-18,3.087123168652555e-18
4126,6.806717261102418e-13,5.464213939695533e-18,3.095662478217265e-18
4127,6.898674718029746e-13,5.468544161501658e-18,3.123012027940719e-18
4128,7.047192339845639e-13,5.462708642781836e-18,3.114517529498777e-18
4129,6.904625216063242e-13,5.444625425672504e-18,3.071339090549781e-18
4130,6.928187429632883e-13,5.431737454373971e-18,3.051459405031982e-18
4131,6.955926415828081e-13,5.442830844435848e-18,3.084428147332553e-18
4132,6.845032251976856e-13,5.424919424357456e-18,3.073913953840675e-18
4133,6.794499019483208e-13,5.413739442158284e-18,3.048792596465114e-18
4134,6.95117901923005e-13,5.407522834244339e-18,3.083356598885455e-18
4135,6.953395202345772e-13,5.393120220490443e-18,3.035125919393296e-18
4136,6.869664005435108e-13,5.394264695235584e-18,3.039451374069918e-18
4137,6.901680756665974e-13,5.393985896653853e-18,3.059138068196804e-18
4138,6.815040808265133e-13,5.388638735722175e-18,3.033622465641955e-18
4139,6.930059621551265e-13,5.385355834338062e-18,3.036171624377752e-18
4140,6.846017966045686e-13,5.357431022779122e-18,3.0154880783905e-18
4141,6.800091567238515e-13,5.351985734314627e-18,3.016824659496193e-18
4142,6.853849753954334e-13,5.349741137460523e-18,3.005397766684698e-18
4143,6.836312801345919e-13,5.351648228986434e-18,3.024128370740557e-18
4144,6.834169711534817e-13,5.345228428740516e-18,2.988518603028688e-18
4145,6.797421412785217e-13,5.319716876886436e-18,2.971818461121887e-18
4146,6.860227400538983e-13,5.302076200165042e-18,2.978961454568199e-18
4147,6.80529504919348e-13,5.312539815549034e-18,2.96737898101144e-18
4148,6.750382837600931e-13,5.314672534109895e-18,2.977109698174911e-18
4149,6.783106734641726e-13,5.303445883294949e-18,2.960666477567321e-18
4150,6.863484356209785e-13,5.30633436714395e-18,2.972562929758451e-18
4151,6.781643011367089e-13,5.28811527482472e-18,2.957351258558628e-18
4152,6.990611684815185e-13,5.282078098161171e-18,2.968667726239366e-18
4153,6.838317951949186e-13,5.276789595915705e-18,2.958022208556559e-18
4154,6.857205776867687e-13,5.27005817308167e-18,2.957257380567207e-18
4155,6.770798180992787e-13,5.242609757497838e-18,2.902592641886738e-18
4156,6.755593228342227e-13,5.246085974260845e-18,2.886509923736904e-18
4157,6.754192642028e-13,5.23367208656439e-18,2.895171543884404e-18
4158,6.737965172062846e-13,5.220721455435616e-18,2.885799972501035e-18
4159,6.762632898146898e-13,5.241150434082182e-18,2.904963769673724e-18
4160,6.75480057735049e-13,5.215267173927521e-18,2.880985735670401e-18
4161,6.73814291042219e-13,5.222772729566896e-18,2.896451017779615e-18
4162,6.747576723832266e-13,5.219445768473891e-18,2.875002996307823e-18
4163,6.85493670090535e-13,5.205674646649212e-18,2.854466518917293e-18
4164,6.798486115435759e-13,5.207495818384248e-18,2.864644916607094e-18
4165,6.810495826636162e-13,5.178175142805616e-18,2.839547418067543e-18
4166,6.749227505256449e-13,5.185478928724738e-18,2.856106169103001e-18
4167,6.752521282285627e-13,5.181027803674614e-18,2.839513902898437e-18
4168,6.9856966302192e-13,5.175843091808618e-18,2.861674704086526e-18
4169,6.845401379627403e-13,5.171612025903194e-18,2.861432648141071e-18
4170,6.835092071937871e-13,5.178131819539583e-18,2.861181800407841e-18
4171,6.75924423885372e-13,5.155136725112601e-18,2.817025107227959e-18
4172,6.883954780582237e-13,5.16251143796336e-18,2.838495384704978e-18
4173,6.814976882272597e-13,5.142916771549716e-18,2.827756944118419e-18
4174,6.781185208409631e-13,5.14163091023747e-18,2.829089500120586e-18
4175,6.757694942546148e-13,5.125518846077148e-18,2.8072950715255e-18
4176,6.91048589788085e-13,5.130711715536734e-18,2.805641900195912e-18
4177,6.789502064824071e-13,5.120077963639874e-18,2.79871083742973e-18
4178,6.760575183588066e-13,5.123449552476794e-18,2.809006933269828e-18
4179,6.88050648090109e-13,5.119875382832042e-18,2.812009714551471e-18
4180,6.792064779200164e-13,5.118123336804895e-18,2.791592093942054e-18
4181,6.757553503623958e-13,5.113432717895453e-18,2.792772025422658e-18
4182,6.714533413412143e-13,5.104802610553258e-18,2.778632536717762e-18
4183,6.706061072261543e-13,5.070219212362039e-18,2.757037533469499e-18
4184,6.720113476438508e-13,5.081010671801952e-18,2.760373011020118e-18
4185,6.700058561167109e-13,5.079178086954871e-18,2.738938431025524e-18
4186,6.85669702105071e-13,5.087621332542535e-18,2.744026076873522e-18
4187,6.749037604054811e-13,5.047593427866333e-18,2.714394418277538e-18
4188,6.85368503880342e-13,5.060748633535442e-18,2.727828155070882e-18
4189,6.791918136022886e-13,5.074302131528256e-18,2.747455037170306e-18
4190,6.720040440356056e-13,5.046593789898308e-18,2.731308809109107e-18
4191,6.949418010160687e-13,5.046616312945886e-18,2.741965692835481e-18
4192,6.869155797077326e-13,5.050726368283057e-18,2.730779133318948e-18
4193,6.792228347431452e-13,5.052615483559452e-18,2.738052605140013e-18
4194,6.708450904203806e-13,5.020234851793988e-18,2.717916483684745e-18
4195,6.719365808358729e-13,5.02458453748767e-18,2.711830129570037e-18
4196,6.696538335679663e-13,5.014767096364468e-18,2.69977846073742e-18
4197,6.728727083051833e-13,5.031307202760094e-18,2.714478073290242e-18
4198,6.808964742551616e-13,5.019089195374491e-18,2.698429863689886e-18
4199,6.773874377938333e-13,5.007646946084993e-18,2.68849816832659e-18
4200,6.738904427711372e-13,5.003269377532762e-18,2.684201911826164e-18
4201,6.704532554222002e-13,4.993291057952654e-18,2.683492863856858e-18
4202,6.680483747562661e-13,4.974539193719349e-18,2.664210408826072e-18
4203,6.6981919831614e-13,4.98451896067555e-18,2.647653246554874e-18
4204,6.703315470014904e-13,4.95221487592706e-18,2.624736572087295e-18
4205,6.943530338788419e-13,4.980627137075272e-18,2.692925493054304e-18
4206,6.817765755900971e-13,4.973265194713623e-18,2.672288194149806e-18
4207,6.810225449706839e-13,4.966442718086723e-18,2.654138821999331e-18
4208,6.847587563339665e-13,4.960297793424198e-18,2.675196292136623e-18
4209,6.762835050746738e-13,4.963027928544297e-18,2.650997214704626e-18
4210,6.706723699184768e-13,4.943233361540296e-18,2.63418854128995e-18
4211,6.789379654686579e-13,4.948281014470715e-18,2.651433131358595e-18
4212,6.707065575091748e-13,4.946927975297516e-18,2.632611239521952e-18
4213,6.918105210344963e-13,4.927459391120208e-18,2.63327895052412e-18
4214,6.764423701554014e-13,4.920502520031281e-18,2.594528104080886e-18
4215,6.837767206418597e-13,4.942682061157486e-18,2.631707749333826e-18
4216,6.726475742398299e-13,4.918869119392691e-18,2.595755137260163e-18
4217,6.821891766824911e-13,4.927936547606302e-18,2.622892133531216e-18
4218,6.949749419092115e-13,4.920197331966008e-18,2.621908908947163e-18
4219,6.776310271392647e-13,4.914880343980251e-18,2.599185294595795e-18
4220,6.684047221806665e-13,4.882883223288875e-18,2.550049621717287e-18
4221,6.827281986652032e-13,4.899459416834347e-18,2.574693144031603e-18
4222,6.706244981620504e-13,4.88382262393461e-18,2.565604676183352e-18
4223,6.674605930085127e-13,4.875955255977708e-18,2.54822306086604e-18
4224,6.949247584381027e-13,4.915985650685327e-18,2.614848838555095e-18
4225,6.991979676435715e-13,4.875092869340147e-18,2.559767536532997e-18
4226,6.776640846560842e-13,4.887053381776206e-18,2.581625303411904e-18
4227,6.729713529897936e-13,4.862900820591562e-18,2.58260603039024e-18
4228,6.674513964925479e-13,4.851223815329411e-18,2.528493565638999e-18
4229,6.655749612103596e-13,4.847846731805023e-18,2.516546048805861e-18
4230,6.678958835664678e-13,4.860794763839541e-18,2.538062093658022e-18
4231,6.66983994859567e-13,4.852490432640345e-18,2.528120875422156e-18
4232,6.876770710059233e-13,4.849417538545891e-18,2.533026621614859e-18
4233,6.830504184599973e-13,4.838465713147983e-18,2.529994048025571e-18
4234,6.743287445451509e-13,4.846469350872042e-18,2.519506006332397e-18
4235,6.686120576555237e-13,4.840180389948984e-18,2.54271650915962e-18
4236,6.888797224286006e-13,4.83348825553169e-18,2.53451177583786e-18
4237,6.873853101750025e-13,4.825351745881848e-18,2.533727572418288e-18
4238,6.760958058140215e-13,4.827165997514671e-18,2.542678765583565e-18
4239,6.689387535624409e-13,4.807905580385144e-18,2.486084345256119e-18
4240,6.795825190557337e-13,4.807283948097505e-18,2.524921119590873e-18
4241,6.661236504525656e-13,4.776184989395278e-18,2.479029128129477e-18
4242,6.647517972967161e-13,4.793630156796291e-18,2.480714168781202e-18
4243,6.744919888588326e-13,4.78577690073526e-18,2.466986307578478e-18
4244,6.681933813924615e-13,4.78876892000227e-18,2.478714683502766e-18
4245,6.647724607597855e-13,4.788957176168643e-18,2.463941294652856e-18
4246,6.72767291654778e-13,4.792931596910429e-18,2.457841908057421e-18
4247,6.686046780793671e-13,4.775411676168379e-18,2.466161861926627e-18
4248,6.710017750287223e-13,4.781522060214809e-18,2.496825409973142e-18
4249,6.653123792874277e-13,4.778873763802242e-18,2.476816077893934e-18
4250,6.853438462534186e-13,4.775129254901273e-18,2.496900358465383e-18
4251,6.706067718642725e-13,4.75591622460235e-18,2.471494478347481e-18
4252,6.702361913794282e-13,4.771225296966312e-18,2.463054150783661e-18
4253,6.692930839371464e-13,4.756016357134271e-18,2.450252423748466e-18
4254,6.696611181183111e-13,4.765660572375837e-18,2.420852923998516e-18
4255,6.84403442886128e-13,4.769673974669358e-18,2.462654605954603e-18
4256,6.708675517403444e-13,4.746670136640336e-18,2.45183822266751e-18
4257,6.745343017753064e-13,4.724787767847528e-18,2.452451168045501e-18
4258,6.63953611645029e-13,4.737938664953957e-18,2.443417371648593e-18
4259,6.605331477525671e-13,4.726584550414717e-18,2.424687803766646e-18
4260,6.63290205513129e-13,4.733118116750449e-18,2.431827152333239e-18
4261,6.579939434164102e-13,4.717933599695772e-18,2.402907878321841e-18
4262,6.902416792516974e-13,4.727948731570688e-18,2.413206332320936e-18
4263,6.733397649959617e-13,4.734085588704895e-18,2.454550809654176e-18
4264,6.606505509655343e-13,4.729207886499284e-18,2.409036093953653e-18
4265,6.789767318822726e-13,4.711183697499754e-18,2.417707036098122e-18
4266,6.68089476291728e-13,4.721447742166318e-18,2.415493081367376e-18
4267,6.739668934229986e-13,4.70482501583873e-18,2.387178805741563e-18
4268,6.635183712161749e-13,4.71310928540916e-18,2.387984417071443e-18
4269,6.729918915027344e-13,4.7082450877375e-18,2.403578226267671e-18
4270,6.633004304409073e-13,4.699084361423438e-18,2.386219805011029e-18
4271,6.626279200631202e-13,4.703440431607789e-18,2.373626785711196e-18
4272,6.691074328701246e-13,4.704312697377537e-18,2.372801051717459e-18
4273,6.578192676572296e-13,4.678547299289521e-18,2.36077073271899e-18
4274,6.656495957117894e-13,4.702872797252226e-18,2.392045409865739e-18
4275,6.579507455497232e-13,4.682250083004849e-18,2.352760166971581e-18
4276,6.58135131041462e-13,4.672868240803407e-18,2.354834090421167e-18
4277,6.704101760501082e-13,4.698447504887538e-18,2.388795658422728e-18
4278,6.619872467997438e-13,4.651221602025362e-18,2.319990792340026e-18
4279,6.601510879252722e-13,4.682745900621953e-18,2.394366546600508e-18
4280,6.592514451669947e-13,4.672417870890147e-18,2.342797369675288e-18
4281,6.680165132923872e-13,4.660847324717139e-18,2.340223423140188e-18
4282,6.646139431091011e-13,4.65482238594915e-18,2.354004867592615e-18
4283,6.60726572502037e-13,4.632585684228218e-18,2.319683485275313e-18
4284,6.71767941479858e-13,4.636219030710025e-18,2.34805178349402e-18
4285,6.613658463227251e-13,4.635457588154161e-18,2.323530249027436e-18
4286,6.600555551124914e-13,4.641390213844702e-18,2.347211103574044e-18
4287,6.601135369782434e-13,4.640740019812623e-18,2.340576370313304e-18
4288,6.593727956981008e-13,4.649421875982238e-18,2.352360968288849e-18
4289,6.568953936103685e-13,4.635621735551912e-18,2.328896384363371e-18
4290,6.555404009547499e-13,4.62792755318724e-18,2.313639049019562e-18
4291,6.527657153055934e-13,4.606834767609548e-18,2.283155963499849e-18
4292,6.550628641214561e-13,4.62842545069367e-18,2.33394197350055e-18
4293,6.562971419012599e-13,4.618738077546844e-18,2.320455658136663e-18
4294,6.693096640269226e-13,4.61450755088067e-18,2.290888306764706e-18
4295,6.728027887900119e-13,4.627225729352508e-18,2.312055503350864e-18
4296,6.638759847506278e-13,4.598567648485772e-18,2.300583383952388e-18
4297,6.657646155373334e-13,4.592896563813588e-18,2.307929368956944e-18
4298,6.6009635315571e-13,4.608127415933212e-18,2.303082889358082e-18
4299,6.554082860120495e-13,4.599474633263581e-18,2.288314984991449e-18
4300,6.564754643028748e-13,4.601481017528671e-18,2.295929149534843e-18
4301,6.56122269433663e-13,4.598623727272912e-18,2.280943011760003e-18
4302,6.566488207001706e-13,4.589304587714765e-18,2.285532084537588e-18
4303,6.545607275110453e-13,4.588486354523986e-18,2.287045157366555e-18
4304,6.56748809802743e-13,4.586135634399939e-18,2.258819193436837e-18
4305,6.54584989632898e-13,4.597461227369839e-18,2.294095076675098e-18
4306,6.519038542525103e-13,4.579591978978683e-18,2.249107769009451e-18
4307,6.504565397257056e-13,4.569525096730876e-18,2.244079877589935e-18
4308,6.539975093629697e-13,4.573291993707162e-18,2.239138869913936e-18
4309,6.68022933984428e-13,4.58922967114677e-18,2.294001228593363e-18
4310,6.590924196966254e-13,4.595578304068321e-18,2.293544799091329e-18
4311,6.724819518320552e-13,4.566273977844572e-18,2.262653299804057e-18
4312,6.862886117293117e-13,4.576926408320278e-18,2.278659540212698e-18
4313,6.67100381697136e-13,4.568289653888146e-18,2.245795907667146e-18
4314,6.662741377321101e-13,4.575562105969035e-18,2.278401676722055e-18
4315,6.566444788544456e-13,4.583543990901672e-18,2.267815118501873e-18
4316,6.635535222665933e-13,4.563120059849249e-18,2.256710651087929e-18
4317,6.561600371059874e-13,4.578309766577116e-18,2.248200834525123e-18
4318,6.596427595643698e-13,4.576361533884322e-18,2.254494482272321e-18
4319,6.532609370980117e-13,4.535126086085879e-18,2.20767188448095e-18
4320,6.546520808306431e-13,4.557652865367418e-18,2.2610555701667e-18
4321,6.522143041625196e-13,4.553565651327698e-18,2.230804883095128e-18
4322,6.758495099765955e-13,4.55051004710343e-18,2.244728194267473e-18
4323,6.983785563298013e-13,4.532346243163667e-18,2.248757620482994e-18
4324,6.707029171761261e-13,4.558718344816788e-18,2.26755881131634e-18
4325,6.623199306473982e-13,4.542709852525382e-18,2.248738315695044e-18
4326,6.605812689293886e-13,4.545259920755055e-18,2.235762490613333e-18
4327,6.537022241851472e-13,4.524616567744383e-18,2.20093333494526e-18
4328,6.483345950768943e-13,4.52795128902881e-18,2.191138013995802e-18
4329,6.583637304450968e-13,4.545480371899772e-18,2.2128694804517e-18
4330,6.531207979642876e-13,4.532836680612552e-18,2.220273141351949e-18
4331,6.74442625826322e-13,4.539014852349516e-18,2.224691447651007e-18
4332,6.82643385444786e-13,4.534143363929785e-18,2.246488387184597e-18
4333,6.615435630530177e-13,4.527419581207033e-18,2.207518361037784e-18
4334,6.551462734901327e-13,4.530026964213737e-18,2.234887693190424e-18
4335,6.522072496164844e-13,4.519248890692467e-18,2.205947012953739e-18
4336,6.497099886461175e-13,4.516112511693021e-18,2.208018164825207e-18
4337,6.50551248887746e-13,4.52513638438785e-18,2.201312590630811e-18
4338,6.499467961507862e-13,4.506794804680369e-18,2.187327191326208e-18
4339,6.7625154210891e-13,4.506884455945925e-18,2.202843109510521e-18
4340,6.565891042249845e-13,4.499607177715162e-18,2.188250381368842e-18
4341,6.674449595074241e-13,4.490541525367398e-18,2.199005717537614e-18
4342,6.649131912528159e-13,4.493798263033441e-18,2.18296894298105e-18
4343,6.584726519031498e-13,4.507638675739068e-18,2.196019512472843e-18
4344,6.528138723266146e-13,4.50720798706028e-18,2.183722469936993e-18
4345,6.58181926108433e-13,4.501835794672471e-18,2.208780725151053e-18
4346,6.516743024887579e-13,4.485442961368551e-18,2.173669140073204e-18
4347,6.578575330170206e-13,4.498301158981964e-18,2.183706259719506e-18
4348,6.49658173663227e-13,4.484748529137191e-18,2.154543785662431e-18
4349,6.486379965273711e-13,4.485821666186007e-18,2.158278945172209e-18
4350,6.583650780871312e-13,4.496851292951244e-18,2.175105797340267e-18
4351,6.518790490725152e-13,4.492372761039175e-18,2.155959456310074e-18
4352,6.530445844887074e-13,4.505854074725889e-18,2.161532842606603e-18
4353,6.533290830246161e-13,4.478956224152105e-18,2.152630442876995e-18
4354,6.492320009017941e-13,4.47337904433057e-18,2.130551994299026e-18
4355,6.472914227675567e-13,4.471548495214697e-18,2.145933025216567e-18
4356,6.488669028121113e-13,4.485549066608227e-18,2.156865764339447e-18
4357,6.60084334658209e-13,4.471292393449456e-18,2.1663870260569e-18
4358,6.496333547225255e-13,4.471456480589342e-18,2.140096230593804e-18
4359,6.523909049644653e-13,4.472124875068234e-18,2.143349707116805e-18
4360,6.55129546359888e-13,4.453793974306357e-18,2.141618779151017e-18
4361,6.526311893965739e-13,4.465815198770732e-18,2.135772943324865e-18
4362,6.493231421218627e-13,4.450599957444321e-18,2.148635787838764e-18
4363,6.566763954640502e-13,4.452269307015973e-18,2.126649380094932e-18
4364,6.479146507837202e-13,4.453444873160111e-18,2.142693085214434e-18
4365,6.703005596673001e-13,4.424879186704095e-18,2.10733521570592e-18
4366,6.566773149498403e-13,4.443329268354582e-18,2.128114853226073e-18
4367,6.511413187629076e-13,4.453760263584316e-18,2.152650727763923e-18
4368,6.469947192327178e-13,4.432403290459349e-18,2.104043795880994e-18
4369,6.623370660222806e-13,4.453650435704451e-18,2.163885610559228e-18
4370,6.530383663578572e-13,4.429623285370984e-18,2.098903090406578e-18
4371,6.497177841409799e-13,4.457338038512497e-18,2.124742916445228e-18
4372,6.491248190969147e-13,4.435388477330115e-18,2.118895235233273e-18
4373,6.634137248711997e-13,4.429007548787588e-18,2.109278375684056e-18
4374,6.524117468416681e-13,4.443290649793695e-18,2.137517018743296e-18
4375,6.720009668171662e-13,4.438171813297184e-18,2.124710877074709e-18
4376,6.688073078018745e-13,4.434416364906698e-18,2.106147771897294e-18
4377,6.781847360827097e-13,4.437619222076601e-18,2.137208760791973e-18
4378,6.588707229779717e-13,4.450642437473042e-18,2.108353531535342e-18
4379,6.637605716174556e-13,4.449777683902793e-18,2.132756814675246e-18
4380,6.50847659120992e-13,4.404827171515824e-18,2.06775429423317e-18
4381,6.585873268197746e-13,4.439040169124097e-18,2.098386649648543e-18
4382,6.490312922234481e-13,4.429742836691898e-18,2.08194658635335e-18
4383,6.492518815775915e-13,4.437834284737395e-18,2.127024969453655e-18
4384,6.597641578569219e-13,4.421664624436977e-18,2.072868402630404e-18
4385,6.488814683508115e-13,4.419998536466042e-18,2.056480128319823e-18
4386,6.717330464774112e-13,4.429724866524532e-18,2.094550903737561e-18
4387,6.529014577960871e-13,4.409210362610187e-18,2.099351802056695e-18
4388,6.500882011958799e-13,4.422643633696896e-18,2.098059151583071e-18
4389,6.456806814400389e-13,4.406987551567357e-18,2.083192327490178e-18
4390,6.543287764663895e-13,4.425596838464532e-18,2.085058738509103e-18
4391,6.457126778315754e-13,4.403652698119058e-18,2.073717672995248e-18
4392,6.493206609413699e-13,4.428346107164736e-18,2.08275924838459e-18
4393,6.477309131980298e-13,4.408842935761802e-18,2.072803812746242e-18
4394,6.475564052577131e-13,4.40383042223038e-18,2.075854221306958e-18
4395,6.737705440620686e-13,4.429971571842313e-18,2.084942518094116e-18
4396,6.530624429390896e-13,4.43451650881861e-18,2.104083291309226e-18
4397,6.432215254940508e-13,4.391005846098493e-18,2.040795396254298e-18
4398,6.611196082475926e-13,4.417174686466487e-18,2.086337364428851e-18
4399,6.477988842203621e-13,4.401608659131479e-18,2.077235497777163e-18
4400,6.442436099408831e-13,4.390302899148683e-18,2.046247906634796e-18
4401,6.509026337617647e-13,4.410226022449637e-18,2.07816232073004e-18
4402,6.455310297483425e-13,4.404030339195594e-18,2.058530242689181e-18
4403,6.521721068451984e-13,4.404897655675088e-18,2.056944809492973e-18
4404,6.59410227109466e-13,4.409048246547e-18,2.073694092622195e-18
4405,6.465487019582848e-13,4.383409578279393e-18,2.046243273705748e-18
4406,6.861905674250659e-13,4.401936639804365e-18,2.094171274568529e-18
4407,6.571466438696659e-13,4.405685671573076e-18,2.07325811959384e-18
4408,6.454044174693751e-13,4.39205627177376e-18,2.052509478416984e-18
4409,6.462958419157678e-13,4.385858758251442e-18,2.057474716790825e-18
4410,6.429412112349669e-13,4.381031420420706e-18,2.048402616021982e-18
4411,6.37899371152919e-13,4.37453737322779e-18,2.019725802041587e-18
4412,6.426523105399538e-13,4.388447722382118e-18,2.050175553543178e-18
4413,6.40434375013256e-13,4.388940406477323e-18,2.044047479507095e-18
4414,6.402090368055866e-13,4.362762387704711e-18,2.028981669882003e-18
4415,6.391528406761799e-13,4.368583805027428e-18,2.009081795650283e-18
4416,6.392349549273026e-13,4.393174873509538e-18,2.071325354303462e-18
4417,6.388675417674942e-13,4.379466974474991e-18,2.041206448058759e-18
4418,6.652415704222098e-13,4.375366726996349e-18,2.033937635140261e-18
4419,6.452984944905251e-13,4.373143570120109e-18,2.026754014617977e-18
4420,6.398762398753622e-13,4.381809242585294e-18,2.038637559550837e-18
4421,6.372992893049769e-13,4.344497436245298e-18,2.012360689739799e-18
4422,6.389038793076369e-13,4.365093334393532e-18,2.03443541668689e-18
4423,6.782566675122565e-13,4.372795552806499e-18,2.037277679341717e-18
4424,6.644848013997915e-13,4.360461174635718e-18,2.039691519467595e-18
4425,6.511300243972272e-13,4.370140727103791e-18,2.043047962059818e-18
4426,6.423893315783441e-13,4.34918322297875e-18,2.016644763675565e-18
4427,6.529012464937299e-13,4.374018564656773e-18,2.040310433233814e-18
4428,6.448112771760713e-13,4.354084473484171e-18,1.982706163757605e-18
4429,6.422802864131e-13,4.354508901187139e-18,2.011595897964474e-18
4430,6.51415641987129e-13,4.381522555230355e-18,2.038709312293915e-18
4431,6.412660006674425e-13,4.359714418256657e-18,2.013078183419591e-18
4432,6.366929788794358e-13,4.323730466057194e-18,1.950731781851733e-18
4433,6.440203594141741e-13,4.364115857644198e-18,1.981296860148453e-18
4434,6.437681000918363e-13,4.366894436522045e-18,2.031906078032077e-18
4435,6.470538885362592e-13,4.336644030955938e-18,2.001501013147295e-18
4436,6.444744628230775e-13,4.356220993488514e-18,2.014991145145749e-18
4437,6.399844765298968e-13,4.356673772934025e-18,2.013535529986986e-18
4438,6.374333932184813e-13,4.350230797158598e-18,1.999540771408336e-18
4439,6.652645675007697e-13,4.337100404788774e-18,1.992820950325294e-18
4440,6.446685148093369e-13,4.337628548111951e-18,1.971728863899815e-18
4441,6.548200502495153e-13,4.358974754466685e-18,2.017351160002681e-18
4442,6.42644688205753e-13,4.352607504300074e-18,2.002817489053214e-18
4443,6.34425497656205e-13,4.334511628042638e-18,1.979502014353667e-18
4444,6.344675927575759e-13,4.321971105382814e-18,1.978924309108657e-18
4445,6.324176582462302e-13,4.331258587662463e-18,1.951346739216171e-18
4446,6.48025268781637e-13,4.362462771791164e-18,1.993447186805569e-18
4447,6.645593327549658e-13,4.338305201994398e-18,1.981072731424053e-18
4448,6.488323700638523e-13,4.344570381116204e-18,2.016538456644727e-18
4449,6.430978333919356e-13,4.341567793656395e-18,2.000567817395373e-18
4450,6.555267391640656e-13,4.331491397595179e-18,1.977577873916573e-18
4451,6.434327434015883e-13,4.334146346844802e-18,1.978646545817337e-18
4452,6.720464750855744e-13,4.30884669004392e-18,1.997133104810393e-18
4453,6.430048576839045e-13,4.324380203739431e-18,1.97959249477155e-18
4454,6.405294068911111e-13,4.327370273450155e-18,1.994063361547753e-18
4455,6.547175997008622e-13,4.326610221880299e-18,1.981577319321448e-18
4456,6.42952260953726e-13,4.339798050048148e-18,2.005903317679047e-18
4457,6.359306625125421e-13,4.318449284182202e-18,1.972632407909868e-18
4458,6.541819978969791e-13,4.332155599067511e-18,2.009741702485061e-18
4459,6.415824252990988e-13,4.323127961554831e-18,1.984526931295659e-18
4460,6.378266143587123e-13,4.302604998409479e-18,1.959320823063997e-18
4461,6.461197241279018e-13,4.332432306880353e-18,1.992141459314628e-18
4462,6.667059418606204e-13,4.328878189823838e-18,1.992799160565805e-18
4463,6.46952441887331e-13,4.33989021740869e-18,1.979278907369707e-18
4464,6.396396580552935e-13,4.316439226265351e-18,1.966391467598618e-18
4465,6.503882848747047e-13,4.322455488524205e-18,1.984948440027949e-18
4466,6.70324847521877e-13,4.330685967279892e-18,1.987784835902677e-18
4467,6.446670100457946e-13,4.327007438976044e-18,1.980067652564125e-18
4468,6.492393485032888e-13,4.298438513271644e-18,1.935351584705544e-18
4469,6.431881090203934e-13,4.311324104616891e-18,1.938258905039323e-18
4470,6.356620913305566e-13,4.322803241247385e-18,1.950201755950916e-18
4471,6.448585411039982e-13,4.322328153616715e-18,1.968278757065994e-18
4472,6.374579260136994e-13,4.31304551977647e-18,1.94336963035266e-18
4473,6.370821983776484e-13,4.304771642455019e-18,1.958070024025842e-18
4474,6.374708600332969e-13,4.318610898071742e-18,1.984880696927723e-18
4475,6.351736289577616e-13,4.305784511473436e-18,1.953334477491553e-18
4476,6.307063257360233e-13,4.308413542502674e-18,1.922461813029492e-18
4477,6.437293532544873e-13,4.294966140777253e-18,1.924539935934505e-18
4478,6.334730979566576e-13,4.304979295979705e-18,1.938291123519944e-18
4479,6.311734524273115e-13,4.305783828614614e-18,1.938515597952014e-18
4480,6.404280743246074e-13,4.310872361270713e-18,1.942045947652565e-18
4481,6.322020230033595e-13,4.307823973632113e-18,1.93525244987683e-18
4482,6.654002279143441e-13,4.299308221985501e-18,1.965669542676246e-18
4483,6.441442079896203e-13,4.296731366144101e-18,1.962697464791615e-18
4484,6.305635731412207e-13,4.294422321103185e-18,1.917379658559112e-18
4485,6.319033957593239e-13,4.318014537272619e-18,1.959139184324378e-18
4486,6.303834398463741e-13,4.289688286481861e-18,1.923762822857096e-18
4487,6.338094879696645e-13,4.316477287342743e-18,1.958683518232342e-18
4488,6.312653666722784e-13,4.305221803543064e-18,1.935982648059141e-18
4489,6.303891546856252e-13,4.312667683260659e-18,1.941876771516487e-18
4490,6.840691505219168e-13,4.306990869466886e-18,1.927454369945557e-18
4491,6.506769556161805e-13,4.300599837696822e-18,1.93634057403853e-18
4492,6.542151014229577e-13,4.311414760325809e-18,1.943056533854349e-18
4493,6.383671118119476e-13,4.30449578486148e-18,1.960124421667057e-18
4494,6.633722725159512e-13,4.304522229351624e-18,1.949481567484956e-18
4495,6.439677669030418e-13,4.295641864952516e-18,1.918773461275008e-18
4496,6.361955690887452e-13,4.300370154179598e-18,1.941082887732445e-18
4497,6.481495017230994e-13,4.281341834110757e-18,1.898659907219722e-18
4498,6.357733578406028e-13,4.288461685992656e-18,1.907512726339366e-18
4499,6.683425355786987e-13,4.307945126316025e-18,1.965573363045408e-18
4500,6.606919374419094e-13,4.301578737376711e-18,1.9625650430976e-18
4501,6.414507567593393e-13,4.320660243550514e-18,1.952093558476644e-18
4502,6.342869025381331e-13,4.277429459407931e-18,1.895368934864125e-18
4503,6.312064941385023e-13,4.291944701743404e-18,1.898789341797423e-18
4504,6.435901729454981e-13,4.30490682960764e-18,1.948436195349001e-18
4505,6.320649188193877e-13,4.316846070433404e-18,1.925764312759036e-18
4506,6.297812271942649e-13,4.293329124817433e-18,1.8976669399922e-18
4507,6.301119005242215e-13,4.304071762656125e-18,1.913563209541248e-18
4508,6.557240856952606e-13,4.291287880682431e-18,1.91340535255069e-18
4509,6.541333155472315e-13,4.291310069172874e-18,1.911538224473919e-18
4510,6.388526260631495e-13,4.299546008317336e-18,1.941300596739683e-18
4511,6.301596956582556e-13,4.272930790787705e-18,1.883907625021873e-18
4512,6.599613300043792e-13,4.311007171151905e-18,1.939281562408978e-18
4513,6.365974959348449e-13,4.274513051496545e-18,1.891652939293578e-18
4514,6.431503529315334e-13,4.278476974932505e-18,1.890781997295434e-18
4515,6.345995513171693e-13,4.289947798918036e-18,1.925262126510522e-18
4516,6.296517729431833e-13,4.299889406834151e-18,1.899612053340235e-18
4517,6.28837254266323e-13,4.278789305760586e-18,1.892416729690751e-18
4518,6.25526855990994e-13,4.288397701845819e-18,1.906714266116557e-18
4519,6.431286063006984e-13,4.28086122493577e-18,1.893537476282005e-18
4520,6.339295006947264e-13,4.298869162537993e-18,1.923727435475149e-18
4521,6.363307549223327e-13,4.275022069986216e-18,1.881150145889404e-18
4522,6.359924113719339e-13,4.296994986997011e-18,1.89715818755152e-18
4523,6.32611474092193e-13,4.286628573120909e-18,1.890405791554568e-18
4524,6.338093400035003e-13,4.278534004715291e-18,1.89724906701826e-18
4525,6.574249205738401e-13,4.268553640069136e-18,1.900847609911642e-18
4526,6.552618279616215e-13,4.274624053575993e-18,1.929931053229945e-18
4527,6.393919595210093e-13,4.266424838387931e-18,1.895065789980836e-18
4528,6.459641207491676e-13,4.264282056967615e-18,1.8667808079993e-18
4529,6.303282759680962e-13,4.28152946471212e-18,1.907671599375041e-18
4530,6.241344478269806e-13,4.275344355657981e-18,1.882899407515969e-18
4531,6.379472175231469e-13,4.284201236117677e-18,1.899142476668014e-18
4532,6.514335427960837e-13,4.266398543982364e-18,1.888619145348541e-18
4533,6.34320470697616e-13,4.252151660206167e-18,1.857744960688161e-18
4534,6.218427814336652e-13,4.261539648646189e-18,1.845585185332734e-18
4535,6.353549168742313e-13,4.269644989905404e-18,1.893155970264463e-18
4536,6.262887606471789e-13,4.265228091610942e-18,1.887226104627291e-18
4537,6.424811830116515e-13,4.292320662110966e-18,1.886852331858078e-18
4538,6.298628553680255e-13,4.278983064491655e-18,1.852721191594875e-18
4539,6.33404816416665e-13,4.268776590104679e-18,1.859789233262506e-18
4540,6.394688404263687e-13,4.270939187406962e-18,1.899359232403795e-18
4541,6.590709725319088e-13,4.278805645513146e-18,1.881903195506717e-18
4542,6.362834179095317e-13,4.259761206256645e-18,1.871606215433022e-18
4543,6.375329886763897e-13,4.258450096833029e-18,1.871410259789391e-18
4544,6.258190441091331e-13,4.26653722989122e-18,1.86416723512102e-18
4545,6.440284032186104e-13,4.28015848224963e-18,1.897745648073122e-18
4546,6.457143640793798e-13,4.276216137055999e-18,1.91031062897496e-18
4547,6.43675412535098e-13,4.263042667160495e-18,1.863885962813807e-18
4548,6.24715032904124e-13,4.261454152943108e-18,1.861004919743178e-18
4549,6.212913813003768e-13,4.251130567655854e-18,1.822445112561334e-18
4550,6.360327372982642e-13,4.263407189358511e-18,1.835902863856665e-18
4551,6.230145542234625e-13,4.26383139577406e-18,1.85617924734973e-18
4552,6.189712882223243e-13,4.26770449755922e-18,1.849376739311862e-18
4553,6.185367903550115e-13,4.249142514265124e-18,1.826824995696675e-18
4554,6.660709092787605e-13,4.250614706828782e-18,1.870912004321439e-18
4555,6.385102876312386e-13,4.261459075030637e-18,1.869418336466561e-18
4556,6.32857199931335e-13,4.276866815095105e-18,1.887082356856348e-18
4557,6.267698752015616e-13,4.259504070289187e-18,1.858028603713521e-18
4558,6.545683621435892e-13,4.26136258300788e-18,1.871187026163817e-18
4559,6.357856322538912e-13,4.278590990760346e-18,1.906080913769778e-18
4560,6.24279891143195e-13,4.271278273238778e-18,1.850065344169736e-18
4561,6.192045648802252e-13,4.252983068310987e-18,1.823246003406479e-18
4562,6.198816071141466e-13,4.267979155195826e-18,1.859217946917399e-18
4563,6.346429401438223e-13,4.254466562343471e-18,1.847766735114752e-18
4564,6.267483736701244e-13,4.262436997668026e-18,1.861998379805613e-18
4565,6.202573379820656e-13,4.254487816978822e-18,1.833332402508739e-18
4566,6.220159390601334e-13,4.265176721428555e-18,1.85434443243192e-18
4567,6.21713814955902e-13,4.271714502044912e-18,1.840810573435915e-18
4568,6.498397414366727e-13,4.263225619914937e-18,1.87511316790488e-18
4569,6.317223907231864e-13,4.25098087992975e-18,1.853789442709366e-18
4570,6.244777036266175e-13,4.236801335203365e-18,1.855401399959766e-18
4571,6.200548468145516e-13,4.262134284369629e-18,1.863635183506017e-18
4572,6.322911098252104e-13,4.258930870780339e-18,1.834732936852741e-18
4573,6.509992583250601e-13,4.257267955927552e-18,1.824211984438577e-18
4574,6.337443531238841e-13,4.240929710044791e-18,1.848882472323565e-18
4575,6.40599154382472e-13,4.273924397427929e-18,1.876766920376286e-18
4576,6.263093674610128e-13,4.268741364971691e-18,1.846146522435688e-18
4577,6.305359645383406e-13,4.269677310889736e-18,1.853176236474942e-18
4578,6.207655077975321e-13,4.2706044345482e-18,1.857933503159232e-18
4579,6.185034285246446e-13,4.254212589072169e-18,1.845350836554529e-18
4580,6.364794697443997e-13,4.266073242613901e-18,1.854402693033225e-18
4581,6.255733061104073e-13,4.2639178740039e-18,1.833558922582997e-18
4582,6.213083574946617e-13,4.245003643815447e-18,1.809953895133756e-18
4583,6.1954739365186e-13,4.245559732366927e-18,1.804723542226384e-18
4584,6.167489658755749e-13,4.263578208747227e-18,1.822162077501024e-18
4585,6.160467539706439e-13,4.273468259115585e-18,1.8612041963611e-18
4586,6.144197738053783e-13,4.256134600573885e-18,1.812036762488433e-18
4587,6.138662518596971e-13,4.235142920838641e-18,1.799202271761885e-18
4588,6.505157083991015e-13,4.255725080546212e-18,1.847958841370638e-18
4589,6.295276773261817e-13,4.221951416384326e-18,1.805378622849546e-18
4590,6.214280714202201e-13,4.228963749373219e-18,1.8108166676847e-18
4591,6.172836031779912e-13,4.219986767074252e-18,1.811970482827063e-18
4592,6.169438193998651e-13,4.222824791113519e-18,1.799492399230166e-18
4593,6.331010425425671e-13,4.247734674818437e-18,1.830717144858701e-18
4594,6.218423169563416e-13,4.240723483867386e-18,1.83087784219921e-18
4595,6.165536665745575e-13,4.253969732244255e-18,1.836190973504216e-18
4596,6.610381171299252e-13,4.238699540014403e-18,1.828361866425895e-18
4597,6.31651577976907e-13,4.249171527666984e-18,1.837264004239417e-18
4598,6.467031725226587e-13,4.243975728296589e-18,1.820516298037143e-18
4599,6.300234002890167e-13,4.251151823109445e-18,1.839875132865307e-18
4600,6.207522125166867e-13,4.223064390522736e-18,1.819479383024089e-18
4601,6.487718865847888e-13,4.231516359990282e-18,1.854250829577361e-18
4602,6.24755523366678e-13,4.244883090634454e-18,1.814957904727815e-18
4603,6.502158330341882e-13,4.249439366829518e-18,1.829355803375435e-18
4604,6.336454575388232e-13,4.25447296600737e-18,1.88151834247654e-18
4605,6.217342656528954e-13,4.242281143853888e-18,1.833153704226867e-18
4606,6.481086331313831e-13,4.254968568062565e-18,1.847042123320224e-18
4607,6.251062361447501e-13,4.253630912141767e-18,1.833835256714061e-18
4608,6.40339413621535e-13,4.250289445874584e-18,1.810501721790932e-18
4609,6.214845894477196e-13,4.230286788618383e-18,1.816038427291489e-18
4610,6.321250303337462e-13,4.216742028924759e-18,1.782887283183565e-18
4611,6.314544713129232e-13,4.23343042439968e-18,1.815196231829905e-18
4612,6.53287257740871e-13,4.231814073263223e-18,1.83577850032839e-18
4613,6.286473211658083e-13,4.227681360576348e-18,1.833995062570042e-18
4614,6.183524815250492e-13,4.219617318602894e-18,1.792133497193409e-18
4615,6.3465056189221e-13,4.236379308825517e-18,1.809439688794463e-18
4616,6.393920933265931e-13,4.240712461095018e-18,1.832270718340546e-18
4617,6.709413251641496e-13,4.255615503266078e-18,1.850012942525161e-18
4618,6.693808539717203e-13,4.2595111348487e-18,1.876348227027232e-18
4619,6.407377642617824e-13,4.238105214312198e-18,1.859143330830714e-18
4620,6.25637806521532e-13,4.245864730375613e-18,1.850076469084237e-18
4621,6.192745573722862e-13,4.252155634675658e-18,1.806044639355556e-18
4622,6.201646480929214e-13,4.261857089811055e-18,1.842055325900473e-18
4623,6.427056392180339e-13,4.249049559317641e-18,1.835798317205812e-18
4624,6.289951288604895e-13,4.234190249658559e-18,1.841604645765124e-18
4625,6.131948084546122e-13,4.208703884963793e-18,1.767981935479483e-18
4626,6.19255345071554e-13,4.232069125165174e-18,1.816994223390244e-18
4627,6.13776767595702e-13,4.237572836912518e-18,1.807392642134215e-18
4628,6.111266180468762e-13,4.225308123691989e-18,1.789998336066726e-18
4629,6.110127572301802e-13,4.230564242965451e-18,1.786296026875205e-18
4630,6.268922295741638e-13,4.22474430232334e-18,1.801202991756056e-18
4631,6.180636788571054e-13,4.231907185383438e-18,1.802932324772134e-18
4632,6.462541229816757e-13,4.226546096829322e-18,1.799210764005328e-18
4633,6.248145882450995e-13,4.229416406317051e-18,1.799127448179134e-18
4634,6.300534524449243e-13,4.250893119527195e-18,1.813953293950476e-18
4635,6.184530462368844e-13,4.237113982204647e-18,1.810281128349974e-18
4636,6.099137308173281e-13,4.211239668051631e-18,1.748526010440346e-18
4637,6.332052800791902e-13,4.216837759562506e-18,1.777712401859901e-18
4638,6.195775177083395e-13,4.232912809043831e-18,1.813919335181923e-18
4639,6.150923590477121e-13,4.226964724555506e-18,1.799440894433131e-18
4640,6.311918359436789e-13,4.23386070596835e-18,1.812436784073243e-18
4641,6.372595456827982e-13,4.232803154862053e-18,1.811357719038793e-18
4642,6.504545538895633e-13,4.245215758871155e-18,1.829933381435367e-18
4643,6.255005806136732e-13,4.227207209490399e-18,1.781271830159091e-18
4644,6.20188284466649e-13,4.250575994756718e-18,1.823790597945319e-18
4645,6.146568399926177e-13,4.222583376756858e-18,1.781711810691003e-18
4646,6.105423707269281e-13,4.237596242579032e-18,1.777348543354416e-18
4647,6.351277921728928e-13,4.242038353397481e-18,1.794704582068467e-18
4648,6.199900979298769e-13,4.210678650075994e-18,1.760484071895233e-18
4649,6.128845375976941e-13,4.209681585586309e-18,1.764437437952108e-18
4650,6.304247649401697e-13,4.223726832769326e-18,1.775555731001362e-18
4651,6.195059572653351e-13,4.228204257696103e-18,1.814546342671785e-18
4652,6.109565836358725e-13,4.235378547490947e-18,1.797004696767221e-18
4653,6.051319535202005e-13,4.220768576471008e-18,1.766625906459349e-18
4654,6.061260659012597e-13,4.235059750573235e-18,1.766925494724665e-18
4655,6.229247137923924e-13,4.222142917866158e-18,1.770653269869101e-18
4656,6.1483200538349e-13,4.236335413491719e-18,1.789439255934275e-18
4657,6.099405481201429e-13,4.22108591787195e-18,1.750636726546518e-18
4658,6.087355658181188e-13,4.223040238116578e-18,1.773648643072903e-18
4659,6.071947065898015e-13,4.230397505652245e-18,1.780673341584813e-18
4660,6.108770406754319e-13,4.234694142875014e-18,1.796868540229323e-18
4661,6.244590569714476e-13,4.219674620557096e-18,1.772509323678385e-18
4662,6.104848814945998e-13,4.212812591275132e-18,1.763164402486854e-18
4663,6.083189489517999e-13,4.208007041579848e-18,1.757859484094571e-18
4664,6.436945413654868e-13,4.224011616115074e-18,1.780073772569215e-18
4665,6.215641930046847e-13,4.219726104540542e-18,1.787930382255942e-18
4666,6.298094720393338e-13,4.223483735930656e-18,1.781189035073842e-18
4667,6.199536641784681e-13,4.218375278328505e-18,1.77121608470332e-18
4668,6.125895339259633e-13,4.223014211108302e-18,1.762052221107485e-18
4669,6.449707654152675e-13,4.233476430804478e-18,1.80223639570756e-18
4670,6.250992498613764e-13,4.227171883244894e-18,1.772697981318928e-18
4671,6.282004291090363e-13,4.217504766237789e-18,1.7818008283043e-18
4672,6.124288891796562e-13,4.21822944451095e-18,1.775973729285572e-18
4673,6.262172791083359e-13,4.205333262451909e-18,1.762077532385608e-18
4674,6.166695280333058e-13,4.225486667960016e-18,1.777449866725198e-18
4675,6.091613507977622e-13,4.220882609690498e-18,1.764692949821344e-18
4676,6.054872918579031e-13,4.22034751850263e-18,1.750602928419689e-18
4677,6.235275707870693e-13,4.227063857013376e-18,1.773810793638306e-18
4678,6.108429339134962e-13,4.210461290239096e-18,1.748069269658319e-18
4679,6.106100528564487e-13,4.231981682568749e-18,1.769703073584557e-18
4680,6.085366793533208e-13,4.220580087480804e-18,1.762919359784508e-18
4681,6.102460166379065e-13,4.228143429557766e-18,1.784486237308694e-18
4682,6.056233526043192e-13,4.211127633559734e-18,1.755941420219103e-18
4683,6.047434134855387e-13,4.197373637669239e-18,1.743927087532204e-18
4684,6.063613377424149e-13,4.220114938850503e-18,1.75469202630643e-18
4685,6.22215657287642e-13,4.22428034688491e-18,1.752191688009771e-18
4686,6.085491059855094e-13,4.201103199118235e-18,1.751239988457157e-18
4687,6.033340061188649e-13,4.187949565881311e-18,1.709276415227022e-18
4688,6.375135849794839e-13,4.213496221345582e-18,1.784631611726676e-18
4689,6.168610188846234e-13,4.209454763976043e-18,1.760444970224794e-18
4690,6.097593571416812e-13,4.219765240264304e-18,1.753104874759933e-18
4691,6.064939533730939e-13,4.222278856692148e-18,1.766169758122781e-18
4692,6.043159568337971e-13,4.210558914892219e-18,1.726604165402794e-18
4693,6.031530776541442e-13,4.199623599474133e-18,1.7267188871471e-18
4694,6.035508127927054e-13,4.206352581338504e-18,1.718420867192126e-18
4695,6.187856178814336e-13,4.20422070835969e-18,1.71952073092223e-18
4696,6.118957617197029e-13,4.222863320647743e-18,1.767730571775729e-18
4697,6.071090303751577e-13,4.21648740523868e-18,1.746313039370025e-18
4698,6.191817286555104e-13,4.21765502999085e-18,1.77469450119637e-18
4699,6.147001141198514e-13,4.19691962110713e-18,1.72031869752435e-18
4700,6.156855935194938e-13,4.223666234803553e-18,1.801143136469933e-18
4701,6.205645884323325e-13,4.225422310568267e-18,1.770703604563178e-18
4702,6.101880251474555e-13,4.207005498765574e-18,1.743684993040563e-18
4703,6.107982302226758e-13,4.188473280647488e-18,1.736277276324735e-18
4704,6.086190340771935e-13,4.197683790728955e-18,1.745840202434279e-18
4705,6.380292229045093e-13,4.223780545887958e-18,1.757267735767903e-18
4706,6.184820014056167e-13,4.216438507558517e-18,1.776553113206077e-18
4707,6.298985940879829e-13,4.19110430019588e-18,1.729680994888036e-18
4708,6.15500292918683e-13,4.21970556873761e-18,1.754860861408383e-18
4709,6.098533672355026e-13,4.210132694334142e-18,1.738959948990121e-18
4710,6.239444211892507e-13,4.205605325855172e-18,1.738994017293199e-18
4711,6.112123345659511e-13,4.202861256516846e-18,1.727374675366901e-18
4712,6.094534691643043e-13,4.210181976976445e-18,1.734363467750346e-18
4713,6.043552001445525e-13,4.197361310895034e-18,1.723900927520564e-18
4714,6.031536243030854e-13,4.211364931755615e-18,1.726885442269842e-18
4715,6.159534273685319e-13,4.194451356587969e-18,1.698814216712335e-18
4716,6.084312298131326e-13,4.212047806417497e-18,1.72556419606918e-18
4717,6.422403858770443e-13,4.210073816339278e-18,1.75308224302987e-18
4718,6.209776899309155e-13,4.197654697227361e-18,1.729092021476993e-18
4719,6.198750050075285e-13,4.216290895639539e-18,1.751792876618789e-18
4720,6.213512391767856e-13,4.218975982440036e-18,1.740779457381418e-18
4721,6.077110422155164e-13,4.186284414281811e-18,1.70314627565369e-18
4722,6.050958799760236e-13,4.208989937752033e-18,1.724770169114296e-18
4723,6.013875721564328e-13,4.200384415116344e-18,1.716022316310615e-18
4724,6.143702002026073e-13,4.199993605168664e-18,1.743800071024243e-18
4725,6.352728874041762e-13,4.202944775239848e-18,1.758004401098364e-18
4726,6.137537362712856e-13,4.187286862066737e-18,1.720909760651397e-18
4727,6.216538948239563e-13,4.219512686289665e-18,1.748328441874744e-18
4728,6.244195895498967e-13,4.19764627311787e-18,1.723113478883279e-18
4729,6.046840318985627e-13,4.182220286309176e-18,1.698000987790246e-18
4730,5.991392187095748e-13,4.192748074842402e-18,1.730517948352407e-18
4731,6.384451113814586e-13,4.19244027317051e-18,1.746561513577551e-18
4732,6.123720733110897e-13,4.191243135758236e-18,1.704995810474293e-18
4733,6.062278406165447e-13,4.189809610994734e-18,1.721271229608588e-18
4734,6.172061569590209e-13,4.214720701573707e-18,1.758918311044638e-18
4735,6.293537361990539e-13,4.201812418843463e-18,1.724792960084649e-18
4736,6.221426392143616e-13,4.192209965382524e-18,1.739218490714985e-18
4737,6.09020002501347e-13,4.196419701120498e-18,1.71289939259804e-18
4738,6.270663951649171e-13,4.177659382296224e-18,1.697097614718673e-18
4739,6.237927956836598e-13,4.20147528064493e-18,1.740768093022873e-18
4740,6.059095500960108e-13,4.18064082646087e-18,1.701374646542962e-18
4741,6.023651892716246e-13,4.17119417915544e-18,1.684303858020382e-18
4742,6.379209645693377e-13,4.201726667443262e-18,1.749362862470916e-18
4743,6.120353746175108e-13,4.173617064465548e-18,1.702441386612309e-18
4744,6.275651649349627e-13,4.192528639600696e-18,1.742667531310302e-18
4745,6.114460462544841e-13,4.198621320044545e-18,1.71673232989201e-18
4746,6.179116983199351e-13,4.186865596675729e-18,1.686304681751701e-18
4747,6.059556017726121e-13,4.19441618283545e-18,1.696389928695017e-18
4748,6.208167238513041e-13,4.206636882920593e-18,1.722999368380264e-18
4749,6.238909879923015e-13,4.205348383271457e-18,1.722588157188052e-18
4750,6.124364276180839e-13,4.218157812119601e-18,1.744565109366993e-18
4751,6.051897072135794e-13,4.219973021072634e-18,1.718893061914815e-18
4752,6.006826301977206e-13,4.205201129199775e-18,1.706111358946453e-18
4753,6.009620642652876e-13,4.207920001230188e-18,1.709205472103007e-18
4754,6.000620866244263e-13,4.199218742944999e-18,1.69764463860799e-18
4755,5.963443979105218e-13,4.193284952493275e-18,1.693008292219308e-18
4756,5.961799775003129e-13,4.198372062698377e-18,1.712442609614336e-18
4757,5.964234286255495e-13,4.190253076298664e-18,1.713124915426493e-18
4758,6.32811081694197e-13,4.200546204085106e-18,1.710779831016027e-18
4759,6.108191432059224e-13,4.187413951743395e-18,1.697488353323567e-18
4760,6.045795998397132e-13,4.222385994834986e-18,1.716161011620776e-18
4761,5.996870044500341e-13,4.177753688334893e-18,1.665585574011986e-18
4762,5.991002647196367e-13,4.210581302159886e-18,1.706102706431876e-18
4763,6.001782141002694e-13,4.193280102074458e-18,1.698640062938005e-18
4764,6.256539632806657e-13,4.192693221763978e-18,1.732446488095758e-18
4765,6.049617779945766e-13,4.196655298217703e-18,1.702562831487101e-18
4766,5.993163959509675e-13,4.188387541342917e-18,1.697358126665263e-18
4767,5.954101035728292e-13,4.20002047405192e-18,1.691444375147597e-18
4768,5.909497294654404e-13,4.194519407655395e-18,1.679081975076951e-18
4769,5.938144092436739e-13,4.182951254664049e-18,1.661537095165888e-18
4770,5.906502823676027e-13,4.194158204547534e-18,1.674477886801113e-18
4771,6.208770343888604e-13,4.192105694717569e-18,1.695219756877968e-18
4772,6.074474457775253e-13,4.184053136855538e-18,1.703822622457001e-18
4773,6.00937442931719e-13,4.176350046202405e-18,1.697424208698218e-18
4774,6.177144696237024e-13,4.204753353859319e-18,1.720240164518463e-18
4775,6.061958689644536e-13,4.195206794894838e-18,1.714889920480858e-18
4776,5.948254990198598e-13,4.181143050419047e-18,1.670537566184006e-18
4777,6.266141194238176e-13,4.224814766531395e-18,1.727284748402999e-18
4778,6.082057086937479e-13,4.200239209149542e-18,1.723000072946374e-18
4779,5.958789732073879e-13,4.184308232900359e-18,1.662278713921612e-18
4780,6.130340691138202e-13,4.196636770455248e-18,1.694590488299417e-18
4781,6.185822195859894e-13,4.207849910874645e-18,1.700062594080454e-18
4782,6.058717744933845e-13,4.202472499963542e-18,1.714850298156234e-18
4783,6.373191513585391e-13,4.20297647229393e-18,1.735056474190388e-18
4784,6.197126197264135e-13,4.198209737394942e-18,1.727705609830586e-18
4785,6.061697756033852e-13,4.195207052691537e-18,1.714382752274952e-18
4786,6.219280038267883e-13,4.184136336286988e-18,1.693105243980573e-18
4787,6.19882942320773e-13,4.183296971087205e-18,1.675968729348694e-18
4788,6.077360442799023e-13,4.207288085659591e-18,1.72843556490187e-18
4789,6.009174914673231e-13,4.202559869781991e-18,1.684911028866607e-18
4790,5.980681631728389e-13,4.201467283423031e-18,1.697061269414305e-18
4791,5.96026547168945e-13,4.207050261312773e-18,1.690964467085966e-18
4792,5.969675251737758e-13,4.194377744343881e-18,1.690149798565072e-18
4793,6.293026463571928e-13,4.201575709852319e-18,1.697213660560489e-18
4794,6.083781645889955e-13,4.205199603576025e-18,1.709079249954232e-18
4795,6.058247573423734e-13,4.196252337433347e-18,1.700696363802027e-18
4796,6.184798252324007e-13,4.198256910921561e-18,1.704292252340674e-18
4797,6.105864464291364e-13,4.197432101969445e-18,1.701059117114436e-18
4798,5.970195137907506e-13,4.187834720255412e-18,1.652949064806902e-18
4799,5.942893651838205e-13,4.192765752739836e-18,1.674340450903735e-18
4800,6.186922151460107e-13,4.184434392535684e-18,1.697346854946765e-18
4801,6.020828642025465e-13,4.189522760702423e-18,1.692770320236969e-18
4802,5.967099032761698e-13,4.185080038469638e-18,1.670490361295698e-18
4803,5.928891396584366e-13,4.176129378300899e-18,1.662710879568366e-18
4804,5.931418186341223e-13,4.186048689093829e-18,1.658264668040319e-18
4805,5.910422650349058e-13,4.182109274765103e-18,1.662221291423183e-18
4806,5.927819305643142e-13,4.193804820699522e-18,1.716056312524992e-18
4807,5.933290933527832e-13,4.198968908437349e-18,1.688055395192743e-18
4808,5.923501167509102e-13,4.196868208932884e-18,1.693228102075665e-18
4809,5.915475024580122e-13,4.208234182963527e-18,1.66416626124589e-18
4810,5.920585413173085e-13,4.19647958394201e-18,1.675417374541817e-18
4811,5.912762565190001e-13,4.191998300965858e-18,1.689610871184296e-18
4812,6.116967593463739e-13,4.199233629652548e-18,1.690614863256642e-18
4813,6.551788031110745e-13,4.193145109678859e-18,1.718267437346441e-18
4814,6.199496769837001e-13,4.197896666304148e-18,1.710977614502469e-18
4815,6.031333464007733e-13,4.197386491085309e-18,1.676231583473048e-18
4816,6.004097760484122e-13,4.204850698302125e-18,1.717064368857687e-18
4817,6.181855017639774e-13,4.207438616093496e-18,1.688703540219837e-18
4818,6.051477592974695e-13,4.189207627141762e-18,1.704497360002818e-18
4819,5.971877212264595e-13,4.18618147932362e-18,1.664442029464423e-18
4820,6.009046210642167e-13,4.207721129831551e-18,1.73411783141898e-18
4821,5.974258894556628e-13,4.183352771197927e-18,1.687649457030615e-18
4822,6.312752329033842e-13,4.185870685762584e-18,1.690150445670436e-18
4823,6.075848437958261e-13,4.193794510734176e-18,1.705530214891675e-18
4824,6.100344449740613e-13,4.194887462609261e-18,1.695998690039161e-18
4825,5.970430795225701e-13,4.183582149426137e-18,1.664779176048766e-18
4826,6.17712696533029e-13,4.1959289685305e-18,1.719066562907073e-18
4827,6.534636633025255e-13,4.202624131051398e-18,1.710325554029474e-18
4828,6.176936589526635e-13,4.192265569475018e-18,1.702499997569417e-18
4829,6.019430692814364e-13,4.17432100854378e-18,1.657885723750414e-18
4830,5.929188153717157e-13,4.198246059310138e-18,1.665574706124826e-18
4831,6.249863039049751e-13,4.185953789662371e-18,1.709607219953819e-18
4832,6.053044005022386e-13,4.197916482009703e-18,1.662308490734675e-18
4833,6.094604448907081e-13,4.198242267633819e-18,1.696215171179277e-18
4834,5.976953578878994e-13,4.187853152283444e-18,1.661758380225086e-18
4835,5.892622969174607e-13,4.173405556258817e-18,1.64027150103259e-18
4836,6.234463365601657e-13,4.187491670853256e-18,1.697418029750375e-18
4837,6.022542665967557e-13,4.194923193424211e-18,1.688358450707451e-18
4838,5.931176630927365e-13,4.179202508406198e-18,1.652128959811336e-18
4839,5.946743956882687e-13,4.192413868691578e-18,1.696200043463738e-18
4840,6.148955048897075e-13,4.190416504450704e-18,1.6858576285612e-18
4841,6.131760128116645e-13,4.195779476432871e-18,1.681936679113121e-18
4842,6.001084136778431e-13,4.179389899473793e-18,1.671530648757514e-18
4843,5.972004910673405e-13,4.168170771867159e-18,1.659217062307176e-18
4844,6.193655018178465e-13,4.179319604126985e-18,1.698760060767689e-18
4845,6.207509831570747e-13,4.174428311005292e-18,1.671773538626879e-18
4846,5.974466094410031e-13,4.167849854660404e-18,1.626880898296434e-18
4847,5.920511728932214e-13,4.180145809959109e-18,1.674005495162621e-18
4848,6.033763860110691e-13,4.195155971420978e-18,1.675755421300281e-18
4849,6.116084466189602e-13,4.192888863016398e-18,1.673094460534689e-18
4850,5.957396350952953e-13,4.172100558881061e-18,1.635865458686963e-18
4851,5.92041583696249e-13,4.192238981969403e-18,1.666468289491724e-18
4852,6.255559543768199e-13,4.193279986698073e-18,1.664133402287087e-18
4853,6.050519490643745e-13,4.19801268900398e-18,1.675402057011923e-18
4854,5.940684667364873e-13,4.187929655223833e-18,1.644699726543929e-18
4855,6.086255099458028e-13,4.184554168653598e-18,1.628427295522798e-18
4856,5.976879025715947e-13,4.156216989324057e-18,1.602439923254282e-18
4857,6.063778340357935e-13,4.185274165598452e-18,1.689091929199775e-18
4858,5.919518909366062e-13,4.167219865912264e-18,1.636698550173763e-18
4859,5.873936114925828e-13,4.152756317271293e-18,1.621866100808055e-18
4860,5.847594844788593e-13,4.171025974601408e-18,1.646187526145408e-18
4861,5.850373150941484e-13,4.170444917996659e-18,1.644456532344433e-18
4862,5.864686047460562e-13,4.177572658508251e-18,1.673467837203021e-18
4863,5.86479305683986e-13,4.163994247685973e-18,1.619335778950734e-18
4864,5.849968573337437e-13,4.166846750923613e-18,1.623245566253445e-18
4865,6.379808744492861e-13,4.202895727615313e-18,1.679508658918817e-18
4866,6.136510719214531e-13,4.191330965877666e-18,1.702364973437356e-18
4867,6.026078321534349e-13,4.167127918508119e-18,1.654979278134154e-18
4868,5.989971178702257e-13,4.17502657974004e-18,1.658776395522545e-18
4869,5.918147246180288e-13,4.18192206062978e-18,1.676676269470997e-18
4870,6.008837224609084e-13,4.186307811532924e-18,1.671241607416647e-18
4871,5.930498601386554e-13,4.163638924228861e-18,1.625520379657945e-18
4872,5.870365665426538e-13,4.184619385373252e-18,1.670634029042641e-18
4873,5.904120247521046e-13,4.171609944396715e-18,1.654713110420061e-18
4874,5.88289342035741e-13,4.150148246527603e-18,1.634233900652698e-18
4875,6.026405723768359e-13,4.162020969876857e-18,1.649537695267487e-18
4876,5.937750279115422e-13,4.144629237895634e-18,1.644069820331095e-18
4877,5.97243945833807e-13,4.169436956924961e-18,1.666970752875656e-18
4878,5.882559232485903e-13,4.169412174080586e-18,1.644306070655584e-18
4879,5.87316390108506e-13,4.171506969496764e-18,1.635831297932006e-18
4880,5.80615059227314e-13,4.174887772217125e-18,1.646530767713057e-18
4881,5.835644279908505e-13,4.165101164544816e-18,1.616643763484929e-18
4882,6.396555837370537e-13,4.193855077870594e-18,1.681515029895178e-18
4883,6.082805335488592e-13,4.173800885864079e-18,1.665606902753997e-18
4884,5.954541380726355e-13,4.171676008080911e-18,1.646951899394508e-18
4885,6.082494037820712e-13,4.177042563256953e-18,1.626473087776272e-18
4886,5.959713428570345e-13,4.18586168513362e-18,1.653802060878966e-18
4887,5.890282389688156e-13,4.177837580332835e-18,1.64164258389556e-18
4888,6.056066183179649e-13,4.183631748696654e-18,1.642916713934375e-18
4889,5.9081580583034e-13,4.178536698115341e-18,1.62869577178287e-18
4890,5.889016501235855e-13,4.187519481149089e-18,1.65148397281937e-18
4891,5.967784880420718e-13,4.177365479205817e-18,1.647522136888552e-18
4892,5.882070491017783e-13,4.193064582886308e-18,1.63158939308621e-18
4893,5.837812671545999e-13,4.164811427834099e-18,1.632007291314905e-18
4894,5.854503966836331e-13,4.173112012467357e-18,1.644196645626991e-18
4895,5.828748231535739e-13,4.175525359151792e-18,1.625008186062712e-18
4896,5.991154565067281e-13,4.187957283320623e-18,1.636634772080983e-18
4897,5.869083749266058e-13,4.155019885681811e-18,1.594827734560358e-18
4898,5.947805783775394e-13,4.162564230433895e-18,1.61605525991571e-18
4899,5.846973503788669e-13,4.165966714500938e-18,1.619005504505887e-18
4900,5.806010193677299e-13,4.151993869262362e-18,1.594996186319353e-18
4901,5.808403744612469e-13,4.165227923785318e-18,1.613537035026987e-18
4902,5.79352394031152e-13,4.185043872471028e-18,1.626805564244648e-18
4903,5.756897274333384e-13,4.164637371504464e-18,1.593720230882626e-18
4904,5.78330355983388e-13,4.154436992839082e-18,1.597786184660336e-18
4905,5.805873224774831e-13,4.160126572086591e-18,1.618386868175752e-18
4906,5.789709105134924e-13,4.158637266418246e-18,1.60655738508374e-18
4907,6.130357405059592e-13,4.172724749739209e-18,1.646341129709128e-18
4908,5.970185696092376e-13,4.17059247745412e-18,1.663156440035451e-18
4909,5.907310083234972e-13,4.168625777651111e-18,1.651329782922478e-18
4910,5.850868017894499e-13,4.159732119154549e-18,1.614708218038284e-18
4911,6.061847451659824e-13,4.181130213514432e-18,1.658407873567769e-18
4912,5.953287574508435e-13,4.178595913226323e-18,1.664806577942865e-18
4913,5.976082664162618e-13,4.196030137832172e-18,1.675546954123569e-18
4914,5.954593237422285e-13,4.193914839886819e-18,1.63902862044144e-18
4915,5.873722401103809e-13,4.17932382838188e-18,1.618449915196364e-18
4916,5.834697361591657e-13,4.179907900328326e-18,1.627463083343944e-18
4917,5.946985133465654e-13,4.176567610997935e-18,1.634255026757038e-18
4918,5.946421682293234e-13,4.192243121387932e-18,1.674707053898565e-18
4919,5.936908080946759e-13,4.172785630974811e-18,1.627672555584407e-18
4920,6.283394934046961e-13,4.18404623837874e-18,1.635550735774213e-18
4921,5.997644386508237e-13,4.185519628488361e-18,1.627844057332196e-18
4922,5.866049142260521e-13,4.173528974235683e-18,1.639975545051421e-18
4923,5.972406088093675e-13,4.178967866489846e-18,1.650869564777617e-18
4924,5.881761799894769e-13,4.1828257116808e-18,1.63297424990194e-18
4925,5.788659063539534e-13,4.165629882852483e-18,1.596069483165387e-18
4926,5.791119582150723e-13,4.167330366991348e-18,1.623757240796801e-18
4927,6.167623608464338e-13,4.170159440590332e-18,1.61165664465766e-18
4928,5.937629301053287e-13,4.157825885495544e-18,1.609297980615369e-18
4929,6.097998620571796e-13,4.17716213940384e-18,1.661390771830391e-18
4930,6.157343735770353e-13,4.179175787970015e-18,1.655564003155213e-18
4931,5.940967905091719e-13,4.182602855807739e-18,1.645536506142238e-18
4932,5.843356786945633e-13,4.178039163396973e-18,1.599572011345658e-18
4933,5.793581371586193e-13,4.169636016407688e-18,1.594322156019817e-18
4934,6.176982238281212e-13,4.187094149899562e-18,1.640256681043042e-18
4935,6.188397251976278e-13,4.189450785919189e-18,1.663476931969252e-18
4936,6.069168365902862e-13,4.179701636858575e-18,1.652516877823836e-18
4937,5.862929701481089e-13,4.180525910541307e-18,1.635292932624634e-18
4938,6.172787013921773e-13,4.172639408420351e-18,1.641386393355631e-18
4939,6.008403409289211e-13,4.159489761608026e-18,1.602806399584595e-18
4940,6.040103145073307e-13,4.173731435304213e-18,1.636044973714516e-18
4941,5.882056190212501e-13,4.162837154764094e-18,1.623300611401689e-18
4942,5.996586617237728e-13,4.169407024273282e-18,1.635762200596434e-18
4943,5.835517062759048e-13,4.162155630332375e-18,1.601715520818165e-18
4944,5.852758257720193e-13,4.171893938672813e-18,1.621100976568416e-18
4945,5.860863409002239e-13,4.188314716983453e-18,1.653215575143589e-18
4946,5.825252844022967e-13,4.184188111868485e-18,1.636048942479105e-18
4947,5.836938149889538e-13,4.181255352899017e-18,1.643380835694948e-18
4948,5.861493542017081e-13,4.191923316451574e-18,1.639396033812299e-18
4949,6.195666788206843e-13,4.184216103645002e-18,1.624384301571279e-18
4950,5.991700197191236e-13,4.189270635008151e-18,1.659167163774094e-18
4951,5.899569837600485e-13,4.175486387959607e-18,1.626853329311562e-18
4952,5.881889277766907e-13,4.172113995828663e-18,1.632431578237198e-18
4953,6.079898337087327e-13,4.187449988101257e-18,1.612865900257706e-18
4954,6.439402930889921e-13,4.173407593257363e-18,1.640901891140097e-18
4955,6.062728947526299e-13,4.165164866091652e-18,1.630885218666516e-18
4956,5.920112795111063e-13,4.165922457744871e-18,1.614641384748847e-18
4957,5.856481694470139e-13,4.183598305404772e-18,1.627885388236821e-18
4958,5.794850353921827e-13,4.165300938198932e-18,1.599887978305776e-18
4959,5.746012196918271e-13,4.167531498627928e-18,1.573866166249496e-18
4960,5.960208555691544e-13,4.168818159363283e-18,1.583429184839406e-18
4961,5.875696629765526e-13,4.162505715468778e-18,1.595307055659484e-18
4962,5.748367965860154e-13,4.15520488090369e-18,1.578207649792878e-18
4963,5.75921772495614e-13,4.175780604829233e-18,1.590893718906693e-18
4964,5.91964739453953e-13,4.172335036517144e-18,1.614506845098464e-18
4965,5.852272015528506e-13,4.158613518181584e-18,1.610286500599086e-18
4966,5.802154379008675e-13,4.171419847774116e-18,1.621625047478863e-18
4967,5.755828257040474e-13,4.154100280879012e-18,1.581206493838516e-18
4968,5.967208026910039e-13,4.173081077456348e-18,1.62478546947476e-18
4969,5.822571497169671e-13,4.177445128910338e-18,1.600136998166898e-18
4970,6.190739790149472e-13,4.176390595634057e-18,1.634036158757134e-18
4971,6.148358049532636e-13,4.18392086148043e-18,1.652261617214022e-18
4972,6.326273205259774e-13,4.177936160746968e-18,1.640573921051986e-18
4973,6.21688265215606e-13,4.182039939418262e-18,1.646080450391738e-18
4974,5.98731260850778e-13,4.16349117668656e-18,1.612184178162486e-18
4975,5.844625320953386e-13,4.170941972796372e-18,1.608375627903349e-18
4976,5.928931921629406e-13,4.184926867346148e-18,1.623837407855402e-18
4977,5.843372865590795e-13,4.175990242315251e-18,1.599012764470687e-18
4978,5.883437543971725e-13,4.181527135824127e-18,1.621130887301217e-18
4979,6.200297322808622e-13,4.194014707273031e-18,1.663968876071412e-18
4980,5.939375745193149e-13,4.168726628181135e-18,1.618869645971199e-18
4981,6.021563932397315e-13,4.175208506697883e-18,1.609059706228855e-18
4982,6.20791825659712e-13,4.182658637358953e-18,1.614345095977852e-18
4983,6.12665681369201e-13,4.17253909790566e-18,1.610023263508517e-18
4984,5.941403170144714e-13,4.185024736919552e-18,1.642666277231615e-18
4985,5.841393447010885e-13,4.173668362386392e-18,1.595304244160941e-18
4986,5.997706212844744e-13,4.191683437106675e-18,1.64222383380485e-18
4987,6.205493896186719e-13,4.173078461309127e-18,1.614926516975024e-18
4988,6.119945911813838e-13,4.178653355090778e-18,1.637497982856466e-18
4989,5.905996685348761e-13,4.175806437737104e-18,1.602474376972603e-18
4990,5.852349573026581e-13,4.168938295882327e-18,1.617124130768141e-18
4991,6.13391425795402e-13,4.15108425240304e-18,1.60242261732192e-18
4992,5.91036381190794e-13,4.170427010170582e-18,1.606919137611315e-18
4993,5.960632647303811e-13,4.164905347887003e-18,1.602270676504502e-18
4994,5.824810032736885e-13,4.159951365195554e-18,1.591567281453522e-18
4995,6.040040697857118e-13,4.169842910999397e-18,1.638593241279805e-18
4996,6.036472416459474e-13,4.167764994910392e-18,1.622873377806415e-18
4997,5.877265343699432e-13,4.162573356028245e-18,1.635532609115571e-18
4998,6.007833023933486e-13,4.162034649573757e-18,1.581165183199624e-18
4999,5.820435498495272e-13,4.158162394129631e-18,1.570266358883979e-18
5000,5.969909326431691e-13,4.182206713384799e-18,1.639789212756806e-18
