{
  "uin": 0.4,
  "n_iter": 200,
  "inlet": "inlet",
  "outlet": "outlet",
  "p_in_Pa": 101327.340491871,
  "p_out_Pa": 101325.0,
  "dp_Pa": 2.3404918710002676,
  "mdot_in_kgps": 0.0004900000000049,
  "mdot_out_kgps": -0.0004862869625962517,
  "mdot_in_abs_kgps": 0.0004900000000049,
  "mdot_out_abs_kgps": 0.0004862869625962517
}