iter,continuity,x-velocity,y-velocity
1,1.0,0.0001265180492751782,5.931506006361404e-06
2,0.8569800614912664,7.798506309145114e-05,3.026294359783013e-06
3,0.7234708805541343,4.629608123097039e-05,1.741398215112474e-06
4,0.5371617087230118,2.798507649602798e-05,1.126914738043583e-06
5,0.3806513727632152,1.771713902088514e-05,7.835329176535575e-07
6,0.2958857298077094,1.205435113116573e-05,5.918827037322963e-07
7,0.2505400672158054,8.910626451648252e-06,4.657713580628668e-07
8,0.2194582595013105,7.006842183141349e-06,3.77590103592631e-07
9,0.1883318197045958,5.786604852399173e-06,3.145340545845024e-07
10,0.1551610075929369,4.988918983156201e-06,2.764396606251634e-07
11,0.1220985064757403,4.43722769866214e-06,2.551924180074779e-07
12,0.104428283769819,4.032619970163924e-06,2.418564974263636e-07
13,0.09209392305854486,3.717387047502804e-06,2.277913248543188e-07
14,0.0802860981529077,3.462103245222151e-06,2.100396977948931e-07
15,0.0687843943797921,3.253010548985388e-06,1.909293842057087e-07
16,0.05903330481553188,3.071188608465396e-06,1.739032394708736e-07
17,0.05308548887861572,2.908325137743964e-06,1.608669152093651e-07
18,0.04839331414382713,2.757344491918557e-06,1.51493708594373e-07
19,0.04303156859428373,2.619034171513243e-06,1.448823827966524e-07
20,0.03779626989595528,2.494238385551141e-06,1.399796471739497e-07
21,0.03420237433503429,2.379897858783042e-06,1.355490717735723e-07
22,0.03243044719039805,2.276028125901166e-06,1.307482071621485e-07
23,0.03069816328502555,2.180825835239192e-06,1.246481462515217e-07
24,0.02845858747266354,2.094572585444725e-06,1.174870674195902e-07
25,0.0259008229541274,2.016951418495125e-06,1.103678332933626e-07
26,0.02417286476872182,1.941963130739757e-06,1.041577797354052e-07
27,0.02281943196426178,1.871085693405981e-06,9.904387736706557e-08
28,0.02145340224556586,1.803017594071935e-06,9.480186592436943e-08
29,0.01994366537452849,1.739057486813724e-06,9.176698205891092e-08
30,0.01887654916407986,1.678626099780369e-06,8.941135665732426e-08
31,0.0182099167719625,1.622249143581866e-06,8.7237469091784e-08
32,0.01797482159638516,1.567379970526959e-06,8.484646933095405e-08
33,0.01751650998444689,1.517134852140998e-06,8.196000517626567e-08
34,0.01670459693135128,1.46885878437718e-06,7.888730227442207e-08
35,0.01592515749116564,1.423555617569973e-06,7.59837839084774e-08
36,0.01517239768263333,1.380386347985362e-06,7.339867918691219e-08
37,0.01457289116538189,1.338468025174225e-06,7.106436758174755e-08
38,0.01387372076697149,1.298147227134599e-06,6.892436830827304e-08
39,0.01322286323338491,1.259220626488403e-06,6.718901514226243e-08
40,0.01288235879386741,1.221861345394312e-06,6.57846337879451e-08
41,0.0128059114415035,1.185829573479986e-06,6.448267858349612e-08
42,0.01270049992721286,1.151614250562781e-06,6.31145603613904e-08
43,0.01248451630972969,1.119022516795456e-06,6.162155619993712e-08
44,0.01212390694879421,1.087686498524151e-06,6.013976390396752e-08
45,0.01298671977392226,1.057148267052302e-06,5.894162424580115e-08
46,0.01328507411512886,1.027825199917196e-06,5.781079390839242e-08
47,0.01324218458871775,9.994927102448532e-07,5.659873116311495e-08
48,0.01299631342555233,9.721779067129939e-07,5.533395419492852e-08
49,0.01272100235819693,9.454485527048359e-07,5.412738918743183e-08
50,0.01246227179907434,9.198574813847294e-07,5.305801081809986e-08
51,0.01236984563808006,8.947703861561106e-07,5.21018057956318e-08
52,0.01225794750225289,8.707713934759811e-07,5.117810752093614e-08
53,0.01210915840624793,8.476264915635558e-07,5.026692668729644e-08
54,0.01179745145413567,8.252716976616516e-07,4.936285097471787e-08
55,0.01148626698180159,8.036671126657878e-07,4.850824474375299e-08
56,0.01111010345472173,7.8272277006047e-07,4.766702476440152e-08
57,0.01078900338205094,7.621623126622097e-07,4.680439639263326e-08
58,0.01048498526934495,7.421676517390607e-07,4.591439429269146e-08
59,0.01025853013423144,7.224936579296214e-07,4.501734689871848e-08
60,0.01004959851814878,7.035214805988697e-07,4.414546030795293e-08
61,0.009846504389252766,6.851257122876939e-07,4.335738879766632e-08
62,0.009684630618070168,6.672522716242088e-07,4.265879344658385e-08
63,0.009546424578201148,6.498369768735248e-07,4.201524278602115e-08
64,0.009372922447472575,6.328135316658779e-07,4.139821528873474e-08
65,0.0090826465450106,6.165738462987922e-07,4.0766232247277e-08
66,0.008851351875506524,6.005145795074084e-07,4.017883247749734e-08
67,0.008639801360446859,5.848765375282904e-07,3.955422199771149e-08
68,0.008432021465677132,5.696165223968749e-07,3.89012915649738e-08
69,0.008186789341509525,5.547589062755531e-07,3.821451496791952e-08
70,0.008019129209357247,5.401227789689108e-07,3.752576712993208e-08
71,0.007910481615131906,5.258595187651752e-07,3.688945010130849e-08
72,0.007797312337244888,5.12049763853252e-07,3.630067675600506e-08
73,0.007695526110936293,4.985630913504641e-07,3.576659625180853e-08
74,0.007542369725900471,4.854580306051462e-07,3.527098970488754e-08
75,0.007391845369683198,4.726703678919947e-07,3.477717447395867e-08
76,0.007228037700706034,4.601950110541636e-07,3.42711541243156e-08
77,0.007057448408139259,4.480205123353939e-07,3.374979949570785e-08
78,0.006885021714190913,4.361110703873677e-07,3.32101559236439e-08
79,0.006736176960277592,4.244089278782293e-07,3.265419158607229e-08
80,0.006571055439976771,4.130012339092866e-07,3.209392271023589e-08
81,0.006401104789389577,4.018844275514519e-07,3.155347811419101e-08
82,0.006285993287863225,3.909701577217882e-07,3.103787280304306e-08
83,0.006171342144387352,3.803417941372897e-07,3.057386963124667e-08
84,0.00605346406483107,3.699392673118345e-07,3.011536478758071e-08
85,0.005887352554831604,3.598588401417854e-07,2.966700825008103e-08
86,0.005757501601111704,3.499433913698198e-07,2.921168435073893e-08
87,0.005659045046728459,3.402548258837845e-07,2.875165811865954e-08
88,0.005537453020304527,3.308134633014251e-07,2.82762258754944e-08
89,0.005406890254547271,3.215704900040262e-07,2.77896674995351e-08
90,0.005264184003403402,3.125418589406436e-07,2.730120489649191e-08
91,0.005126555793831843,3.037162429496114e-07,2.681817951618376e-08
92,0.005032658269618763,2.950589777931807e-07,2.63488246216751e-08
93,0.004931499387990474,2.86632502674528e-07,2.590491547091599e-08
94,0.004862958966342301,2.783666450770292e-07,2.547776856015584e-08
95,0.00474964104649216,2.703602943216873e-07,2.505497988603269e-08
96,0.004648087807686519,2.62526829610671e-07,2.462929416824194e-08
97,0.004541753319621491,2.548871756319328e-07,2.419389220179674e-08
98,0.004429855771225174,2.474292935246541e-07,2.375237500564751e-08
99,0.004307376115935794,2.401317257107703e-07,2.329976759066733e-08
100,0.004195929835864805,2.329883915653978e-07,2.284651026994412e-08
101,0.004093083855037757,2.260136887019403e-07,2.239457958607091e-08
102,0.00402525136325175,2.191859588233958e-07,2.195377947865532e-08
103,0.003959223536289409,2.125479275653501e-07,2.153460295075768e-08
104,0.003869836682649876,2.060934970254742e-07,2.112047916317744e-08
105,0.003769098229248584,1.998055552038303e-07,2.071186151184654e-08
106,0.003673719616385102,1.936685766955699e-07,2.03042977559818e-08
107,0.003587328298817609,1.876847053244406e-07,1.989502213262523e-08
108,0.003510792405934184,1.818473765240903e-07,1.948112833145583e-08
109,0.003441947230036733,1.761458473176262e-07,1.906957007357097e-08
110,0.003377576592911883,1.705858187514212e-07,1.86525335813013e-08
111,0.003305307239071566,1.651811547052684e-07,1.824161825027923e-08
112,0.00320789253537461,1.599427060325656e-07,1.784311832666891e-08
113,0.003125678889332056,1.548172823598407e-07,1.744695492859414e-08
114,0.003043184275949008,1.498261629750389e-07,1.706290036829132e-08
115,0.002966597623347819,1.449642390124937e-07,1.668718188522156e-08
116,0.002886073260180036,1.40243951652024e-07,1.631623391460737e-08
117,0.002791200629649842,1.356679194055865e-07,1.594390224549326e-08
118,0.002716484421372338,1.311949772863201e-07,1.557755611542646e-08
119,0.002651962196037439,1.268335760729178e-07,1.520755868816487e-08
120,0.002579248916847911,1.225990719430685e-07,1.484361807676676e-08
121,0.002528612217025039,1.184667343919787e-07,1.448253158059179e-08
122,0.002466440509817966,1.144676949279685e-07,1.412986967539561e-08
123,0.002401798482112879,1.105831230009941e-07,1.378757988903293e-08
124,0.002336106545724712,1.068059246561668e-07,1.345297201750954e-08
125,0.002276816645172244,1.031297486715896e-07,1.312492903976784e-08
126,0.002211069008743344,9.956719476940638e-08,1.280282635934571e-08
127,0.002157268831537831,9.60994375459884e-08,1.248397518052924e-08
128,0.002082641474156475,9.275084728853355e-08,1.217197307774477e-08
129,0.002029875461997044,8.947581779119283e-08,1.186111384117137e-08
130,0.001976861834700365,8.629852220470437e-08,1.155338102529811e-08
131,0.001815477794812429,8.324367176119365e-08,1.123303915155708e-08
132,0.001783852772974994,8.024242263700057e-08,1.094292775426378e-08
133,0.001763576544055317,7.733061872785765e-08,1.065891979094878e-08
134,0.001626191376521008,7.453249611159232e-08,1.036536881450553e-08
135,0.001614876653429383,7.179823091151442e-08,1.009744438947747e-08
136,0.001599810278092489,6.91376887871184e-08,9.833770693272552e-09
137,0.001563278860475714,6.657003458420761e-08,9.573206820248801e-09
138,0.001520514986690044,6.408453357857178e-08,9.315124210448915e-09
139,0.001396188166506596,6.169014505229199e-08,9.047399719812905e-09
140,0.001312592047230245,5.93537625378526e-08,8.788000631287573e-09
141,0.001251476266302251,5.708342328685304e-08,8.535771829331384e-09
142,0.001260958586825695,5.488531649899793e-08,8.297976424802432e-09
143,0.001263106585834689,5.274863193021986e-08,8.06543662320864e-09
144,0.001175972112470565,5.069227876664234e-08,7.826067486120773e-09
145,0.001175996632388385,4.870747229230602e-08,7.60639322795658e-09
146,0.001098403574170557,4.677676602683232e-08,7.379520036781427e-09
147,0.001040365811415315,4.491657631789582e-08,7.159436615594374e-09
148,0.0009922652422127529,4.311933543502045e-08,6.944068224138528e-09
149,0.0009491633257706297,4.137903074749533e-08,6.732441040559104e-09
150,0.0009548557526290339,3.96947008228991e-08,6.531937355479823e-09
151,0.0009004856336954977,3.805134972373012e-08,6.324150925131835e-09
152,0.0008616749093722308,3.647840749107712e-08,6.122864152959016e-09
153,0.0008220842314134752,3.496193988209123e-08,5.926592452817344e-09
154,0.0007934154874549601,3.349398319747348e-08,5.736788534384154e-09
155,0.000802906423723337,3.208296875622392e-08,5.557218056913048e-09
156,0.0007600221126613196,3.070502934451352e-08,5.374591035535998e-09
157,0.0007181142389653261,2.939381958184566e-08,5.196683855146271e-09
158,0.0006862738324109047,2.812509581844089e-08,5.02334621329196e-09
159,0.0006602033830584331,2.68986168027537e-08,4.853757645696159e-09
160,0.0006339058299421307,2.571626157989549e-08,4.686759705075211e-09
161,0.0006109973632917519,2.457519758541393e-08,4.522677951161406e-09
162,0.0005874603015713207,2.347791450846041e-08,4.362109436162976e-09
163,0.0005659127557460024,2.24232401405471e-08,4.206277832039559e-09
164,0.0005451966327897667,2.140983926307461e-08,4.055018759040431e-09
165,0.0005246346962939393,2.0434435780807e-08,3.908307260360291e-09
166,0.0005046436533292689,1.949617265690015e-08,3.766234804677718e-09
167,0.000482039274706154,1.859658272818165e-08,3.627678214342549e-09
168,0.0004617787662141281,1.773037631815628e-08,3.492800047106465e-09
169,0.0004438383732175745,1.689674550059236e-08,3.36071455378103e-09
170,0.0004245739639301148,1.609738762683409e-08,3.231120876710812e-09
171,0.0004101577098516164,1.532717353365283e-08,3.10479147210512e-09
172,0.00039387353524073,1.459083659054341e-08,2.981200924093703e-09
173,0.0003782525292632437,1.38858979323416e-08,2.861326554418454e-09
174,0.0003603687248041722,1.321281553925034e-08,2.745270310250041e-09
175,0.0003437919155936485,1.25669048575164e-08,2.63368054829507e-09
176,0.0003282811333951242,1.194707417342163e-08,2.526332436743903e-09
177,0.0003132916984438308,1.135356802741333e-08,2.422612080774038e-09
178,0.0003008350678216277,1.078437962886669e-08,2.322015072669401e-09
179,0.0002887881042151591,1.024029409178408e-08,2.224139072939868e-09
180,0.0002770882609685988,9.72019980473344e-09,2.128729466918001e-09
181,0.000265736842468159,9.222965785554248e-09,2.035670256171791e-09
182,0.0002559485330959319,8.747927507733823e-09,1.945420189611239e-09
183,0.000246098717028371,8.295023836444754e-09,1.858457477499538e-09
184,0.0002362363397668429,7.863482211387943e-09,1.774730866006058e-09
185,0.0002263637402547375,7.452484948305173e-09,1.694716054568438e-09
186,0.0002155163136032619,7.061492282591459e-09,1.618160498208394e-09
187,0.0002044294621594095,6.688491500826807e-09,1.544798045582063e-09
188,0.0001938663671996824,6.332303739695676e-09,1.47419911714944e-09
189,0.0001830696950457166,5.993193657605836e-09,1.405860155027097e-09
190,0.0001734532478287941,5.668857936862641e-09,1.339465266083047e-09
191,0.0001654484536630013,5.358774814206876e-09,1.274883801060536e-09
192,0.0001580816035285568,5.064782356483045e-09,1.212476299022196e-09
193,0.0001509779837130143,4.786009111171285e-09,1.152663859479583e-09
194,0.0001443203195260695,4.52151568483059e-09,1.095743535181612e-09
195,0.0001376922686482646,4.270709236585184e-09,1.04179382162097e-09
196,0.0001302149052755688,4.034337587950902e-09,9.905290456286656e-10
197,0.0001236907246592263,3.812459468548382e-09,9.417246837382357e-10
198,0.0001181888639469138,3.599856677659986e-09,8.951344293528024e-10
199,0.0001127173085860779,3.396219092268329e-09,8.50454589655492e-10
200,0.0001073297018293774,3.202160588422741e-09,8.070043823100138e-10
201,0.000102143417357383,3.017577658734068e-09,7.649991696394607e-10
202,9.72240087049113e-05,2.84281600027331e-09,7.241629948928258e-10
203,9.269406428314955e-05,2.67763718711672e-09,6.851553856052721e-10
204,8.853304914489924e-05,2.521543173868007e-09,6.482416072151561e-10
205,8.450043785531024e-05,2.374006539155556e-09,6.136503977365321e-10
206,8.057711942365437e-05,2.234552290822828e-09,5.812611124386206e-10
207,7.635658145323732e-05,2.103528999062623e-09,5.505556970039572e-10
208,7.212282854545058e-05,1.980067468316052e-09,5.212195212505326e-10
209,6.806443421702498e-05,1.862843037156692e-09,4.931465701188669e-10
210,6.434404002844816e-05,1.75125034068263e-09,4.659831654830203e-10
211,6.095798321657157e-05,1.645081211079388e-09,4.397367863016389e-10
212,5.774428493192162e-05,1.544770424624126e-09,4.140780159571665e-10
213,5.474938570252127e-05,1.450627413996078e-09,3.89379069973275e-10
214,5.222517185999271e-05,1.362140327209764e-09,3.661798101607994e-10
215,4.999050513728411e-05,1.279001838504544e-09,3.451012193914333e-10
216,4.774651401319056e-05,1.201186616772216e-09,3.258588629480407e-10
217,4.533469201022453e-05,1.128223714107128e-09,3.077588525476325e-10
218,4.264244180326806e-05,1.059669762980317e-09,2.906611769864834e-10
219,4.005281225528009e-05,9.948323927315175e-10,2.745307974726491e-10
220,3.741055234301855e-05,9.333928186937151e-10,2.589171271578992e-10
221,3.51614349860107e-05,8.745935472241993e-10,2.436867713053374e-10
222,3.304969272243912e-05,8.188590750784791e-10,2.285276080880148e-10
223,3.113490416499873e-05,7.666235958774146e-10,2.136803469241146e-10
224,2.957585827882556e-05,7.180131105968781e-10,1.998487498653132e-10
225,2.828288735808474e-05,6.726018387172131e-10,1.874927300499782e-10
226,2.716432404089872e-05,6.302405389085543e-10,1.765056620714474e-10
227,2.604031823776724e-05,5.910662688433186e-10,1.664364040690978e-10
228,2.459855199236787e-05,5.544434022991689e-10,1.570484026792694e-10
229,2.295319878457825e-05,5.200069500018532e-10,1.481008657940043e-10
230,2.157402153048369e-05,4.872558085208852e-10,1.39651921209892e-10
231,2.037642483931618e-05,4.558021022480918e-10,1.313227049823781e-10
232,1.917939384571638e-05,4.259001672835194e-10,1.22850019153013e-10
233,1.802819655425509e-05,3.976815892413832e-10,1.143669112500213e-10
234,1.709988558581139e-05,3.7154321045248e-10,1.06236243048668e-10
235,1.634959577759417e-05,3.473648119071662e-10,9.901509347831759e-11
236,1.573428179758103e-05,3.24971124531332e-10,9.298859040474013e-11
237,1.522837428048296e-05,3.045064658379187e-10,8.769969908434234e-11
238,1.457115635720085e-05,2.856845359683155e-10,8.286254658966198e-11
239,1.373478353089633e-05,2.680126211115961e-10,7.829447637403008e-11
240,1.294784798416461e-05,2.512705403552128e-10,7.391417775057566e-11
241,1.228032313161086e-05,2.350812069070782e-10,6.961135364513826e-11
242,1.166594239333217e-05,2.194617564937475e-10,6.516411716625226e-11
243,1.095436916831402e-05,2.045632456116364e-10,6.044602524854023e-11
244,1.031847367230863e-05,1.906857762571776e-10,5.577666868574907e-11
245,9.860241834093677e-06,1.778685809945069e-10,5.158917128264238e-11
246,9.505396628558223e-06,1.66157307268751e-10,4.814425253455917e-11
247,9.332767255981207e-06,1.556598933590685e-10,4.548163246422308e-11
248,9.01949021684411e-06,1.462099034744405e-10,4.313708066733399e-11
249,8.632183548988315e-06,1.374956828700158e-10,4.09619397100109e-11
250,8.25050422997773e-06,1.292182179783138e-10,3.888000987490056e-11
251,7.87509469580679e-06,1.212038167642845e-10,3.67704289972128e-11
252,7.615274401073752e-06,1.132868990072546e-10,3.455528508912724e-11
253,7.214648939608646e-06,1.056398550793403e-10,3.202443745366553e-11
254,6.766184289192802e-06,9.838248700213758e-11,2.937382919697673e-11
255,6.432362747247123e-06,9.16112512115053e-11,2.693261338252511e-11
256,6.238798768876478e-06,8.541579948618108e-11,2.495806126365341e-11
257,6.190676288375821e-06,7.99536646737019e-11,2.356216774666675e-11
258,6.069304658891923e-06,7.527740973552048e-11,2.250746430662447e-11
259,5.845418767404744e-06,7.11757852948826e-11,2.15656378988852e-11
260,5.646528415611401e-06,6.728388041095423e-11,2.067282499701319e-11
261,5.482095993780283e-06,6.346527127419086e-11,1.973628380819687e-11
262,5.386626114232189e-06,5.953671830768614e-11,1.869582225055711e-11
263,5.201364456002818e-06,5.570624565801655e-11,1.73893624963369e-11
264,4.896185824774718e-06,5.195158958068673e-11,1.587172920773e-11
265,4.660218957931882e-06,4.840141992320172e-11,1.445330967351468e-11
266,4.528800265052717e-06,4.508644486908295e-11,1.329850721379888e-11
267,4.51690305377948e-06,4.213771812228114e-11,1.252408040609057e-11
268,4.495903309342742e-06,3.980467141031976e-11,1.205419971756462e-11
269,4.346806328022759e-06,3.790032684128943e-11,1.169960786545594e-11
270,4.215527664825379e-06,3.619508167411353e-11,1.139679334145307e-11
271,4.158931987935899e-06,3.451154421401533e-11,1.104441600863474e-11
272,4.127249950428652e-06,3.261233396058925e-11,1.059142293836948e-11
273,4.060494070244533e-06,3.07190667552298e-11,9.950439259180332e-12
274,3.857739804820045e-06,2.877571333254754e-11,9.070066181914735e-12
275,3.672892727188161e-06,2.694855665136129e-11,8.229245518467026e-12
276,3.576762296706577e-06,2.516960151255425e-11,7.5470441701505e-12
277,3.577526499202867e-06,2.345828934011216e-11,7.101980165864918e-12
278,3.62257549086069e-06,2.223870649183645e-11,6.869209657510812e-12
279,3.513653188097731e-06,2.139308115674523e-11,6.763887027591869e-12
280,3.403102391037051e-06,2.074150331370238e-11,6.711068608993829e-12
281,3.37016108575633e-06,2.00639035494713e-11,6.627108990968808e-12
282,3.359992839933435e-06,1.918746777708507e-11,6.454944217342769e-12
283,3.363185402099124e-06,1.82315667765546e-11,6.164089867240799e-12
284,3.231967733828566e-06,1.722404848702063e-11,5.645883847906032e-12
285,3.079444790237129e-06,1.629250615174474e-11,5.124702701569787e-12
286,3.001184508587148e-06,1.533485856697146e-11,4.724065428437667e-12
287,3.008482228435212e-06,1.435242330909991e-11,4.481392983024519e-12
288,3.074112370873252e-06,1.357641895675245e-11,4.379009297334355e-12
289,3.005717606301115e-06,1.320066451370166e-11,4.319349511408008e-12
290,2.905253272889566e-06,1.305522850596005e-11,4.343890426657409e-12
291,2.864862128407138e-06,1.286927363267701e-11,4.355309773295893e-12
292,2.874681199397675e-06,1.246862680178992e-11,4.318643078945198e-12
293,2.900909431572342e-06,1.195235183383046e-11,4.206785452469591e-12
294,2.809164473919799e-06,1.141927488087219e-11,3.888806825586742e-12
295,2.690175779251993e-06,1.093975516222152e-11,3.548537584032883e-12
296,2.627879055169888e-06,1.044493055915375e-11,3.333609240329625e-12
297,2.651241738347837e-06,9.891328203905441e-12,3.260657288079406e-12
298,2.702904161902003e-06,9.39076077286234e-12,3.263025753798978e-12
299,2.652466940463958e-06,9.122450224417647e-12,3.154937162958824e-12
300,2.564016599692465e-06,9.208549235781743e-12,3.144711656877045e-12
301,2.514682321411306e-06,9.242910455693662e-12,3.165561239029187e-12
302,2.527684469605037e-06,9.050562386946134e-12,3.175765450509354e-12
303,2.560320147300444e-06,8.682084879902716e-12,3.149262757206628e-12
304,2.505296000540337e-06,8.372910213664522e-12,2.945375615332418e-12
305,2.404580176352369e-06,8.139739855482977e-12,2.709065601323519e-12
306,2.355873823813833e-06,7.967686209406656e-12,2.634688516512245e-12
307,2.372546929242164e-06,7.725357264273231e-12,2.735568182681293e-12
308,2.417139340929493e-06,7.398564299604613e-12,2.811633917407309e-12
309,2.387906354084137e-06,7.177335687429287e-12,2.717584873340735e-12
310,2.299848202100521e-06,7.183265265702804e-12,2.556330668320146e-12
311,2.244592362305697e-06,7.25546294495285e-12,2.526303593937328e-12
312,2.264542230695649e-06,7.172670821007666e-12,2.530502131922527e-12
313,2.295473062702639e-06,6.884621449387298e-12,2.524836470713477e-12
314,2.267874080442756e-06,6.665917196785477e-12,2.403890701043405e-12
315,2.17162861377635e-06,6.546989386003038e-12,2.221468841248419e-12
316,2.13034594147041e-06,6.545824637646932e-12,2.244410197397991e-12
317,2.141953778202907e-06,6.45412497389876e-12,2.376729877503571e-12
318,2.1754601523006e-06,6.232609447840407e-12,2.466584678435981e-12
319,2.175266810381852e-06,6.063252162911421e-12,2.432076221732467e-12
320,2.089578384164651e-06,6.022079296342488e-12,2.253947035158828e-12
321,2.027237822320201e-06,6.0592952917912e-12,2.147260233960802e-12
322,2.044121514110564e-06,6.018654803176737e-12,2.124388528027771e-12
323,2.065287741311846e-06,5.785304315303605e-12,2.115485676819174e-12
324,2.072422424804949e-06,5.58973333454654e-12,2.055157921895196e-12
325,1.983418630618844e-06,5.51318238021934e-12,1.902427464165287e-12
326,1.933462817761586e-06,5.5778159233616e-12,1.931596328254857e-12
327,1.934568164287095e-06,5.568480621119298e-12,2.065086609136406e-12
328,1.959048013580874e-06,5.462740153219758e-12,2.166346320691141e-12
329,1.979396691667082e-06,5.306156573317898e-12,2.178546159829885e-12
330,1.908616809327381e-06,5.224547115896152e-12,2.029846473389073e-12
331,1.845991834436932e-06,5.232928532017081e-12,1.885609962105233e-12
332,1.848185802938617e-06,5.202717075591058e-12,1.830407552583935e-12
333,1.865795986044255e-06,5.034638776239911e-12,1.824009136658155e-12
334,1.888262143803821e-06,4.83247028669838e-12,1.802450017007194e-12
335,1.816720086030213e-06,4.7589916759428e-12,1.672057616767263e-12
336,1.759278607001639e-06,4.83880541398543e-12,1.669526409709364e-12
337,1.748154347331147e-06,4.890561922716761e-12,1.794196592665717e-12
338,1.779189769000623e-06,4.890859389083317e-12,1.907507643829552e-12
339,1.801612834011977e-06,4.77067767195325e-12,1.952746153958473e-12
340,1.742742198054824e-06,4.655491617849978e-12,1.838108816731498e-12
341,1.683213464542036e-06,4.605364089967861e-12,1.686199573589216e-12
342,1.673751210211843e-06,4.58389918078964e-12,1.605051031487608e-12
343,1.694482959327891e-06,4.455717502065195e-12,1.602921580248917e-12
344,1.718816161039365e-06,4.270685803969821e-12,1.604165138822751e-12
345,1.663007815912496e-06,4.182217927455577e-12,1.497701611549505e-12
346,1.606325132138397e-06,4.2504443657929e-12,1.450294917208193e-12
347,1.586100880288673e-06,4.350050598562713e-12,1.563864940133003e-12
348,1.612229808033576e-06,4.402621263470438e-12,1.679245208325776e-12
349,1.632217783218987e-06,4.303453425306372e-12,1.744772603475909e-12
350,1.596294792643644e-06,4.191610271702072e-12,1.668260541706701e-12
351,1.537532574784783e-06,4.098933430134979e-12,1.520752517435848e-12
352,1.517851098905586e-06,4.080652637511418e-12,1.428115546805348e-12
353,1.536002063562775e-06,3.997993566170881e-12,1.421812476066745e-12
354,1.555777182936773e-06,3.821348174452666e-12,1.435829380118141e-12
355,1.526370843754848e-06,3.724956865287389e-12,1.361281025851193e-12
356,1.465479499236244e-06,3.748132415371704e-12,1.273451897692204e-12
357,1.443978582151024e-06,3.859730225612112e-12,1.368763477640549e-12
358,1.462503285766318e-06,3.957444310713981e-12,1.481381107436634e-12
359,1.479808093331793e-06,3.890495957132691e-12,1.553692600169104e-12
360,1.462780211544783e-06,3.795018476081388e-12,1.518976848275186e-12
361,1.404681059205737e-06,3.687172249393744e-12,1.383104643256671e-12
362,1.378410832639375e-06,3.643308993612424e-12,1.285553581179227e-12
363,1.395860700994713e-06,3.603587534360269e-12,1.271349829762874e-12
364,1.408435871458372e-06,3.451103595843378e-12,1.28735675372875e-12
365,1.402074826649039e-06,3.349266618331847e-12,1.25184376761225e-12
366,1.343330709025211e-06,3.328169834503215e-12,1.145737587001302e-12
367,1.314736319629666e-06,3.436589387835608e-12,1.198839438742023e-12
368,1.326495783059096e-06,3.553271851078813e-12,1.306353817673143e-12
369,1.337087750786127e-06,3.519304835026271e-12,1.380759741767206e-12
370,1.340286288306589e-06,3.435607799756285e-12,1.382881335866452e-12
371,1.288487597236578e-06,3.340635361291069e-12,1.268818738780103e-12
372,1.256919623254392e-06,3.271868007295478e-12,1.16320433332873e-12
373,1.264631766223708e-06,3.251293661069216e-12,1.136522386367378e-12
374,1.271946333319159e-06,3.143289650293855e-12,1.157550315255138e-12
375,1.279511258695808e-06,3.027594615861088e-12,1.153771185213704e-12
376,1.232418987119917e-06,2.983430522591758e-12,1.058004024001815e-12
377,1.199819459841859e-06,3.058881010066526e-12,1.052554800488698e-12
378,1.202316072149978e-06,3.180890029016712e-12,1.147124583535549e-12
379,1.211920181810945e-06,3.188907122347346e-12,1.226924650741161e-12
380,1.221837835199658e-06,3.109933231361864e-12,1.256332338535509e-12
381,1.18097495847658e-06,3.031393041319277e-12,1.168011189899488e-12
382,1.148371429878767e-06,2.947394145041503e-12,1.058977938904395e-12
383,1.146833589439272e-06,2.932802174126276e-12,1.016415603827671e-12
384,1.158018104482466e-06,2.860583760664303e-12,1.044796301482056e-12
385,1.167988988337513e-06,2.75452673580434e-12,1.06497328454554e-12
386,1.128908694875936e-06,2.702816566214051e-12,9.903900215629771e-13
387,1.095333269758126e-06,2.735626074570963e-12,9.30071723383137e-13
388,1.090968302636608e-06,2.851390170328067e-12,1.007638368454182e-12
389,1.102259921959771e-06,2.884509807017218e-12,1.091834039346045e-12
390,1.113785153049853e-06,2.823095174177032e-12,1.137888425895342e-12
391,1.08208308778584e-06,2.750277206478703e-12,1.075688788565932e-12
392,1.050004078561197e-06,2.674375655144104e-12,9.695684284391674e-13
393,1.041137915276156e-06,2.657082463714695e-12,9.139298989835395e-13
394,1.051385321447176e-06,2.616929949890173e-12,9.42230916265947e-13
395,1.060470320223676e-06,2.51578098134904e-12,9.778775324407203e-13
396,1.03678577696344e-06,2.459304185078781e-12,9.272173518204416e-13
397,1.002067523757001e-06,2.455292777405991e-12,8.386699260997548e-13
398,9.907249780799617e-07,2.554657567418413e-12,8.889768369057054e-13
399,1.001202272717042e-06,2.613318098021812e-12,9.714013859391454e-13
400,1.011012836415075e-06,2.566634649917718e-12,1.025472681877483e-12
401,9.932152807173173e-07,2.506217859153193e-12,9.907084615100393e-13
402,9.590613224188272e-07,2.426737321958218e-12,8.911417904262023e-13
403,9.45244866539168e-07,2.395531446940259e-12,8.29628803828426e-13
404,9.563194782278385e-07,2.389603742158973e-12,8.508495395450732e-13
405,9.638076879020404e-07,2.310284066019519e-12,8.912918860017888e-13
406,9.519292551845211e-07,2.255739370356947e-12,8.690385132441893e-13
407,9.170428738816998e-07,2.213004317573946e-12,7.794758348941955e-13
408,9.012768936322725e-07,2.284071566360895e-12,7.875052973275811e-13
409,9.115758102757573e-07,2.36423897652066e-12,8.647024652856294e-13
410,9.169959383811038e-07,2.334943622164181e-12,9.192658155514517e-13
411,9.127612326539888e-07,2.283875962415321e-12,9.124300506441988e-13
412,8.795343151348186e-07,2.210759336894256e-12,8.257828011230241e-13
413,8.613760373510847e-07,2.168769589061745e-12,7.558698713355929e-13
414,8.685764005928586e-07,2.178350706917816e-12,7.664536685910314e-13
415,8.714866546111007e-07,2.124694723643392e-12,8.078831713385773e-13
416,8.732381501151774e-07,2.069772622279282e-12,8.10499894537435e-13
417,8.419394015294024e-07,2.019449920882958e-12,7.33557132480142e-13
418,8.224236855455921e-07,2.048763801012541e-12,6.994654120897821e-13
419,8.275062160149093e-07,2.131672428868677e-12,7.656809672986208e-13
420,8.292836034648796e-07,2.132018868730582e-12,8.225609223985701e-13
421,8.334854902857683e-07,2.079456573909973e-12,8.370487660371433e-13
422,8.075047701103702e-07,2.01811451334884e-12,7.681376659321479e-13
423,7.872665301225695e-07,1.963666700708644e-12,6.918740259695935e-13
424,7.889358072355302e-07,1.977756849259656e-12,6.868040495890927e-13
425,7.926049842179936e-07,1.952736992337596e-12,7.309849386968391e-13
426,7.974087738355967e-07,1.898308831685648e-12,7.51675432551635e-13
427,7.719450640860062e-07,1.853584626735788e-12,6.918578004104923e-13
428,7.516956934438683e-07,1.842009642014806e-12,6.285368564012562e-13
429,7.516989464508227e-07,1.918776177697547e-12,6.761780430361273e-13
430,7.566412257681384e-07,1.93818220694687e-12,7.364907849225005e-13
431,7.619909819063682e-07,1.897124942982866e-12,7.654296572195112e-13
432,7.394759993429983e-07,1.845472739822109e-12,7.145567114671005e-13
433,7.199016241034804e-07,1.789361180252658e-12,6.378104146295683e-13
434,7.168751772046185e-07,1.79764370644268e-12,6.163051631153124e-13
435,7.215751970744582e-07,1.79147949574665e-12,6.606131471509265e-13
436,7.274893001051781e-07,1.743682446717115e-12,6.925959214812e-13
437,7.085871539827167e-07,1.700632396358627e-12,6.504635966617594e-13
438,6.880719235745895e-07,1.672350240891324e-12,5.777550376748183e-13
439,6.832815284314838e-07,1.731284791114712e-12,5.987154693720494e-13
440,6.881620319897897e-07,1.767643386430812e-12,6.583446015066351e-13
441,6.924554335327201e-07,1.731043353286033e-12,6.958608866220468e-13
442,6.797308394022179e-07,1.686696293073418e-12,6.631173124287957e-13
443,6.584644067295719e-07,1.632063819551055e-12,5.899507696615268e-13
444,6.512689606480758e-07,1.629815159595206e-12,5.568324712817861e-13
445,6.56485806834748e-07,1.641301627465625e-12,5.955715378109974e-13
446,6.611046412092049e-07,1.604080496762859e-12,6.327759422738363e-13
447,6.511391838521334e-07,1.56627808180491e-12,6.099558994209622e-13
448,6.294124564139101e-07,1.521468998238309e-12,5.403385250414922e-13
449,6.21225334264453e-07,1.553261229451452e-12,5.339874141384086e-13
450,6.268835269895019e-07,1.606500685179898e-12,5.887951290956473e-13
451,6.304375856549581e-07,1.583205637617723e-12,6.282565666748218e-13
452,6.246262994805738e-07,1.545489149361221e-12,6.153140311461567e-13
453,6.033506046928894e-07,1.491019168261322e-12,5.49592013677072e-13
454,5.930845635443237e-07,1.474549637445124e-12,5.064553365894309e-13
455,5.982882528552675e-07,1.499041306912308e-12,5.363575455058279e-13
456,5.996666711055377e-07,1.474727922832087e-12,5.734789144371548e-13
457,5.99153927554672e-07,1.440171608429447e-12,5.698039491693238e-13
458,5.781518631188882e-07,1.395265041900827e-12,5.093706878038107e-13
459,5.664460496642355e-07,1.400266552017753e-12,4.779464753896705e-13
460,5.699113894958108e-07,1.456574122819765e-12,5.245422321931792e-13
461,5.704448062669068e-07,1.449418187542276e-12,5.647454099547366e-13
462,5.727326847872917e-07,1.413620265887989e-12,5.68627663914959e-13
463,5.543746574179474e-07,1.36756286433833e-12,5.145529756308315e-13
464,5.421506163489632e-07,1.336718542100619e-12,4.631774062808312e-13
465,5.43813040705623e-07,1.361800764829345e-12,4.797475555579848e-13
466,5.43479964717749e-07,1.358279909426619e-12,5.180930572480098e-13
467,5.474995750738385e-07,1.321469468489834e-12,5.290236732192676e-13
468,5.310614451005552e-07,1.281968141083957e-12,4.808979226233522e-13
469,5.178754087852585e-07,1.265970309699075e-12,4.315433272511567e-13
470,5.182506180069979e-07,1.314584828678304e-12,4.649384766719898e-13
471,5.196352952848397e-07,1.32403035713635e-12,5.072495985869661e-13
472,5.232874257791409e-07,1.292378148127456e-12,5.233670435812039e-13
473,5.087695629636163e-07,1.25452294706239e-12,4.817995747920915e-13
474,4.960895443931006e-07,1.215889085284573e-12,4.272163972010177e-13
475,4.94532187747431e-07,1.235238103324919e-12,4.281219277659761e-13
476,4.965110620059619e-07,1.243284980635588e-12,4.678222186198311e-13
477,5.008036391660973e-07,1.214048576998511e-12,4.881585266329018e-13
478,4.871395978174916e-07,1.179562357982835e-12,4.528866684020556e-13
479,4.741291243787784e-07,1.151729468919522e-12,3.987842171213974e-13
480,4.713982205352296e-07,1.187962034142946e-12,4.123935139672299e-13
481,4.734890690126667e-07,1.209469704658025e-12,4.551468610276727e-13
482,4.775342914037645e-07,1.182881484137198e-12,4.78789169262113e-13
483,4.674355141531208e-07,1.148454465395862e-12,4.496885320182483e-13
484,4.542077965471106e-07,1.111921504148014e-12,3.96456878767316e-13
485,4.499344538749621e-07,1.122356736108315e-12,3.833452364898131e-13
486,4.522521038070249e-07,1.14041883551465e-12,4.20759002117517e-13
487,4.550669052092043e-07,1.114557481934881e-12,4.468056603747812e-13
488,4.483310777226279e-07,1.084947517331089e-12,4.245013318964224e-13
489,4.341012858412379e-07,1.050019882002387e-12,3.72375237061718e-13
490,4.287230025071316e-07,1.070516911995118e-12,3.678689977930091e-13
491,4.314663852728037e-07,1.103083605831961e-12,4.079892796510609e-13
492,4.34459935569588e-07,1.084702077109707e-12,4.347474048457022e-13
493,4.295167721307801e-07,1.055915226980456e-12,4.191251583247417e-13
494,4.156102241728668e-07,1.016917619884828e-12,3.698392940119149e-13
495,4.096215885657357e-07,1.014343635162309e-12,3.464643468573147e-13
496,4.125995936885655e-07,1.041287183146286e-12,3.783960208586492e-13
497,4.140808952341313e-07,1.025020571550368e-12,4.05497523956845e-13
498,4.124636838101102e-07,9.988652984595093e-13,3.971048747261726e-13
499,3.983918223627172e-07,9.62461382392425e-13,3.50381519001026e-13
500,3.907675028246371e-07,9.653511688105292e-13,3.297210107414893e-13
501,3.933314409484677e-07,1.003253321662632e-12,3.649444651970924e-13
502,3.94258549680337e-07,9.936805794102065e-13,3.920442857944886e-13
503,3.952325278083861e-07,9.687733521919537e-13,3.894816453536102e-13
504,3.819549564661214e-07,9.33864447797498e-13,3.472549131216678e-13
505,3.742629223802828e-07,9.195026002025348e-13,3.150966720740892e-13
506,3.753707511201971e-07,9.47421706501863e-13,3.385059868881836e-13
507,3.74924909992585e-07,9.434183291611107e-13,3.661348613587602e-13
508,3.780910683356971e-07,9.172323197293342e-13,3.690637481108967e-13
509,3.663457589060191e-07,8.860214635783244e-13,3.308836645311805e-13
510,3.57785953499763e-07,8.7407314497268e-13,2.976018817691034e-13
511,3.578447669378113e-07,9.080203837839809e-13,3.242611900239888e-13
512,3.575308289410309e-07,9.11970287110307e-13,3.526170478303887e-13
513,3.611989847046117e-07,8.872296823061951e-13,3.599480849040048e-13
514,3.511571960204309e-07,8.577962946420445e-13,3.265203264970988e-13
515,3.426282948760566e-07,8.345332466837196e-13,2.894996047223996e-13
516,3.417247504713999e-07,8.576762515159125e-13,3.01215265071965e-13
517,3.422921317604474e-07,8.64201051232352e-13,3.302284534131447e-13
518,3.456010795968815e-07,8.419290815056887e-13,3.411919400054796e-13
519,3.362006546913562e-07,8.158851558121997e-13,3.120496430880794e-13
520,3.27707516275463e-07,7.947753005878062e-13,2.742829704392202e-13
521,3.257958548787439e-07,8.211012846558289e-13,2.874589236021161e-13
522,3.267374126327349e-07,8.326884417463353e-13,3.172787453553888e-13
523,3.303709494436022e-07,8.141588637202099e-13,3.309094461398195e-13
524,3.22332084665478e-07,7.880227608701874e-13,3.06404561844241e-13
525,3.140117208978727e-07,7.632774628179144e-13,2.687157036310778e-13
526,3.111382247959652e-07,7.777193767591466e-13,2.684321428770387e-13
527,3.12027713423847e-07,7.924047257791056e-13,2.970631398526084e-13
528,3.150543746453373e-07,7.731291881965677e-13,3.13173106328659e-13
529,3.09185165200321e-07,7.493413256506943e-13,2.928998326277413e-13
530,3.003785034416681e-07,7.259570896881999e-13,2.55705402334921e-13
531,2.966422155917477e-07,7.422768491246171e-13,2.556646926211797e-13
532,2.97740453637629e-07,7.619514743272521e-13,2.847694819187914e-13
533,3.003577863491072e-07,7.46581515897336e-13,3.019264523609562e-13
534,2.966851416755945e-07,7.245143765145402e-13,2.864936817457964e-13
535,2.874547979226963e-07,6.982644686930277e-13,2.505518970217694e-13
536,2.831380966204321e-07,7.028353343699146e-13,2.406851527386405e-13
537,2.845647722346659e-07,7.241903891010892e-13,2.669029371901818e-13
538,2.866921492400771e-07,7.113081822567964e-13,2.850477998444458e-13
539,2.842919854582911e-07,6.909617967928378e-13,2.744534239337662e-13
540,2.751745366770845e-07,6.651323659952198e-13,2.400649333766484e-13
541,2.704830413603424e-07,6.684275795206736e-13,2.290249790497785e-13
542,2.718864320796109e-07,6.94296258973737e-13,2.554431402190521e-13
543,2.733509234460487e-07,6.852767328939352e-13,2.73334976494623e-13
544,2.730846315255346e-07,6.665372834044089e-13,2.673322276776216e-13
545,2.639937210929176e-07,6.406911394018554e-13,2.354642871925914e-13
546,2.583884469429745e-07,6.363858283799858e-13,2.171208474660542e-13
547,2.59468663859641e-07,6.596636067820387e-13,2.391991928874012e-13
548,2.599606637891774e-07,6.534696329614305e-13,2.57629492926166e-13
549,2.616295909801528e-07,6.354226383435463e-13,2.558783088112632e-13
550,2.531025981598937e-07,6.120958933177776e-13,2.265032097357611e-13
551,2.47368087587056e-07,6.05228681363971e-13,2.060530720213563e-13
552,2.474902695556946e-07,6.305431981784576e-13,2.276977979514833e-13
553,2.474496013279607e-07,6.300755886846666e-13,2.464210945490978e-13
554,2.500725085602385e-07,6.117239601278486e-13,2.480045221858937e-13
555,2.429178735334666e-07,5.89528223115708e-13,2.219925336069081e-13
556,2.368332648552318e-07,5.769905597909222e-13,1.979480678032482e-13
557,2.36207097144687e-07,5.976054125530282e-13,2.129341174605755e-13
558,2.362564076555097e-07,6.00759507411675e-13,2.322337341309522e-13
559,2.392844127859496e-07,5.831634100788413e-13,2.371014143619069e-13
560,2.326205823428994e-07,5.633538071545202e-13,2.138281629656155e-13
561,2.266309613121831e-07,5.496793161753475e-13,1.886769267879889e-13
562,2.254422361944923e-07,5.700336728896713e-13,2.019296165211237e-13
563,2.260787579953071e-07,5.763036264942503e-13,2.219852589444314e-13
564,2.288530050893979e-07,5.615812864572107e-13,2.289993512077982e-13
565,2.23025562116843e-07,5.42749060416954e-13,2.090248146959079e-13
566,2.169852312723669e-07,5.261655888275417e-13,1.831373639252164e-13
567,2.151743722950194e-07,5.412569035003676e-13,1.892559831444637e-13
568,2.158778316989848e-07,5.495150665145114e-13,2.09294858525595e-13
569,2.188161317857928e-07,5.363724842153523e-13,2.18375334692662e-13
570,2.137025884248051e-07,5.179760818720719e-13,2.012925103933321e-13
571,2.078627184697411e-07,5.023694253612189e-13,1.75462780099091e-13
572,2.054815257925714e-07,5.164023296894671e-13,1.792889488912382e-13
573,2.060810088173654e-07,5.280955607668701e-13,1.995413684879074e-13
574,2.084712614640564e-07,5.156962030599881e-13,2.098874533113262e-13
575,2.051810166743642e-07,4.984640172519106e-13,1.959407391554746e-13
576,1.990247205568975e-07,4.816076322194201e-13,1.707152845995234e-13
577,1.961068077300361e-07,4.896257119887517e-13,1.6875932611597e-13
578,1.967851363710598e-07,5.033503775472938e-13,1.879131722352125e-13
579,1.989087985099625e-07,4.929455562687002e-13,1.994689018440163e-13
580,1.967471937726892e-07,4.772523821399061e-13,1.887756487435589e-13
581,1.904319297645461e-07,4.596491603053288e-13,1.642249763175962e-13
582,1.872175767196555e-07,4.649994592206045e-13,1.601207786028233e-13
583,1.88032996865193e-07,4.821742412377099e-13,1.791675027282205e-13
584,1.899117882314591e-07,4.740923414482316e-13,1.9075469128677e-13
585,1.887215868356918e-07,4.594266666242229e-13,1.833559298479028e-13
586,1.824995641107002e-07,4.41535596056815e-13,1.602326591636051e-13
587,1.789445933617463e-07,4.416529883584661e-13,1.513778409041778e-13
588,1.798002446438853e-07,4.591358836951425e-13,1.687354984480322e-13
589,1.808366106517843e-07,4.529424155471247e-13,1.806973897162647e-13
590,1.812468243042598e-07,4.395883493919757e-13,1.765458140198732e-13
591,1.75173601752914e-07,4.223880783398042e-13,1.548266814504253e-13
592,1.710099122900469e-07,4.203798788475828e-13,1.43496907551589e-13
593,1.714247777644852e-07,4.387906488298896e-13,1.602515021521572e-13
594,1.721313049027833e-07,4.353657802384336e-13,1.722806647783385e-13
595,1.735537112851066e-07,4.225272150477369e-13,1.708195410962649e-13
596,1.680515698581418e-07,4.066037566469976e-13,1.511799774866361e-13
597,1.638796939720626e-07,4.003971200832422e-13,1.366018846936949e-13
598,1.637255296487993e-07,4.168892025433444e-13,1.505011275910477e-13
599,1.638668207825082e-07,4.170461872336743e-13,1.630599612351527e-13
600,1.659008090471717e-07,4.038950635827589e-13,1.640334945230862e-13
601,1.612623095536265e-07,3.890755222608171e-13,1.463135468044212e-13
602,1.568405279318452e-07,3.814069600925964e-13,1.301542056374763e-13
603,1.56169290276714e-07,3.971768077050801e-13,1.423592471896486e-13
604,1.565549522136429e-07,3.998723833103103e-13,1.552399712442697e-13
605,1.586999128292766e-07,3.879522800155139e-13,1.58227827432587e-13
606,1.545875303072539e-07,3.744002639610339e-13,1.426450286305111e-13
607,1.502600740739392e-07,3.642799655919773e-13,1.25470462129115e-13
608,1.491594700861844e-07,3.771500623601118e-13,1.336429139444242e-13
609,1.498293916349394e-07,3.81627802212895e-13,1.470354796937572e-13
610,1.518798444866256e-07,3.715464876334188e-13,1.516077604020706e-13
611,1.480750905155707e-07,3.586214499763233e-13,1.380120742541627e-13
612,1.437655348429643e-07,3.481615195533577e-13,1.20517880448532e-13
613,1.422838993467664e-07,3.596822001273984e-13,1.263004243480688e-13
614,1.429467364455126e-07,3.658286710818284e-13,1.398764414272593e-13
615,1.450841381575566e-07,3.569573008333635e-13,1.456554111329796e-13
616,1.420552247805019e-07,3.441610708485337e-13,1.341752763238093e-13
617,1.379019038597662e-07,3.334242675606252e-13,1.167911518027068e-13
618,1.360098844103971e-07,3.418508678301828e-13,1.188407873603714e-13
619,1.365793148652571e-07,3.500793571574059e-13,1.321012290021959e-13
620,1.382063543150442e-07,3.415949917791606e-13,1.390487394062625e-13
621,1.363384134887593e-07,3.298885664919939e-13,1.295805400511033e-13
622,1.320072806662886e-07,3.185420074537191e-13,1.125361758710728e-13
623,1.297624850464484e-07,3.2494543500944e-13,1.124565451322908e-13
624,1.303115899772778e-07,3.348105198386694e-13,1.257011206791041e-13
625,1.319930669885802e-07,3.281557959236616e-13,1.329718422142452e-13
626,1.307669025496856e-07,3.173013107226496e-13,1.257863277780899e-13
627,1.264186138930305e-07,3.053164742112979e-13,1.093361216176072e-13
628,1.239877470518629e-07,3.077536617744608e-13,1.062402514456602e-13
629,1.246766325259164e-07,3.197067602464108e-13,1.18784397733003e-13
630,1.259345680968939e-07,3.143575136653368e-13,1.264184251905467e-13
631,1.254658684094875e-07,3.041876370900575e-13,1.215114417287426e-13
632,1.21182278881413e-07,2.921911312938842e-13,1.059043528791301e-13
633,1.184935105897242e-07,2.927075510279942e-13,1.005608487548932e-13
634,1.190895285888209e-07,3.053516747786624e-13,1.127767457855229e-13
635,1.199996349177021e-07,3.014349967086167e-13,1.204169492468671e-13
636,1.204716381216663e-07,2.921169780119269e-13,1.175646295083561e-13
637,1.163353478303427e-07,2.807132244555648e-13,1.03127744863559e-13
638,1.134054678757092e-07,2.785482082446095e-13,9.519306936732792e-14
639,1.136302665803769e-07,2.909795583072052e-13,1.063215394317768e-13
640,1.141378786260212e-07,2.890639803995175e-13,1.142468145636952e-13
641,1.153291261333188e-07,2.798079612286233e-13,1.13251557592571e-13
642,1.116248765251323e-07,2.692856657578053e-13,1.000910460628548e-13
643,1.086118433192527e-07,2.653043209619597e-13,9.037116403215395e-14
644,1.084556197281365e-07,2.77041028695129e-13,1.004341313828165e-13
645,1.087319581970594e-07,2.775126122853707e-13,1.086527909193566e-13
646,1.101914205403136e-07,2.684377752335804e-13,1.092206138620838e-13
647,1.07183941030621e-07,2.584721519841946e-13,9.746476335302917e-14
648,1.040378360971247e-07,2.530688448879603e-13,8.645639351827127e-14
649,1.035167087177238e-07,2.633935101379509e-13,9.449589914471743e-14
650,1.040161586348361e-07,2.654234539478108e-13,1.030383120473786e-13
651,1.05468814629947e-07,2.572202697120287e-13,1.049636033303324e-13
652,1.026853634646692e-07,2.481252974382314e-13,9.456013083475631e-14
653,9.96638695842944e-08,2.416579893240605e-13,8.29814918277862e-14
654,9.88368393659205e-08,2.506396115509067e-13,8.90764154169034e-14
655,9.944864628728587e-08,2.539010158866078e-13,9.800738674474631e-14
656,1.00913483260927e-07,2.471653160188793e-13,1.009087093157728e-13
657,9.844635955473594e-08,2.382521412643032e-13,9.192893960135315e-14
658,9.547647503531833e-08,2.312009184450439e-13,8.015512392035779e-14
659,9.43656014966668e-08,2.38667273976926e-13,8.386975074318893e-14
660,9.490570880964489e-08,2.430800717059852e-13,9.283690783346307e-14
661,9.637561509422894e-08,2.368212283557886e-13,9.663441613445474e-14
662,9.449399831598615e-08,2.281606394745423e-13,8.899294623436759e-14
663,9.154926596870137e-08,2.211274228992458e-13,7.732751244673954e-14
664,9.01609055382065e-08,2.271036325141259e-13,7.910181597776128e-14
665,9.066353281657837e-08,2.328616056547464e-13,8.814696919604971e-14
666,9.181290424043027e-08,2.272842642907703e-13,9.250661341561427e-14
667,9.073416753401643e-08,2.19311963209751e-13,8.630905970650177e-14
668,8.766034821688457e-08,2.116360584879203e-13,7.486339929283378e-14
669,8.603338944948089e-08,2.155249299790366e-13,7.471446770434433e-14
670,8.654727166413117e-08,2.223736157575108e-13,8.351775474567605e-14
671,8.771350218857262e-08,2.179878879736596e-13,8.821546974538772e-14
672,8.700862340658582e-08,2.105689548210964e-13,8.351083302206856e-14
673,8.39649469260431e-08,2.026161358249894e-13,7.252293944178932e-14
674,8.225079942479197e-08,2.043245162259963e-13,7.067324965066437e-14
675,8.27879327940797e-08,2.125985613269777e-13,7.919364167215094e-14
676,8.369275887993859e-08,2.091744545765714e-13,8.406964571700768e-14
677,8.354893906063936e-08,2.022673043058309e-13,8.087735495216429e-14
678,8.055543776375789e-08,1.942578680217856e-13,7.048549325323011e-14
679,7.861201437900816e-08,1.942838104401667e-13,6.679776711348212e-14
680,7.905607845489326e-08,2.028109210973483e-13,7.491108738182483e-14
681,7.969641163695881e-08,2.003286039114855e-13,7.988741994078451e-14
682,8.017535224822394e-08,1.939518167652596e-13,7.808204391662877e-14
683,7.732963410425608e-08,1.86445218046422e-13,6.848635846558453e-14
684,7.527852835657925e-08,1.848395434620264e-13,6.323753967605026e-14
685,7.542881380616194e-08,1.934509122291539e-13,7.078032467263585e-14
686,7.579270816622177e-08,1.924747773792341e-13,7.598252626131244e-14
687,7.671043705269233e-08,1.860789705555562e-13,7.536354366244081e-14
688,7.426129155312385e-08,1.790703521456391e-13,6.665091911373794e-14
689,7.210125538721257e-08,1.762501566870204e-13,6.001566209521769e-14
690,7.200719031051393e-08,1.839767603018866e-13,6.669547231385229e-14
691,7.225295661531577e-08,1.84466608731779e-13,7.211402700716047e-14
692,7.330813623645624e-08,1.783180473282177e-13,7.256990473007733e-14
693,7.127576441188801e-08,1.716842488588727e-13,6.477394495448193e-14
694,6.905609639537049e-08,1.681527556320638e-13,5.734271574584031e-14
695,6.874489696009642e-08,1.750951162869234e-13,6.28476663461737e-14
696,6.915492005398689e-08,1.765674551138742e-13,6.856707678449998e-14
697,7.014431218642179e-08,1.711417316820934e-13,6.984776194671363e-14
698,6.83232459968251e-08,1.650571529465383e-13,6.298173392744024e-14
699,6.618675214351439e-08,1.606842626420425e-13,5.517362155714791e-14
700,6.563464670765805e-08,1.665358125231318e-13,5.917777543515616e-14
701,6.610407308315305e-08,1.688147388454408e-13,6.510014060203923e-14
702,6.713647154909296e-08,1.643155617662834e-13,6.704298696972721e-14
703,6.550190130116501e-08,1.582545924126815e-13,6.112484309516646e-14
704,6.344106847484749e-08,1.536759560319413e-13,5.321980867161024e-14
705,6.267641050356019e-08,1.586501622571993e-13,5.578774759737494e-14
706,6.309583125064692e-08,1.618641770875627e-13,6.179948094316812e-14
707,6.406710001032278e-08,1.57577830737554e-13,6.4276381778304e-14
708,6.289726447958852e-08,1.517519445815949e-13,5.925562303491773e-14
709,6.083212009932016e-08,1.470405619371083e-13,5.144084219679703e-14
710,5.98649312752942e-08,1.508240721991877e-13,5.25755628795086e-14
711,6.027693872313437e-08,1.548397226319269e-13,5.856621875035483e-14
712,6.107421147441967e-08,1.51137860139252e-13,6.143588799055285e-14
713,6.038563986575155e-08,1.457803304121878e-13,5.741518132305408e-14
714,5.825265142785178e-08,1.406456209634843e-13,4.975130157251784e-14
715,5.713125934359975e-08,1.431714676795931e-13,4.971342626156621e-14
716,5.756776002149558e-08,1.480348250898592e-13,5.556899455301995e-14
717,5.834088594889364e-08,1.451223676500682e-13,5.864464991478693e-14
718,5.789698681907946e-08,1.400942239954609e-13,5.56134947935518e-14
719,5.581844837783621e-08,1.34796584468432e-13,4.829111202195704e-14
720,5.463908066751433e-08,1.357771011480376e-13,4.697872530451891e-14
721,5.50594130491171e-08,1.413529950212243e-13,5.262901380652893e-14
722,5.565116690710946e-08,1.391090637809005e-13,5.581103333765694e-14
723,5.564533497151969e-08,1.344600513167183e-13,5.381046606203226e-14
724,5.358667532036314e-08,1.291578353915417e-13,4.689970290163723e-14
725,5.221440395172997e-08,1.291252861504086e-13,4.441212148430099e-14
726,5.254853864079967e-08,1.349427943573732e-13,4.981407148002877e-14
727,5.297583477644211e-08,1.33400427072133e-13,5.309488311862579e-14
728,5.336702530752616e-08,1.290487090907981e-13,5.199192156576299e-14
729,5.144932012963142e-08,1.241127078587476e-13,4.563258018833802e-14
730,5.004073513561799e-08,1.228488916163811e-13,4.201427544899049e-14
731,5.015238229840478e-08,1.285928134649601e-13,4.700694947582647e-14
732,5.038243331674048e-08,1.281147361910844e-13,5.04475861242682e-14
733,5.105428495653499e-08,1.237387427195175e-13,5.013166240235525e-14
734,4.943048214103481e-08,1.190850933052076e-13,4.438341827763759e-14
735,4.792511898096376e-08,1.171902922994907e-13,3.986808484340986e-14
736,4.786141165495607e-08,1.223362653813705e-13,4.432521515916638e-14
737,4.806918527889901e-08,1.228067134180761e-13,4.792278718358777e-14
738,4.881530556409641e-08,1.186876977635479e-13,4.830559934679369e-14
739,4.742415618542924e-08,1.143320515084029e-13,4.316411344281496e-14
740,4.591128751481955e-08,1.11877841564852e-13,3.813368891082716e-14
741,4.570749802077223e-08,1.163649219097378e-13,4.17290371960045e-14
742,4.602839493288385e-08,1.174520168554654e-13,4.554615562576658e-14
743,4.67178274819993e-08,1.139216298399304e-13,4.645993802464891e-14
744,4.547393133878224e-08,1.098143627013773e-13,4.19530700233443e-14
745,4.399604757514681e-08,1.069396050112024e-13,3.668886725167411e-14
746,4.362623723513961e-08,1.107830110584559e-13,3.932550358607823e-14
747,4.396514246322477e-08,1.124114502314154e-13,4.327355285373368e-14
748,4.469426546153355e-08,1.094349444980805e-13,4.461118421870491e-14
749,4.361272511317794e-08,1.053115432398303e-13,4.072827934916231e-14
750,4.220169258634479e-08,1.022944805063025e-13,3.542911057568711e-14
751,4.168011016476196e-08,1.054842826218851e-13,3.705152544948516e-14
752,4.198381591054874e-08,1.077653361952849e-13,4.104971459551771e-14
753,4.262635622421742e-08,1.048980062731525e-13,4.273705342900698e-14
754,4.188760721247438e-08,1.009762766831224e-13,3.94688351991702e-14
755,4.0450179468784e-08,9.782551545504924e-14,3.423189406581264e-14
756,3.978927269855313e-08,1.002566140663351e-13,3.495491370396763e-14
757,4.009056886824481e-08,1.030776094157636e-13,3.893442139779152e-14
758,4.065675141949594e-08,1.006874966147785e-13,4.085665494410273e-14
759,4.021161987007399e-08,9.706469187790609e-14,3.826286617955903e-14
760,3.874075736842161e-08,9.362572740290116e-14,3.314378904639723e-14
761,3.799856600883188e-08,9.511203633212436e-14,3.303907490468618e-14
762,3.83153051816833e-08,9.854026842281347e-14,3.692243780099765e-14
763,3.883278880762269e-08,9.663672831155699e-14,3.896599591681737e-14
764,3.856583812610258e-08,9.32496586931647e-14,3.705230564226219e-14
765,3.713758954242747e-08,8.97140128013305e-14,3.217748947928897e-14
766,3.633535814001287e-08,9.028704894894377e-14,3.123229466845063e-14
767,3.663721583975411e-08,9.407624126275623e-14,3.499008205074003e-14
768,3.702042304702267e-08,9.263999437734914e-14,3.709726720350608e-14
769,3.707141082742283e-08,8.952339431634696e-14,3.585601213709719e-14
770,3.567219795234862e-08,8.603397251075502e-14,3.127549166477524e-14
771,3.473049308484552e-08,8.584489015347675e-14,2.951715965521036e-14
772,3.495750340834843e-08,8.979606804574538e-14,3.308785020294795e-14
773,3.523608650414463e-08,8.885514928553608e-14,3.527124498545921e-14
774,3.553344431304717e-08,8.589850181320345e-14,3.462827182128734e-14
775,3.425527995813047e-08,8.265450076059032e-14,3.042851735924e-14
776,3.329129278358664e-08,8.172340308654188e-14,2.79263522102079e-14
777,3.337118679482641e-08,8.5542418816027e-14,3.122524574744485e-14
778,3.352488320909905e-08,8.536011801233605e-14,3.352831482350103e-14
779,3.397890173856531e-08,8.239436466718795e-14,3.338980079108599e-14
780,3.291633726069194e-08,7.929814341314093e-14,2.960838212940002e-14
781,3.188728332921628e-08,7.798361296644141e-14,2.651430935889487e-14
782,3.184574676527251e-08,8.136753130348603e-14,2.942830552922106e-14
783,3.20106925771771e-08,8.176788770553416e-14,3.183804597423381e-14
784,3.25139870702455e-08,7.902516781246255e-14,3.216449995917419e-14
785,3.157566759853359e-08,7.61624141288135e-14,2.878947692525268e-14
786,3.055643528901705e-08,7.446522551503973e-14,2.538169984843174e-14
787,3.041593840013748e-08,7.739599818147438e-14,2.771304562541972e-14
788,3.06489546107802e-08,7.82119174652389e-14,3.027730906765177e-14
789,3.112075620444151e-08,7.591168303420903e-14,3.093666178648768e-14
790,3.028316686558668e-08,7.314574208079482e-14,2.798751456221233e-14
791,2.927561261217912e-08,7.12167922224042e-14,2.444269811641652e-14
792,2.902511640944169e-08,7.371827799040732e-14,2.61152031712368e-14
793,2.926274457923708e-08,7.486363235591706e-14,2.875090699029235e-14
794,2.976118623582207e-08,7.289052646578604e-14,2.969094660207639e-14
795,2.905484991332844e-08,7.010840061411528e-14,2.71592533166165e-14
796,2.809509829157803e-08,6.811663989047059e-14,2.360246265086683e-14
797,2.773853187116709e-08,7.017561229106196e-14,2.460917732882471e-14
798,2.795213026226812e-08,7.179531111389383e-14,2.727936173481663e-14
799,2.836668617626726e-08,6.990587306893233e-14,2.843969046469155e-14
800,2.790748399003153e-08,6.729661649940574e-14,2.632524319515672e-14
801,2.692165583624609e-08,6.514984903378661e-14,2.281773357235719e-14
802,2.647635043719584e-08,6.666644994879711e-14,2.322985731271379e-14
803,2.668503796207691e-08,6.863816325552247e-14,2.58706376645995e-14
804,2.708179552131347e-08,6.709675511378599e-14,2.717383881412183e-14
805,2.678855430583288e-08,6.467635263093631e-14,2.551787730797498e-14
806,2.579065286370075e-08,6.235356699680331e-14,2.210362477722765e-14
807,2.529265260804126e-08,6.321069839171592e-14,2.195863545446741e-14
808,2.551585135171442e-08,6.563408646282543e-14,2.453847599920418e-14
809,2.585788375007124e-08,6.440434453458949e-14,2.591147231852316e-14
810,2.570838888782999e-08,6.212867278879389e-14,2.471344826114042e-14
811,2.47320233877629e-08,5.976746298067973e-14,2.147283115349746e-14
812,2.41833824800013e-08,6.00546985699772e-14,2.075474972738131e-14
813,2.43909900283018e-08,6.264409716264074e-14,2.324895272537118e-14
814,2.463853746890448e-08,6.172455840081592e-14,2.466029086432287e-14
815,2.470761542132395e-08,5.96442604667048e-14,2.390755739359624e-14
816,2.376500391597388e-08,5.733089096604995e-14,2.087706642043904e-14
817,2.312941531442724e-08,5.711064070621456e-14,1.96189851247565e-14
818,2.326666884479489e-08,5.978947795636429e-14,2.197941214691124e-14
819,2.344269033586361e-08,5.92394636433304e-14,2.345112521445427e-14
820,2.367186079298601e-08,5.724022518533113e-14,2.308676833958528e-14
821,2.282273340232028e-08,5.509096969066075e-14,2.031749414026634e-14
822,2.217108410431707e-08,5.441441380750433e-14,1.856476808442864e-14
823,2.22182532683068e-08,5.691570403277424e-14,2.073521304258795e-14
824,2.232051769724883e-08,5.68912318592875e-14,2.228540383988289e-14
825,2.262763886963496e-08,5.489392215432899e-14,2.225925573784173e-14
826,2.193410422521001e-08,5.284714725933974e-14,1.977045694780198e-14
827,2.123794857840802e-08,5.192408483251103e-14,1.764449898864758e-14
828,2.120392538009785e-08,5.415770269598202e-14,1.954038865181097e-14
829,2.133619984454467e-08,5.448992789284657e-14,2.117250963937093e-14
830,2.166167758229255e-08,5.268231361930513e-14,2.143927022771435e-14
831,2.103640022915663e-08,5.07830763347002e-14,1.92253906631285e-14
832,2.035499728476616e-08,4.959233368427595e-14,1.691462753015222e-14
833,2.025049957603518e-08,5.151298655818268e-14,1.839978060890098e-14
834,2.041917732600512e-08,5.211287347149155e-14,2.012940594575628e-14
835,2.073681156649814e-08,5.061150786170194e-14,2.061229131175403e-14
836,2.017702448968612e-08,4.875034813185316e-14,1.868745438168134e-14
837,1.950243322610956e-08,4.744441429730809e-14,1.62996487672832e-14
838,1.932429781428355e-08,4.907841195647976e-14,1.73434268576874e-14
839,1.948982741974482e-08,4.99198050304015e-14,1.91134261668577e-14
840,1.982018069045475e-08,4.858750782066665e-14,1.977860312223024e-14
841,1.936575572009796e-08,4.67286768212907e-14,1.812998582240927e-14
842,1.87211065148164e-08,4.538649082065916e-14,1.574551667674735e-14
843,1.8473181345492e-08,4.670143688534598e-14,1.634094988558716e-14
844,1.861844933361729e-08,4.784624075102165e-14,1.813083338381645e-14
845,1.888781048769691e-08,4.660707691407835e-14,1.893562464825656e-14
846,1.860922144625922e-08,4.488543909702407e-14,1.75767784477176e-14
847,1.793625211316124e-08,4.340996871173539e-14,1.522621610785076e-14
848,1.76300239826863e-08,4.435613163422566e-14,1.543999990025346e-14
849,1.777278743296345e-08,4.573382065607447e-14,1.720195976341904e-14
850,1.804321255470373e-08,4.474703180901193e-14,1.808856474412631e-14
851,1.785643677107049e-08,4.314054351221039e-14,1.703562813987903e-14
852,1.718677070881536e-08,4.157007157927144e-14,1.476193907244685e-14
853,1.684839597806007e-08,4.203509443038785e-14,1.459360090430312e-14
854,1.700400613168483e-08,4.373031148649951e-14,1.631032732409372e-14
855,1.722422788145773e-08,4.294546156770451e-14,1.723932358541064e-14
856,1.714959289711902e-08,4.143403231887911e-14,1.649944213433774e-14
857,1.64914391511165e-08,3.983751505916041e-14,1.434400199907396e-14
858,1.610942980154075e-08,3.996354735844507e-14,1.379401994124753e-14
859,1.624732958403664e-08,4.174719884505097e-14,1.545200864423375e-14
860,1.640707674669021e-08,4.116002795370379e-14,1.640553545834531e-14
861,1.647455885521536e-08,3.976882982834028e-14,1.595581692722771e-14
862,1.584540134578194e-08,3.824732344163002e-14,1.395211329226833e-14
863,1.542005584731128e-08,3.801568475730505e-14,1.304196503452793e-14
864,1.55016012052677e-08,3.982636925301588e-14,1.460077179582269e-14
865,1.560840718368473e-08,3.953089425952164e-14,1.559966210374079e-14
866,1.577809871538489e-08,3.816397812328308e-14,1.54050425085335e-14
867,1.522071478242576e-08,3.674153501141604e-14,1.358015002638078e-14
868,1.477527227323313e-08,3.624974030263827e-14,1.234623971807027e-14
869,1.480043164513518e-08,3.789898954430549e-14,1.377277194026437e-14
870,1.486984565703824e-08,3.794122866835451e-14,1.482407551832258e-14
871,1.508152958029893e-08,3.660944955755759e-14,1.485273241470253e-14
872,1.462527801148537e-08,3.524547381149553e-14,1.321481481122669e-14
873,1.415654109036129e-08,3.459099334168983e-14,1.175256039819013e-14
874,1.412716441325644e-08,3.606675471625566e-14,1.297626177422069e-14
875,1.422808104208919e-08,3.633054377477775e-14,1.40867740887839e-14
876,1.443899448885708e-08,3.514248095273201e-14,1.430166903943222e-14
877,1.402502431731456e-08,3.38803967287219e-14,1.285239919365834e-14
878,1.357038025994891e-08,3.305540264445974e-14,1.128225956011701e-14
879,1.349155880639831e-08,3.430423134997331e-14,1.222295657314359e-14
880,1.360932663034252e-08,3.475025092772563e-14,1.339204095194089e-14
881,1.382475930705113e-08,3.377262440137744e-14,1.374589361749445e-14
882,1.345270569041332e-08,3.25179779007145e-14,1.248986858770903e-14
883,1.300950534706604e-08,3.162468686352387e-14,1.08820757063658e-14
884,1.288154460668431e-08,3.268930850056065e-14,1.152021673388611e-14
885,1.298756143238173e-08,3.330886528436528e-14,1.271345549286588e-14
886,1.320627369756403e-08,3.240527215748985e-14,1.318517765430552e-14
887,1.29223582129208e-08,3.117310405317211e-14,1.211431513886912e-14
888,1.248357807166083e-08,3.025644442224518e-14,1.051472866286208e-14
889,1.230980821012658e-08,3.10956732279947e-14,1.085862917578033e-14
890,1.241165492049806e-08,3.190530944594539e-14,1.206026092226799e-14
891,1.258658541788524e-08,3.109837501309989e-14,1.261817478079227e-14
892,1.24156762018993e-08,2.99593604387819e-14,1.174724357453847e-14
893,1.195965558472804e-08,2.894522710899518e-14,1.017243012379448e-14
894,1.174683771541372e-08,2.952558162152109e-14,1.026369602027403e-14
895,1.185069017406735e-08,3.049655242224648e-14,1.144364883328286e-14
896,1.202803107747603e-08,2.986302140264378e-14,1.204972795841814e-14
897,1.191270330521402e-08,2.87947898503079e-14,1.138433226994306e-14
898,1.146362731849268e-08,2.77321599800165e-14,9.870296095744509e-15
899,1.123376104120821e-08,2.798417337252614e-14,9.701896360291937e-15
900,1.133929246942785e-08,2.915382881015001e-14,1.084826687736731e-14
901,1.147902946711294e-08,2.865486167706166e-14,1.148015857477634e-14
902,1.144734359933745e-08,2.7655783834896e-14,1.102606750244933e-14
903,1.100684944953621e-08,2.658195796063068e-14,9.59281885372981e-15
904,1.073886141507079e-08,2.661545861488568e-14,9.170774855620055e-15
905,1.082915880989718e-08,2.783421933562277e-14,1.027398868406219e-14
906,1.093194998025594e-08,2.74707069871007e-14,1.092207138575227e-14
907,1.099150773035973e-08,2.654565680074208e-14,1.065948137114468e-14
908,1.057485797243885e-08,2.553439436301332e-14,9.334617316882857e-15
909,1.028716139695355e-08,2.532469311170986e-14,8.673203634328991e-15
910,1.033417984929274e-08,2.654481708842887e-14,9.704632788847556e-15
911,1.039840356204821e-08,2.639646230720439e-14,1.038585347620937e-14
912,1.052280308929252e-08,2.547160184300298e-14,1.028945183798265e-14
913,1.016216673216995e-08,2.452193017563168e-14,9.086768164916667e-15
914,9.855268518696615e-09,2.416360728855892e-14,8.21650553990546e-15
915,9.866555854459283e-09,2.525685227982602e-14,9.152816024324682e-15
916,9.915011204906964e-09,2.532048912499956e-14,9.867900583707597e-15
917,1.006094065669033e-08,2.443670859080972e-14,9.919707112339087e-15
918,9.760020677327753e-09,2.352947055416343e-14,8.842364251088195e-15
919,9.443073368387138e-09,2.306877847639362e-14,7.8374517034709e-15
920,9.421547400117423e-09,2.403432006689681e-14,8.622135741950035e-15
921,9.493302397285443e-09,2.423815573553865e-14,9.381264467883486e-15
922,9.632121128658746e-09,2.346157600931593e-14,9.549224349148108e-15
923,9.362007840171307e-09,2.262254533732489e-14,8.60072138350553e-15
924,9.05471526159223e-09,2.20516447783476e-14,7.534560816733759e-15
925,8.996362037365918e-09,2.287036922967687e-14,8.12425309592666e-15
926,9.07592262875588e-09,2.319114875813951e-14,8.91609318172758e-15
927,9.223037720151645e-09,2.255112729807225e-14,9.175071163552784e-15
928,8.981033749715277e-09,2.170564010461972e-14,8.356369942805423e-15
929,8.684987092768328e-09,2.109948346872358e-14,7.273029637014519e-15
930,8.593175683194354e-09,2.178596465017445e-14,7.657308998614171e-15
931,8.664724432262266e-09,2.2240658827295e-14,8.463851882369448e-15
932,8.804697253628206e-09,2.163164721868973e-14,8.79758667851291e-15
933,8.629812676134322e-09,2.081662989198908e-14,8.103566562878022e-15
934,8.331691676178701e-09,2.0185415423937e-14,7.029247721685638e-15
935,8.209020805536109e-09,2.071803824886579e-14,7.220459568482543e-15
936,8.279146311377978e-09,2.128927784457289e-14,8.02855128983996e-15
937,8.395505194118528e-09,2.076635898704294e-14,8.415942889414784e-15
938,8.290154655168678e-09,2.001177099393979e-14,7.859714665534249e-15
939,7.982953173732121e-09,1.931729589170212e-14,6.804657963635421e-15
940,7.836398910384686e-09,1.966580035008183e-14,6.826906697533812e-15
941,7.909775827027191e-09,2.035772528378892e-14,7.618496462541168e-15
942,8.023196670028034e-09,1.994566284936146e-14,8.034241129135287e-15
943,7.953344977375041e-09,1.923523433012632e-14,7.616116865029386e-15
944,7.653874364833544e-09,1.851587639558184e-14,6.606859673614891e-15
945,7.496322497304395e-09,1.86541372949356e-14,6.454064033255489e-15
946,7.5672631726027e-09,1.944983486900873e-14,7.221483809433667e-15
947,7.654971381564315e-09,1.91327549967155e-14,7.651554948610832e-15
948,7.648152508121928e-09,1.847371451759123e-14,7.375737365980342e-15
949,7.353259661246175e-09,1.775220668184469e-14,6.4229865827859e-15
950,7.165451238477065e-09,1.774184975905611e-14,6.100910919348733e-15
951,7.223736413192205e-09,1.857026995609596e-14,6.836128148041235e-15
952,7.28883041419017e-09,1.835298032319382e-14,7.279516741895436e-15
953,7.33880333422387e-09,1.773423402400545e-14,7.12914337512559e-15
954,7.064174153362477e-09,1.706219050302789e-14,6.252587698295415e-15
955,6.869167237678738e-09,1.688771377889158e-14,5.772171514696291e-15
956,6.896279395160447e-09,1.770397031458268e-14,6.454970187828745e-15
957,6.933531289388936e-09,1.76378072137647e-14,6.921089879114373e-15
958,7.023442773413538e-09,1.701661651493407e-14,6.879536761215708e-15
959,6.791309030886142e-09,1.638002730870872e-14,6.087272926485833e-15
960,6.581414748911412e-09,1.612040248173165e-14,5.475138587881767e-15
961,6.583266562783981e-09,1.684372307478901e-14,6.087186989256169e-15
962,6.617515168584334e-09,1.691115143285232e-14,6.574950702631395e-15
963,6.718798916523255e-09,1.632775921845597e-14,6.631300936469438e-15
964,6.519800438001402e-09,1.573055643579831e-14,5.923451688361897e-15
965,6.307220983132078e-09,1.53975802828452e-14,5.234719067255473e-15
966,6.288665060784755e-09,1.602748178075272e-14,5.733666432529248e-15
967,6.338989619866582e-09,1.618233012394906e-14,6.253241150203717e-15
968,6.433447491782816e-09,1.56841964562174e-14,6.382442613635312e-15
969,6.255529858165961e-09,1.511820273474553e-14,5.762091328448167e-15
970,6.047243675988948e-09,1.472681260362025e-14,5.038778533315701e-15
971,6.004396727483095e-09,1.526113939317175e-14,5.404001522238807e-15
972,6.056925272465961e-09,1.549280883159889e-14,5.941938434432875e-15
973,6.158080159912839e-09,1.507239167745807e-14,6.130323447854826e-15
974,6.002986946869006e-09,1.450221439516324e-14,5.596762519004817e-15
975,5.803939476590426e-09,1.409190663987783e-14,4.866778973958764e-15
976,5.738135073293216e-09,1.453502301093444e-14,5.09376369757206e-15
977,5.786053550284885e-09,1.486159966092136e-14,5.640007098185997e-15
978,5.875528985306406e-09,1.445803471033954e-14,5.876369370890518e-15
979,5.768590321714755e-09,1.39132785933614e-14,5.427520906204962e-15
980,5.566378692790737e-09,1.348211897207501e-14,4.705577230033082e-15
981,5.479605140423836e-09,1.381544063334046e-14,4.806292679986802e-15
982,5.526935000839438e-09,1.421958724467445e-14,5.350323345430859e-15
983,5.606873324712433e-09,1.388368917365715e-14,5.619235168984963e-15
984,5.541160498105783e-09,1.337944638211907e-14,5.26437261439378e-15
985,5.334534318333124e-09,1.290771089293912e-14,4.557906736186754e-15
986,5.234638849827099e-09,1.310947506179518e-14,4.544936008002135e-15
987,5.284089362754872e-09,1.3600299218031e-14,5.076755676731778e-15
988,5.357358596389264e-09,1.333430150675185e-14,5.362030974542411e-15
989,5.317345247508437e-09,1.286108499168018e-14,5.101359759223839e-15
990,5.117216615342654e-09,1.237497357744037e-14,4.428659812899183e-15
991,5.007463229371184e-09,1.244668784476281e-14,4.297589500333059e-15
992,5.054486926112408e-09,1.298751269250173e-14,4.812333460188672e-15
993,5.109262810981388e-09,1.278819367660986e-14,5.105956785800913e-15
994,5.114385092785238e-09,1.235193972939629e-14,4.939141247601929e-15
995,4.918375265518143e-09,1.187170533225996e-14,4.307061382326701e-15
996,4.788119384683991e-09,1.183779670586769e-14,4.063397094149132e-15
997,4.824152000766206e-09,1.240172852303008e-14,4.553016205125403e-15
998,4.864637668750066e-09,1.22735435629471e-14,4.856935490906103e-15
999,4.904639713023419e-09,1.185878523399233e-14,4.773134006721712e-15
1000,4.725794946143541e-09,1.141255373804899e-14,4.193662530521211e-15
1001,4.59205469452491e-09,1.127684202853624e-14,3.846100635414956e-15
1002,4.607085891854449e-09,1.181710078063964e-14,4.297629507726182e-15
1003,4.630379375004861e-09,1.179585709615237e-14,4.617806872770735e-15
1004,4.692545246040553e-09,1.137973383572737e-14,4.604541205565178e-15
1005,4.543890352607318e-09,1.095361827110651e-14,4.083128731052876e-15
1006,4.400385476048835e-09,1.076692104444266e-14,3.654886222611913e-15
1007,4.39814377652237e-09,1.12447798125162e-14,4.052136849803934e-15
1008,4.423304138198095e-09,1.130554585241673e-14,4.387135192488875e-15
1009,4.492259279563298e-09,1.092115102603254e-14,4.438190883369325e-15
1010,4.361153904342809e-09,1.052731698531665e-14,3.973028912301106e-15
1011,4.218897096981375e-09,1.028768999748247e-14,3.502051344805127e-15
1012,4.202479210362924e-09,1.069815689562688e-14,3.816944884758631e-15
1013,4.237323819696633e-09,1.081791661944816e-14,4.173038585234085e-15
1014,4.301828653359094e-09,1.049575672927275e-14,4.270606201450509e-15
1015,4.184971931472974e-09,1.011457649642417e-14,3.864718149200835e-15
1016,4.04403134417164e-09,9.845009032850588e-15,3.374715401460007e-15
1017,4.012141235559834e-09,1.019383805523907e-14,3.598443147130117e-15
1018,4.04722165214812e-09,1.036027382820069e-14,3.964437759004377e-15
1019,4.115656153493045e-09,1.008357267811429e-14,4.100756823866295e-15
1020,4.017370658287829e-09,9.699476460373592e-15,3.752826639693362e-15
1021,3.883821789702115e-09,9.422057289927038e-15,3.261234166532585e-15
1022,3.83621036192166e-09,9.706554707649142e-15,3.392058576422628e-15
1023,3.867751273582877e-09,9.939323421344295e-15,3.762424331732371e-15
1024,3.92475350933861e-09,9.674899151782142e-15,3.929303645053615e-15
1025,3.861097706674763e-09,9.314930230618586e-15,3.639826801533219e-15
1026,3.724130981567159e-09,9.016085071832242e-15,3.154595962587746e-15
1027,3.663305848837657e-09,9.22406490824828e-15,3.203717630394201e-15
1028,3.69420188602046e-09,9.506357015556272e-15,3.56974334072726e-15
1029,3.749046144547995e-09,9.291483694889253e-15,3.756068850959941e-15
1030,3.70827746484096e-09,8.957319722561989e-15,3.530373397791343e-15
1031,3.57043417375527e-09,8.634287179652003e-15,3.058015109503461e-15
1032,3.501259513435705e-09,8.747649267601353e-15,3.029781586635901e-15
1033,3.534233253577918e-09,9.093867984988818e-15,3.386852723852843e-15
1034,3.581602796387805e-09,8.923227456477994e-15,3.582528251106301e-15
1035,3.56069468219244e-09,8.608551448529138e-15,3.42098810914934e-15
1036,3.426344009858321e-09,8.280556673404971e-15,2.972542608042641e-15
1037,3.34938226525251e-09,8.313451628328023e-15,2.865278763525541e-15
1038,3.379949552414409e-09,8.683600484804325e-15,3.210200787956012e-15
1039,3.414586302990808e-09,8.556906276014254e-15,3.410888717950202e-15
1040,3.424074535553018e-09,8.26890130950152e-15,3.311377687643332e-15
1041,3.294883692968661e-09,7.948502797815693e-15,2.892014387983957e-15
1042,3.205305008720937e-09,7.909409868854615e-15,2.710213852003368e-15
1043,3.225741706398583e-09,8.290707936598595e-15,3.035749551216589e-15
1044,3.250520689930516e-09,8.216985382722918e-15,3.244501169721095e-15
1045,3.28231096731329e-09,7.939374935578795e-15,3.199298735530179e-15
1046,3.165874863810177e-09,7.642221564385437e-15,2.816272625592046e-15
1047,3.074332795293353e-09,7.541457253034214e-15,2.567198306656785e-15
1048,3.081869159043748e-09,7.895336852682045e-15,2.865004696275995e-15
1049,3.096268832122641e-09,7.89597182374e-15,3.084484002905021e-15
1050,3.139153469090955e-09,7.618179523663111e-15,3.086312709816941e-15
1051,3.044322130021359e-09,7.3351869583291e-15,2.742226880920558e-15
1052,2.946746445682273e-09,7.200980900304184e-15,2.444750040369749e-15
1053,2.942858294843545e-09,7.515317545105749e-15,2.700782316307855e-15
1054,2.961556853377488e-09,7.566256962114033e-15,2.931224373309175e-15
1055,3.006738451645186e-09,7.314827176489488e-15,2.974023694628614e-15
1056,2.921300040308533e-09,7.052616050249526e-15,2.668307620063452e-15
1057,2.826252729521265e-09,6.882186017754641e-15,2.34669942270044e-15
1058,2.812007307721432e-09,7.1511424788651e-15,2.544276144136809e-15
1059,2.835995917557578e-09,7.239553604779177e-15,2.787966982855219e-15
1060,2.879815418578465e-09,7.030774954146563e-15,2.860702441115768e-15
1061,2.803514635884049e-09,6.774310531353808e-15,2.595248487455311e-15
1062,2.709620309594491e-09,6.588701129170135e-15,2.263515604331725e-15
1063,2.6849049305726e-09,6.815945751406525e-15,2.399242795746022e-15
1064,2.708414827882775e-09,6.93794875321979e-15,2.647986469949814e-15
1065,2.754009178553051e-09,6.752405194534039e-15,2.746085679380674e-15
1066,2.69207617744721e-09,6.496708133070956e-15,2.519331192938058e-15
1067,2.603052112298733e-09,6.307012574667357e-15,2.188190437661179e-15
1068,2.568071324440032e-09,6.488288583946912e-15,2.261720358296919e-15
1069,2.588894853999562e-09,6.652831018572384e-15,2.512777118858576e-15
1070,2.625702090703083e-09,6.480695696813067e-15,2.630115264745506e-15
1071,2.588305228204773e-09,6.244066959053792e-15,2.443910290370945e-15
1072,2.495839681135698e-09,6.036394050751576e-15,2.117590715573897e-15
1073,2.452478865199628e-09,6.164633025701542e-15,2.138190684443347e-15
1074,2.472492749634652e-09,6.361639608684351e-15,2.384749087225463e-15
1075,2.509893685822701e-09,6.225052290089716e-15,2.513267495808789e-15
1076,2.485191102221996e-09,6.00443889251662e-15,2.370103053959987e-15
1077,2.393604763213643e-09,5.784307150216774e-15,2.0543575212836e-15
1078,2.345312710905723e-09,5.844292146954406e-15,2.022339229126602e-15
1079,2.367142931228361e-09,6.085615269967145e-15,2.262016147917024e-15
1080,2.397384457357328e-09,5.9776727522402e-15,2.396107355362645e-15
1081,2.387896608345442e-09,5.770132042084235e-15,2.29682425884166e-15
1082,2.298814045166208e-09,5.546927761114767e-15,1.997424619904386e-15
1083,2.243985890392304e-09,5.558403253369979e-15,1.912956438250413e-15
1084,2.263213976316994e-09,5.812113723653473e-15,2.143671024186882e-15
1085,2.285075737474062e-09,5.731992870519019e-15,2.280835511901719e-15
1086,2.295096028228754e-09,5.540749434664488e-15,2.222281521191166e-15
1087,2.210147575886078e-09,5.328804263294354e-15,1.94402281577015e-15
1088,2.149504021601259e-09,5.290946420866544e-15,1.810420589106364e-15
1089,2.160680890244341e-09,5.547269147561271e-15,2.026317490961642e-15
1090,2.175091112449835e-09,5.508152607875925e-15,2.169534517669054e-15
1091,2.19924188080323e-09,5.319722023958087e-15,2.146618039163021e-15
1092,2.12453747363729e-09,5.122268157089977e-15,1.893320370608257e-15
1093,2.061057457782612e-09,5.048315655721413e-15,1.716394129849848e-15
1094,2.064250821540976e-09,5.280801192531697e-15,1.912075317662091e-15
1095,2.073624880722881e-09,5.289284791166276e-15,2.062251314911361e-15
1096,2.103370570888972e-09,5.105340512845291e-15,2.070591370859554e-15
1097,2.042358468365286e-09,4.916480562743864e-15,1.843471262914259e-15
1098,1.976194071244271e-09,4.820500239376787e-15,1.637785734543166e-15
1099,1.971549502116321e-09,5.0276123972954e-15,1.802239797150062e-15
1100,1.985254070188709e-09,5.067186618846501e-15,1.960402689994514e-15
1101,2.01486167634878e-09,4.903544718795379e-15,1.994615671356039e-15
1102,1.959327484463794e-09,4.728835329131807e-15,1.793901923305349e-15
1103,1.895821587913357e-09,4.609725703479849e-15,1.574391600537293e-15
1104,1.884113593261112e-09,4.783855940947132e-15,1.698339538237373e-15
1105,1.900151314045755e-09,4.848864520705866e-15,1.86424172877967e-15
1106,1.930254360537189e-09,4.714056300921011e-15,1.917846681413119e-15
1107,1.88062613710225e-09,4.541133209739574e-15,1.744279215975701e-15
1108,1.818948118645244e-09,4.413249534016284e-15,1.519845084886818e-15
1109,1.799999695189586e-09,4.560745864099371e-15,1.601493807273981e-15
1110,1.814519451467503e-09,4.649908897140592e-15,1.770372477095874e-15
1111,1.844866787426044e-09,4.524992005260147e-15,1.840303888681416e-15
1112,1.807180891941015e-09,4.355737806486138e-15,1.692729083806773e-15
1113,1.746913296955559e-09,4.225333524511036e-15,1.469626368125244e-15
1114,1.72131967106602e-09,4.340224232732125e-15,1.510378758929697e-15
1115,1.735131085394705e-09,4.455786454588751e-15,1.679892711034522e-15
1116,1.759449859364553e-09,4.344360704195393e-15,1.761750301710318e-15
1117,1.737028802944622e-09,4.188291083386804e-15,1.642339267609558e-15
1118,1.675145228921955e-09,4.044790742340526e-15,1.422693065554893e-15
1119,1.643908997192207e-09,4.122776156570248e-15,1.428549305432441e-15
1120,1.657924034477374e-09,4.26098152912883e-15,1.594555297250389e-15
1121,1.682266195819263e-09,4.173709591575775e-15,1.682891873791368e-15
1122,1.667611388824706e-09,4.027432214093575e-15,1.592394209741475e-15
1123,1.606990104894074e-09,3.877754912482527e-15,1.381285731425469e-15
1124,1.573292713017118e-09,3.909186306280127e-15,1.351320772679594e-15
1125,1.587437424854455e-09,4.074931681985041e-15,1.512077853965694e-15
1126,1.606646877052152e-09,4.006528713489637e-15,1.603777408541266e-15
1127,1.603209427338544e-09,3.869884638342861e-15,1.543044358410094e-15
1128,1.544001023520938e-09,3.719199824118134e-15,1.343206671689754e-15
1129,1.505194851887525e-09,3.719702528616024e-15,1.278439216770293e-15
1130,1.516937644113307e-09,3.89207659795288e-15,1.432565387443933e-15
1131,1.53086891204217e-09,3.8426466920125e-15,1.526262083892794e-15
1132,1.540422779089544e-09,3.716070764947536e-15,1.492370439894042e-15
1133,1.484654002567597e-09,3.57474368583431e-15,1.30772416302168e-15
1134,1.443012497439508e-09,3.541860501615239e-15,1.210444659620352e-15
1135,1.448716178562125e-09,3.713374003591203e-15,1.35364109064523e-15
1136,1.457285451885925e-09,3.694009582528974e-15,1.451683953917128e-15
1137,1.475238665312532e-09,3.567214046402545e-15,1.441123434232827e-15
1138,1.427587122886176e-09,3.434881616445925e-15,1.273637150666067e-15
1139,1.383562086814509e-09,3.381278715766966e-15,1.148915564134988e-15
1140,1.384106215829124e-09,3.534617260916163e-15,1.277150160762994e-15
1141,1.390345892386672e-09,3.544921936588305e-15,1.379673568554557e-15
1142,1.411286851925096e-09,3.423899762387456e-15,1.389829259381254e-15
1143,1.371643836044509e-09,3.29771197145541e-15,1.239953511153609e-15
1144,1.326781118631619e-09,3.23004036879441e-15,1.098339254495248e-15
1145,1.322784005237578e-09,3.364890409915513e-15,1.203559954771553e-15
1146,1.332043514048242e-09,3.394772083296562e-15,1.311985818446456e-15
1147,1.351970183000259e-09,3.288788957128264e-15,1.33837681939313e-15
1148,1.316296812785039e-09,3.172136672843216e-15,1.206639041559201e-15
1149,1.27314823755953e-09,3.089601411789275e-15,1.057030663343418e-15
1150,1.264058355656181e-09,3.203266496618756e-15,1.134593415010902e-15
1151,1.274362170069664e-09,3.249407252489015e-15,1.247303501341056e-15
1152,1.295195270536565e-09,3.161918111783008e-15,1.286332005413336e-15
1153,1.263407583763145e-09,3.045026206523577e-15,1.172878447026272e-15
1154,1.222346696964033e-09,2.957984936400295e-15,1.021085255518433e-15
1155,1.208282101577404e-09,3.052708158210272e-15,1.069928987719577e-15
1156,1.217571079431327e-09,3.117407687146572e-15,1.184330140071656e-15
1157,1.237146627213012e-09,3.033736938128277e-15,1.233760523340098e-15
1158,1.214559268085468e-09,2.921627200794298e-15,1.137897812898339e-15
1159,1.173552340801569e-09,2.831637362576092e-15,9.874469893927834e-16
1160,1.155132829281548e-09,2.904227041015991e-15,1.009467395083184e-15
1161,1.164258855884526e-09,2.985194636389557e-15,1.123744201766989e-15
1162,1.180354654196589e-09,2.913302177159638e-15,1.180534458717868e-15
1163,1.167120493497754e-09,2.809794989097507e-15,1.104099489185861e-15
1164,1.125620360791446e-09,2.711369875368523e-15,9.564135966783158e-16
1165,1.103599704898863e-09,2.757857775443684e-15,9.550501629368948e-16
1166,1.112927876941898e-09,2.85555823469299e-15,1.066656654662434e-15
1167,1.128809919458676e-09,2.798999737451738e-15,1.127251208853332e-15
1168,1.12010069661563e-09,2.701799022608377e-15,1.070311563929244e-15
1169,1.08032405719087e-09,2.600255522763345e-15,9.290547466588821e-16
1170,1.056625780767348e-09,2.617081599654693e-15,9.035357091468425e-16
1171,1.065556604702096e-09,2.729157558782558e-15,1.011395693485755e-15
1172,1.077598888075016e-09,2.685791870114649e-15,1.073807348056927e-15
1173,1.077928066802158e-09,2.595826590601658e-15,1.036873905632864e-15
1174,1.038412700930813e-09,2.494303740907617e-15,9.035616935275151e-16
1175,1.010804648370673e-09,2.490265647380768e-15,8.548587103275811e-16
1176,1.018013615690428e-09,2.606721652815865e-15,9.577233228782059e-16
1177,1.026904915294504e-09,2.577173957357066e-15,1.021798740440941e-15
1178,1.034631712122125e-09,2.492784131254397e-15,1.002506850677719e-15
1179,9.982486611002031e-10,2.398496873760111e-15,8.799445816875243e-16
1180,9.697919193089651e-10,2.371850523767584e-15,8.097562679018678e-16
1181,9.72743515481623e-10,2.486018457127654e-15,9.046151490069207e-16
1182,9.77302496002605e-10,2.477555912682734e-15,9.716917901832081e-16
1183,9.906602723199187e-10,2.39285492738057e-15,9.676661946365938e-16
1184,9.60096387008494e-10,2.303606390592465e-15,8.56982251745729e-16
1185,9.301279686524615e-10,2.265055253558076e-15,7.696901792124151e-16
1186,9.293511758123445e-10,2.366036227008266e-15,8.533699515754977e-16
1187,9.334423312288468e-10,2.376194715670987e-15,9.232881053128376e-16
1188,9.481578063280273e-10,2.296971321120817e-15,9.32996334275684e-16
1189,9.224556337864581e-10,2.213168356245961e-15,8.342088795903819e-16
1190,8.922747029896251e-10,2.164548975828104e-15,7.370655307644006e-16
1191,8.88391936505709e-10,2.252231236051093e-15,8.041319866020455e-16
1192,8.946504497631127e-10,2.274452810289476e-15,8.783145255755148e-16
1193,9.085773535426748e-10,2.207164949181355e-15,8.981863936156564e-16
1194,8.85521535677794e-10,2.127851939065491e-15,8.117581943810265e-16
1195,8.561513312798965e-10,2.07125291314608e-15,7.100191234749949e-16
1196,8.488812660268194e-10,2.145279857141029e-15,7.582309657991037e-16
1197,8.555165883853508e-10,2.178134019821306e-15,8.347512426974496e-16
1198,8.701569700585105e-10,2.121238201013781e-15,8.628809033171003e-16
1199,8.500786351731147e-10,2.041836511509888e-15,7.887278164383174e-16
1200,8.224367388355457e-10,1.98294864234292e-15,6.861422996966328e-16
1201,8.118988565520831e-10,2.043959474717662e-15,7.15047950572219e-16
1202,8.180325086158062e-10,2.090013092450505e-15,7.925053477165613e-16
1203,8.305369863654715e-10,2.034904655835518e-15,8.272731223625169e-16
1204,8.17235878500043e-10,1.959558800482838e-15,7.65095768031787e-16
1205,7.895088071740241e-10,1.898070873717648e-15,6.636907090987852e-16
1206,7.760374589922492e-10,1.943426416078296e-15,6.750517450986738e-16
1207,7.819915767084457e-10,2.00024044873482e-15,7.519737270576921e-16
1208,7.930751300279897e-10,1.954300237482853e-15,7.912056440157418e-16
1209,7.850981913182938e-10,1.88491072571167e-15,7.42308078667882e-16
1210,7.575047659171032e-10,1.817930176616622e-15,6.430839644147854e-16
1211,7.419980577928672e-10,1.844707526833873e-15,6.387083938038808e-16
1212,7.481092845123118e-10,1.913695026712399e-15,7.137026664422002e-16
1213,7.583120477673405e-10,1.877315879110631e-15,7.551067332209677e-16
1214,7.536785417322326e-10,1.812408810866497e-15,7.19473279269008e-16
1215,7.271649221336192e-10,1.743632534006596e-15,6.250306314389192e-16
1216,7.104109418538399e-10,1.75212397151656e-15,6.043428140097173e-16
1217,7.161090863499461e-10,1.82792748515361e-15,6.767029213390766e-16
1218,7.238157667385785e-10,1.800748031221138e-15,7.191426550932582e-16
1219,7.255644050965034e-10,1.741163587751015e-15,6.96729548507884e-16
1220,6.993167727762277e-10,1.673278798838437e-15,6.08045017425048e-16
1221,6.79924309905529e-10,1.667251197657555e-15,5.719124885773268e-16
1222,6.8395960779949e-10,1.745981659219449e-15,6.404177967777968e-16
1223,6.897470680319818e-10,1.728588872448295e-15,6.841732514360763e-16
1224,6.958931263555684e-10,1.672160932437015e-15,6.734334559497541e-16
1225,6.723597690615615e-10,1.609074803929268e-15,5.921687028109319e-16
1226,6.526292735289921e-10,1.588783777395699e-15,5.419783093055286e-16
1227,6.536515374714654e-10,1.664126389648463e-15,6.046698801860034e-16
1228,6.569504264244597e-10,1.661543243727341e-15,6.505784177253715e-16
1229,6.663915672351337e-10,1.605164815509866e-15,6.497545531237311e-16
1230,6.468324158690355e-10,1.544821966628035e-15,5.767002938711032e-16
1231,6.261442499662891e-10,1.517372062528338e-15,5.159143392326876e-16
1232,6.246079627187533e-10,1.583938843491277e-15,5.703091909794667e-16
1233,6.277166305502624e-10,1.592765743571158e-15,6.18172125564506e-16
1234,6.382670811729107e-10,1.54102507030845e-15,6.263540273009424e-16
1235,6.211078985250495e-10,1.485084437553612e-15,5.612652518713002e-16
1236,6.008506903791205e-10,1.450304231516323e-15,4.948188726156422e-16
1237,5.97363130974355e-10,1.507342004676935e-15,5.373943873258591e-16
1238,6.017646344980106e-10,1.524288220041969e-15,5.880811259491131e-16
1239,6.111957099858523e-10,1.481265423608494e-15,6.027631326399973e-16
1240,5.965673258543165e-10,1.427195869818572e-15,5.460750965161778e-16
1241,5.76761470992443e-10,1.388319698726869e-15,4.770313186954922e-16
1242,5.708969898089248e-10,1.436645870526074e-15,5.068334096036686e-16
1243,5.753219780180886e-10,1.460058214614419e-15,5.587717998196615e-16
1244,5.852364367316579e-10,1.423013230773755e-15,5.788400482474653e-16
1245,5.730464157479253e-10,1.368946764504711e-15,5.303549686246968e-16
1246,5.543054753525445e-10,1.329147567616116e-15,4.611200236100212e-16
1247,5.464494871738246e-10,1.368313984911187e-15,4.779606685737048e-16
1248,5.503939179944633e-10,1.400989210096757e-15,5.303834977669187e-16
1249,5.586270732252621e-10,1.365225270909438e-15,5.546871417428157e-16
1250,5.507784818184625e-10,1.314953212170014e-15,5.144632928425863e-16
1251,5.31971006460366e-10,1.272278796390486e-15,4.461426400553955e-16
1252,5.223917296026884e-10,1.30060931439247e-15,4.516179108401175e-16
1253,5.261907370209135e-10,1.340194565840981e-15,5.033136497435163e-16
1254,5.338863240670003e-10,1.311060248996018e-15,5.302782717574165e-16
1255,5.292318718803041e-10,1.264693955905885e-15,4.990445967446827e-16
1256,5.104656550484532e-10,1.218679195685007e-15,4.325632663583272e-16
1257,4.998058161950823e-10,1.233735586845215e-15,4.273116123964176e-16
1258,5.038385066920096e-10,1.282254777715139e-15,4.776201546604271e-16
1259,5.103646789706501e-10,1.259073120857056e-15,5.058266341915493e-16
1260,5.083891851516671e-10,1.215697348780816e-15,4.83635502836459e-16
1261,4.904671372435292e-10,1.169023263577722e-15,4.205400534833035e-16
1262,4.786168738104867e-10,1.172827042986961e-15,4.043557425053182e-16
1263,4.82290146642756e-10,1.224605291852385e-15,4.528108252915336e-16
1264,4.870195552648415e-10,1.20737416664786e-15,4.816370377092419e-16
1265,4.890063059350298e-10,1.168006107865209e-15,4.6816120752845e-16
1266,4.720262213242501e-10,1.122345798429421e-15,4.092073008779636e-16
1267,4.585925270428048e-10,1.116292088421209e-15,3.827846423504262e-16
1268,4.606555150821773e-10,1.169378003134519e-15,4.282963945658134e-16
1269,4.639594741765859e-10,1.159428897524466e-15,4.58160520401871e-16
1270,4.689973881994808e-10,1.121770885949449e-15,4.523450552617027e-16
1271,4.539760478250504e-10,1.079263509020521e-15,3.985449776597365e-16
1272,4.403444816294498e-10,1.064451914420115e-15,3.62992232727739e-16
1273,4.405112318988412e-10,1.113801605910052e-15,4.043066004099574e-16
1274,4.423162360228221e-10,1.114130527737809e-15,4.356200467869472e-16
1275,4.48713613595822e-10,1.076788714563267e-15,4.36381113155407e-16
1276,4.368421532715944e-10,1.036088391738543e-15,3.880979923790134e-16
1277,4.226287810706306e-10,1.016531745683205e-15,3.460320877943562e-16
1278,4.210058897626653e-10,1.060332663209968e-15,3.812285158723204e-16
1279,4.232839016391123e-10,1.067678362760036e-15,4.140154636278903e-16
1280,4.302525818107407e-10,1.034232660502696e-15,4.205225118995486e-16
1281,4.192171365527484e-10,9.963271653514883e-16,3.776667883342384e-16
1282,4.058526286068772e-10,9.717093245853957e-16,3.322915151095176e-16
1283,4.026743258144235e-10,1.009123415355635e-15,3.592454002642808e-16
1284,4.055970809973749e-10,1.021620418383678e-15,3.938136660757024e-16
1285,4.125977915132977e-10,9.941682185380239e-16,4.045131344863443e-16
1286,4.025425090731018e-10,9.571492170947826e-16,3.673484989465136e-16
1287,3.89398071300363e-10,9.304032387487902e-16,3.20572754915704e-16
1288,3.849210044091434e-10,9.619598136702613e-16,3.388695019548867e-16
1289,3.877980572203725e-10,9.791381122012516e-16,3.740839437223201e-16
1290,3.949347245514496e-10,9.546341503125673e-16,3.883125208141849e-16
1291,3.868567561396606e-10,9.180774045775595e-16,3.566246177696695e-16
1292,3.744408570788729e-10,8.908076487597436e-16,3.099441598727437e-16
1293,3.68610808393164e-10,9.15849666776568e-16,3.195608145448332e-16
1294,3.710599690364316e-10,9.38968274598702e-16,3.550270730418334e-16
1295,3.768216882319742e-10,9.1600600209313e-16,3.719354439536522e-16
1296,3.721105634997758e-10,8.824939078435393e-16,3.459589917161622e-16
1297,3.594485166917881e-10,8.526940389851268e-16,2.999745567233137e-16
1298,3.52367617710243e-10,8.702725840582169e-16,3.022336330230638e-16
1299,3.549514801392001e-10,8.979446358349482e-16,3.36995917187006e-16
1300,3.602905072157787e-10,8.796845057988048e-16,3.554300890778443e-16
1301,3.573523741800401e-10,8.487435007563715e-16,3.355130564299176e-16
1302,3.44985766171694e-10,8.17178476665924e-16,2.910426236688281e-16
1303,3.374167727785694e-10,8.251873032797589e-16,2.859807207196729e-16
1304,3.403156359538184e-10,8.590321342036072e-16,3.197021936536302e-16
1305,3.442847288865622e-10,8.445788577568893e-16,3.388874250840195e-16
1306,3.43712205353429e-10,8.158019235976298e-16,3.251378240704092e-16
1307,3.315500240732348e-10,7.837148542232537e-16,2.829937153569067e-16
1308,3.23339134349165e-10,7.849620671820024e-16,2.706658410847476e-16
1309,3.257179026526559e-10,8.20463314529576e-16,3.030338426736124e-16
1310,3.284647826307761e-10,8.097567053565084e-16,3.226043818912831e-16
1311,3.306659468265973e-10,7.836229898861415e-16,3.145797730558661e-16
1312,3.191182217171658e-10,7.529769887403362e-16,2.75448516721535e-16
1313,3.102115911767664e-10,7.473783583883838e-16,2.563557355639866e-16
1314,3.113094559785855e-10,7.8311842382765e-16,2.865051961117846e-16
1315,3.129654191187728e-10,7.780369609190437e-16,3.068574372639822e-16
1316,3.172745584165403e-10,7.52647325714754e-16,3.03879441949141e-16
1317,3.072046807963351e-10,7.23847480748893e-16,2.682656757002603e-16
1318,2.978886381691127e-10,7.130670417062117e-16,2.432936701521663e-16
1319,2.977888921384438e-10,7.455662088051855e-16,2.704149689368013e-16
1320,2.987438032919054e-10,7.47061900714712e-16,2.917234736321361e-16
1321,3.037295048520508e-10,7.226254149575313e-16,2.931144576378493e-16
1322,2.956226202805028e-10,6.948509507470293e-16,2.612067336830847e-16
1323,2.859993107400989e-10,6.809166268408991e-16,2.322358347381136e-16
1324,2.848639048549007e-10,7.098865699297882e-16,2.549364494898354e-16
1325,2.863814136329579e-10,7.156802159053282e-16,2.773471376545758e-16
1326,2.911177900504949e-10,6.942360087730762e-16,2.823699328959473e-16
1327,2.838963463073932e-10,6.684216890224018e-16,2.54183667982573e-16
1328,2.747562491659909e-10,6.511884133629838e-16,2.2325308424161e-16
1329,2.72662757917725e-10,6.754984265643201e-16,2.403100111415082e-16
1330,2.744171766412106e-10,6.84824390410195e-16,2.637740619891731e-16
1331,2.791698980064639e-10,6.674245250873804e-16,2.715113626442549e-16
1332,2.727221554896463e-10,6.419695377219844e-16,2.471486879398368e-16
1333,2.639408838774772e-10,6.234685957256694e-16,2.155331370609265e-16
1334,2.60906307232711e-10,6.440544007218362e-16,2.266778159667825e-16
1335,2.624102831148038e-10,6.567125324331105e-16,2.505230783892099e-16
1336,2.670595488077592e-10,6.405188612849775e-16,2.605406585243093e-16
1337,2.622855045120226e-10,6.158805395084063e-16,2.398468238429507e-16
1338,2.538888737145712e-10,5.969844971054313e-16,2.084170706943762e-16
1339,2.49852760186454e-10,6.12959186249856e-16,2.138629583785682e-16
1340,2.513467543163167e-10,6.292943712131218e-16,2.377536946933761e-16
1341,2.549226044796253e-10,6.147769637441544e-16,2.494313226660455e-16
1342,2.52356516503885e-10,5.923334921573666e-16,2.327083902880336e-16
1343,2.438786610457959e-10,5.715270810491097e-16,2.017732839305709e-16
1344,2.38942719572275e-10,5.82282725871605e-16,2.023618412606086e-16
1345,2.404978134281871e-10,6.017843267794156e-16,2.257154275770626e-16
1346,2.440273536911538e-10,5.904495956275625e-16,2.382928398922543e-16
1347,2.426155774085056e-10,5.697351335614712e-16,2.256299886262201e-16
1348,2.343079673696567e-10,5.479705326415658e-16,1.959112287536437e-16
1349,2.290452539310285e-10,5.522005308227994e-16,1.915165683331684e-16
1350,2.305838968177299e-10,5.754950432073959e-16,2.140846532050554e-16
1351,2.33271500987604e-10,5.666611902260159e-16,2.271068916424828e-16
1352,2.335622857498545e-10,5.476657449071879e-16,2.186273001438478e-16
1353,2.25515881676495e-10,5.256209826986049e-16,1.905131778362696e-16
1354,2.195196394741241e-10,5.255090049203201e-16,1.813002595713595e-16
1355,2.207156912082283e-10,5.496934896728143e-16,2.028650802397385e-16
1356,2.225572116916309e-10,5.433677458158412e-16,2.161437156949785e-16
1357,2.246786193164014e-10,5.261409028437995e-16,2.114594211064178e-16
1358,2.170471226650277e-10,5.052563560917819e-16,1.854815536670717e-16
1359,2.10868558040354e-10,5.004385545766763e-16,1.718113540293945e-16
1360,2.111113640430305e-10,5.2446181991757e-16,1.917368746363126e-16
1361,2.120661098256768e-10,5.222440835007786e-16,2.055709542953391e-16
1362,2.154787898522089e-10,5.053125689852591e-16,2.042075324700904e-16
1363,2.089416802168507e-10,4.855623739102618e-16,1.806498685083135e-16
1364,2.026173628747692e-10,4.777187325740701e-16,1.632274310018457e-16
1365,2.020553278086646e-10,4.992392208633255e-16,1.809597243106655e-16
1366,2.027486473212684e-10,5.011134830368054e-16,1.954385700489408e-16
1367,2.06435687087001e-10,4.852343487805135e-16,1.969503419012803e-16
1368,2.009573895395508e-10,4.66267610703057e-16,1.75871275524184e-16
1369,1.946910840902792e-10,4.563545841908031e-16,1.560304322869482e-16
1370,1.934859251126481e-10,4.752809602265058e-16,1.705830154760786e-16
1371,1.945695370389227e-10,4.798505598413739e-16,1.858851676019018e-16
1372,1.979099827693508e-10,4.662194995651236e-16,1.896684081289368e-16
1373,1.932512008357246e-10,4.48595338629013e-16,1.711425807779384e-16
1374,1.871626842728828e-10,4.365230622234548e-16,1.501310962940975e-16
1375,1.85308658284085e-10,4.524913406285705e-16,1.608710025815149e-16
1376,1.864267637773192e-10,4.592744709063485e-16,1.767568300783028e-16
1377,1.898513708768842e-10,4.482409412897941e-16,1.823036274906957e-16
1378,1.858732616948622e-10,4.307466258177398e-16,1.663561856200802e-16
1379,1.799231080736111e-10,4.179844610690902e-16,1.450213914454992e-16
1380,1.775601363825397e-10,4.312703210451504e-16,1.517648159440234e-16
1381,1.784713071874927e-10,4.405960976526574e-16,1.678632854777824e-16
1382,1.815800102915813e-10,4.300095563227172e-16,1.748652425898604e-16
1383,1.789822982768557e-10,4.134541944365219e-16,1.614051650065282e-16
1384,1.730282542749916e-10,4.00191687595368e-16,1.402445398759387e-16
1385,1.701511198706245e-10,4.103280311478887e-16,1.432611936507299e-16
1386,1.710096707903197e-10,4.218977253514518e-16,1.593100638773191e-16
1387,1.73531636920019e-10,4.128432042593542e-16,1.673607967519411e-16
1388,1.723102603033812e-10,3.978049431789656e-16,1.566184388088714e-16
1389,1.662542290429998e-10,3.832514817356764e-16,1.358434336302369e-16
1390,1.629574018254056e-10,3.896785460075183e-16,1.35613775823721e-16
1391,1.638656878412286e-10,4.035787758401518e-16,1.512630554015061e-16
1392,1.661804258318116e-10,3.965416121663744e-16,1.598243495887305e-16
1393,1.656388885574144e-10,3.826991995190828e-16,1.518255682614768e-16
1394,1.598787171719813e-10,3.676132056910187e-16,1.319627974493483e-16
1395,1.563758488719957e-10,3.698542932596172e-16,1.28386041789424e-16
1396,1.572771631853889e-10,3.857266006678323e-16,1.434728148276466e-16
1397,1.588603344437993e-10,3.804005061708476e-16,1.52279973746347e-16
1398,1.596042438377927e-10,3.67914095595939e-16,1.470964577121553e-16
1399,1.540886288131973e-10,3.52725687334777e-16,1.283502054237148e-16
1400,1.499640727243076e-10,3.520101707763179e-16,1.215819744026071e-16
1401,1.506162494669555e-10,3.6842800760093e-16,1.359000590768089e-16
1402,1.515886977373448e-10,3.649492233594301e-16,1.449047731174819e-16
1403,1.534829703128942e-10,3.535274884886236e-16,1.422397563725062e-16
1404,1.485394061710915e-10,3.39258697901519e-16,1.249973789874821e-16
1405,1.441892483534206e-10,3.353062896265903e-16,1.15303264859346e-16
1406,1.442582752020311e-10,3.513871565226426e-16,1.284151690481513e-16
1407,1.445836537961293e-10,3.507807352240616e-16,1.37825396708928e-16
1408,1.471795766151507e-10,3.395793143591955e-16,1.373157339578616e-16
1409,1.432203497016414e-10,3.259372369907552e-16,1.217499009564963e-16
1410,1.38593588091374e-10,3.20194538098506e-16,1.09692200618286e-16
1411,1.382120360254311e-10,3.344572760294277e-16,1.211948251820818e-16
1412,1.385030641015234e-10,3.363956591535792e-16,1.310260599268148e-16
1413,1.411175674955354e-10,3.261426106410061e-16,1.324080655473694e-16
1414,1.379304268300297e-10,3.132688114098682e-16,1.185167405707984e-16
1415,1.33239448715261e-10,3.059920496886227e-16,1.050022934277168e-16
1416,1.324926035990769e-10,3.184092011014254e-16,1.142588043627003e-16
1417,1.330497638215768e-10,3.219685204361565e-16,1.246935674164495e-16
1418,1.353858096901793e-10,3.134934384474741e-16,1.274808747442435e-16
1419,1.327344540338684e-10,3.013320567346253e-16,1.153321737651456e-16
1420,1.281779735384163e-10,2.928783334502269e-16,1.011100948759385e-16
1421,1.269532568352491e-10,3.033293325069216e-16,1.078001403726967e-16
1422,1.27585661963919e-10,3.083320221534115e-16,1.185331276838507e-16
1423,1.299228998342044e-10,3.013282967812404e-16,1.225089392693258e-16
1424,1.277282732830411e-10,2.893339305053643e-16,1.120675443429687e-16
1425,1.235504269987249e-10,2.804884225817066e-16,9.769547535757679e-17
1426,1.217651543742507e-10,2.890498465690997e-16,1.017304220826015e-16
1427,1.223854521920551e-10,2.958404785390223e-16,1.125823510098897e-16
1428,1.242679124080094e-10,2.890585072271455e-16,1.174627908333002e-16
1429,1.23039010974255e-10,2.778566185224379e-16,1.08728668322028e-16
1430,1.189969670050546e-10,2.685615840999942e-16,9.449810075633412e-17
1431,1.167179892126456e-10,2.74889388973649e-16,9.611950055282416e-17
1432,1.173023853787758e-10,2.831494566236922e-16,1.068666911311906e-16
1433,1.189854879829919e-10,2.775866416775152e-16,1.123851735996191e-16
1434,1.184959709512167e-10,2.674657536483997e-16,1.054995098824116e-16
1435,1.145372189556678e-10,2.573184103705954e-16,9.157520893712135e-17
1436,1.119744462226169e-10,2.609908646697059e-16,9.102317252208186e-17
1437,1.125758687206991e-10,2.709196835170808e-16,1.014790123653599e-16
1438,1.139764830999639e-10,2.666095062475964e-16,1.072973199661597e-16
1439,1.139972168873278e-10,2.573799734033708e-16,1.02275108049123e-16
1440,1.103432345138557e-10,2.469139311198458e-16,8.902497481483019e-17
1441,1.075592658305549e-10,2.479682330588027e-16,8.621471666333565e-17
1442,1.08097955462178e-10,2.588094504532132e-16,9.626427229664676e-17
1443,1.090353952342902e-10,2.557016880306948e-16,1.0220599790345e-16
1444,1.099211150074365e-10,2.474671733681197e-16,9.9061298982789e-17
1445,1.065035715888735e-10,2.370679805492622e-16,8.660798857939151e-17
1446,1.033645838653337e-10,2.360660648087605e-16,8.170056097027807e-17
1447,1.036490919812263e-10,2.472307502219341e-16,9.11457318288204e-17
1448,1.041087163562201e-10,2.454116488386317e-16,9.72301066278328e-17
1449,1.056562912396291e-10,2.378360097711647e-16,9.576418811115137e-17
1450,1.027240830273571e-10,2.281076722359078e-16,8.436926766674158e-17
1451,9.958009040444644e-11,2.250252337517405e-16,7.7552060395464e-17
1452,9.940211291735994e-11,2.356963996822736e-16,8.611695185838321e-17
1453,9.952548304878607e-11,2.35892875354322e-16,9.251495121509069e-17
1454,1.014524312395089e-10,2.284907385632825e-16,9.243638236624494e-17
1455,9.909548351534406e-11,2.191574354142545e-16,8.216957876727622e-17
1456,9.592923179176868e-11,2.149298529720536e-16,7.388786816972313e-17
1457,9.533662201282354e-11,2.243991300459914e-16,8.12796217122646e-17
1458,9.551778531635448e-11,2.26147758841025e-16,8.798073371350513e-17
1459,9.744691800377281e-11,2.194990666598317e-16,8.912930899799798e-17
1460,9.541033287393077e-11,2.108224633979923e-16,7.99809121890726e-17
1461,9.241183106563624e-11,2.054843205344717e-16,7.081336886430693e-17
1462,9.155746318991635e-11,2.13596053463918e-16,7.66553135902616e-17
1463,9.192840261603698e-11,2.164298896857133e-16,8.375917575714864e-17
1464,9.360730094408313e-11,2.110880342256798e-16,8.579492273482702e-17
1465,9.190791690880259e-11,2.027679160822658e-16,7.78318609386468e-17
1466,8.903417600380751e-11,1.968125916371627e-16,6.823164685286024e-17
1467,8.787527847591029e-11,2.036592189310064e-16,7.236417041277464e-17
1468,8.825542129556606e-11,2.073319140108947e-16,7.962082860494989e-17
1469,8.982077497757654e-11,2.02853615532247e-16,8.242144833999983e-17
1470,8.851925110386264e-11,1.946770754718786e-16,7.560684394324338e-17
1471,8.591921336538764e-11,1.885654818082693e-16,6.595556490195769e-17
1472,8.449164410793912e-11,1.940458606555871e-16,6.831948341328876e-17
1473,8.480988489341246e-11,1.989700777624797e-16,7.56266846460234e-17
1474,8.596746395544556e-11,1.94662826610346e-16,7.90056144993855e-17
1475,8.531235413776639e-11,1.871915553144153e-16,7.335765703249268e-17
1476,8.280447657088303e-11,1.80617382141975e-16,6.382193537138705e-17
1477,8.112102146164511e-11,1.845348069363989e-16,6.462757055189441e-17
1478,8.144198669461116e-11,1.903710697055508e-16,7.181523061028733e-17
1479,8.244710850625894e-11,1.869618204870717e-16,7.558364544699324e-17
1480,8.228104391519187e-11,1.802162042571913e-16,7.117963501342728e-17
1481,7.978700818515796e-11,1.731359265588373e-16,6.188885824723333e-17
1482,7.803242295356384e-11,1.75155103427707e-16,6.123660273166717e-17
1483,7.833143055547466e-11,1.821878891266782e-16,6.819044221069396e-17
1484,7.910339148065327e-11,1.795658937226642e-16,7.213022053416723e-17
1485,7.925400066507466e-11,1.734253603484146e-16,6.900758850995835e-17
1486,7.696113893267947e-11,1.66216220322063e-16,6.017455082751407e-17
1487,7.508806821022845e-11,1.66635467991194e-16,5.804290287696873e-17
1488,7.533728393418304e-11,1.740619419265403e-16,6.470917712615317e-17
1489,7.572274117841358e-11,1.722123826755126e-16,6.869208316598959e-17
1490,7.651423246572344e-11,1.667979419235158e-16,6.683577186066487e-17
1491,7.434207261598559e-11,1.597211980835881e-16,5.856450517432465e-17
1492,7.227817260677433e-11,1.587375766683815e-16,5.506555058739152e-17
1493,7.241898462802684e-11,1.662677980794349e-16,6.127443903963088e-17
1494,7.238490349844613e-11,1.653756813878042e-16,6.535210590904646e-17
1495,7.364847612549561e-11,1.603509330577791e-16,6.460938056261026e-17
1496,7.173931716250447e-11,1.537300349657313e-16,5.705845388932761e-17
1497,6.976618910170912e-11,1.514501204463299e-16,5.233498554122752e-17
1498,6.961677930019865e-11,1.584444704088829e-16,5.790714753613726e-17
1499,6.94165797176002e-11,1.589595571390326e-16,6.22133318385798e-17
1500,7.079583118018366e-11,1.540642712763518e-16,6.235563755997655e-17
1501,6.935070830686875e-11,1.477395267145809e-16,5.557824084731807e-17
1502,6.726094310406006e-11,1.44697997055796e-16,4.994170338237148e-17
1503,6.69355704151998e-11,1.509239538400328e-16,5.466725907090588e-17
1504,6.679037653828205e-11,1.523746238044155e-16,5.918445958150816e-17
1505,6.811605223666933e-11,1.481000876321422e-16,6.011832492227827e-17
1506,6.68701255333773e-11,1.422399242878247e-16,5.4104221231999e-17
1507,6.489858744386824e-11,1.38410085280825e-16,4.791741392945126e-17
1508,6.434867335882396e-11,1.437328652140045e-16,5.158289152151777e-17
1509,6.438792204414195e-11,1.458668731674958e-16,5.637281919736038e-17
1510,6.551792721106459e-11,1.424715658844387e-16,5.786662014093225e-17
1511,6.444761855744575e-11,1.368158416726267e-16,5.264723540814976e-17
1512,6.263690465576413e-11,1.326797437876427e-16,4.619651824675785e-17
1513,6.187314608286054e-11,1.371147337476859e-16,4.87337320735933e-17
1514,6.18938132078697e-11,1.398461669922865e-16,5.360676063582941e-17
1515,6.292542210290118e-11,1.368830851393736e-16,5.557519211142901e-17
1516,6.221404713433045e-11,1.314028771044004e-16,5.1132273694889e-17
1517,6.053966826598602e-11,1.271715528811166e-16,4.466045795599672e-17
1518,5.95963053836676e-11,1.306507943460071e-16,4.603797898663779e-17
1519,5.958664086342788e-11,1.341588851877282e-16,5.093317390876703e-17
1520,6.029945127786266e-11,1.314165589610917e-16,5.325810878877771e-17
1521,6.012935537734604e-11,1.264713054645645e-16,4.96266082969304e-17
1522,5.840053219277135e-11,1.218570512323528e-16,4.323946651435574e-17
1523,5.735418728406571e-11,1.24273106476025e-16,4.361587021737834e-17
1524,5.734387590478714e-11,1.28367888794926e-16,4.839670862102987e-17
1525,5.800012082319624e-11,1.262855398915798e-16,5.094449514307575e-17
1526,5.80547196833134e-11,1.217967672934375e-16,4.816254731490451e-17
1527,5.638235587374574e-11,1.169202579345112e-16,4.196751450972615e-17
1528,5.524236763892743e-11,1.179908743160284e-16,4.13630057010034e-17
1529,5.524362665348213e-11,1.228831195892229e-16,4.596605892405982e-17
1530,5.568431754442678e-11,1.212988251949813e-16,4.859197149394239e-17
1531,5.605353831163435e-11,1.172335564128933e-16,4.670000091656097e-17
1532,5.448625609438921e-11,1.122851587514737e-16,4.082185920723866e-17
1533,5.326602487288703e-11,1.124014133227043e-16,3.925253933429067e-17
1534,5.333799037521534e-11,1.174536561458464e-16,4.363857460002596e-17
1535,5.336261293058525e-11,1.163435452605769e-16,4.627628399287594e-17
1536,5.420437969568896e-11,1.127587005115935e-16,4.521288878904471e-17
1537,5.269006975946001e-11,1.080269048275386e-16,3.974294363395152e-17
1538,5.141665253970679e-11,1.071921568145065e-16,3.729291828156158e-17
1539,5.138179212652201e-11,1.121926216941319e-16,4.130473421876761e-17
1540,5.112682112260682e-11,1.118387336708121e-16,4.403856125592123e-17
1541,5.223074604337538e-11,1.08441511723219e-16,4.370657124698915e-17
1542,5.103159362652808e-11,1.039957267423894e-16,3.873392208988419e-17
1543,4.970008987486713e-11,1.023908047067887e-16,3.55047787642521e-17
1544,4.951701263681077e-11,1.069164096817134e-16,3.905951193502517e-17
1545,4.917302617110638e-11,1.074599290754926e-16,4.195598723993296e-17
1546,5.027989716639007e-11,1.042542422010049e-16,4.219347803536846e-17
1547,4.937116918260941e-11,9.998430079710828e-17,3.772924177074165e-17
1548,4.802152397663451e-11,9.78497405234969e-17,3.393990454357317e-17
1549,4.768162950168605e-11,1.019118603373491e-16,3.690311735754058e-17
1550,4.746495032379553e-11,1.030260422211852e-16,3.995155037011046e-17
1551,4.842825404842628e-11,1.002765226402504e-16,4.068420955873506e-17
1552,4.772243975680337e-11,9.632851425619299e-17,3.67369660316668e-17
1553,4.647579203791214e-11,9.36905459275475e-17,3.259748431663654e-17
1554,4.602331293783663e-11,9.710387915232807e-17,3.486102114501141e-17
1555,4.590552010125551e-11,9.866114637603038e-17,3.806431055064574e-17
1556,4.666805591219374e-11,9.650654092108194e-17,3.914867967258719e-17
1557,4.612611800924779e-11,9.267877985142694e-17,3.574817031065205e-17
1558,4.49303117673785e-11,8.986014436467931e-17,3.144942215071739e-17
1559,4.435963636046911e-11,9.270042457346729e-17,3.295809691826742e-17
1560,4.425493856946927e-11,9.469535898875912e-17,3.621959024384375e-17
1561,4.485044128935402e-11,9.270512591371733e-17,3.758060922970357e-17
1562,4.462755888168183e-11,8.905786297726498e-17,3.471729789292567e-17
1563,4.350311412112013e-11,8.618830724597536e-17,3.040745371357081e-17
1564,4.28737377548058e-11,8.837722175854879e-17,3.117387802418073e-17
1565,4.274755894803322e-11,9.083328146285507e-17,3.442674216648405e-17
1566,4.312645635974259e-11,8.908258355393275e-17,3.602749749553203e-17
1567,4.325185113037687e-11,8.58152506796715e-17,3.370938199771787e-17
1568,4.204071870851075e-11,8.264813763080402e-17,2.945178177179518e-17
1569,4.134178564659342e-11,8.411662618123903e-17,2.959397918161163e-17
1570,4.118616370294479e-11,8.69557767816976e-17,3.276627326568184e-17
1571,4.156079148942108e-11,8.564507820801342e-17,3.444232415717521e-17
1572,4.180929640993357e-11,8.268849829881784e-17,3.27209250274591e-17
1573,4.071298523915513e-11,7.936967117377484e-17,2.860736226903767e-17
1574,3.996287142307949e-11,7.995266305158547e-17,2.809403152852505e-17
1575,3.983717939411906e-11,8.32529918095867e-17,3.114149143156035e-17
1576,4.000721787349693e-11,8.22805230547927e-17,3.287845101460421e-17
1577,4.049424659806812e-11,7.962700327965197e-17,3.172923676107755e-17
1578,3.945979567469234e-11,7.626945631916282e-17,2.783223956996541e-17
1579,3.862769841335216e-11,7.631089311618569e-17,2.67062549486458e-17
1580,3.846891649966306e-11,7.962835462715584e-17,2.958020394090673e-17
1581,3.843645768274243e-11,7.897555520186226e-17,3.13201427420123e-17
1582,3.916620682048338e-11,7.662363739564541e-17,3.072982735830157e-17
1583,3.832056939633305e-11,7.345676801985854e-17,2.711120849346644e-17
1584,3.739173566302151e-11,7.284412504989008e-17,2.541957761844065e-17
1585,3.72280250292628e-11,7.608447270173623e-17,2.802053855819624e-17
1586,3.687263338747418e-11,7.597540960767902e-17,2.974779812132657e-17
1587,3.778493399101988e-11,7.371867079657158e-17,2.971500708142415e-17
1588,3.718691621766239e-11,7.07353869404081e-17,2.642888502279882e-17
1589,3.62609592102319e-11,6.965030885113317e-17,2.424772040027902e-17
1590,3.598075596750719e-11,7.25632826774836e-17,2.652981740760597e-17
1591,3.562037360511081e-11,7.301562524385528e-17,2.843801343637832e-17
1592,3.64610291138679e-11,7.092608234717261e-17,2.868273453048075e-17
1593,3.605766405383241e-11,6.806869022831091e-17,2.57601470861693e-17
1594,3.510558263439483e-11,6.665354868285176e-17,2.322885646197253e-17
1595,3.478610410495701e-11,6.922679680461377e-17,2.506385897586492e-17
1596,3.451607132042731e-11,7.001622336272383e-17,2.708020218549691e-17
1597,3.523683121046188e-11,6.826280485675424e-17,2.766710297724395e-17
1598,3.492451208611416e-11,6.564062246110122e-17,2.509421424861533e-17
1599,3.404878226890496e-11,6.389001437278542e-17,2.233575111959539e-17
1600,3.365201841295012e-11,6.603945763744581e-17,2.371898294062233e-17
1601,3.345540804859418e-11,6.712899631872252e-17,2.582686424237514e-17
1602,3.399398493363679e-11,6.573332343937902e-17,2.662725400120655e-17
1603,3.385247143519206e-11,6.316468027451218e-17,2.440314322910171e-17
1604,3.303091967455946e-11,6.133062643741718e-17,2.156742875628102e-17
1605,3.259637537258471e-11,6.310302408441787e-17,2.245825610467138e-17
1606,3.23672107893885e-11,6.449984648472771e-17,2.459736293440001e-17
1607,3.276266235253518e-11,6.317160841839421e-17,2.556395194019518e-17
1608,3.282675535296048e-11,6.07676894888702e-17,2.371176450867178e-17
1609,3.208100845470637e-11,5.882991261938884e-17,2.086010670023802e-17
1610,3.155487174339378e-11,6.020263833839956e-17,2.128717269955612e-17
1611,3.132021754140667e-11,6.187387791658832e-17,2.340429486775236e-17
1612,3.157919965262334e-11,6.075210413861725e-17,2.447922859122072e-17
1613,3.185506594640862e-11,5.859903771346457e-17,2.305157412847117e-17
1614,3.112892658713447e-11,5.64634599112185e-17,2.021475166226708e-17
1615,3.055218221731177e-11,5.737767274841385e-17,2.023708493404179e-17
1616,3.035196957065384e-11,5.930507678148644e-17,2.229579749715715e-17
1617,3.047500422453168e-11,5.845309736942839e-17,2.343688758569241e-17
1618,3.08814591465984e-11,5.649531223718592e-17,2.237011973186701e-17
1619,3.024273624915969e-11,5.427883154414341e-17,1.963469964008585e-17
1620,2.962996522025405e-11,5.466013786583096e-17,1.926552227517052e-17
1621,2.944539494706841e-11,5.680610618643857e-17,2.121895705847295e-17
1622,2.941890757507293e-11,5.617842629827509e-17,2.233535090664193e-17
1623,2.998026130510403e-11,5.44455876816287e-17,2.170597674235393e-17
1624,2.943069860343711e-11,5.222083285942234e-17,1.912836611462044e-17
1625,2.873841777448443e-11,5.225494121945823e-17,1.835126124204216e-17
1626,2.85481995907684e-11,5.438085324358062e-17,2.01504353783991e-17
1627,2.833007983816791e-11,5.398036760002698e-17,2.125218808693739e-17
1628,2.902486513668012e-11,5.244912618615131e-17,2.103467658623086e-17
1629,2.862549324187855e-11,5.034191082155782e-17,1.864691177660027e-17
1630,2.795234382356811e-11,4.99547472186338e-17,1.750746034479844e-17
1631,2.772046839987555e-11,5.199282823658238e-17,1.913810595319616e-17
1632,2.731563997862014e-11,5.197317669491567e-17,2.024101551529507e-17
1633,2.808430926846789e-11,5.048983361864741e-17,2.03290526990618e-17
1634,2.784270078640475e-11,4.850443443800401e-17,1.819207798802461e-17
1635,2.716113926923527e-11,4.783411774451197e-17,1.675563039115458e-17
1636,2.685280239135957e-11,4.964493096264979e-17,1.813621797068571e-17
1637,2.648859090580755e-11,4.998286578253252e-17,1.941929579365819e-17
1638,2.715254308355546e-11,4.862188816898568e-17,1.962465120147202e-17
1639,2.710415054635674e-11,4.675392087376871e-17,1.773772818618088e-17
1640,2.643670000551259e-11,4.583371082229578e-17,1.608448072467629e-17
1641,2.610198251540008e-11,4.743065045971341e-17,1.719348251328475e-17
1642,2.576917245087633e-11,4.796187248230201e-17,1.852161688953439e-17
1643,2.632935004277283e-11,4.686092196712354e-17,1.893216739461684e-17
1644,2.633038535835169e-11,4.5091213145693e-17,1.729442055472371e-17
1645,2.570415968462954e-11,4.400154491411216e-17,1.548626131636414e-17
1646,2.536064850280155e-11,4.533905246167391e-17,1.629440898006051e-17
1647,2.502841995316497e-11,4.60423663411907e-17,1.764189911333001e-17
1648,2.549285714099941e-11,4.51536233949209e-17,1.82103734405048e-17
1649,2.555082428416826e-11,4.34304220486416e-17,1.682028198071764e-17
1650,2.506759598235778e-11,4.22662456624691e-17,1.49707410712122e-17
1651,2.461431462248381e-11,4.337702682671287e-17,1.54624180634584e-17
1652,2.437229346219071e-11,4.432386994984479e-17,1.685644236452034e-17
1653,2.46107879404969e-11,4.342499671377219e-17,1.745870092441416e-17
1654,2.483743930622186e-11,4.183793879274177e-17,1.635797196743875e-17
1655,2.438434425060455e-11,4.05879157937376e-17,1.447243788629969e-17
1656,2.396976883238772e-11,4.144053097517662e-17,1.470151308274879e-17
1657,2.369461436520938e-11,4.254891112201005e-17,1.605086359874922e-17
1658,2.381801243314714e-11,4.180932022053603e-17,1.680204864337204e-17
1659,2.41838758285218e-11,4.038880318280028e-17,1.589436001358682e-17
1660,2.375956279870538e-11,3.900420125703599e-17,1.403442167922295e-17
1661,2.33155225458038e-11,3.955150770876316e-17,1.401606308218744e-17
1662,2.303962696099728e-11,4.08296389449709e-17,1.530451975356136e-17
1663,2.303926840682262e-11,4.026468179423023e-17,1.604522593142795e-17
1664,2.353793478689142e-11,3.898899630864599e-17,1.544377139500783e-17
1665,2.316512372147783e-11,3.754186281783833e-17,1.366070677696985e-17
1666,2.266182522118697e-11,3.780200165706112e-17,1.337960335897582e-17
1667,2.249856905829638e-11,3.916258409672381e-17,1.461904919567067e-17
1668,2.233574581053922e-11,3.872782424306025e-17,1.533141476525618e-17
1669,2.284562350018021e-11,3.761302777072789e-17,1.500495376616419e-17
1670,2.261913982611582e-11,3.61641775605138e-17,1.330977719402928e-17
1671,2.209961288212068e-11,3.619628813736607e-17,1.277297816607281e-17
1672,2.188192826090748e-11,3.755112567791601e-17,1.392920114374775e-17
1673,2.158554350898455e-11,3.728051608670701e-17,1.455174788234862e-17
1674,2.218216833253454e-11,3.627173258099199e-17,1.453296023854724e-17
1675,2.206093355580147e-11,3.490450148901708e-17,1.29822891936883e-17
1676,2.157355167957149e-11,3.468376915060849e-17,1.22412588296242e-17
1677,2.135244193745924e-11,3.59364816515948e-17,1.32213528963728e-17
1678,2.09135240164091e-11,3.593758656698469e-17,1.383680624487578e-17
1679,2.154859509583525e-11,3.497920609245126e-17,1.405775626745241e-17
1680,2.147415078384727e-11,3.365456432557386e-17,1.268275821712562e-17
1681,2.106547952587087e-11,3.327086011987075e-17,1.173696797596674e-17
1682,2.073881113574554e-11,3.438517514311823e-17,1.254554568880938e-17
1683,2.040023212027305e-11,3.46002884342874e-17,1.339379808871836e-17
1684,2.090361227632737e-11,3.370559140492549e-17,1.355989706698933e-17
1685,2.098147409489936e-11,3.248989068056731e-17,1.236183839558578e-17
1686,2.054726214578694e-11,3.194028732074479e-17,1.130602395737746e-17
1687,2.027203509204818e-11,3.290940664701798e-17,1.190883532651878e-17
1688,1.990038395553499e-11,3.325049547403282e-17,1.281827758679434e-17
1689,2.031218106539138e-11,3.253588523432408e-17,1.307086495492093e-17
1690,2.039954904212286e-11,3.137635248610853e-17,1.208166222399088e-17
1691,2.006237665674603e-11,3.070052482953475e-17,1.089486945050307e-17
1692,1.983734315688092e-11,3.154851520488386e-17,1.135220499366703e-17
1693,1.939093973180329e-11,3.19800902996894e-17,1.223090232064642e-17
1694,1.970164955268792e-11,3.138284275990557e-17,1.260040508245108e-17
1695,1.989627698622557e-11,3.024718186376257e-17,1.175343833687391e-17
1696,1.963910672002638e-11,2.953408180389114e-17,1.053513281620734e-17
1697,1.938328658241077e-11,3.025165534133262e-17,1.082566005501109e-17
1698,1.895715632674434e-11,3.081324517446545e-17,1.166352540692162e-17
1699,1.909691195480006e-11,3.023083766682296e-17,1.207564311368117e-17
1700,1.941955852482237e-11,2.920989943239859e-17,1.142976591394888e-17
1701,1.917089159373022e-11,2.840770965129493e-17,1.018157906282015e-17
1702,1.892575896272117e-11,2.896979283625321e-17,1.032669691375342e-17
1703,1.849839650793625e-11,2.963381772285138e-17,1.112343834106906e-17
1704,1.852064835474178e-11,2.913466925169006e-17,1.158197485324963e-17
1705,1.895125429244164e-11,2.825256615692555e-17,1.113416200387056e-17
1706,1.872339037624929e-11,2.733655360447719e-17,9.916778155176341e-18
1707,1.846299252272175e-11,2.771512998905487e-17,9.890221387431373e-18
1708,1.806709089033492e-11,2.850547369214234e-17,1.068230972403172e-17
1709,1.795548954021355e-11,2.811553191466148e-17,1.110295789600397e-17
1710,1.844915099360033e-11,2.729401798820646e-17,1.078440584318595e-17
1711,1.832195759556063e-11,2.636028352449353e-17,9.683305103080657e-18
1712,1.807045877411386e-11,2.65738296073022e-17,9.454424342711428e-18
1713,1.772625313754759e-11,2.738502513576979e-17,1.020375669123851e-17
1714,1.748775361975011e-11,2.706964282717342e-17,1.059720262049667e-17
1715,1.807342707852749e-11,2.636797091031554e-17,1.047580209939538e-17
1716,1.791916394663641e-11,2.544082820946418e-17,9.44177544780415e-18
1717,1.762787812150121e-11,2.551937979538357e-17,9.059221734964663e-18
1718,1.735487105497951e-11,2.631678288207382e-17,9.7466541963519e-18
1719,1.696837920180107e-11,2.611007057920853e-17,1.004871270679e-17
1720,1.756833706383006e-11,2.547256759379488e-17,1.015468804575017e-17
1721,1.752098205579373e-11,2.45920885050275e-17,9.203772666839263e-18
1722,1.726094886479825e-11,2.449547218414023e-17,8.683950767177908e-18
1723,1.696309083157467e-11,2.524056574653197e-17,9.285775467360143e-18
1724,1.652666791038315e-11,2.521836951232971e-17,9.607884702744519e-18
1725,1.707710712250455e-11,2.459609808810548e-17,9.849492906971265e-18
1726,1.711065234254271e-11,2.375538678144568e-17,8.994595698287487e-18
1727,1.695707796421172e-11,2.356068998414453e-17,8.362446303986071e-18
1728,1.66081731340927e-11,2.421266753887393e-17,8.822634667831522e-18
1729,1.617726041563626e-11,2.42947656020746e-17,9.255291335134555e-18
1730,1.66104298982799e-11,2.3742050319174e-17,9.496613598227266e-18
1731,1.677689487124802e-11,2.299149775535099e-17,8.782300579091561e-18
1732,1.660271333291769e-11,2.265917886630454e-17,8.087930938777e-18
1733,1.626568792609918e-11,2.323605617194957e-17,8.394024492353499e-18
1734,1.589809193417632e-11,2.34155694875259e-17,9.010015730279086e-18
1735,1.619995898338026e-11,2.295808433527064e-17,9.132440668142793e-18
1736,1.638492101957033e-11,2.222696742793656e-17,8.5601568568792e-18
1737,1.627664165307713e-11,2.186016507273287e-17,7.839738501611178e-18
1738,1.596817286355664e-11,2.235482449420425e-17,8.050680187233814e-18
1739,1.556632504675208e-11,2.261499998193056e-17,8.629247443082422e-18
1740,1.575499271148626e-11,2.216590719269641e-17,8.792439201870243e-18
1741,1.599739325515941e-11,2.14684734661742e-17,8.31705029286891e-18
1742,1.590697729520283e-11,2.105594311060781e-17,7.572824357480249e-18
1743,1.570720982454001e-11,2.15002865361501e-17,7.702214869070803e-18
1744,1.53536986655288e-11,2.183401187102925e-17,8.263141777767216e-18
1745,1.533343443756777e-11,2.140775653312129e-17,8.494996058345131e-18
1746,1.569650186866489e-11,2.078457685437916e-17,8.109755714229468e-18
1747,1.562631065242056e-11,2.0296360717295e-17,7.349576841865427e-18
1748,1.536274357237058e-11,2.065351979027568e-17,7.381874588225754e-18
1749,1.503206291756847e-11,2.103599784234401e-17,7.892573280236136e-18
1750,1.497023607993257e-11,2.070759676863235e-17,8.220103084160815e-18
1751,1.536964227124822e-11,2.013015666340267e-17,7.884240208076922e-18
1752,1.52871440948211e-11,1.957618209324474e-17,7.147985482348989e-18
1753,1.508859069650876e-11,1.981394991167008e-17,7.10800874363168e-18
1754,1.475302592129885e-11,2.02865410029301e-17,7.564479951893172e-18
1755,1.455978517753878e-11,1.999550547416883e-17,7.843464934234688e-18
1756,1.500522872135306e-11,1.948652603903828e-17,7.690666864977388e-18
1757,1.496982467299048e-11,1.890990910309569e-17,6.963229248112601e-18
1758,1.483470309026448e-11,1.90688261371019e-17,6.825062671214153e-18
1759,1.451015724095837e-11,1.954308659244242e-17,7.25152877076435e-18
1760,1.413724504250494e-11,1.930152809723237e-17,7.380508464035344e-18
1761,1.463619615760677e-11,1.88569347280366e-17,7.44919231997017e-18
1762,1.47940519814347e-11,1.831192793822515e-17,6.823561810297761e-18
1763,1.450892235336715e-11,1.837708793269712e-17,6.570775680744311e-18
1764,1.425225909649377e-11,1.884012817376038e-17,6.95757265960326e-18
1765,1.3784660206172e-11,1.868755506742277e-17,7.039527637396449e-18
1766,1.436058094140474e-11,1.825127995736518e-17,7.204418294587966e-18
1767,1.446163333258402e-11,1.773627572139389e-17,6.672227971970386e-18
1768,1.433106273965987e-11,1.772203941095012e-17,6.357678534983428e-18
1769,1.403340238515954e-11,1.812245755713463e-17,6.685274168735317e-18
1770,1.35446224630097e-11,1.807535667303528e-17,6.773707865581301e-18
1771,1.393200467477463e-11,1.766179828190561e-17,7.00083208525063e-18
1772,1.421004982967451e-11,1.717299772873277e-17,6.518315076993524e-18
1773,1.409201004900815e-11,1.707538139951025e-17,6.135778885589751e-18
1774,1.37925376749303e-11,1.745221267270356e-17,6.410290050335352e-18
1775,1.328400663631582e-11,1.746784074733565e-17,6.498009220174462e-18
1776,1.36975002842444e-11,1.710549501088834e-17,6.848465517442544e-18
1777,1.386438671141048e-11,1.66463467607768e-17,6.347820234198938e-18
1778,1.381661118044574e-11,1.648339034336668e-17,5.946398470934532e-18
1779,1.360029934236051e-11,1.682067691308271e-17,6.144781879754898e-18
1780,1.322026453470493e-11,1.687767067330348e-17,6.422095774022147e-18
1781,1.332649217583748e-11,1.657830383286081e-17,6.583944834752402e-18
1782,1.370510017897035e-11,1.613653603785171e-17,6.212563555292703e-18
1783,1.359402152590494e-11,1.59252078177942e-17,5.747903828888678e-18
1784,1.333442704095991e-11,1.62451398357956e-17,5.897193346667982e-18
1785,1.305843839670998e-11,1.635887005405707e-17,6.221859327670218e-18
1786,1.299030156603383e-11,1.604397932722136e-17,6.326994739911815e-18
1787,1.335911292008133e-11,1.560793001364366e-17,6.033320033356285e-18
1788,1.344548951851369e-11,1.540572415877564e-17,5.599174895557996e-18
1789,1.321213059912419e-11,1.567598783674347e-17,5.669722920502986e-18
1790,1.276031233119312e-11,1.582203824506125e-17,5.933545917864443e-18
1791,1.274511995427468e-11,1.553082108840413e-17,6.110732508142788e-18
1792,1.314146852367357e-11,1.515188580969691e-17,5.894102838155563e-18
1793,1.309907430589165e-11,1.488519569108503e-17,5.428512793829779e-18
1794,1.2964233931194e-11,1.510485243745186e-17,5.456396453839784e-18
1795,1.258860927750832e-11,1.531425731947499e-17,5.763792948294374e-18
1796,1.24526586663198e-11,1.505984258816277e-17,5.853884052136264e-18
1797,1.276272110278937e-11,1.470831907710122e-17,5.712035755785058e-18
1798,1.292689051223321e-11,1.44199861828569e-17,5.322601037524697e-18
1799,1.276514659155363e-11,1.456144044280596e-17,5.255680201123968e-18
1800,1.242256841206332e-11,1.480789563995238e-17,5.533996785925711e-18
1801,1.210760511954193e-11,1.457147838046989e-17,5.514913686362729e-18
1802,1.257630689012975e-11,1.428035961971062e-17,5.633464966227256e-18
1803,1.272322767919544e-11,1.395926106177789e-17,5.168326989134226e-18
1804,1.255043985046549e-11,1.4075996072476e-17,5.103885098548338e-18
1805,1.223792367170514e-11,1.433468873752196e-17,5.346664898152834e-18
1806,1.183961327337329e-11,1.413641847034616e-17,5.263749700209297e-18
1807,1.232089451347816e-11,1.386368548175449e-17,5.468118916670087e-18
1808,1.24940755016333e-11,1.355279414630442e-17,5.065664304321533e-18
1809,1.239893278725942e-11,1.361169120261733e-17,4.936846900732901e-18
1810,1.221394348816362e-11,1.386249011129195e-17,5.132743045498937e-18
1811,1.168567006040731e-11,1.373745636550691e-17,5.059970812781004e-18
1812,1.205935931941262e-11,1.34578406101718e-17,5.330988313903973e-18
1813,1.23847238039554e-11,1.315811864886955e-17,4.943832610499358e-18
1814,1.214864945290844e-11,1.31678689517634e-17,4.775463921831831e-18
1815,1.190149546677561e-11,1.338799640118836e-17,4.953832566806003e-18
1816,1.148422874066023e-11,1.331251631999271e-17,4.947792472397068e-18
1817,1.172465218166532e-11,1.3045507629965e-17,5.126062409328374e-18
1818,1.202819807309258e-11,1.276136746995604e-17,4.823545123857346e-18
1819,1.209097559471477e-11,1.275170114469327e-17,4.654036487359633e-18
1820,1.182882960587397e-11,1.296208151486634e-17,4.764137201610449e-18
1821,1.130668543655003e-11,1.292678279514387e-17,4.687340419390011e-18
1822,1.162131598602367e-11,1.271099905145811e-17,5.066410750573972e-18
1823,1.185552109341589e-11,1.24112754523357e-17,4.73102818389947e-18
1824,1.194625059369186e-11,1.2355491549688e-17,4.522815444911954e-18
1825,1.159197435678129e-11,1.25291282995437e-17,4.569402174441655e-18
1826,1.136845354186255e-11,1.254324379799746e-17,4.759437617552783e-18
1827,1.133363546950989e-11,1.232163628801729e-17,4.789863934378348e-18
1828,1.166244433236547e-11,1.204399277692372e-17,4.599157457991127e-18
1829,1.181474673301445e-11,1.198878046079912e-17,4.406854174628919e-18
1830,1.15187195255943e-11,1.215279618765696e-17,4.429480094457937e-18
1831,1.111823412103669e-11,1.217479573958138e-17,4.533175853405896e-18
1832,1.112169261658737e-11,1.194365067220715e-17,4.646389990454908e-18
1833,1.141114480590963e-11,1.169790128822217e-17,4.491559029961125e-18
1834,1.170038525668181e-11,1.163006758470091e-17,4.300520809765689e-18
1835,1.136877473375366e-11,1.176920630938437e-17,4.2771516632993e-18
1836,1.115757443572397e-11,1.185607323154201e-17,4.496693146005354e-18
1837,1.106097797152746e-11,1.164490712500018e-17,4.524853476880866e-18
1838,1.123714875124147e-11,1.142417090699399e-17,4.418954286024087e-18
1839,1.147147576620688e-11,1.128318245059459e-17,4.173559598830592e-18
1840,1.127781353016989e-11,1.140931417211775e-17,4.090077105440407e-18
1841,1.090962712713663e-11,1.149259703280955e-17,4.298740375163804e-18
1842,1.060029291836856e-11,1.129445103009059e-17,4.17469993312508e-18
1843,1.108255873521883e-11,1.11152484421059e-17,4.339959913062267e-18
1844,1.129300526499304e-11,1.096212847884033e-17,4.093071299686956e-18
1845,1.11052105982794e-11,1.103870430539715e-17,3.975364318659077e-18
1846,1.088189791591354e-11,1.119451695657743e-17,4.205580147538089e-18
1847,1.050070706384943e-11,1.100805482255264e-17,4.06187505505527e-18
1848,1.090424479109927e-11,1.082767976368058e-17,4.261248790199823e-18
1849,1.104044775107811e-11,1.064378996148203e-17,3.932413220052687e-18
1850,1.106761511346831e-11,1.073264047281894e-17,3.8326713662878e-18
1851,1.070154167175252e-11,1.086256135612052e-17,4.070450687104776e-18
1852,1.028331872914513e-11,1.070009617434087e-17,3.88369583392642e-18
1853,1.061452916831403e-11,1.052702071785992e-17,4.127304805349294e-18
1854,1.092483520899669e-11,1.035615839806405e-17,3.864106731999599e-18
1855,1.099935689382009e-11,1.042651668897378e-17,3.786103593777456e-18
1856,1.064748806173994e-11,1.056003151875104e-17,3.939616423924923e-18
1857,1.022096960490662e-11,1.044635344762863e-17,3.804980438096044e-18
1858,1.039468666393979e-11,1.023288491731838e-17,3.968920313903226e-18
1859,1.067406996978856e-11,1.008469087581593e-17,3.764610767755881e-18
1860,1.072227005265883e-11,1.011597594610255e-17,3.617277541936012e-18
1861,1.064352363697661e-11,1.026835867618699e-17,3.854388141169991e-18
1862,1.015116091640185e-11,1.018310555608324e-17,3.712295757343627e-18
1863,1.029065339956631e-11,9.979428026343216e-18,3.877058460715494e-18
1864,1.057819781731573e-11,9.84127400711145e-18,3.730276968832064e-18
1865,1.070185114408668e-11,9.839139543273745e-18,3.543991288352876e-18
1866,1.044719332926413e-11,9.975606885754303e-18,3.702426633110565e-18
1867,9.967652358138377e-12,9.90492468299809e-18,3.565176301983916e-18
1868,1.006448369279262e-11,9.71443639987756e-18,3.698753495590016e-18
1869,1.025682009604386e-11,9.578946973603613e-18,3.654545434195211e-18
1870,1.053929683169959e-11,9.57309767451597e-18,3.460441075995858e-18
1871,1.035587591783407e-11,9.701986273960409e-18,3.56393402820256e-18
1872,9.913644839295154e-12,9.655394888412594e-18,3.508253399852344e-18
1873,9.720583527358683e-12,9.464606675871462e-18,3.430610954204109e-18
1874,1.016865096700613e-11,9.34627666980127e-18,3.58009449344514e-18
1875,1.038004728249858e-11,9.313832427131455e-18,3.322294271341555e-18
1876,1.016983329943879e-11,9.440918615101087e-18,3.509248103044169e-18
1877,9.820852096837539e-12,9.41710314384055e-18,3.405104705361331e-18
1878,9.640341015466725e-12,9.233838620368541e-18,3.352009465843927e-18
1879,1.008773206544431e-11,9.12708348414236e-18,3.561699518450962e-18
1880,1.046478369127837e-11,9.04492016374423e-18,3.369282764051116e-18
1881,1.015181663337294e-11,9.150926419494971e-18,3.376996715828661e-18
1882,9.660343121217328e-12,9.10972784637072e-18,3.179691938282876e-18
1883,9.571164167618581e-12,8.903488897630843e-18,3.305219944727715e-18
1884,9.445750603707312e-12,8.69371570252702e-18,3.16583241328086e-18
1885,1.013242389227682e-11,8.688437785982203e-18,3.157232507860812e-18
1886,1.020634995233493e-11,8.766291657741389e-18,3.175861289362139e-18
1887,9.7927494460443e-12,8.766555499819086e-18,3.214634609233269e-18
1888,9.384305501181164e-12,8.585922865961637e-18,3.101147355696934e-18
1889,9.326679827591001e-12,8.401727941932708e-18,3.061226692590893e-18
1890,1.000254492315723e-11,8.370444476832152e-18,3.172670874296749e-18
1891,1.021958435391498e-11,8.384667866289833e-18,3.131617311115754e-18
1892,9.64894574825002e-12,8.335339420011687e-18,3.061982417815449e-18
1893,9.196064744200552e-12,8.121473510883912e-18,2.913335311340887e-18
1894,8.965785308773293e-12,7.944770236718763e-18,2.806378313641517e-18
1895,9.616983761906965e-12,7.908008134517104e-18,3.039226794571755e-18
1896,9.955001937298248e-12,7.931022609736912e-18,2.85453344084055e-18
1897,9.539538023295778e-12,7.942370903850578e-18,2.976978772079131e-18
1898,9.611540004020266e-12,7.732738650186554e-18,3.024773015845552e-18
1899,9.100071123211158e-12,7.492830573188069e-18,2.821914924220959e-18
1900,9.285260544153564e-12,7.426909950458e-18,2.77196851296741e-18
1901,9.574905504219612e-12,7.428578702320205e-18,2.73333618905771e-18
1902,9.554675229645004e-12,7.414025405061162e-18,2.867551886154854e-18
1903,9.361883410887825e-12,7.268605634474853e-18,2.816202056541302e-18
1904,8.742141326766807e-12,7.030531957251935e-18,2.529550525460695e-18
1905,8.873113041642813e-12,6.902540114508463e-18,2.662784954624447e-18
1906,9.161267654176119e-12,6.876353043529445e-18,2.487812039233594e-18
1907,9.384762518204039e-12,6.900275784774095e-18,2.612138015017152e-18
1908,9.236614744708573e-12,6.818511228400943e-18,2.687532607978721e-18
1909,8.663225276469114e-12,6.594369103996205e-18,2.400932616269497e-18
1910,8.752017396353425e-12,6.464858660455619e-18,2.501455474333382e-18
1911,8.666437460330692e-12,6.381140425671474e-18,2.435319958077677e-18
1912,8.99183374277942e-12,6.401453349718406e-18,2.334762741341179e-18
1913,9.013426916815262e-12,6.404409146534492e-18,2.517703728160995e-18
1914,8.58879696074832e-12,6.208098546523973e-18,2.347688067969205e-18
1915,8.25576658203025e-12,6.044192250014576e-18,2.177621863182863e-18
1916,8.61097314495223e-12,6.026908216340793e-18,2.216856744509788e-18
1917,8.808147348367079e-12,6.006342779132712e-18,2.205847202195857e-18
1918,8.595681743722655e-12,5.966239812047089e-18,2.245048565263459e-18
1919,8.266549652275433e-12,5.843257592693801e-18,2.135710405055734e-18
1920,7.85295646050938e-12,5.716096408490537e-18,1.861218302965316e-18
1921,7.87685122690275e-12,5.625478347143281e-18,1.885874840637616e-18
1922,8.479774554427016e-12,5.680268188929218e-18,2.219720932756859e-18
1923,8.704172783211308e-12,5.655268455138304e-18,2.119585448393334e-18
1924,8.543929601008744e-12,5.609796446329737e-18,2.209435243797025e-18
1925,8.035747380643862e-12,5.46023523296407e-18,1.906939386265631e-18
1926,8.313083165019759e-12,5.416620112204749e-18,2.021425098442164e-18
1927,8.57288349636663e-12,5.404972435011096e-18,2.06856006661187e-18
1928,8.092193543430636e-12,5.364983993058234e-18,1.863986244694353e-18
1929,7.898491889763003e-12,5.292108161856884e-18,1.850126836249599e-18
1930,7.57178932893028e-12,5.200904805377141e-18,1.664278130345138e-18
1931,7.313165117340667e-12,5.141114322468711e-18,1.543722499030785e-18
1932,7.84499946769247e-12,5.147549840269789e-18,1.932692896715177e-18
1933,8.571336016599245e-12,5.180058719481836e-18,1.981247793800755e-18
1934,8.247162357252664e-12,5.139777728183855e-18,1.938311914675876e-18
1935,7.850032710542973e-12,5.037028606490573e-18,1.748808574946064e-18
1936,7.959818934682959e-12,5.014140277505893e-18,1.873514076202629e-18
1937,7.697470297362531e-12,4.915783044621369e-18,1.824912318627305e-18
1938,7.472360512317002e-12,4.855738853087675e-18,1.621947972833981e-18
1939,7.78228555363449e-12,4.837154229856255e-18,1.780046167231125e-18
1940,7.898615584873649e-12,4.764910515740016e-18,1.751307206335836e-18
1941,7.90026233929455e-12,4.664482572408376e-18,1.8273551204459e-18
1942,7.537996027878225e-12,4.599485930013295e-18,1.630198939109587e-18
1943,7.78336264897838e-12,4.589558866796956e-18,1.719490022140345e-18
1944,7.628509809965406e-12,4.530260921224023e-18,1.673640068500917e-18
1945,7.23634660328322e-12,4.448700383152666e-18,1.383732796470534e-18
1946,7.490750524196917e-12,4.423744184492283e-18,1.576135872134566e-18
1947,7.540645003401643e-12,4.359153407798586e-18,1.614943114863442e-18
1948,7.282824714731735e-12,4.301300100190406e-18,1.468687030117341e-18
1949,7.249599300009515e-12,4.320605773058497e-18,1.511766996629347e-18
1950,7.536960161546724e-12,4.314738069916493e-18,1.62113136577446e-18
1951,7.242598413093527e-12,4.234726519833647e-18,1.421266630970732e-18
1952,7.003874772712803e-12,4.179146761913227e-18,1.290918297607649e-18
1953,6.83228799115659e-12,4.15226304659902e-18,1.275741017740783e-18
1954,6.569544986421327e-12,4.123380738969409e-18,1.114608472534336e-18
1955,7.038917913847674e-12,4.147283636918255e-18,1.392693964100865e-18
1956,6.90585085565864e-12,4.109071032603185e-18,1.299459266888494e-18
1957,7.199830046153337e-12,4.108541156308972e-18,1.417606754311593e-18
1958,6.909311929871806e-12,4.068750898899667e-18,1.315432469190385e-18
1959,6.756605202356412e-12,4.035261578991967e-18,1.225921533710262e-18
1960,6.654910388763297e-12,4.033329607518125e-18,1.197550863340375e-18
1961,6.542087629247359e-12,4.014867027764328e-18,1.090983750421775e-18
1962,7.177113744849357e-12,4.065767579856042e-18,1.462268957929074e-18
1963,6.739452804333867e-12,4.013294227383313e-18,1.220027170755299e-18
1964,6.897038224194672e-12,4.016243141237266e-18,1.366452828017814e-18
1965,6.606982654232348e-12,3.990122660716646e-18,1.169688524824606e-18
1966,6.735652367625068e-12,3.996320240582242e-18,1.244979806231953e-18
1967,6.636559892160893e-12,3.972514357885744e-18,1.130179788431401e-18
1968,6.930166689266205e-12,3.991602848946408e-18,1.352360267942758e-18
1969,7.088093771944816e-12,4.001227334405485e-18,1.428545749983631e-18
1970,6.598351362933394e-12,3.96317872265253e-18,1.153342173985123e-18
1971,6.709718732363169e-12,3.978189066209435e-18,1.259817209886269e-18
1972,7.119658645917736e-12,4.002349620856438e-18,1.44116084054618e-18
1973,7.012294513289123e-12,3.977865833865649e-18,1.359137284851705e-18
1974,6.88206216568234e-12,3.993354416645216e-18,1.347745998514923e-18
1975,6.931940621252019e-12,3.991928828479461e-18,1.363330434179834e-18
1976,6.82314578712756e-12,3.970894668292209e-18,1.307306588556218e-18
1977,7.172000443321936e-12,4.002061811343377e-18,1.494603986181939e-18
1978,6.678305336076097e-12,3.954225458723636e-18,1.171470138777963e-18
1979,7.075115485319736e-12,4.026770531463365e-18,1.44328217002587e-18
1980,6.832200899298418e-12,3.95713502874838e-18,1.259329393827353e-18
1981,6.839994160761296e-12,3.966601865082885e-18,1.298360304778022e-18
1982,6.831182981139217e-12,3.9623465259357e-18,1.346094718148937e-18
1983,6.859335881775352e-12,3.945509841216076e-18,1.305091069313613e-18
1984,6.551649902908076e-12,3.93495505030673e-18,1.155902238356562e-18
1985,6.601744467595905e-12,3.927711014372427e-18,1.182888754980276e-18
1986,6.788900404451314e-12,3.939774924456273e-18,1.276125321268295e-18
1987,6.804988951271513e-12,3.93668843274976e-18,1.26303762235862e-18
1988,7.1893569307917e-12,3.999071123972753e-18,1.467504033927297e-18
1989,6.850450873230793e-12,3.963517813936641e-18,1.218110518460181e-18
1990,6.752291488223769e-12,3.965468737518463e-18,1.259361337839259e-18
1991,6.721982278402166e-12,3.945597952828632e-18,1.272320097939063e-18
1992,6.815339199277897e-12,3.969112340892938e-18,1.272296250307508e-18
1993,7.051816417857997e-12,3.965983011272537e-18,1.431478617377247e-18
1994,7.077264472461587e-12,3.961977546148094e-18,1.397255244228947e-18
1995,6.721207216946589e-12,3.94759878490887e-18,1.248681938792132e-18
1996,6.707225103397894e-12,3.957160966108884e-18,1.220718030404848e-18
1997,6.833284985643181e-12,3.950262757409483e-18,1.309472790935252e-18
1998,6.793451474943739e-12,3.940631917036786e-18,1.289337600393084e-18
1999,7.04079543947778e-12,4.004963492872369e-18,1.33749447970304e-18
2000,7.163299870119874e-12,3.984528934051867e-18,1.399555849518418e-18
2001,6.596269793428975e-12,3.944311132357505e-18,1.089683993371138e-18
2002,6.783188984347893e-12,3.952035115532819e-18,1.30670108754829e-18
2003,6.624190624108713e-12,3.954740678294477e-18,1.163631577876428e-18
2004,6.614605577383958e-12,3.932741253530063e-18,1.190863560220262e-18
2005,6.775006765437821e-12,3.94694465087945e-18,1.262059061722397e-18
2006,6.95182506920645e-12,3.978311645306011e-18,1.353375238033589e-18
2007,7.102428243892414e-12,3.987118062526973e-18,1.389776795753347e-18
2008,6.599352124678827e-12,3.941976000849408e-18,1.13382337602097e-18
2009,6.768195387462518e-12,3.953156869559281e-18,1.326212615928141e-18
2010,6.519549798945278e-12,3.935654553633743e-18,1.112223805342469e-18
2011,6.84947552675758e-12,3.95929567370715e-18,1.352991433476048e-18
2012,6.764194079487543e-12,3.942411015787562e-18,1.225125070890059e-18
2013,6.800331333553125e-12,3.943016715089919e-18,1.312405884505207e-18
2014,6.506841217390022e-12,3.933941100867913e-18,1.102385399919399e-18
2015,6.67164933181456e-12,3.934490573726775e-18,1.247662879416258e-18
2016,6.821360077194654e-12,3.947969449448384e-18,1.265548036268533e-18
2017,6.54424019316204e-12,3.94047110835094e-18,1.140312444081517e-18
2018,6.845491537625356e-12,3.964429240144102e-18,1.324048869120423e-18
2019,6.557074323320692e-12,3.930846655257403e-18,1.112039157015467e-18
2020,6.896355087746148e-12,3.950086074209224e-18,1.364189116330678e-18
2021,6.723385430067712e-12,3.946912517543721e-18,1.2266324048211e-18
2022,6.50542287551294e-12,3.914568769496595e-18,1.136621692594309e-18
2023,6.974999582111868e-12,3.961973113772454e-18,1.390656401846207e-18
2024,6.494357475275102e-12,3.928666337938195e-18,1.077940668798369e-18
2025,6.836632653275376e-12,3.939074136474511e-18,1.335478305000942e-18
2026,6.55780280068423e-12,3.918697695186074e-18,1.127150488546671e-18
2027,6.596444707115965e-12,3.937286886209476e-18,1.184605520290785e-18
2028,6.607743759192167e-12,3.915119278802335e-18,1.138492754942244e-18
2029,6.612231146328581e-12,3.911715308047658e-18,1.165151353523753e-18
2030,6.631033281997732e-12,3.927534388960624e-18,1.182708779422135e-18
2031,6.434298021978612e-12,3.928210329119924e-18,1.039481211028058e-18
2032,6.554363086795156e-12,3.934580375181488e-18,1.191005917617879e-18
2033,6.576783588166483e-12,3.931400073462884e-18,1.140446148486507e-18
2034,6.918971620018918e-12,3.962830513322174e-18,1.354980784161184e-18
2035,6.595944913330554e-12,3.937088026067462e-18,1.155049102814073e-18
2036,6.936137384296421e-12,3.955436746965935e-18,1.370238377531622e-18
2037,6.599758028577893e-12,3.938873357228308e-18,1.168214441613731e-18
2038,6.651503347766194e-12,3.942810239482406e-18,1.210970821975882e-18
2039,6.475195198274926e-12,3.923019186113492e-18,1.114841599223833e-18
2040,6.66490163424696e-12,3.926022250552507e-18,1.206552277768333e-18
2041,6.658048763216832e-12,3.925493024933215e-18,1.23609778350088e-18
2042,6.90210961520571e-12,3.971437026506801e-18,1.28212620373748e-18
2043,6.64738183699054e-12,3.951482753568646e-18,1.197461082071456e-18
2044,6.532200584861102e-12,3.942884693476307e-18,1.144232364478219e-18
2045,6.574141751890304e-12,3.969656162404914e-18,1.177853138289991e-18
2046,6.56792765589195e-12,3.947102279558311e-18,1.151508072560541e-18
2047,6.746040581177174e-12,3.956138083842823e-18,1.250463274888029e-18
2048,6.287487396624128e-12,3.928920644308822e-18,9.69192908082863e-19
2049,6.742968945286643e-12,3.96505398422961e-18,1.244446309663756e-18
2050,6.783995448299405e-12,3.948114362662733e-18,1.274288427543051e-18
2051,6.937207028987144e-12,3.946327450403488e-18,1.35966155012063e-18
2052,6.661058350902268e-12,3.933177915746877e-18,1.193797333586335e-18
2053,6.688040746730774e-12,3.913147079192938e-18,1.206358508094642e-18
2054,7.08088089740819e-12,4.005249872136024e-18,1.380945177032488e-18
2055,6.624739074691165e-12,3.952760796171671e-18,1.126001788988861e-18
2056,6.787791965815392e-12,3.971309130143659e-18,1.299836728378765e-18
2057,6.600908417170286e-12,3.930240434358171e-18,1.184534243491897e-18
2058,6.833876639439209e-12,3.922332434538071e-18,1.321084706073188e-18
2059,6.621282233687741e-12,3.91677098784484e-18,1.12873611462219e-18
2060,6.795710403644344e-12,3.969921937478238e-18,1.244050885965418e-18
2061,7.232575235954281e-12,3.991107332242193e-18,1.42735982853248e-18
2062,7.123572126507046e-12,3.96331315176136e-18,1.37821228799467e-18
2063,6.700664545908871e-12,3.933610490689088e-18,1.163938532935149e-18
2064,6.624490172698062e-12,3.927139962090763e-18,1.157058646860868e-18
2065,6.415126712624173e-12,3.926292082253368e-18,1.088305647935851e-18
2066,6.565268445622766e-12,3.93874670324144e-18,1.108426632019362e-18
2067,6.523725325103476e-12,3.941038635908529e-18,1.107647851594479e-18
2068,6.434717537934897e-12,3.939841259589071e-18,1.056754724348943e-18
2069,6.457247230542718e-12,3.93501196211371e-18,1.067344326509905e-18
2070,6.65654909097432e-12,3.943682054355648e-18,1.166615964855228e-18
2071,6.563188263355921e-12,3.946554113157365e-18,1.130176965507914e-18
2072,6.481537424347039e-12,3.932789166959083e-18,1.084297217102054e-18
2073,6.954756783623357e-12,3.958364574166824e-18,1.361108975840734e-18
2074,6.452453030191277e-12,3.945500266613019e-18,1.043674026558742e-18
2075,6.576808256381674e-12,3.931777875166476e-18,1.184399526834927e-18
2076,6.653178863203896e-12,3.951897182323158e-18,1.173517842135139e-18
2077,6.40474971483005e-12,3.925062505566397e-18,1.055916543871853e-18
2078,6.948221235650339e-12,3.964250255734314e-18,1.334858605193704e-18
2079,6.466708514989811e-12,3.933908408139855e-18,9.985879558643597e-19
2080,6.507635036700855e-12,3.941053019904887e-18,1.145974656683107e-18
2081,6.312403482305494e-12,3.918731657102528e-18,1.001003197115943e-18
2082,6.921835695404655e-12,3.96500408014037e-18,1.309449922225465e-18
2083,6.952085705904221e-12,3.934230421637404e-18,1.31220222347546e-18
2084,6.931567957093739e-12,3.949377586913119e-18,1.291333583891145e-18
2085,7.022062886144436e-12,3.968906262890202e-18,1.343870440136439e-18
2086,6.65124563428193e-12,3.930695963663768e-18,1.142476966742871e-18
2087,6.943350198564537e-12,3.957174179337334e-18,1.368476547294857e-18
2088,6.34966497248912e-12,3.923223538395598e-18,9.902320049283385e-19
2089,6.891215285598464e-12,3.967333438174774e-18,1.336840246311305e-18
2090,6.682631575406923e-12,3.940979401002875e-18,1.206915672836082e-18
2091,6.855982791896597e-12,3.979613023701853e-18,1.283005254407862e-18
2092,7.035351921331007e-12,3.973095575959549e-18,1.356410640245164e-18
2093,6.775861494603723e-12,3.93943033739918e-18,1.228162205786505e-18
2094,6.770391545495918e-12,3.964109521477618e-18,1.318025092331485e-18
2095,6.557667758417667e-12,3.91430710082588e-18,1.146569185190806e-18
2096,6.790444040722597e-12,3.933720981367615e-18,1.303008322993142e-18
2097,6.449900143684098e-12,3.915469292886478e-18,1.061219073478163e-18
2098,6.805196062188544e-12,3.964251605579183e-18,1.281819625458906e-18
2099,6.443600870638354e-12,3.936513756773451e-18,1.053844479004429e-18
2100,6.702262228950716e-12,3.961380304988631e-18,1.25156137362416e-18
2101,6.15802413488549e-12,3.924873683869556e-18,9.279860152273933e-19
2102,6.74876085822516e-12,3.952229084513092e-18,1.275172018005196e-18
2103,6.375201688435857e-12,3.922684008628284e-18,1.028527580151827e-18
2104,6.389005139862411e-12,3.918219494676728e-18,1.055562092842098e-18
2105,6.805686121981233e-12,3.934474445471802e-18,1.294818369102855e-18
2106,6.598429262177933e-12,3.921041086283946e-18,1.143331079236971e-18
2107,6.666981022317266e-12,3.945249872793667e-18,1.231966510259976e-18
2108,6.323094026115067e-12,3.931314224234812e-18,9.88059878211027e-19
2109,6.59452528844823e-12,3.933887618537559e-18,1.191290278927747e-18
2110,7.019555146905506e-12,3.954407833722738e-18,1.358535980933015e-18
2111,7.007737333733004e-12,3.945474511959801e-18,1.360752302936115e-18
2112,6.439547184158028e-12,3.934022266242468e-18,1.018949482216729e-18
2113,6.631459981354582e-12,3.942640968404174e-18,1.165770744892718e-18
2114,6.425604507222857e-12,3.915620002978291e-18,1.041339572689951e-18
2115,6.913231288694447e-12,3.962079094573188e-18,1.22629575091652e-18
2116,7.07829647987889e-12,4.016796755839164e-18,1.382981338869777e-18
2117,7.037397539456989e-12,3.979200479018107e-18,1.334971236087564e-18
2118,6.758982798713962e-12,3.949356563964979e-18,1.266826148012789e-18
2119,6.636678430903043e-12,3.950688935455501e-18,1.220034469553498e-18
2120,6.604744905889565e-12,3.919084205563621e-18,1.153122837063208e-18
2121,7.132587580259762e-12,3.98973520337728e-18,1.418082309600971e-18
2122,7.188718157728796e-12,3.972354078379208e-18,1.429586829325235e-18
2123,6.703873822812173e-12,3.938764910620892e-18,1.145879257235377e-18
2124,6.686343496421953e-12,3.936059139762927e-18,1.218614826717388e-18
2125,6.807535235570575e-12,3.937681948880129e-18,1.275390115150122e-18
2126,7.159443209646957e-12,3.98612976000087e-18,1.419889365151738e-18
2127,6.785283349599991e-12,3.946784365104249e-18,1.214596129902752e-18
2128,7.107545092360346e-12,3.999526981633046e-18,1.447571615941722e-18
2129,6.733081178095255e-12,3.960560981261098e-18,1.178941921276635e-18
2130,6.561739835344886e-12,3.953499771895987e-18,1.154867563879008e-18
2131,6.980555587303248e-12,3.979109302041468e-18,1.419484772850916e-18
2132,6.69667197196377e-12,3.949340104695656e-18,1.216027015701134e-18
2133,6.959629349021805e-12,3.961222891194429e-18,1.417357763659622e-18
2134,6.730498459365576e-12,3.96484520996839e-18,1.207660219625659e-18
2135,6.706368816835212e-12,3.938320155344618e-18,1.256126152471417e-18
2136,6.944454000958617e-12,3.972619606625359e-18,1.355674921135054e-18
2137,6.729966786610543e-12,3.937994654029827e-18,1.239610546133649e-18
2138,6.860947632482788e-12,3.970608445496327e-18,1.302992121423968e-18
2139,6.529218074824951e-12,3.933664307188418e-18,1.142940087099688e-18
2140,6.781276349084433e-12,3.945319733307649e-18,1.296622881517803e-18
2141,6.566754661420873e-12,3.923634096419859e-18,1.159749857563966e-18
2142,6.833015919871676e-12,3.956263113462594e-18,1.31978117219716e-18
2143,6.816843802095703e-12,3.943877809735089e-18,1.272522773905729e-18
2144,6.699505375899833e-12,3.944897665505072e-18,1.253478851998686e-18
2145,6.605231619590242e-12,3.937524477501479e-18,1.184307489415594e-18
2146,6.781320367900625e-12,3.952773737795203e-18,1.267619743566863e-18
2147,6.753010053401043e-12,3.952207802170881e-18,1.21270544498538e-18
2148,6.773186472060633e-12,3.973522708297159e-18,1.277144968825976e-18
2149,6.789095977537585e-12,3.963526921439902e-18,1.266465757165237e-18
2150,6.64106411236759e-12,3.951783563191783e-18,1.208240043179143e-18
2151,6.746651317062342e-12,3.945854818288089e-18,1.29897688112951e-18
2152,6.957747843355813e-12,3.951247067861483e-18,1.339764863922099e-18
2153,6.480404899497276e-12,3.921116288158883e-18,1.064984742308592e-18
2154,6.778153102397713e-12,3.950280958009845e-18,1.277010325364618e-18
2155,6.426448125551709e-12,3.920530684333927e-18,1.060546340556168e-18
2156,6.882623127876981e-12,3.959214811961433e-18,1.318141747332459e-18
2157,6.766003653250423e-12,3.937809637194639e-18,1.241882729910352e-18
2158,6.584057190429625e-12,3.935103869008156e-18,1.130291236868956e-18
2159,6.803220234640356e-12,3.943371436023226e-18,1.290192826670091e-18
2160,6.47632989420432e-12,3.932950312014154e-18,1.064040876545373e-18
2161,6.724598218860951e-12,3.934131113220852e-18,1.252562701806143e-18
2162,6.428137036447564e-12,3.934410145090993e-18,1.072906870940887e-18
2163,6.476461706818814e-12,3.943466451207126e-18,1.106585775811161e-18
2164,6.637633231568407e-12,3.928305743806899e-18,1.198807462762462e-18
2165,6.540309200730114e-12,3.925232933504556e-18,1.11880255920516e-18
2166,6.516399111658738e-12,3.923842524624022e-18,1.130308167758526e-18
2167,6.886482758194596e-12,3.952302077857658e-18,1.358112081224662e-18
2168,6.923049064820569e-12,3.945163677579978e-18,1.347221553189857e-18
2169,6.752428760554381e-12,3.952006976913637e-18,1.192846666960893e-18
2170,6.967060284095768e-12,3.968214973170297e-18,1.359790884737664e-18
2171,6.535159904810289e-12,3.929274621232835e-18,1.102459754823121e-18
2172,6.966847205562528e-12,3.984676934152375e-18,1.394224232172788e-18
2173,6.467788428322626e-12,3.943562017130608e-18,1.059794243312143e-18
2174,6.835763076176527e-12,3.940656925191899e-18,1.330548852570578e-18
2175,6.79232472299852e-12,3.939475402489244e-18,1.273762733901924e-18
2176,6.704979474659094e-12,3.933014685479992e-18,1.218732547186037e-18
2177,6.803212642072959e-12,3.956761666515926e-18,1.223613626503115e-18
2178,6.561846611522617e-12,3.942452552697388e-18,1.126860634383278e-18
2179,6.719778435104708e-12,3.944043810092089e-18,1.236671719158075e-18
2180,6.592775420749357e-12,3.927851832619961e-18,1.184576258152406e-18
2181,6.867691871964704e-12,3.959722127558342e-18,1.296013703095646e-18
2182,6.778539386874028e-12,3.962956067890397e-18,1.284238935901799e-18
2183,6.899571194182077e-12,3.974725696986756e-18,1.335379498570648e-18
2184,6.860348099884155e-12,3.960773294357214e-18,1.305982212716872e-18
2185,6.804878479037643e-12,3.948181533943677e-18,1.302260164399107e-18
2186,6.743511808372898e-12,3.943919308468107e-18,1.273549562233345e-18
2187,6.67703850361231e-12,3.960310873262545e-18,1.205290727487238e-18
2188,6.644920078900676e-12,3.951613413840976e-18,1.179135720873864e-18
2189,6.522304465126991e-12,3.952769436658299e-18,1.137518212799236e-18
2190,6.769519594626965e-12,3.945111479398714e-18,1.216772712821306e-18
2191,6.854835166072957e-12,3.969672763911149e-18,1.320035860404258e-18
2192,6.796560638660247e-12,3.947893536052274e-18,1.260364741963226e-18
2193,6.54240674944977e-12,3.943167826735163e-18,1.139173629507323e-18
2194,6.664938870233127e-12,3.943836879502819e-18,1.218583104378692e-18
2195,6.799725629113813e-12,3.945628185145558e-18,1.311379432797579e-18
2196,6.54621918796619e-12,3.941744588643708e-18,1.127080742243021e-18
2197,6.673762609792592e-12,3.941164572434073e-18,1.242199585311778e-18
2198,6.609402259618627e-12,3.938226277799103e-18,1.149462236771692e-18
2199,7.053472172342182e-12,3.972963129039155e-18,1.425016485795339e-18
2200,6.478974126163718e-12,3.925055965471519e-18,1.058122015857269e-18
2201,6.701753338877406e-12,3.949682396513638e-18,1.260936788020368e-18
2202,6.575243362773344e-12,3.927614588839362e-18,1.133826843825128e-18
2203,6.154918843118307e-12,3.925144483594435e-18,9.080275680240515e-19
2204,6.715168189492372e-12,3.936112299578643e-18,1.219320133552127e-18
2205,7.073316402747948e-12,3.982214684845703e-18,1.412593133666533e-18
2206,6.835701683766214e-12,3.960026039059776e-18,1.210631952908214e-18
2207,6.724046765220215e-12,3.953209191459058e-18,1.265282251608055e-18
2208,6.636114136212804e-12,3.938274089140069e-18,1.211820712733387e-18
2209,6.486345612796217e-12,3.927943890264199e-18,1.105584165916269e-18
2210,6.540361436736021e-12,3.934443993632345e-18,1.146450472276492e-18
2211,6.542501182278426e-12,3.920209008582645e-18,1.09582366718073e-18
2212,6.392932336899533e-12,3.915771484647548e-18,1.030799583065616e-18
2213,6.739565206228919e-12,3.951143616237453e-18,1.250560643494517e-18
2214,6.654583628804123e-12,3.940993071207454e-18,1.137447473425842e-18
2215,6.912715263452844e-12,3.959578984772993e-18,1.363415013408271e-18
2216,6.668397010201696e-12,3.938488812079252e-18,1.190964425703509e-18
2217,6.765447448847211e-12,3.959721884461168e-18,1.265053243013218e-18
2218,6.648581095054702e-12,3.938589028490695e-18,1.208639945812641e-18
2219,6.73964528995147e-12,3.956345392594305e-18,1.255816239035096e-18
2220,6.463888271416449e-12,3.918237941844963e-18,1.096702712662139e-18
2221,6.608942672053784e-12,3.93125252868344e-18,1.175054238158657e-18
2222,6.624182872697558e-12,3.924770990167013e-18,1.18498575116438e-18
2223,6.425761914268557e-12,3.903690738738943e-18,1.039216733764055e-18
2224,6.83776777082576e-12,3.950424588670354e-18,1.319448658834043e-18
2225,6.391817032913898e-12,3.930320047847471e-18,1.021540787888487e-18
2226,6.746626823316596e-12,3.940170435412834e-18,1.264602233244685e-18
2227,6.409665007336009e-12,3.933466822077931e-18,1.038055742806768e-18
2228,6.78533162095783e-12,3.934760507997773e-18,1.261029263589306e-18
2229,6.654032848106236e-12,3.924875382396546e-18,1.181519609328653e-18
2230,6.904535642297235e-12,3.961135607531565e-18,1.300217449471883e-18
2231,6.915525948846919e-12,3.969798721577199e-18,1.328633047209209e-18
2232,6.487081250390824e-12,3.947798119731998e-18,1.088272879791763e-18
2233,6.64063371759232e-12,3.959603994220369e-18,1.211912658606756e-18
2234,6.459912419419364e-12,3.9297897697829e-18,1.112068513024339e-18
2235,6.505951592397227e-12,3.920600924269828e-18,1.125023033277499e-18
2236,6.688591884269004e-12,3.931604236283164e-18,1.219524592767991e-18
2237,6.978466284251426e-12,3.961833230253851e-18,1.356917523624362e-18
2238,6.482845013287292e-12,3.930037843440164e-18,1.059237504472606e-18
2239,6.659876666547268e-12,3.949704487328384e-18,1.213069570859142e-18
2240,6.870824019102542e-12,3.95049339232439e-18,1.266614421149443e-18
2241,6.963978933188797e-12,3.952231149461811e-18,1.361171536532203e-18
2242,6.710985353336819e-12,3.940044947561749e-18,1.17230068858239e-18
2243,6.964122603336807e-12,3.982944526479901e-18,1.375254124506492e-18
2244,6.706265781135971e-12,3.956181080713855e-18,1.21766816015935e-18
2245,6.834073700006485e-12,3.978098588640871e-18,1.311743300582145e-18
2246,6.609050167358474e-12,3.945203701529439e-18,1.175542988461991e-18
2247,6.726690912995901e-12,3.953724061558579e-18,1.228990394195829e-18
2248,6.906197245519003e-12,3.964183010880369e-18,1.369006921965732e-18
2249,6.923946118720838e-12,3.944365116564564e-18,1.325939158841041e-18
2250,6.415944512321715e-12,3.925237110588351e-18,1.021972387294207e-18
2251,6.939466814404204e-12,3.990988630796591e-18,1.377494279862753e-18
2252,6.710393207573796e-12,3.94872870672442e-18,1.234812049410183e-18
2253,6.916792314916825e-12,3.974545132579405e-18,1.373771614641048e-18
2254,6.594245095533011e-12,3.935201213047934e-18,1.179924111557854e-18
2255,6.951442137320929e-12,3.977778114928587e-18,1.386953473780096e-18
2256,6.506176003497697e-12,3.937243135266942e-18,1.100778584203396e-18
2257,6.731843031656086e-12,3.945483592202388e-18,1.226898073825969e-18
2258,6.521239170298674e-12,3.926532551367874e-18,1.129705793185085e-18
2259,6.351845553911296e-12,3.920456895566869e-18,1.040109344050832e-18
2260,6.609613725659353e-12,3.942039994294691e-18,1.181858028646777e-18
2261,6.679284108517382e-12,3.920266217741679e-18,1.210641826320877e-18
2262,6.760606102398896e-12,3.944116075990784e-18,1.236536836318912e-18
2263,6.42037464580046e-12,3.918563738513364e-18,1.044964695721757e-18
2264,6.694939547819082e-12,3.921206690688832e-18,1.235075018919922e-18
2265,6.276826656446702e-12,3.916545577408264e-18,9.744164971988499e-19
2266,6.390335018979805e-12,3.924017237452178e-18,1.053689859139029e-18
2267,6.782153774851557e-12,3.942909689726402e-18,1.281331317123357e-18
2268,6.49121712019049e-12,3.93437309042112e-18,1.064869298624146e-18
2269,6.921596293304287e-12,3.957696170669624e-18,1.346371986606739e-18
2270,6.567203761877351e-12,3.945829937919206e-18,1.111522512920286e-18
2271,6.656487180960261e-12,3.950205188252798e-18,1.213086472851164e-18
2272,6.803351211359927e-12,3.966722191976362e-18,1.293101539200946e-18
2273,6.806414799367665e-12,3.946160906349066e-18,1.244648639773438e-18
2274,6.872358297346682e-12,4.004680253361443e-18,1.301193809614221e-18
2275,6.738722990784484e-12,3.959327916284704e-18,1.217455510116657e-18
2276,6.865578915379923e-12,3.947578485061113e-18,1.270103876706033e-18
2277,6.921833670799544e-12,3.958040760924807e-18,1.373397182554202e-18
2278,6.743745548769312e-12,3.950672898010211e-18,1.229250522154491e-18
2279,6.681602007391187e-12,3.935881656901284e-18,1.232611907439977e-18
2280,6.748886261303994e-12,3.940204446279508e-18,1.237292500076596e-18
2281,6.703814550507667e-12,3.947543530510718e-18,1.23185615628944e-18
2282,6.635468515130153e-12,3.935593736815467e-18,1.171834323686137e-18
2283,6.666505571753064e-12,3.937589617853916e-18,1.197556269127663e-18
2284,7.069713923936948e-12,3.981438031850656e-18,1.413592732184505e-18
2285,6.791073545352128e-12,3.952581151103504e-18,1.23607956090319e-18
2286,6.964453746317012e-12,3.971484080100245e-18,1.416107696023768e-18
2287,6.875592702134908e-12,3.959445745155738e-18,1.331217218572267e-18
2288,6.49036990734546e-12,3.92349110648443e-18,1.104987477163023e-18
2289,6.72772521813318e-12,3.960600020988649e-18,1.261146883642341e-18
2290,6.827445612371566e-12,3.942274371591581e-18,1.284606919542446e-18
2291,7.053068027939292e-12,3.988507243631335e-18,1.412722599684719e-18
2292,6.616192250545349e-12,3.937422221928093e-18,1.1503827952037e-18
2293,6.813303044236091e-12,3.958779261569586e-18,1.338313847405982e-18
2294,6.546570228313136e-12,3.938269313947944e-18,1.141215436627847e-18
2295,6.67978944446496e-12,3.939528080024784e-18,1.237729999248835e-18
2296,6.969511618155758e-12,3.965947919597429e-18,1.357092826289416e-18
2297,6.762714645768819e-12,3.949603279128218e-18,1.262098118659402e-18
2298,7.005715623355208e-12,3.983862281695618e-18,1.387506809240833e-18
2299,6.764118773872742e-12,3.956194362557317e-18,1.269293821429734e-18
2300,6.83511918203364e-12,3.96139771198155e-18,1.333231016576748e-18
2301,6.825730042523646e-12,3.941939678255412e-18,1.321788304961106e-18
2302,6.686418685108489e-12,3.926693750474875e-18,1.205764153645576e-18
2303,6.688976746139882e-12,3.926540981083364e-18,1.236596009295833e-18
2304,6.82923966947737e-12,3.965338743413936e-18,1.302497287616657e-18
2305,6.915422148082815e-12,3.952873115632704e-18,1.344178158407582e-18
2306,6.594850840374029e-12,3.921806227485189e-18,1.144852345631413e-18
2307,6.850107293225395e-12,3.960901729172648e-18,1.316163925150979e-18
2308,6.457492791716548e-12,3.92806521632742e-18,1.075385525818375e-18
2309,6.878183429737816e-12,3.962761294066741e-18,1.313958626289877e-18
2310,6.43886008067782e-12,3.925639074280303e-18,1.081295163053017e-18
2311,6.488463769202137e-12,3.923139396483908e-18,1.124160406466576e-18
2312,6.787119682197049e-12,3.935312564452309e-18,1.286091744012741e-18
2313,6.5516411047034e-12,3.924117700188736e-18,1.112638608790086e-18
2314,6.858456953486226e-12,3.965729354965167e-18,1.301648136657812e-18
2315,6.642249595547653e-12,3.937803834370775e-18,1.166786234217508e-18
2316,6.926398233650525e-12,3.945586134402259e-18,1.3564280206695e-18
2317,6.332462318532288e-12,3.933220742633548e-18,9.763619769632312e-19
2318,6.734715687758905e-12,3.942647628355195e-18,1.262193572461185e-18
2319,6.681068133279373e-12,3.92328635576703e-18,1.194521220259319e-18
2320,6.620708636822136e-12,3.924305218209475e-18,1.181930914454679e-18
2321,6.581718885693897e-12,3.919496828288261e-18,1.1747327930154e-18
2322,6.84114612648525e-12,3.951037031341627e-18,1.294453880983182e-18
2323,6.610814566783434e-12,3.921253226589923e-18,1.159793369916335e-18
2324,6.55656220918937e-12,3.923821407031864e-18,1.139674877214294e-18
2325,6.865162578211383e-12,3.953814269348459e-18,1.30625572930652e-18
2326,6.905141459483635e-12,3.946390777823131e-18,1.25745126129083e-18
2327,6.832799028015509e-12,3.960359811722846e-18,1.322655599476896e-18
2328,6.500379030597368e-12,3.926964183415841e-18,1.123073380777904e-18
2329,6.691723373383115e-12,3.931909228919563e-18,1.229210859474778e-18
2330,6.994752168648855e-12,3.971582765917362e-18,1.368675069390994e-18
2331,6.685689284921571e-12,3.939493890189027e-18,1.204573307544326e-18
2332,6.896332819668579e-12,3.946167596467275e-18,1.348593809611687e-18
2333,6.735776975438405e-12,3.928406270801405e-18,1.240217804172158e-18
2334,6.776648346661859e-12,3.957968815181017e-18,1.271914975879125e-18
2335,7.077057276432691e-12,3.974022784433633e-18,1.400271658097743e-18
2336,6.948517927197962e-12,3.97069640256825e-18,1.315353740488903e-18
2337,6.720528870914818e-12,3.937302940717625e-18,1.265827230276975e-18
2338,6.621922427715713e-12,3.937487716332201e-18,1.180670166179639e-18
2339,6.632819404876886e-12,3.916222432415403e-18,1.194277004860845e-18
2340,6.764185620563694e-12,3.942659801152825e-18,1.281248227222647e-18
2341,7.198366882012786e-12,3.987597165917198e-18,1.492469494717608e-18
2342,6.873830011404662e-12,3.954518654714204e-18,1.315078387238608e-18
2343,6.798916937440711e-12,3.957190211620656e-18,1.291060625272431e-18
2344,6.790669739628673e-12,3.942244009307203e-18,1.294566103049044e-18
2345,6.769193517603866e-12,3.925493743707196e-18,1.220890837311479e-18
2346,6.624859808639775e-12,3.937376322063883e-18,1.18017417917991e-18
2347,6.653452208388204e-12,3.934253555548427e-18,1.167576687823597e-18
2348,6.586501180260328e-12,3.917950662331795e-18,1.143587721130534e-18
2349,6.622121679680516e-12,3.939386807348073e-18,1.187438910390937e-18
2350,6.588819866677199e-12,3.942037245975743e-18,1.138344359312981e-18
2351,6.516263479205916e-12,3.936430535760877e-18,1.115733992724895e-18
2352,7.045723577984012e-12,3.966682557288778e-18,1.403927789747854e-18
2353,6.749050296018104e-12,3.947422061693852e-18,1.216862926214762e-18
2354,6.778324917204636e-12,3.942150846511136e-18,1.28494406162707e-18
2355,6.788272215220426e-12,3.956166005160755e-18,1.299644274643467e-18
2356,6.644629987877774e-12,3.944057634436396e-18,1.199522090648977e-18
2357,6.609217402777331e-12,3.956941779797808e-18,1.202273806111185e-18
2358,6.506605783808191e-12,3.930225181221035e-18,1.138374458908899e-18
2359,6.59422790775196e-12,3.943662238731722e-18,1.190949857754023e-18
2360,6.237675721745559e-12,3.935688276884151e-18,9.56289424514982e-19
2361,6.959755150629132e-12,3.955778375299731e-18,1.388812002176315e-18
2362,6.683174600509537e-12,3.925252181883506e-18,1.167657830674298e-18
2363,6.665359071886746e-12,3.91921078667237e-18,1.243508899804305e-18
2364,6.457017951175052e-12,3.920879998742688e-18,1.096745670471338e-18
2365,6.679083382431319e-12,3.918044774016906e-18,1.227350733298066e-18
2366,6.45984522927479e-12,3.914870631140505e-18,1.070702023770723e-18
2367,6.904727051947936e-12,3.970940985195394e-18,1.342964336221794e-18
2368,6.727614121015678e-12,3.949058023593347e-18,1.213454915334207e-18
2369,6.619373833220333e-12,3.927353244700252e-18,1.222785407387554e-18
2370,6.505123725200833e-12,3.941600091702039e-18,1.161098396744331e-18
2371,6.342721569410716e-12,3.925315497695398e-18,1.028694660275626e-18
2372,6.603603995837343e-12,3.92025570507089e-18,1.195981980752304e-18
2373,6.401727796727321e-12,3.918421630221419e-18,1.054740254598888e-18
2374,6.594596194032741e-12,3.943643398574404e-18,1.148866802907051e-18
2375,6.476639911507103e-12,3.93165821680991e-18,1.09947871886793e-18
2376,6.60146976547834e-12,3.927364364519579e-18,1.179346105314537e-18
2377,6.509136168883648e-12,3.930119927510712e-18,1.109037845404714e-18
2378,6.763581616493319e-12,3.944342026931378e-18,1.224486728273283e-18
2379,6.430513314924973e-12,3.917326777419676e-18,1.059409618651638e-18
2380,6.289959277575671e-12,3.926831317521522e-18,1.010724910658964e-18
2381,6.440828172510985e-12,3.913674857276513e-18,1.047762526076587e-18
2382,6.455582654146164e-12,3.932667553837338e-18,1.073822748913441e-18
2383,6.561326491033454e-12,3.931972334551396e-18,1.121024790896334e-18
2384,6.414907308641396e-12,3.933363306647602e-18,1.033306863665651e-18
2385,6.313890365149584e-12,3.922710666280746e-18,1.025463302630422e-18
2386,6.413611391918818e-12,3.928417041909179e-18,1.053852606095341e-18
2387,6.368613955445001e-12,3.901476909751033e-18,1.042076072186453e-18
2388,6.980236814520794e-12,3.961098136164844e-18,1.357008590682787e-18
2389,6.566400729244594e-12,3.921480949562355e-18,1.106237543646655e-18
2390,6.545390423332564e-12,3.936384094664738e-18,1.180153976657024e-18
2391,6.357590191895016e-12,3.914800303737487e-18,1.034536483141161e-18
2392,6.761194748491871e-12,3.954488663512135e-18,1.248629398719247e-18
2393,6.803087019598461e-12,3.937934343967493e-18,1.248590574423107e-18
2394,6.867080788873013e-12,3.954018521323834e-18,1.299256694017963e-18
2395,6.659732079526608e-12,3.956801535699263e-18,1.175740975998416e-18
2396,6.41723186665298e-12,3.935263642658813e-18,1.061462688977083e-18
2397,6.765319212276102e-12,3.965643023064718e-18,1.248994277635818e-18
2398,6.670102676509815e-12,3.94574093957847e-18,1.197293479565405e-18
2399,6.786130007609481e-12,3.953746251128604e-18,1.242899485621666e-18
2400,6.465708419033981e-12,3.924485459388113e-18,1.062359605767634e-18
2401,6.884721204500008e-12,3.957940028677487e-18,1.344636863495414e-18
2402,6.736881088823353e-12,3.932572229798191e-18,1.232264345315714e-18
2403,7.12998864731295e-12,3.974534749003457e-18,1.485541042934984e-18
2404,6.7670823621041e-12,3.931584093580068e-18,1.241692344180481e-18
2405,6.708242051745805e-12,3.939148142936162e-18,1.230717386448388e-18
2406,6.915127838087056e-12,3.952938414998442e-18,1.334913165153151e-18
2407,6.764392345406391e-12,3.944706534485196e-18,1.251961619805233e-18
2408,6.869277260596605e-12,3.966143467105159e-18,1.333806125499116e-18
2409,6.784274766725954e-12,3.952762988062713e-18,1.280169236040464e-18
2410,6.870995644036968e-12,3.946707006323237e-18,1.341428540106255e-18
2411,6.676264663704334e-12,3.940870615445865e-18,1.209004007196771e-18
2412,6.834365802602121e-12,3.938688604652336e-18,1.307826917426787e-18
2413,6.76441481450341e-12,3.95611115748032e-18,1.293329847598506e-18
2414,6.818300413529395e-12,3.943662037393136e-18,1.283582424993765e-18
2415,6.707172629282156e-12,3.942914188501742e-18,1.258058145169957e-18
2416,6.635670782891885e-12,3.929214083503578e-18,1.192765562207549e-18
2417,6.807647103026959e-12,3.946935538271518e-18,1.297264282477286e-18
2418,6.553174075604998e-12,3.92427923713741e-18,1.137125932201745e-18
2419,6.904951846722465e-12,3.959520646159632e-18,1.335080170547096e-18
2420,6.607545290705225e-12,3.939553721279189e-18,1.179340781389785e-18
2421,6.922501845222342e-12,3.963470649846515e-18,1.346417941545047e-18
2422,6.522329766302882e-12,3.941189669549979e-18,1.106608689824301e-18
2423,6.659995271158707e-12,3.952950802422797e-18,1.201033524181385e-18
2424,6.739150532165e-12,3.968633598583265e-18,1.235673533014881e-18
2425,6.841343377483997e-12,3.960937501248956e-18,1.257174876311118e-18
2426,6.460732358780911e-12,3.935204136833384e-18,1.092081661142864e-18
2427,7.049785569854208e-12,3.977424130986073e-18,1.462695380712765e-18
2428,6.883492193783573e-12,3.939384085609202e-18,1.263692069879263e-18
2429,6.804302055585223e-12,3.939792749063288e-18,1.315875770431739e-18
2430,6.548253138572987e-12,3.927841399908978e-18,1.133737909392821e-18
2431,6.782505578116125e-12,3.947681830150811e-18,1.270550899505913e-18
2432,6.649623025916532e-12,3.947810013812277e-18,1.165481610076781e-18
2433,6.704562543853045e-12,3.938494897999064e-18,1.217084513024927e-18
2434,6.608815297263225e-12,3.93201218285428e-18,1.17059033587071e-18
2435,6.859096615157977e-12,3.936378740233518e-18,1.295995957843577e-18
2436,6.615494521282609e-12,3.936078167694371e-18,1.117096416923333e-18
2437,6.413147515134109e-12,3.928712723198432e-18,1.066497490698057e-18
2438,6.374151654338661e-12,3.925133350546052e-18,1.036013395980577e-18
2439,6.527327895712021e-12,3.93072683771653e-18,1.113988364716561e-18
2440,6.775597367191772e-12,3.934188122823236e-18,1.245917108784331e-18
2441,6.718214079007139e-12,3.964601153624279e-18,1.204080293235798e-18
2442,6.681591667204212e-12,3.932181359910764e-18,1.221379878949136e-18
2443,6.462395857378504e-12,3.916266017080309e-18,1.084207027877693e-18
2444,6.645713420773135e-12,3.936936785203629e-18,1.203550795290146e-18
2445,6.664479014383828e-12,3.938089353618502e-18,1.218232961642849e-18
2446,6.682664160080019e-12,3.958428139996698e-18,1.198340091943513e-18
2447,6.519804337162314e-12,3.943908258777165e-18,1.067797061820305e-18
2448,6.656863691390464e-12,3.970743046440887e-18,1.225466254049108e-18
2449,6.481190192999063e-12,3.942298580684617e-18,1.086888411711104e-18
2450,6.869971083716053e-12,3.979729194409449e-18,1.34181884451901e-18
2451,6.497676337105882e-12,3.939212949271634e-18,1.091715068354386e-18
2452,6.781614491311578e-12,3.953922800774717e-18,1.286080383946512e-18
2453,6.474573942809984e-12,3.935530576194594e-18,1.074486542629001e-18
2454,6.733315791005543e-12,3.935037085802411e-18,1.248599952487279e-18
2455,6.576946417432462e-12,3.934297030842957e-18,1.123795904373755e-18
2456,6.716110374248486e-12,3.953788947227209e-18,1.232764306718538e-18
2457,6.707429328585806e-12,3.934679348026385e-18,1.228045057271144e-18
2458,6.751336146341193e-12,3.948608804954442e-18,1.182973940661477e-18
2459,6.908024059682148e-12,3.969303481308627e-18,1.31543400446588e-18
2460,6.509688381927414e-12,3.938353813255715e-18,1.054884583385111e-18
2461,7.008988023624861e-12,3.989879201740902e-18,1.411200091534904e-18
2462,6.601912236790963e-12,3.932750050202259e-18,1.130875215303559e-18
2463,7.040968221590501e-12,3.971085489822579e-18,1.419584271629664e-18
2464,6.430174390848716e-12,3.935851009012616e-18,1.052955856127327e-18
2465,6.526775860696349e-12,3.920081932855381e-18,1.148438610279887e-18
2466,6.560278767934817e-12,3.95138199565367e-18,1.106745830915985e-18
2467,6.636646162148181e-12,3.944185110521771e-18,1.179197060289506e-18
2468,6.581893937811975e-12,3.934658213978321e-18,1.162466276778991e-18
2469,6.656961903289022e-12,3.935333152664885e-18,1.197276148534233e-18
2470,6.640555510954324e-12,3.956018858757576e-18,1.1850229544917e-18
2471,6.394664427790811e-12,3.928019098302264e-18,1.038629613104536e-18
2472,6.884938910147933e-12,3.965507286803343e-18,1.334386743883094e-18
2473,6.560738530404693e-12,3.916543036648137e-18,1.124243152342258e-18
2474,6.823777474736527e-12,3.951439216114062e-18,1.305934455141532e-18
2475,6.749129251637754e-12,3.938283419713052e-18,1.233372974764474e-18
2476,7.00667295759223e-12,3.973810315034029e-18,1.380138385300994e-18
2477,6.455226360238836e-12,3.946539182038304e-18,1.049106739987665e-18
2478,6.840067868253668e-12,3.986515271163898e-18,1.320408503136549e-18
2479,6.792829660669317e-12,3.947938359115508e-18,1.254896618939355e-18
2480,6.837733786882949e-12,3.963393291369913e-18,1.322906184495963e-18
2481,6.648418773715349e-12,3.947334301179809e-18,1.186226590826429e-18
2482,6.778808024006663e-12,3.954999472794185e-18,1.314465984727354e-18
2483,6.620020330830317e-12,3.954211591570703e-18,1.161927314509731e-18
2484,6.646141199843842e-12,3.93616516192564e-18,1.21234046577145e-18
2485,6.627453001579839e-12,3.935474264712065e-18,1.199529207169e-18
2486,6.650297562960279e-12,3.941265643387588e-18,1.193644649082908e-18
2487,6.76456753714061e-12,3.959454184348861e-18,1.273344919060614e-18
2488,6.451072509703e-12,3.918978604730495e-18,1.072693788646783e-18
2489,6.98320731023966e-12,3.972646206096075e-18,1.416747769902511e-18
2490,6.667059867940352e-12,3.940542936023118e-18,1.189783758877705e-18
2491,6.811288888803481e-12,3.964999468275842e-18,1.301713545108848e-18
2492,6.634209062640194e-12,3.942441430264772e-18,1.185560766827949e-18
2493,6.699366092657442e-12,3.949280148469711e-18,1.251047140207025e-18
2494,6.507614944419749e-12,3.928165779936874e-18,1.126901243034698e-18
2495,6.563541486768209e-12,3.929629540312382e-18,1.141922671002965e-18
2496,6.455846134992828e-12,3.930966898126342e-18,1.07980298468317e-18
2497,6.604936621015463e-12,3.935744024349728e-18,1.184882720947828e-18
2498,6.773859190093823e-12,3.957193152329255e-18,1.261441759236158e-18
2499,6.538360119966125e-12,3.944166649162348e-18,1.086794465020174e-18
2500,6.773041481628339e-12,3.951760833829889e-18,1.297137856221753e-18
2501,6.674070516937204e-12,3.92389162595991e-18,1.218392417532177e-18
2502,6.651209524467694e-12,3.929677095241614e-18,1.221311411116572e-18
2503,6.625516477080042e-12,3.918899036824074e-18,1.198238333257963e-18
2504,6.63622480725632e-12,3.913402813271515e-18,1.17329385068229e-18
2505,6.587524503761857e-12,3.908697175362693e-18,1.180368269623435e-18
2506,6.505510930833395e-12,3.931136986381916e-18,1.080949786342352e-18
2507,6.854925077708685e-12,3.946977430284753e-18,1.303526470655305e-18
2508,6.530733130656341e-12,3.93566076191899e-18,1.098260146754035e-18
2509,6.795924582050466e-12,3.950586181963185e-18,1.301622645201612e-18
2510,6.434923518788119e-12,3.919783256995853e-18,1.058822500951776e-18
2511,6.478131889313985e-12,3.916722879784547e-18,1.109616565591485e-18
2512,6.485506338152558e-12,3.931586444170598e-18,1.092382816244314e-18
2513,6.651653128902943e-12,3.944218354898509e-18,1.190669206875342e-18
2514,6.548277809004098e-12,3.94024955271872e-18,1.133534115886471e-18
2515,6.690688375037868e-12,3.94048572152818e-18,1.222910701806763e-18
2516,6.635590611725935e-12,3.929565943800095e-18,1.184714995756786e-18
2517,6.826623583588944e-12,3.947015554259951e-18,1.292014343490336e-18
2518,6.822038728217967e-12,3.965127756726359e-18,1.301675287081184e-18
2519,6.620586387663848e-12,3.930261024777886e-18,1.179555053253183e-18
2520,7.047466035703263e-12,3.967635332247996e-18,1.439557354148424e-18
2521,6.721647479777277e-12,3.942028071074775e-18,1.201740453718451e-18
2522,6.80692070854586e-12,3.943180647483619e-18,1.294151128765489e-18
2523,6.688444767143482e-12,3.93981971122261e-18,1.201935254190113e-18
2524,6.866659222046793e-12,3.961196248562722e-18,1.331142659830574e-18
2525,6.665200261092682e-12,3.94017006115255e-18,1.209126399447906e-18
2526,6.900763410602187e-12,3.988580266558705e-18,1.347317263669621e-18
2527,6.883409860914867e-12,3.952160278959146e-18,1.289137414955e-18
2528,6.635931257717924e-12,3.943285946628577e-18,1.185922387288846e-18
2529,6.641150392896826e-12,3.929899008996039e-18,1.20747037046008e-18
2530,6.584763454788701e-12,3.934094070078721e-18,1.136515800922839e-18
2531,6.890236093342259e-12,3.966346962761358e-18,1.340117899548264e-18
2532,6.719566589016306e-12,3.955598129273632e-18,1.234659903808521e-18
2533,6.842002415914385e-12,3.952569125359646e-18,1.282942591800574e-18
2534,6.900211591508554e-12,3.955835383606253e-18,1.36246212997436e-18
2535,6.661726862342071e-12,3.942468978768869e-18,1.21517472573845e-18
2536,6.419292424163934e-12,3.928679054225276e-18,1.052352689779765e-18
2537,6.633666799227814e-12,3.932662750672473e-18,1.209872071069421e-18
2538,6.402045256274277e-12,3.921512396151336e-18,1.066123233630527e-18
2539,6.726321902845171e-12,3.937288487380324e-18,1.257366204101869e-18
2540,6.475548855964871e-12,3.93817517451681e-18,1.076110338897222e-18
2541,6.51443062641248e-12,3.928841601312412e-18,1.120993583306013e-18
2542,6.689407335427018e-12,3.951126595974161e-18,1.240605396889589e-18
2543,6.477699800836615e-12,3.934156258032904e-18,1.064593603035408e-18
2544,7.064303985287606e-12,3.982096112250621e-18,1.426170015610276e-18
2545,6.736688112231467e-12,3.942811852750982e-18,1.227622041201929e-18
2546,6.74515418899117e-12,3.951685232830691e-18,1.240475932683551e-18
2547,6.673102117831898e-12,3.938530954857627e-18,1.236332915557321e-18
2548,6.920333146296116e-12,3.966888918877443e-18,1.361090339217006e-18
2549,6.618037890785058e-12,3.929765808216522e-18,1.140751952531999e-18
2550,6.667973106950217e-12,3.939891193126404e-18,1.199434789264249e-18
2551,6.671733065797853e-12,3.953410198353854e-18,1.22212924448972e-18
2552,6.655835223247083e-12,3.939966914498813e-18,1.162138595101122e-18
2553,6.6609767152785e-12,3.936545614317951e-18,1.223645455854908e-18
2554,6.568929261212781e-12,3.94381477860943e-18,1.149539442535487e-18
2555,6.805142812166779e-12,3.964886407847858e-18,1.287372782764331e-18
2556,6.604450957452639e-12,3.938577891139759e-18,1.128436109291474e-18
2557,6.783356675864365e-12,3.94831620749506e-18,1.287437923020552e-18
2558,6.445891914961141e-12,3.927990533805115e-18,1.050803324746674e-18
2559,6.482562370326073e-12,3.938222524783273e-18,1.113626472991642e-18
2560,6.317427101997249e-12,3.933569454114808e-18,9.889121183520797e-19
2561,6.853926851416234e-12,3.967925381391846e-18,1.319897128216602e-18
2562,6.469558000998758e-12,3.944501612432837e-18,1.040498052927196e-18
2563,6.508403891348452e-12,3.938745763857173e-18,1.108316582051952e-18
2564,6.584493706210559e-12,3.956426321431673e-18,1.148323487821303e-18
2565,6.435261617444696e-12,3.933496229476401e-18,1.085912462676045e-18
2566,6.892233846999083e-12,3.962640498540568e-18,1.319290353298186e-18
2567,6.363934617019309e-12,3.925451685112649e-18,9.854899817521377e-19
2568,6.860544229798513e-12,3.962880757925799e-18,1.35052236051415e-18
2569,6.369794003713454e-12,3.928968022365163e-18,9.762699416119724e-19
2570,6.726217580113783e-12,3.952428671411228e-18,1.281330209745111e-18
2571,6.309575358574298e-12,3.930423583104729e-18,9.620493276992624e-19
2572,6.744550057031003e-12,3.938899770812981e-18,1.290539144108978e-18
2573,6.670781295551803e-12,3.916215306201547e-18,1.207178486037061e-18
2574,6.862061669993953e-12,3.941920352942009e-18,1.325812703344299e-18
2575,6.719625145877822e-12,3.928951329886327e-18,1.222432516958879e-18
2576,6.661518959886057e-12,3.927677458337063e-18,1.218791184544869e-18
2577,6.66293478323956e-12,3.92433826568721e-18,1.232119216135648e-18
2578,6.692006151835814e-12,3.923910326724168e-18,1.210722241721996e-18
2579,6.524464214323541e-12,3.906032173762941e-18,1.142803993499896e-18
2580,6.440771681707677e-12,3.933087337377166e-18,1.023570435651643e-18
2581,6.924621991257332e-12,3.961535725831839e-18,1.298892404584976e-18
2582,6.700442504715347e-12,3.93710502443458e-18,1.207248315828515e-18
2583,7.016529256605356e-12,3.958081092609568e-18,1.426984977964058e-18
2584,6.575398172699841e-12,3.926188128691957e-18,1.148230224123214e-18
2585,6.822260511189361e-12,3.948005452867242e-18,1.302127554937249e-18
2586,6.769745944806923e-12,3.949971366433872e-18,1.234660358975903e-18
2587,6.713432717899047e-12,3.955648556453902e-18,1.199783228787248e-18
2588,6.781919019833396e-12,3.962562842814766e-18,1.287882528218621e-18
2589,6.741776637886777e-12,3.939321959894413e-18,1.270091006437037e-18
2590,6.854349935257929e-12,3.94896595415699e-18,1.309011513591465e-18
2591,6.712559176850335e-12,3.953983270004149e-18,1.193679340676169e-18
2592,7.310954133175518e-12,4.003556450536253e-18,1.422401226894274e-18
2593,6.672122320189311e-12,3.952855192443285e-18,1.072050235799106e-18
2594,6.919419400478037e-12,4.012898536397085e-18,1.382177693171614e-18
2595,6.363942340341396e-12,3.960670698192394e-18,1.038936698459697e-18
2596,6.878917277200192e-12,3.987555661044871e-18,1.328035733366849e-18
2597,6.818554487851003e-12,3.957558392292565e-18,1.249656282238688e-18
2598,6.76049445491421e-12,3.976316904531567e-18,1.260155675552314e-18
2599,7.028530502553314e-12,3.99354147076891e-18,1.401153804490767e-18
2600,6.592327324821584e-12,3.946028079723322e-18,1.126335567273949e-18
2601,7.0235095288751e-12,4.000189407925903e-18,1.433775209715843e-18
2602,6.651862238567126e-12,3.941811082099388e-18,1.182866768494896e-18
2603,6.6826623323306e-12,3.951661979006726e-18,1.251028301227037e-18
2604,6.531935922624771e-12,3.926902103360757e-18,1.121203192057697e-18
2605,6.653717249399548e-12,3.932851130910004e-18,1.190835130096308e-18
2606,6.849179215033967e-12,3.963310130084511e-18,1.318921414898896e-18
2607,6.769271749622004e-12,3.931849231829457e-18,1.236352705570361e-18
2608,6.772571162897802e-12,3.974853743732679e-18,1.305879780761522e-18
2609,6.804334197170074e-12,3.963005602911536e-18,1.241243802920017e-18
2610,6.608527648302011e-12,3.945795776255847e-18,1.165607865525918e-18
2611,6.672991392168447e-12,3.943000498876485e-18,1.254574669175658e-18
2612,6.508246062895175e-12,3.913062091341322e-18,1.126649353026036e-18
2613,6.682258935983798e-12,3.936444908430629e-18,1.249589945436043e-18
2614,6.685062242295409e-12,3.933388913570161e-18,1.20115195673782e-18
2615,6.558659657815474e-12,3.926811529915864e-18,1.143596849256537e-18
2616,6.688752588127023e-12,3.941786174216832e-18,1.216915025716292e-18
2617,6.625997697146572e-12,3.94383198005648e-18,1.202354504558876e-18
2618,6.502464234522021e-12,3.921944918191661e-18,1.093304717786957e-18
2619,6.618957689913505e-12,3.938347707451309e-18,1.212172961264061e-18
2620,6.516625262093587e-12,3.929160510237307e-18,1.112649865515499e-18
2621,6.55876968838545e-12,3.928235725677859e-18,1.168343901462539e-18
2622,6.421202033266466e-12,3.911660451345926e-18,1.077993139344351e-18
2623,6.669783481078048e-12,3.93625047956462e-18,1.243672798723371e-18
2624,6.341610364809215e-12,3.914823972229396e-18,1.00016272574891e-18
2625,6.6928081286496e-12,3.951434238313685e-18,1.261368860557172e-18
2626,6.604494763963069e-12,3.931779867867963e-18,1.156857470988814e-18
2627,6.85407777992512e-12,3.945940828100806e-18,1.328209875879624e-18
2628,6.718435965484802e-12,3.936875417730328e-18,1.215849954901064e-18
2629,6.734913210623909e-12,3.957583485667734e-18,1.226281815988494e-18
2630,6.784005858916696e-12,3.939487733398718e-18,1.253762814195926e-18
2631,6.575421899871496e-12,3.933339559938658e-18,1.120447544979458e-18
2632,6.834816197539298e-12,3.975358333356011e-18,1.308587588523547e-18
2633,6.58016138848785e-12,3.950597269225795e-18,1.12459149214684e-18
2634,6.71156307068596e-12,3.950966120162991e-18,1.234781025541252e-18
2635,6.897993244749777e-12,3.960653636906514e-18,1.343926286292044e-18
2636,6.628095855031247e-12,3.925767083339343e-18,1.157876277281824e-18
2637,6.850061068641697e-12,3.963080806168731e-18,1.319671441408043e-18
2638,6.684738544984323e-12,3.935747285864454e-18,1.190817575907539e-18
2639,6.791767972740953e-12,3.950843383279597e-18,1.267351153320929e-18
2640,6.781249815546501e-12,3.953324389889601e-18,1.252369182905488e-18
2641,6.75204898403653e-12,3.934818261465587e-18,1.248606674204813e-18
2642,6.911664778255381e-12,3.959902191455624e-18,1.342406869485211e-18
2643,6.887638571852438e-12,3.952330895361623e-18,1.296498245257084e-18
2644,6.993604050999446e-12,3.978841461180485e-18,1.400221596120362e-18
2645,6.76614280473436e-12,3.942879034215713e-18,1.249362235622256e-18
2646,6.786821943353234e-12,3.945278692976536e-18,1.29782527742764e-18
2647,6.633548130803523e-12,3.928103564103767e-18,1.211235165124429e-18
2648,6.802421212086381e-12,3.956240031490819e-18,1.275309529445e-18
2649,6.811437955218996e-12,3.938412094856681e-18,1.313461470341699e-18
2650,6.860990033050385e-12,3.93726119578352e-18,1.302476468028558e-18
2651,6.724788565703771e-12,3.933823379004173e-18,1.278092148570867e-18
2652,6.694895328449027e-12,3.937150245531757e-18,1.208521156933484e-18
2653,6.620258441192864e-12,3.931234413483348e-18,1.205310987276437e-18
2654,6.960220206179775e-12,3.966381846468093e-18,1.3614312766286e-18
2655,6.790099318798419e-12,3.958193700037751e-18,1.264582922336969e-18
2656,6.926776474815179e-12,3.952204301764004e-18,1.390971122458228e-18
2657,6.61656447575509e-12,3.921628691100788e-18,1.169325362363884e-18
2658,6.612380096751945e-12,3.920132812859783e-18,1.200708776100634e-18
2659,6.925529252489435e-12,3.957070773417312e-18,1.321017715570799e-18
2660,6.511385018845793e-12,3.928435553314188e-18,1.108058004586047e-18
2661,6.783519910480911e-12,3.939614173960848e-18,1.289469835555462e-18
2662,6.536871889920415e-12,3.933128158942532e-18,1.138737269326995e-18
2663,6.529508614318339e-12,3.927290977637785e-18,1.14612761859996e-18
2664,6.633959744606523e-12,3.931383542197402e-18,1.22017493072292e-18
2665,6.439970471860564e-12,3.909475026730903e-18,1.072253263030077e-18
2666,6.679949634526024e-12,3.938952445461984e-18,1.219888087959721e-18
2667,6.373727081043183e-12,3.919360665831009e-18,1.041710672030059e-18
2668,6.806127299060944e-12,3.9505366517283e-18,1.296503974147381e-18
2669,6.501949883903712e-12,3.923731428927463e-18,1.107886323770253e-18
2670,6.823148185438756e-12,3.948403040551724e-18,1.299865565525961e-18
2671,6.742061897963967e-12,3.942380478964726e-18,1.248855395789246e-18
2672,6.726790509322682e-12,3.926342660426521e-18,1.255047914335726e-18
2673,6.771217594538267e-12,3.933728264622578e-18,1.245544170926096e-18
2674,6.660524328351768e-12,3.94642396062788e-18,1.175576065473768e-18
2675,6.502799027692965e-12,3.933778711312701e-18,1.122653539166384e-18
2676,6.663195576001068e-12,3.936037435785516e-18,1.200820288451752e-18
2677,6.520157600062864e-12,3.941848618626577e-18,1.130090330345612e-18
2678,6.519711928312943e-12,3.946206622645123e-18,1.124022384083437e-18
2679,6.702396024224742e-12,3.954902146465976e-18,1.229957445488982e-18
2680,6.645721794261513e-12,3.950803503802228e-18,1.164596002595671e-18
2681,7.05809039657503e-12,3.975865054417394e-18,1.43683259766335e-18
2682,6.681115715705782e-12,3.940175042451744e-18,1.200001240432397e-18
2683,6.685553754132854e-12,3.933327131314206e-18,1.227486513444937e-18
2684,6.744552160982359e-12,3.951429290246115e-18,1.224516136483913e-18
2685,6.672220999455388e-12,3.944472396553165e-18,1.181435445904284e-18
2686,6.783208384886537e-12,3.972119519098844e-18,1.266746440945774e-18
2687,6.777294008833853e-12,3.962623804510948e-18,1.294274456337469e-18
2688,6.756835785653103e-12,3.94818134532877e-18,1.250435332608604e-18
2689,6.44542387281502e-12,3.926426948105272e-18,1.049978742899049e-18
2690,7.158825143312371e-12,3.980689733493038e-18,1.424759802710022e-18
2691,6.692501776660448e-12,3.93591851180595e-18,1.144633241362694e-18
2692,7.046085634230677e-12,3.981620076287031e-18,1.435506692393866e-18
2693,6.550761861669348e-12,3.935531509391795e-18,1.11823253482494e-18
2694,6.640633519593971e-12,3.947441730789106e-18,1.208557188406149e-18
2695,6.539508921416942e-12,3.932411221441012e-18,1.146664261514826e-18
2696,6.66638258512669e-12,3.945663911079153e-18,1.182403201047883e-18
2697,6.670989547428411e-12,3.940660808035111e-18,1.21769127972419e-18
2698,6.951362085036631e-12,3.966803444669369e-18,1.382209737048868e-18
2699,6.74302772331987e-12,3.946001133205069e-18,1.22422193714795e-18
2700,6.666293865934533e-12,3.949224111237278e-18,1.196205173052467e-18
2701,6.762837222829204e-12,3.970803034521944e-18,1.224429689928122e-18
2702,6.562702674879946e-12,3.944661005811283e-18,1.142092082229227e-18
2703,6.610551034791404e-12,3.941014581805321e-18,1.200611257611666e-18
2704,6.646854727281213e-12,3.94086042090442e-18,1.211268984812645e-18
2705,6.539241644562947e-12,3.928071128117071e-18,1.160477167787791e-18
2706,6.655873203104357e-12,3.928839584135327e-18,1.207951664692453e-18
2707,6.760208095127718e-12,3.946295945110339e-18,1.238364773831409e-18
2708,6.585535865551343e-12,3.94391055710596e-18,1.166444173991081e-18
2709,6.743647235784531e-12,3.956299917279225e-18,1.228532042924219e-18
2710,6.675908575180773e-12,3.935114886219515e-18,1.214198268036631e-18
2711,6.92595889356977e-12,3.973127661074558e-18,1.355173971227743e-18
2712,6.680865344352054e-12,3.959114194832486e-18,1.185211898629687e-18
2713,6.94670547356854e-12,3.978962633768424e-18,1.389130940323367e-18
2714,6.680925503485999e-12,3.949102294704579e-18,1.202522737565353e-18
2715,6.689737386280093e-12,3.951310405384957e-18,1.237344674141407e-18
2716,6.836118830902051e-12,3.957381064171381e-18,1.301619288171318e-18
2717,6.760497272267455e-12,3.944042347603546e-18,1.239793994978451e-18
2718,7.069608034816964e-12,3.977006385572408e-18,1.437809294932895e-18
2719,6.657823228074443e-12,3.933149275541507e-18,1.157956080792421e-18
2720,6.875073597210664e-12,3.955762369885944e-18,1.366847994280466e-18
2721,6.539047450320591e-12,3.938826370281225e-18,1.128584542121407e-18
2722,6.775452823033223e-12,3.957973726892995e-18,1.268971954277155e-18
2723,6.762362613138471e-12,3.945633656755553e-18,1.246440788740357e-18
2724,6.963260142679414e-12,3.984807059342626e-18,1.379101310820552e-18
2725,7.295390177664937e-12,3.994271999349487e-18,1.491481500617782e-18
2726,6.71532503836608e-12,3.959214736734125e-18,1.164097502685531e-18
2727,7.055607865530799e-12,3.993164875190725e-18,1.505485648044649e-18
2728,6.664205751429677e-12,3.943661998112174e-18,1.189289674829692e-18
2729,6.75331302064227e-12,3.950173611286171e-18,1.291274402203698e-18
2730,6.89221590109672e-12,3.975814504458316e-18,1.319914524496868e-18
2731,6.882892173565076e-12,3.963168633103644e-18,1.321896286158743e-18
2732,6.851967855158813e-12,3.957267497836244e-18,1.324591902016059e-18
2733,6.536936685486589e-12,3.929018085599378e-18,1.134751461808509e-18
2734,7.10177707610241e-12,4.012496163115191e-18,1.477344888774817e-18
2735,6.795860680533176e-12,3.94543970492766e-18,1.226496355547493e-18
2736,6.910782482817068e-12,3.954544156964823e-18,1.386842166650381e-18
2737,6.825491797820764e-12,3.943584540077173e-18,1.315026787013941e-18
2738,6.732450184719409e-12,3.938782641122636e-18,1.248639720303442e-18
2739,6.610279192359486e-12,3.917634565668005e-18,1.197583331165501e-18
2740,6.973414721258627e-12,3.994183033320893e-18,1.36571366653634e-18
2741,6.83814232803787e-12,3.964625747643302e-18,1.261017698486798e-18
2742,6.723335972518602e-12,3.949362716332416e-18,1.221916027674847e-18
2743,6.48281608037318e-12,3.933599232779538e-18,1.128142906452072e-18
2744,6.584286590087052e-12,3.92804049897129e-18,1.163741071289252e-18
2745,6.93701352021936e-12,3.95048428675856e-18,1.366124789334617e-18
2746,6.816850649707133e-12,3.931883359935609e-18,1.247893768293028e-18
2747,6.791405549029662e-12,3.953961760842381e-18,1.295921353109536e-18
2748,6.700142166000881e-12,3.939624906837696e-18,1.210534669189391e-18
2749,6.561726038801172e-12,3.931972725104364e-18,1.183554093232624e-18
2750,6.428050027510022e-12,3.927183457650871e-18,1.048061453860786e-18
2751,6.931744568401661e-12,3.968257360688412e-18,1.357420575207654e-18
2752,6.74088709976122e-12,3.951952534261069e-18,1.210668525065279e-18
2753,7.018424826381693e-12,3.963853121888181e-18,1.397583755279135e-18
2754,6.572580857963625e-12,3.931993315024001e-18,1.10335522438761e-18
2755,6.662300341641063e-12,3.940792991943888e-18,1.216848166507319e-18
2756,6.763374799966045e-12,3.950303440995323e-18,1.284011273943029e-18
2757,6.886738414160765e-12,3.957892783961992e-18,1.317353898824231e-18
2758,6.48099700391521e-12,3.940573462065011e-18,1.083163038229344e-18
2759,6.465986167627052e-12,3.9324108172946e-18,1.111634363122869e-18
2760,6.629848177764265e-12,3.926569891455072e-18,1.1795819338175e-18
2761,6.462907541417779e-12,3.925232808104033e-18,1.095687905657794e-18
2762,6.829451382981818e-12,3.940606293410261e-18,1.28992152716866e-18
2763,6.669637634611472e-12,3.946230287289783e-18,1.211076067950002e-18
2764,6.729157324492377e-12,3.945267981694465e-18,1.202476276636091e-18
2765,6.642259295802752e-12,3.933645224024171e-18,1.209981294016546e-18
2766,6.519167177225924e-12,3.93973233131758e-18,1.122778476118712e-18
2767,6.639899873378011e-12,3.923038038761046e-18,1.196756297053558e-18
2768,6.657409978359149e-12,3.941704612415221e-18,1.198494504450812e-18
2769,6.438591278168e-12,3.929717897336265e-18,1.038309967861162e-18
2770,6.671886999639096e-12,3.941269301651135e-18,1.222526823647043e-18
2771,6.246183783200093e-12,3.925896797483353e-18,9.42906231580395e-19
2772,6.229301915521603e-12,3.91621170876096e-18,9.573391749506414e-19
2773,6.606490084051825e-12,3.925356342600877e-18,1.192825750381486e-18
2774,6.547378410454582e-12,3.930333279528459e-18,1.107736341880316e-18
2775,6.700735847848625e-12,3.937981132134461e-18,1.243523485194791e-18
2776,6.329614036548845e-12,3.918266599042666e-18,9.851670803638095e-19
2777,6.855002497413811e-12,3.940214150555092e-18,1.353435514419486e-18
2778,6.678487058792682e-12,3.927737002359551e-18,1.185263544654353e-18
2779,6.639909351869776e-12,3.937719333632625e-18,1.22740192660999e-18
2780,6.346533974768447e-12,3.924338221993699e-18,1.004200276940341e-18
2781,6.530832154306963e-12,3.913076021903052e-18,1.141318906952639e-18
2782,6.56008192888534e-12,3.944006556999351e-18,1.1402744960344e-18
2783,6.734899274758519e-12,3.924000370252829e-18,1.213619227415067e-18
2784,6.560615764659975e-12,3.912904847381283e-18,1.181287037574303e-18
2785,6.75706791984836e-12,3.933842671529401e-18,1.225473886825245e-18
2786,7.023383066568589e-12,3.956787414738876e-18,1.36771858923548e-18
2787,6.487632948062794e-12,3.926347438007003e-18,1.054177110204129e-18
2788,6.830384302615024e-12,3.975637851896867e-18,1.30771043126289e-18
2789,6.582066142028468e-12,3.928507672452334e-18,1.150514204589685e-18
2790,6.632331162122541e-12,3.914057042403492e-18,1.198891707707853e-18
2791,6.947606636787933e-12,3.970909706841535e-18,1.376798331791391e-18
2792,6.780801596847151e-12,3.933908427771731e-18,1.240384687837164e-18
2793,6.82222865009889e-12,3.948736549422154e-18,1.332741452051291e-18
2794,6.745935975559281e-12,3.955972550466385e-18,1.269341184763953e-18
2795,6.763842607439298e-12,3.97189267511387e-18,1.2662614254002e-18
2796,7.051956993637364e-12,3.964016712568883e-18,1.407807312512667e-18
2797,6.734672729890341e-12,3.93566370376857e-18,1.227225240950739e-18
2798,6.910024123621891e-12,3.964987289265118e-18,1.371706054394867e-18
2799,6.644677382064826e-12,3.942319542586792e-18,1.181030739744965e-18
2800,6.510659624964187e-12,3.921828394132687e-18,1.120183481737223e-18
2801,6.622388562492881e-12,3.939899968733276e-18,1.182714583539573e-18
2802,6.825872954078747e-12,3.950457622203648e-18,1.284752551745832e-18
2803,7.038057584807136e-12,3.973223909067161e-18,1.405155197420502e-18
2804,6.608027300323528e-12,3.93406513629328e-18,1.158218797744621e-18
2805,6.815695871767036e-12,3.950168636144638e-18,1.333597860889356e-18
2806,6.696758391713144e-12,3.943758358957204e-18,1.237954691525466e-18
2807,6.97769506642141e-12,3.969008869987808e-18,1.406386711683169e-18
2808,6.858684201455952e-12,3.961419609022433e-18,1.290077893861581e-18
2809,6.72756444984562e-12,3.95107526001164e-18,1.25566594681445e-18
2810,6.613023166714769e-12,3.936852291338022e-18,1.181213195812269e-18
2811,6.945336670803111e-12,3.98054848561921e-18,1.352996167422689e-18
2812,6.668514787374857e-12,3.928311200569098e-18,1.189851712005273e-18
2813,6.738315028593549e-12,3.934875006084971e-18,1.279115415130912e-18
2814,7.088586436782594e-12,3.998740329379385e-18,1.439468464736541e-18
2815,6.879944365530097e-12,3.957618113155055e-18,1.271329268885114e-18
2816,6.869550594014497e-12,3.951663375758177e-18,1.339919465633514e-18
2817,6.661042846187918e-12,3.941650525479065e-18,1.219414353504713e-18
2818,6.773693918326977e-12,3.963515934548409e-18,1.247684967051856e-18
2819,6.891500491456094e-12,3.966533630747535e-18,1.356908813240698e-18
2820,6.690901972694271e-12,3.938196711232477e-18,1.20404431613331e-18
2821,7.078417807707919e-12,3.994568908011188e-18,1.495699305798733e-18
2822,6.851297677822288e-12,3.952152985036163e-18,1.263601018658859e-18
2823,6.625337957798306e-12,3.949219867228738e-18,1.202815887177845e-18
2824,6.871453841246681e-12,3.946164922172864e-18,1.325325556881481e-18
2825,6.855804632177469e-12,3.941971281766353e-18,1.312397946115097e-18
2826,6.642492746886089e-12,3.933814355195375e-18,1.181641494971895e-18
2827,6.75552014433061e-12,3.92709310436718e-18,1.287759988420973e-18
2828,6.538774629547732e-12,3.918157045599236e-18,1.14539516979076e-18
2829,6.730106957206788e-12,3.936498913982122e-18,1.264469452098016e-18
2830,7.05414628489754e-12,3.947095987747127e-18,1.43175004179876e-18
2831,6.756694382127796e-12,3.934611245291399e-18,1.204374893306922e-18
2832,6.870998505841367e-12,3.949161304983534e-18,1.338007745659391e-18
2833,6.602882946853274e-12,3.938269685717909e-18,1.168055755441829e-18
2834,6.620978975141349e-12,3.935629802273025e-18,1.172645695422835e-18
2835,6.525804266020562e-12,3.927364121564316e-18,1.136020774993126e-18
2836,6.504148879984195e-12,3.916171921474973e-18,1.13443947383729e-18
2837,7.093151735389838e-12,3.973656046764348e-18,1.446000953449725e-18
2838,6.701607105533581e-12,3.942276372859089e-18,1.173690793904332e-18
2839,6.933472176432107e-12,3.960832670630518e-18,1.38865295364739e-18
2840,6.679765941157511e-12,3.94270985182416e-18,1.212865954502336e-18
2841,6.960045977554188e-12,3.968986965668705e-18,1.392927163836726e-18
2842,6.802292679726921e-12,3.965717965186273e-18,1.283061768962317e-18
2843,6.841953340212696e-12,3.939930096124595e-18,1.324133778172406e-18
2844,6.526611667877695e-12,3.928732714500093e-18,1.107536454200547e-18
2845,6.648514852075202e-12,3.941911246945286e-18,1.216021538306735e-18
2846,6.536626068804671e-12,3.916952439780563e-18,1.097504943660967e-18
2847,6.618141448820823e-12,3.9186435200959e-18,1.178860335283248e-18
2848,6.694488722205148e-12,3.938019484643363e-18,1.221665977107363e-18
2849,6.557738490113999e-12,3.924228995334178e-18,1.1087448115537e-18
2850,6.704526976333171e-12,3.954614339657902e-18,1.256492902023123e-18
2851,6.436072078885723e-12,3.927168157589662e-18,1.081765055291851e-18
2852,6.828842081893416e-12,3.939232321056959e-18,1.319955810861882e-18
2853,6.481091167109937e-12,3.932057738743369e-18,1.079734899413063e-18
2854,6.859168250395262e-12,3.948089039857537e-18,1.333043349289601e-18
2855,6.533803414992409e-12,3.927062767986437e-18,1.111787783792123e-18
2856,6.517785928363671e-12,3.930959543938783e-18,1.138614162220905e-18
2857,6.540500129504156e-12,3.92844396683681e-18,1.139738544334373e-18
2858,6.762338075074035e-12,3.946098083962821e-18,1.25062292961968e-18
2859,6.89047107206569e-12,3.9539828894865e-18,1.303023015273196e-18
2860,6.813027420795779e-12,3.951899557719195e-18,1.256724421205766e-18
2861,6.842808178141366e-12,3.957848892696321e-18,1.316834815824847e-18
2862,6.594029793229642e-12,3.928967811978249e-18,1.167409022035957e-18
2863,6.865543788366453e-12,3.952393885312321e-18,1.33445192001829e-18
2864,6.66336624393968e-12,3.922067042860707e-18,1.173785857875841e-18
2865,7.222321978799842e-12,3.995404946303208e-18,1.501770086019284e-18
2866,6.894793590497508e-12,3.946750548681242e-18,1.317419937005377e-18
2867,7.094799076964824e-12,3.974830808274065e-18,1.45924130203478e-18
2868,6.65577147459639e-12,3.94239902203685e-18,1.190303173422677e-18
2869,6.674371335562172e-12,3.934766219778625e-18,1.232856441418357e-18
2870,6.774223386363123e-12,3.934974044098648e-18,1.251252248313921e-18
2871,7.002766556380596e-12,3.961886720969483e-18,1.386554985769915e-18
2872,6.747439412820933e-12,3.939963547211505e-18,1.236764392483593e-18
2873,6.670640201400463e-12,3.945695076553443e-18,1.253670614978355e-18
2874,6.811326077691273e-12,3.940409114566756e-18,1.285725466013327e-18
2875,7.008627090639491e-12,3.9670126413144e-18,1.419303315209069e-18
2876,6.946452781216093e-12,3.957863947445487e-18,1.308802726898115e-18
2877,6.85661385168163e-12,3.95983090054494e-18,1.320243574397631e-18
2878,6.848263419394613e-12,3.966423824677185e-18,1.323206612920489e-18
2879,6.806907728674242e-12,3.92014842654238e-18,1.312593484787909e-18
2880,6.740720882982044e-12,3.930061458399385e-18,1.25213707530821e-18
2881,6.650374164714173e-12,3.922754453312179e-18,1.222155190130665e-18
2882,6.737593268600703e-12,3.934165994977349e-18,1.27010455053084e-18
2883,6.895143650227212e-12,3.943018465377731e-18,1.317252648481671e-18
2884,6.817884095729801e-12,3.954068542698333e-18,1.289000147297655e-18
2885,6.748131895400199e-12,3.955904460611382e-18,1.259667980295551e-18
2886,6.757196881780472e-12,3.939799407397494e-18,1.301640999581107e-18
2887,6.684305340318646e-12,3.92785095359487e-18,1.190868041725442e-18
2888,6.783056974145069e-12,3.950951124339966e-18,1.292251835620575e-18
2889,6.520546626881124e-12,3.932483782594088e-18,1.103979706366893e-18
2890,6.788380157851137e-12,3.950841520586571e-18,1.259172439800716e-18
2891,6.727136536602568e-12,3.940602818832536e-18,1.26243276932498e-18
2892,6.827583678348567e-12,3.972618307372631e-18,1.257116007374929e-18
2893,6.803604754254222e-12,3.950699026029872e-18,1.29899296616424e-18
2894,6.811607839789373e-12,3.954985656376143e-18,1.288041418883734e-18
2895,6.58890469528259e-12,3.957138164761458e-18,1.150600602647912e-18
2896,6.82045275293526e-12,3.946101105709634e-18,1.308020858595088e-18
2897,6.624269159436467e-12,3.937535126349298e-18,1.17650956421068e-18
2898,6.318018228216075e-12,3.909566153675764e-18,1.006355630223513e-18
2899,6.788101502224603e-12,3.961804246383935e-18,1.300464823923073e-18
2900,6.378335174788103e-12,3.929674078387845e-18,1.013695751223978e-18
2901,6.668097026003707e-12,3.926331668997333e-18,1.239017060191267e-18
2902,6.354064261136588e-12,3.914471864749325e-18,1.011397867466858e-18
2903,6.61937974824693e-12,3.927138119993363e-18,1.181107749303131e-18
2904,6.848864105936205e-12,3.947068205950105e-18,1.289184012279139e-18
2905,6.78306296280866e-12,3.949287672310189e-18,1.234537940084657e-18
2906,6.498443189489949e-12,3.942102148892662e-18,1.109992528213964e-18
2907,6.725970250115076e-12,3.96958056727448e-18,1.212350269019155e-18
2908,6.72938311778916e-12,3.948748598199706e-18,1.216992638162514e-18
2909,6.427825750132843e-12,3.937704578722233e-18,1.07063710766305e-18
2910,6.998711712759938e-12,3.968799004949088e-18,1.346865904867801e-18
2911,6.530491675952954e-12,3.938082257899929e-18,1.071155463869933e-18
2912,6.658886447971796e-12,3.944923426561891e-18,1.177332787780232e-18
2913,6.622054399603523e-12,3.958443632646883e-18,1.169588497877557e-18
2914,6.800995359679738e-12,3.961207506307875e-18,1.25047710443389e-18
2915,6.451769516701684e-12,3.947391415166742e-18,1.056143516649462e-18
2916,6.848573682355216e-12,3.950571409388395e-18,1.29999264131418e-18
2917,6.729408162340809e-12,3.944050766786597e-18,1.210503548071748e-18
2918,6.785509250080144e-12,3.941159485783651e-18,1.267982231526281e-18
2919,6.842126683684508e-12,3.954958213512257e-18,1.278692444151836e-18
2920,6.723872987009949e-12,3.94838189896215e-18,1.223039968689348e-18
2921,6.738744451818836e-12,3.953956440965789e-18,1.262823424763243e-18
2922,6.448220826270369e-12,3.923380345594623e-18,1.065298769705686e-18
2923,7.018788130475239e-12,3.971763310074197e-18,1.392506806832051e-18
2924,6.593886974340256e-12,3.942328134959547e-18,1.118011636747886e-18
2925,6.826008100454716e-12,3.955087965360642e-18,1.330419293307066e-18
2926,6.409383769943593e-12,3.927866662881774e-18,1.049074870174597e-18
2927,6.437223477422087e-12,3.945423323594816e-18,1.084983099237224e-18
2928,6.836575006496791e-12,3.966547755016679e-18,1.28785757000345e-18
2929,6.801943740668479e-12,3.95159564147469e-18,1.259551500753379e-18
2930,6.828089857386856e-12,3.962891075231378e-18,1.306325228535999e-18
2931,6.849570322380544e-12,3.942411634391702e-18,1.318046365507476e-18
2932,6.859486811780125e-12,3.957553370869004e-18,1.299387581292098e-18
2933,6.729402360968042e-12,3.938405909829196e-18,1.256173100305866e-18
2934,6.722520415649805e-12,3.946609303322925e-18,1.260368800681851e-18
2935,6.510974559189691e-12,3.924520269361833e-18,1.103033323698105e-18
2936,6.923839668112556e-12,3.973019919000809e-18,1.388778518607982e-18
2937,6.926086555489904e-12,3.94268132402074e-18,1.323734870765076e-18
2938,6.845827197322277e-12,3.947005918375228e-18,1.313549045862871e-18
2939,6.909202936784508e-12,3.954954900687854e-18,1.373011218817944e-18
2940,6.637334614859175e-12,3.930235862314883e-18,1.195569032897725e-18
2941,6.938470534199899e-12,3.959738158030797e-18,1.37044467090021e-18
2942,6.818933075399496e-12,3.955951553496586e-18,1.28048722430331e-18
2943,6.822747838496752e-12,3.958190355260851e-18,1.323649060117924e-18
2944,6.750700712559047e-12,3.960800691862233e-18,1.240308920721944e-18
2945,6.818740689269134e-12,3.966263396747005e-18,1.301048324539677e-18
2946,6.752443120699032e-12,3.945576581711279e-18,1.287306268854071e-18
2947,6.508068457116609e-12,3.919619926155487e-18,1.138072685187743e-18
2948,6.800813972274514e-12,3.938124066255357e-18,1.295812240507724e-18
2949,6.641647373500022e-12,3.91630576183145e-18,1.190854037918445e-18
2950,6.715227552147384e-12,3.939085618464763e-18,1.265488344736132e-18
2951,6.867767190705016e-12,3.950489140938984e-18,1.330027585516477e-18
2952,6.896108432911335e-12,3.954287262308902e-18,1.320096324714701e-18
2953,6.405622635799592e-12,3.921452449638919e-18,1.054987672379564e-18
2954,6.566207017820016e-12,3.923934999302521e-18,1.176798863110497e-18
2955,6.698720565614245e-12,3.938704835786628e-18,1.231124016729975e-18
2956,6.767496275370137e-12,3.929854319183907e-18,1.241000654303074e-18
2957,6.69571751593334e-12,3.938526729824215e-18,1.23429582611907e-18
2958,7.146120022202317e-12,3.99124362226066e-18,1.470673698216635e-18
2959,6.809405996039272e-12,3.951828763201095e-18,1.260964374809149e-18
2960,6.935040276720854e-12,3.970251867222136e-18,1.433220694741718e-18
2961,6.758189932282748e-12,3.942260315286142e-18,1.277316010725827e-18
2962,6.793552180715811e-12,3.952681528181133e-18,1.293362535815707e-18
2963,6.791981603977597e-12,3.947244053891399e-18,1.277804054582304e-18
2964,6.704955593717608e-12,3.94837988141426e-18,1.2332964664237e-18
2965,6.853373526396538e-12,3.950238154341072e-18,1.308414173119092e-18
2966,6.442028306986004e-12,3.91722572225419e-18,1.070427357937618e-18
2967,6.718656592671368e-12,3.958616083850185e-18,1.265916060378742e-18
2968,6.862976811537972e-12,3.940917918265552e-18,1.298519652614539e-18
2969,6.543773524865889e-12,3.922437208013862e-18,1.162375020553523e-18
2970,6.637139077764327e-12,3.926506395628048e-18,1.181023081538824e-18
2971,6.692288310545787e-12,3.935785587722073e-18,1.215340865383311e-18
2972,6.710804782764939e-12,3.941858516225099e-18,1.242548834842472e-18
2973,7.000686884809136e-12,3.957589552598943e-18,1.403746093313336e-18
2974,6.625555149768188e-12,3.920961526515162e-18,1.186496756816416e-18
2975,6.769143434789636e-12,3.930558597040858e-18,1.296875923418276e-18
2976,6.505316689139497e-12,3.916429216120123e-18,1.115467747327102e-18
2977,6.584762338782504e-12,3.914523079407606e-18,1.169315069561604e-18
2978,6.98585734214926e-12,3.985843931742317e-18,1.364028124127982e-18
2979,6.926814561032738e-12,3.951026668648139e-18,1.314637333860056e-18
2980,6.939732596217839e-12,3.96978531958674e-18,1.367918335611816e-18
2981,6.835754741570627e-12,3.948336880024504e-18,1.346237356657116e-18
2982,6.806033192664318e-12,3.936695317210426e-18,1.295400636833875e-18
2983,7.027648069464725e-12,3.965497207499978e-18,1.424202028403817e-18
2984,6.71127187983854e-12,3.941645598508733e-18,1.234253758420177e-18
2985,7.00389486417927e-12,3.981946418307358e-18,1.403056436322904e-18
2986,6.727013632709862e-12,3.954975254183345e-18,1.199475727151625e-18
2987,6.666078172234696e-12,3.939056226154113e-18,1.24473224278724e-18
2988,6.761587355325061e-12,3.936618158249297e-18,1.259636538641181e-18
2989,6.671899004449627e-12,3.954227570112613e-18,1.219332078563744e-18
2990,6.935063491174616e-12,3.95406973126616e-18,1.356101815455918e-18
2991,6.720273569752239e-12,3.937968331645084e-18,1.193378043040341e-18
2992,6.749743572466732e-12,3.949130288476793e-18,1.286753463055816e-18
2993,6.619034710259889e-12,3.934869217448336e-18,1.16311778376073e-18
2994,6.580916041245514e-12,3.932892089964249e-18,1.184180728916824e-18
2995,6.685740310247617e-12,3.932462373098207e-18,1.196140727355494e-18
2996,6.886139135212627e-12,3.976126274299136e-18,1.355975943997331e-18
2997,7.10783840966155e-12,3.977747237730545e-18,1.394317933483357e-18
2998,6.752942817787432e-12,3.935659694461185e-18,1.201819712549967e-18
2999,6.461521584049735e-12,3.922823676281068e-18,1.073603588894072e-18
3000,6.717202505590387e-12,3.949947016066695e-18,1.223068289795568e-18
