iter,continuity,x-velocity,y-velocity
1,1.0,0.0003696044548937606,4.815226733984603e-05
2,0.5254497356766115,0.0002187889706067509,2.203586812927559e-05
3,0.3590800424037549,0.000131567441203995,1.111547538298256e-05
4,0.2450520967961161,8.518974799187959e-05,6.267463049152919e-06
5,0.1600625748746302,5.709493063592362e-05,4.000644138401046e-06
6,0.1119185804065567,3.922555068518841e-05,2.852145578455371e-06
7,0.09143842892269466,2.813612654165965e-05,2.208937511560482e-06
8,0.07843040768446466,2.137399366555649e-05,1.826798426102547e-06
9,0.06531016776669907,1.712348565974636e-05,1.586067770683148e-06
10,0.05360814256557794,1.439474946695222e-05,1.436205072788446e-06
11,0.04398942926305194,1.257903858034637e-05,1.330514496378005e-06
12,0.0368344586466189,1.129318703276645e-05,1.253715015516911e-06
13,0.03106803917415879,1.030497333146688e-05,1.186928170292268e-06
14,0.02678426975435841,9.519575279572695e-06,1.133088413306716e-06
15,0.02329176149059289,8.8683953344961e-06,1.086113282442942e-06
16,0.02044194720199716,8.310815243256862e-06,1.045608933511612e-06
17,0.0181937724554399,7.828687709724622e-06,1.008527217947885e-06
18,0.01636361058403973,7.399347686050221e-06,9.753740001388064e-07
19,0.01573619111440052,7.010581632984671e-06,9.505733596275475e-07
20,0.01494813076069265,6.656731425355386e-06,9.250693188451769e-07
21,0.01407824427253386,6.33336342145074e-06,8.987443694223611e-07
22,0.01331826987774252,6.0357910902924e-06,8.723158777832845e-07
23,0.01255333038884926,5.758944770087899e-06,8.461878953030994e-07
24,0.01183323275788842,5.501876289087136e-06,8.20350460187744e-07
25,0.011140092265079,5.259865140657938e-06,7.950348611241941e-07
26,0.01048899431913099,5.032834129004906e-06,7.705374191134355e-07
27,0.009854964459350808,4.819888003293323e-06,7.463587531396449e-07
28,0.009234106269022258,4.618452799299394e-06,7.224012758362495e-07
29,0.008634637971273305,4.427853299469711e-06,6.988576242830347e-07
30,0.008056840859317155,4.247856280121317e-06,6.760514238754928e-07
31,0.007543995532016082,4.077185839259243e-06,6.536224586723357e-07
32,0.007075757764441564,3.915427051758981e-06,6.31700329165455e-07
33,0.006639032015562299,3.761801310172312e-06,6.103267514243192e-07
34,0.006220721818067306,3.616122290983593e-06,5.895973845214762e-07
35,0.005848057865047981,3.47770065813647e-06,5.696816945300585e-07
36,0.005504765891897813,3.345856478381554e-06,5.503727524086795e-07
37,0.005185826593155265,3.219783851700867e-06,5.316508485145943e-07
38,0.004887899611793862,3.099468186344606e-06,5.135827259327022e-07
39,0.004613553543316283,2.984749637285538e-06,4.962843268948465e-07
40,0.004364185766800217,2.875566904584271e-06,4.796091658058084e-07
41,0.004134006406957367,2.771284418910784e-06,4.636468433991745e-07
42,0.003932910572005038,2.671916462477547e-06,4.483567349245192e-07
43,0.003750553317936345,2.577038230981801e-06,4.337047717824431e-07
44,0.003585661697822365,2.486828828131724e-06,4.197642493513207e-07
45,0.0034256301925117,2.40034667517239e-06,4.06354555542257e-07
46,0.003275413814599885,2.317908355663674e-06,3.933976196092387e-07
47,0.003136504485607003,2.239028426207653e-06,3.809334653053047e-07
48,0.003005475584538235,2.1639432778496e-06,3.690374618407693e-07
49,0.002878539846147275,2.091544286927082e-06,3.575545835551137e-07
50,0.002762057009734353,2.022134656024068e-06,3.464532708164852e-07
51,0.002656942125103234,1.955745169514456e-06,3.357325774631705e-07
52,0.002556362752921757,1.892388548682016e-06,3.254074339909996e-07
53,0.002461270239201088,1.831397444294744e-06,3.154753039726935e-07
54,0.002367162147786568,1.77275409525666e-06,3.059890934755247e-07
55,0.002285395881797475,1.716319612765126e-06,2.967661205739436e-07
56,0.002204230101605733,1.662210200424277e-06,2.879005880369649e-07
57,0.002127096904249178,1.61006741533718e-06,2.793402009826904e-07
58,0.002057182931623763,1.559938433908669e-06,2.710903895150271e-07
59,0.001986765691197022,1.511660497406218e-06,2.631134429073214e-07
60,0.001919824121379771,1.465215253823777e-06,2.554289470332836e-07
61,0.001859876875253929,1.420192105764002e-06,2.479874297722147e-07
62,0.001806006386570497,1.376947519576416e-06,2.408262154473643e-07
63,0.001751973172515915,1.335093165843495e-06,2.339294658485377e-07
64,0.001703051652741713,1.29492484918759e-06,2.273075321309516e-07
65,0.001655956218193679,1.256414030124748e-06,2.209514588918058e-07
66,0.00160812386490566,1.219058198681568e-06,2.147733806726788e-07
67,0.001564613114182357,1.183064431161897e-06,2.088562759042017e-07
68,0.00152379393064358,1.148425298729293e-06,2.03166547551882e-07
69,0.001488061228265079,1.114959340645072e-06,1.976882525977982e-07
70,0.001448401340729717,1.082662808424991e-06,1.923501424511332e-07
71,0.001405601468043125,1.05158469286003e-06,1.871507704964297e-07
72,0.001370689473637594,1.021409575657341e-06,1.82092389391896e-07
73,0.001336693445173306,9.921786706461713e-07,1.772205729951523e-07
74,0.001302258647618336,9.638796475666904e-07,1.725307254014782e-07
75,0.001258374317273949,9.36559562116174e-07,1.679896180642635e-07
76,0.00122791374568816,9.100439263959564e-07,1.635618875536037e-07
77,0.001197484499402741,8.844787757972467e-07,1.59284760087493e-07
78,0.001163107469701447,8.597293507044151e-07,1.55126661553704e-07
79,0.001136911845783219,8.358045975486068e-07,1.511374402474646e-07
80,0.001107537888884075,8.12605769386754e-07,1.472924375985437e-07
81,0.001083623510595972,7.900731505844636e-07,1.4356326295603e-07
82,0.00105820900906794,7.683715066222571e-07,1.399185476951844e-07
83,0.001032141985268761,7.473869972946903e-07,1.363580240934891e-07
84,0.001012484614660257,7.270526650446522e-07,1.328881595923173e-07
85,0.0009963652234654587,7.074084385632024e-07,1.295150654285056e-07
86,0.0009747938725050652,6.884003222027937e-07,1.262321152324546e-07
87,0.0009537630270970522,6.69970179051064e-07,1.230357338869104e-07
88,0.0009324567393495134,6.521443559805549e-07,1.199075264194972e-07
89,0.0009152883335676929,6.348356080048144e-07,1.16867585652978e-07
90,0.0008945124863208846,6.180768271452479e-07,1.1390242631174e-07
91,0.0008772915265487684,6.018049485066008e-07,1.110216151016782e-07
92,0.0008578172483179092,5.860241843619812e-07,1.082372340353719e-07
93,0.0008401793650458348,5.706892024476485e-07,1.055419337581309e-07
94,0.0008244325082325866,5.558363487271967e-07,1.029294695969317e-07
95,0.0008095676529901241,5.413899634506595e-07,1.003834694459201e-07
96,0.0007921247838155453,5.273858789507245e-07,9.790051979912634e-08
97,0.0007787978424634234,5.138299499996746e-07,9.548487979846035e-08
98,0.0007619751050851717,5.006987209616873e-07,9.312742931646153e-08
99,0.0007466218448679317,4.879653343481336e-07,9.084505879469909e-08
100,0.0007312558719110853,4.755503050194159e-07,8.863213351801461e-08
101,0.0007156386071614874,4.634987304277138e-07,8.647614921988348e-08
102,0.0006998480509602838,4.517934645891754e-07,8.438181810733283e-08
103,0.0006880925230764341,4.404359211105534e-07,8.234215508106536e-08
104,0.0006763841129556778,4.293866769007391e-07,8.036410520627882e-08
105,0.0006689968423747714,4.187765231952234e-07,7.843553403056553e-08
106,0.0006602070589407018,4.084359486124696e-07,7.655521709764003e-08
107,0.000648152464665868,3.983708329059763e-07,7.471966351533563e-08
108,0.000638221874930034,3.886113465315159e-07,7.293429164858592e-08
109,0.0006304512633419875,3.791017237254754e-07,7.1200172676741e-08
110,0.0006202268963113737,3.698540020811796e-07,6.951480824636112e-08
111,0.0006086546877993657,3.608997078067078e-07,6.78674215415597e-08
112,0.0006011213452403313,3.521824835681611e-07,6.625620999507882e-08
113,0.00059719599442376,3.437300828339971e-07,6.46825551243294e-08
114,0.0005892653054752237,3.35508489767911e-07,6.314766142661432e-08
115,0.0005694840274175535,3.274888641639405e-07,6.164908497547067e-08
116,0.0005609634662100079,3.197159728037515e-07,6.019476655031193e-08
117,0.0005566784411933827,3.121596019444513e-07,5.877888410082011e-08
118,0.000545424781782421,3.047960594410646e-07,5.739791178912616e-08
119,0.0005381012741869278,2.976184122142057e-07,5.605730199389021e-08
120,0.0005334667231581476,2.906686645175609e-07,5.475976263835109e-08
121,0.0005246031664432283,2.838636817454946e-07,5.348595795007543e-08
122,0.000517532406607087,2.772951394701718e-07,5.224015980895073e-08
123,0.000506553917090657,2.708951332677882e-07,5.102184384062153e-08
124,0.000503631832210316,2.646537239402119e-07,4.983468292839267e-08
125,0.0004954746941890461,2.585460506674616e-07,4.866922045328957e-08
126,0.0004940072876946853,2.526342119298514e-07,4.752745624882742e-08
127,0.0004861009748190989,2.468640001584436e-07,4.641523319693436e-08
128,0.0004736374351913041,2.412935696318008e-07,4.533619433671541e-08
129,0.0004612024162182731,2.357547151824325e-07,4.426152680129532e-08
130,0.0004583621081636311,2.304190401276299e-07,4.322406449916322e-08
131,0.0004500915840286537,2.252540163706422e-07,4.220865594164128e-08
132,0.0004434974326994612,2.202199177155198e-07,4.12253940239936e-08
133,0.0004313653925030426,2.152926772779709e-07,4.026342427773551e-08
134,0.0004219102469507003,2.104663667623678e-07,3.931390915106881e-08
135,0.0004157607151942598,2.057797741818241e-07,3.839393733737098e-08
136,0.0004109769117771805,2.012194965953305e-07,3.750147698693794e-08
137,0.0004025003304317983,1.967778790224751e-07,3.66155686757714e-08
138,0.0003955547030202332,1.924459840076687e-07,3.574290355934656e-08
139,0.0003922746570207006,1.882256778998093e-07,3.490559403182424e-08
140,0.0003850252684400598,1.840669459496289e-07,3.408477416029099e-08
141,0.0003808645886924034,1.800506191176848e-07,3.328534113941095e-08
142,0.0003785470683749375,1.761402410084103e-07,3.250565513849893e-08
143,0.0003750201915550253,1.723123641916501e-07,3.174846155867714e-08
144,0.0003707302320264125,1.685688018158298e-07,3.101723768306766e-08
145,0.0003655438915401044,1.649016117881851e-07,3.02979100483274e-08
146,0.0003530592189141268,1.61315732307994e-07,2.960069825485463e-08
147,0.0003468082700861618,1.578278535356822e-07,2.891507626331676e-08
148,0.0003409903910898701,1.544139083748064e-07,2.825108698142075e-08
149,0.0003352629856676089,1.510737186590545e-07,2.760605542271396e-08
150,0.0003322819628741687,1.478119198176097e-07,2.697348897292835e-08
151,0.0003260193267142458,1.446325304800185e-07,2.63600322038441e-08
152,0.0003205139770592478,1.415458710829059e-07,2.576157867541364e-08
153,0.0003076229023687547,1.38532357780788e-07,2.517599600032648e-08
154,0.0002981871774465245,1.35590008843974e-07,2.459244977640274e-08
155,0.0002908288126296813,1.32706976916589e-07,2.402469143435298e-08
156,0.0002867821065497363,1.298717077345611e-07,2.347560312208668e-08
157,0.0002803506468767292,1.270938053082979e-07,2.294616064314259e-08
158,0.0002739427110110772,1.244221799730454e-07,2.242956068369621e-08
159,0.0002683660308780848,1.217997876231797e-07,2.192753819512668e-08
160,0.0002651982707958168,1.192410776175678e-07,2.143361517698753e-08
161,0.0002618751984737425,1.167478590815631e-07,2.094644774002304e-08
162,0.0002584604956551395,1.143089283892353e-07,2.046854333961547e-08
163,0.0002532572248142754,1.119188871920989e-07,1.999415739911255e-08
164,0.0002473567905415256,1.095762130698291e-07,1.952830602340607e-08
165,0.0002413016997503884,1.072893945046014e-07,1.906943625361678e-08
166,0.0002363987312307549,1.050571016983443e-07,1.862429695660516e-08
167,0.0002344170069133572,1.028866662878336e-07,1.818567556080232e-08
168,0.000230247760832306,1.007617244096695e-07,1.775212711689426e-08
169,0.0002269348912185821,9.869151051261483e-08,1.733072969533802e-08
170,0.0002229791325332916,9.667511582681306e-08,1.691188284974808e-08
171,0.0002184309164059816,9.469908550379681e-08,1.650284189868195e-08
172,0.0002140873832836067,9.277006429494955e-08,1.610878624895453e-08
173,0.000209434235472869,9.088527006157557e-08,1.572471098375237e-08
174,0.0002047254975502311,8.90439591521016e-08,1.535034387258783e-08
175,0.0002001470133101416,8.724569582159696e-08,1.49855690631286e-08
176,0.0001940990166976127,8.54830051633919e-08,1.462782812668844e-08
177,0.0001881544434469025,8.376448994424059e-08,1.428211727608541e-08
178,0.0001828157862874946,8.209169958880259e-08,1.394879755758392e-08
179,0.0001778312372446811,8.045896248711952e-08,1.362527804427835e-08
180,0.0001742003242137996,7.88606689248898e-08,1.331510893475234e-08
181,0.0001720791333451128,7.730289551411815e-08,1.302262677717965e-08
182,0.0001692725523562137,7.57780175620504e-08,1.274204804624382e-08
183,0.0001664327084198228,7.428629008431936e-08,1.24740036083299e-08
184,0.0001629873460970154,7.282679210749075e-08,1.221699193175357e-08
185,0.0001598493935456531,7.140312531839603e-08,1.197146736205706e-08
186,0.0001564151571694368,7.000740828225124e-08,1.172464857369388e-08
187,0.0001527624604054552,6.86422620644059e-08,1.14844080759535e-08
188,0.0001491779229028567,6.731110045297655e-08,1.124718580198713e-08
189,0.0001449954037850711,6.600670752461273e-08,1.101188020362508e-08
190,0.0001416434511837567,6.473185813500568e-08,1.078231382666394e-08
191,0.000138939957399682,6.348620164806155e-08,1.055451276750259e-08
192,0.0001363476300892599,6.22643160490143e-08,1.032859130031899e-08
193,0.0001347763975923183,6.107483351457701e-08,1.010538236825139e-08
194,0.0001326863737926503,5.990549194034767e-08,9.881875707155634e-09
195,0.0001308803185632325,5.87620122295649e-08,9.660039877222605e-09
196,0.0001290721015461867,5.763934990460357e-08,9.440408969340508e-09
197,0.0001268274529289304,5.653460033993569e-08,9.223591854614258e-09
198,0.0001250413695123695,5.545159498367789e-08,9.011558439025292e-09
199,0.0001231648481627009,5.438825309120356e-08,8.799444965666727e-09
200,0.0001206380549293299,5.334041370261381e-08,8.588252821820861e-09
201,0.0001180280999365426,5.230914963559333e-08,8.37731996277199e-09
202,0.0001157249689346665,5.130160816396641e-08,8.16820391202837e-09
203,0.0001125212605815897,5.031153147181869e-08,7.958383992560127e-09
204,0.0001096940241470576,4.933557894349947e-08,7.753001226422976e-09
205,0.0001071855879867698,4.837850985892932e-08,7.551705369583804e-09
206,0.0001049879361463888,4.743945833262911e-08,7.352988192591478e-09
207,0.0001025555278189765,4.651451434483556e-08,7.15239987963993e-09
208,9.966568670984616e-05,4.560285161647938e-08,6.953308944708844e-09
209,9.670773490289668e-05,4.470403200821974e-08,6.755142714664049e-09
210,9.376605891693476e-05,4.381966121679417e-08,6.558899926110697e-09
211,9.115195269372204e-05,4.295027581738658e-08,6.367119229692302e-09
212,8.901397289300365e-05,4.209666738496131e-08,6.184115606695987e-09
213,8.751700226199133e-05,4.12574044365262e-08,6.007101183312192e-09
214,8.604770856023375e-05,4.042930440623065e-08,5.83166907314977e-09
215,8.468691072638485e-05,3.961642844459456e-08,5.659252887944553e-09
216,8.352938877607743e-05,3.881418786639821e-08,5.48828739091887e-09
217,8.252884020112625e-05,3.802218726933354e-08,5.320605514258407e-09
218,8.149285001504485e-05,3.723938650810855e-08,5.155814758650635e-09
219,8.036255555912065e-05,3.646193972523714e-08,4.994426774958142e-09
220,7.929484814939088e-05,3.569720573507262e-08,4.83701210918956e-09
221,7.795275956051834e-05,3.494305008778451e-08,4.683669814260703e-09
222,7.616971906754285e-05,3.419858783564585e-08,4.533587842989634e-09
223,7.429225544768738e-05,3.346474236405221e-08,4.387593613481641e-09
224,7.260629157211956e-05,3.274168153074646e-08,4.245890403852245e-09
225,7.118525402459668e-05,3.202985704937758e-08,4.109089776863536e-09
226,6.961804285834176e-05,3.132916808890719e-08,3.977222716731726e-09
227,6.790451592735633e-05,3.063755236882266e-08,3.846972363695996e-09
228,6.611663952479723e-05,2.995606153560281e-08,3.722781277022932e-09
229,6.4467081706493e-05,2.928516384516644e-08,3.601694791096718e-09
230,6.281633264312754e-05,2.862536814712792e-08,3.482919470460253e-09
231,6.105596255372632e-05,2.797482362689609e-08,3.366564596471127e-09
232,5.947300507326022e-05,2.733348496001561e-08,3.254777661196892e-09
233,5.79975240996596e-05,2.670350350185871e-08,3.147304819403793e-09
234,5.658569735878783e-05,2.608398899001977e-08,3.044849381855025e-09
235,5.510793207465496e-05,2.547409509331889e-08,2.944237042861927e-09
236,5.369893627059827e-05,2.487418016624492e-08,2.84753680558071e-09
237,5.220210645162323e-05,2.428375217136039e-08,2.752419892004049e-09
238,5.064887517795437e-05,2.370367530533772e-08,2.66023777678096e-09
239,4.926574893975936e-05,2.313341994671963e-08,2.571459020730972e-09
240,4.79423040727518e-05,2.25729347027222e-08,2.485401150889342e-09
241,4.655298435332257e-05,2.202149678961657e-08,2.401480157509614e-09
242,4.509764265461167e-05,2.147977232826383e-08,2.321476679314874e-09
243,4.371208746314222e-05,2.094839385524851e-08,2.244846322205646e-09
244,4.244053551088197e-05,2.042740680812488e-08,2.171509599459298e-09
245,4.110197982412798e-05,1.991526143053519e-08,2.101328877510285e-09
246,3.982193376344179e-05,1.941307810765116e-08,2.034081466721584e-09
247,3.856131970062733e-05,1.892068215531781e-08,1.970227043588442e-09
248,3.751964555993486e-05,1.843839237195775e-08,1.909299861023329e-09
249,3.643478925785185e-05,1.796551045641596e-08,1.850709309769181e-09
250,3.544225536408938e-05,1.750250663460372e-08,1.794996647281649e-09
251,3.450400909548437e-05,1.704904677398555e-08,1.740523424523244e-09
252,3.357596968356329e-05,1.660493137924933e-08,1.68853137643948e-09
253,3.261411715671128e-05,1.616961218118661e-08,1.638533471212363e-09
254,3.171778578808438e-05,1.574333230206322e-08,1.590763352262618e-09
255,3.083434847862073e-05,1.53259995878977e-08,1.545309720992739e-09
256,2.994910801199097e-05,1.491723678041493e-08,1.501458732415286e-09
257,2.914296596791139e-05,1.45173644401113e-08,1.459787109172806e-09
258,2.834725605758283e-05,1.412599514436718e-08,1.419842902895776e-09
259,2.755558020089491e-05,1.374324355505059e-08,1.381371859664552e-09
260,2.68342955192818e-05,1.33690760838592e-08,1.344779559632484e-09
261,2.615129892850804e-05,1.300327920861117e-08,1.309500429906484e-09
262,2.547995692190223e-05,1.264564268932765e-08,1.275725023982459e-09
263,2.480176627617385e-05,1.229599222754609e-08,1.243613402993651e-09
264,2.416152338922956e-05,1.195458573485137e-08,1.212894249502329e-09
265,2.356260963669493e-05,1.162119753016358e-08,1.183363564268381e-09
266,2.297837697934465e-05,1.129562811312259e-08,1.155186949669898e-09
267,2.239495173732804e-05,1.097748542868839e-08,1.127921111002923e-09
268,2.177203858743489e-05,1.066692967468332e-08,1.102070735673105e-09
269,2.121942356078031e-05,1.036383994657878e-08,1.07740846619593e-09
270,2.067463384401229e-05,1.006827356575049e-08,1.053779886527492e-09
271,2.018458001668551e-05,9.780111384313193e-09,1.031200890515688e-09
272,1.969590182251486e-05,9.4990023998086e-09,1.009393858385388e-09
273,1.919136063136012e-05,9.224742230774191e-09,9.883364589376698e-10
274,1.873446784276154e-05,8.957411819161451e-09,9.67976689095105e-10
275,1.83375084973277e-05,8.697208286940694e-09,9.482917845440651e-10
276,1.790727943546004e-05,8.443509077636671e-09,9.295156253865313e-10
277,1.748203634666748e-05,8.196199272422743e-09,9.112834014399385e-10
278,1.706121072677948e-05,7.955145016826168e-09,8.933710041410645e-10
279,1.661777257501531e-05,7.720241859310524e-09,8.754363796524962e-10
280,1.615866820268329e-05,7.491366321075574e-09,8.57259179152002e-10
281,1.570720524422844e-05,7.268368191042242e-09,8.394196318267308e-10
282,1.526462174133799e-05,7.051295775682104e-09,8.218292348453978e-10
283,1.484445913553482e-05,6.839949925957815e-09,8.044143563837327e-10
284,1.443076292882047e-05,6.634218862048564e-09,7.871769569572475e-10
285,1.403790285266355e-05,6.434007082643955e-09,7.703139899211834e-10
286,1.365049562868074e-05,6.239179563811743e-09,7.535033458788344e-10
287,1.326062422481455e-05,6.049575007043456e-09,7.368022173871368e-10
288,1.287318674658533e-05,5.865196739083136e-09,7.202426633310615e-10
289,1.249508947049472e-05,5.685855354471299e-09,7.039307064577685e-10
290,1.213705183173802e-05,5.511519697601253e-09,6.876725674382487e-10
291,1.179161234832723e-05,5.34203440100719e-09,6.71678618360021e-10
292,1.145257044528839e-05,5.177187483052754e-09,6.56006457532055e-10
293,1.113227350860037e-05,5.016994513182021e-09,6.405152753153988e-10
294,1.081768948099919e-05,4.86138745267308e-09,6.252086547362455e-10
295,1.050330632134681e-05,4.710157273107779e-09,6.1006978900645e-10
296,1.019479626904243e-05,4.563197064734763e-09,5.952394388445113e-10
297,9.903433454856828e-06,4.420449026940926e-09,5.805957608722663e-10
298,9.612203532104721e-06,4.281788015620759e-09,5.661552598400453e-10
299,9.334298036100188e-06,4.147123376204543e-09,5.519688371781505e-10
300,9.067464435354808e-06,4.016359709505529e-09,5.380403314405021e-10
301,8.809299608631222e-06,3.889398553624764e-09,5.243422415741287e-10
302,8.556749463650214e-06,3.766126405562812e-09,5.1089969591755e-10
303,8.306545706382571e-06,3.646439580330891e-09,4.976856151547879e-10
304,8.063962336630992e-06,3.530283964957726e-09,4.847480927010579e-10
305,7.832393551167536e-06,3.41757478120388e-09,4.720696296893369e-10
306,7.603693515166467e-06,3.308210573606948e-09,4.596574876798954e-10
307,7.379778960731302e-06,3.202093517516194e-09,4.474953031021314e-10
308,7.164203292786303e-06,3.09917249323969e-09,4.355441021459589e-10
309,6.952544350473113e-06,2.999330338523883e-09,4.238655533814254e-10
310,6.750297121691679e-06,2.902496746606117e-09,4.124229555882597e-10
311,6.5551216108598e-06,2.808586502700817e-09,4.012340664030701e-10
312,6.366503689289479e-06,2.717530918053138e-09,3.903148885939723e-10
313,6.18139329080247e-06,2.62923619288784e-09,3.796239847847162e-10
314,6.001539070890326e-06,2.543626865458886e-09,3.691579475153326e-10
315,5.823464769141118e-06,2.461488803208136e-09,3.589634056803295e-10
316,5.684197026263565e-06,2.38180703453844e-09,3.490915948385019e-10
317,5.559520784380928e-06,2.304295874128217e-09,3.394433199493968e-10
318,5.433808605618757e-06,2.2288237053631e-09,3.300042607622202e-10
319,5.303616183210453e-06,2.155398844174537e-09,3.207376173503647e-10
320,5.161417212184226e-06,2.084024658611119e-09,3.116280208483549e-10
321,5.002829812496557e-06,2.014721899735161e-09,3.026385043385978e-10
322,4.846751507202203e-06,1.947673631709878e-09,2.938642625280519e-10
323,4.692999101585951e-06,1.882831834007054e-09,2.85307591226497e-10
324,4.542362013782266e-06,1.820170350846195e-09,2.769704281749184e-10
325,4.396745451335418e-06,1.759567386123511e-09,2.68846753029531e-10
326,4.254602888340364e-06,1.700915157241552e-09,2.609265632259751e-10
327,4.115826624398943e-06,1.64412652353267e-09,2.532038948634412e-10
328,3.982336605033201e-06,1.589140625203968e-09,2.456852755354508e-10
329,3.855197755519413e-06,1.535905053237544e-09,2.383667630408288e-10
330,3.732995173125609e-06,1.484370204081882e-09,2.312445726768372e-10
331,3.615199076976594e-06,1.434487422228819e-09,2.243134218087275e-10
332,3.501686694518995e-06,1.386208756026439e-09,2.175687979274625e-10
333,3.392162418288896e-06,1.339486203756337e-09,2.110065624590458e-10
334,3.285897434244945e-06,1.294272974260959e-09,2.046219512874175e-10
335,3.183147613278108e-06,1.250520652021091e-09,1.983936272581173e-10
336,3.083431596163041e-06,1.208181366532368e-09,1.923065761542177e-10
337,2.986638331955936e-06,1.167215312377723e-09,1.864092273202631e-10
338,2.892406873250196e-06,1.127574484085178e-09,1.806816093704909e-10
339,2.787939467390587e-06,1.089175106008666e-09,1.750244154116935e-10
340,2.690544778108668e-06,1.052055255496527e-09,1.69564318288647e-10
341,2.600007491704768e-06,1.016165439737641e-09,1.642797460322629e-10
342,2.51434831347902e-06,9.814541071160214e-10,1.591554715787987e-10
343,2.432228554552828e-06,9.47888200418077e-10,1.541835675548351e-10
344,2.353040178354707e-06,9.15426961038604e-10,1.493565448010498e-10
345,2.276470304862014e-06,8.840357137072318e-10,1.446676593402013e-10
346,2.202439975126745e-06,8.536813185707316e-10,1.401143851930645e-10
347,2.130742213493393e-06,8.243315719832938e-10,1.356925723826344e-10
348,2.061391230213466e-06,7.959551765244442e-10,1.31398815346202e-10
349,1.994212249952606e-06,7.685219786861849e-10,1.272291478734983e-10
350,1.929373257951389e-06,7.420033932622551e-10,1.231810613171927e-10
351,1.866694167877668e-06,7.163681927420534e-10,1.192532950149422e-10
352,1.805803185227493e-06,6.915886654569253e-10,1.15441614632251e-10
353,1.746729755705887e-06,6.676383393824748e-10,1.117477456497355e-10
354,1.690244414481068e-06,6.44490449873122e-10,1.081615671286258e-10
355,1.635516647761289e-06,6.221198388830649e-10,1.046808047685172e-10
356,1.582310643959564e-06,6.00501702299235e-10,1.013032693741766e-10
357,1.530540278068934e-06,5.79611046530693e-10,9.802653921333442e-11
358,1.480256861467081e-06,5.594245464020818e-10,9.484812957726053e-11
359,1.431473884530399e-06,5.399195221162207e-10,9.176554010612335e-11
360,1.383957862196205e-06,5.210740409342276e-10,8.8776323388618e-11
361,1.338099766234973e-06,5.028668135850278e-10,8.587801097945621e-11
362,1.293738185914928e-06,4.852771974125e-10,8.306813526511842e-11
363,1.250705962021072e-06,4.682851772005941e-10,8.034432491785772e-11
364,1.208992422061675e-06,4.518713307727528e-10,7.770426460487655e-11
365,1.168507348618275e-06,4.360167990433123e-10,7.514567749502145e-11
366,1.129157325722533e-06,4.207032980975947e-10,7.266634091290007e-11
367,1.091110508898072e-06,4.059131057388779e-10,7.026404805498507e-11
368,1.054302381272743e-06,3.916291039629032e-10,6.793667617687027e-11
369,1.018611635467759e-06,3.778347624622669e-10,6.568221997831337e-11
370,9.841238776043658e-07,3.645137404942097e-10,6.349843093689083e-11
371,9.507489706098622e-07,3.516503866122162e-10,6.138320717829154e-11
372,9.184400431657498e-07,3.392295498915e-10,5.933476873163053e-11
373,8.872179391773984e-07,3.27236552127424e-10,5.735119779887409e-11
374,8.570880486276021e-07,3.156571821293071e-10,5.542971224045674e-11
375,8.280867128503582e-07,3.044776720335022e-10,5.357007816976922e-11
376,7.998701500259053e-07,2.936846721338238e-10,5.176966815038622e-11
377,7.725524885425708e-07,2.832653065912134e-10,5.002695140345341e-11
378,7.461349510367252e-07,2.732070602820967e-10,4.834018025041497e-11
379,7.205967631064073e-07,2.634978245194533e-10,4.670766397937832e-11
380,6.958948831939467e-07,2.541258787037884e-10,4.512777769756244e-11
381,6.720063853057581e-07,2.450798813726868e-10,4.359894264892045e-11
382,6.489012050381142e-07,2.363488433766036e-10,4.211962196326927e-11
383,6.26553491570644e-07,2.279221351755001e-10,4.068831960132626e-11
384,6.049274820811403e-07,2.197895246410288e-10,3.930358106471971e-11
385,5.840548134622748e-07,2.119409750179058e-10,3.796398962121484e-11
386,5.638551785023784e-07,2.043668402558657e-10,3.666817049340774e-11
387,5.443191799708314e-07,1.970578359223788e-10,3.541478753344931e-11
388,5.254336636918923e-07,1.900048967651239e-10,3.420253957473189e-11
389,5.071888995905136e-07,1.831993884689459e-10,3.303016073178954e-11
390,4.89550870379084e-07,1.766328804018694e-10,3.189641938953663e-11
391,4.72497202614918e-07,1.70297184883746e-10,3.080011770068678e-11
392,4.560171777622064e-07,1.641844009065889e-10,2.974009710876738e-11
393,4.399383859998913e-07,1.582863586505149e-10,2.87147211104718e-11
394,4.245265682689464e-07,1.525967195732551e-10,2.772401824843901e-11
395,4.09651259088949e-07,1.471080058239145e-10,2.67663333032049e-11
396,3.952832071780014e-07,1.418131014961396e-10,2.584049049888324e-11
397,3.814110499755917e-07,1.367053388714616e-10,2.494553256270703e-11
398,3.678909343073598e-07,1.317778770270905e-10,2.407941754045116e-11
399,3.549479663625981e-07,1.270254137744749e-10,2.324391678616747e-11
400,3.424490863306421e-07,1.224414090590837e-10,2.243626123500032e-11
401,3.303961463674932e-07,1.180199669886251e-10,2.165573414815866e-11
402,3.187749481040138e-07,1.137555081907617e-10,2.090142708126369e-11
403,3.07531963682234e-07,1.096425658241341e-10,2.017251365873313e-11
404,2.966680725706626e-07,1.056758688339049e-10,1.946820300604187e-11
405,2.861776689324859e-07,1.018503437670639e-10,1.878771823575489e-11
406,2.760451737826145e-07,9.816108458302103e-11,1.813029658183759e-11
407,2.662596829569991e-07,9.460334912838461e-11,1.749519582920327e-11
408,2.568106717830191e-07,9.117255277370342e-11,1.6881693894199e-11
409,2.476946714127602e-07,8.786426578480479e-11,1.628908978825765e-11
410,2.389201954123644e-07,8.467420349504262e-11,1.571670302560347e-11
411,2.304518728993341e-07,8.159821142533676e-11,1.516387091165233e-11
412,2.222643551698517e-07,7.863228948790934e-11,1.462995168825793e-11
413,2.143533050137435e-07,7.577259904459922e-11,1.41143267627864e-11
414,2.067127022288275e-07,7.301541677297468e-11,1.361639513226864e-11
415,1.993351497627676e-07,7.035714014176885e-11,1.313557335836212e-11
416,1.92212504192428e-07,6.77942890033821e-11,1.267129581176362e-11
417,1.8533735094282e-07,6.532350276524948e-11,1.222301440049161e-11
418,1.787020789989164e-07,6.29415349771222e-11,1.179019861056615e-11
419,1.72290233018964e-07,6.064525079025616e-11,1.137233609890363e-11
420,1.660619400791357e-07,5.843162367427986e-11,1.096892610490271e-11
421,1.60092241512881e-07,5.629773149740006e-11,1.057948578964351e-11
422,1.543533649905078e-07,5.42407528548052e-11,1.02035483689493e-11
423,1.488111268156991e-07,5.225796397412248e-11,9.840661479224865e-12
424,1.434607006820836e-07,5.034673526475467e-11,9.490387082010521e-12
425,1.382971897682339e-07,4.850452814774968e-11,9.152302484469576e-12
426,1.333151481177953e-07,4.672889198776227e-11,8.825996071358904e-12
427,1.285088751434813e-07,4.501746116004279e-11,8.511069973594688e-12
428,1.238726239077699e-07,4.336795223232122e-11,8.207139715821858e-12
429,1.194006544838408e-07,4.177816124558456e-11,7.913832984485527e-12
430,1.15087248118602e-07,4.024596110781181e-11,7.630789574862113e-12
431,1.109269156754949e-07,3.876929822267303e-11,7.357661948914562e-12
432,1.069143636947253e-07,3.734619111515293e-11,7.094112248073233e-12
433,1.03044454819034e-07,3.597472703067861e-11,6.839813778951472e-12
434,9.931224769229315e-08,3.465306042698269e-11,6.594450998804692e-12
435,9.571294670958215e-08,3.337941029708609e-11,6.35771859389043e-12
436,9.224196038532839e-08,3.215205805318085e-11,6.129321283618028e-12
437,8.889481256684992e-08,3.096934541686153e-11,5.908973492097868e-12
438,8.566717034472264e-08,2.982967218303265e-11,5.696399036361945e-12
439,8.255485932391677e-08,2.873149448921218e-11,5.491330822663999e-12
440,7.955364062291785e-08,2.767332275759563e-11,5.293510621673053e-12
441,7.666002645926235e-08,2.665371986906168e-11,5.10268873131841e-12
442,7.387008565825608e-08,2.567129935514185e-11,4.918623739197729e-12
443,7.118015141521195e-08,2.472472364090993e-11,4.741082303691466e-12
444,6.858674586735632e-08,2.38127024229612e-11,4.569838789272253e-12
445,6.60864617962162e-08,2.293399096263581e-11,4.404675139108394e-12
446,6.367602112758353e-08,2.208738861718105e-11,4.245380647208116e-12
447,6.135208610561964e-08,2.127173708001117e-11,4.091751224286618e-12
448,5.911185361574595e-08,2.048591935010847e-11,3.943590575378106e-12
449,5.695234753211096e-08,1.972885798527986e-11,3.800708333661336e-12
450,5.487069169551587e-08,1.899951464181197e-11,3.662920496028767e-12
451,5.28641211801198e-08,1.82968863058862e-11,3.530049391454582e-12
452,5.092996635682606e-08,1.762000603738485e-11,3.401923358694432e-12
453,4.906566206767301e-08,1.696794159748531e-11,3.278376542625109e-12
454,4.726872724927795e-08,1.633979393016832e-11,3.159248764429652e-12
455,4.553676882912455e-08,1.573469604798631e-11,3.044385220046477e-12
456,4.386747879842726e-08,1.515181194700254e-11,2.933636432267084e-12
457,4.22586336483128e-08,1.459033539054353e-11,2.8268579491989e-12
458,4.070807333000396e-08,1.40494890485959e-11,2.723910294155836e-12
459,3.92137214030281e-08,1.352852329627242e-11,2.624658734957788e-12
460,3.777357879726137e-08,1.302671541595306e-11,2.5289731404029e-12
461,3.638571023632499e-08,1.254336855152817e-11,2.436727858091991e-12
462,3.504824858191442e-08,1.207781081737425e-11,2.347801528374436e-12
463,3.375938984795269e-08,1.162939444019394e-11,2.262076993627151e-12
464,3.251739425128845e-08,1.119749522131217e-11,2.179441146048156e-12
465,3.132059322124026e-08,1.078151105039048e-11,2.099784629888186e-12
466,3.016735349756055e-08,1.038086130208236e-11,2.023001953591034e-12
467,2.905611810222339e-08,9.994986255376185e-12,1.948991248128609e-12
468,2.798538769014403e-08,9.623346484960521e-12,1.877654175321178e-12
469,2.695370157327967e-08,9.265421997615081e-12,1.808895786329187e-12
470,2.595963142394256e-08,8.920711570236958e-12,1.742624483240199e-12
471,2.500185281208724e-08,8.588732054522546e-12,1.678751787306408e-12
472,2.407906776261378e-08,8.269017998908182e-12,1.617192277392896e-12
473,2.319000592242654e-08,7.961120305535197e-12,1.557863530916226e-12
474,2.233345181016278e-08,7.66460631528852e-12,1.500686032435112e-12
475,2.150819503051795e-08,7.379058956411449e-12,1.44558297259444e-12
476,2.071316594349814e-08,7.10407626827063e-12,1.392480288129759e-12
477,1.994725972980951e-08,6.839270883025461e-12,1.341306449142052e-12
478,1.920941309445684e-08,6.58426944392869e-12,1.291992453826177e-12
479,1.849860163865925e-08,6.338712185917664e-12,1.244471712852618e-12
480,1.781385765657775e-08,6.102252351462948e-12,1.198679952711738e-12
481,1.715423536659109e-08,5.874555795320795e-12,1.154555208049426e-12
482,1.651881770904038e-08,5.655300604298971e-12,1.112037598955111e-12
483,1.590673230700428e-08,5.444176354990951e-12,1.071069453598762e-12
484,1.531713771264947e-08,5.240883989522929e-12,1.031595077491526e-12
485,1.474920419987847e-08,5.045135498368365e-12,9.935607311484756e-13
486,1.420215714849248e-08,4.85665302476486e-12,9.56914611719579e-13
487,1.367522760054849e-08,4.67516904356335e-12,9.216067069533437e-13
488,1.316769432922717e-08,4.500425730454223e-12,8.87588773170521e-13
489,1.267884659171703e-08,4.332174681741998e-12,8.548143118534323e-13
490,1.220800615245442e-08,4.170176557346145e-12,8.232384452552004e-13
491,1.175451361702856e-08,4.014200744126553e-12,7.928178878487507e-13
492,1.131773828054881e-08,3.864025145943563e-12,7.635109094172807e-13
493,1.089706110746489e-08,3.719435631502265e-12,7.352772567495688e-13
494,1.049190119044393e-08,3.580225903389828e-12,7.080780697822228e-13
495,1.010169688832894e-08,3.446197278764783e-12,6.818758816681428e-13
496,9.725889122136546e-09,3.317158306801128e-12,6.566345970946728e-13
497,9.363961977857793e-09,3.192924564761126e-12,6.323193810493027e-13
498,9.015406262381605e-09,3.073318415825933e-12,6.088966489195409e-13
499,8.679729060738238e-09,2.958168697554747e-12,5.863340156378155e-13
500,8.356464424596424e-09,2.84731047149538e-12,5.646002546556055e-13
501,8.045149945958631e-09,2.740584905534979e-12,5.436652452474726e-13
502,7.745355630446555e-09,2.637838979907345e-12,5.234999726050811e-13
503,7.456654313305386e-09,2.53892529710584e-12,5.040764287867423e-13
504,7.178641012634634e-09,2.443701856041642e-12,4.853676177889905e-13
505,6.91093062355122e-09,2.352031968372788e-12,4.673475501400551e-13
506,6.653123477017145e-09,2.263783802993969e-12,4.499911262658417e-13
507,6.404882471965635e-09,2.178830455612767e-12,4.332741483891065e-13
508,6.165837238717997e-09,2.097049716090956e-12,4.171733062688773e-13
509,5.935655341268917e-09,2.018323805028563e-12,4.016661014662712e-13
510,5.714016009087807e-09,1.942539375025316e-12,3.867309030445322e-13
511,5.500601700096742e-09,1.86958726037587e-12,3.723467825043708e-13
512,5.295103588310793e-09,1.799362187967463e-12,3.584936244594919e-13
513,5.09723977473889e-09,1.731762817502909e-12,3.451520295799148e-13
514,4.906719828853857e-09,1.666691533441935e-12,3.323032726084329e-13
515,4.723280553397109e-09,1.604054351242509e-12,3.199293277114445e-13
516,4.54665937422944e-09,1.5437607804608e-12,3.080128076239888e-13
517,4.376605556561812e-09,1.485723646294187e-12,2.965369867982056e-13
518,4.212875595997761e-09,1.429858952890079e-12,2.854857021326908e-13
519,4.05523489794226e-09,1.376085845356673e-12,2.748433861120641e-13
520,3.903458639249301e-09,1.32432650049588e-12,2.6459505292281e-13
521,3.75732912974097e-09,1.274505884039213e-12,2.547262350792242e-13
522,3.616643739759073e-09,1.226551755801719e-12,2.45222999757558e-13
523,3.481193700422439e-09,1.180394595930878e-12,2.360719377738244e-13
524,3.350789177613723e-09,1.13596741779423e-12,2.272601082206137e-13
525,3.225243481355433e-09,1.093205700841353e-12,2.187750316934983e-13
526,3.104377388251624e-09,1.052047349296951e-12,2.106047073340799e-13
527,2.988018292239511e-09,1.012432596517279e-12,2.027375475284704e-13
528,2.87599318764085e-09,9.743037957785073e-13,1.951623986122787e-13
529,2.768150353958098e-09,9.376055227057361e-13,1.878685183293349e-13
530,2.664330570151457e-09,9.022843250530746e-13,1.80845546037059e-13
531,2.564383909188112e-09,8.682888287713462e-13,1.740835012329605e-13
532,2.468168522513746e-09,8.355694994591925e-13,1.67572759328517e-13
533,2.375544808413427e-09,8.040786702361296e-13,1.613040568883718e-13
534,2.28637466452619e-09,7.737703877766467e-13,1.552684649739601e-13
535,2.200543219074536e-09,7.446004897311682e-13,1.494573938507631e-13
536,2.117916446443858e-09,7.165263909175218e-13,1.438625477949038e-13
537,2.038379906623629e-09,6.895071446616554e-13,1.384759392537754e-13
538,1.961815284024411e-09,6.635033006050482e-13,1.332898784536902e-13
539,1.888106388849957e-09,6.384768439236942e-13,1.282969459489738e-13
540,1.817160992117823e-09,6.143911987304238e-13,1.234900191626495e-13
541,1.748865379466656e-09,5.912111596849822e-13,1.188622051570676e-13
542,1.683128990397349e-09,5.689028290369986e-13,1.144068804535684e-13
543,1.61984978733267e-09,5.474335687489838e-13,1.101176582702825e-13
544,1.558943434756221e-09,5.267719221677298e-13,1.059883946066568e-13
545,1.500316030070955e-09,5.068876816332764e-13,1.020131677348046e-13
546,1.443882825032714e-09,4.877516797189813e-13,9.818626489309071e-14
547,1.389559055119678e-09,4.693358804017376e-13,9.450219009826512e-14
548,1.337278524215634e-09,4.516132922160013e-13,9.095565289753505e-14
549,1.286952337272621e-09,4.345579444083033e-13,8.754155469782247e-14
550,1.238511994454494e-09,4.181448165361465e-13,8.425495820957883e-14
551,1.191893967150614e-09,4.023497896164705e-13,8.109116535828111e-14
552,1.147013544591108e-09,3.871496840804886e-13,7.80455961602975e-14
553,1.103823831937067e-09,3.725221859315264e-13,7.511388358706703e-14
554,1.062252460847375e-09,3.584457913087782e-13,7.229176123155166e-14
555,1.022240189790446e-09,3.448998404078657e-13,6.957517723499815e-14
556,9.837258358332546e-10,3.318643938884772e-13,6.696022155932534e-14
557,9.46663962506328e-10,3.193202750197866e-13,6.444310237334077e-14
558,9.109924359976734e-10,3.072490577116162e-13,6.202017099343079e-14
559,8.766563613492331e-10,2.956329609685163e-13,5.968794848819735e-14
560,8.436133963211079e-10,2.844548698585229e-13,5.744303496082208e-14
561,8.118064984812999e-10,2.736983522386919e-13,5.528219524651907e-14
562,7.811974572504225e-10,2.633475526502039e-13,5.320229155257223e-14
563,7.517418354681672e-10,2.533872154038776e-13,5.120031781078489e-14
564,7.233886545121682e-10,2.438026694697995e-13,4.927335575776464e-14
565,6.961007360797536e-10,2.345797779421024e-13,4.741863018211075e-14
566,6.698449708461937e-10,2.257049479581607e-13,4.563342222720572e-14
567,6.445691035553069e-10,2.171650862040679e-13,4.391516794115195e-14
568,6.202464621223068e-10,2.089475514407135e-13,4.226134506164221e-14
569,5.968405607774744e-10,2.010402711994254e-13,4.066956994701715e-14
570,5.743123080231343e-10,1.934315321065742e-13,3.913751325648963e-14
571,5.526358526695419e-10,1.86110120584153e-13,3.766295723550801e-14
572,5.317722689520871e-10,1.79065196057634e-13,3.624374418011492e-14
573,5.116935239812843e-10,1.722863539542709e-13,3.487781286779382e-14
574,4.923697600032139e-10,1.657635900304495e-13,3.35631669540584e-14
575,4.737741654305968e-10,1.594872377780148e-13,3.229790114480541e-14
576,4.55882456326697e-10,1.534480257796658e-13,3.108016097574701e-14
577,4.38660169223926e-10,1.476370111202043e-13,2.990817304482058e-14
578,4.220918815542395e-10,1.420456178961889e-13,2.87802215052446e-14
579,4.0614106447081e-10,1.366655405067345e-13,2.76946664536579e-14
580,3.907938441877871e-10,1.314888317427328e-13,2.664992310864387e-14
581,3.760262986050844e-10,1.265078113849663e-13,2.564444802535842e-14
582,3.618152988105075e-10,1.217151240544448e-13,2.467679016512517e-14
583,3.481418193379816e-10,1.171036461463111e-13,2.374553536907813e-14
584,3.349811506662949e-10,1.126665551679253e-13,2.284930543001722e-14
585,3.223159145651012e-10,1.083972658873375e-13,2.198678847918024e-14
586,3.101297449403912e-10,1.042894425203654e-13,2.115673123701787e-14
587,2.984031711763448e-10,1.003370201478596e-13,2.035791614657447e-14
588,2.871181252964278e-10,9.653410648818468e-14,1.958916823752161e-14
589,2.762621461850637e-10,9.287507151105746e-14,1.884936186889317e-14
590,2.658130231126028e-10,8.935447537984762e-14,1.813741668109109e-14
591,2.557601471185999e-10,8.596711763722428e-14,1.745227844534722e-14
592,2.460819285596125e-10,8.2707938571917e-14,1.67929486185245e-14
593,2.367738825249725e-10,7.957212687702682e-14,1.615845724952889e-14
594,2.278177393013539e-10,7.655499001538915e-14,1.554787320686631e-14
595,2.191980080212258e-10,7.365209206338883e-14,1.496029261926781e-14
596,2.109014899438631e-10,7.085907281482262e-14,1.439485831196823e-14
597,2.029209834931717e-10,6.817178858428963e-14,1.385074274294997e-14
598,1.952448185263696e-10,6.558624237402377e-14,1.332713876450591e-14
599,1.878561675510792e-10,6.30986524613838e-14,1.28232686302528e-14
600,1.80746441318688e-10,6.070523914515782e-14,1.23384022742457e-14
601,1.739057554220696e-10,5.840246674968393e-14,1.187182483756294e-14
602,1.673236749554321e-10,5.618692815087862e-14,1.142285441337767e-14
603,1.609919224478175e-10,5.405529699658158e-14,1.099080870791873e-14
604,1.548977467199538e-10,5.200442194566502e-14,1.057507292316322e-14
605,1.490367888925758e-10,5.003125564937305e-14,1.017501493575196e-14
606,1.433916669537722e-10,4.813285623315432e-14,9.79007261473477e-15
607,1.379644153253641e-10,4.630637627818533e-14,9.41964613399245e-15
608,1.327452036030126e-10,4.454910936270019e-14,9.06320313389059e-15
609,1.277178778415416e-10,4.285844984961278e-14,8.720222972873755e-15
610,1.2288128010996e-10,4.123184677874245e-14,8.390189625861669e-15
611,1.182305952533072e-10,3.966690814311254e-14,8.072622358143372e-15
612,1.137553907209435e-10,3.816127461347161e-14,7.767043281463394e-15
613,1.094493702500191e-10,3.671272762432856e-14,7.473013081365464e-15
614,1.053090066077261e-10,3.531910098866063e-14,7.190089182990263e-15
615,1.013205027801748e-10,3.39782952460842e-14,6.917848330388878e-15
616,9.748793889389771e-11,3.268832516980625e-14,6.655905686401966e-15
617,9.379679721055405e-11,3.144727827446888e-14,6.403852010670938e-15
618,9.024599535334447e-11,3.025329263515451e-14,6.161321840508392e-15
619,8.68334406907844e-11,2.91045972129324e-14,5.927973267344356e-15
620,8.354664255252107e-11,2.799944547451826e-14,5.703428320445059e-15
621,8.038864884648097e-11,2.69362319985801e-14,5.48739319966661e-15
622,7.734552515864473e-11,2.591333158006973e-14,5.279508132794343e-15
623,7.441945794114417e-11,2.492922981650779e-14,5.079491438083734e-15
624,7.160459821556463e-11,2.398246278954411e-14,4.887040215375093e-15
625,6.889626834876346e-11,2.307162675069114e-14,4.701866474879524e-15
626,6.628958981977064e-11,2.219532950077521e-14,4.523698254216331e-15
627,6.378571991058951e-11,2.135229329343858e-14,4.35227477709571e-15
628,6.137451713604401e-11,2.054124048520245e-14,4.18732628678021e-15
629,5.905531228935951e-11,1.976095096030556e-14,4.028620385667923e-15
630,5.682347394879313e-11,1.9010287472795e-14,3.875935618698713e-15
631,5.467826484060785e-11,1.82881073814083e-14,3.729008274528745e-15
632,5.261787645408059e-11,1.759334017163116e-14,3.587641980620153e-15
633,5.062854736094222e-11,1.692493100538952e-14,3.451639340155794e-15
634,4.871654664132024e-11,1.628189349140153e-14,3.320780729827511e-15
635,4.687746244825365e-11,1.566327529405734e-14,3.19487296998011e-15
636,4.511380454376769e-11,1.506814570393792e-14,3.073747092997599e-15
637,4.340987839504018e-11,1.449560197198173e-14,2.957184250979826e-15
638,4.17776851166827e-11,1.394480221910747e-14,2.845055693001002e-15
639,4.020252947634083e-11,1.34149001026355e-14,2.737167239168892e-15
640,3.868918595560887e-11,1.290510517492389e-14,2.633344474979225e-15
641,3.723216547118354e-11,1.241469773068694e-14,2.533488507167959e-15
642,3.583001192940861e-11,1.194290411456041e-14,2.437396591456362e-15
643,3.448158145653013e-11,1.148900489284252e-14,2.344946178780781e-15
644,3.318673242446534e-11,1.105235961353596e-14,2.255991534957943e-15
645,3.194101693287477e-11,1.063230505768939e-14,2.170428020699461e-15
646,3.074636060806014e-11,1.02281797808838e-14,2.088079678913753e-15
647,2.959220997638995e-11,9.83942179893121e-15,2.008878822000142e-15
648,2.8483658803826e-11,9.465434081676302e-15,1.932668462231602e-15
649,2.741328774803596e-11,9.10563234158303e-15,1.859336747300563e-15
650,2.638521757325851e-11,8.759510748774418e-15,1.788801349583804e-15
651,2.539886144776757e-11,8.426540397632281e-15,1.720934120411991e-15
652,2.444914522844973e-11,8.106223896293615e-15,1.655629269731332e-15
653,2.353897149452199e-11,7.79805663800365e-15,1.592813661463583e-15
654,2.26594475208828e-11,7.501612862248532e-15,1.532359959000391e-15
655,2.181357715943622e-11,7.216434403570805e-15,1.474232737824226e-15
656,2.100390097916539e-11,6.942076703847407e-15,1.41828936764757e-15
657,2.022157682320866e-11,6.678159346945612e-15,1.36446244336485e-15
658,1.946681330863812e-11,6.424242278177316e-15,1.312662405668094e-15
659,1.874442908972319e-11,6.179990357572278e-15,1.262845076302168e-15
660,1.805207275183361e-11,5.945047940574599e-15,1.214943073737122e-15
661,1.737831261416351e-11,5.718990789322992e-15,1.168832092223236e-15
662,1.673574252906525e-11,5.501541664830104e-15,1.124454513130986e-15
663,1.611758973568937e-11,5.292392966422183e-15,1.08180369408995e-15
664,1.552504527224379e-11,5.09114491468876e-15,1.040731196547831e-15
665,1.494827005897477e-11,4.897563392366099e-15,1.001224050832649e-15
666,1.44010705304192e-11,4.711334694466463e-15,9.632294991720691e-16
667,1.386921084428816e-11,4.532185638370704e-15,9.266586681597214e-16
668,1.335943453343052e-11,4.359852806510158e-15,8.914970601470543e-16
669,1.287009198322326e-11,4.194075680647693e-15,8.576533140973769e-16
670,1.239831785166743e-11,4.034579145320656e-15,8.25107591717659e-16
671,1.194658646937351e-11,3.881158856220614e-15,7.93771608637656e-16
672,1.150758583048861e-11,3.733558326958473e-15,7.636705633108271e-16
673,1.10926044136471e-11,3.59161163386263e-15,7.34689606170623e-16
674,1.068710532155949e-11,3.45502582786087e-15,7.067846816480123e-16
675,1.029956055578259e-11,3.323647744720088e-15,6.799951308379381e-16
676,9.930616610978721e-12,3.197239211086286e-15,6.541696055493495e-16
677,9.573492073142528e-12,3.075648230510172e-15,6.293332142263552e-16
678,9.217150207771663e-12,2.958696087196356e-15,6.054455504309075e-16
679,8.89675489131609e-12,2.846178870593645e-15,5.82463820065895e-16
680,8.576214636599012e-12,2.737929337060962e-15,5.603649117686131e-16
681,8.262160248366013e-12,2.633841120264634e-15,5.391130022286671e-16
682,7.975720226967893e-12,2.533676165013665e-15,5.18643725696626e-16
683,7.687589044024057e-12,2.437347741528484e-15,4.989754282789868e-16
684,7.413642699489865e-12,2.344657711632381e-15,4.800514864928946e-16
685,7.148711929300762e-12,2.255518927072235e-15,4.618357756599826e-16
686,6.898125781758957e-12,2.16970769308895e-15,4.44291817597298e-16
687,6.662295027793442e-12,2.087206901136661e-15,4.274423203361897e-16
688,6.427058714503954e-12,2.007844263951796e-15,4.112418040169966e-16
689,6.200182212251204e-12,1.931488740931966e-15,3.956200941584342e-16
690,5.986525859632672e-12,1.85802976042753e-15,3.806301322439642e-16
691,5.775852418459625e-12,1.787377673502446e-15,3.661689201848696e-16
692,5.575033134410712e-12,1.719436200999616e-15,3.522918200879064e-16
693,5.38515435804141e-12,1.654054199051736e-15,3.389188306516658e-16
694,5.197232883851472e-12,1.591183022226083e-15,3.261111899377483e-16
695,5.028211330740762e-12,1.53068514936992e-15,3.137293820096148e-16
696,4.847506027686123e-12,1.472454074536228e-15,3.018272098565438e-16
697,4.681661252202189e-12,1.416456631093583e-15,2.903512424685633e-16
698,4.531004616232106e-12,1.362624327604552e-15,2.793705243966914e-16
699,4.37929127415537e-12,1.310825884562638e-15,2.687833342428749e-16
700,4.230077732152049e-12,1.260990849390308e-15,2.585810462383829e-16
701,4.093555210772022e-12,1.213077719312437e-15,2.488290963536177e-16
702,3.963957391766167e-12,1.166939268969748e-15,2.393534864014672e-16
703,3.823465652326791e-12,1.122580639572332e-15,2.302955349210672e-16
704,3.708284206632104e-12,1.079908848976758e-15,2.215627196471114e-16
705,3.581350029257438e-12,1.038873583509902e-15,2.131721730091278e-16
706,3.464615608072467e-12,9.994190179113239e-16,2.051343481448113e-16
707,3.355165454024425e-12,9.614087095289471e-16,1.973341398031354e-16
708,3.242286074114779e-12,9.248970328615241e-16,1.899011820156787e-16
709,3.158472472097563e-12,8.897207071659873e-16,1.826768950733926e-16
710,3.046312465387372e-12,8.559326669761885e-16,1.758024639852701e-16
711,2.957578175055248e-12,8.233954407417101e-16,1.691458136601126e-16
712,2.865190603365164e-12,7.920994967538908e-16,1.627288542791274e-16
713,2.771605995210305e-12,7.620241992541972e-16,1.565742005040274e-16
714,2.693322960690109e-12,7.330616357029367e-16,1.506574942433796e-16
715,2.607355923294688e-12,7.052574498962657e-16,1.449950305062156e-16
716,2.531520689569284e-12,6.784542090032911e-16,1.39484214512926e-16
717,2.459496697971346e-12,6.527026580151035e-16,1.342523848690991e-16
718,2.39160313705525e-12,6.278996356193279e-16,1.291647808375767e-16
719,2.317518873542867e-12,6.040809768923631e-16,1.243067134274038e-16
720,2.249244552473887e-12,5.811242929390365e-16,1.196114040521393e-16
721,2.184141308439196e-12,5.590799267917502e-16,1.150823012275846e-16
722,2.12902587407022e-12,5.378469286804262e-16,1.10750583809723e-16
723,2.063861403671761e-12,5.174247861022282e-16,1.065509980279517e-16
724,2.007047823344987e-12,4.978240895115235e-16,1.025800576310423e-16
725,1.953440561782226e-12,4.789083269695052e-16,9.867263446539084e-17
726,1.900870134465037e-12,4.607467879025386e-16,9.495180891070803e-17
727,1.859434897864578e-12,4.432933996314997e-16,9.140646095894807e-17
728,1.805932444319322e-12,4.264612359979996e-16,8.794609249618882e-17
729,1.761192200166024e-12,4.102866227595874e-16,8.466832747832363e-17
730,1.708163604613255e-12,3.947340859154231e-16,8.147708858294158e-17
731,1.66880622833168e-12,3.797739545690616e-16,7.842778381469277e-17
732,1.625768041500467e-12,3.654145740587766e-16,7.549671663154115e-17
733,1.590774514504545e-12,3.515530855769328e-16,7.264764917968847e-17
734,1.548999527350528e-12,3.382319950484279e-16,6.99349064542054e-17
735,1.507436607346695e-12,3.254169828743582e-16,6.729290792926797e-17
736,1.475635416564012e-12,3.131071123121997e-16,6.478268683539759e-17
737,1.446872757792578e-12,3.012617818204579e-16,6.23806389222653e-17
738,1.420652098140592e-12,2.898451445797129e-16,6.002041038458176e-17
739,1.378028802980246e-12,2.78879418520648e-16,5.776831679774533e-17
740,1.351464451120106e-12,2.683320796323358e-16,5.562730532506514e-17
741,1.324237461537637e-12,2.581851560269232e-16,5.356314385420512e-17
742,1.293232258423812e-12,2.48441334436752e-16,5.157479082021053e-17
743,1.269100981630784e-12,2.390302053614145e-16,4.964901664109937e-17
744,1.236907589765347e-12,2.300056624022203e-16,4.777794447209333e-17
745,1.211784418465505e-12,2.213227023388482e-16,4.602299932892637e-17
746,1.189806255729154e-12,2.1297764173669e-16,4.431277762612896e-17
747,1.167711160471669e-12,2.049189385749476e-16,4.263938487097969e-17
748,1.148349145182642e-12,1.971949553583501e-16,4.10606123672559e-17
749,1.127319430012578e-12,1.897626439717192e-16,3.956007970849027e-17
750,1.110164979840584e-12,1.826210036201164e-16,3.811195799107784e-17
751,1.085182278333407e-12,1.757482628115269e-16,3.669098277095405e-17
752,1.068574454531269e-12,1.691071477778309e-16,3.527255262785943e-17
753,1.047747263214454e-12,1.627707996214757e-16,3.4010057939763e-17
754,1.02962617518374e-12,1.566310477332228e-16,3.279233002289349e-17
755,1.019612945316089e-12,1.507662673447107e-16,3.160224441263187e-17
756,9.95059148504178e-13,1.450635993281591e-16,3.039183561587544e-17
757,9.800842062645383e-13,1.396091811154554e-16,2.927035995010363e-17
758,9.808994310969929e-13,1.344271905966878e-16,2.82772145401092e-17
759,9.535737473178995e-13,1.293730772130405e-16,2.721945842172268e-17
760,9.492365924288532e-13,1.245309320524978e-16,2.626844545807562e-17
761,9.267858445477759e-13,1.198519512148225e-16,2.526029936629735e-17
762,9.116660424427655e-13,1.153586344233988e-16,2.433873876035343e-17
763,9.108714653253216e-13,1.110672557398359e-16,2.34951424914758e-17
764,8.986826456844333e-13,1.069464968778016e-16,2.266063411063866e-17
765,8.790398365164587e-13,1.029228833349959e-16,2.18062947115007e-17
766,8.669133241938991e-13,9.907067145278603e-17,2.099330222828446e-17
767,8.507489725569778e-13,9.537325691612237e-17,2.02495909849846e-17
768,8.405917185267417e-13,9.184981189075592e-17,1.955314512995984e-17
769,8.364560078776178e-13,8.841561851333705e-17,1.883877876681449e-17
770,8.280878321381805e-13,8.514154499988028e-17,1.819124540011002e-17
771,8.32712865890163e-13,8.198869767128443e-17,1.754406954724941e-17
772,8.098336448460281e-13,7.89391126481112e-17,1.688481276291865e-17
773,8.005303520370524e-13,7.604269779272838e-17,1.629371171673248e-17
774,8.088219550037432e-13,7.320830692496778e-17,1.577657381328763e-17
775,7.936993917121432e-13,7.04780805994805e-17,1.514289483644895e-17
776,7.918901729602611e-13,6.788013760782135e-17,1.457016848503388e-17
777,7.843951980877972e-13,6.540163000467795e-17,1.406323928061891e-17
778,7.86061540826969e-13,6.3052859026404e-17,1.367846082539605e-17
779,7.759085651187981e-13,6.077021896613912e-17,1.317344048759021e-17
780,7.771919792439772e-13,5.853868298138421e-17,1.272336519884482e-17
781,7.673862029827828e-13,5.647242320513622e-17,1.234537092410771e-17
782,7.551489141609006e-13,5.439360414678006e-17,1.189493913340896e-17
783,7.492013932862398e-13,5.243463894555398e-17,1.146308784433307e-17
784,7.454390614776186e-13,5.055572184284974e-17,1.11319234045103e-17
785,7.334718670677402e-13,4.872508204459135e-17,1.074913894808713e-17
786,7.422485226969043e-13,4.69698058495753e-17,1.042638328585678e-17
787,7.363536449481379e-13,4.529129937494585e-17,1.007168181163397e-17
788,7.323428160798221e-13,4.369637442072094e-17,9.765532265683183e-18
789,7.380342179843936e-13,4.215561420799614e-17,9.470879967476558e-18
790,7.159781063858273e-13,4.064358704767446e-17,9.111270649683593e-18
791,7.272090175263003e-13,3.922474054480568e-17,8.897415528601366e-18
792,7.175964300455827e-13,3.783668965883846e-17,8.605048523293014e-18
793,7.041330101327121e-13,3.651719279346628e-17,8.303656934657098e-18
794,6.962911871312312e-13,3.518486432131786e-17,7.960373205863569e-18
795,6.957723454997408e-13,3.399075986804209e-17,7.81362257775425e-18
796,6.876508613584189e-13,3.277618452312171e-17,7.492979048276814e-18
797,6.885708787936798e-13,3.164678237898338e-17,7.287755983686157e-18
798,6.856981361113431e-13,3.054859149366549e-17,7.077576066738763e-18
799,6.843326677998291e-13,2.950933665641812e-17,6.852520202259864e-18
800,6.799712205984608e-13,2.848630288944292e-17,6.648344861761385e-18
801,6.725537838906667e-13,2.749406203475507e-17,6.418473900587577e-18
802,6.70918281251918e-13,2.655903410167461e-17,6.254609109975281e-18
803,6.647993692767234e-13,2.568582939561769e-17,6.099828774747921e-18
804,6.630428087166492e-13,2.482404161696272e-17,5.908128932808718e-18
805,6.745614196478159e-13,2.398828609997083e-17,5.796339837395972e-18
806,6.623591031196922e-13,2.316892718774744e-17,5.567132008555572e-18
807,6.552712783165413e-13,2.238164002043759e-17,5.410890691011648e-18
808,6.515037218686327e-13,2.163358936486032e-17,5.253358246671003e-18
809,6.540664813549596e-13,2.093521158686801e-17,5.082854464219922e-18
810,6.510152047943342e-13,2.025826237424049e-17,4.967458756853066e-18
811,6.588580831672355e-13,1.960353480514603e-17,4.938779638185693e-18
812,6.582846694478626e-13,1.893668405927144e-17,4.722025615582121e-18
813,6.463168999867594e-13,1.834221760424067e-17,4.58982536334819e-18
814,6.440486613662465e-13,1.777079300749147e-17,4.491815038103686e-18
815,6.374372754910464e-13,1.718234635595154e-17,4.378935175791581e-18
816,6.363025570071445e-13,1.667110908154218e-17,4.25108197361099e-18
817,6.342865035827437e-13,1.610673611405755e-17,4.104718791363686e-18
818,6.429775548587363e-13,1.560127476499971e-17,4.041290901872104e-18
819,6.294484803525005e-13,1.513503887761995e-17,3.936638314738546e-18
820,6.33730992158958e-13,1.465569575334764e-17,3.868791591563192e-18
821,6.26639072817834e-13,1.421211640362477e-17,3.760652197144698e-18
822,6.366347220054921e-13,1.380475517049327e-17,3.742324953992512e-18
823,6.252002902011321e-13,1.339296094332475e-17,3.589291162362223e-18
824,6.246526688648339e-13,1.297179223273205e-17,3.489696056393593e-18
825,6.183801953169827e-13,1.259657618529932e-17,3.388309010166702e-18
826,6.199751450877788e-13,1.225373213453839e-17,3.401685751693108e-18
827,6.150361787685438e-13,1.188816872883183e-17,3.250159493749956e-18
828,6.171764771847399e-13,1.157034544416716e-17,3.254308891420657e-18
829,6.138504509009701e-13,1.122997764420343e-17,3.162735402200488e-18
830,6.118768125916959e-13,1.090292002732347e-17,3.079771234315091e-18
831,6.123199412651012e-13,1.061579741985624e-17,3.029094369794772e-18
832,6.206897531156327e-13,1.03028358242221e-17,2.974256317332976e-18
833,6.149488570661956e-13,1.003225702492168e-17,2.930023653635763e-18
834,6.078770910153485e-13,9.800204086707265e-18,2.897021460234107e-18
835,6.068546530749943e-13,9.520939368919455e-18,2.820452435887933e-18
836,6.087750657566158e-13,9.278447791398307e-18,2.786283275301297e-18
837,6.087940614824288e-13,9.053069144798525e-18,2.755780314308004e-18
838,6.040021977137971e-13,8.796746141255988e-18,2.62641827496463e-18
839,6.092528977328747e-13,8.596435923604808e-18,2.661832851539121e-18
840,6.014486841288796e-13,8.342727691260316e-18,2.523664567448318e-18
841,5.994478765308789e-13,8.163120591392726e-18,2.502508951252191e-18
842,6.056864883685208e-13,7.999583330304319e-18,2.614819396152297e-18
843,6.034158149965549e-13,7.81628942359765e-18,2.481068446977538e-18
844,5.967928233206794e-13,7.612334401583173e-18,2.426744207385173e-18
845,6.022326802350022e-13,7.481392337137619e-18,2.468375698698378e-18
846,5.956184867781828e-13,7.291960384748715e-18,2.391573273908857e-18
847,5.965272898423766e-13,7.14508942364358e-18,2.359281502554741e-18
848,5.992555387871484e-13,6.993257631042344e-18,2.349269625537029e-18
849,5.955657309104473e-13,6.827573179926199e-18,2.33310429686295e-18
850,6.13882461083265e-13,6.721649331842335e-18,2.376384528964766e-18
851,6.082858786867985e-13,6.562144276450432e-18,2.301342723041514e-18
852,5.922716810883355e-13,6.425549202922908e-18,2.218021552438855e-18
853,5.905025882136463e-13,6.347776832199024e-18,2.22959004977275e-18
854,5.975081862314048e-13,6.210844468443027e-18,2.216686337190157e-18
855,5.987194763462954e-13,6.099872107134364e-18,2.236330287787321e-18
856,5.947265380210537e-13,6.007010879563833e-18,2.184059217079003e-18
857,5.872552229680758e-13,5.879426150759867e-18,2.124693969347854e-18
858,5.932037184916405e-13,5.775231822001254e-18,2.134412234800433e-18
859,5.918833939819548e-13,5.676645048249173e-18,2.092379548808598e-18
860,5.915215277536787e-13,5.635956075045179e-18,2.119917063523936e-18
861,5.878305604887832e-13,5.504132828816067e-18,2.031026411128085e-18
862,5.957305921757274e-13,5.461443766414809e-18,2.120601496299055e-18
863,5.949906765795236e-13,5.357606190503934e-18,2.065208871377188e-18
864,5.905362765308277e-13,5.288693063116728e-18,2.072704352627736e-18
865,5.972838705153197e-13,5.222137128168014e-18,2.094427764518102e-18
866,5.885618400065382e-13,5.127235672307254e-18,2.036938408089211e-18
867,5.972831084959464e-13,5.06765673392611e-18,2.026475796563319e-18
868,5.841495971718222e-13,4.996478017181051e-18,1.958617786927176e-18
869,5.780668349894107e-13,4.965086870675743e-18,1.962215847172853e-18
870,5.799526264742316e-13,4.924724501321592e-18,2.01676388017619e-18
871,5.787320692981916e-13,4.820461711158777e-18,1.894720259726454e-18
872,5.796925766665777e-13,4.807073266992886e-18,1.961735379558623e-18
873,5.715048953993342e-13,4.720321609412358e-18,1.856431597944406e-18
874,5.783096322072235e-13,4.689936912589171e-18,1.904272320925658e-18
875,5.778400299330652e-13,4.66325300426884e-18,1.937784956616497e-18
876,5.720084384265567e-13,4.605827993654364e-18,1.914356337163778e-18
877,5.724964194466003e-13,4.538382679904707e-18,1.837519117921185e-18
878,5.705028605111588e-13,4.521366726152029e-18,1.87431539777698e-18
879,5.770713277865599e-13,4.486760005751729e-18,1.930046506084983e-18
880,5.774635439103936e-13,4.481889618223324e-18,1.882830152375507e-18
881,5.82002455665274e-13,4.445974890807243e-18,1.90521085473944e-18
882,5.741891069379045e-13,4.40727944690664e-18,1.871109567854885e-18
883,5.692423914341806e-13,4.402628200804509e-18,1.860009957990085e-18
884,5.677627282299976e-13,4.337780713589311e-18,1.840538836787331e-18
885,5.663232004746438e-13,4.314437069670894e-18,1.818257873254512e-18
886,5.697267540852745e-13,4.306141186527497e-18,1.876266085521109e-18
887,5.737980538689433e-13,4.294934660002421e-18,1.902399122883459e-18
888,5.824961850851362e-13,4.257210918608654e-18,1.849929240712887e-18
889,5.772043141955938e-13,4.243654485488684e-18,1.865573378978526e-18
890,5.703611150184925e-13,4.238120202102262e-18,1.856289367765434e-18
891,5.623248596837664e-13,4.18792903285729e-18,1.794308902308272e-18
892,5.77128370588556e-13,4.19378389851922e-18,1.855991073076811e-18
893,5.841882600663336e-13,4.180221185788095e-18,1.913772256229711e-18
894,5.728889524152782e-13,4.159497947950989e-18,1.868228706411773e-18
895,5.790092463385404e-13,4.142372612311524e-18,1.882865999414471e-18
896,5.712104261269522e-13,4.12534387411958e-18,1.83342611924336e-18
897,5.67574753655503e-13,4.134544651487019e-18,1.877272970520554e-18
898,5.659541393810159e-13,4.085668445708221e-18,1.851511652383637e-18
899,5.618770449307818e-13,4.096503216952328e-18,1.814393066752841e-18
900,5.612550044790521e-13,4.075014064626894e-18,1.790180602698178e-18
901,5.616988260945714e-13,4.062901648596449e-18,1.837782163568422e-18
902,5.654998612014217e-13,4.031022083824968e-18,1.822916472075891e-18
903,5.819672071296148e-13,4.012116993458935e-18,1.849647282994746e-18
904,5.700475235114726e-13,4.004011118047098e-18,1.824093448006508e-18
905,5.625829320882355e-13,3.981572073352826e-18,1.747942081819971e-18
906,5.685082184475184e-13,4.019617571593799e-18,1.832811558616167e-18
907,5.586139647998967e-13,3.992927526572729e-18,1.781940936747763e-18
908,5.574969670003802e-13,3.976369930100855e-18,1.801952182522362e-18
909,5.587516388236654e-13,3.979225845641767e-18,1.807404159908225e-18
910,5.683250432365282e-13,3.970875233125142e-18,1.835234843025479e-18
911,5.570087799692458e-13,3.939299972575616e-18,1.779157449094602e-18
912,5.546277745707973e-13,3.937739209105005e-18,1.768784803045571e-18
913,5.542461812246994e-13,3.932940314664372e-18,1.752744945587653e-18
914,5.668583245656224e-13,3.930739274985052e-18,1.833786948772288e-18
915,5.588387835507895e-13,3.923410483771261e-18,1.765635006567351e-18
916,5.515743382114858e-13,3.898251103582555e-18,1.706455975506886e-18
917,5.503382820207469e-13,3.91383058789684e-18,1.729784008207302e-18
918,5.481248384735832e-13,3.918191546038039e-18,1.746378394857937e-18
919,5.508448627279097e-13,3.935390448450359e-18,1.795306616602382e-18
920,5.48530631649611e-13,3.91677365162023e-18,1.741661404844336e-18
921,5.495605310382913e-13,3.922180955199109e-18,1.748057458595442e-18
922,5.615487280502955e-13,3.879843472396081e-18,1.79066173032749e-18
923,5.498549534550468e-13,3.869970836469484e-18,1.726277464106791e-18
924,5.507250342890692e-13,3.905235126222553e-18,1.769496075083717e-18
925,5.495901817125341e-13,3.90403028636745e-18,1.808063390913864e-18
926,5.561847176807334e-13,3.888451015384423e-18,1.766090218656696e-18
927,5.595480039163652e-13,3.893683850353972e-18,1.785009798959332e-18
928,5.480655389450218e-13,3.883736959459437e-18,1.75223262293413e-18
929,5.527997267095202e-13,3.896607374322781e-18,1.783404087509059e-18
930,5.420008393649037e-13,3.875046920660702e-18,1.694424757291257e-18
931,5.395068231277329e-13,3.885721705768792e-18,1.722460368719712e-18
932,5.358997358463843e-13,3.831423059053509e-18,1.632890068987645e-18
933,5.49873052122016e-13,3.876991359669928e-18,1.758324910464828e-18
934,5.430953964416584e-13,3.862645000063891e-18,1.714753516506764e-18
935,5.361467362405088e-13,3.839069926952139e-18,1.68481308621116e-18
936,5.337292813906386e-13,3.875626347627935e-18,1.70598278526981e-18
937,5.401214246049683e-13,3.865924496478809e-18,1.750982737226985e-18
938,5.355825270202653e-13,3.836745715267123e-18,1.691507679055509e-18
939,5.394169722379662e-13,3.838297045647751e-18,1.696752402431843e-18
940,5.384268111388777e-13,3.849294709208585e-18,1.716598553024082e-18
941,5.317107797154735e-13,3.833264273287291e-18,1.627508637812784e-18
942,5.462200721495882e-13,3.845505435104654e-18,1.749021505326202e-18
943,5.374726203654967e-13,3.863703356473462e-18,1.714124203874127e-18
944,5.341539979245938e-13,3.823245529564696e-18,1.684832281827494e-18
945,5.364671407703824e-13,3.846301296196663e-18,1.70668312617106e-18
946,5.313022903667326e-13,3.835250460130828e-18,1.679072889455264e-18
947,5.305234440982499e-13,3.842230324089622e-18,1.685512513841887e-18
948,5.379035807453408e-13,3.842501080123972e-18,1.742175349435262e-18
949,5.399623775239561e-13,3.833252075918941e-18,1.703937697405405e-18
950,5.388653891534049e-13,3.820865689129713e-18,1.681793360880646e-18
951,5.287852614973281e-13,3.817121873125859e-18,1.647188015741277e-18
952,5.313098172903428e-13,3.783779378692919e-18,1.622559268268711e-18
953,5.286921213049889e-13,3.845113900680808e-18,1.718345719147132e-18
954,5.305273796783622e-13,3.825671132109196e-18,1.689752259514364e-18
955,5.252352626444916e-13,3.807104418427676e-18,1.670587971893028e-18
956,5.337509318644226e-13,3.866175559038562e-18,1.7175078899665e-18
957,5.302540385739619e-13,3.821361142741762e-18,1.689741321871437e-18
958,5.221477008235862e-13,3.820237663185576e-18,1.665470501499223e-18
959,5.243733532432951e-13,3.833785044952732e-18,1.660179041182391e-18
960,5.201370797148742e-13,3.82720077273783e-18,1.617280406344645e-18
961,5.28123428708597e-13,3.852954091853348e-18,1.728481183766247e-18
962,5.22710812842789e-13,3.824630743964007e-18,1.662917727417498e-18
963,5.195689174519677e-13,3.819386269198196e-18,1.614785791075818e-18
964,5.236625155520653e-13,3.84636049397882e-18,1.705080880431131e-18
965,5.171016464150462e-13,3.822887983696386e-18,1.645005676867877e-18
966,5.233631591083868e-13,3.817240323575088e-18,1.658777009417485e-18
967,5.160943316258508e-13,3.788495037972896e-18,1.579588610035372e-18
968,5.104579062054813e-13,3.822841757914699e-18,1.607394259935625e-18
969,5.101102439496527e-13,3.806745647161549e-18,1.598742112129076e-18
970,5.141350031369535e-13,3.81617890875026e-18,1.56409618960465e-18
971,5.057828373159742e-13,3.790474720821554e-18,1.521165273405217e-18
972,5.096339908864029e-13,3.844580738258795e-18,1.625505103940016e-18
973,5.181961818978572e-13,3.814956114910436e-18,1.616613715770887e-18
974,5.19500474233946e-13,3.822640461311856e-18,1.681885099435461e-18
975,5.239470672944041e-13,3.818103410861026e-18,1.683492478855586e-18
976,5.215020991361386e-13,3.808420161087709e-18,1.625890487405724e-18
977,5.145413157828263e-13,3.80702404336488e-18,1.56861684473207e-18
978,5.113487985487019e-13,3.82013710413246e-18,1.605533733821403e-18
979,5.234688271851406e-13,3.794140525416105e-18,1.648691491030088e-18
980,5.242550699749262e-13,3.839582846352436e-18,1.674419017911093e-18
981,5.111651781918216e-13,3.835594773760611e-18,1.638338629500322e-18
982,5.141629963381414e-13,3.815436460311566e-18,1.613088317929589e-18
983,5.075653234160875e-13,3.786081771283117e-18,1.557378928346242e-18
984,5.244645324279285e-13,3.830460919660681e-18,1.673717995480333e-18
985,5.17234517385796e-13,3.806825282446542e-18,1.603996184697932e-18
986,5.126059231694424e-13,3.790279173627908e-18,1.574110345152042e-18
987,5.240138153159984e-13,3.815630510528796e-18,1.71083697723246e-18
988,5.152285876407957e-13,3.784340878814853e-18,1.602742441173783e-18
989,5.129613211497572e-13,3.796344549820021e-18,1.609160327238707e-18
990,5.09226995204924e-13,3.821134171135469e-18,1.602944559375918e-18
991,5.184011296537061e-13,3.820017736057642e-18,1.671500357957719e-18
992,5.160220636311463e-13,3.794015447503449e-18,1.621177666304446e-18
993,5.141935419486903e-13,3.795671786541882e-18,1.602136361824481e-18
994,5.139485412226854e-13,3.810328205890613e-18,1.642127759243468e-18
995,4.9958770175291e-13,3.795624220150326e-18,1.529739657587949e-18
996,5.049968834603894e-13,3.815892768799989e-18,1.623908873219492e-18
997,5.107158855388657e-13,3.812760199772138e-18,1.648138623846207e-18
998,5.116220918215001e-13,3.82037296976694e-18,1.641254057202324e-18
999,5.03034363983268e-13,3.815797763858249e-18,1.572185323468749e-18
1000,5.099641366491998e-13,3.789259532655775e-18,1.585628794587224e-18
1001,5.075081976639024e-13,3.798665578556339e-18,1.613443233835924e-18
1002,4.962344801107215e-13,3.793584167960558e-18,1.542452937969502e-18
1003,4.869696942286553e-13,3.783385767414436e-18,1.460573894912966e-18
1004,4.935449387429476e-13,3.803927830224431e-18,1.522343823408498e-18
1005,4.998626563781444e-13,3.839401102151933e-18,1.597320686633148e-18
1006,5.044482182187306e-13,3.807370961685568e-18,1.575616756736711e-18
1007,4.958697370786241e-13,3.79474456440491e-18,1.521044538634807e-18
1008,4.973151986710322e-13,3.818100458744848e-18,1.594693359820542e-18
1009,4.945581942469489e-13,3.825010125964791e-18,1.565243009188547e-18
1010,4.958299625116537e-13,3.812868969533442e-18,1.542065304262299e-18
1011,5.055094334048426e-13,3.808690414293917e-18,1.588462124980332e-18
1012,4.967267346792727e-13,3.796425036045914e-18,1.513635504212483e-18
1013,4.952833224317804e-13,3.793861204237135e-18,1.537032438293142e-18
1014,5.094419576474962e-13,3.817213938938484e-18,1.646290490417827e-18
1015,5.197531921107641e-13,3.816486698471382e-18,1.670420312874573e-18
1016,5.070288655782062e-13,3.77385800896585e-18,1.574282413791448e-18
1017,4.927719735872483e-13,3.757321000837262e-18,1.467253538549914e-18
1018,4.979464550032817e-13,3.78948076316988e-18,1.529280950554973e-18
1019,4.918716867517995e-13,3.812447785230188e-18,1.56722869989219e-18
1020,4.904477151671134e-13,3.79856591272034e-18,1.525187943156089e-18
1021,4.900861447277034e-13,3.77205084405376e-18,1.469382192686682e-18
1022,4.927139782926539e-13,3.824599427817954e-18,1.550220937330839e-18
1023,4.940374551516758e-13,3.789966176031488e-18,1.529099400085135e-18
1024,4.837192535314786e-13,3.786832484720449e-18,1.463330442828034e-18
1025,4.811253603077882e-13,3.81018319664739e-18,1.45742056887379e-18
1026,4.98293099553597e-13,3.816541082830651e-18,1.579296375595422e-18
1027,4.92084489182733e-13,3.799122361596875e-18,1.552961716283795e-18
1028,4.939413285997898e-13,3.804137752540534e-18,1.585305466519598e-18
1029,4.950047211762953e-13,3.790454430660423e-18,1.540159320275841e-18
1030,4.901034859267324e-13,3.775301910830347e-18,1.481634041367453e-18
1031,4.895180718446198e-13,3.806096934461376e-18,1.558512917968471e-18
1032,4.954169457091307e-13,3.802567683620241e-18,1.537044109583889e-18
1033,5.028109988502583e-13,3.834268219945229e-18,1.608235859507956e-18
1034,5.115625340211685e-13,3.781374308331404e-18,1.635528113690714e-18
1035,5.039385773987892e-13,3.754479951026458e-18,1.511757171708488e-18
1036,5.059571985741861e-13,3.819639979272001e-18,1.602712009800939e-18
1037,4.941290516599689e-13,3.792994337041817e-18,1.539951523978955e-18
1038,4.963946014823057e-13,3.799264391138246e-18,1.594841867225991e-18
1039,4.862659290997819e-13,3.811978042695701e-18,1.508723615172729e-18
1040,5.115865465151964e-13,3.807213431256197e-18,1.645513892938975e-18
1041,5.11581645324967e-13,3.783750744280747e-18,1.610735539636898e-18
1042,5.097492293906164e-13,3.791912152999245e-18,1.610694968032277e-18
1043,4.982417677350907e-13,3.795510700078584e-18,1.557197123305687e-18
1044,5.159461812596203e-13,3.818957000463428e-18,1.661042874534978e-18
1045,5.06477166411761e-13,3.783297868859419e-18,1.566513104160497e-18
1046,5.053141077133119e-13,3.804579556725541e-18,1.604728451707188e-18
1047,4.94872835412419e-13,3.779655981629585e-18,1.554708782894776e-18
1048,5.091262746152828e-13,3.831284129065909e-18,1.669138678078073e-18
1049,4.933523127031256e-13,3.786400983895503e-18,1.493731327520383e-18
1050,4.926067003764693e-13,3.805918542372494e-18,1.572290844834902e-18
1051,5.07455189374822e-13,3.780458050861218e-18,1.58095803991793e-18
1052,5.115114194951874e-13,3.808267276084281e-18,1.658041421544949e-18
1053,4.978866774669917e-13,3.797273820533144e-18,1.531492097842217e-18
1054,5.046465920585724e-13,3.757608267358308e-18,1.550096437610547e-18
1055,5.061198294224376e-13,3.806571373944155e-18,1.679409022884854e-18
1056,4.98419590436582e-13,3.791382283252179e-18,1.576177089922619e-18
1057,4.97341931648251e-13,3.784078541637935e-18,1.575445344352194e-18
1058,4.962025132196394e-13,3.784052167012804e-18,1.586808072211474e-18
1059,4.924556213880533e-13,3.797376982742655e-18,1.532435514694229e-18
1060,5.005538137129632e-13,3.798018879397421e-18,1.591849665530151e-18
1061,4.923221809103337e-13,3.803106988862868e-18,1.504139554261104e-18
1062,4.838247327155239e-13,3.808502471816647e-18,1.473188249106148e-18
1063,5.038812364009946e-13,3.788986240221569e-18,1.586512712636066e-18
1064,4.879327173257052e-13,3.81980039385952e-18,1.526223946442308e-18
1065,4.923754741275101e-13,3.823300239413549e-18,1.534142646125541e-18
1066,4.788380026770008e-13,3.79355595044407e-18,1.403235345337668e-18
1067,4.880661482300413e-13,3.830867391424128e-18,1.517910982523932e-18
1068,4.862739723334521e-13,3.82545169794081e-18,1.477375934515151e-18
1069,5.018530485495481e-13,3.784967487142752e-18,1.569767987807352e-18
1070,4.846069600639129e-13,3.801479592679794e-18,1.473444550034445e-18
1071,4.922926033864042e-13,3.793495934672148e-18,1.526694733870737e-18
1072,4.909769165640809e-13,3.774880892484264e-18,1.504418634456891e-18
1073,5.011001055672135e-13,3.792140442350461e-18,1.599288745574843e-18
1074,5.046811808906943e-13,3.786068691614613e-18,1.598341339296068e-18
1075,4.915325487288764e-13,3.765313439570645e-18,1.494664800444054e-18
1076,4.945286858518165e-13,3.794754216249118e-18,1.568160484263979e-18
1077,4.819624064667853e-13,3.786679906385563e-18,1.459864612212906e-18
1078,4.864606022960931e-13,3.749294878078486e-18,1.470464884590657e-18
1079,4.861939073278354e-13,3.768259892413669e-18,1.444296054258782e-18
1080,4.965017027968226e-13,3.788582324943348e-18,1.583167074759015e-18
1081,4.825022366465276e-13,3.787565921193287e-18,1.456869159390694e-18
1082,4.941875090045104e-13,3.791028971752618e-18,1.585811641868906e-18
1083,4.941874846504813e-13,3.789816501178465e-18,1.499141472860033e-18
1084,5.152188590160645e-13,3.799008500451126e-18,1.700848153647404e-18
1085,4.897441818516e-13,3.796722772368559e-18,1.519058195528944e-18
1086,4.84664297539847e-13,3.755902034783858e-18,1.466084260564636e-18
1087,5.085134575698543e-13,3.79479443106582e-18,1.61534893898252e-18
1088,4.964613988506291e-13,3.782855903615682e-18,1.475656888966831e-18
1089,4.896474111264929e-13,3.784293539867436e-18,1.449692928341895e-18
1090,5.089468490946214e-13,3.802381723899353e-18,1.645979957630347e-18
1091,4.948459327463498e-13,3.814263895443389e-18,1.534900685671734e-18
1092,4.955548720939089e-13,3.802455366570928e-18,1.544776011098333e-18
1093,4.896320614968955e-13,3.805198130511959e-18,1.560984990263812e-18
1094,4.867354576296931e-13,3.808385698858775e-18,1.522964710987607e-18
1095,4.939103668669883e-13,3.77293925963855e-18,1.505680057913023e-18
1096,4.853515730184474e-13,3.812485607237968e-18,1.472969979696049e-18
1097,4.848964267987177e-13,3.809093579111495e-18,1.459089109904322e-18
1098,4.911574352306361e-13,3.79536965056728e-18,1.520361835679988e-18
1099,4.825451722599486e-13,3.801062561121317e-18,1.474851180815979e-18
1100,4.808123492227915e-13,3.793598789286592e-18,1.452043361720589e-18
1101,4.742557847206191e-13,3.814481271047783e-18,1.455154399567506e-18
1102,4.815362714842608e-13,3.773930794026854e-18,1.446307144724067e-18
1103,5.025251338304234e-13,3.815792723515062e-18,1.631643212404003e-18
1104,4.891088653897272e-13,3.796478842048903e-18,1.519083118139612e-18
1105,5.061904932166814e-13,3.782876783307263e-18,1.601266306697883e-18
1106,4.961912284182872e-13,3.807523136047769e-18,1.550686412688595e-18
1107,4.866238911970468e-13,3.784516958796493e-18,1.490034774723267e-18
1108,4.932170610159784e-13,3.76135182919645e-18,1.523184541057951e-18
1109,4.939631773005075e-13,3.780468528839406e-18,1.52498988187118e-18
1110,5.065448069699044e-13,3.80014173674667e-18,1.655140723039586e-18
1111,5.024608917295684e-13,3.807944927593363e-18,1.576283085450634e-18
1112,5.005589974061371e-13,3.803987823053685e-18,1.592422821735413e-18
1113,4.975707034078018e-13,3.776181115125179e-18,1.514423624354336e-18
1114,4.961160842352213e-13,3.792921248111927e-18,1.562889428202844e-18
1115,4.988426522211917e-13,3.803660260497517e-18,1.54748292206971e-18
1116,4.993608918621721e-13,3.82182975936045e-18,1.603056746193582e-18
1117,4.8475419840659e-13,3.772024944246694e-18,1.45542363812168e-18
1118,4.827389752675053e-13,3.784848700010642e-18,1.45228665300373e-18
1119,4.882097321209361e-13,3.802029706334667e-18,1.544131766920466e-18
1120,5.026506172478396e-13,3.810746439697436e-18,1.596511014712348e-18
1121,4.897844322242079e-13,3.802544083545163e-18,1.502705225419914e-18
1122,5.11006450324213e-13,3.796853180103938e-18,1.645629662324323e-18
1123,4.876809303489767e-13,3.783303424035282e-18,1.446109041690744e-18
1124,4.847710926066105e-13,3.795729150021245e-18,1.47194589780354e-18
1125,4.783742161698729e-13,3.814845197908759e-18,1.479821703967101e-18
1126,4.920934101748647e-13,3.801943772508334e-18,1.513804608808762e-18
1127,4.876356865320489e-13,3.809663887938099e-18,1.500289729493705e-18
1128,4.982386925281337e-13,3.77696133965053e-18,1.547336408299633e-18
1129,4.98476778317145e-13,3.790039293380421e-18,1.534370253363577e-18
1130,4.935682998717215e-13,3.795748108151644e-18,1.516285670047521e-18
1131,4.91367536034699e-13,3.773899938263893e-18,1.46109875835801e-18
1132,5.117456316444071e-13,3.827240637718354e-18,1.645058066684782e-18
1133,4.89397693189396e-13,3.803576749233822e-18,1.499182833759862e-18
1134,4.857901154768147e-13,3.792009537666955e-18,1.537510349768962e-18
1135,4.815211417033063e-13,3.801957068207492e-18,1.480357902537436e-18
1136,4.917789188663858e-13,3.817174123145897e-18,1.523121462232821e-18
1137,4.995908983729287e-13,3.803957482116023e-18,1.574491918505531e-18
1138,4.863658844735768e-13,3.795913982870986e-18,1.477837857391821e-18
1139,5.097445606340113e-13,3.819206143150726e-18,1.628307147086382e-18
1140,5.034879631591922e-13,3.787849661927776e-18,1.56892514373327e-18
1141,5.063419107298026e-13,3.820313121648291e-18,1.624183633470315e-18
1142,4.876625421909355e-13,3.818521413363392e-18,1.501151265872843e-18
1143,4.83813692824086e-13,3.809246381948258e-18,1.497396716240707e-18
1144,4.90214427269906e-13,3.808367878455974e-18,1.493177085041285e-18
1145,5.075866732896365e-13,3.797138770182268e-18,1.620979836448021e-18
1146,5.103816036995458e-13,3.787781270647185e-18,1.616805293504439e-18
1147,5.073838158482772e-13,3.832111121617276e-18,1.60144167973948e-18
1148,5.099357629232868e-13,3.816543642786214e-18,1.599076615416809e-18
1149,5.21932865998278e-13,3.807574859415684e-18,1.710975843203076e-18
1150,4.940826716163913e-13,3.796693717167874e-18,1.488195115625137e-18
1151,5.006163671149101e-13,3.809493530913447e-18,1.584956410295092e-18
1152,5.006204828020786e-13,3.80525233977652e-18,1.548148739869601e-18
1153,4.996172772586253e-13,3.768500007425158e-18,1.491814210470652e-18
1154,4.987509494667048e-13,3.79373973386122e-18,1.556752433592617e-18
1155,4.992332722305244e-13,3.788478674899205e-18,1.527144296135348e-18
1156,4.916383711039283e-13,3.813784742892581e-18,1.517178139233143e-18
1157,4.905656618867503e-13,3.780340200770886e-18,1.527095566550477e-18
1158,4.984869717011196e-13,3.770539595624492e-18,1.542927627098332e-18
1159,4.94094901874732e-13,3.791887753983151e-18,1.527113816862253e-18
1160,5.037542570402255e-13,3.779557754883136e-18,1.615183705620172e-18
1161,5.009791100740096e-13,3.758008574801054e-18,1.579633509871779e-18
1162,4.852045308953464e-13,3.784432070392042e-18,1.513709259543962e-18
1163,4.893399318060539e-13,3.800865267874258e-18,1.537100340979085e-18
1164,4.834498173677838e-13,3.770065277538521e-18,1.436523237955725e-18
1165,4.866318047435135e-13,3.771526913286276e-18,1.469078087005456e-18
1166,4.868523078316346e-13,3.754778256858792e-18,1.4405425355163e-18
1167,5.043926755257975e-13,3.807125261051006e-18,1.650357846430026e-18
1168,4.973981888884729e-13,3.795091318246388e-18,1.536389732369807e-18
1169,5.107921714119108e-13,3.779445912518298e-18,1.630962865495007e-18
1170,4.985095275407088e-13,3.795334879081736e-18,1.58736968445499e-18
1171,4.962389410207128e-13,3.784015693012069e-18,1.51570827846694e-18
1172,5.018472880573531e-13,3.798502886143697e-18,1.582986288248432e-18
1173,5.110917351348494e-13,3.832859710501604e-18,1.65635082816074e-18
1174,4.953789114324415e-13,3.796454141463506e-18,1.522654734898824e-18
1175,4.939817724951564e-13,3.78477421162676e-18,1.560295177057445e-18
1176,4.906061765029112e-13,3.789796555289579e-18,1.523396641673719e-18
1177,4.81712363403652e-13,3.797555836989685e-18,1.466596594990481e-18
1178,5.00775650202945e-13,3.759803544097037e-18,1.561957738539617e-18
1179,4.97293681409619e-13,3.791096445335635e-18,1.590130666740147e-18
1180,4.902619144034995e-13,3.777041442868506e-18,1.550040307863496e-18
1181,4.849710244319538e-13,3.797219651668257e-18,1.53587529797195e-18
1182,4.823615929073334e-13,3.776317556992773e-18,1.465466254933156e-18
1183,4.82754701323192e-13,3.768625009649043e-18,1.464687759387771e-18
1184,4.94392349049204e-13,3.800917218964831e-18,1.565125500179188e-18
1185,4.834777154471653e-13,3.736513838661752e-18,1.441752307878545e-18
1186,4.912176884069062e-13,3.782220545339816e-18,1.530612885893136e-18
1187,4.86212494767715e-13,3.8027639921318e-18,1.551982982382099e-18
1188,4.886947157052766e-13,3.763940092576195e-18,1.495232323120529e-18
1189,4.921743758499107e-13,3.796350887526897e-18,1.548597659006125e-18
1190,4.974595424295619e-13,3.809088730763667e-18,1.574188440230147e-18
1191,5.016555426321033e-13,3.823666081380082e-18,1.553631043426365e-18
1192,5.089685084438435e-13,3.789164084351661e-18,1.560614779106736e-18
1193,5.076975395206874e-13,3.805519103940556e-18,1.6071789583884e-18
1194,5.18082218305353e-13,3.797011690253988e-18,1.646795039784055e-18
1195,5.034823411771648e-13,3.800547950487227e-18,1.555770207548311e-18
1196,4.879204269024184e-13,3.792679610135963e-18,1.46107759130726e-18
1197,4.894434140161139e-13,3.770330626459388e-18,1.487450644509835e-18
1198,4.897675797967791e-13,3.814267525371637e-18,1.514756692489055e-18
1199,4.971811434584657e-13,3.790194503537844e-18,1.516589341878727e-18
1200,4.964446607396303e-13,3.80965570322357e-18,1.558356414053882e-18
1201,4.937367357545787e-13,3.807309522101312e-18,1.54776620440966e-18
1202,4.822293869108384e-13,3.769861200386089e-18,1.407491671758139e-18
1203,5.080333569643954e-13,3.786144182260798e-18,1.602219938930621e-18
1204,5.111512899145984e-13,3.78421613443929e-18,1.622240915592021e-18
1205,5.047941578351979e-13,3.786707235074285e-18,1.615303454002965e-18
1206,4.869324707588884e-13,3.758647097317538e-18,1.488615408099627e-18
1207,4.960583872534153e-13,3.78243224745299e-18,1.524226679933707e-18
1208,4.831825666554223e-13,3.792251853958616e-18,1.46252188771828e-18
1209,4.834552128077927e-13,3.797681659266193e-18,1.490209964671415e-18
1210,5.005663824558269e-13,3.786400259876551e-18,1.58336959218729e-18
1211,5.022993871385026e-13,3.774219153948987e-18,1.562425717783607e-18
1212,5.012251206705813e-13,3.832020039458723e-18,1.563115665105572e-18
1213,4.970557885961038e-13,3.800867498003066e-18,1.543623749187526e-18
1214,5.009927791925488e-13,3.789236119277802e-18,1.559708116936487e-18
1215,5.047713921835042e-13,3.799873365669065e-18,1.599994371168442e-18
1216,4.964152721340534e-13,3.80592885284657e-18,1.539017754129396e-18
1217,4.936461999045212e-13,3.803484227417482e-18,1.55654451061542e-18
1218,4.886713551821666e-13,3.828903225368754e-18,1.507081609472003e-18
1219,4.934873090250904e-13,3.808817001885798e-18,1.586494756957427e-18
1220,4.785347102810266e-13,3.763307342197805e-18,1.419656081729074e-18
1221,5.018342772044063e-13,3.792464937610364e-18,1.607430916624669e-18
1222,4.994817342844413e-13,3.801117230685374e-18,1.530476269769119e-18
1223,5.043929105987113e-13,3.787521016039775e-18,1.605688323827966e-18
1224,5.038224410302805e-13,3.784146286669102e-18,1.556665570360862e-18
1225,4.973741615292547e-13,3.809172307006525e-18,1.528451150449144e-18
1226,4.914612989970558e-13,3.82198747602455e-18,1.493577653609679e-18
1227,5.07234238697253e-13,3.812569595633243e-18,1.628089391304735e-18
1228,4.956859374986936e-13,3.817747007702762e-18,1.54789675458994e-18
1229,4.928803767853917e-13,3.828585194352475e-18,1.557391017589786e-18
1230,4.968135953059645e-13,3.842685107976886e-18,1.596094544326063e-18
1231,4.88682431137781e-13,3.80049880572135e-18,1.471623016459349e-18
1232,4.927495134059963e-13,3.805820859687774e-18,1.528335342125556e-18
1233,4.908563793647343e-13,3.81203039640366e-18,1.536040003719862e-18
1234,4.98523591209707e-13,3.794122016570165e-18,1.563673941923391e-18
1235,4.893913903098991e-13,3.769242406305608e-18,1.431861121659607e-18
1236,4.945207633185999e-13,3.773112911246521e-18,1.501506817450806e-18
1237,4.962436268007983e-13,3.781929759688906e-18,1.510690409275832e-18
1238,4.964615869035692e-13,3.78224191041032e-18,1.532133523885231e-18
1239,4.872386130795471e-13,3.781583029329647e-18,1.443400480333826e-18
1240,4.920129100817967e-13,3.809099250162304e-18,1.555307822888312e-18
1241,4.838597458843909e-13,3.80534835728995e-18,1.482822448489679e-18
1242,4.935985432932204e-13,3.788065400431059e-18,1.509895099477859e-18
1243,4.831234072099327e-13,3.804084777463966e-18,1.472380132050132e-18
1244,4.946135027380586e-13,3.807401892993604e-18,1.56360188475996e-18
1245,4.817781937271579e-13,3.807647140417414e-18,1.489391381665103e-18
1246,5.060591304574887e-13,3.784379937967777e-18,1.619283299848685e-18
1247,5.057513841364062e-13,3.786072999175719e-18,1.566983618116572e-18
1248,5.193802743569616e-13,3.77437397641847e-18,1.665278422125908e-18
1249,4.937105479314859e-13,3.781136290059536e-18,1.483333867261005e-18
1250,5.026391002420383e-13,3.765695699442099e-18,1.552412776730457e-18
1251,5.010744929195107e-13,3.776169625591024e-18,1.567430520905902e-18
1252,4.926449135472646e-13,3.779156890102155e-18,1.546804192738272e-18
1253,4.915105088836933e-13,3.787169525684657e-18,1.515259072461487e-18
1254,5.018705504855562e-13,3.774315730894795e-18,1.582999161749688e-18
1255,5.087635533576952e-13,3.769058406691433e-18,1.627900747211493e-18
1256,5.013052217887926e-13,3.806601956454271e-18,1.596633490339405e-18
1257,4.95892108108542e-13,3.798693416926867e-18,1.554427548227537e-18
1258,4.897617007894999e-13,3.78707922949918e-18,1.493301235111578e-18
1259,4.819849239829536e-13,3.777461786103688e-18,1.433081387539793e-18
1260,4.834669087142515e-13,3.773803505915179e-18,1.392974701139994e-18
1261,5.017625612000245e-13,3.810677170668588e-18,1.582880609455206e-18
1262,5.052333508247288e-13,3.835252239669872e-18,1.621741055204574e-18
1263,5.02796862657076e-13,3.81180311567899e-18,1.568419047475731e-18
1264,4.895513261829137e-13,3.812214743780363e-18,1.481369787227284e-18
1265,4.899827836439397e-13,3.787231662380247e-18,1.54713274404693e-18
1266,5.246952483313726e-13,3.832436746897118e-18,1.713800308004525e-18
1267,5.01175166586389e-13,3.802812881523505e-18,1.555283154092444e-18
1268,4.931953200864398e-13,3.797008147242637e-18,1.51702673858692e-18
1269,5.004499817346996e-13,3.796817454259484e-18,1.608157709661728e-18
1270,4.858140365183974e-13,3.790756380159478e-18,1.48723483254196e-18
1271,4.968016206625092e-13,3.799629829779965e-18,1.542670947119966e-18
1272,4.960460092686077e-13,3.803442042845393e-18,1.549617245534549e-18
1273,5.193144879456191e-13,3.804305866648471e-18,1.684716271205306e-18
1274,4.982673765492097e-13,3.783644206964905e-18,1.497113857559819e-18
1275,4.978889632844559e-13,3.804403776994789e-18,1.538457552828759e-18
1276,4.879271948278619e-13,3.815551820970716e-18,1.499533864792822e-18
1277,4.864345151901632e-13,3.807068957414292e-18,1.492688098131574e-18
1278,4.838120293094912e-13,3.810202587269642e-18,1.495372273650423e-18
1279,5.132806621896808e-13,3.812841339879849e-18,1.667497349004317e-18
1280,5.099679543310603e-13,3.787216369172287e-18,1.607741424315921e-18
1281,4.957901926542243e-13,3.825007956629186e-18,1.528936366178047e-18
1282,4.863738638164101e-13,3.803639223981795e-18,1.462549425911135e-18
1283,4.779452508796986e-13,3.826647822140583e-18,1.456830006975888e-18
1284,4.878500789852169e-13,3.781591762938643e-18,1.48570531580641e-18
1285,4.999271045187919e-13,3.796115433333173e-18,1.584490145717256e-18
1286,4.887780975023845e-13,3.782050738048326e-18,1.493700653516063e-18
1287,4.916759536579671e-13,3.802903066562415e-18,1.560643774282568e-18
1288,4.851976359924327e-13,3.781727685707284e-18,1.500285823072984e-18
1289,4.883067357955456e-13,3.793065751833078e-18,1.556382793146859e-18
1290,4.818524276621072e-13,3.762382543004297e-18,1.441944524605721e-18
1291,4.831508284790619e-13,3.741386127534566e-18,1.412777803484063e-18
1292,4.820258732207281e-13,3.842639425036449e-18,1.514485127719129e-18
1293,5.017621296471622e-13,3.797005566791646e-18,1.550929636754325e-18
1294,4.909406783164117e-13,3.813733960931753e-18,1.495494885012823e-18
1295,4.930435480004224e-13,3.780097621187313e-18,1.472885458287277e-18
1296,4.925854855838832e-13,3.789358437701528e-18,1.518684993156541e-18
1297,4.899002552507028e-13,3.794093393372868e-18,1.503513103033269e-18
1298,4.829394794420775e-13,3.775144507759072e-18,1.443504512003541e-18
1299,5.03519332260852e-13,3.805064139016966e-18,1.626213504327628e-18
1300,4.909385013055641e-13,3.762538497901347e-18,1.443553785068382e-18
1301,5.010581542474594e-13,3.791908119882367e-18,1.650120353412912e-18
1302,5.24871643429953e-13,3.793729135475584e-18,1.690360376875133e-18
1303,5.024714738367251e-13,3.777726156223162e-18,1.548425295056344e-18
1304,4.936301521617363e-13,3.788271876577172e-18,1.533935103037245e-18
1305,5.002275846888082e-13,3.783216034205086e-18,1.543415493447732e-18
1306,4.895813199949407e-13,3.802870206288508e-18,1.488142689184189e-18
1307,4.968549187421555e-13,3.795927516168634e-18,1.54800187877533e-18
1308,4.87331193298742e-13,3.775964466250469e-18,1.525640831801063e-18
1309,5.185611070522301e-13,3.795060855817121e-18,1.688414500369055e-18
1310,5.042873741652926e-13,3.771943611155084e-18,1.553145805301995e-18
1311,4.929645479371138e-13,3.774353557074603e-18,1.471801666288368e-18
1312,4.848944287850521e-13,3.792204790945272e-18,1.441722381635747e-18
1313,4.753814541877511e-13,3.784906513008042e-18,1.443633266350061e-18
1314,4.803970363364668e-13,3.807700461619687e-18,1.473289656251471e-18
1315,4.960627181682862e-13,3.801391028112073e-18,1.564010082392689e-18
1316,4.766313178836555e-13,3.78834456724706e-18,1.420176685484034e-18
1317,4.819922687288195e-13,3.811894380835511e-18,1.517501738273566e-18
1318,4.84354176526686e-13,3.798698599506647e-18,1.464835314479005e-18
1319,4.971339967961003e-13,3.787199313918211e-18,1.566298008885289e-18
1320,4.971502066819257e-13,3.774507490580407e-18,1.529847833554028e-18
1321,4.968506488276315e-13,3.779336712972185e-18,1.551094130372333e-18
1322,5.017255876898879e-13,3.796436732327848e-18,1.591340039833772e-18
1323,4.809907489773121e-13,3.759858199791899e-18,1.471315642411524e-18
1324,4.886098355883321e-13,3.790352177320611e-18,1.553874536682052e-18
1325,4.897596597540411e-13,3.753063630860527e-18,1.464261481327413e-18
1326,4.97577247240213e-13,3.783589000901167e-18,1.552374413627114e-18
1327,4.880842752543365e-13,3.794194504615948e-18,1.515657543177008e-18
1328,5.162722388879345e-13,3.788018879873357e-18,1.667706819638714e-18
1329,4.986012424548333e-13,3.799587557240969e-18,1.516254246740748e-18
1330,5.084107863706219e-13,3.813110283476472e-18,1.622219088468137e-18
1331,5.006818189251665e-13,3.801511585505953e-18,1.547532882516892e-18
1332,5.16617052807956e-13,3.784657164327107e-18,1.645119007575769e-18
1333,4.882621699002415e-13,3.746268881259587e-18,1.430547004940994e-18
1334,5.00518380274228e-13,3.782456846296948e-18,1.566733253901334e-18
1335,4.921926599768273e-13,3.782558973594075e-18,1.482552187349747e-18
1336,5.06473145938431e-13,3.807293498320563e-18,1.628669799947053e-18
1337,4.881004931431368e-13,3.769215229566629e-18,1.44189989630707e-18
1338,4.994186946919698e-13,3.793044621349413e-18,1.561612815240196e-18
1339,4.960575775330318e-13,3.780562745762148e-18,1.553000175493207e-18
1340,4.857336033638282e-13,3.803402209354028e-18,1.496601767256114e-18
1341,4.780873590413286e-13,3.800377034319097e-18,1.451475712765394e-18
1342,5.061748834131534e-13,3.816497598910281e-18,1.649209232738113e-18
1343,4.885330130194289e-13,3.744482064915647e-18,1.45160784951161e-18
1344,5.081945536607413e-13,3.804037166157174e-18,1.647537068298202e-18
1345,5.000110144169081e-13,3.809800464908738e-18,1.612506705080425e-18
1346,4.920527652835566e-13,3.778669397612617e-18,1.506304676936438e-18
1347,4.944449953152914e-13,3.783174721513121e-18,1.551568887494844e-18
1348,4.952519247720712e-13,3.792207446560509e-18,1.550090915206198e-18
1349,5.154938157763782e-13,3.79991786585985e-18,1.642994718630855e-18
1350,4.940754804212744e-13,3.804915620641419e-18,1.535012323387579e-18
1351,5.056210315487718e-13,3.795465086016146e-18,1.611848492370361e-18
1352,5.104133946940808e-13,3.815275549449334e-18,1.633022393504057e-18
1353,4.896152703025452e-13,3.808352479455843e-18,1.504670163075542e-18
1354,5.121467637218877e-13,3.807252593837101e-18,1.663632140844293e-18
1355,4.944283866716176e-13,3.795023104368416e-18,1.54369057629082e-18
1356,4.956810759471622e-13,3.762507980333784e-18,1.544551378464827e-18
1357,4.953669198712647e-13,3.746173277896551e-18,1.491049913869133e-18
1358,5.082863778125664e-13,3.800717776614513e-18,1.613887084267998e-18
1359,5.139764243437839e-13,3.806380067397036e-18,1.672196000191081e-18
1360,5.068385482891537e-13,3.782466023903074e-18,1.62247710418607e-18
1361,4.970059834916355e-13,3.780123217116342e-18,1.531493633777773e-18
1362,4.962094474431014e-13,3.82155555880017e-18,1.565683368292391e-18
1363,4.898002815444523e-13,3.787955015707451e-18,1.485484883326328e-18
1364,4.809647336422143e-13,3.779509184021217e-18,1.441982655448306e-18
1365,4.945171504579661e-13,3.776352255881925e-18,1.5521499726386e-18
1366,4.989197307449682e-13,3.789010454307826e-18,1.592287443173565e-18
1367,5.125371019634086e-13,3.795025385842543e-18,1.636326208905027e-18
1368,5.156134921356086e-13,3.800287581038487e-18,1.631884748226693e-18
1369,5.047990607430871e-13,3.797366387730238e-18,1.570965006085748e-18
1370,4.966595485800927e-13,3.810455758206248e-18,1.548600241364805e-18
1371,5.021247256862442e-13,3.812083616630657e-18,1.577288039472159e-18
1372,5.046666099544162e-13,3.796741543567183e-18,1.598428700139805e-18
1373,5.033333830713906e-13,3.796958319302508e-18,1.627811969654823e-18
1374,5.062108749684829e-13,3.764940104264329e-18,1.581197645567656e-18
1375,5.088019978750769e-13,3.811914162802222e-18,1.653475786105372e-18
1376,4.79994754508941e-13,3.77486697688203e-18,1.426507394141935e-18
1377,4.911234246843975e-13,3.782475383240523e-18,1.51484838365585e-18
1378,4.850817096449255e-13,3.811637934844878e-18,1.51974149302589e-18
1379,5.219043321476636e-13,3.830991104722083e-18,1.741947977310229e-18
1380,5.033186849546102e-13,3.815115999827627e-18,1.569665336374323e-18
1381,5.068574931669625e-13,3.816233597213632e-18,1.606283280610515e-18
1382,4.858689174618758e-13,3.809126477783272e-18,1.472697942348631e-18
1383,4.901131293379744e-13,3.789323894363725e-18,1.497209651400914e-18
1384,5.00593038093562e-13,3.794088753783228e-18,1.573314110598211e-18
1385,5.060784505016406e-13,3.832272298587331e-18,1.659081592153659e-18
1386,5.036929905603779e-13,3.798917065256106e-18,1.576599675744092e-18
1387,5.002948656357578e-13,3.810894183472551e-18,1.532496584247387e-18
1388,4.985822034787383e-13,3.821687940422804e-18,1.593160309972424e-18
1389,4.883247487285304e-13,3.788476301519313e-18,1.509978323085701e-18
1390,4.8705409603089e-13,3.8065447831179e-18,1.505274701757766e-18
1391,4.810531575092146e-13,3.770976150779155e-18,1.423204219889105e-18
1392,4.963860514649135e-13,3.802120776877162e-18,1.5716878938417e-18
1393,4.986683756903529e-13,3.806535814298509e-18,1.591134269902382e-18
1394,4.981540258659502e-13,3.795493402627267e-18,1.580951329775881e-18
1395,4.979154604164411e-13,3.798976434759616e-18,1.597374834586129e-18
1396,5.048759258460451e-13,3.806987351713883e-18,1.629426394644021e-18
1397,5.057926876830231e-13,3.784545490544799e-18,1.575451404560571e-18
1398,5.055708880183688e-13,3.789100624863135e-18,1.63664212400276e-18
1399,4.885897848242232e-13,3.807710250031104e-18,1.535315909969168e-18
1400,4.863076534637792e-13,3.778002836090326e-18,1.470462722510579e-18
1401,4.922651644035238e-13,3.770002783336795e-18,1.516498989944511e-18
1402,4.919149884386183e-13,3.792029072482662e-18,1.50330061337795e-18
1403,4.868962926329885e-13,3.800056226023864e-18,1.537696065983207e-18
1404,5.058917809323724e-13,3.783123459933454e-18,1.588002891334573e-18
1405,5.005203815095118e-13,3.780927042587701e-18,1.534833069713752e-18
1406,4.983877439900109e-13,3.823253136405673e-18,1.511599836831825e-18
1407,4.971294444109522e-13,3.773993341803409e-18,1.51714880020168e-18
1408,4.903012248344855e-13,3.777003245634365e-18,1.473609623343949e-18
1409,4.984145148118972e-13,3.787611721140225e-18,1.541397028515602e-18
1410,4.975092776703499e-13,3.795033332556172e-18,1.573229467043952e-18
1411,4.853234104557308e-13,3.78715574702349e-18,1.493184122380633e-18
1412,4.873412105247364e-13,3.780797024811704e-18,1.476813811015022e-18
1413,4.984781980506053e-13,3.790582328521643e-18,1.564079922095427e-18
1414,4.873896627346615e-13,3.774161106878347e-18,1.465314130293934e-18
1415,4.863873788230238e-13,3.800287406875769e-18,1.518502093838231e-18
1416,4.823554811079732e-13,3.796012622890204e-18,1.508891576945591e-18
1417,4.798624255079488e-13,3.776833795351532e-18,1.457377240127628e-18
1418,4.771824909999389e-13,3.75807868747525e-18,1.395775944436304e-18
1419,4.771642284513051e-13,3.776137196063828e-18,1.474369215593717e-18
1420,5.020477772224787e-13,3.795995679224172e-18,1.610253776909659e-18
1421,4.88854717667101e-13,3.73827965930011e-18,1.41103031166872e-18
1422,4.99508189827961e-13,3.806021952116703e-18,1.570761178147589e-18
1423,5.126893832360871e-13,3.817554014746393e-18,1.653489345708798e-18
1424,5.057379243865335e-13,3.811364090650574e-18,1.578658983615208e-18
1425,4.903419003059256e-13,3.774763504306618e-18,1.45698383005949e-18
1426,4.984106677408294e-13,3.816775195765816e-18,1.584071953333752e-18
1427,4.848927262057891e-13,3.825177043552777e-18,1.511872291120825e-18
1428,4.896696362954785e-13,3.781170153794507e-18,1.484037073910784e-18
1429,4.849179826725009e-13,3.791889128815038e-18,1.469785692933879e-18
1430,5.040522330978839e-13,3.818223882942319e-18,1.624411982901979e-18
1431,4.948414914940743e-13,3.77739715578836e-18,1.545761005300037e-18
1432,4.995393243994148e-13,3.792283636708035e-18,1.616584049277677e-18
1433,4.951096442254596e-13,3.776555006661944e-18,1.533100212087751e-18
1434,5.014403303944353e-13,3.77699726925078e-18,1.596985952444734e-18
1435,4.976350772877001e-13,3.767310006142986e-18,1.560184367338875e-18
1436,5.032003277075154e-13,3.732079661809915e-18,1.556051642173864e-18
1437,4.920877294818713e-13,3.783324910212876e-18,1.542436667866473e-18
1438,4.953418443027097e-13,3.768452880627725e-18,1.523553449549532e-18
1439,5.068446808400064e-13,3.787496531298441e-18,1.625083757013335e-18
1440,4.970568078383949e-13,3.788507286125844e-18,1.546358937110289e-18
1441,5.041321755728276e-13,3.800854764152245e-18,1.607266383460844e-18
1442,5.153755224307899e-13,3.770983426976401e-18,1.618767611432079e-18
1443,5.04657153187994e-13,3.785076255991189e-18,1.564499111978023e-18
1444,4.959120991951933e-13,3.804085790542151e-18,1.526066243888219e-18
1445,5.033759572944993e-13,3.780647286436036e-18,1.564932948988259e-18
1446,4.917089513180477e-13,3.770921735656598e-18,1.498732479539577e-18
1447,5.022089031192884e-13,3.802508817844624e-18,1.608248095390009e-18
1448,5.020179007362335e-13,3.805970623728864e-18,1.598558431072416e-18
1449,4.954142348361985e-13,3.821904494410832e-18,1.570494164943302e-18
1450,4.858616834580433e-13,3.795659587591486e-18,1.474409819507339e-18
1451,4.835150950842591e-13,3.785353380345178e-18,1.459823419545515e-18
1452,5.063790661888203e-13,3.822880826514958e-18,1.638097378650893e-18
1453,5.017958347863518e-13,3.758055589712668e-18,1.501738709697533e-18
1454,4.995867153960424e-13,3.775146606834609e-18,1.525319287316382e-18
1455,4.950277497515853e-13,3.805785213696882e-18,1.543001855912795e-18
1456,4.854677058383283e-13,3.796565129445382e-18,1.474224292571711e-18
1457,4.812863250138856e-13,3.805635027766459e-18,1.463357014707986e-18
1458,4.843020042474972e-13,3.806929570153462e-18,1.482161016759675e-18
1459,4.865644874318954e-13,3.76824376014791e-18,1.453729235910748e-18
1460,4.849267813090388e-13,3.810897126123228e-18,1.561451379432734e-18
1461,4.885143276955984e-13,3.775445139978858e-18,1.489669367006841e-18
1462,4.916670016489415e-13,3.765361430361197e-18,1.538342044590916e-18
1463,4.996835328823105e-13,3.798273058128435e-18,1.551406686887111e-18
1464,4.946066955433552e-13,3.792963546618764e-18,1.529107048203273e-18
1465,4.891114840065099e-13,3.748328373151224e-18,1.440508880733346e-18
1466,5.010593105461875e-13,3.818972440982083e-18,1.624303698312111e-18
1467,4.984978387806101e-13,3.806959369310536e-18,1.580033548428765e-18
1468,4.896023461153206e-13,3.801516573556532e-18,1.488639433673156e-18
1469,5.134768735379498e-13,3.801835002639394e-18,1.633929580064821e-18
1470,4.992875809232328e-13,3.784138568877708e-18,1.528609420574773e-18
1471,4.945757584539688e-13,3.766858946702938e-18,1.500583351204585e-18
1472,5.007251452728709e-13,3.778427345039045e-18,1.555218468326017e-18
1473,5.113116484638519e-13,3.77470733509967e-18,1.603055084091587e-18
1474,4.973874526894816e-13,3.785135461173121e-18,1.573236677666208e-18
1475,5.031464459101033e-13,3.796698696862104e-18,1.566206872624653e-18
1476,4.904149083923113e-13,3.787848145823796e-18,1.483318745234162e-18
1477,5.011998644258694e-13,3.794936594384305e-18,1.606933533819862e-18
1478,4.96657640636209e-13,3.796022294841637e-18,1.537268826843865e-18
1479,5.048303381505852e-13,3.797305032204489e-18,1.610874352992951e-18
1480,4.96889294203749e-13,3.77179031623544e-18,1.542502892603465e-18
1481,4.986090809682935e-13,3.777461982655044e-18,1.592387024116051e-18
1482,4.886248117956389e-13,3.773130158037405e-18,1.503842736347967e-18
1483,4.847500343528485e-13,3.773164836545595e-18,1.503891868285778e-18
1484,5.020091982868267e-13,3.814858708429702e-18,1.592486919575702e-18
1485,5.062333542517025e-13,3.77816439298111e-18,1.574672401076199e-18
1486,4.916137241470813e-13,3.759588372015572e-18,1.522795678151211e-18
1487,4.953269485493106e-13,3.820550597772675e-18,1.582688919269238e-18
1488,4.848511784430853e-13,3.784994535891336e-18,1.480038130237787e-18
1489,4.929118424582212e-13,3.789643445501932e-18,1.519985655394308e-18
1490,4.835702970041618e-13,3.788906140193501e-18,1.496782443890739e-18
1491,5.076122727581745e-13,3.809698485392876e-18,1.619544376606002e-18
1492,5.046425711746237e-13,3.816216475490006e-18,1.529790389312474e-18
1493,5.205908845962183e-13,3.80030121062483e-18,1.673320554624676e-18
1494,4.93525268062247e-13,3.784186083360352e-18,1.489509880900541e-18
1495,4.928884418836732e-13,3.805140880087261e-18,1.53031946562577e-18
1496,4.836586704910547e-13,3.804236211235211e-18,1.515769812951265e-18
1497,4.893691587965106e-13,3.763947143238493e-18,1.486516968901137e-18
1498,5.040776540163594e-13,3.765869933336465e-18,1.562997108581419e-18
1499,4.940931262787425e-13,3.786390245302805e-18,1.544106514229384e-18
1500,4.913462879994806e-13,3.780956719365301e-18,1.521591242430386e-18
1501,4.808732646891027e-13,3.793644651743049e-18,1.439650104663939e-18
1502,4.805424496208708e-13,3.787835009871235e-18,1.461428313450778e-18
1503,4.881136230283563e-13,3.794932387700265e-18,1.518571943532908e-18
1504,4.98210886020683e-13,3.803639090076964e-18,1.565098054519617e-18
1505,4.909624064007838e-13,3.784020582771467e-18,1.503280755177042e-18
1506,4.913047845395925e-13,3.803606753437517e-18,1.507915605570975e-18
1507,5.139994620738523e-13,3.790734380303984e-18,1.65551180967252e-18
1508,4.968994690487421e-13,3.787441139606183e-18,1.54611791275252e-18
1509,5.005898444986809e-13,3.786814443375305e-18,1.57838446770057e-18
1510,4.895924042681234e-13,3.77798166170974e-18,1.468998831936374e-18
1511,4.943026565682886e-13,3.794441495338727e-18,1.566478555696412e-18
1512,4.906509209978814e-13,3.789299553414256e-18,1.511586557200089e-18
1513,5.071419486255833e-13,3.802314580993807e-18,1.630751938622076e-18
1514,4.910617404341452e-13,3.801510070074432e-18,1.532067766595899e-18
1515,4.989416180807675e-13,3.791737946740276e-18,1.576667432222211e-18
1516,4.861999561846312e-13,3.801279320237923e-18,1.51608198072823e-18
1517,5.001587276628726e-13,3.799884174847065e-18,1.586661105128745e-18
1518,4.939680029784777e-13,3.816676454495397e-18,1.560578174504179e-18
1519,5.128944549455791e-13,3.799359348228909e-18,1.639822516288094e-18
1520,4.980717063488997e-13,3.789825530264755e-18,1.518665702405877e-18
1521,4.93576364348054e-13,3.814740258550894e-18,1.557107825773805e-18
1522,4.981607783089964e-13,3.790477868223943e-18,1.5526286143057e-18
1523,4.885462681219685e-13,3.818704067848037e-18,1.550157463048642e-18
1524,4.835588286664863e-13,3.796418288129415e-18,1.46037575284401e-18
1525,4.805547938512859e-13,3.79454697279512e-18,1.452476578960655e-18
1526,4.870926527618804e-13,3.798122027810405e-18,1.53561879031213e-18
1527,4.825437993833002e-13,3.775028087827014e-18,1.468611941975066e-18
1528,4.888521696368394e-13,3.791481609283552e-18,1.538099215380961e-18
1529,4.934893849341128e-13,3.793275293062066e-18,1.498102350673519e-18
1530,4.82757956554782e-13,3.776750066607225e-18,1.415443764356692e-18
1531,4.860776039017793e-13,3.819571199437864e-18,1.505846439848492e-18
1532,4.970623212444784e-13,3.785305798287518e-18,1.586039246321083e-18
1533,4.815528558126525e-13,3.779467083067252e-18,1.498201441122274e-18
1534,4.777171732797042e-13,3.786170160960477e-18,1.423649927122846e-18
1535,4.880649845882855e-13,3.773572666803729e-18,1.500979735548742e-18
1536,4.833539905233916e-13,3.811272201200122e-18,1.501549295247599e-18
1537,4.863132975108915e-13,3.805077823332912e-18,1.508111716406453e-18
1538,4.766837907389949e-13,3.806257487310294e-18,1.427462170026951e-18
1539,4.933138900813653e-13,3.814909912653178e-18,1.581634924873359e-18
1540,4.968458236866288e-13,3.795707315705487e-18,1.523615864318958e-18
1541,5.071267255385038e-13,3.788795815417159e-18,1.6356437731385e-18
1542,4.889766418248602e-13,3.76373851638481e-18,1.471824182950611e-18
1543,4.860702238572557e-13,3.779775251050833e-18,1.481161071098933e-18
1544,5.09196922791546e-13,3.81589665459101e-18,1.652378334585143e-18
1545,4.987984995111662e-13,3.7877165221505e-18,1.566942248881294e-18
1546,4.846571662200407e-13,3.777936933321358e-18,1.442080408672978e-18
1547,5.054758234202165e-13,3.819109311421522e-18,1.585648469798631e-18
1548,4.926938304177874e-13,3.819187506359604e-18,1.527530472683366e-18
1549,4.931855604666528e-13,3.803563088385889e-18,1.546796617236743e-18
1550,5.003427725012535e-13,3.791984059154895e-18,1.575376996274891e-18
1551,4.951228383310216e-13,3.796789146060306e-18,1.604353837385745e-18
1552,4.851752187133635e-13,3.771918979684541e-18,1.480695803194198e-18
1553,4.807074612706258e-13,3.77963875233122e-18,1.470586846067058e-18
1554,5.025094365066798e-13,3.769669419943059e-18,1.572999418943209e-18
1555,4.907546440043701e-13,3.774417870494644e-18,1.505830027397681e-18
1556,5.140974287796247e-13,3.783466527200923e-18,1.693445139743261e-18
1557,5.109410982596986e-13,3.769729972210155e-18,1.595107721612653e-18
1558,5.06007833252548e-13,3.78963400027082e-18,1.62341132039572e-18
1559,4.93311667446123e-13,3.776776205794119e-18,1.514033530575314e-18
1560,4.97602308024753e-13,3.773987534336876e-18,1.540361440420224e-18
1561,4.774982313011177e-13,3.741553351756534e-18,1.368694992304483e-18
1562,4.902707436057563e-13,3.795759919242809e-18,1.558309669633567e-18
1563,4.902857386756228e-13,3.780651321904399e-18,1.517170968253413e-18
1564,4.984397140324176e-13,3.803759890104916e-18,1.588000434263888e-18
1565,5.004977655501501e-13,3.78656152920177e-18,1.563866400432422e-18
1566,4.885031679830958e-13,3.785241411185562e-18,1.509338568803194e-18
1567,4.904703005147713e-13,3.768903089587335e-18,1.548617825922179e-18
1568,4.915890081693171e-13,3.79685216393556e-18,1.514497206069888e-18
1569,4.88526613952177e-13,3.769834713219208e-18,1.470183992951965e-18
1570,4.894255938245208e-13,3.784100895161104e-18,1.518326752665115e-18
1571,4.832370841822631e-13,3.792740335668346e-18,1.516538904377281e-18
1572,4.833584401862032e-13,3.778470605768577e-18,1.485917832098752e-18
1573,5.03442791506307e-13,3.782718810662509e-18,1.606776542322387e-18
1574,4.90216572129402e-13,3.789265922452004e-18,1.485550490089377e-18
1575,4.88744260085744e-13,3.793712023910407e-18,1.53808296036255e-18
1576,4.770610672881128e-13,3.780299006550954e-18,1.42849473248296e-18
1577,5.013241309085325e-13,3.813679076762825e-18,1.6237240425703e-18
1578,4.823272195668427e-13,3.775019594429849e-18,1.449467323351149e-18
1579,4.790114501229321e-13,3.811102681353446e-18,1.473726959067395e-18
1580,4.871083187213797e-13,3.789085007606806e-18,1.471004624888347e-18
1581,5.086378902701095e-13,3.828658742757509e-18,1.684478602841057e-18
1582,4.882416825633165e-13,3.781114817047945e-18,1.478466232023234e-18
1583,4.951601542127995e-13,3.801483046955889e-18,1.57695357792e-18
1584,4.879923469437273e-13,3.773250775420487e-18,1.499108739923322e-18
1585,4.981236342350505e-13,3.784004686860225e-18,1.554369203055744e-18
1586,5.059883564400223e-13,3.783092778826592e-18,1.599207176184584e-18
1587,5.063977348779509e-13,3.801306262061962e-18,1.579688346482491e-18
1588,5.04832034918981e-13,3.790700092875122e-18,1.641997917844672e-18
1589,4.946815340609962e-13,3.779994959408289e-18,1.489665227417958e-18
1590,5.066659932641543e-13,3.771517693547904e-18,1.557240877168789e-18
1591,5.000491390455897e-13,3.798635421455205e-18,1.578043674501309e-18
1592,5.011580676013929e-13,3.77708188721816e-18,1.55556362323655e-18
1593,4.998421004932531e-13,3.805327498296641e-18,1.537669970388625e-18
1594,5.052380994442405e-13,3.789640881322162e-18,1.59034709420645e-18
1595,4.993443777084352e-13,3.813127136997042e-18,1.6028830274477e-18
1596,4.900649643878921e-13,3.777523157953248e-18,1.49035667465259e-18
1597,4.984642424324384e-13,3.802429404427408e-18,1.584154516433132e-18
1598,4.903866106279607e-13,3.781012156934836e-18,1.47941052170266e-18
1599,4.899912480185059e-13,3.783705533840082e-18,1.500272931414536e-18
1600,4.944211130736991e-13,3.795348257912465e-18,1.518716142357295e-18
1601,4.961322196441003e-13,3.750837802052471e-18,1.498052604226639e-18
1602,5.031484421348548e-13,3.79725342353202e-18,1.578015330232525e-18
1603,4.928612962820404e-13,3.790238779607306e-18,1.516309479279916e-18
1604,4.942409266701811e-13,3.788567655487445e-18,1.525767038118967e-18
1605,4.960213418056035e-13,3.802489308717695e-18,1.591049236750172e-18
1606,4.969005130703436e-13,3.799915369297851e-18,1.557410269825655e-18
1607,4.831260664177416e-13,3.792696730317839e-18,1.480676071476221e-18
1608,4.901746765211828e-13,3.802424584784107e-18,1.577674566808835e-18
1609,4.828481417993635e-13,3.792715591397068e-18,1.481596892527779e-18
1610,5.015504681471159e-13,3.802315894749603e-18,1.623374227696814e-18
1611,5.027841336282834e-13,3.787241674525057e-18,1.612202286640151e-18
1612,5.17651884611159e-13,3.799293287620214e-18,1.66530520834806e-18
1613,4.891829818715475e-13,3.76894432372394e-18,1.452957713501001e-18
1614,5.004805673813374e-13,3.793428873327602e-18,1.553100074186203e-18
1615,4.97982638548523e-13,3.813791974152188e-18,1.556049544401582e-18
1616,5.183530794731631e-13,3.795803453436363e-18,1.631252861722446e-18
1617,4.9192063191064e-13,3.80578094568883e-18,1.506720928785549e-18
1618,4.976987228817154e-13,3.779130063965244e-18,1.487740032631106e-18
1619,4.947103657507619e-13,3.800047675222425e-18,1.506100555530026e-18
1620,5.069942177139113e-13,3.808773994694459e-18,1.617198774295431e-18
1621,4.856032496688776e-13,3.787946839093019e-18,1.434792811944798e-18
1622,5.276975926547573e-13,3.827650301320114e-18,1.756527165489012e-18
1623,5.025369091594705e-13,3.801298341686758e-18,1.556707091690536e-18
1624,4.95022271645969e-13,3.782965491736786e-18,1.529878875429193e-18
1625,4.978486489827633e-13,3.783947868924786e-18,1.54682287790172e-18
1626,4.810087889188399e-13,3.785628227903561e-18,1.410815335722269e-18
1627,5.078220745880668e-13,3.835779740467375e-18,1.678699194367818e-18
1628,4.966591123151313e-13,3.804024615658515e-18,1.548154683370484e-18
1629,4.995125707966782e-13,3.784115078487083e-18,1.552250977912482e-18
1630,5.100315214762791e-13,3.785370658890897e-18,1.63103295738474e-18
1631,5.050949364027969e-13,3.791278794649096e-18,1.600293512200307e-18
1632,5.094379993345525e-13,3.798578154162501e-18,1.59976463734391e-18
1633,5.025297994567563e-13,3.769348337159888e-18,1.523315987910523e-18
1634,5.032493538536748e-13,3.848614268236712e-18,1.597474687103251e-18
1635,5.020628283674532e-13,3.820106911775282e-18,1.560128743156651e-18
1636,4.897944014169412e-13,3.836447309936243e-18,1.501998243151211e-18
1637,4.866444629771377e-13,3.836165858500737e-18,1.527864095879826e-18
1638,4.912614779061959e-13,3.813123911407282e-18,1.514925833232388e-18
1639,4.913711266475566e-13,3.808220737081581e-18,1.551858979220502e-18
1640,4.741779518593618e-13,3.756245549558135e-18,1.382030222919331e-18
1641,4.821292658672133e-13,3.755629616196885e-18,1.42366882397513e-18
1642,5.036870276342342e-13,3.794990242000777e-18,1.559427866706286e-18
1643,4.977369284594055e-13,3.792984980621769e-18,1.53380371880101e-18
1644,4.905898622913341e-13,3.770567673910848e-18,1.492130388252585e-18
1645,4.87928284644008e-13,3.794938218927671e-18,1.466875830966959e-18
1646,4.810401101893969e-13,3.791473945932316e-18,1.462954689104063e-18
1647,4.893517997413461e-13,3.810984317050035e-18,1.534484044218114e-18
1648,4.98114833568381e-13,3.788923844709062e-18,1.565980925805895e-18
1649,4.994073019870373e-13,3.796820305396287e-18,1.585095047058125e-18
1650,4.924893364544658e-13,3.752058691992737e-18,1.489019840206726e-18
1651,5.001159924669332e-13,3.772706818160786e-18,1.576997997476446e-18
1652,4.938408952767924e-13,3.755014519798472e-18,1.46619476005636e-18
1653,4.943516971118038e-13,3.807059306285296e-18,1.556825534474998e-18
1654,5.105738228770283e-13,3.800882003620116e-18,1.619670825819694e-18
1655,5.051632126405157e-13,3.80649735305902e-18,1.584056003939885e-18
1656,5.087622232281166e-13,3.79974939714897e-18,1.620829888816275e-18
1657,4.951938692463925e-13,3.799044588066901e-18,1.512814263211033e-18
1658,4.885560573704952e-13,3.78703545661301e-18,1.480969445181148e-18
1659,4.847651857439693e-13,3.803179758225394e-18,1.49485932201707e-18
1660,5.069900073516813e-13,3.82368174929097e-18,1.658344483990773e-18
1661,4.927639696088616e-13,3.809289254175742e-18,1.542492778087648e-18
1662,4.951926847846975e-13,3.822212620042796e-18,1.57846369666945e-18
1663,4.815603182304026e-13,3.79792105939176e-18,1.450554353163587e-18
1664,4.915875692585789e-13,3.799150609797974e-18,1.529116280212539e-18
1665,4.898454145601344e-13,3.779296415538329e-18,1.494716847706669e-18
1666,4.933165798723635e-13,3.794898266866609e-18,1.564264589544759e-18
1667,5.021624847458634e-13,3.780807101077174e-18,1.582638007748399e-18
1668,4.950773760780637e-13,3.757925278264755e-18,1.496484122378641e-18
1669,4.945426483782459e-13,3.824132591467183e-18,1.565156813989464e-18
1670,4.952286012499919e-13,3.786012793343445e-18,1.538754882989507e-18
1671,5.125672958295935e-13,3.785994256114113e-18,1.605749806555135e-18
1672,5.040879691352268e-13,3.790210497665141e-18,1.564802198089376e-18
1673,5.081783491587548e-13,3.783991438264697e-18,1.610787047105293e-18
1674,4.988142840446503e-13,3.804512860576485e-18,1.583576179603997e-18
1675,4.896821906501583e-13,3.794531991591383e-18,1.523968877647293e-18
1676,4.966685562977831e-13,3.783369839022902e-18,1.553337558609157e-18
1677,4.987978247684202e-13,3.77599617147678e-18,1.550538312972314e-18
1678,5.053273048443859e-13,3.795976953958283e-18,1.602459779295448e-18
1679,4.936896806028725e-13,3.7707108780149e-18,1.478732862893429e-18
1680,4.964122914401192e-13,3.785634644811482e-18,1.540957649714742e-18
1681,4.826212638490216e-13,3.768444198214614e-18,1.422662371921991e-18
1682,5.012937233501128e-13,3.790938240537896e-18,1.58954719397713e-18
1683,4.963013880096853e-13,3.82248414839357e-18,1.585412029752606e-18
1684,4.933196222907333e-13,3.786976610741501e-18,1.516310240922243e-18
1685,4.943655180636819e-13,3.785419856714725e-18,1.52757197138017e-18
1686,4.836922151941939e-13,3.791124218906624e-18,1.459602525231152e-18
1687,4.827857486000489e-13,3.789622255844401e-18,1.44686373625545e-18
1688,4.819946692549882e-13,3.774673328781292e-18,1.438360033502188e-18
1689,5.065755111859099e-13,3.787564176757436e-18,1.598477764894491e-18
1690,4.945323421796781e-13,3.805041300759467e-18,1.517743210715396e-18
1691,4.934749599331413e-13,3.808312244400784e-18,1.544374058744374e-18
1692,5.005792283715179e-13,3.771435627626131e-18,1.549426555667953e-18
1693,4.995311025504175e-13,3.779807637418859e-18,1.548400948814221e-18
1694,4.904209091049707e-13,3.805606218596149e-18,1.533313286693072e-18
1695,4.856633021581215e-13,3.792813406650172e-18,1.485266957583631e-18
1696,4.83508147721565e-13,3.760918220978001e-18,1.46897514124417e-18
1697,4.91857615667895e-13,3.80678565909762e-18,1.543392276123089e-18
1698,4.815920627351306e-13,3.802342630405711e-18,1.445317293257327e-18
1699,4.726069225358403e-13,3.799430867689528e-18,1.392482153322092e-18
1700,4.969339390989181e-13,3.813084559508967e-18,1.583162711903895e-18
1701,4.870299757415364e-13,3.786056742602855e-18,1.464172267649555e-18
1702,5.022386757132367e-13,3.798899353697149e-18,1.584538739568286e-18
1703,4.838917265588666e-13,3.778549830674297e-18,1.454013801122317e-18
1704,4.922440287035211e-13,3.790727451945487e-18,1.544829180246097e-18
1705,4.756572730349488e-13,3.779941235980928e-18,1.422312954369413e-18
1706,4.867465776757945e-13,3.788948150680458e-18,1.502457902945206e-18
1707,4.861376521326575e-13,3.787308276484064e-18,1.487782347598622e-18
1708,4.970043845502244e-13,3.80592937577101e-18,1.590434835128272e-18
1709,4.938976789551454e-13,3.809093758333972e-18,1.570283627244877e-18
1710,4.89629164043285e-13,3.775919815632297e-18,1.508948133802916e-18
1711,4.912630217878455e-13,3.783758340437794e-18,1.527207307156392e-18
1712,4.86178673893368e-13,3.75870547268015e-18,1.460806420444046e-18
1713,5.073797090938872e-13,3.796108640014885e-18,1.624910789266554e-18
1714,4.887497511195117e-13,3.78514078191759e-18,1.465211110177182e-18
1715,5.130015648535729e-13,3.811094519833604e-18,1.613061497483508e-18
1716,4.961757273557367e-13,3.807642880376142e-18,1.521051645744665e-18
1717,5.02672856600667e-13,3.820343178214532e-18,1.615897141828303e-18
1718,4.940897898387074e-13,3.786906890520643e-18,1.518865727317966e-18
1719,4.939550667445496e-13,3.801222810666444e-18,1.575246137766029e-18
1720,4.785607436467775e-13,3.769514306666062e-18,1.412269413050272e-18
1721,4.921626467141095e-13,3.784948386586303e-18,1.533226719133943e-18
1722,4.985085960473717e-13,3.814894672009513e-18,1.58441739528505e-18
1723,4.782078696983441e-13,3.78505879538591e-18,1.43475249304801e-18
1724,4.884933939121689e-13,3.777768685821914e-18,1.476549406746609e-18
1725,4.994486042922522e-13,3.775532381475261e-18,1.529135163509116e-18
1726,4.930914537923574e-13,3.792386865075387e-18,1.520213895893068e-18
1727,5.096230418069301e-13,3.797872426998069e-18,1.678841066914985e-18
1728,4.852285517534889e-13,3.753514206901871e-18,1.448148660366109e-18
1729,4.945550646625772e-13,3.779829685923967e-18,1.555061108171591e-18
1730,5.002916776161419e-13,3.811771350977213e-18,1.556148735100703e-18
1731,5.089798383559584e-13,3.794514021070036e-18,1.630123423561771e-18
1732,5.006779720809029e-13,3.788682594347277e-18,1.587885417322e-18
1733,5.060143856078054e-13,3.801831652259936e-18,1.612222022551874e-18
1734,5.008716679241926e-13,3.779388883087576e-18,1.558871864800559e-18
1735,4.985061303684363e-13,3.79253581983657e-18,1.574273493469912e-18
1736,4.930838584239817e-13,3.805859696196242e-18,1.514173517649071e-18
1737,4.863542308124732e-13,3.802337504408037e-18,1.453064095734973e-18
1738,4.950257524053541e-13,3.79625662983144e-18,1.528280801771143e-18
1739,5.007834794033942e-13,3.784004491688616e-18,1.565215410440987e-18
1740,4.917524835634719e-13,3.774093483266662e-18,1.545244427724421e-18
1741,4.958709054837672e-13,3.814187744960243e-18,1.576022547913974e-18
1742,5.180193442459428e-13,3.793589513864772e-18,1.702028252018045e-18
1743,5.087901831589691e-13,3.802852107272183e-18,1.588444705381618e-18
1744,4.99444628063898e-13,3.792587851757904e-18,1.522789818482223e-18
1745,5.039438124414324e-13,3.799747597852521e-18,1.569585872598549e-18
1746,4.921176466143619e-13,3.794873261233645e-18,1.524061888397719e-18
1747,4.882080881185532e-13,3.767112162512027e-18,1.503949335084119e-18
1748,4.746852215323585e-13,3.771291864815842e-18,1.390223119839073e-18
1749,4.855144577850139e-13,3.778331844535481e-18,1.470179734042795e-18
1750,4.818324003991564e-13,3.796580736012727e-18,1.436604006549734e-18
1751,4.929272967012716e-13,3.785736828672959e-18,1.533884901649772e-18
1752,4.891822240106464e-13,3.798201887757092e-18,1.520035338759608e-18
1753,5.065082471861944e-13,3.758743081628497e-18,1.608572675202485e-18
1754,4.942386377793484e-13,3.739163718867737e-18,1.474059397615939e-18
1755,4.835011785364383e-13,3.758473779889204e-18,1.412739144524372e-18
1756,4.937331918344354e-13,3.795900246246723e-18,1.518691145479948e-18
1757,4.922229809012835e-13,3.797216401108892e-18,1.552717923195338e-18
1758,4.882283107127688e-13,3.774145189238359e-18,1.465288185987153e-18
1759,5.043185213742017e-13,3.791334160898584e-18,1.585305928961181e-18
1760,4.992145319273592e-13,3.810903130658266e-18,1.565486397831563e-18
1761,5.17364440773342e-13,3.775951640761884e-18,1.678729635623461e-18
1762,5.06105131521792e-13,3.79932953878403e-18,1.611085691604415e-18
1763,4.99765126344333e-13,3.759317799089696e-18,1.523107945482044e-18
1764,4.942715171202636e-13,3.771228272179495e-18,1.510240638541795e-18
1765,4.888132498884741e-13,3.801680242017217e-18,1.488800018286198e-18
1766,4.891091555031225e-13,3.783413922224433e-18,1.503039697367242e-18
1767,4.767692124671779e-13,3.820876532701703e-18,1.467937415413259e-18
1768,4.851983132790669e-13,3.762801948298768e-18,1.470373194155466e-18
1769,4.909609894153667e-13,3.754117178219212e-18,1.471292432326017e-18
1770,5.021739921984346e-13,3.782769079189396e-18,1.593298425363012e-18
1771,4.761221681356142e-13,3.750423462612937e-18,1.367153902328003e-18
1772,4.836395137084902e-13,3.720905368825091e-18,1.409454505784009e-18
1773,5.001044072786106e-13,3.793527165884256e-18,1.574683332070353e-18
1774,5.160486570432304e-13,3.797916740972701e-18,1.664247519179864e-18
1775,5.042217360520136e-13,3.801707294026056e-18,1.587450092896466e-18
1776,4.931476616889077e-13,3.780956127498664e-18,1.487578010529545e-18
1777,4.879244341740595e-13,3.808831484138784e-18,1.505277766546143e-18
1778,4.829942304029143e-13,3.812159161649385e-18,1.503829405316136e-18
1779,4.906381795208763e-13,3.789300091953987e-18,1.497641836926427e-18
1780,5.104113781398737e-13,3.809518201644868e-18,1.631394994013739e-18
1781,5.020562915209858e-13,3.794207602405856e-18,1.609808116620824e-18
1782,4.999689963734172e-13,3.789808409472435e-18,1.570277801512286e-18
1783,4.862764654158257e-13,3.80601409501445e-18,1.47535810751694e-18
1784,5.140583693218062e-13,3.823391383281719e-18,1.654094637275001e-18
1785,4.933264432247172e-13,3.826010658152936e-18,1.556671645583785e-18
1786,4.962842157389174e-13,3.786975046417089e-18,1.555885269872183e-18
1787,4.786615383048055e-13,3.806604804735279e-18,1.481731096910233e-18
1788,4.963472925165459e-13,3.815482223032076e-18,1.593122293617524e-18
1789,4.906642346404882e-13,3.794948953116129e-18,1.485156001994216e-18
1790,4.924339513062817e-13,3.79163176055212e-18,1.536076897696368e-18
1791,4.914570977579701e-13,3.753063081019728e-18,1.481906770605264e-18
1792,4.928671367795263e-13,3.788934266451957e-18,1.544655602447076e-18
1793,5.004861588410725e-13,3.801346517032329e-18,1.579874903953171e-18
1794,4.980389336601796e-13,3.790616768764485e-18,1.56330446034278e-18
1795,4.970371424442601e-13,3.780342755432429e-18,1.552341951289203e-18
1796,4.929023388305571e-13,3.792397176406189e-18,1.550225297971341e-18
1797,4.911676464144665e-13,3.783928194002687e-18,1.544994106666713e-18
1798,4.939519431943552e-13,3.785775926653891e-18,1.536437596936276e-18
1799,4.920942153591018e-13,3.74975614163193e-18,1.480341383848197e-18
1800,4.86121407266137e-13,3.775309475641388e-18,1.510239954369169e-18
1801,4.909987505364395e-13,3.791641769929511e-18,1.541289031553313e-18
1802,4.962714840650325e-13,3.76635369061085e-18,1.530031617000546e-18
1803,4.969139340712646e-13,3.765187488444148e-18,1.529169630214821e-18
1804,4.909962140943437e-13,3.772100746989987e-18,1.493173600632149e-18
1805,5.014846020096981e-13,3.774512344673019e-18,1.554134789786914e-18
1806,4.886031219516406e-13,3.756388019051096e-18,1.462187629238533e-18
1807,4.860788111407931e-13,3.757721258803446e-18,1.475345627363585e-18
1808,4.889472763070773e-13,3.78412645452578e-18,1.498770406034088e-18
1809,4.990917670447391e-13,3.780699162962014e-18,1.565777045452329e-18
1810,4.851612209678919e-13,3.774354640216569e-18,1.462728451599906e-18
1811,5.09985330560076e-13,3.782251758391864e-18,1.63113649457392e-18
1812,4.965137126127737e-13,3.779420835287179e-18,1.524583404900316e-18
1813,5.081533341673867e-13,3.81046232417656e-18,1.663336404006164e-18
1814,4.89665886526782e-13,3.784622545570716e-18,1.495430925861886e-18
1815,4.961224690899924e-13,3.779042263316074e-18,1.542443090680906e-18
1816,4.892867252349455e-13,3.791214475266947e-18,1.521243989019791e-18
1817,4.856588478290086e-13,3.776441868749451e-18,1.495377255616914e-18
1818,4.747798180840103e-13,3.765497978073552e-18,1.379615707355934e-18
1819,5.033925396784895e-13,3.824466339784856e-18,1.649778170255348e-18
1820,4.933000649675209e-13,3.808661315157929e-18,1.544909551195466e-18
1821,5.036624906573957e-13,3.774464420709215e-18,1.576331589309734e-18
1822,5.054990182295706e-13,3.795490153854021e-18,1.654903800737614e-18
1823,5.123758559855361e-13,3.79530650179666e-18,1.611102897639797e-18
1824,4.889751425068354e-13,3.78751789385013e-18,1.461754645676948e-18
1825,5.047894030381264e-13,3.782279494538907e-18,1.577891368163411e-18
1826,5.097423887516216e-13,3.830872073025127e-18,1.603845745345557e-18
1827,4.922260215797812e-13,3.789694816856751e-18,1.496737345279206e-18
1828,4.96878982330147e-13,3.817659670384819e-18,1.560295105409159e-18
1829,4.79713699025044e-13,3.787706210542e-18,1.423163062155256e-18
1830,4.795526618859211e-13,3.807578433203711e-18,1.465471637696358e-18
1831,4.792716211962094e-13,3.779609844679588e-18,1.416052850758307e-18
1832,4.912240324908924e-13,3.782958852024047e-18,1.527721184945157e-18
1833,4.842868263257757e-13,3.7576024988042e-18,1.434541242834272e-18
1834,4.757732613110466e-13,3.778446113341578e-18,1.405710692442259e-18
1835,4.764548112912499e-13,3.795686195990442e-18,1.4368805178916e-18
1836,4.921887445361793e-13,3.793476147479032e-18,1.553090093657448e-18
1837,4.871569157942986e-13,3.789628950582608e-18,1.505271142703446e-18
1838,4.960079200103999e-13,3.795457994273931e-18,1.560016747226149e-18
1839,5.064412512440862e-13,3.810478353632977e-18,1.669383504672528e-18
1840,5.121645429545764e-13,3.786737087072805e-18,1.658863293756964e-18
1841,4.891219519917204e-13,3.782115891659495e-18,1.49528450528034e-18
1842,4.895778647084438e-13,3.819985480094468e-18,1.55574651262671e-18
1843,4.839029035120449e-13,3.778738852685917e-18,1.467477880261165e-18
1844,4.833380665491877e-13,3.786267885562169e-18,1.462105054259467e-18
1845,4.903596153473476e-13,3.801069689397423e-18,1.547293976440356e-18
1846,4.926869464512038e-13,3.789175879243863e-18,1.562523836030021e-18
1847,5.0226235364087e-13,3.767115868785797e-18,1.566344119531556e-18
1848,5.109947415944256e-13,3.766085339879648e-18,1.57744006522041e-18
1849,5.001132658159784e-13,3.800097901388816e-18,1.583810613456632e-18
1850,4.982714211560666e-13,3.783002662352741e-18,1.525917759006501e-18
1851,5.083881709352498e-13,3.790029267651764e-18,1.589376043522944e-18
1852,5.068298126056001e-13,3.809660609690338e-18,1.613309110581737e-18
1853,4.977061387278591e-13,3.792352023453666e-18,1.534435857590326e-18
1854,4.846670409622704e-13,3.780178785905246e-18,1.43792365835201e-18
1855,4.906941120886703e-13,3.807563647103284e-18,1.564661790530075e-18
1856,4.841549569268676e-13,3.814759503135382e-18,1.479397020359413e-18
1857,5.169353013570661e-13,3.808342987039418e-18,1.676150156233806e-18
1858,4.940458216514007e-13,3.76523404024336e-18,1.459237302780039e-18
1859,4.954462689794992e-13,3.779922788505031e-18,1.553012686443319e-18
1860,4.794341561771019e-13,3.776673057143869e-18,1.429170454761129e-18
1861,5.044452440980002e-13,3.762828063000562e-18,1.589031537181496e-18
1862,5.150930350488656e-13,3.824102484761622e-18,1.653274129548195e-18
1863,4.943582649487097e-13,3.777653294730309e-18,1.476608767480024e-18
1864,4.98541836507058e-13,3.78019062079116e-18,1.557703140414224e-18
1865,5.051645058133636e-13,3.79043509911396e-18,1.60744202804006e-18
1866,5.059662415083605e-13,3.777269191611394e-18,1.568196940681768e-18
1867,4.970487751268798e-13,3.778958384535314e-18,1.48619856199205e-18
1868,5.081601441142514e-13,3.787139320369647e-18,1.606323106018313e-18
1869,4.989037371205981e-13,3.770935656504225e-18,1.534496473078466e-18
1870,4.894880210202564e-13,3.753566113744064e-18,1.469151515817286e-18
1871,4.949380862494456e-13,3.810919363601935e-18,1.617086555399065e-18
1872,4.875311040643014e-13,3.779488378231333e-18,1.505907685808763e-18
1873,4.845497319261971e-13,3.785373871331456e-18,1.498425368267607e-18
1874,5.0912043003164e-13,3.811374343868991e-18,1.663361316276437e-18
1875,4.950757504839458e-13,3.797882895004943e-18,1.541155915189138e-18
1876,4.973168682184939e-13,3.777404260198415e-18,1.530657920752679e-18
1877,4.933759777907709e-13,3.783594888257458e-18,1.500934399654664e-18
1878,4.870867430182332e-13,3.796346016662715e-18,1.50116204252561e-18
1879,4.816999899496249e-13,3.783281826108327e-18,1.442364551185068e-18
1880,4.942245153005513e-13,3.798544458435815e-18,1.544177201216094e-18
1881,4.945012667007952e-13,3.803688452413331e-18,1.549916495340868e-18
1882,5.063633194883359e-13,3.801073615791916e-18,1.573392704762568e-18
1883,5.07417976588001e-13,3.77714201226106e-18,1.573308652853663e-18
1884,5.096991952114098e-13,3.802073137632278e-18,1.629159780404019e-18
1885,5.049721528715679e-13,3.813518914613498e-18,1.590399760484547e-18
1886,4.86873082148438e-13,3.804681228709444e-18,1.474310933666326e-18
1887,5.062163050430842e-13,3.805679902890469e-18,1.614760572687073e-18
1888,4.854807441656558e-13,3.774549384398936e-18,1.416492813387996e-18
1889,4.932985733522286e-13,3.810886850087673e-18,1.526714557434377e-18
1890,4.888813186254944e-13,3.805336793379703e-18,1.496529688208491e-18
1891,4.93778875106246e-13,3.783812687981648e-18,1.537456275200392e-18
1892,4.973422944589128e-13,3.786879601059607e-18,1.520838921939339e-18
1893,4.918497164388568e-13,3.787470970859307e-18,1.53252082019079e-18
1894,4.940993741828356e-13,3.804710104687788e-18,1.519589960194843e-18
1895,5.034775491525702e-13,3.789459791649846e-18,1.605909412272261e-18
1896,4.958483229238979e-13,3.780477071603583e-18,1.503470077433814e-18
1897,5.113238680338808e-13,3.814653311080462e-18,1.645732407847548e-18
1898,5.023543814354759e-13,3.785579146076114e-18,1.539828555191419e-18
1899,4.928076875099649e-13,3.773217691262931e-18,1.524340122343834e-18
1900,4.976433397422616e-13,3.765525246268762e-18,1.529059334013241e-18
1901,4.921773238487247e-13,3.787081093139896e-18,1.546468965478576e-18
1902,4.909878381438407e-13,3.775099445444575e-18,1.514060903810875e-18
1903,4.847742786795164e-13,3.772503627890458e-18,1.475323759043405e-18
1904,4.781236801440974e-13,3.736109538528848e-18,1.392719148661386e-18
1905,4.925418637691438e-13,3.772785613310107e-18,1.528816177228575e-18
1906,5.000208494538648e-13,3.814605596501544e-18,1.600304680745143e-18
1907,5.007716994478535e-13,3.794922574814948e-18,1.575910749490449e-18
1908,4.969902499992669e-13,3.79496070368742e-18,1.542081621688056e-18
1909,4.974088078464142e-13,3.781486503984319e-18,1.534509129354271e-18
1910,4.877990659496543e-13,3.781018383966398e-18,1.496645750583735e-18
1911,4.960562467513055e-13,3.776628273750508e-18,1.582551554423025e-18
1912,4.931307510095498e-13,3.810365716960434e-18,1.547366168403727e-18
1913,5.134295015459544e-13,3.750165868865885e-18,1.591783829800473e-18
1914,5.019669453969766e-13,3.794087265842858e-18,1.54588711266318e-18
1915,5.124902323965013e-13,3.814280031965592e-18,1.654496987513188e-18
1916,5.047885976160412e-13,3.803657804918043e-18,1.586605736122083e-18
1917,5.055362761601612e-13,3.781370318112116e-18,1.582056258820764e-18
1918,5.041035503991119e-13,3.832355285021905e-18,1.64629799755878e-18
1919,5.01663360803317e-13,3.814797864897771e-18,1.574661398348796e-18
1920,4.937466931557397e-13,3.808289730292599e-18,1.539639445808584e-18
1921,4.960061510537525e-13,3.788754789358087e-18,1.547627226216927e-18
1922,4.95281741520461e-13,3.793628558514016e-18,1.57070001852191e-18
1923,4.874154001081401e-13,3.79963036068935e-18,1.520995252095668e-18
1924,5.069303946390266e-13,3.804620108283449e-18,1.655280146848103e-18
1925,4.912479789840245e-13,3.803809801040978e-18,1.535736498535632e-18
1926,4.974038669219607e-13,3.784765742391921e-18,1.578473735192434e-18
1927,4.89198568069469e-13,3.779915164915295e-18,1.492032105926092e-18
1928,5.133807482454354e-13,3.815632623536636e-18,1.676752944902177e-18
1929,4.977747445057794e-13,3.790685469740568e-18,1.546835224025942e-18
1930,4.961793631154211e-13,3.782917663203996e-18,1.558365389887437e-18
1931,5.107697491840176e-13,3.833299184178902e-18,1.654630774673356e-18
1932,5.207722770170023e-13,3.813088914757099e-18,1.688473210998465e-18
1933,5.081076750272934e-13,3.797810039645486e-18,1.636460062300896e-18
1934,4.965976821132868e-13,3.78390610639802e-18,1.547908650600161e-18
1935,5.006208748660522e-13,3.791099258647857e-18,1.599493724209495e-18
1936,4.912784930561857e-13,3.781476097805901e-18,1.470797577436592e-18
1937,5.124780381953489e-13,3.820309272241863e-18,1.674617848560329e-18
1938,4.878032493282367e-13,3.806075730690555e-18,1.49147622337166e-18
1939,5.015363088311986e-13,3.772191765462661e-18,1.555723286365462e-18
1940,4.882435762959673e-13,3.76530518995782e-18,1.467781608770914e-18
1941,5.123343942590559e-13,3.768478247354771e-18,1.634073792784902e-18
1942,4.883790341390855e-13,3.769968070317552e-18,1.470002953086771e-18
1943,4.999861994461298e-13,3.739050526891405e-18,1.535661093410752e-18
1944,5.033902476142074e-13,3.800342670129053e-18,1.579913995969263e-18
1945,5.07416653955128e-13,3.789150539745433e-18,1.60542884862108e-18
1946,5.100569958760587e-13,3.810544699937522e-18,1.636495248437593e-18
1947,5.006880992334339e-13,3.806455315913185e-18,1.54463298836103e-18
1948,4.866616594214897e-13,3.813447399323403e-18,1.47438452684768e-18
1949,4.971941861342569e-13,3.805778993640417e-18,1.576189086986387e-18
1950,4.884599267884826e-13,3.820818933663491e-18,1.54329719920018e-18
1951,4.954239188387786e-13,3.788822323291464e-18,1.545960457571675e-18
1952,4.915475013877302e-13,3.778037758465633e-18,1.505815086379572e-18
1953,4.917719933475256e-13,3.769840407929126e-18,1.515758074650732e-18
1954,4.937345450523071e-13,3.79693858113396e-18,1.534758703081006e-18
1955,5.004072815022968e-13,3.80874477876943e-18,1.604296023517825e-18
1956,5.032406474330418e-13,3.807376652234387e-18,1.621274324662228e-18
1957,4.960086156445269e-13,3.790675805963402e-18,1.514422831345377e-18
1958,4.874403147494124e-13,3.79684065547764e-18,1.470418646582333e-18
1959,4.962130883074089e-13,3.786750266757553e-18,1.560199730555705e-18
1960,4.823197903724451e-13,3.763991228763509e-18,1.440627046070534e-18
1961,5.02668702624145e-13,3.812771926293793e-18,1.626482942201123e-18
1962,4.948420993517313e-13,3.794821641033906e-18,1.578623087315368e-18
1963,4.976259617499135e-13,3.782334184586236e-18,1.575342097447506e-18
1964,5.010972757678921e-13,3.795065251842202e-18,1.602447292936026e-18
1965,4.899541903476012e-13,3.761613543779638e-18,1.517117411043163e-18
1966,5.016651813367995e-13,3.773694277265135e-18,1.589730252580891e-18
1967,4.808370188669845e-13,3.761903431103951e-18,1.435008687269493e-18
1968,5.074461274786934e-13,3.788839821803144e-18,1.619487071969807e-18
1969,5.057939461155822e-13,3.772482617559081e-18,1.561232976633588e-18
1970,5.167615096274123e-13,3.790415179760196e-18,1.656161774884388e-18
1971,4.923020907358285e-13,3.79523791296429e-18,1.528040595126942e-18
1972,5.042049653865944e-13,3.788530714807125e-18,1.600911334627286e-18
1973,4.92459412109165e-13,3.772690686848325e-18,1.468944949684435e-18
1974,4.961570901980055e-13,3.770207853930484e-18,1.548255550949427e-18
1975,4.975464463493383e-13,3.765093665579055e-18,1.542203165833307e-18
1976,5.05987857953216e-13,3.788950729410896e-18,1.615697589562005e-18
1977,4.982324967777758e-13,3.779709458774415e-18,1.535710495968945e-18
1978,4.851300908471663e-13,3.760112208284303e-18,1.466820601781477e-18
1979,4.905009866183243e-13,3.790636849521471e-18,1.450398064775341e-18
1980,5.013373325643971e-13,3.796941236143398e-18,1.580489830790348e-18
1981,4.923409016475655e-13,3.809566651980228e-18,1.55930269955311e-18
1982,5.020852866790523e-13,3.781211406572669e-18,1.560023876666593e-18
1983,4.788991699881936e-13,3.797182385366537e-18,1.449995104089744e-18
1984,4.94310217596699e-13,3.8044794307082e-18,1.569661192399777e-18
1985,4.881442501501511e-13,3.779927226922299e-18,1.505259686381186e-18
1986,5.042388017193167e-13,3.79400821844562e-18,1.580788238481184e-18
1987,4.98488649728313e-13,3.778850916021101e-18,1.540732165000313e-18
1988,4.871193687509343e-13,3.759306798703126e-18,1.472827375177903e-18
1989,4.913524619719556e-13,3.79015394139012e-18,1.499247624831088e-18
1990,4.940327192650829e-13,3.802106479285738e-18,1.573052977776346e-18
1991,4.874265000078513e-13,3.777653903224954e-18,1.464247626529033e-18
1992,4.840411148587994e-13,3.810254367490124e-18,1.498276833258452e-18
1993,4.881188078090049e-13,3.77846910564173e-18,1.456699857846249e-18
1994,5.126061950852167e-13,3.81489612612768e-18,1.650832436821691e-18
1995,5.186221518978275e-13,3.788039695367238e-18,1.663575514952704e-18
1996,4.96286324894815e-13,3.802579677732186e-18,1.534613426766007e-18
1997,4.952084031044579e-13,3.776097992424726e-18,1.526857276357841e-18
1998,5.017754670673972e-13,3.795933739865633e-18,1.566327079147782e-18
1999,4.950563647106263e-13,3.781175724552195e-18,1.507095744888305e-18
2000,5.015051221261632e-13,3.754363113882224e-18,1.555162211609347e-18
