2026-06-16 17:20:47 - pino - INFO - Training comment
2026-06-16 17:20:47 - pino - INFO - 200 cases 10 realizations 10k epochs
2026-06-16 17:20:47 - pino - INFO - Available cases (200):
2026-06-16 17:20:47 - pino - INFO - [0, 1, 2, 3, 4, 5, 6, 7, 8, 9, 10, 11, 12, 13, 14, 15, 16, 17, 18, 19, 20, 21, 22, 23, 24, 25, 26, 27, 28, 29, 30, 31, 32, 33, 34, 35, 36, 37, 38, 39, 40, 41, 42, 43, 44, 45, 46, 47, 48, 49, 50, 51, 52, 53, 54, 55, 56, 57, 58, 59, 60, 61, 62, 63, 64, 65, 66, 67, 68, 69, 70, 71, 72, 73, 74, 75, 76, 77, 78, 79, 80, 81, 82, 83, 84, 85, 86, 87, 88, 89, 90, 91, 92, 93, 94, 95, 96, 97, 98, 99, 100, 101, 102, 103, 104, 105, 106, 107, 108, 109, 110, 111, 112, 113, 114, 115, 116, 117, 118, 119, 120, 121, 122, 123, 124, 125, 126, 127, 128, 129, 130, 131, 132, 133, 134, 135, 136, 137, 138, 139, 140, 141, 142, 143, 144, 145, 146, 147, 148, 149, 150, 151, 152, 153, 154, 155, 156, 157, 158, 159, 160, 161, 162, 163, 164, 165, 166, 167, 168, 169, 170, 171, 172, 173, 174, 175, 176, 177, 178, 179, 180, 181, 182, 183, 184, 185, 186, 187, 188, 189, 190, 191, 192, 193, 194, 195, 196, 197, 198, 199]
2026-06-16 17:20:47 - pino - INFO - Train cases (160): ['channel_00', 'channel_01', 'channel_02', 'channel_03', 'channel_04', 'channel_05', 'channel_06', 'channel_07', 'channel_09', 'channel_10', 'channel_11', 'channel_12', 'channel_13', 'channel_14', 'channel_15', 'channel_16', 'channel_17', 'channel_19', 'channel_20', 'channel_21', 'channel_23', 'channel_24', 'channel_25', 'channel_26', 'channel_27', 'channel_29', 'channel_30', 'channel_32', 'channel_36', 'channel_38', 'channel_39', 'channel_40', 'channel_41', 'channel_42', 'channel_43', 'channel_44', 'channel_46', 'channel_47', 'channel_49', 'channel_52', 'channel_54', 'channel_55', 'channel_56', 'channel_57', 'channel_58', 'channel_59', 'channel_60', 'channel_61', 'channel_63', 'channel_64', 'channel_65', 'channel_66', 'channel_67', 'channel_68', 'channel_69', 'channel_70', 'channel_72', 'channel_73', 'channel_74', 'channel_76', 'channel_77', 'channel_78', 'channel_79', 'channel_82', 'channel_83', 'channel_84', 'channel_85', 'channel_86', 'channel_88', 'channel_91', 'channel_92', 'channel_93', 'channel_94', 'channel_95', 'channel_96', 'channel_98', 'channel_99', 'channel_100', 'channel_101', 'channel_102', 'channel_103', 'channel_104', 'channel_105', 'channel_106', 'channel_107', 'channel_108', 'channel_109', 'channel_110', 'channel_112', 'channel_113', 'channel_114', 'channel_115', 'channel_116', 'channel_119', 'channel_120', 'channel_121', 'channel_122', 'channel_123', 'channel_124', 'channel_125', 'channel_126', 'channel_127', 'channel_128', 'channel_129', 'channel_130', 'channel_131', 'channel_132', 'channel_134', 'channel_135', 'channel_136', 'channel_137', 'channel_138', 'channel_139', 'channel_140', 'channel_143', 'channel_144', 'channel_145', 'channel_146', 'channel_147', 'channel_148', 'channel_149', 'channel_150', 'channel_152', 'channel_153', 'channel_155', 'channel_156', 'channel_157', 'channel_158', 'channel_159', 'channel_160', 'channel_161', 'channel_162', 'channel_165', 'channel_166', 'channel_167', 'channel_168', 'channel_169', 'channel_170', 'channel_173', 'channel_174', 'channel_177', 'channel_178', 'channel_179', 'channel_180', 'channel_181', 'channel_182', 'channel_183', 'channel_184', 'channel_185', 'channel_186', 'channel_187', 'channel_188', 'channel_189', 'channel_190', 'channel_192', 'channel_194', 'channel_195', 'channel_196', 'channel_197', 'channel_198']
2026-06-16 17:20:47 - pino - INFO - Valid cases (20): ['channel_08', 'channel_34', 'channel_35', 'channel_37', 'channel_48', 'channel_50', 'channel_53', 'channel_62', 'channel_75', 'channel_80', 'channel_87', 'channel_141', 'channel_142', 'channel_154', 'channel_163', 'channel_164', 'channel_171', 'channel_175', 'channel_176', 'channel_191']
2026-06-16 17:20:47 - pino - INFO - Test  cases (20): ['channel_18', 'channel_22', 'channel_28', 'channel_31', 'channel_33', 'channel_45', 'channel_51', 'channel_71', 'channel_81', 'channel_89', 'channel_90', 'channel_97', 'channel_111', 'channel_117', 'channel_118', 'channel_133', 'channel_151', 'channel_172', 'channel_193', 'channel_199']
2026-06-16 23:07:45 - pino - INFO - Train samples: 16000
2026-06-16 23:07:45 - pino - INFO - Valid samples: 200
2026-06-16 23:07:45 - pino - INFO - Train branch channels: ['x_local', 'y_local', 'wall_mask', 'interface_mask', 'boundary_pressure', 'boundary_u', 'boundary_v', 'known_pressure', 'known_u', 'known_v', 'local_aspect_ratio']
2026-06-16 23:07:45 - pino - INFO - Train trunk channels: ['x_local', 'y_local']
2026-06-16 23:07:45 - pino - INFO - Output channels: ['pressure', 'u', 'v']
2026-06-16 23:07:45 - pino - INFO - Example train sample:
2026-06-16 23:07:45 - pino - INFO - branch: (1024, 11)
2026-06-16 23:07:45 - pino - INFO - query: (12268, 2)
2026-06-16 23:07:45 - pino - INFO - target: (12268, 3)
2026-06-16 23:07:45 - pino - INFO - Train cases: [0, 1, 2, 3, 4, 5, 6, 7, 9, 10, 11, 12, 13, 14, 15, 16, 17, 19, 20, 21, 23, 24, 25, 26, 27, 29, 30, 32, 36, 38, 39, 40, 41, 42, 43, 44, 46, 47, 49, 52, 54, 55, 56, 57, 58, 59, 60, 61, 63, 64, 65, 66, 67, 68, 69, 70, 72, 73, 74, 76, 77, 78, 79, 82, 83, 84, 85, 86, 88, 91, 92, 93, 94, 95, 96, 98, 99, 100, 101, 102, 103, 104, 105, 106, 107, 108, 109, 110, 112, 113, 114, 115, 116, 119, 120, 121, 122, 123, 124, 125, 126, 127, 128, 129, 130, 131, 132, 134, 135, 136, 137, 138, 139, 140, 143, 144, 145, 146, 147, 148, 149, 150, 152, 153, 155, 156, 157, 158, 159, 160, 161, 162, 165, 166, 167, 168, 169, 170, 173, 174, 177, 178, 179, 180, 181, 182, 183, 184, 185, 186, 187, 188, 189, 190, 192, 194, 195, 196, 197, 198]
2026-06-16 23:07:45 - pino - INFO - Valid cases: [8, 34, 35, 37, 48, 50, 53, 62, 75, 80, 87, 141, 142, 154, 163, 164, 171, 175, 176, 191]
2026-06-16 23:07:53 - pino - INFO - Y mean: tensor([ 6.4387e+02,  1.0012e+00, -7.9760e-06])
2026-06-16 23:07:53 - pino - INFO - Y std: tensor([4.1250e+02, 4.2776e-01, 2.2414e-02])
2026-06-16 23:07:53 - pino - INFO - local_aspect_mean: 1.0
2026-06-16 23:07:53 - pino - INFO - local_aspect_std: 0.8169518709182739
2026-06-16 23:07:55 - pino - INFO - branch batch: torch.Size([50, 1024, 11])
2026-06-16 23:07:55 - pino - INFO - query batch: torch.Size([1242934, 2])
2026-06-16 23:07:55 - pino - INFO - target batch: torch.Size([1242934, 3])
2026-06-16 23:07:55 - pino - INFO - query batch id: tensor(0) tensor(49)
2026-06-16 23:07:55 - pino - INFO - sample indices: tensor([15226, 15763, 13243, 10927, 14065,  2531, 15779,  1094,  3984, 14454,
        11761,  3971,  2998, 11939,  5311, 13208,  8947,  8640,    85, 10444,
         4368, 12084, 15247, 10388,  3699,  9559,  9082,  1820,  7215,  1854,
         1626,  4133, 13111, 12809,  7618,  1237,  8019, 13889, 12239,  4263,
        13951,  9728, 14140,  6046, 14471,  4748,  4180, 10095, 15320,  5662])
2026-06-16 23:07:57 - pino - INFO - {'branch_input_dim': 11, 'trunk_input_dim': 2, 'output_channels': 3, 'latent_dim': 128, 'branch_point_hidden_dim': 128, 'branch_point_depth': 3, 'branch_global_hidden_dim': 128, 'branch_global_depth': 3, 'trunk_hidden_dim': 128, 'trunk_depth': 4, 'aggregation': 'mean', 'activation': 'gelu', 'layer_norm': False}
2026-06-16 23:14:47 - pino - INFO - Epoch 0001 | data loss=4.501e-01 | bc loss=3.501e-01 | valid MSE=2.579e-01 | valid rel L2=3.481e-01 | pressure=9.534e-02, u=8.476e-02, v=7.252e-01 | Time: 0:06:50.540403
2026-06-17 00:16:58 - pino - INFO - Epoch 0010 | data loss=7.447e-02 | bc loss=4.087e-02 | valid MSE=7.928e-02 | valid rel L2=2.049e-01 | pressure=4.096e-02, u=4.268e-02, v=4.318e-01 | Time: 1:09:01.606976
2026-06-17 00:33:43 - pino - INFO - Epoch 0020 | data loss=4.093e-02 | bc loss=1.964e-02 | valid MSE=3.319e-02 | valid rel L2=1.311e-01 | pressure=3.145e-02, u=2.944e-02, v=2.733e-01 | Time: 1:25:46.325059
2026-06-17 00:46:37 - pino - INFO - Epoch 0030 | data loss=2.265e-02 | bc loss=8.788e-03 | valid MSE=1.883e-02 | valid rel L2=1.018e-01 | pressure=2.230e-02, u=2.241e-02, v=2.188e-01 | Time: 1:38:39.838866
2026-06-17 00:59:37 - pino - INFO - Epoch 0040 | data loss=1.954e-02 | bc loss=8.289e-03 | valid MSE=2.576e-02 | valid rel L2=1.138e-01 | pressure=2.383e-02, u=2.390e-02, v=2.166e-01 | Time: 1:51:40.384712
2026-06-17 01:12:24 - pino - INFO - Epoch 0050 | data loss=1.885e-02 | bc loss=7.905e-03 | valid MSE=1.251e-02 | valid rel L2=8.871e-02 | pressure=2.316e-02, u=1.845e-02, v=1.829e-01 | Time: 2:04:27.092282
2026-06-17 01:25:09 - pino - INFO - Epoch 0060 | data loss=1.214e-02 | bc loss=3.875e-03 | valid MSE=8.513e-03 | valid rel L2=7.743e-02 | pressure=1.728e-02, u=1.392e-02, v=1.611e-01 | Time: 2:17:12.473265
2026-06-17 01:37:31 - pino - INFO - Epoch 0070 | data loss=1.126e-02 | bc loss=3.926e-03 | valid MSE=7.902e-03 | valid rel L2=7.788e-02 | pressure=2.053e-02, u=1.304e-02, v=1.529e-01 | Time: 2:29:33.907564
2026-06-17 01:49:49 - pino - INFO - Epoch 0080 | data loss=1.009e-02 | bc loss=3.549e-03 | valid MSE=7.530e-03 | valid rel L2=7.870e-02 | pressure=1.390e-02, u=1.701e-02, v=1.498e-01 | Time: 2:41:52.285247
2026-06-17 02:02:18 - pino - INFO - Epoch 0090 | data loss=9.919e-03 | bc loss=4.034e-03 | valid MSE=9.887e-03 | valid rel L2=9.384e-02 | pressure=2.225e-02, u=2.055e-02, v=1.764e-01 | Time: 2:54:21.476263
2026-06-17 02:14:42 - pino - INFO - Epoch 0100 | data loss=7.760e-03 | bc loss=2.479e-03 | valid MSE=5.970e-03 | valid rel L2=6.387e-02 | pressure=1.813e-02, u=1.387e-02, v=1.227e-01 | Time: 3:06:45.668233
2026-06-17 02:27:02 - pino - INFO - Epoch 0110 | data loss=7.802e-03 | bc loss=3.260e-03 | valid MSE=5.682e-03 | valid rel L2=6.266e-02 | pressure=1.646e-02, u=1.390e-02, v=1.191e-01 | Time: 3:19:05.284634
2026-06-17 02:39:23 - pino - INFO - Epoch 0120 | data loss=6.862e-03 | bc loss=2.596e-03 | valid MSE=5.977e-03 | valid rel L2=6.965e-02 | pressure=1.452e-02, u=1.525e-02, v=1.400e-01 | Time: 3:31:25.899138
2026-06-17 02:51:53 - pino - INFO - Epoch 0130 | data loss=6.386e-03 | bc loss=2.530e-03 | valid MSE=7.489e-03 | valid rel L2=7.204e-02 | pressure=1.980e-02, u=2.141e-02, v=1.329e-01 | Time: 3:43:56.561923
2026-06-17 03:04:12 - pino - INFO - Epoch 0140 | data loss=5.820e-03 | bc loss=2.513e-03 | valid MSE=3.916e-03 | valid rel L2=5.392e-02 | pressure=1.258e-02, u=1.028e-02, v=1.011e-01 | Time: 3:56:14.948215
2026-06-17 03:16:39 - pino - INFO - Epoch 0150 | data loss=4.940e-03 | bc loss=1.892e-03 | valid MSE=3.808e-03 | valid rel L2=5.541e-02 | pressure=1.828e-02, u=1.248e-02, v=9.792e-02 | Time: 4:08:41.960593
2026-06-17 03:28:59 - pino - INFO - Epoch 0160 | data loss=4.363e-03 | bc loss=2.040e-03 | valid MSE=3.350e-03 | valid rel L2=5.225e-02 | pressure=1.344e-02, u=1.117e-02, v=9.617e-02 | Time: 4:21:02.006599
2026-06-17 03:41:20 - pino - INFO - Epoch 0170 | data loss=4.238e-03 | bc loss=1.783e-03 | valid MSE=2.904e-03 | valid rel L2=4.601e-02 | pressure=1.031e-02, u=8.659e-03, v=9.284e-02 | Time: 4:33:23.617627
2026-06-17 03:53:48 - pino - INFO - Epoch 0180 | data loss=3.748e-03 | bc loss=1.562e-03 | valid MSE=4.271e-03 | valid rel L2=5.547e-02 | pressure=1.418e-02, u=1.404e-02, v=1.007e-01 | Time: 4:45:51.155642
2026-06-17 04:06:07 - pino - INFO - Epoch 0190 | data loss=3.126e-03 | bc loss=1.128e-03 | valid MSE=3.013e-03 | valid rel L2=4.717e-02 | pressure=1.609e-02, u=8.585e-03, v=9.310e-02 | Time: 4:58:10.503685
2026-06-17 04:18:26 - pino - INFO - Epoch 0200 | data loss=3.337e-03 | bc loss=1.336e-03 | valid MSE=3.687e-03 | valid rel L2=5.271e-02 | pressure=1.012e-02, u=1.251e-02, v=9.245e-02 | Time: 5:10:29.009140
2026-06-17 04:30:42 - pino - INFO - Epoch 0210 | data loss=3.398e-03 | bc loss=1.605e-03 | valid MSE=2.765e-03 | valid rel L2=4.437e-02 | pressure=1.407e-02, u=9.930e-03, v=8.499e-02 | Time: 5:22:45.328530
2026-06-17 04:43:02 - pino - INFO - Epoch 0220 | data loss=3.041e-03 | bc loss=1.317e-03 | valid MSE=2.747e-03 | valid rel L2=4.473e-02 | pressure=1.295e-02, u=1.025e-02, v=7.848e-02 | Time: 5:35:05.708625
2026-06-17 04:55:28 - pino - INFO - Epoch 0230 | data loss=2.602e-03 | bc loss=1.176e-03 | valid MSE=2.291e-03 | valid rel L2=4.186e-02 | pressure=8.199e-03, u=8.515e-03, v=7.987e-02 | Time: 5:47:31.278905
2026-06-17 05:07:42 - pino - INFO - Epoch 0240 | data loss=3.030e-03 | bc loss=1.527e-03 | valid MSE=2.921e-03 | valid rel L2=4.533e-02 | pressure=1.014e-02, u=8.362e-03, v=8.673e-02 | Time: 5:59:45.389784
2026-06-17 05:19:57 - pino - INFO - Epoch 0250 | data loss=2.579e-03 | bc loss=1.213e-03 | valid MSE=2.193e-03 | valid rel L2=3.777e-02 | pressure=9.265e-03, u=8.648e-03, v=6.879e-02 | Time: 6:11:59.862195
2026-06-17 05:32:13 - pino - INFO - Epoch 0260 | data loss=2.381e-03 | bc loss=1.016e-03 | valid MSE=1.640e-03 | valid rel L2=3.313e-02 | pressure=7.567e-03, u=6.013e-03, v=6.603e-02 | Time: 6:24:16.678370
2026-06-17 05:44:30 - pino - INFO - Epoch 0270 | data loss=2.153e-03 | bc loss=8.461e-04 | valid MSE=2.132e-03 | valid rel L2=3.627e-02 | pressure=8.070e-03, u=6.986e-03, v=7.058e-02 | Time: 6:36:33.003586
2026-06-17 05:56:43 - pino - INFO - Epoch 0280 | data loss=2.512e-03 | bc loss=1.341e-03 | valid MSE=1.663e-03 | valid rel L2=3.374e-02 | pressure=7.161e-03, u=6.331e-03, v=6.284e-02 | Time: 6:48:45.808238
2026-06-17 06:09:03 - pino - INFO - Epoch 0290 | data loss=2.190e-03 | bc loss=1.007e-03 | valid MSE=1.932e-03 | valid rel L2=3.516e-02 | pressure=1.136e-02, u=7.901e-03, v=6.285e-02 | Time: 7:01:06.277501
2026-06-17 06:22:17 - pino - INFO - Epoch 0300 | data loss=1.924e-03 | bc loss=7.867e-04 | valid MSE=1.509e-03 | valid rel L2=3.122e-02 | pressure=6.942e-03, u=6.075e-03, v=6.006e-02 | Time: 7:14:19.792840
2026-06-17 06:34:34 - pino - INFO - Epoch 0310 | data loss=1.856e-03 | bc loss=7.358e-04 | valid MSE=1.923e-03 | valid rel L2=3.664e-02 | pressure=8.774e-03, u=8.596e-03, v=7.168e-02 | Time: 7:26:37.449867
2026-06-17 06:46:54 - pino - INFO - Epoch 0320 | data loss=1.812e-03 | bc loss=7.367e-04 | valid MSE=1.422e-03 | valid rel L2=3.105e-02 | pressure=6.955e-03, u=6.415e-03, v=6.009e-02 | Time: 7:38:56.998618
2026-06-17 06:59:14 - pino - INFO - Epoch 0330 | data loss=1.974e-03 | bc loss=9.682e-04 | valid MSE=1.759e-03 | valid rel L2=3.372e-02 | pressure=8.378e-03, u=7.150e-03, v=6.526e-02 | Time: 7:51:17.212922
2026-06-17 07:11:46 - pino - INFO - Epoch 0340 | data loss=1.969e-03 | bc loss=9.046e-04 | valid MSE=1.491e-03 | valid rel L2=3.045e-02 | pressure=9.316e-03, u=6.441e-03, v=5.648e-02 | Time: 8:03:48.935529
2026-06-17 07:24:27 - pino - INFO - Epoch 0350 | data loss=1.746e-03 | bc loss=8.715e-04 | valid MSE=1.713e-03 | valid rel L2=3.298e-02 | pressure=8.621e-03, u=7.120e-03, v=6.077e-02 | Time: 8:16:30.494861
2026-06-17 07:37:11 - pino - INFO - Epoch 0360 | data loss=2.163e-03 | bc loss=1.174e-03 | valid MSE=1.393e-03 | valid rel L2=2.925e-02 | pressure=5.830e-03, u=7.206e-03, v=5.430e-02 | Time: 8:29:13.835516
2026-06-17 07:49:51 - pino - INFO - Epoch 0370 | data loss=2.215e-03 | bc loss=1.126e-03 | valid MSE=1.488e-03 | valid rel L2=3.203e-02 | pressure=7.329e-03, u=5.802e-03, v=6.436e-02 | Time: 8:41:53.858963
2026-06-17 08:02:31 - pino - INFO - Epoch 0380 | data loss=1.792e-03 | bc loss=1.042e-03 | valid MSE=1.019e-02 | valid rel L2=8.039e-02 | pressure=1.490e-02, u=2.825e-02, v=1.306e-01 | Time: 8:54:33.796510
2026-06-17 08:15:32 - pino - INFO - Epoch 0390 | data loss=1.676e-03 | bc loss=8.124e-04 | valid MSE=1.477e-03 | valid rel L2=3.115e-02 | pressure=7.235e-03, u=7.201e-03, v=5.867e-02 | Time: 9:07:35.515401
2026-06-17 08:28:34 - pino - INFO - Epoch 0400 | data loss=1.571e-03 | bc loss=6.951e-04 | valid MSE=1.739e-03 | valid rel L2=3.513e-02 | pressure=9.356e-03, u=6.787e-03, v=6.491e-02 | Time: 9:20:36.863021
2026-06-17 08:41:27 - pino - INFO - Epoch 0410 | data loss=1.621e-03 | bc loss=8.343e-04 | valid MSE=1.702e-03 | valid rel L2=3.462e-02 | pressure=8.129e-03, u=7.247e-03, v=6.260e-02 | Time: 9:33:30.456286
2026-06-17 08:54:10 - pino - INFO - Epoch 0420 | data loss=1.540e-03 | bc loss=6.416e-04 | valid MSE=1.217e-03 | valid rel L2=2.742e-02 | pressure=5.678e-03, u=5.608e-03, v=5.338e-02 | Time: 9:46:13.109592
2026-06-17 09:06:58 - pino - INFO - Epoch 0430 | data loss=2.096e-03 | bc loss=1.256e-03 | valid MSE=1.521e-03 | valid rel L2=3.343e-02 | pressure=8.445e-03, u=8.341e-03, v=5.888e-02 | Time: 9:59:00.989481
2026-06-17 09:19:47 - pino - INFO - Epoch 0440 | data loss=1.337e-03 | bc loss=5.414e-04 | valid MSE=1.829e-03 | valid rel L2=3.755e-02 | pressure=8.472e-03, u=1.163e-02, v=6.488e-02 | Time: 10:11:50.675044
2026-06-17 09:33:21 - pino - INFO - Epoch 0450 | data loss=1.396e-03 | bc loss=6.412e-04 | valid MSE=1.684e-03 | valid rel L2=3.335e-02 | pressure=1.118e-02, u=6.684e-03, v=6.353e-02 | Time: 10:25:24.348912
2026-06-17 09:46:16 - pino - INFO - Epoch 0460 | data loss=1.495e-03 | bc loss=8.098e-04 | valid MSE=1.258e-03 | valid rel L2=2.917e-02 | pressure=5.869e-03, u=5.919e-03, v=5.536e-02 | Time: 10:38:19.194075
2026-06-17 09:59:01 - pino - INFO - Epoch 0470 | data loss=1.570e-03 | bc loss=8.306e-04 | valid MSE=1.377e-03 | valid rel L2=2.978e-02 | pressure=7.363e-03, u=5.642e-03, v=5.775e-02 | Time: 10:51:04.436743
2026-06-17 10:12:14 - pino - INFO - Epoch 0480 | data loss=1.466e-03 | bc loss=8.190e-04 | valid MSE=2.369e-03 | valid rel L2=3.866e-02 | pressure=1.105e-02, u=1.117e-02, v=6.785e-02 | Time: 11:04:17.281488
2026-06-17 10:25:02 - pino - INFO - Epoch 0490 | data loss=1.289e-03 | bc loss=5.406e-04 | valid MSE=1.086e-03 | valid rel L2=2.684e-02 | pressure=5.110e-03, u=4.783e-03, v=5.097e-02 | Time: 11:17:04.873452
2026-06-17 10:37:50 - pino - INFO - Epoch 0500 | data loss=1.278e-03 | bc loss=5.987e-04 | valid MSE=2.155e-03 | valid rel L2=3.727e-02 | pressure=9.177e-03, u=1.129e-02, v=6.089e-02 | Time: 11:29:53.435017
2026-06-17 10:50:53 - pino - INFO - Epoch 0510 | data loss=1.396e-03 | bc loss=6.513e-04 | valid MSE=1.052e-03 | valid rel L2=2.647e-02 | pressure=5.727e-03, u=5.159e-03, v=5.018e-02 | Time: 11:42:55.791143
2026-06-17 11:03:48 - pino - INFO - Epoch 0520 | data loss=1.408e-03 | bc loss=7.515e-04 | valid MSE=1.049e-03 | valid rel L2=2.519e-02 | pressure=5.794e-03, u=5.210e-03, v=4.707e-02 | Time: 11:55:51.059984
2026-06-17 11:18:23 - pino - INFO - Epoch 0530 | data loss=1.123e-03 | bc loss=4.402e-04 | valid MSE=1.469e-03 | valid rel L2=3.363e-02 | pressure=7.414e-03, u=1.148e-02, v=5.490e-02 | Time: 12:10:26.574663
2026-06-17 11:31:24 - pino - INFO - Epoch 0540 | data loss=1.155e-03 | bc loss=4.900e-04 | valid MSE=1.323e-03 | valid rel L2=2.903e-02 | pressure=1.259e-02, u=5.300e-03, v=5.245e-02 | Time: 12:23:27.694109
2026-06-17 11:44:29 - pino - INFO - Epoch 0550 | data loss=1.223e-03 | bc loss=5.801e-04 | valid MSE=1.219e-03 | valid rel L2=2.791e-02 | pressure=8.849e-03, u=5.648e-03, v=5.250e-02 | Time: 12:36:32.229807
2026-06-17 11:57:32 - pino - INFO - Epoch 0560 | data loss=1.246e-03 | bc loss=6.712e-04 | valid MSE=1.444e-03 | valid rel L2=2.873e-02 | pressure=6.933e-03, u=6.608e-03, v=5.138e-02 | Time: 12:49:35.411030
2026-06-17 12:10:44 - pino - INFO - Epoch 0570 | data loss=1.253e-03 | bc loss=5.921e-04 | valid MSE=1.038e-03 | valid rel L2=2.528e-02 | pressure=5.544e-03, u=4.748e-03, v=4.992e-02 | Time: 13:02:47.162385
2026-06-17 12:23:31 - pino - INFO - Epoch 0580 | data loss=1.276e-03 | bc loss=6.661e-04 | valid MSE=1.149e-03 | valid rel L2=2.856e-02 | pressure=6.275e-03, u=5.790e-03, v=5.346e-02 | Time: 13:15:33.973461
2026-06-17 12:36:27 - pino - INFO - Epoch 0590 | data loss=1.216e-03 | bc loss=6.729e-04 | valid MSE=9.910e-04 | valid rel L2=2.551e-02 | pressure=6.968e-03, u=5.487e-03, v=4.536e-02 | Time: 13:28:29.861134
2026-06-17 12:49:18 - pino - INFO - Epoch 0600 | data loss=1.138e-03 | bc loss=5.055e-04 | valid MSE=1.192e-03 | valid rel L2=2.807e-02 | pressure=7.748e-03, u=6.121e-03, v=4.986e-02 | Time: 13:41:20.868629
2026-06-17 13:02:14 - pino - INFO - Epoch 0610 | data loss=1.029e-03 | bc loss=4.832e-04 | valid MSE=1.370e-03 | valid rel L2=2.804e-02 | pressure=6.756e-03, u=5.809e-03, v=6.167e-02 | Time: 13:54:17.035300
2026-06-17 13:15:00 - pino - INFO - Epoch 0620 | data loss=1.150e-03 | bc loss=5.780e-04 | valid MSE=1.175e-03 | valid rel L2=2.755e-02 | pressure=7.250e-03, u=6.397e-03, v=4.804e-02 | Time: 14:07:03.760641
2026-06-17 13:27:46 - pino - INFO - Epoch 0630 | data loss=1.047e-03 | bc loss=4.857e-04 | valid MSE=1.009e-03 | valid rel L2=2.572e-02 | pressure=6.061e-03, u=5.199e-03, v=4.782e-02 | Time: 14:19:49.189893
2026-06-17 13:40:27 - pino - INFO - Epoch 0640 | data loss=1.152e-03 | bc loss=5.467e-04 | valid MSE=1.002e-03 | valid rel L2=2.525e-02 | pressure=5.655e-03, u=4.641e-03, v=4.688e-02 | Time: 14:32:30.478552
2026-06-17 13:53:16 - pino - INFO - Epoch 0650 | data loss=1.078e-03 | bc loss=4.919e-04 | valid MSE=9.745e-04 | valid rel L2=2.503e-02 | pressure=5.960e-03, u=5.429e-03, v=4.627e-02 | Time: 14:45:18.769797
2026-06-17 14:06:09 - pino - INFO - Epoch 0660 | data loss=1.032e-03 | bc loss=4.894e-04 | valid MSE=1.348e-03 | valid rel L2=2.747e-02 | pressure=8.708e-03, u=6.136e-03, v=5.261e-02 | Time: 14:58:12.401583
2026-06-17 14:19:01 - pino - INFO - Epoch 0670 | data loss=1.169e-03 | bc loss=6.178e-04 | valid MSE=1.217e-03 | valid rel L2=2.873e-02 | pressure=7.351e-03, u=6.041e-03, v=5.110e-02 | Time: 15:11:03.909648
2026-06-17 14:31:52 - pino - INFO - Epoch 0680 | data loss=1.177e-03 | bc loss=6.017e-04 | valid MSE=1.701e-03 | valid rel L2=3.527e-02 | pressure=7.343e-03, u=7.985e-03, v=6.848e-02 | Time: 15:23:55.430774
2026-06-17 14:44:42 - pino - INFO - Epoch 0690 | data loss=1.048e-03 | bc loss=5.276e-04 | valid MSE=9.402e-04 | valid rel L2=2.428e-02 | pressure=5.360e-03, u=4.953e-03, v=4.694e-02 | Time: 15:36:44.939772
2026-06-17 14:58:14 - pino - INFO - Epoch 0700 | data loss=1.103e-03 | bc loss=5.731e-04 | valid MSE=1.115e-03 | valid rel L2=2.771e-02 | pressure=5.414e-03, u=7.692e-03, v=4.777e-02 | Time: 15:50:17.019460
2026-06-17 15:28:33 - pino - INFO - Epoch 0710 | data loss=1.182e-03 | bc loss=6.479e-04 | valid MSE=1.251e-03 | valid rel L2=2.910e-02 | pressure=8.818e-03, u=8.192e-03, v=4.881e-02 | Time: 16:20:36.637787
2026-06-17 16:15:00 - pino - INFO - Epoch 0720 | data loss=1.088e-03 | bc loss=6.112e-04 | valid MSE=1.975e-03 | valid rel L2=3.685e-02 | pressure=1.195e-02, u=1.010e-02, v=6.611e-02 | Time: 17:07:03.197083
2026-06-17 17:00:39 - pino - INFO - Epoch 0730 | data loss=1.140e-03 | bc loss=5.740e-04 | valid MSE=1.011e-03 | valid rel L2=2.606e-02 | pressure=7.153e-03, u=5.023e-03, v=4.814e-02 | Time: 17:52:41.838704
2026-06-17 17:46:21 - pino - INFO - Epoch 0740 | data loss=9.066e-04 | bc loss=4.212e-04 | valid MSE=9.384e-04 | valid rel L2=2.345e-02 | pressure=6.484e-03, u=4.479e-03, v=4.464e-02 | Time: 18:38:23.859981
2026-06-17 18:31:51 - pino - INFO - Epoch 0750 | data loss=1.018e-03 | bc loss=5.045e-04 | valid MSE=8.536e-04 | valid rel L2=2.242e-02 | pressure=6.178e-03, u=4.345e-03, v=4.234e-02 | Time: 19:23:53.968338
2026-06-17 19:15:23 - pino - INFO - Epoch 0760 | data loss=9.130e-04 | bc loss=4.568e-04 | valid MSE=1.012e-03 | valid rel L2=2.553e-02 | pressure=8.698e-03, u=4.763e-03, v=4.293e-02 | Time: 20:07:26.417771
2026-06-17 19:59:09 - pino - INFO - Epoch 0770 | data loss=9.249e-04 | bc loss=4.103e-04 | valid MSE=9.811e-04 | valid rel L2=2.467e-02 | pressure=6.685e-03, u=4.518e-03, v=4.570e-02 | Time: 20:51:12.662242
2026-06-17 20:43:38 - pino - INFO - Epoch 0780 | data loss=8.084e-04 | bc loss=3.396e-04 | valid MSE=9.037e-04 | valid rel L2=2.374e-02 | pressure=5.302e-03, u=4.431e-03, v=4.473e-02 | Time: 21:35:40.881618
2026-06-17 21:28:17 - pino - INFO - Epoch 0790 | data loss=9.886e-04 | bc loss=5.309e-04 | valid MSE=2.138e-03 | valid rel L2=3.585e-02 | pressure=9.206e-03, u=9.661e-03, v=6.550e-02 | Time: 22:20:19.813121
2026-06-17 21:59:05 - pino - INFO - Epoch 0800 | data loss=7.849e-04 | bc loss=3.136e-04 | valid MSE=1.007e-03 | valid rel L2=2.408e-02 | pressure=5.350e-03, u=4.918e-03, v=4.603e-02 | Time: 22:51:07.952894
2026-06-17 22:11:41 - pino - INFO - Epoch 0810 | data loss=1.070e-03 | bc loss=5.975e-04 | valid MSE=9.376e-04 | valid rel L2=2.435e-02 | pressure=5.413e-03, u=5.337e-03, v=4.424e-02 | Time: 23:03:44.134449
2026-06-17 22:24:21 - pino - INFO - Epoch 0820 | data loss=7.906e-04 | bc loss=3.402e-04 | valid MSE=8.899e-04 | valid rel L2=2.389e-02 | pressure=5.665e-03, u=5.265e-03, v=4.346e-02 | Time: 23:16:24.628659
2026-06-17 22:37:01 - pino - INFO - Epoch 0830 | data loss=8.939e-04 | bc loss=4.181e-04 | valid MSE=9.955e-04 | valid rel L2=2.458e-02 | pressure=6.639e-03, u=5.131e-03, v=4.447e-02 | Time: 23:29:03.864667
2026-06-17 22:49:40 - pino - INFO - Epoch 0840 | data loss=9.209e-04 | bc loss=4.446e-04 | valid MSE=9.925e-04 | valid rel L2=2.542e-02 | pressure=6.283e-03, u=5.060e-03, v=4.535e-02 | Time: 23:41:43.474059
2026-06-17 23:02:20 - pino - INFO - Epoch 0850 | data loss=8.422e-04 | bc loss=3.971e-04 | valid MSE=8.146e-04 | valid rel L2=2.136e-02 | pressure=4.928e-03, u=4.246e-03, v=4.093e-02 | Time: 23:54:23.162890
2026-06-17 23:15:09 - pino - INFO - Epoch 0860 | data loss=1.657e-03 | bc loss=1.046e-03 | valid MSE=1.995e-03 | valid rel L2=3.746e-02 | pressure=1.137e-02, u=9.292e-03, v=6.483e-02 | Time: 1 day, 0:07:12.589319
2026-06-17 23:28:02 - pino - INFO - Epoch 0870 | data loss=8.890e-04 | bc loss=4.183e-04 | valid MSE=8.232e-04 | valid rel L2=2.237e-02 | pressure=5.533e-03, u=4.559e-03, v=4.174e-02 | Time: 1 day, 0:20:05.214523
2026-06-17 23:40:42 - pino - INFO - Epoch 0880 | data loss=8.213e-04 | bc loss=3.740e-04 | valid MSE=8.768e-04 | valid rel L2=2.407e-02 | pressure=7.541e-03, u=4.600e-03, v=4.347e-02 | Time: 1 day, 0:32:45.299491
2026-06-17 23:53:19 - pino - INFO - Epoch 0890 | data loss=8.496e-04 | bc loss=4.602e-04 | valid MSE=8.654e-04 | valid rel L2=2.310e-02 | pressure=5.687e-03, u=5.002e-03, v=4.246e-02 | Time: 1 day, 0:45:22.406522
2026-06-18 00:05:54 - pino - INFO - Epoch 0900 | data loss=8.178e-04 | bc loss=3.790e-04 | valid MSE=7.995e-04 | valid rel L2=2.188e-02 | pressure=6.065e-03, u=4.215e-03, v=4.225e-02 | Time: 1 day, 0:57:57.752695
2026-06-18 00:19:02 - pino - INFO - Epoch 0910 | data loss=8.833e-04 | bc loss=4.513e-04 | valid MSE=7.510e-04 | valid rel L2=2.150e-02 | pressure=4.662e-03, u=4.157e-03, v=4.132e-02 | Time: 1 day, 1:11:05.212664
2026-06-18 00:32:02 - pino - INFO - Epoch 0920 | data loss=7.641e-04 | bc loss=3.374e-04 | valid MSE=1.351e-03 | valid rel L2=2.868e-02 | pressure=1.066e-02, u=5.929e-03, v=5.280e-02 | Time: 1 day, 1:24:05.454676
2026-06-18 00:44:37 - pino - INFO - Epoch 0930 | data loss=7.941e-04 | bc loss=3.622e-04 | valid MSE=1.003e-03 | valid rel L2=2.724e-02 | pressure=1.213e-02, u=4.853e-03, v=4.273e-02 | Time: 1 day, 1:36:40.515802
2026-06-18 00:57:21 - pino - INFO - Epoch 0940 | data loss=7.275e-04 | bc loss=3.265e-04 | valid MSE=7.551e-04 | valid rel L2=2.097e-02 | pressure=4.450e-03, u=4.641e-03, v=3.892e-02 | Time: 1 day, 1:49:24.351180
2026-06-18 01:09:59 - pino - INFO - Epoch 0950 | data loss=7.641e-04 | bc loss=3.368e-04 | valid MSE=8.588e-04 | valid rel L2=2.384e-02 | pressure=7.450e-03, u=4.321e-03, v=4.536e-02 | Time: 1 day, 2:02:02.585865
2026-06-18 01:22:39 - pino - INFO - Epoch 0960 | data loss=9.375e-04 | bc loss=4.991e-04 | valid MSE=7.703e-04 | valid rel L2=2.200e-02 | pressure=5.994e-03, u=4.572e-03, v=4.004e-02 | Time: 1 day, 2:14:41.874221
2026-06-18 01:35:22 - pino - INFO - Epoch 0970 | data loss=7.766e-04 | bc loss=3.577e-04 | valid MSE=7.590e-04 | valid rel L2=2.086e-02 | pressure=4.689e-03, u=3.934e-03, v=3.927e-02 | Time: 1 day, 2:27:24.983160
2026-06-18 01:47:58 - pino - INFO - Epoch 0980 | data loss=7.703e-04 | bc loss=3.687e-04 | valid MSE=9.995e-04 | valid rel L2=2.641e-02 | pressure=8.123e-03, u=6.748e-03, v=4.363e-02 | Time: 1 day, 2:40:01.528222
2026-06-18 02:00:39 - pino - INFO - Epoch 0990 | data loss=8.113e-04 | bc loss=3.775e-04 | valid MSE=8.159e-04 | valid rel L2=2.250e-02 | pressure=5.481e-03, u=4.896e-03, v=4.308e-02 | Time: 1 day, 2:52:42.423842
2026-06-18 02:13:18 - pino - INFO - Epoch 1000 | data loss=8.349e-04 | bc loss=3.988e-04 | valid MSE=7.548e-04 | valid rel L2=2.158e-02 | pressure=4.376e-03, u=4.357e-03, v=4.015e-02 | Time: 1 day, 3:05:20.937526
2026-06-18 02:26:04 - pino - INFO - Epoch 1010 | data loss=7.617e-04 | bc loss=3.654e-04 | valid MSE=8.992e-04 | valid rel L2=2.283e-02 | pressure=6.990e-03, u=4.682e-03, v=4.099e-02 | Time: 1 day, 3:18:07.411948
2026-06-18 02:39:05 - pino - INFO - Epoch 1020 | data loss=7.057e-04 | bc loss=3.206e-04 | valid MSE=9.672e-04 | valid rel L2=2.549e-02 | pressure=6.718e-03, u=7.188e-03, v=4.290e-02 | Time: 1 day, 3:31:08.274607
2026-06-18 02:51:52 - pino - INFO - Epoch 1030 | data loss=7.267e-04 | bc loss=3.342e-04 | valid MSE=8.960e-04 | valid rel L2=2.430e-02 | pressure=6.022e-03, u=4.380e-03, v=4.384e-02 | Time: 1 day, 3:43:55.662941
2026-06-18 03:05:04 - pino - INFO - Epoch 1040 | data loss=8.036e-04 | bc loss=3.809e-04 | valid MSE=7.974e-04 | valid rel L2=2.105e-02 | pressure=5.362e-03, u=4.497e-03, v=3.943e-02 | Time: 1 day, 3:57:06.930484
2026-06-18 03:17:55 - pino - INFO - Epoch 1050 | data loss=8.435e-04 | bc loss=4.293e-04 | valid MSE=7.460e-04 | valid rel L2=2.063e-02 | pressure=5.772e-03, u=4.158e-03, v=3.781e-02 | Time: 1 day, 4:09:58.386934
2026-06-18 03:31:15 - pino - INFO - Epoch 1060 | data loss=1.140e-03 | bc loss=7.122e-04 | valid MSE=1.219e-03 | valid rel L2=2.959e-02 | pressure=6.826e-03, u=7.732e-03, v=5.269e-02 | Time: 1 day, 4:23:17.907794
2026-06-18 03:44:07 - pino - INFO - Epoch 1070 | data loss=6.469e-04 | bc loss=2.725e-04 | valid MSE=6.910e-04 | valid rel L2=2.067e-02 | pressure=5.526e-03, u=4.061e-03, v=3.835e-02 | Time: 1 day, 4:36:09.959056
2026-06-18 03:57:14 - pino - INFO - Epoch 1080 | data loss=8.629e-04 | bc loss=4.748e-04 | valid MSE=7.814e-04 | valid rel L2=2.302e-02 | pressure=6.924e-03, u=4.231e-03, v=4.163e-02 | Time: 1 day, 4:49:17.237154
2026-06-18 04:10:08 - pino - INFO - Epoch 1090 | data loss=6.969e-04 | bc loss=3.331e-04 | valid MSE=8.085e-04 | valid rel L2=2.369e-02 | pressure=5.734e-03, u=4.152e-03, v=4.335e-02 | Time: 1 day, 5:02:11.691036
2026-06-18 04:22:45 - pino - INFO - Epoch 1100 | data loss=6.569e-04 | bc loss=2.770e-04 | valid MSE=8.018e-04 | valid rel L2=2.278e-02 | pressure=9.714e-03, u=4.878e-03, v=4.080e-02 | Time: 1 day, 5:14:48.598350
2026-06-18 04:35:40 - pino - INFO - Epoch 1110 | data loss=8.009e-04 | bc loss=4.250e-04 | valid MSE=8.090e-04 | valid rel L2=2.261e-02 | pressure=6.927e-03, u=4.228e-03, v=4.276e-02 | Time: 1 day, 5:27:43.190713
2026-06-18 04:48:41 - pino - INFO - Epoch 1120 | data loss=7.974e-04 | bc loss=4.471e-04 | valid MSE=7.547e-04 | valid rel L2=2.078e-02 | pressure=5.103e-03, u=4.244e-03, v=3.714e-02 | Time: 1 day, 5:40:44.368850
2026-06-18 05:01:31 - pino - INFO - Epoch 1130 | data loss=9.922e-04 | bc loss=5.891e-04 | valid MSE=7.447e-04 | valid rel L2=2.145e-02 | pressure=5.539e-03, u=4.285e-03, v=3.889e-02 | Time: 1 day, 5:53:33.830116
2026-06-18 05:14:09 - pino - INFO - Epoch 1140 | data loss=7.363e-04 | bc loss=3.495e-04 | valid MSE=7.914e-04 | valid rel L2=2.207e-02 | pressure=6.207e-03, u=4.689e-03, v=4.129e-02 | Time: 1 day, 6:06:11.901976
2026-06-18 05:26:49 - pino - INFO - Epoch 1150 | data loss=1.059e-03 | bc loss=6.600e-04 | valid MSE=1.123e-03 | valid rel L2=2.578e-02 | pressure=8.568e-03, u=5.423e-03, v=4.687e-02 | Time: 1 day, 6:18:52.079439
2026-06-18 05:39:27 - pino - INFO - Epoch 1160 | data loss=8.391e-04 | bc loss=4.871e-04 | valid MSE=7.666e-04 | valid rel L2=2.194e-02 | pressure=6.077e-03, u=5.070e-03, v=3.824e-02 | Time: 1 day, 6:31:30.269562
2026-06-18 05:52:08 - pino - INFO - Epoch 1170 | data loss=1.069e-03 | bc loss=6.482e-04 | valid MSE=1.049e-03 | valid rel L2=2.524e-02 | pressure=6.076e-03, u=5.653e-03, v=4.668e-02 | Time: 1 day, 6:44:10.911749
2026-06-18 06:05:00 - pino - INFO - Epoch 1180 | data loss=6.592e-04 | bc loss=2.994e-04 | valid MSE=9.247e-04 | valid rel L2=2.388e-02 | pressure=7.896e-03, u=4.698e-03, v=4.176e-02 | Time: 1 day, 6:57:03.563298
2026-06-18 06:18:03 - pino - INFO - Epoch 1190 | data loss=6.837e-04 | bc loss=3.420e-04 | valid MSE=7.550e-04 | valid rel L2=2.159e-02 | pressure=5.371e-03, u=3.905e-03, v=3.907e-02 | Time: 1 day, 7:10:06.679834
2026-06-18 06:30:50 - pino - INFO - Epoch 1200 | data loss=8.473e-04 | bc loss=4.416e-04 | valid MSE=6.914e-04 | valid rel L2=2.032e-02 | pressure=5.314e-03, u=4.057e-03, v=3.778e-02 | Time: 1 day, 7:22:52.935329
2026-06-18 06:43:30 - pino - INFO - Epoch 1210 | data loss=7.292e-04 | bc loss=3.443e-04 | valid MSE=7.911e-04 | valid rel L2=2.212e-02 | pressure=4.495e-03, u=4.868e-03, v=4.156e-02 | Time: 1 day, 7:35:32.915481
2026-06-18 06:56:16 - pino - INFO - Epoch 1220 | data loss=7.216e-04 | bc loss=3.608e-04 | valid MSE=7.927e-04 | valid rel L2=2.314e-02 | pressure=6.419e-03, u=4.694e-03, v=4.312e-02 | Time: 1 day, 7:48:19.330045
2026-06-18 07:09:06 - pino - INFO - Epoch 1230 | data loss=7.004e-04 | bc loss=3.052e-04 | valid MSE=7.594e-04 | valid rel L2=2.102e-02 | pressure=7.205e-03, u=4.068e-03, v=3.869e-02 | Time: 1 day, 8:01:09.420556
2026-06-18 07:21:55 - pino - INFO - Epoch 1240 | data loss=6.314e-04 | bc loss=2.693e-04 | valid MSE=8.834e-04 | valid rel L2=2.521e-02 | pressure=5.655e-03, u=7.607e-03, v=4.239e-02 | Time: 1 day, 8:13:57.929873
2026-06-18 07:34:37 - pino - INFO - Epoch 1250 | data loss=7.432e-04 | bc loss=4.234e-04 | valid MSE=9.159e-04 | valid rel L2=2.425e-02 | pressure=5.254e-03, u=6.807e-03, v=4.309e-02 | Time: 1 day, 8:26:40.588627
2026-06-18 07:47:33 - pino - INFO - Epoch 1260 | data loss=9.019e-04 | bc loss=5.513e-04 | valid MSE=6.808e-04 | valid rel L2=1.982e-02 | pressure=4.826e-03, u=3.898e-03, v=3.777e-02 | Time: 1 day, 8:39:36.717548
2026-06-18 08:00:16 - pino - INFO - Epoch 1270 | data loss=6.863e-04 | bc loss=3.570e-04 | valid MSE=7.514e-04 | valid rel L2=2.120e-02 | pressure=4.778e-03, u=4.744e-03, v=3.912e-02 | Time: 1 day, 8:52:19.748065
2026-06-18 08:13:27 - pino - INFO - Epoch 1280 | data loss=8.393e-04 | bc loss=4.678e-04 | valid MSE=1.483e-03 | valid rel L2=3.282e-02 | pressure=1.001e-02, u=9.264e-03, v=5.335e-02 | Time: 1 day, 9:05:30.699468
2026-06-18 08:26:21 - pino - INFO - Epoch 1290 | data loss=6.714e-04 | bc loss=3.155e-04 | valid MSE=8.082e-04 | valid rel L2=2.340e-02 | pressure=8.120e-03, u=4.563e-03, v=4.023e-02 | Time: 1 day, 9:18:24.296883
2026-06-18 08:39:23 - pino - INFO - Epoch 1300 | data loss=7.523e-04 | bc loss=4.038e-04 | valid MSE=9.261e-04 | valid rel L2=2.575e-02 | pressure=6.933e-03, u=5.479e-03, v=4.734e-02 | Time: 1 day, 9:31:25.879711
2026-06-18 08:52:04 - pino - INFO - Epoch 1310 | data loss=7.171e-04 | bc loss=3.617e-04 | valid MSE=8.351e-04 | valid rel L2=2.306e-02 | pressure=5.669e-03, u=4.819e-03, v=3.998e-02 | Time: 1 day, 9:44:07.183100
2026-06-18 09:04:59 - pino - INFO - Epoch 1320 | data loss=6.784e-04 | bc loss=3.273e-04 | valid MSE=6.586e-04 | valid rel L2=2.006e-02 | pressure=4.609e-03, u=4.414e-03, v=3.683e-02 | Time: 1 day, 9:57:02.655048
2026-06-18 09:17:40 - pino - INFO - Epoch 1330 | data loss=6.488e-04 | bc loss=3.199e-04 | valid MSE=8.731e-04 | valid rel L2=2.370e-02 | pressure=5.950e-03, u=4.915e-03, v=4.373e-02 | Time: 1 day, 10:09:43.137319
2026-06-18 09:30:20 - pino - INFO - Epoch 1340 | data loss=7.353e-04 | bc loss=3.958e-04 | valid MSE=9.347e-04 | valid rel L2=2.413e-02 | pressure=5.352e-03, u=5.527e-03, v=4.478e-02 | Time: 1 day, 10:22:23.491392
2026-06-18 09:43:03 - pino - INFO - Epoch 1350 | data loss=6.698e-04 | bc loss=3.101e-04 | valid MSE=8.391e-04 | valid rel L2=2.282e-02 | pressure=6.562e-03, u=4.864e-03, v=4.106e-02 | Time: 1 day, 10:35:05.895354
2026-06-18 09:55:51 - pino - INFO - Epoch 1360 | data loss=6.656e-04 | bc loss=3.404e-04 | valid MSE=6.488e-04 | valid rel L2=1.992e-02 | pressure=4.743e-03, u=4.054e-03, v=3.795e-02 | Time: 1 day, 10:47:53.965120
2026-06-18 10:08:36 - pino - INFO - Epoch 1370 | data loss=6.415e-04 | bc loss=2.840e-04 | valid MSE=7.897e-04 | valid rel L2=2.209e-02 | pressure=4.972e-03, u=4.638e-03, v=4.090e-02 | Time: 1 day, 11:00:39.192101
2026-06-18 10:22:01 - pino - INFO - Epoch 1380 | data loss=5.950e-04 | bc loss=2.669e-04 | valid MSE=7.193e-04 | valid rel L2=2.128e-02 | pressure=4.435e-03, u=3.937e-03, v=4.122e-02 | Time: 1 day, 11:14:04.456304
2026-06-18 10:35:15 - pino - INFO - Epoch 1390 | data loss=7.314e-04 | bc loss=3.881e-04 | valid MSE=9.033e-04 | valid rel L2=2.526e-02 | pressure=5.617e-03, u=4.927e-03, v=4.930e-02 | Time: 1 day, 11:27:18.567529
2026-06-18 10:48:28 - pino - INFO - Epoch 1400 | data loss=6.705e-04 | bc loss=3.083e-04 | valid MSE=7.895e-04 | valid rel L2=2.187e-02 | pressure=5.458e-03, u=4.447e-03, v=3.936e-02 | Time: 1 day, 11:40:31.567142
2026-06-18 11:01:37 - pino - INFO - Epoch 1410 | data loss=5.646e-04 | bc loss=2.341e-04 | valid MSE=7.613e-04 | valid rel L2=2.301e-02 | pressure=5.480e-03, u=5.771e-03, v=4.185e-02 | Time: 1 day, 11:53:40.298934
2026-06-18 11:15:01 - pino - INFO - Epoch 1420 | data loss=6.525e-04 | bc loss=3.073e-04 | valid MSE=6.659e-04 | valid rel L2=2.039e-02 | pressure=4.663e-03, u=3.813e-03, v=3.803e-02 | Time: 1 day, 12:07:03.870123
2026-06-18 11:27:53 - pino - INFO - Epoch 1430 | data loss=6.212e-04 | bc loss=3.095e-04 | valid MSE=7.207e-04 | valid rel L2=2.115e-02 | pressure=4.923e-03, u=4.480e-03, v=4.028e-02 | Time: 1 day, 12:19:55.964989
2026-06-18 11:40:42 - pino - INFO - Epoch 1440 | data loss=6.671e-04 | bc loss=3.313e-04 | valid MSE=8.561e-04 | valid rel L2=2.368e-02 | pressure=7.645e-03, u=5.251e-03, v=4.096e-02 | Time: 1 day, 12:32:45.123316
2026-06-18 11:53:19 - pino - INFO - Epoch 1450 | data loss=6.386e-04 | bc loss=3.194e-04 | valid MSE=8.386e-04 | valid rel L2=2.446e-02 | pressure=6.576e-03, u=5.221e-03, v=4.320e-02 | Time: 1 day, 12:45:22.409853
2026-06-18 12:06:09 - pino - INFO - Epoch 1460 | data loss=6.408e-04 | bc loss=3.362e-04 | valid MSE=6.598e-04 | valid rel L2=1.917e-02 | pressure=3.833e-03, u=4.071e-03, v=3.549e-02 | Time: 1 day, 12:58:11.997128
2026-06-18 12:19:02 - pino - INFO - Epoch 1470 | data loss=7.025e-04 | bc loss=3.435e-04 | valid MSE=6.729e-04 | valid rel L2=2.127e-02 | pressure=4.739e-03, u=4.019e-03, v=4.018e-02 | Time: 1 day, 13:11:05.728548
2026-06-18 12:31:52 - pino - INFO - Epoch 1480 | data loss=6.295e-04 | bc loss=3.069e-04 | valid MSE=8.977e-04 | valid rel L2=2.347e-02 | pressure=7.265e-03, u=4.896e-03, v=4.299e-02 | Time: 1 day, 13:23:55.449604
2026-06-18 12:44:33 - pino - INFO - Epoch 1490 | data loss=5.848e-04 | bc loss=2.341e-04 | valid MSE=5.958e-04 | valid rel L2=1.947e-02 | pressure=4.718e-03, u=3.632e-03, v=3.589e-02 | Time: 1 day, 13:36:35.911462
2026-06-18 12:57:25 - pino - INFO - Epoch 1500 | data loss=6.320e-04 | bc loss=3.198e-04 | valid MSE=5.902e-04 | valid rel L2=1.905e-02 | pressure=4.194e-03, u=4.014e-03, v=3.555e-02 | Time: 1 day, 13:49:28.119850
2026-06-18 13:10:08 - pino - INFO - Epoch 1510 | data loss=6.101e-04 | bc loss=2.980e-04 | valid MSE=9.401e-04 | valid rel L2=2.404e-02 | pressure=1.030e-02, u=4.705e-03, v=3.914e-02 | Time: 1 day, 14:02:11.144961
2026-06-18 13:22:47 - pino - INFO - Epoch 1520 | data loss=6.584e-04 | bc loss=3.172e-04 | valid MSE=7.841e-04 | valid rel L2=2.163e-02 | pressure=5.639e-03, u=5.029e-03, v=4.088e-02 | Time: 1 day, 14:14:50.480868
2026-06-18 13:35:30 - pino - INFO - Epoch 1530 | data loss=6.190e-04 | bc loss=3.024e-04 | valid MSE=6.230e-04 | valid rel L2=1.951e-02 | pressure=4.427e-03, u=3.624e-03, v=3.511e-02 | Time: 1 day, 14:27:33.254906
2026-06-18 13:48:06 - pino - INFO - Epoch 1540 | data loss=6.851e-04 | bc loss=3.614e-04 | valid MSE=6.792e-04 | valid rel L2=2.038e-02 | pressure=5.015e-03, u=4.432e-03, v=3.796e-02 | Time: 1 day, 14:40:09.010269
2026-06-18 14:00:54 - pino - INFO - Epoch 1550 | data loss=8.798e-04 | bc loss=5.040e-04 | valid MSE=9.402e-04 | valid rel L2=2.617e-02 | pressure=7.543e-03, u=5.409e-03, v=4.552e-02 | Time: 1 day, 14:52:57.210193
2026-06-18 14:13:39 - pino - INFO - Epoch 1560 | data loss=7.612e-04 | bc loss=4.147e-04 | valid MSE=6.358e-04 | valid rel L2=2.052e-02 | pressure=4.033e-03, u=4.179e-03, v=3.846e-02 | Time: 1 day, 15:05:42.052000
2026-06-18 14:26:29 - pino - INFO - Epoch 1570 | data loss=5.502e-04 | bc loss=2.514e-04 | valid MSE=6.834e-04 | valid rel L2=2.157e-02 | pressure=4.881e-03, u=4.543e-03, v=3.845e-02 | Time: 1 day, 15:18:32.696922
2026-06-18 14:39:09 - pino - INFO - Epoch 1580 | data loss=5.599e-04 | bc loss=2.501e-04 | valid MSE=6.515e-04 | valid rel L2=1.948e-02 | pressure=4.644e-03, u=3.699e-03, v=3.703e-02 | Time: 1 day, 15:31:12.300409
2026-06-18 14:51:47 - pino - INFO - Epoch 1590 | data loss=6.219e-04 | bc loss=3.202e-04 | valid MSE=1.068e-03 | valid rel L2=2.764e-02 | pressure=7.853e-03, u=7.161e-03, v=4.499e-02 | Time: 1 day, 15:43:50.118199
2026-06-18 15:04:32 - pino - INFO - Epoch 1600 | data loss=6.143e-04 | bc loss=2.790e-04 | valid MSE=6.277e-04 | valid rel L2=2.047e-02 | pressure=4.040e-03, u=3.918e-03, v=3.734e-02 | Time: 1 day, 15:56:35.307328
2026-06-18 15:17:15 - pino - INFO - Epoch 1610 | data loss=5.416e-04 | bc loss=2.370e-04 | valid MSE=6.457e-04 | valid rel L2=1.975e-02 | pressure=5.635e-03, u=3.662e-03, v=3.708e-02 | Time: 1 day, 16:09:17.936232
2026-06-18 15:30:05 - pino - INFO - Epoch 1620 | data loss=6.298e-04 | bc loss=3.022e-04 | valid MSE=6.193e-04 | valid rel L2=1.926e-02 | pressure=4.441e-03, u=3.770e-03, v=3.668e-02 | Time: 1 day, 16:22:07.850196
2026-06-18 15:42:47 - pino - INFO - Epoch 1630 | data loss=6.161e-04 | bc loss=3.061e-04 | valid MSE=7.221e-04 | valid rel L2=2.097e-02 | pressure=5.318e-03, u=3.964e-03, v=3.837e-02 | Time: 1 day, 16:34:50.604023
2026-06-18 15:55:27 - pino - INFO - Epoch 1640 | data loss=5.572e-04 | bc loss=2.534e-04 | valid MSE=7.427e-04 | valid rel L2=2.211e-02 | pressure=5.188e-03, u=4.677e-03, v=4.000e-02 | Time: 1 day, 16:47:30.335167
2026-06-18 16:08:16 - pino - INFO - Epoch 1650 | data loss=7.267e-04 | bc loss=4.099e-04 | valid MSE=1.073e-03 | valid rel L2=2.868e-02 | pressure=6.681e-03, u=6.760e-03, v=4.997e-02 | Time: 1 day, 17:00:18.986014
2026-06-18 16:21:01 - pino - INFO - Epoch 1660 | data loss=6.369e-04 | bc loss=3.321e-04 | valid MSE=6.745e-04 | valid rel L2=2.121e-02 | pressure=5.195e-03, u=4.290e-03, v=3.774e-02 | Time: 1 day, 17:13:04.064700
2026-06-18 16:34:02 - pino - INFO - Epoch 1670 | data loss=5.901e-04 | bc loss=2.934e-04 | valid MSE=6.047e-04 | valid rel L2=1.905e-02 | pressure=4.709e-03, u=4.009e-03, v=3.478e-02 | Time: 1 day, 17:26:04.966566
2026-06-18 16:46:45 - pino - INFO - Epoch 1680 | data loss=6.593e-04 | bc loss=3.398e-04 | valid MSE=7.558e-04 | valid rel L2=2.343e-02 | pressure=8.548e-03, u=5.125e-03, v=3.918e-02 | Time: 1 day, 17:38:47.935966
2026-06-18 16:59:26 - pino - INFO - Epoch 1690 | data loss=6.934e-04 | bc loss=3.925e-04 | valid MSE=7.379e-04 | valid rel L2=2.239e-02 | pressure=8.920e-03, u=5.157e-03, v=3.707e-02 | Time: 1 day, 17:51:28.787450
2026-06-18 17:12:14 - pino - INFO - Epoch 1700 | data loss=6.953e-04 | bc loss=3.561e-04 | valid MSE=6.634e-04 | valid rel L2=2.042e-02 | pressure=5.166e-03, u=4.352e-03, v=3.912e-02 | Time: 1 day, 18:04:16.933921
2026-06-18 17:25:04 - pino - INFO - Epoch 1710 | data loss=5.469e-04 | bc loss=2.771e-04 | valid MSE=1.076e-03 | valid rel L2=2.364e-02 | pressure=6.026e-03, u=6.554e-03, v=4.272e-02 | Time: 1 day, 18:17:07.432026
2026-06-18 17:37:47 - pino - INFO - Epoch 1720 | data loss=6.033e-04 | bc loss=3.338e-04 | valid MSE=6.238e-04 | valid rel L2=1.995e-02 | pressure=7.731e-03, u=4.191e-03, v=3.716e-02 | Time: 1 day, 18:29:50.487102
2026-06-18 17:50:39 - pino - INFO - Epoch 1730 | data loss=6.274e-04 | bc loss=3.425e-04 | valid MSE=6.067e-04 | valid rel L2=1.803e-02 | pressure=4.033e-03, u=3.867e-03, v=3.368e-02 | Time: 1 day, 18:42:42.732662
2026-06-18 18:03:30 - pino - INFO - Epoch 1740 | data loss=5.218e-04 | bc loss=2.245e-04 | valid MSE=5.486e-04 | valid rel L2=1.767e-02 | pressure=4.506e-03, u=3.756e-03, v=3.295e-02 | Time: 1 day, 18:55:33.519823
2026-06-18 18:16:28 - pino - INFO - Epoch 1750 | data loss=6.178e-04 | bc loss=3.255e-04 | valid MSE=6.175e-04 | valid rel L2=1.963e-02 | pressure=4.471e-03, u=4.322e-03, v=3.523e-02 | Time: 1 day, 19:08:30.875343
2026-06-18 18:29:34 - pino - INFO - Epoch 1760 | data loss=6.235e-04 | bc loss=3.386e-04 | valid MSE=8.330e-04 | valid rel L2=2.275e-02 | pressure=7.002e-03, u=4.931e-03, v=4.013e-02 | Time: 1 day, 19:21:36.770353
2026-06-18 18:41:59 - pino - INFO - Epoch 1770 | data loss=6.193e-04 | bc loss=3.477e-04 | valid MSE=7.041e-04 | valid rel L2=1.998e-02 | pressure=6.212e-03, u=3.849e-03, v=3.716e-02 | Time: 1 day, 19:34:02.497112
2026-06-18 18:54:20 - pino - INFO - Epoch 1780 | data loss=5.591e-04 | bc loss=2.727e-04 | valid MSE=6.465e-04 | valid rel L2=2.026e-02 | pressure=4.938e-03, u=4.042e-03, v=3.625e-02 | Time: 1 day, 19:46:23.136236
2026-06-18 19:06:40 - pino - INFO - Epoch 1790 | data loss=6.819e-04 | bc loss=3.744e-04 | valid MSE=6.026e-04 | valid rel L2=1.972e-02 | pressure=5.476e-03, u=4.071e-03, v=3.671e-02 | Time: 1 day, 19:58:43.227791
2026-06-18 19:18:59 - pino - INFO - Epoch 1800 | data loss=6.663e-04 | bc loss=3.616e-04 | valid MSE=6.729e-04 | valid rel L2=1.962e-02 | pressure=4.678e-03, u=4.571e-03, v=3.523e-02 | Time: 1 day, 20:11:01.856419
2026-06-18 19:31:20 - pino - INFO - Epoch 1810 | data loss=5.827e-04 | bc loss=2.961e-04 | valid MSE=5.793e-04 | valid rel L2=1.877e-02 | pressure=4.106e-03, u=3.691e-03, v=3.443e-02 | Time: 1 day, 20:23:23.651353
2026-06-18 19:43:39 - pino - INFO - Epoch 1820 | data loss=5.484e-04 | bc loss=2.700e-04 | valid MSE=6.442e-04 | valid rel L2=2.015e-02 | pressure=5.273e-03, u=4.115e-03, v=3.773e-02 | Time: 1 day, 20:35:41.964458
2026-06-18 19:55:57 - pino - INFO - Epoch 1830 | data loss=5.546e-04 | bc loss=2.546e-04 | valid MSE=7.465e-04 | valid rel L2=2.217e-02 | pressure=5.418e-03, u=5.565e-03, v=3.813e-02 | Time: 1 day, 20:48:00.179906
2026-06-18 20:08:24 - pino - INFO - Epoch 1840 | data loss=6.274e-04 | bc loss=3.399e-04 | valid MSE=6.309e-04 | valid rel L2=1.916e-02 | pressure=5.100e-03, u=4.103e-03, v=3.527e-02 | Time: 1 day, 21:00:27.260036
2026-06-18 20:20:46 - pino - INFO - Epoch 1850 | data loss=8.638e-04 | bc loss=5.308e-04 | valid MSE=9.931e-04 | valid rel L2=2.720e-02 | pressure=9.250e-03, u=6.545e-03, v=4.401e-02 | Time: 1 day, 21:12:49.567563
2026-06-18 20:33:12 - pino - INFO - Epoch 1860 | data loss=5.609e-04 | bc loss=2.892e-04 | valid MSE=5.653e-04 | valid rel L2=1.898e-02 | pressure=4.615e-03, u=4.110e-03, v=3.403e-02 | Time: 1 day, 21:25:14.952522
2026-06-18 20:45:35 - pino - INFO - Epoch 1870 | data loss=5.249e-04 | bc loss=2.495e-04 | valid MSE=9.656e-04 | valid rel L2=2.352e-02 | pressure=4.888e-03, u=7.315e-03, v=3.978e-02 | Time: 1 day, 21:37:37.979408
2026-06-18 20:57:55 - pino - INFO - Epoch 1880 | data loss=4.896e-04 | bc loss=2.199e-04 | valid MSE=5.329e-04 | valid rel L2=1.788e-02 | pressure=4.841e-03, u=3.546e-03, v=3.253e-02 | Time: 1 day, 21:49:58.544790
2026-06-18 21:10:20 - pino - INFO - Epoch 1890 | data loss=5.272e-04 | bc loss=2.632e-04 | valid MSE=6.432e-04 | valid rel L2=2.088e-02 | pressure=6.698e-03, u=4.047e-03, v=3.699e-02 | Time: 1 day, 22:02:23.541412
2026-06-18 21:23:15 - pino - INFO - Epoch 1900 | data loss=5.110e-04 | bc loss=2.383e-04 | valid MSE=5.266e-04 | valid rel L2=1.797e-02 | pressure=4.328e-03, u=3.271e-03, v=3.288e-02 | Time: 1 day, 22:15:18.001594
2026-06-18 21:36:09 - pino - INFO - Epoch 1910 | data loss=4.999e-04 | bc loss=2.235e-04 | valid MSE=5.357e-04 | valid rel L2=1.810e-02 | pressure=4.886e-03, u=3.498e-03, v=3.259e-02 | Time: 1 day, 22:28:11.861074
2026-06-18 21:49:03 - pino - INFO - Epoch 1920 | data loss=6.325e-04 | bc loss=3.351e-04 | valid MSE=7.485e-04 | valid rel L2=2.229e-02 | pressure=5.762e-03, u=4.484e-03, v=3.897e-02 | Time: 1 day, 22:41:06.003458
2026-06-18 22:02:16 - pino - INFO - Epoch 1930 | data loss=6.014e-04 | bc loss=3.043e-04 | valid MSE=6.408e-04 | valid rel L2=1.999e-02 | pressure=5.640e-03, u=4.992e-03, v=3.455e-02 | Time: 1 day, 22:54:19.613556
2026-06-18 22:15:05 - pino - INFO - Epoch 1940 | data loss=6.164e-04 | bc loss=3.461e-04 | valid MSE=5.296e-04 | valid rel L2=1.775e-02 | pressure=4.249e-03, u=3.532e-03, v=3.361e-02 | Time: 1 day, 23:07:08.194805
2026-06-18 22:27:51 - pino - INFO - Epoch 1950 | data loss=5.493e-04 | bc loss=2.502e-04 | valid MSE=6.353e-04 | valid rel L2=2.055e-02 | pressure=4.309e-03, u=3.780e-03, v=3.717e-02 | Time: 1 day, 23:19:54.433741
2026-06-18 22:40:42 - pino - INFO - Epoch 1960 | data loss=5.621e-04 | bc loss=2.726e-04 | valid MSE=6.018e-04 | valid rel L2=1.824e-02 | pressure=4.517e-03, u=3.665e-03, v=3.401e-02 | Time: 1 day, 23:32:45.567192
2026-06-18 22:53:27 - pino - INFO - Epoch 1970 | data loss=6.019e-04 | bc loss=3.214e-04 | valid MSE=1.062e-03 | valid rel L2=2.419e-02 | pressure=5.343e-03, u=7.019e-03, v=4.150e-02 | Time: 1 day, 23:45:29.939811
2026-06-18 23:06:47 - pino - INFO - Epoch 1980 | data loss=5.121e-04 | bc loss=2.292e-04 | valid MSE=6.561e-04 | valid rel L2=2.076e-02 | pressure=6.484e-03, u=4.590e-03, v=3.586e-02 | Time: 1 day, 23:58:50.254688
2026-06-18 23:19:38 - pino - INFO - Epoch 1990 | data loss=6.756e-04 | bc loss=3.875e-04 | valid MSE=9.179e-04 | valid rel L2=2.429e-02 | pressure=6.828e-03, u=5.790e-03, v=4.168e-02 | Time: 2 days, 0:11:41.716456
2026-06-18 23:32:26 - pino - INFO - Epoch 2000 | data loss=5.471e-04 | bc loss=2.838e-04 | valid MSE=7.596e-04 | valid rel L2=2.445e-02 | pressure=6.614e-03, u=6.344e-03, v=3.819e-02 | Time: 2 days, 0:24:28.836341
2026-06-18 23:46:07 - pino - INFO - Epoch 2010 | data loss=6.045e-04 | bc loss=3.153e-04 | valid MSE=8.908e-04 | valid rel L2=2.570e-02 | pressure=8.236e-03, u=5.114e-03, v=4.412e-02 | Time: 2 days, 0:38:10.169201
2026-06-18 23:58:58 - pino - INFO - Epoch 2020 | data loss=4.565e-04 | bc loss=1.956e-04 | valid MSE=5.819e-04 | valid rel L2=1.829e-02 | pressure=4.762e-03, u=3.398e-03, v=3.327e-02 | Time: 2 days, 0:51:01.345929
2026-06-19 00:11:51 - pino - INFO - Epoch 2030 | data loss=5.482e-04 | bc loss=2.816e-04 | valid MSE=6.065e-04 | valid rel L2=1.974e-02 | pressure=5.730e-03, u=4.341e-03, v=3.499e-02 | Time: 2 days, 1:03:54.346417
2026-06-19 00:24:34 - pino - INFO - Epoch 2040 | data loss=5.885e-04 | bc loss=3.172e-04 | valid MSE=5.460e-04 | valid rel L2=1.805e-02 | pressure=4.773e-03, u=3.805e-03, v=3.241e-02 | Time: 2 days, 1:16:37.355005
2026-06-19 00:37:23 - pino - INFO - Epoch 2050 | data loss=6.868e-04 | bc loss=4.159e-04 | valid MSE=5.790e-04 | valid rel L2=1.893e-02 | pressure=4.500e-03, u=3.711e-03, v=3.444e-02 | Time: 2 days, 1:29:26.433778
2026-06-19 00:50:06 - pino - INFO - Epoch 2060 | data loss=4.840e-04 | bc loss=2.242e-04 | valid MSE=5.364e-04 | valid rel L2=1.881e-02 | pressure=4.107e-03, u=4.079e-03, v=3.455e-02 | Time: 2 days, 1:42:09.260445
2026-06-19 01:03:11 - pino - INFO - Epoch 2070 | data loss=5.254e-04 | bc loss=2.618e-04 | valid MSE=7.544e-04 | valid rel L2=2.130e-02 | pressure=5.711e-03, u=5.666e-03, v=3.608e-02 | Time: 2 days, 1:55:14.415268
2026-06-19 01:16:13 - pino - INFO - Epoch 2080 | data loss=6.179e-04 | bc loss=3.238e-04 | valid MSE=4.951e-04 | valid rel L2=1.723e-02 | pressure=4.128e-03, u=3.375e-03, v=3.170e-02 | Time: 2 days, 2:08:16.207295
2026-06-19 01:29:03 - pino - INFO - Epoch 2090 | data loss=5.473e-04 | bc loss=2.510e-04 | valid MSE=6.048e-04 | valid rel L2=1.993e-02 | pressure=4.824e-03, u=4.158e-03, v=3.454e-02 | Time: 2 days, 2:21:05.982019
2026-06-19 01:42:04 - pino - INFO - Epoch 2100 | data loss=5.894e-04 | bc loss=3.224e-04 | valid MSE=5.891e-04 | valid rel L2=1.944e-02 | pressure=6.977e-03, u=4.198e-03, v=3.362e-02 | Time: 2 days, 2:34:07.738175
2026-06-19 01:54:56 - pino - INFO - Epoch 2110 | data loss=4.788e-04 | bc loss=2.135e-04 | valid MSE=5.789e-04 | valid rel L2=1.947e-02 | pressure=4.540e-03, u=3.914e-03, v=3.612e-02 | Time: 2 days, 2:46:58.871389
2026-06-19 02:07:57 - pino - INFO - Epoch 2120 | data loss=5.640e-04 | bc loss=2.715e-04 | valid MSE=5.240e-04 | valid rel L2=1.765e-02 | pressure=4.142e-03, u=3.320e-03, v=3.223e-02 | Time: 2 days, 2:59:59.792775
2026-06-19 02:20:49 - pino - INFO - Epoch 2130 | data loss=4.662e-04 | bc loss=2.266e-04 | valid MSE=6.559e-04 | valid rel L2=2.070e-02 | pressure=4.317e-03, u=5.834e-03, v=3.485e-02 | Time: 2 days, 3:12:52.099823
2026-06-19 02:33:44 - pino - INFO - Epoch 2140 | data loss=5.737e-04 | bc loss=2.986e-04 | valid MSE=5.585e-04 | valid rel L2=1.862e-02 | pressure=4.037e-03, u=4.381e-03, v=3.314e-02 | Time: 2 days, 3:25:46.849789
2026-06-19 02:46:40 - pino - INFO - Epoch 2150 | data loss=5.242e-04 | bc loss=2.474e-04 | valid MSE=5.185e-04 | valid rel L2=1.753e-02 | pressure=4.240e-03, u=3.635e-03, v=3.268e-02 | Time: 2 days, 3:38:43.355294
2026-06-19 03:00:04 - pino - INFO - Epoch 2160 | data loss=4.874e-04 | bc loss=2.315e-04 | valid MSE=5.363e-04 | valid rel L2=1.872e-02 | pressure=4.758e-03, u=3.542e-03, v=3.398e-02 | Time: 2 days, 3:52:07.721209
2026-06-19 03:13:06 - pino - INFO - Epoch 2170 | data loss=5.659e-04 | bc loss=2.888e-04 | valid MSE=5.233e-04 | valid rel L2=1.775e-02 | pressure=3.933e-03, u=3.498e-03, v=3.190e-02 | Time: 2 days, 4:05:09.009570
2026-06-19 03:26:01 - pino - INFO - Epoch 2180 | data loss=5.987e-04 | bc loss=3.115e-04 | valid MSE=5.218e-04 | valid rel L2=1.716e-02 | pressure=3.751e-03, u=3.726e-03, v=3.139e-02 | Time: 2 days, 4:18:04.556117
2026-06-19 03:39:03 - pino - INFO - Epoch 2190 | data loss=5.221e-04 | bc loss=2.404e-04 | valid MSE=6.294e-04 | valid rel L2=2.121e-02 | pressure=6.673e-03, u=4.331e-03, v=3.649e-02 | Time: 2 days, 4:31:05.766442
2026-06-19 03:52:04 - pino - INFO - Epoch 2200 | data loss=4.899e-04 | bc loss=2.408e-04 | valid MSE=9.365e-04 | valid rel L2=2.480e-02 | pressure=5.261e-03, u=7.355e-03, v=4.588e-02 | Time: 2 days, 4:44:07.210535
2026-06-19 04:04:50 - pino - INFO - Epoch 2210 | data loss=5.677e-04 | bc loss=2.984e-04 | valid MSE=5.549e-04 | valid rel L2=1.763e-02 | pressure=4.802e-03, u=3.531e-03, v=3.188e-02 | Time: 2 days, 4:56:53.368132
2026-06-19 04:17:42 - pino - INFO - Epoch 2220 | data loss=5.921e-04 | bc loss=3.227e-04 | valid MSE=4.999e-04 | valid rel L2=1.679e-02 | pressure=4.864e-03, u=3.239e-03, v=3.116e-02 | Time: 2 days, 5:09:44.950390
2026-06-19 04:30:30 - pino - INFO - Epoch 2230 | data loss=4.984e-04 | bc loss=2.486e-04 | valid MSE=5.558e-04 | valid rel L2=1.854e-02 | pressure=5.642e-03, u=4.377e-03, v=3.339e-02 | Time: 2 days, 5:22:33.305921
2026-06-19 04:43:34 - pino - INFO - Epoch 2240 | data loss=7.075e-04 | bc loss=4.269e-04 | valid MSE=4.987e-04 | valid rel L2=1.728e-02 | pressure=4.315e-03, u=3.450e-03, v=3.146e-02 | Time: 2 days, 5:35:37.212021
2026-06-19 04:56:23 - pino - INFO - Epoch 2250 | data loss=5.016e-04 | bc loss=2.511e-04 | valid MSE=1.033e-03 | valid rel L2=2.564e-02 | pressure=6.243e-03, u=7.024e-03, v=4.302e-02 | Time: 2 days, 5:48:25.874186
2026-06-19 05:09:19 - pino - INFO - Epoch 2260 | data loss=4.920e-04 | bc loss=2.253e-04 | valid MSE=5.459e-04 | valid rel L2=1.870e-02 | pressure=5.425e-03, u=3.826e-03, v=3.325e-02 | Time: 2 days, 6:01:22.465983
2026-06-19 05:22:21 - pino - INFO - Epoch 2270 | data loss=6.412e-04 | bc loss=3.589e-04 | valid MSE=7.045e-04 | valid rel L2=1.960e-02 | pressure=7.871e-03, u=4.158e-03, v=3.515e-02 | Time: 2 days, 6:14:24.062002
2026-06-19 05:35:17 - pino - INFO - Epoch 2280 | data loss=6.160e-04 | bc loss=3.451e-04 | valid MSE=5.226e-04 | valid rel L2=1.760e-02 | pressure=3.636e-03, u=3.842e-03, v=3.218e-02 | Time: 2 days, 6:27:20.484171
2026-06-19 05:48:09 - pino - INFO - Epoch 2290 | data loss=5.287e-04 | bc loss=2.627e-04 | valid MSE=5.954e-04 | valid rel L2=2.022e-02 | pressure=5.121e-03, u=4.209e-03, v=3.499e-02 | Time: 2 days, 6:40:12.410325
2026-06-19 06:00:52 - pino - INFO - Epoch 2300 | data loss=4.502e-04 | bc loss=1.914e-04 | valid MSE=5.216e-04 | valid rel L2=1.797e-02 | pressure=4.260e-03, u=3.258e-03, v=3.153e-02 | Time: 2 days, 6:52:55.435785
2026-06-19 06:13:50 - pino - INFO - Epoch 2310 | data loss=6.172e-04 | bc loss=3.169e-04 | valid MSE=5.201e-04 | valid rel L2=1.766e-02 | pressure=4.032e-03, u=3.876e-03, v=3.207e-02 | Time: 2 days, 7:05:53.572337
2026-06-19 06:26:42 - pino - INFO - Epoch 2320 | data loss=5.382e-04 | bc loss=3.083e-04 | valid MSE=4.673e-04 | valid rel L2=1.643e-02 | pressure=3.855e-03, u=3.112e-03, v=3.040e-02 | Time: 2 days, 7:18:45.664481
2026-06-19 06:39:52 - pino - INFO - Epoch 2330 | data loss=5.698e-04 | bc loss=3.044e-04 | valid MSE=7.774e-04 | valid rel L2=2.386e-02 | pressure=7.135e-03, u=4.945e-03, v=4.028e-02 | Time: 2 days, 7:31:54.992382
2026-06-19 06:52:50 - pino - INFO - Epoch 2340 | data loss=4.615e-04 | bc loss=2.166e-04 | valid MSE=6.506e-04 | valid rel L2=2.089e-02 | pressure=6.277e-03, u=4.842e-03, v=3.611e-02 | Time: 2 days, 7:44:53.613279
2026-06-19 07:05:45 - pino - INFO - Epoch 2350 | data loss=5.462e-04 | bc loss=3.012e-04 | valid MSE=1.446e-03 | valid rel L2=2.614e-02 | pressure=7.489e-03, u=6.187e-03, v=4.585e-02 | Time: 2 days, 7:57:48.452000
2026-06-19 07:18:35 - pino - INFO - Epoch 2360 | data loss=4.490e-04 | bc loss=2.068e-04 | valid MSE=5.784e-04 | valid rel L2=1.806e-02 | pressure=4.326e-03, u=3.693e-03, v=3.359e-02 | Time: 2 days, 8:10:38.729552
2026-06-19 07:31:33 - pino - INFO - Epoch 2370 | data loss=4.578e-04 | bc loss=2.168e-04 | valid MSE=5.128e-04 | valid rel L2=1.794e-02 | pressure=4.957e-03, u=3.264e-03, v=3.317e-02 | Time: 2 days, 8:23:36.720494
2026-06-19 07:44:34 - pino - INFO - Epoch 2380 | data loss=4.770e-04 | bc loss=2.254e-04 | valid MSE=5.918e-04 | valid rel L2=1.845e-02 | pressure=4.244e-03, u=4.521e-03, v=3.259e-02 | Time: 2 days, 8:36:37.482528
2026-06-19 07:57:22 - pino - INFO - Epoch 2390 | data loss=4.773e-04 | bc loss=2.373e-04 | valid MSE=5.537e-04 | valid rel L2=1.813e-02 | pressure=4.758e-03, u=3.731e-03, v=3.208e-02 | Time: 2 days, 8:49:25.225361
2026-06-19 08:10:05 - pino - INFO - Epoch 2400 | data loss=4.309e-04 | bc loss=1.773e-04 | valid MSE=7.346e-04 | valid rel L2=1.962e-02 | pressure=6.118e-03, u=3.964e-03, v=3.461e-02 | Time: 2 days, 9:02:08.353551
2026-06-19 08:22:55 - pino - INFO - Epoch 2410 | data loss=4.274e-04 | bc loss=1.790e-04 | valid MSE=5.071e-04 | valid rel L2=1.798e-02 | pressure=5.562e-03, u=3.524e-03, v=3.131e-02 | Time: 2 days, 9:14:58.233009
2026-06-19 08:35:52 - pino - INFO - Epoch 2420 | data loss=5.210e-04 | bc loss=2.754e-04 | valid MSE=5.663e-04 | valid rel L2=1.951e-02 | pressure=7.618e-03, u=3.722e-03, v=3.357e-02 | Time: 2 days, 9:27:55.535094
2026-06-19 08:48:53 - pino - INFO - Epoch 2430 | data loss=5.466e-04 | bc loss=2.934e-04 | valid MSE=4.750e-04 | valid rel L2=1.698e-02 | pressure=4.295e-03, u=3.717e-03, v=3.002e-02 | Time: 2 days, 9:40:55.862306
2026-06-19 09:01:43 - pino - INFO - Epoch 2440 | data loss=4.506e-04 | bc loss=2.092e-04 | valid MSE=5.335e-04 | valid rel L2=1.803e-02 | pressure=3.898e-03, u=3.874e-03, v=3.401e-02 | Time: 2 days, 9:53:46.721732
2026-06-19 09:14:34 - pino - INFO - Epoch 2450 | data loss=4.262e-04 | bc loss=1.858e-04 | valid MSE=4.931e-04 | valid rel L2=1.702e-02 | pressure=4.274e-03, u=3.249e-03, v=3.095e-02 | Time: 2 days, 10:06:36.854692
2026-06-19 09:27:29 - pino - INFO - Epoch 2460 | data loss=4.824e-04 | bc loss=2.438e-04 | valid MSE=6.105e-04 | valid rel L2=1.831e-02 | pressure=3.761e-03, u=3.522e-03, v=3.411e-02 | Time: 2 days, 10:19:32.120331
2026-06-19 09:40:40 - pino - INFO - Epoch 2470 | data loss=5.646e-04 | bc loss=3.144e-04 | valid MSE=5.280e-04 | valid rel L2=1.777e-02 | pressure=4.327e-03, u=3.554e-03, v=3.352e-02 | Time: 2 days, 10:32:43.701691
2026-06-19 09:53:38 - pino - INFO - Epoch 2480 | data loss=4.318e-04 | bc loss=1.950e-04 | valid MSE=5.124e-04 | valid rel L2=1.788e-02 | pressure=5.311e-03, u=3.497e-03, v=3.119e-02 | Time: 2 days, 10:45:41.469347
2026-06-19 10:06:27 - pino - INFO - Epoch 2490 | data loss=4.982e-04 | bc loss=2.759e-04 | valid MSE=5.026e-04 | valid rel L2=1.785e-02 | pressure=3.669e-03, u=3.861e-03, v=3.099e-02 | Time: 2 days, 10:58:30.609725
2026-06-19 10:19:31 - pino - INFO - Epoch 2500 | data loss=5.205e-04 | bc loss=2.877e-04 | valid MSE=5.052e-04 | valid rel L2=1.668e-02 | pressure=4.183e-03, u=3.192e-03, v=3.003e-02 | Time: 2 days, 11:11:34.233804
2026-06-19 10:32:31 - pino - INFO - Epoch 2510 | data loss=4.807e-04 | bc loss=2.555e-04 | valid MSE=5.325e-04 | valid rel L2=1.950e-02 | pressure=6.293e-03, u=3.759e-03, v=3.428e-02 | Time: 2 days, 11:24:33.873446
2026-06-19 10:45:24 - pino - INFO - Epoch 2520 | data loss=4.133e-04 | bc loss=1.820e-04 | valid MSE=4.599e-04 | valid rel L2=1.631e-02 | pressure=4.356e-03, u=3.204e-03, v=3.024e-02 | Time: 2 days, 11:37:27.666244
2026-06-19 10:58:43 - pino - INFO - Epoch 2530 | data loss=4.203e-04 | bc loss=1.867e-04 | valid MSE=5.304e-04 | valid rel L2=1.812e-02 | pressure=3.953e-03, u=3.150e-03, v=3.249e-02 | Time: 2 days, 11:50:46.366176
2026-06-19 11:11:47 - pino - INFO - Epoch 2540 | data loss=4.664e-04 | bc loss=2.420e-04 | valid MSE=7.057e-04 | valid rel L2=2.065e-02 | pressure=5.575e-03, u=4.614e-03, v=3.980e-02 | Time: 2 days, 12:03:49.856962
2026-06-19 11:24:41 - pino - INFO - Epoch 2550 | data loss=4.459e-04 | bc loss=1.928e-04 | valid MSE=4.938e-04 | valid rel L2=1.716e-02 | pressure=4.038e-03, u=3.304e-03, v=3.068e-02 | Time: 2 days, 12:16:44.565502
2026-06-19 11:37:26 - pino - INFO - Epoch 2560 | data loss=5.415e-04 | bc loss=2.942e-04 | valid MSE=5.808e-04 | valid rel L2=1.924e-02 | pressure=5.693e-03, u=3.673e-03, v=3.463e-02 | Time: 2 days, 12:29:29.576460
2026-06-19 11:50:13 - pino - INFO - Epoch 2570 | data loss=4.787e-04 | bc loss=2.407e-04 | valid MSE=4.769e-04 | valid rel L2=1.704e-02 | pressure=5.077e-03, u=3.419e-03, v=3.081e-02 | Time: 2 days, 12:42:16.357121
2026-06-19 12:03:03 - pino - INFO - Epoch 2580 | data loss=6.735e-04 | bc loss=3.976e-04 | valid MSE=6.256e-04 | valid rel L2=1.944e-02 | pressure=5.637e-03, u=3.646e-03, v=3.572e-02 | Time: 2 days, 12:55:06.397980
2026-06-19 12:16:06 - pino - INFO - Epoch 2590 | data loss=5.031e-04 | bc loss=2.887e-04 | valid MSE=5.902e-04 | valid rel L2=1.938e-02 | pressure=5.557e-03, u=4.323e-03, v=3.309e-02 | Time: 2 days, 13:08:09.159498
2026-06-19 12:28:58 - pino - INFO - Epoch 2600 | data loss=4.628e-04 | bc loss=2.297e-04 | valid MSE=5.278e-04 | valid rel L2=1.741e-02 | pressure=4.032e-03, u=3.582e-03, v=3.233e-02 | Time: 2 days, 13:21:01.010892
2026-06-19 12:41:45 - pino - INFO - Epoch 2610 | data loss=4.370e-04 | bc loss=1.992e-04 | valid MSE=5.945e-04 | valid rel L2=1.870e-02 | pressure=4.632e-03, u=3.812e-03, v=3.396e-02 | Time: 2 days, 13:33:48.531465
2026-06-19 12:54:43 - pino - INFO - Epoch 2620 | data loss=6.036e-04 | bc loss=3.466e-04 | valid MSE=5.413e-04 | valid rel L2=1.789e-02 | pressure=5.002e-03, u=3.807e-03, v=3.036e-02 | Time: 2 days, 13:46:46.286882
2026-06-19 13:07:39 - pino - INFO - Epoch 2630 | data loss=4.349e-04 | bc loss=1.979e-04 | valid MSE=5.399e-04 | valid rel L2=1.816e-02 | pressure=4.809e-03, u=3.415e-03, v=3.228e-02 | Time: 2 days, 13:59:42.385324
2026-06-19 13:20:34 - pino - INFO - Epoch 2640 | data loss=4.390e-04 | bc loss=2.024e-04 | valid MSE=4.995e-04 | valid rel L2=1.789e-02 | pressure=4.882e-03, u=3.371e-03, v=3.226e-02 | Time: 2 days, 14:12:37.406828
2026-06-19 13:33:56 - pino - INFO - Epoch 2650 | data loss=5.946e-04 | bc loss=3.676e-04 | valid MSE=7.524e-04 | valid rel L2=2.252e-02 | pressure=6.369e-03, u=5.820e-03, v=3.738e-02 | Time: 2 days, 14:25:59.213173
2026-06-19 13:46:47 - pino - INFO - Epoch 2660 | data loss=4.043e-04 | bc loss=1.763e-04 | valid MSE=5.070e-04 | valid rel L2=1.761e-02 | pressure=4.503e-03, u=3.440e-03, v=3.288e-02 | Time: 2 days, 14:38:50.088601
2026-06-19 13:59:54 - pino - INFO - Epoch 2670 | data loss=4.008e-04 | bc loss=1.644e-04 | valid MSE=4.540e-04 | valid rel L2=1.645e-02 | pressure=3.523e-03, u=3.218e-03, v=2.945e-02 | Time: 2 days, 14:51:56.893602
2026-06-19 14:12:42 - pino - INFO - Epoch 2680 | data loss=4.437e-04 | bc loss=2.071e-04 | valid MSE=4.657e-04 | valid rel L2=1.696e-02 | pressure=4.233e-03, u=3.596e-03, v=3.073e-02 | Time: 2 days, 15:04:45.208529
2026-06-19 14:25:34 - pino - INFO - Epoch 2690 | data loss=4.465e-04 | bc loss=2.183e-04 | valid MSE=4.913e-04 | valid rel L2=1.683e-02 | pressure=4.778e-03, u=3.328e-03, v=3.144e-02 | Time: 2 days, 15:17:36.960725
2026-06-19 14:38:34 - pino - INFO - Epoch 2700 | data loss=4.191e-04 | bc loss=1.859e-04 | valid MSE=4.564e-04 | valid rel L2=1.633e-02 | pressure=3.671e-03, u=3.203e-03, v=2.977e-02 | Time: 2 days, 15:30:36.960104
2026-06-19 14:51:19 - pino - INFO - Epoch 2710 | data loss=4.215e-04 | bc loss=1.843e-04 | valid MSE=5.673e-04 | valid rel L2=2.038e-02 | pressure=8.617e-03, u=3.479e-03, v=3.160e-02 | Time: 2 days, 15:43:22.365335
2026-06-19 15:04:03 - pino - INFO - Epoch 2720 | data loss=4.027e-04 | bc loss=1.821e-04 | valid MSE=4.902e-04 | valid rel L2=1.713e-02 | pressure=4.270e-03, u=3.521e-03, v=2.966e-02 | Time: 2 days, 15:56:05.958518
2026-06-19 15:16:58 - pino - INFO - Epoch 2730 | data loss=4.588e-04 | bc loss=2.282e-04 | valid MSE=5.502e-04 | valid rel L2=1.844e-02 | pressure=4.748e-03, u=3.589e-03, v=3.299e-02 | Time: 2 days, 16:09:01.309238
2026-06-19 15:29:53 - pino - INFO - Epoch 2740 | data loss=4.587e-04 | bc loss=2.150e-04 | valid MSE=5.896e-04 | valid rel L2=1.973e-02 | pressure=4.177e-03, u=4.943e-03, v=3.537e-02 | Time: 2 days, 16:21:56.498966
2026-06-19 15:42:47 - pino - INFO - Epoch 2750 | data loss=4.303e-04 | bc loss=2.046e-04 | valid MSE=4.970e-04 | valid rel L2=1.750e-02 | pressure=4.402e-03, u=3.667e-03, v=3.175e-02 | Time: 2 days, 16:34:50.753238
2026-06-19 15:55:46 - pino - INFO - Epoch 2760 | data loss=4.220e-04 | bc loss=1.949e-04 | valid MSE=6.388e-04 | valid rel L2=2.004e-02 | pressure=6.545e-03, u=3.734e-03, v=3.500e-02 | Time: 2 days, 16:47:49.760831
2026-06-19 16:08:47 - pino - INFO - Epoch 2770 | data loss=3.929e-04 | bc loss=1.702e-04 | valid MSE=5.692e-04 | valid rel L2=1.824e-02 | pressure=3.983e-03, u=4.400e-03, v=3.161e-02 | Time: 2 days, 17:00:50.423570
2026-06-19 16:21:44 - pino - INFO - Epoch 2780 | data loss=4.174e-04 | bc loss=1.898e-04 | valid MSE=4.341e-04 | valid rel L2=1.583e-02 | pressure=3.719e-03, u=3.219e-03, v=2.899e-02 | Time: 2 days, 17:13:46.805957
2026-06-19 16:34:30 - pino - INFO - Epoch 2790 | data loss=4.244e-04 | bc loss=1.910e-04 | valid MSE=5.720e-04 | valid rel L2=1.867e-02 | pressure=5.663e-03, u=3.526e-03, v=3.225e-02 | Time: 2 days, 17:26:32.975330
2026-06-19 16:47:11 - pino - INFO - Epoch 2800 | data loss=4.232e-04 | bc loss=1.970e-04 | valid MSE=4.425e-04 | valid rel L2=1.619e-02 | pressure=4.475e-03, u=3.440e-03, v=2.977e-02 | Time: 2 days, 17:39:14.665665
2026-06-19 17:00:16 - pino - INFO - Epoch 2810 | data loss=4.017e-04 | bc loss=1.855e-04 | valid MSE=4.711e-04 | valid rel L2=1.700e-02 | pressure=4.450e-03, u=3.168e-03, v=3.018e-02 | Time: 2 days, 17:52:19.343709
2026-06-19 17:13:09 - pino - INFO - Epoch 2820 | data loss=4.315e-04 | bc loss=2.083e-04 | valid MSE=4.907e-04 | valid rel L2=1.722e-02 | pressure=5.029e-03, u=3.687e-03, v=3.121e-02 | Time: 2 days, 18:05:12.204635
2026-06-19 17:26:02 - pino - INFO - Epoch 2830 | data loss=4.446e-04 | bc loss=2.179e-04 | valid MSE=5.247e-04 | valid rel L2=1.713e-02 | pressure=5.109e-03, u=3.300e-03, v=3.115e-02 | Time: 2 days, 18:18:05.370600
2026-06-19 17:38:49 - pino - INFO - Epoch 2840 | data loss=4.087e-04 | bc loss=1.996e-04 | valid MSE=5.269e-04 | valid rel L2=1.868e-02 | pressure=5.360e-03, u=3.259e-03, v=3.383e-02 | Time: 2 days, 18:30:52.690647
2026-06-19 17:51:50 - pino - INFO - Epoch 2850 | data loss=5.695e-04 | bc loss=3.358e-04 | valid MSE=5.432e-04 | valid rel L2=1.787e-02 | pressure=4.935e-03, u=3.632e-03, v=3.160e-02 | Time: 2 days, 18:43:53.434840
2026-06-19 18:04:57 - pino - INFO - Epoch 2860 | data loss=4.072e-04 | bc loss=1.797e-04 | valid MSE=5.025e-04 | valid rel L2=1.818e-02 | pressure=4.612e-03, u=3.654e-03, v=3.272e-02 | Time: 2 days, 18:56:59.936029
2026-06-19 18:17:44 - pino - INFO - Epoch 2870 | data loss=4.892e-04 | bc loss=2.610e-04 | valid MSE=4.942e-04 | valid rel L2=1.708e-02 | pressure=3.913e-03, u=3.305e-03, v=3.046e-02 | Time: 2 days, 19:09:47.718568
2026-06-19 18:30:25 - pino - INFO - Epoch 2880 | data loss=4.555e-04 | bc loss=2.345e-04 | valid MSE=4.754e-04 | valid rel L2=1.656e-02 | pressure=3.934e-03, u=3.438e-03, v=3.015e-02 | Time: 2 days, 19:22:28.495725
2026-06-19 18:43:21 - pino - INFO - Epoch 2890 | data loss=5.130e-04 | bc loss=2.807e-04 | valid MSE=4.983e-04 | valid rel L2=1.663e-02 | pressure=3.957e-03, u=3.344e-03, v=3.033e-02 | Time: 2 days, 19:35:23.768643
2026-06-19 18:56:19 - pino - INFO - Epoch 2900 | data loss=4.292e-04 | bc loss=2.025e-04 | valid MSE=4.683e-04 | valid rel L2=1.675e-02 | pressure=4.370e-03, u=3.582e-03, v=3.027e-02 | Time: 2 days, 19:48:22.241294
2026-06-19 19:09:20 - pino - INFO - Epoch 2910 | data loss=4.511e-04 | bc loss=2.098e-04 | valid MSE=4.692e-04 | valid rel L2=1.688e-02 | pressure=3.966e-03, u=3.197e-03, v=3.142e-02 | Time: 2 days, 20:01:23.020548
2026-06-19 19:22:30 - pino - INFO - Epoch 2920 | data loss=4.208e-04 | bc loss=2.065e-04 | valid MSE=4.967e-04 | valid rel L2=1.829e-02 | pressure=8.463e-03, u=3.286e-03, v=3.035e-02 | Time: 2 days, 20:14:33.326655
2026-06-19 19:35:17 - pino - INFO - Epoch 2930 | data loss=4.296e-04 | bc loss=2.233e-04 | valid MSE=5.933e-04 | valid rel L2=1.992e-02 | pressure=6.112e-03, u=4.360e-03, v=3.386e-02 | Time: 2 days, 20:27:20.553751
2026-06-19 19:48:14 - pino - INFO - Epoch 2940 | data loss=4.796e-04 | bc loss=2.610e-04 | valid MSE=4.855e-04 | valid rel L2=1.679e-02 | pressure=4.223e-03, u=3.444e-03, v=3.090e-02 | Time: 2 days, 20:40:17.141788
2026-06-19 20:01:26 - pino - INFO - Epoch 2950 | data loss=4.241e-04 | bc loss=2.115e-04 | valid MSE=4.434e-04 | valid rel L2=1.624e-02 | pressure=3.767e-03, u=3.468e-03, v=2.950e-02 | Time: 2 days, 20:53:29.050114
2026-06-19 20:14:16 - pino - INFO - Epoch 2960 | data loss=5.533e-04 | bc loss=3.005e-04 | valid MSE=6.438e-04 | valid rel L2=2.022e-02 | pressure=6.608e-03, u=3.987e-03, v=3.717e-02 | Time: 2 days, 21:06:19.093712
2026-06-19 20:27:00 - pino - INFO - Epoch 2970 | data loss=5.735e-04 | bc loss=3.550e-04 | valid MSE=5.265e-04 | valid rel L2=1.762e-02 | pressure=4.930e-03, u=3.583e-03, v=3.069e-02 | Time: 2 days, 21:19:03.453158
2026-06-19 20:39:52 - pino - INFO - Epoch 2980 | data loss=4.424e-04 | bc loss=2.182e-04 | valid MSE=4.835e-04 | valid rel L2=1.706e-02 | pressure=3.816e-03, u=3.402e-03, v=3.062e-02 | Time: 2 days, 21:31:54.959689
2026-06-19 20:52:41 - pino - INFO - Epoch 2990 | data loss=4.151e-04 | bc loss=1.947e-04 | valid MSE=4.993e-04 | valid rel L2=1.795e-02 | pressure=4.927e-03, u=3.756e-03, v=3.189e-02 | Time: 2 days, 21:44:44.665902
2026-06-19 21:05:39 - pino - INFO - Epoch 3000 | data loss=4.689e-04 | bc loss=2.553e-04 | valid MSE=4.410e-04 | valid rel L2=1.593e-02 | pressure=3.855e-03, u=3.171e-03, v=2.882e-02 | Time: 2 days, 21:57:42.388511
2026-06-19 21:18:52 - pino - INFO - Epoch 3010 | data loss=4.665e-04 | bc loss=2.315e-04 | valid MSE=4.597e-04 | valid rel L2=1.711e-02 | pressure=4.149e-03, u=3.578e-03, v=2.956e-02 | Time: 2 days, 22:10:55.486263
2026-06-19 21:31:38 - pino - INFO - Epoch 3020 | data loss=4.182e-04 | bc loss=1.895e-04 | valid MSE=5.495e-04 | valid rel L2=1.856e-02 | pressure=4.775e-03, u=3.814e-03, v=3.340e-02 | Time: 2 days, 22:23:41.517918
2026-06-19 21:44:44 - pino - INFO - Epoch 3030 | data loss=3.755e-04 | bc loss=1.516e-04 | valid MSE=4.973e-04 | valid rel L2=1.742e-02 | pressure=5.161e-03, u=3.452e-03, v=3.016e-02 | Time: 2 days, 22:36:47.749655
2026-06-19 21:57:26 - pino - INFO - Epoch 3040 | data loss=4.443e-04 | bc loss=2.195e-04 | valid MSE=4.910e-04 | valid rel L2=1.698e-02 | pressure=4.255e-03, u=3.425e-03, v=3.047e-02 | Time: 2 days, 22:49:29.503166
2026-06-19 22:10:46 - pino - INFO - Epoch 3050 | data loss=4.046e-04 | bc loss=1.967e-04 | valid MSE=4.743e-04 | valid rel L2=1.702e-02 | pressure=5.656e-03, u=3.123e-03, v=2.938e-02 | Time: 2 days, 23:02:48.828465
2026-06-19 22:23:38 - pino - INFO - Epoch 3060 | data loss=4.271e-04 | bc loss=2.109e-04 | valid MSE=5.834e-04 | valid rel L2=1.845e-02 | pressure=4.099e-03, u=4.207e-03, v=3.217e-02 | Time: 2 days, 23:15:41.710652
2026-06-19 22:36:26 - pino - INFO - Epoch 3070 | data loss=4.344e-04 | bc loss=2.098e-04 | valid MSE=5.329e-04 | valid rel L2=1.785e-02 | pressure=4.832e-03, u=3.594e-03, v=3.149e-02 | Time: 2 days, 23:28:29.043331
2026-06-19 22:49:14 - pino - INFO - Epoch 3080 | data loss=3.712e-04 | bc loss=1.630e-04 | valid MSE=5.493e-04 | valid rel L2=1.864e-02 | pressure=3.988e-03, u=3.577e-03, v=3.305e-02 | Time: 2 days, 23:41:17.050696
2026-06-19 23:02:05 - pino - INFO - Epoch 3090 | data loss=4.655e-04 | bc loss=2.490e-04 | valid MSE=4.897e-04 | valid rel L2=1.711e-02 | pressure=4.892e-03, u=3.125e-03, v=3.102e-02 | Time: 2 days, 23:54:08.562715
2026-06-19 23:15:08 - pino - INFO - Epoch 3100 | data loss=4.426e-04 | bc loss=2.397e-04 | valid MSE=4.510e-04 | valid rel L2=1.664e-02 | pressure=4.087e-03, u=3.375e-03, v=3.049e-02 | Time: 3 days, 0:07:11.361091
2026-06-19 23:27:52 - pino - INFO - Epoch 3110 | data loss=3.894e-04 | bc loss=1.828e-04 | valid MSE=4.482e-04 | valid rel L2=1.601e-02 | pressure=3.953e-03, u=3.286e-03, v=2.921e-02 | Time: 3 days, 0:19:54.799399
2026-06-19 23:40:37 - pino - INFO - Epoch 3120 | data loss=4.277e-04 | bc loss=2.215e-04 | valid MSE=4.909e-04 | valid rel L2=1.787e-02 | pressure=4.143e-03, u=3.506e-03, v=3.204e-02 | Time: 3 days, 0:32:40.256192
2026-06-19 23:53:34 - pino - INFO - Epoch 3130 | data loss=3.582e-04 | bc loss=1.582e-04 | valid MSE=4.855e-04 | valid rel L2=1.732e-02 | pressure=5.011e-03, u=3.242e-03, v=3.137e-02 | Time: 3 days, 0:45:36.860357
2026-06-20 00:06:32 - pino - INFO - Epoch 3140 | data loss=4.064e-04 | bc loss=2.037e-04 | valid MSE=5.732e-04 | valid rel L2=1.968e-02 | pressure=4.185e-03, u=5.500e-03, v=3.274e-02 | Time: 3 days, 0:58:35.151509
2026-06-20 00:18:58 - pino - INFO - Epoch 3150 | data loss=3.943e-04 | bc loss=1.770e-04 | valid MSE=5.337e-04 | valid rel L2=1.824e-02 | pressure=4.411e-03, u=3.670e-03, v=3.266e-02 | Time: 3 days, 1:11:00.989368
2026-06-20 00:31:20 - pino - INFO - Epoch 3160 | data loss=4.416e-04 | bc loss=2.169e-04 | valid MSE=4.422e-04 | valid rel L2=1.662e-02 | pressure=4.850e-03, u=3.201e-03, v=3.106e-02 | Time: 3 days, 1:23:23.427841
2026-06-20 00:43:40 - pino - INFO - Epoch 3170 | data loss=4.498e-04 | bc loss=2.391e-04 | valid MSE=5.079e-04 | valid rel L2=1.732e-02 | pressure=3.867e-03, u=3.574e-03, v=3.098e-02 | Time: 3 days, 1:35:42.820328
2026-06-20 00:55:57 - pino - INFO - Epoch 3180 | data loss=4.055e-04 | bc loss=1.887e-04 | valid MSE=4.692e-04 | valid rel L2=1.701e-02 | pressure=3.840e-03, u=3.407e-03, v=3.015e-02 | Time: 3 days, 1:48:00.744923
2026-06-20 01:08:20 - pino - INFO - Epoch 3190 | data loss=4.083e-04 | bc loss=2.038e-04 | valid MSE=4.895e-04 | valid rel L2=1.772e-02 | pressure=3.872e-03, u=3.326e-03, v=3.084e-02 | Time: 3 days, 2:00:22.921487
2026-06-20 01:20:40 - pino - INFO - Epoch 3200 | data loss=4.452e-04 | bc loss=2.450e-04 | valid MSE=4.515e-04 | valid rel L2=1.623e-02 | pressure=3.981e-03, u=3.376e-03, v=2.957e-02 | Time: 3 days, 2:12:43.033535
2026-06-20 01:33:04 - pino - INFO - Epoch 3210 | data loss=4.448e-04 | bc loss=2.274e-04 | valid MSE=6.120e-04 | valid rel L2=1.830e-02 | pressure=4.807e-03, u=3.669e-03, v=3.234e-02 | Time: 3 days, 2:25:07.369653
2026-06-20 01:45:27 - pino - INFO - Epoch 3220 | data loss=3.761e-04 | bc loss=1.822e-04 | valid MSE=5.483e-04 | valid rel L2=1.972e-02 | pressure=4.945e-03, u=3.983e-03, v=3.524e-02 | Time: 3 days, 2:37:29.775599
2026-06-20 01:57:47 - pino - INFO - Epoch 3230 | data loss=4.088e-04 | bc loss=2.017e-04 | valid MSE=4.990e-04 | valid rel L2=1.766e-02 | pressure=4.211e-03, u=3.203e-03, v=3.163e-02 | Time: 3 days, 2:49:50.484347
2026-06-20 02:10:08 - pino - INFO - Epoch 3240 | data loss=4.120e-04 | bc loss=1.993e-04 | valid MSE=5.310e-04 | valid rel L2=1.816e-02 | pressure=4.851e-03, u=4.523e-03, v=3.222e-02 | Time: 3 days, 3:02:11.338585
2026-06-20 02:22:25 - pino - INFO - Epoch 3250 | data loss=4.251e-04 | bc loss=1.994e-04 | valid MSE=5.281e-04 | valid rel L2=1.790e-02 | pressure=4.581e-03, u=3.813e-03, v=3.266e-02 | Time: 3 days, 3:14:27.880194
2026-06-20 02:34:43 - pino - INFO - Epoch 3260 | data loss=3.474e-04 | bc loss=1.478e-04 | valid MSE=4.410e-04 | valid rel L2=1.570e-02 | pressure=3.579e-03, u=3.163e-03, v=2.935e-02 | Time: 3 days, 3:26:45.859439
2026-06-20 02:47:01 - pino - INFO - Epoch 3270 | data loss=4.520e-04 | bc loss=2.353e-04 | valid MSE=6.080e-04 | valid rel L2=2.002e-02 | pressure=7.374e-03, u=3.946e-03, v=3.542e-02 | Time: 3 days, 3:39:04.496439
2026-06-20 02:59:19 - pino - INFO - Epoch 3280 | data loss=4.029e-04 | bc loss=1.944e-04 | valid MSE=4.331e-04 | valid rel L2=1.643e-02 | pressure=4.502e-03, u=3.022e-03, v=2.921e-02 | Time: 3 days, 3:51:22.363477
2026-06-20 03:11:35 - pino - INFO - Epoch 3290 | data loss=3.633e-04 | bc loss=1.622e-04 | valid MSE=4.563e-04 | valid rel L2=1.643e-02 | pressure=3.964e-03, u=3.237e-03, v=3.095e-02 | Time: 3 days, 4:03:38.448872
2026-06-20 03:23:52 - pino - INFO - Epoch 3300 | data loss=3.924e-04 | bc loss=1.761e-04 | valid MSE=6.371e-04 | valid rel L2=1.808e-02 | pressure=4.810e-03, u=3.911e-03, v=3.207e-02 | Time: 3 days, 4:15:55.478177
2026-06-20 03:36:13 - pino - INFO - Epoch 3310 | data loss=3.636e-04 | bc loss=1.569e-04 | valid MSE=4.227e-04 | valid rel L2=1.547e-02 | pressure=3.386e-03, u=3.164e-03, v=2.925e-02 | Time: 3 days, 4:28:15.962941
2026-06-20 03:48:32 - pino - INFO - Epoch 3320 | data loss=3.920e-04 | bc loss=1.863e-04 | valid MSE=4.443e-04 | valid rel L2=1.586e-02 | pressure=4.171e-03, u=3.138e-03, v=3.033e-02 | Time: 3 days, 4:40:35.725604
2026-06-20 04:00:51 - pino - INFO - Epoch 3330 | data loss=3.828e-04 | bc loss=1.747e-04 | valid MSE=4.766e-04 | valid rel L2=1.705e-02 | pressure=4.220e-03, u=3.411e-03, v=3.139e-02 | Time: 3 days, 4:52:54.462461
2026-06-20 04:13:11 - pino - INFO - Epoch 3340 | data loss=4.044e-04 | bc loss=1.985e-04 | valid MSE=4.504e-04 | valid rel L2=1.586e-02 | pressure=3.614e-03, u=3.248e-03, v=2.927e-02 | Time: 3 days, 5:05:14.262818
2026-06-20 04:25:32 - pino - INFO - Epoch 3350 | data loss=3.894e-04 | bc loss=1.770e-04 | valid MSE=5.412e-04 | valid rel L2=1.738e-02 | pressure=4.194e-03, u=3.805e-03, v=3.144e-02 | Time: 3 days, 5:17:35.337156
2026-06-20 04:37:48 - pino - INFO - Epoch 3360 | data loss=3.713e-04 | bc loss=1.680e-04 | valid MSE=4.630e-04 | valid rel L2=1.708e-02 | pressure=3.926e-03, u=3.793e-03, v=3.066e-02 | Time: 3 days, 5:29:51.478227
2026-06-20 04:50:17 - pino - INFO - Epoch 3370 | data loss=4.382e-04 | bc loss=2.487e-04 | valid MSE=5.070e-04 | valid rel L2=1.763e-02 | pressure=4.335e-03, u=3.896e-03, v=3.110e-02 | Time: 3 days, 5:42:19.774556
2026-06-20 05:02:40 - pino - INFO - Epoch 3380 | data loss=3.523e-04 | bc loss=1.455e-04 | valid MSE=4.128e-04 | valid rel L2=1.548e-02 | pressure=3.717e-03, u=2.846e-03, v=2.811e-02 | Time: 3 days, 5:54:42.942454
2026-06-20 05:15:00 - pino - INFO - Epoch 3390 | data loss=3.747e-04 | bc loss=1.767e-04 | valid MSE=3.935e-04 | valid rel L2=1.500e-02 | pressure=3.330e-03, u=2.936e-03, v=2.771e-02 | Time: 3 days, 6:07:03.212718
2026-06-20 05:27:22 - pino - INFO - Epoch 3400 | data loss=3.586e-04 | bc loss=1.537e-04 | valid MSE=4.503e-04 | valid rel L2=1.633e-02 | pressure=3.926e-03, u=3.083e-03, v=2.958e-02 | Time: 3 days, 6:19:25.627071
2026-06-20 05:39:43 - pino - INFO - Epoch 3410 | data loss=3.936e-04 | bc loss=1.821e-04 | valid MSE=4.963e-04 | valid rel L2=1.809e-02 | pressure=6.435e-03, u=3.432e-03, v=3.096e-02 | Time: 3 days, 6:31:45.849791
2026-06-20 05:52:00 - pino - INFO - Epoch 3420 | data loss=3.654e-04 | bc loss=1.611e-04 | valid MSE=4.393e-04 | valid rel L2=1.654e-02 | pressure=3.827e-03, u=3.430e-03, v=3.108e-02 | Time: 3 days, 6:44:02.865447
2026-06-20 06:04:21 - pino - INFO - Epoch 3430 | data loss=3.588e-04 | bc loss=1.645e-04 | valid MSE=4.678e-04 | valid rel L2=1.691e-02 | pressure=4.459e-03, u=3.507e-03, v=3.117e-02 | Time: 3 days, 6:56:24.057945
2026-06-20 06:16:42 - pino - INFO - Epoch 3440 | data loss=3.599e-04 | bc loss=1.598e-04 | valid MSE=4.049e-04 | valid rel L2=1.525e-02 | pressure=3.323e-03, u=2.873e-03, v=2.821e-02 | Time: 3 days, 7:08:45.396085
2026-06-20 06:28:59 - pino - INFO - Epoch 3450 | data loss=4.087e-04 | bc loss=2.121e-04 | valid MSE=4.486e-04 | valid rel L2=1.630e-02 | pressure=3.696e-03, u=3.106e-03, v=2.985e-02 | Time: 3 days, 7:21:02.517224
2026-06-20 06:41:22 - pino - INFO - Epoch 3460 | data loss=3.395e-04 | bc loss=1.474e-04 | valid MSE=4.752e-04 | valid rel L2=1.724e-02 | pressure=4.151e-03, u=3.572e-03, v=3.280e-02 | Time: 3 days, 7:33:25.326739
2026-06-20 06:53:41 - pino - INFO - Epoch 3470 | data loss=3.605e-04 | bc loss=1.727e-04 | valid MSE=4.639e-04 | valid rel L2=1.644e-02 | pressure=4.004e-03, u=3.623e-03, v=2.965e-02 | Time: 3 days, 7:45:44.293288
2026-06-20 07:05:59 - pino - INFO - Epoch 3480 | data loss=3.893e-04 | bc loss=1.809e-04 | valid MSE=5.907e-04 | valid rel L2=1.910e-02 | pressure=4.105e-03, u=4.158e-03, v=3.368e-02 | Time: 3 days, 7:58:01.929021
2026-06-20 07:18:17 - pino - INFO - Epoch 3490 | data loss=3.841e-04 | bc loss=1.704e-04 | valid MSE=4.182e-04 | valid rel L2=1.628e-02 | pressure=3.979e-03, u=3.137e-03, v=2.976e-02 | Time: 3 days, 8:10:19.867980
2026-06-20 07:30:35 - pino - INFO - Epoch 3500 | data loss=3.366e-04 | bc loss=1.454e-04 | valid MSE=3.769e-04 | valid rel L2=1.456e-02 | pressure=3.283e-03, u=2.885e-03, v=2.695e-02 | Time: 3 days, 8:22:37.839294
2026-06-20 07:42:49 - pino - INFO - Epoch 3510 | data loss=4.149e-04 | bc loss=2.265e-04 | valid MSE=4.309e-04 | valid rel L2=1.635e-02 | pressure=4.188e-03, u=3.211e-03, v=2.974e-02 | Time: 3 days, 8:34:52.694061
2026-06-20 07:55:09 - pino - INFO - Epoch 3520 | data loss=4.468e-04 | bc loss=2.532e-04 | valid MSE=4.215e-04 | valid rel L2=1.587e-02 | pressure=3.504e-03, u=2.858e-03, v=2.917e-02 | Time: 3 days, 8:47:12.634477
2026-06-20 08:07:27 - pino - INFO - Epoch 3530 | data loss=4.407e-04 | bc loss=2.323e-04 | valid MSE=4.672e-04 | valid rel L2=1.607e-02 | pressure=4.511e-03, u=3.305e-03, v=2.930e-02 | Time: 3 days, 8:59:30.261897
2026-06-20 08:19:45 - pino - INFO - Epoch 3540 | data loss=4.050e-04 | bc loss=2.227e-04 | valid MSE=4.281e-04 | valid rel L2=1.614e-02 | pressure=3.658e-03, u=3.286e-03, v=3.006e-02 | Time: 3 days, 9:11:48.736297
2026-06-20 08:32:28 - pino - INFO - Epoch 3550 | data loss=3.798e-04 | bc loss=1.699e-04 | valid MSE=4.248e-04 | valid rel L2=1.560e-02 | pressure=4.944e-03, u=2.875e-03, v=2.797e-02 | Time: 3 days, 9:24:31.664489
2026-06-20 08:44:49 - pino - INFO - Epoch 3560 | data loss=3.865e-04 | bc loss=1.870e-04 | valid MSE=4.239e-04 | valid rel L2=1.586e-02 | pressure=3.986e-03, u=3.186e-03, v=2.916e-02 | Time: 3 days, 9:36:52.755411
2026-06-20 08:57:09 - pino - INFO - Epoch 3570 | data loss=4.864e-04 | bc loss=2.799e-04 | valid MSE=4.004e-04 | valid rel L2=1.498e-02 | pressure=3.218e-03, u=2.962e-03, v=2.734e-02 | Time: 3 days, 9:49:12.609586
2026-06-20 09:09:30 - pino - INFO - Epoch 3580 | data loss=4.596e-04 | bc loss=2.481e-04 | valid MSE=4.982e-04 | valid rel L2=1.709e-02 | pressure=4.214e-03, u=3.724e-03, v=3.006e-02 | Time: 3 days, 10:01:32.783747
2026-06-20 09:21:48 - pino - INFO - Epoch 3590 | data loss=3.830e-04 | bc loss=1.807e-04 | valid MSE=5.119e-04 | valid rel L2=1.708e-02 | pressure=3.676e-03, u=3.368e-03, v=3.188e-02 | Time: 3 days, 10:13:51.461820
2026-06-20 09:34:07 - pino - INFO - Epoch 3600 | data loss=3.509e-04 | bc loss=1.624e-04 | valid MSE=6.530e-04 | valid rel L2=1.879e-02 | pressure=4.298e-03, u=5.407e-03, v=3.363e-02 | Time: 3 days, 10:26:10.670372
2026-06-20 09:46:26 - pino - INFO - Epoch 3610 | data loss=3.232e-04 | bc loss=1.328e-04 | valid MSE=4.159e-04 | valid rel L2=1.537e-02 | pressure=3.232e-03, u=2.854e-03, v=2.873e-02 | Time: 3 days, 10:38:29.021853
2026-06-20 09:58:44 - pino - INFO - Epoch 3620 | data loss=3.504e-04 | bc loss=1.503e-04 | valid MSE=4.109e-04 | valid rel L2=1.563e-02 | pressure=3.790e-03, u=2.989e-03, v=2.824e-02 | Time: 3 days, 10:50:47.255374
2026-06-20 10:11:00 - pino - INFO - Epoch 3630 | data loss=3.596e-04 | bc loss=1.693e-04 | valid MSE=4.303e-04 | valid rel L2=1.572e-02 | pressure=4.246e-03, u=3.105e-03, v=2.871e-02 | Time: 3 days, 11:03:03.706967
2026-06-20 10:23:16 - pino - INFO - Epoch 3640 | data loss=3.361e-04 | bc loss=1.454e-04 | valid MSE=4.506e-04 | valid rel L2=1.624e-02 | pressure=4.757e-03, u=3.197e-03, v=2.901e-02 | Time: 3 days, 11:15:19.252342
2026-06-20 10:35:36 - pino - INFO - Epoch 3650 | data loss=3.489e-04 | bc loss=1.621e-04 | valid MSE=4.273e-04 | valid rel L2=1.578e-02 | pressure=3.667e-03, u=3.245e-03, v=2.887e-02 | Time: 3 days, 11:27:39.244207
2026-06-20 10:47:55 - pino - INFO - Epoch 3660 | data loss=3.497e-04 | bc loss=1.601e-04 | valid MSE=4.716e-04 | valid rel L2=1.674e-02 | pressure=4.059e-03, u=3.364e-03, v=3.052e-02 | Time: 3 days, 11:39:58.426245
2026-06-20 11:00:13 - pino - INFO - Epoch 3670 | data loss=3.453e-04 | bc loss=1.546e-04 | valid MSE=4.251e-04 | valid rel L2=1.631e-02 | pressure=4.233e-03, u=3.088e-03, v=2.930e-02 | Time: 3 days, 11:52:16.655019
2026-06-20 11:12:31 - pino - INFO - Epoch 3680 | data loss=4.166e-04 | bc loss=2.410e-04 | valid MSE=6.012e-04 | valid rel L2=1.984e-02 | pressure=5.384e-03, u=4.299e-03, v=3.720e-02 | Time: 3 days, 12:04:34.459557
2026-06-20 11:24:53 - pino - INFO - Epoch 3690 | data loss=4.819e-04 | bc loss=2.566e-04 | valid MSE=7.681e-04 | valid rel L2=2.256e-02 | pressure=6.252e-03, u=5.408e-03, v=3.832e-02 | Time: 3 days, 12:16:56.081944
2026-06-20 11:37:18 - pino - INFO - Epoch 3700 | data loss=4.307e-04 | bc loss=2.318e-04 | valid MSE=4.038e-04 | valid rel L2=1.508e-02 | pressure=3.462e-03, u=2.999e-03, v=2.827e-02 | Time: 3 days, 12:29:21.037370
2026-06-20 11:49:38 - pino - INFO - Epoch 3710 | data loss=3.472e-04 | bc loss=1.473e-04 | valid MSE=4.913e-04 | valid rel L2=1.714e-02 | pressure=5.008e-03, u=3.100e-03, v=3.207e-02 | Time: 3 days, 12:41:40.822677
2026-06-20 12:01:57 - pino - INFO - Epoch 3720 | data loss=3.698e-04 | bc loss=1.737e-04 | valid MSE=4.522e-04 | valid rel L2=1.696e-02 | pressure=6.510e-03, u=3.289e-03, v=2.971e-02 | Time: 3 days, 12:53:59.772560
2026-06-20 12:14:27 - pino - INFO - Epoch 3730 | data loss=3.419e-04 | bc loss=1.508e-04 | valid MSE=5.128e-04 | valid rel L2=1.792e-02 | pressure=5.388e-03, u=3.272e-03, v=3.278e-02 | Time: 3 days, 13:06:30.594744
2026-06-20 12:26:47 - pino - INFO - Epoch 3740 | data loss=3.769e-04 | bc loss=1.925e-04 | valid MSE=3.957e-04 | valid rel L2=1.530e-02 | pressure=3.853e-03, u=3.091e-03, v=2.789e-02 | Time: 3 days, 13:18:50.072234
2026-06-20 12:39:07 - pino - INFO - Epoch 3750 | data loss=3.289e-04 | bc loss=1.349e-04 | valid MSE=4.579e-04 | valid rel L2=1.606e-02 | pressure=4.171e-03, u=3.399e-03, v=2.989e-02 | Time: 3 days, 13:31:10.381338
2026-06-20 12:51:24 - pino - INFO - Epoch 3760 | data loss=3.612e-04 | bc loss=1.686e-04 | valid MSE=6.479e-04 | valid rel L2=2.058e-02 | pressure=5.503e-03, u=5.749e-03, v=3.350e-02 | Time: 3 days, 13:43:27.029853
2026-06-20 13:03:42 - pino - INFO - Epoch 3770 | data loss=3.439e-04 | bc loss=1.549e-04 | valid MSE=4.372e-04 | valid rel L2=1.591e-02 | pressure=3.883e-03, u=2.865e-03, v=2.891e-02 | Time: 3 days, 13:55:45.066576
2026-06-20 13:15:58 - pino - INFO - Epoch 3780 | data loss=3.905e-04 | bc loss=1.950e-04 | valid MSE=4.093e-04 | valid rel L2=1.555e-02 | pressure=3.864e-03, u=2.934e-03, v=2.839e-02 | Time: 3 days, 14:08:01.710384
2026-06-20 13:28:17 - pino - INFO - Epoch 3790 | data loss=3.188e-04 | bc loss=1.314e-04 | valid MSE=4.878e-04 | valid rel L2=1.683e-02 | pressure=3.607e-03, u=3.296e-03, v=2.995e-02 | Time: 3 days, 14:20:20.480983
2026-06-20 13:40:39 - pino - INFO - Epoch 3800 | data loss=3.503e-04 | bc loss=1.622e-04 | valid MSE=4.240e-04 | valid rel L2=1.612e-02 | pressure=4.050e-03, u=2.779e-03, v=2.931e-02 | Time: 3 days, 14:32:42.410793
2026-06-20 13:53:06 - pino - INFO - Epoch 3810 | data loss=3.454e-04 | bc loss=1.530e-04 | valid MSE=3.975e-04 | valid rel L2=1.491e-02 | pressure=3.662e-03, u=2.999e-03, v=2.868e-02 | Time: 3 days, 14:45:09.525351
2026-06-20 14:05:25 - pino - INFO - Epoch 3820 | data loss=3.311e-04 | bc loss=1.448e-04 | valid MSE=3.998e-04 | valid rel L2=1.515e-02 | pressure=3.489e-03, u=3.206e-03, v=2.699e-02 | Time: 3 days, 14:57:28.551387
2026-06-20 14:17:43 - pino - INFO - Epoch 3830 | data loss=3.562e-04 | bc loss=1.572e-04 | valid MSE=5.094e-04 | valid rel L2=1.773e-02 | pressure=5.244e-03, u=3.965e-03, v=3.102e-02 | Time: 3 days, 15:09:46.467403
2026-06-20 14:30:06 - pino - INFO - Epoch 3840 | data loss=3.957e-04 | bc loss=2.014e-04 | valid MSE=4.028e-04 | valid rel L2=1.542e-02 | pressure=3.620e-03, u=3.055e-03, v=2.811e-02 | Time: 3 days, 15:22:08.805765
2026-06-20 14:42:24 - pino - INFO - Epoch 3850 | data loss=3.745e-04 | bc loss=1.863e-04 | valid MSE=6.063e-04 | valid rel L2=2.050e-02 | pressure=6.557e-03, u=4.866e-03, v=3.536e-02 | Time: 3 days, 15:34:26.823419
2026-06-20 14:54:43 - pino - INFO - Epoch 3860 | data loss=3.405e-04 | bc loss=1.546e-04 | valid MSE=4.249e-04 | valid rel L2=1.538e-02 | pressure=3.519e-03, u=2.937e-03, v=2.869e-02 | Time: 3 days, 15:46:45.889037
2026-06-20 15:07:03 - pino - INFO - Epoch 3870 | data loss=5.415e-04 | bc loss=3.203e-04 | valid MSE=3.884e-04 | valid rel L2=1.434e-02 | pressure=3.208e-03, u=2.816e-03, v=2.691e-02 | Time: 3 days, 15:59:05.962127
2026-06-20 15:19:34 - pino - INFO - Epoch 3880 | data loss=3.463e-04 | bc loss=1.692e-04 | valid MSE=5.824e-04 | valid rel L2=1.975e-02 | pressure=4.770e-03, u=5.105e-03, v=3.407e-02 | Time: 3 days, 16:11:37.662876
2026-06-20 15:32:03 - pino - INFO - Epoch 3890 | data loss=3.654e-04 | bc loss=1.665e-04 | valid MSE=4.806e-04 | valid rel L2=1.770e-02 | pressure=3.639e-03, u=3.548e-03, v=3.226e-02 | Time: 3 days, 16:24:06.260980
2026-06-20 15:44:23 - pino - INFO - Epoch 3900 | data loss=3.996e-04 | bc loss=2.175e-04 | valid MSE=3.988e-04 | valid rel L2=1.506e-02 | pressure=3.558e-03, u=2.922e-03, v=2.779e-02 | Time: 3 days, 16:36:26.424848
2026-06-20 15:56:42 - pino - INFO - Epoch 3910 | data loss=3.014e-04 | bc loss=1.220e-04 | valid MSE=4.385e-04 | valid rel L2=1.611e-02 | pressure=3.899e-03, u=3.269e-03, v=2.956e-02 | Time: 3 days, 16:48:45.578723
2026-06-20 16:09:00 - pino - INFO - Epoch 3920 | data loss=3.125e-04 | bc loss=1.237e-04 | valid MSE=3.948e-04 | valid rel L2=1.548e-02 | pressure=3.708e-03, u=2.831e-03, v=2.796e-02 | Time: 3 days, 17:01:02.918535
2026-06-20 16:21:17 - pino - INFO - Epoch 3930 | data loss=3.988e-04 | bc loss=2.066e-04 | valid MSE=3.870e-04 | valid rel L2=1.512e-02 | pressure=4.637e-03, u=2.972e-03, v=2.901e-02 | Time: 3 days, 17:13:19.824403
2026-06-20 16:33:42 - pino - INFO - Epoch 3940 | data loss=3.974e-04 | bc loss=1.916e-04 | valid MSE=4.807e-04 | valid rel L2=1.766e-02 | pressure=5.181e-03, u=3.609e-03, v=3.190e-02 | Time: 3 days, 17:25:45.269484
2026-06-20 16:46:02 - pino - INFO - Epoch 3950 | data loss=4.182e-04 | bc loss=2.370e-04 | valid MSE=5.501e-04 | valid rel L2=1.918e-02 | pressure=4.841e-03, u=4.470e-03, v=3.398e-02 | Time: 3 days, 17:38:05.501821
2026-06-20 16:58:21 - pino - INFO - Epoch 3960 | data loss=3.037e-04 | bc loss=1.229e-04 | valid MSE=3.715e-04 | valid rel L2=1.416e-02 | pressure=3.172e-03, u=2.846e-03, v=2.682e-02 | Time: 3 days, 17:50:24.067019
2026-06-20 17:10:46 - pino - INFO - Epoch 3970 | data loss=3.679e-04 | bc loss=1.935e-04 | valid MSE=4.489e-04 | valid rel L2=1.692e-02 | pressure=5.049e-03, u=3.099e-03, v=3.069e-02 | Time: 3 days, 18:02:49.208548
2026-06-20 17:23:04 - pino - INFO - Epoch 3980 | data loss=4.626e-04 | bc loss=2.958e-04 | valid MSE=4.416e-04 | valid rel L2=1.581e-02 | pressure=3.415e-03, u=3.240e-03, v=2.880e-02 | Time: 3 days, 18:15:07.751939
2026-06-20 17:35:22 - pino - INFO - Epoch 3990 | data loss=3.233e-04 | bc loss=1.422e-04 | valid MSE=4.274e-04 | valid rel L2=1.651e-02 | pressure=5.495e-03, u=3.384e-03, v=2.964e-02 | Time: 3 days, 18:27:25.704455
2026-06-20 17:47:41 - pino - INFO - Epoch 4000 | data loss=3.104e-04 | bc loss=1.246e-04 | valid MSE=3.939e-04 | valid rel L2=1.517e-02 | pressure=3.625e-03, u=2.817e-03, v=2.809e-02 | Time: 3 days, 18:39:44.298134
2026-06-20 18:00:03 - pino - INFO - Epoch 4010 | data loss=3.180e-04 | bc loss=1.335e-04 | valid MSE=4.299e-04 | valid rel L2=1.570e-02 | pressure=4.895e-03, u=3.282e-03, v=2.807e-02 | Time: 3 days, 18:52:05.906736
2026-06-20 18:12:18 - pino - INFO - Epoch 4020 | data loss=3.293e-04 | bc loss=1.416e-04 | valid MSE=4.267e-04 | valid rel L2=1.581e-02 | pressure=4.412e-03, u=3.102e-03, v=2.873e-02 | Time: 3 days, 19:04:21.410202
2026-06-20 18:24:39 - pino - INFO - Epoch 4030 | data loss=3.194e-04 | bc loss=1.431e-04 | valid MSE=4.355e-04 | valid rel L2=1.669e-02 | pressure=3.921e-03, u=3.212e-03, v=3.043e-02 | Time: 3 days, 19:16:42.337113
2026-06-20 18:37:00 - pino - INFO - Epoch 4040 | data loss=3.146e-04 | bc loss=1.357e-04 | valid MSE=4.226e-04 | valid rel L2=1.638e-02 | pressure=4.419e-03, u=3.923e-03, v=2.835e-02 | Time: 3 days, 19:29:03.092473
2026-06-20 18:49:48 - pino - INFO - Epoch 4050 | data loss=3.190e-04 | bc loss=1.411e-04 | valid MSE=3.870e-04 | valid rel L2=1.470e-02 | pressure=3.461e-03, u=2.814e-03, v=2.727e-02 | Time: 3 days, 19:41:50.959252
2026-06-20 19:02:08 - pino - INFO - Epoch 4060 | data loss=4.881e-04 | bc loss=2.452e-04 | valid MSE=3.623e-04 | valid rel L2=1.454e-02 | pressure=3.242e-03, u=2.725e-03, v=2.792e-02 | Time: 3 days, 19:54:11.761987
2026-06-20 19:14:28 - pino - INFO - Epoch 4070 | data loss=3.627e-04 | bc loss=1.622e-04 | valid MSE=3.756e-04 | valid rel L2=1.440e-02 | pressure=3.316e-03, u=2.819e-03, v=2.722e-02 | Time: 3 days, 20:06:31.399097
2026-06-20 19:26:46 - pino - INFO - Epoch 4080 | data loss=3.725e-04 | bc loss=1.999e-04 | valid MSE=5.082e-04 | valid rel L2=1.750e-02 | pressure=3.998e-03, u=3.426e-03, v=3.317e-02 | Time: 3 days, 20:18:49.541511
2026-06-20 19:39:04 - pino - INFO - Epoch 4090 | data loss=3.245e-04 | bc loss=1.423e-04 | valid MSE=4.060e-04 | valid rel L2=1.584e-02 | pressure=4.372e-03, u=3.208e-03, v=2.860e-02 | Time: 3 days, 20:31:07.439877
2026-06-20 19:51:22 - pino - INFO - Epoch 4100 | data loss=3.148e-04 | bc loss=1.273e-04 | valid MSE=3.904e-04 | valid rel L2=1.510e-02 | pressure=3.849e-03, u=2.845e-03, v=2.774e-02 | Time: 3 days, 20:43:25.552198
2026-06-20 20:03:43 - pino - INFO - Epoch 4110 | data loss=3.208e-04 | bc loss=1.391e-04 | valid MSE=3.828e-04 | valid rel L2=1.484e-02 | pressure=3.597e-03, u=2.928e-03, v=2.744e-02 | Time: 3 days, 20:55:45.927051
2026-06-20 20:16:03 - pino - INFO - Epoch 4120 | data loss=4.341e-04 | bc loss=2.558e-04 | valid MSE=3.967e-04 | valid rel L2=1.517e-02 | pressure=3.499e-03, u=3.368e-03, v=2.752e-02 | Time: 3 days, 21:08:06.497812
2026-06-20 20:28:23 - pino - INFO - Epoch 4130 | data loss=3.314e-04 | bc loss=1.583e-04 | valid MSE=3.757e-04 | valid rel L2=1.456e-02 | pressure=3.584e-03, u=3.133e-03, v=2.712e-02 | Time: 3 days, 21:20:26.372422
2026-06-20 20:40:41 - pino - INFO - Epoch 4140 | data loss=3.138e-04 | bc loss=1.290e-04 | valid MSE=4.535e-04 | valid rel L2=1.595e-02 | pressure=4.318e-03, u=3.063e-03, v=2.968e-02 | Time: 3 days, 21:32:44.124216
2026-06-20 20:52:59 - pino - INFO - Epoch 4150 | data loss=3.130e-04 | bc loss=1.365e-04 | valid MSE=4.056e-04 | valid rel L2=1.566e-02 | pressure=4.192e-03, u=3.341e-03, v=2.850e-02 | Time: 3 days, 21:45:02.237007
2026-06-20 21:06:02 - pino - INFO - Epoch 4160 | data loss=3.312e-04 | bc loss=1.478e-04 | valid MSE=4.570e-04 | valid rel L2=1.781e-02 | pressure=4.609e-03, u=3.316e-03, v=3.141e-02 | Time: 3 days, 21:58:05.694531
2026-06-20 21:18:21 - pino - INFO - Epoch 4170 | data loss=3.651e-04 | bc loss=1.827e-04 | valid MSE=4.469e-04 | valid rel L2=1.685e-02 | pressure=4.023e-03, u=3.709e-03, v=3.001e-02 | Time: 3 days, 22:10:24.701769
2026-06-20 21:30:40 - pino - INFO - Epoch 4180 | data loss=3.295e-04 | bc loss=1.431e-04 | valid MSE=4.262e-04 | valid rel L2=1.542e-02 | pressure=3.743e-03, u=3.038e-03, v=2.848e-02 | Time: 3 days, 22:22:43.207922
2026-06-20 21:43:33 - pino - INFO - Epoch 4190 | data loss=3.083e-04 | bc loss=1.298e-04 | valid MSE=4.150e-04 | valid rel L2=1.620e-02 | pressure=4.111e-03, u=3.050e-03, v=2.965e-02 | Time: 3 days, 22:35:35.782690
2026-06-20 21:55:51 - pino - INFO - Epoch 4200 | data loss=3.396e-04 | bc loss=1.691e-04 | valid MSE=4.573e-04 | valid rel L2=1.769e-02 | pressure=4.375e-03, u=3.832e-03, v=3.135e-02 | Time: 3 days, 22:47:54.742206
2026-06-20 22:08:14 - pino - INFO - Epoch 4210 | data loss=3.348e-04 | bc loss=1.557e-04 | valid MSE=3.606e-04 | valid rel L2=1.413e-02 | pressure=3.744e-03, u=2.695e-03, v=2.686e-02 | Time: 3 days, 23:00:17.640447
2026-06-20 22:20:32 - pino - INFO - Epoch 4220 | data loss=3.458e-04 | bc loss=1.677e-04 | valid MSE=4.006e-04 | valid rel L2=1.544e-02 | pressure=3.417e-03, u=3.084e-03, v=2.916e-02 | Time: 3 days, 23:12:35.699519
2026-06-20 22:32:49 - pino - INFO - Epoch 4230 | data loss=3.357e-04 | bc loss=1.625e-04 | valid MSE=3.647e-04 | valid rel L2=1.410e-02 | pressure=3.476e-03, u=2.683e-03, v=2.690e-02 | Time: 3 days, 23:24:52.395086
2026-06-20 22:45:09 - pino - INFO - Epoch 4240 | data loss=3.239e-04 | bc loss=1.441e-04 | valid MSE=3.627e-04 | valid rel L2=1.454e-02 | pressure=4.454e-03, u=2.672e-03, v=2.635e-02 | Time: 3 days, 23:37:12.066220
2026-06-20 22:57:28 - pino - INFO - Epoch 4250 | data loss=3.092e-04 | bc loss=1.347e-04 | valid MSE=3.852e-04 | valid rel L2=1.496e-02 | pressure=3.864e-03, u=3.137e-03, v=2.668e-02 | Time: 3 days, 23:49:31.225455
2026-06-20 23:09:48 - pino - INFO - Epoch 4260 | data loss=3.707e-04 | bc loss=1.781e-04 | valid MSE=3.980e-04 | valid rel L2=1.497e-02 | pressure=3.589e-03, u=2.809e-03, v=2.787e-02 | Time: 4 days, 0:01:51.011554
2026-06-20 23:22:09 - pino - INFO - Epoch 4270 | data loss=3.392e-04 | bc loss=1.590e-04 | valid MSE=3.983e-04 | valid rel L2=1.528e-02 | pressure=4.069e-03, u=3.000e-03, v=2.873e-02 | Time: 4 days, 0:14:12.520812
2026-06-20 23:34:28 - pino - INFO - Epoch 4280 | data loss=2.895e-04 | bc loss=1.112e-04 | valid MSE=3.636e-04 | valid rel L2=1.407e-02 | pressure=3.333e-03, u=2.709e-03, v=2.714e-02 | Time: 4 days, 0:26:31.467500
2026-06-20 23:46:46 - pino - INFO - Epoch 4290 | data loss=3.094e-04 | bc loss=1.319e-04 | valid MSE=4.426e-04 | valid rel L2=1.634e-02 | pressure=5.228e-03, u=3.364e-03, v=2.981e-02 | Time: 4 days, 0:38:49.565659
2026-06-20 23:59:06 - pino - INFO - Epoch 4300 | data loss=3.096e-04 | bc loss=1.274e-04 | valid MSE=3.641e-04 | valid rel L2=1.401e-02 | pressure=3.502e-03, u=2.910e-03, v=2.587e-02 | Time: 4 days, 0:51:09.707944
2026-06-21 00:11:26 - pino - INFO - Epoch 4310 | data loss=2.916e-04 | bc loss=1.141e-04 | valid MSE=3.850e-04 | valid rel L2=1.462e-02 | pressure=3.497e-03, u=2.866e-03, v=2.666e-02 | Time: 4 days, 1:03:28.918635
2026-06-21 00:23:43 - pino - INFO - Epoch 4320 | data loss=3.218e-04 | bc loss=1.518e-04 | valid MSE=3.700e-04 | valid rel L2=1.474e-02 | pressure=3.567e-03, u=3.081e-03, v=2.694e-02 | Time: 4 days, 1:15:45.864730
2026-06-21 00:35:58 - pino - INFO - Epoch 4330 | data loss=3.540e-04 | bc loss=1.805e-04 | valid MSE=3.839e-04 | valid rel L2=1.511e-02 | pressure=4.466e-03, u=2.865e-03, v=2.689e-02 | Time: 4 days, 1:28:01.457370
2026-06-21 00:48:17 - pino - INFO - Epoch 4340 | data loss=3.364e-04 | bc loss=1.625e-04 | valid MSE=3.751e-04 | valid rel L2=1.447e-02 | pressure=4.112e-03, u=2.839e-03, v=2.656e-02 | Time: 4 days, 1:40:19.859956
2026-06-21 01:00:33 - pino - INFO - Epoch 4350 | data loss=3.629e-04 | bc loss=1.703e-04 | valid MSE=3.875e-04 | valid rel L2=1.515e-02 | pressure=4.250e-03, u=3.021e-03, v=2.748e-02 | Time: 4 days, 1:52:36.354996
2026-06-21 01:12:51 - pino - INFO - Epoch 4360 | data loss=2.877e-04 | bc loss=1.120e-04 | valid MSE=3.625e-04 | valid rel L2=1.436e-02 | pressure=3.513e-03, u=2.689e-03, v=2.689e-02 | Time: 4 days, 2:04:53.933202
2026-06-21 01:25:10 - pino - INFO - Epoch 4370 | data loss=3.210e-04 | bc loss=1.512e-04 | valid MSE=3.564e-04 | valid rel L2=1.388e-02 | pressure=3.556e-03, u=2.766e-03, v=2.610e-02 | Time: 4 days, 2:17:12.885368
2026-06-21 01:37:28 - pino - INFO - Epoch 4380 | data loss=3.862e-04 | bc loss=2.145e-04 | valid MSE=3.707e-04 | valid rel L2=1.412e-02 | pressure=3.280e-03, u=2.977e-03, v=2.700e-02 | Time: 4 days, 2:29:31.128934
2026-06-21 01:49:46 - pino - INFO - Epoch 4390 | data loss=2.870e-04 | bc loss=1.152e-04 | valid MSE=3.807e-04 | valid rel L2=1.505e-02 | pressure=3.991e-03, u=3.023e-03, v=2.754e-02 | Time: 4 days, 2:41:49.536639
2026-06-21 02:02:07 - pino - INFO - Epoch 4400 | data loss=2.829e-04 | bc loss=1.124e-04 | valid MSE=3.585e-04 | valid rel L2=1.459e-02 | pressure=3.061e-03, u=2.794e-03, v=2.674e-02 | Time: 4 days, 2:54:10.082742
2026-06-21 02:14:27 - pino - INFO - Epoch 4410 | data loss=2.980e-04 | bc loss=1.332e-04 | valid MSE=4.041e-04 | valid rel L2=1.487e-02 | pressure=4.209e-03, u=2.990e-03, v=2.765e-02 | Time: 4 days, 3:06:30.253694
2026-06-21 02:26:47 - pino - INFO - Epoch 4420 | data loss=2.976e-04 | bc loss=1.300e-04 | valid MSE=3.693e-04 | valid rel L2=1.481e-02 | pressure=3.653e-03, u=3.007e-03, v=2.743e-02 | Time: 4 days, 3:18:50.511789
2026-06-21 02:39:07 - pino - INFO - Epoch 4430 | data loss=2.866e-04 | bc loss=1.119e-04 | valid MSE=3.858e-04 | valid rel L2=1.458e-02 | pressure=5.561e-03, u=2.780e-03, v=2.615e-02 | Time: 4 days, 3:31:10.596335
2026-06-21 02:51:27 - pino - INFO - Epoch 4440 | data loss=3.599e-04 | bc loss=1.938e-04 | valid MSE=3.851e-04 | valid rel L2=1.519e-02 | pressure=4.086e-03, u=3.123e-03, v=2.748e-02 | Time: 4 days, 3:43:30.177738
2026-06-21 03:03:50 - pino - INFO - Epoch 4450 | data loss=3.020e-04 | bc loss=1.313e-04 | valid MSE=3.677e-04 | valid rel L2=1.483e-02 | pressure=3.694e-03, u=2.768e-03, v=2.824e-02 | Time: 4 days, 3:55:53.152409
2026-06-21 03:16:10 - pino - INFO - Epoch 4460 | data loss=3.632e-04 | bc loss=1.793e-04 | valid MSE=4.052e-04 | valid rel L2=1.574e-02 | pressure=4.555e-03, u=3.339e-03, v=2.772e-02 | Time: 4 days, 4:08:13.643399
2026-06-21 03:28:30 - pino - INFO - Epoch 4470 | data loss=3.035e-04 | bc loss=1.382e-04 | valid MSE=3.617e-04 | valid rel L2=1.463e-02 | pressure=3.338e-03, u=2.884e-03, v=2.678e-02 | Time: 4 days, 4:20:33.176115
2026-06-21 03:40:46 - pino - INFO - Epoch 4480 | data loss=3.823e-04 | bc loss=1.842e-04 | valid MSE=3.526e-04 | valid rel L2=1.395e-02 | pressure=3.229e-03, u=2.570e-03, v=2.702e-02 | Time: 4 days, 4:32:49.449423
2026-06-21 03:53:05 - pino - INFO - Epoch 4490 | data loss=2.959e-04 | bc loss=1.335e-04 | valid MSE=4.790e-04 | valid rel L2=1.719e-02 | pressure=4.502e-03, u=4.001e-03, v=3.038e-02 | Time: 4 days, 4:45:08.453560
2026-06-21 04:05:24 - pino - INFO - Epoch 4500 | data loss=3.535e-04 | bc loss=1.771e-04 | valid MSE=3.614e-04 | valid rel L2=1.447e-02 | pressure=3.511e-03, u=2.947e-03, v=2.681e-02 | Time: 4 days, 4:57:27.377645
2026-06-21 04:17:42 - pino - INFO - Epoch 4510 | data loss=2.838e-04 | bc loss=1.171e-04 | valid MSE=3.605e-04 | valid rel L2=1.441e-02 | pressure=3.460e-03, u=2.920e-03, v=2.640e-02 | Time: 4 days, 5:09:45.420164
2026-06-21 04:30:02 - pino - INFO - Epoch 4520 | data loss=2.835e-04 | bc loss=1.143e-04 | valid MSE=4.048e-04 | valid rel L2=1.565e-02 | pressure=3.489e-03, u=3.102e-03, v=2.858e-02 | Time: 4 days, 5:22:04.850310
2026-06-21 04:42:21 - pino - INFO - Epoch 4530 | data loss=2.988e-04 | bc loss=1.245e-04 | valid MSE=3.433e-04 | valid rel L2=1.367e-02 | pressure=3.269e-03, u=2.838e-03, v=2.600e-02 | Time: 4 days, 5:34:24.191613
2026-06-21 04:54:40 - pino - INFO - Epoch 4540 | data loss=3.803e-04 | bc loss=2.093e-04 | valid MSE=3.440e-04 | valid rel L2=1.366e-02 | pressure=2.913e-03, u=2.685e-03, v=2.629e-02 | Time: 4 days, 5:46:42.773895
2026-06-21 05:06:56 - pino - INFO - Epoch 4550 | data loss=2.915e-04 | bc loss=1.224e-04 | valid MSE=3.684e-04 | valid rel L2=1.449e-02 | pressure=4.288e-03, u=2.906e-03, v=2.667e-02 | Time: 4 days, 5:58:58.813403
2026-06-21 05:19:12 - pino - INFO - Epoch 4560 | data loss=2.742e-04 | bc loss=1.059e-04 | valid MSE=3.624e-04 | valid rel L2=1.412e-02 | pressure=3.366e-03, u=2.818e-03, v=2.724e-02 | Time: 4 days, 6:11:15.389433
2026-06-21 05:31:36 - pino - INFO - Epoch 4570 | data loss=3.340e-04 | bc loss=1.673e-04 | valid MSE=5.078e-04 | valid rel L2=1.827e-02 | pressure=4.434e-03, u=4.118e-03, v=3.320e-02 | Time: 4 days, 6:23:38.912444
2026-06-21 05:43:55 - pino - INFO - Epoch 4580 | data loss=2.949e-04 | bc loss=1.266e-04 | valid MSE=3.688e-04 | valid rel L2=1.493e-02 | pressure=3.743e-03, u=2.785e-03, v=2.727e-02 | Time: 4 days, 6:35:57.954230
2026-06-21 05:56:27 - pino - INFO - Epoch 4590 | data loss=3.072e-04 | bc loss=1.479e-04 | valid MSE=3.537e-04 | valid rel L2=1.412e-02 | pressure=4.026e-03, u=2.792e-03, v=2.592e-02 | Time: 4 days, 6:48:29.941772
2026-06-21 06:08:56 - pino - INFO - Epoch 4600 | data loss=2.889e-04 | bc loss=1.192e-04 | valid MSE=3.655e-04 | valid rel L2=1.479e-02 | pressure=3.661e-03, u=2.951e-03, v=2.758e-02 | Time: 4 days, 7:00:59.479830
2026-06-21 06:21:13 - pino - INFO - Epoch 4610 | data loss=2.943e-04 | bc loss=1.373e-04 | valid MSE=3.575e-04 | valid rel L2=1.404e-02 | pressure=3.622e-03, u=3.184e-03, v=2.605e-02 | Time: 4 days, 7:13:16.288163
2026-06-21 06:33:35 - pino - INFO - Epoch 4620 | data loss=3.066e-04 | bc loss=1.421e-04 | valid MSE=7.540e-04 | valid rel L2=2.148e-02 | pressure=4.227e-03, u=4.642e-03, v=3.782e-02 | Time: 4 days, 7:25:37.924484
2026-06-21 06:46:01 - pino - INFO - Epoch 4630 | data loss=2.887e-04 | bc loss=1.210e-04 | valid MSE=3.555e-04 | valid rel L2=1.390e-02 | pressure=3.295e-03, u=2.590e-03, v=2.675e-02 | Time: 4 days, 7:38:04.231723
2026-06-21 06:58:26 - pino - INFO - Epoch 4640 | data loss=3.306e-04 | bc loss=1.772e-04 | valid MSE=4.094e-04 | valid rel L2=1.584e-02 | pressure=3.439e-03, u=3.440e-03, v=3.071e-02 | Time: 4 days, 7:50:29.039983
2026-06-21 07:10:54 - pino - INFO - Epoch 4650 | data loss=2.779e-04 | bc loss=1.143e-04 | valid MSE=3.716e-04 | valid rel L2=1.478e-02 | pressure=4.135e-03, u=2.821e-03, v=2.710e-02 | Time: 4 days, 8:02:57.212132
2026-06-21 07:23:11 - pino - INFO - Epoch 4660 | data loss=2.946e-04 | bc loss=1.205e-04 | valid MSE=3.994e-04 | valid rel L2=1.532e-02 | pressure=3.962e-03, u=3.127e-03, v=2.894e-02 | Time: 4 days, 8:15:14.026933
2026-06-21 07:35:27 - pino - INFO - Epoch 4670 | data loss=2.880e-04 | bc loss=1.237e-04 | valid MSE=4.916e-04 | valid rel L2=1.707e-02 | pressure=4.602e-03, u=4.090e-03, v=3.056e-02 | Time: 4 days, 8:27:29.842690
2026-06-21 07:47:45 - pino - INFO - Epoch 4680 | data loss=2.906e-04 | bc loss=1.293e-04 | valid MSE=3.689e-04 | valid rel L2=1.461e-02 | pressure=3.324e-03, u=2.889e-03, v=2.736e-02 | Time: 4 days, 8:39:48.113242
2026-06-21 08:00:02 - pino - INFO - Epoch 4690 | data loss=2.780e-04 | bc loss=1.137e-04 | valid MSE=3.511e-04 | valid rel L2=1.385e-02 | pressure=3.267e-03, u=2.615e-03, v=2.734e-02 | Time: 4 days, 8:52:05.215261
2026-06-21 08:12:35 - pino - INFO - Epoch 4700 | data loss=2.961e-04 | bc loss=1.365e-04 | valid MSE=3.596e-04 | valid rel L2=1.449e-02 | pressure=3.235e-03, u=2.775e-03, v=2.665e-02 | Time: 4 days, 9:04:38.379905
2026-06-21 08:24:52 - pino - INFO - Epoch 4710 | data loss=2.980e-04 | bc loss=1.386e-04 | valid MSE=4.035e-04 | valid rel L2=1.593e-02 | pressure=3.429e-03, u=3.272e-03, v=2.844e-02 | Time: 4 days, 9:16:54.867984
2026-06-21 08:37:10 - pino - INFO - Epoch 4720 | data loss=2.956e-04 | bc loss=1.278e-04 | valid MSE=3.794e-04 | valid rel L2=1.511e-02 | pressure=3.218e-03, u=2.789e-03, v=2.725e-02 | Time: 4 days, 9:29:12.781348
2026-06-21 08:49:27 - pino - INFO - Epoch 4730 | data loss=2.912e-04 | bc loss=1.265e-04 | valid MSE=6.864e-04 | valid rel L2=1.805e-02 | pressure=3.764e-03, u=4.340e-03, v=3.418e-02 | Time: 4 days, 9:41:29.940786
2026-06-21 09:01:49 - pino - INFO - Epoch 4740 | data loss=2.996e-04 | bc loss=1.300e-04 | valid MSE=3.795e-04 | valid rel L2=1.552e-02 | pressure=3.338e-03, u=2.898e-03, v=2.815e-02 | Time: 4 days, 9:53:52.278081
2026-06-21 09:14:07 - pino - INFO - Epoch 4750 | data loss=2.724e-04 | bc loss=1.072e-04 | valid MSE=3.580e-04 | valid rel L2=1.443e-02 | pressure=3.379e-03, u=2.776e-03, v=2.659e-02 | Time: 4 days, 10:06:09.847846
2026-06-21 09:26:32 - pino - INFO - Epoch 4760 | data loss=2.957e-04 | bc loss=1.266e-04 | valid MSE=3.667e-04 | valid rel L2=1.482e-02 | pressure=2.980e-03, u=2.660e-03, v=2.757e-02 | Time: 4 days, 10:18:34.847791
2026-06-21 09:39:20 - pino - INFO - Epoch 4770 | data loss=2.859e-04 | bc loss=1.223e-04 | valid MSE=3.749e-04 | valid rel L2=1.461e-02 | pressure=3.873e-03, u=3.089e-03, v=2.640e-02 | Time: 4 days, 10:31:22.856785
2026-06-21 09:51:44 - pino - INFO - Epoch 4780 | data loss=2.942e-04 | bc loss=1.306e-04 | valid MSE=3.543e-04 | valid rel L2=1.372e-02 | pressure=3.578e-03, u=2.766e-03, v=2.638e-02 | Time: 4 days, 10:43:46.991384
2026-06-21 10:04:11 - pino - INFO - Epoch 4790 | data loss=2.656e-04 | bc loss=9.973e-05 | valid MSE=3.463e-04 | valid rel L2=1.412e-02 | pressure=3.090e-03, u=2.803e-03, v=2.614e-02 | Time: 4 days, 10:56:13.817154
2026-06-21 10:16:30 - pino - INFO - Epoch 4800 | data loss=2.792e-04 | bc loss=1.169e-04 | valid MSE=3.765e-04 | valid rel L2=1.507e-02 | pressure=3.381e-03, u=2.987e-03, v=2.748e-02 | Time: 4 days, 11:08:32.959661
2026-06-21 10:28:48 - pino - INFO - Epoch 4810 | data loss=3.211e-04 | bc loss=1.681e-04 | valid MSE=3.418e-04 | valid rel L2=1.336e-02 | pressure=2.998e-03, u=2.739e-03, v=2.601e-02 | Time: 4 days, 11:20:51.422694
2026-06-21 10:41:08 - pino - INFO - Epoch 4820 | data loss=3.058e-04 | bc loss=1.440e-04 | valid MSE=3.801e-04 | valid rel L2=1.497e-02 | pressure=3.313e-03, u=3.064e-03, v=2.819e-02 | Time: 4 days, 11:33:11.385441
2026-06-21 10:53:41 - pino - INFO - Epoch 4830 | data loss=2.880e-04 | bc loss=1.304e-04 | valid MSE=3.438e-04 | valid rel L2=1.399e-02 | pressure=3.493e-03, u=2.646e-03, v=2.593e-02 | Time: 4 days, 11:45:43.950717
2026-06-21 11:06:25 - pino - INFO - Epoch 4840 | data loss=2.922e-04 | bc loss=1.302e-04 | valid MSE=3.226e-04 | valid rel L2=1.316e-02 | pressure=2.959e-03, u=2.666e-03, v=2.555e-02 | Time: 4 days, 11:58:28.389236
2026-06-21 11:18:42 - pino - INFO - Epoch 4850 | data loss=3.022e-04 | bc loss=1.386e-04 | valid MSE=3.243e-04 | valid rel L2=1.320e-02 | pressure=2.898e-03, u=2.583e-03, v=2.562e-02 | Time: 4 days, 12:10:45.451919
2026-06-21 11:30:57 - pino - INFO - Epoch 4860 | data loss=2.996e-04 | bc loss=1.455e-04 | valid MSE=7.105e-04 | valid rel L2=2.114e-02 | pressure=5.085e-03, u=6.902e-03, v=3.449e-02 | Time: 4 days, 12:23:00.223670
2026-06-21 11:43:12 - pino - INFO - Epoch 4870 | data loss=2.830e-04 | bc loss=1.169e-04 | valid MSE=3.460e-04 | valid rel L2=1.360e-02 | pressure=2.966e-03, u=2.652e-03, v=2.570e-02 | Time: 4 days, 12:35:14.998687
2026-06-21 11:55:31 - pino - INFO - Epoch 4880 | data loss=2.975e-04 | bc loss=1.405e-04 | valid MSE=3.259e-04 | valid rel L2=1.329e-02 | pressure=2.861e-03, u=2.786e-03, v=2.591e-02 | Time: 4 days, 12:47:34.641607
2026-06-21 12:07:52 - pino - INFO - Epoch 4890 | data loss=2.733e-04 | bc loss=1.152e-04 | valid MSE=3.648e-04 | valid rel L2=1.427e-02 | pressure=3.346e-03, u=3.121e-03, v=2.675e-02 | Time: 4 days, 12:59:54.871642
2026-06-21 12:20:35 - pino - INFO - Epoch 4900 | data loss=2.675e-04 | bc loss=1.103e-04 | valid MSE=3.352e-04 | valid rel L2=1.357e-02 | pressure=2.981e-03, u=2.707e-03, v=2.590e-02 | Time: 4 days, 13:12:38.280298
2026-06-21 12:32:51 - pino - INFO - Epoch 4910 | data loss=3.219e-04 | bc loss=1.512e-04 | valid MSE=3.329e-04 | valid rel L2=1.354e-02 | pressure=3.262e-03, u=2.776e-03, v=2.574e-02 | Time: 4 days, 13:24:54.302579
2026-06-21 12:45:07 - pino - INFO - Epoch 4920 | data loss=2.727e-04 | bc loss=1.125e-04 | valid MSE=3.383e-04 | valid rel L2=1.379e-02 | pressure=3.934e-03, u=2.861e-03, v=2.595e-02 | Time: 4 days, 13:37:09.925594
2026-06-21 12:57:25 - pino - INFO - Epoch 4930 | data loss=2.753e-04 | bc loss=1.151e-04 | valid MSE=3.321e-04 | valid rel L2=1.369e-02 | pressure=3.101e-03, u=2.837e-03, v=2.606e-02 | Time: 4 days, 13:49:28.696775
2026-06-21 13:09:54 - pino - INFO - Epoch 4940 | data loss=2.716e-04 | bc loss=1.161e-04 | valid MSE=4.123e-04 | valid rel L2=1.635e-02 | pressure=4.572e-03, u=3.351e-03, v=2.916e-02 | Time: 4 days, 14:01:57.551894
2026-06-21 13:22:14 - pino - INFO - Epoch 4950 | data loss=2.660e-04 | bc loss=1.080e-04 | valid MSE=3.579e-04 | valid rel L2=1.443e-02 | pressure=4.385e-03, u=2.942e-03, v=2.650e-02 | Time: 4 days, 14:14:17.472364
2026-06-21 13:34:37 - pino - INFO - Epoch 4960 | data loss=2.874e-04 | bc loss=1.237e-04 | valid MSE=3.262e-04 | valid rel L2=1.350e-02 | pressure=2.956e-03, u=2.933e-03, v=2.531e-02 | Time: 4 days, 14:26:40.111269
2026-06-21 13:46:53 - pino - INFO - Epoch 4970 | data loss=2.857e-04 | bc loss=1.211e-04 | valid MSE=3.822e-04 | valid rel L2=1.525e-02 | pressure=4.376e-03, u=3.453e-03, v=2.823e-02 | Time: 4 days, 14:38:56.343459
2026-06-21 13:59:10 - pino - INFO - Epoch 4980 | data loss=3.139e-04 | bc loss=1.519e-04 | valid MSE=9.697e-04 | valid rel L2=2.259e-02 | pressure=5.375e-03, u=6.633e-03, v=4.119e-02 | Time: 4 days, 14:51:13.533543
2026-06-21 14:11:52 - pino - INFO - Epoch 4990 | data loss=2.902e-04 | bc loss=1.325e-04 | valid MSE=3.443e-04 | valid rel L2=1.439e-02 | pressure=3.004e-03, u=2.610e-03, v=2.690e-02 | Time: 4 days, 15:03:55.185184
2026-06-21 14:24:20 - pino - INFO - Epoch 5000 | data loss=2.807e-04 | bc loss=1.193e-04 | valid MSE=3.559e-04 | valid rel L2=1.474e-02 | pressure=3.286e-03, u=2.846e-03, v=2.746e-02 | Time: 4 days, 15:16:23.237817
2026-06-21 14:36:47 - pino - INFO - Epoch 5010 | data loss=2.685e-04 | bc loss=1.074e-04 | valid MSE=3.409e-04 | valid rel L2=1.385e-02 | pressure=3.073e-03, u=2.842e-03, v=2.657e-02 | Time: 4 days, 15:28:50.524462
2026-06-21 14:49:15 - pino - INFO - Epoch 5020 | data loss=2.869e-04 | bc loss=1.254e-04 | valid MSE=3.925e-04 | valid rel L2=1.490e-02 | pressure=3.605e-03, u=3.271e-03, v=2.746e-02 | Time: 4 days, 15:41:18.551198
2026-06-21 15:01:32 - pino - INFO - Epoch 5030 | data loss=2.707e-04 | bc loss=1.080e-04 | valid MSE=3.563e-04 | valid rel L2=1.415e-02 | pressure=4.237e-03, u=2.751e-03, v=2.689e-02 | Time: 4 days, 15:53:34.895075
2026-06-21 15:14:24 - pino - INFO - Epoch 5040 | data loss=3.648e-04 | bc loss=1.919e-04 | valid MSE=6.536e-04 | valid rel L2=2.042e-02 | pressure=5.218e-03, u=4.706e-03, v=3.905e-02 | Time: 4 days, 16:06:27.543240
2026-06-21 15:26:43 - pino - INFO - Epoch 5050 | data loss=2.706e-04 | bc loss=1.217e-04 | valid MSE=3.411e-04 | valid rel L2=1.350e-02 | pressure=3.066e-03, u=2.880e-03, v=2.525e-02 | Time: 4 days, 16:18:46.249008
2026-06-21 15:39:14 - pino - INFO - Epoch 5060 | data loss=2.622e-04 | bc loss=1.065e-04 | valid MSE=3.327e-04 | valid rel L2=1.418e-02 | pressure=4.378e-03, u=2.632e-03, v=2.591e-02 | Time: 4 days, 16:31:17.488881
2026-06-21 15:51:31 - pino - INFO - Epoch 5070 | data loss=2.606e-04 | bc loss=1.024e-04 | valid MSE=3.501e-04 | valid rel L2=1.410e-02 | pressure=4.257e-03, u=2.811e-03, v=2.715e-02 | Time: 4 days, 16:43:34.683484
2026-06-21 16:03:48 - pino - INFO - Epoch 5080 | data loss=2.746e-04 | bc loss=1.110e-04 | valid MSE=3.395e-04 | valid rel L2=1.402e-02 | pressure=3.696e-03, u=2.816e-03, v=2.589e-02 | Time: 4 days, 16:55:51.270817
2026-06-21 16:16:09 - pino - INFO - Epoch 5090 | data loss=2.665e-04 | bc loss=1.120e-04 | valid MSE=3.687e-04 | valid rel L2=1.433e-02 | pressure=3.457e-03, u=3.122e-03, v=2.650e-02 | Time: 4 days, 17:08:12.501113
2026-06-21 16:28:24 - pino - INFO - Epoch 5100 | data loss=2.809e-04 | bc loss=1.241e-04 | valid MSE=3.325e-04 | valid rel L2=1.364e-02 | pressure=3.035e-03, u=2.637e-03, v=2.595e-02 | Time: 4 days, 17:20:27.360253
2026-06-21 16:40:41 - pino - INFO - Epoch 5110 | data loss=2.641e-04 | bc loss=1.076e-04 | valid MSE=3.281e-04 | valid rel L2=1.355e-02 | pressure=3.163e-03, u=2.639e-03, v=2.674e-02 | Time: 4 days, 17:32:43.863243
2026-06-21 16:53:12 - pino - INFO - Epoch 5120 | data loss=2.714e-04 | bc loss=1.076e-04 | valid MSE=3.215e-04 | valid rel L2=1.341e-02 | pressure=3.076e-03, u=2.536e-03, v=2.537e-02 | Time: 4 days, 17:45:15.297008
2026-06-21 17:05:34 - pino - INFO - Epoch 5130 | data loss=2.541e-04 | bc loss=9.581e-05 | valid MSE=3.242e-04 | valid rel L2=1.337e-02 | pressure=3.010e-03, u=2.738e-03, v=2.510e-02 | Time: 4 days, 17:57:37.369356
2026-06-21 17:17:54 - pino - INFO - Epoch 5140 | data loss=2.626e-04 | bc loss=1.068e-04 | valid MSE=3.295e-04 | valid rel L2=1.324e-02 | pressure=3.623e-03, u=2.688e-03, v=2.563e-02 | Time: 4 days, 18:09:56.818499
2026-06-21 17:30:11 - pino - INFO - Epoch 5150 | data loss=2.541e-04 | bc loss=9.729e-05 | valid MSE=3.218e-04 | valid rel L2=1.351e-02 | pressure=4.021e-03, u=2.571e-03, v=2.493e-02 | Time: 4 days, 18:22:13.956009
2026-06-21 17:42:32 - pino - INFO - Epoch 5160 | data loss=2.641e-04 | bc loss=1.119e-04 | valid MSE=3.343e-04 | valid rel L2=1.381e-02 | pressure=3.264e-03, u=2.623e-03, v=2.616e-02 | Time: 4 days, 18:34:35.678636
2026-06-21 17:54:54 - pino - INFO - Epoch 5170 | data loss=2.658e-04 | bc loss=1.141e-04 | valid MSE=3.721e-04 | valid rel L2=1.454e-02 | pressure=3.784e-03, u=2.885e-03, v=2.858e-02 | Time: 4 days, 18:46:57.303759
2026-06-21 18:07:12 - pino - INFO - Epoch 5180 | data loss=2.535e-04 | bc loss=1.005e-04 | valid MSE=3.357e-04 | valid rel L2=1.373e-02 | pressure=3.947e-03, u=2.717e-03, v=2.657e-02 | Time: 4 days, 18:59:15.525182
2026-06-21 18:19:45 - pino - INFO - Epoch 5190 | data loss=2.866e-04 | bc loss=1.434e-04 | valid MSE=3.427e-04 | valid rel L2=1.397e-02 | pressure=3.112e-03, u=2.732e-03, v=2.624e-02 | Time: 4 days, 19:11:48.030269
2026-06-21 18:32:18 - pino - INFO - Epoch 5200 | data loss=2.557e-04 | bc loss=1.003e-04 | valid MSE=3.136e-04 | valid rel L2=1.301e-02 | pressure=2.925e-03, u=2.547e-03, v=2.480e-02 | Time: 4 days, 19:24:21.305710
2026-06-21 18:44:45 - pino - INFO - Epoch 5210 | data loss=2.726e-04 | bc loss=1.205e-04 | valid MSE=3.362e-04 | valid rel L2=1.442e-02 | pressure=3.269e-03, u=2.728e-03, v=2.661e-02 | Time: 4 days, 19:36:48.028808
2026-06-21 18:57:03 - pino - INFO - Epoch 5220 | data loss=3.252e-04 | bc loss=1.706e-04 | valid MSE=4.852e-04 | valid rel L2=1.759e-02 | pressure=4.573e-03, u=4.572e-03, v=3.203e-02 | Time: 4 days, 19:49:06.743853
2026-06-21 19:09:20 - pino - INFO - Epoch 5230 | data loss=2.822e-04 | bc loss=1.391e-04 | valid MSE=3.238e-04 | valid rel L2=1.369e-02 | pressure=3.323e-03, u=2.703e-03, v=2.613e-02 | Time: 4 days, 20:01:23.019375
2026-06-21 19:21:40 - pino - INFO - Epoch 5240 | data loss=2.936e-04 | bc loss=1.382e-04 | valid MSE=3.157e-04 | valid rel L2=1.326e-02 | pressure=3.484e-03, u=2.683e-03, v=2.458e-02 | Time: 4 days, 20:13:43.437368
2026-06-21 19:33:59 - pino - INFO - Epoch 5250 | data loss=2.455e-04 | bc loss=9.052e-05 | valid MSE=3.612e-04 | valid rel L2=1.476e-02 | pressure=3.136e-03, u=2.843e-03, v=2.818e-02 | Time: 4 days, 20:26:02.723169
2026-06-21 19:46:17 - pino - INFO - Epoch 5260 | data loss=2.623e-04 | bc loss=1.078e-04 | valid MSE=3.432e-04 | valid rel L2=1.387e-02 | pressure=3.274e-03, u=3.063e-03, v=2.567e-02 | Time: 4 days, 20:38:20.209958
2026-06-21 19:58:40 - pino - INFO - Epoch 5270 | data loss=2.547e-04 | bc loss=9.929e-05 | valid MSE=3.148e-04 | valid rel L2=1.357e-02 | pressure=2.848e-03, u=2.574e-03, v=2.595e-02 | Time: 4 days, 20:50:43.599607
2026-06-21 20:10:55 - pino - INFO - Epoch 5280 | data loss=2.481e-04 | bc loss=9.780e-05 | valid MSE=3.259e-04 | valid rel L2=1.359e-02 | pressure=3.023e-03, u=2.720e-03, v=2.547e-02 | Time: 4 days, 21:02:58.225166
2026-06-21 20:23:11 - pino - INFO - Epoch 5290 | data loss=2.706e-04 | bc loss=1.177e-04 | valid MSE=3.399e-04 | valid rel L2=1.410e-02 | pressure=3.024e-03, u=2.913e-03, v=2.648e-02 | Time: 4 days, 21:15:14.492872
2026-06-21 20:35:27 - pino - INFO - Epoch 5300 | data loss=2.730e-04 | bc loss=1.144e-04 | valid MSE=3.301e-04 | valid rel L2=1.346e-02 | pressure=3.411e-03, u=2.751e-03, v=2.524e-02 | Time: 4 days, 21:27:29.940163
2026-06-21 20:48:09 - pino - INFO - Epoch 5310 | data loss=2.645e-04 | bc loss=1.118e-04 | valid MSE=3.467e-04 | valid rel L2=1.405e-02 | pressure=3.207e-03, u=3.397e-03, v=2.624e-02 | Time: 4 days, 21:40:12.564468
2026-06-21 21:00:33 - pino - INFO - Epoch 5320 | data loss=2.486e-04 | bc loss=9.759e-05 | valid MSE=3.304e-04 | valid rel L2=1.387e-02 | pressure=3.122e-03, u=2.688e-03, v=2.658e-02 | Time: 4 days, 21:52:36.176041
2026-06-21 21:13:03 - pino - INFO - Epoch 5330 | data loss=2.602e-04 | bc loss=1.067e-04 | valid MSE=3.012e-04 | valid rel L2=1.266e-02 | pressure=2.671e-03, u=2.538e-03, v=2.456e-02 | Time: 4 days, 22:05:06.005716
2026-06-21 21:25:21 - pino - INFO - Epoch 5340 | data loss=2.408e-04 | bc loss=8.929e-05 | valid MSE=3.234e-04 | valid rel L2=1.332e-02 | pressure=3.049e-03, u=2.555e-03, v=2.561e-02 | Time: 4 days, 22:17:24.428121
2026-06-21 21:37:41 - pino - INFO - Epoch 5350 | data loss=2.539e-04 | bc loss=1.052e-04 | valid MSE=3.391e-04 | valid rel L2=1.376e-02 | pressure=3.237e-03, u=3.109e-03, v=2.574e-02 | Time: 4 days, 22:29:44.145885
2026-06-21 21:49:57 - pino - INFO - Epoch 5360 | data loss=2.668e-04 | bc loss=1.067e-04 | valid MSE=3.152e-04 | valid rel L2=1.323e-02 | pressure=2.986e-03, u=2.668e-03, v=2.564e-02 | Time: 4 days, 22:42:00.021912
2026-06-21 22:02:14 - pino - INFO - Epoch 5370 | data loss=2.505e-04 | bc loss=9.782e-05 | valid MSE=2.986e-04 | valid rel L2=1.248e-02 | pressure=2.865e-03, u=2.489e-03, v=2.419e-02 | Time: 4 days, 22:54:17.373069
2026-06-21 22:14:51 - pino - INFO - Epoch 5380 | data loss=2.780e-04 | bc loss=1.417e-04 | valid MSE=3.718e-04 | valid rel L2=1.503e-02 | pressure=3.096e-03, u=3.419e-03, v=2.770e-02 | Time: 4 days, 23:06:54.555050
2026-06-21 22:27:09 - pino - INFO - Epoch 5390 | data loss=2.579e-04 | bc loss=1.100e-04 | valid MSE=3.198e-04 | valid rel L2=1.369e-02 | pressure=2.943e-03, u=2.769e-03, v=2.555e-02 | Time: 4 days, 23:19:12.737822
2026-06-21 22:39:27 - pino - INFO - Epoch 5400 | data loss=2.627e-04 | bc loss=1.196e-04 | valid MSE=3.035e-04 | valid rel L2=1.246e-02 | pressure=2.811e-03, u=2.474e-03, v=2.443e-02 | Time: 4 days, 23:31:30.442321
2026-06-21 22:51:49 - pino - INFO - Epoch 5410 | data loss=2.630e-04 | bc loss=1.052e-04 | valid MSE=3.226e-04 | valid rel L2=1.312e-02 | pressure=3.170e-03, u=2.526e-03, v=2.520e-02 | Time: 4 days, 23:43:52.056144
2026-06-21 23:04:15 - pino - INFO - Epoch 5420 | data loss=2.624e-04 | bc loss=1.102e-04 | valid MSE=3.307e-04 | valid rel L2=1.378e-02 | pressure=3.171e-03, u=2.562e-03, v=2.637e-02 | Time: 4 days, 23:56:18.318022
2026-06-21 23:16:38 - pino - INFO - Epoch 5430 | data loss=2.596e-04 | bc loss=1.085e-04 | valid MSE=3.161e-04 | valid rel L2=1.327e-02 | pressure=3.060e-03, u=2.709e-03, v=2.572e-02 | Time: 5 days, 0:08:41.229567
2026-06-21 23:29:00 - pino - INFO - Epoch 5440 | data loss=2.487e-04 | bc loss=1.025e-04 | valid MSE=3.077e-04 | valid rel L2=1.322e-02 | pressure=3.318e-03, u=2.620e-03, v=2.528e-02 | Time: 5 days, 0:21:02.934180
2026-06-21 23:41:23 - pino - INFO - Epoch 5450 | data loss=2.574e-04 | bc loss=1.111e-04 | valid MSE=3.232e-04 | valid rel L2=1.373e-02 | pressure=3.708e-03, u=2.671e-03, v=2.639e-02 | Time: 5 days, 0:33:26.551215
2026-06-21 23:53:57 - pino - INFO - Epoch 5460 | data loss=2.492e-04 | bc loss=9.670e-05 | valid MSE=3.329e-04 | valid rel L2=1.326e-02 | pressure=3.175e-03, u=2.792e-03, v=2.473e-02 | Time: 5 days, 0:45:59.954312
2026-06-22 00:06:14 - pino - INFO - Epoch 5470 | data loss=2.447e-04 | bc loss=9.412e-05 | valid MSE=3.143e-04 | valid rel L2=1.296e-02 | pressure=2.998e-03, u=2.558e-03, v=2.492e-02 | Time: 5 days, 0:58:16.947665
2026-06-22 00:18:33 - pino - INFO - Epoch 5480 | data loss=2.467e-04 | bc loss=9.699e-05 | valid MSE=3.435e-04 | valid rel L2=1.370e-02 | pressure=3.305e-03, u=2.752e-03, v=2.597e-02 | Time: 5 days, 1:10:35.825789
2026-06-22 00:30:55 - pino - INFO - Epoch 5490 | data loss=2.610e-04 | bc loss=1.184e-04 | valid MSE=3.278e-04 | valid rel L2=1.321e-02 | pressure=3.084e-03, u=2.626e-03, v=2.510e-02 | Time: 5 days, 1:22:58.383768
2026-06-22 00:43:15 - pino - INFO - Epoch 5500 | data loss=2.502e-04 | bc loss=1.005e-04 | valid MSE=3.804e-04 | valid rel L2=1.528e-02 | pressure=3.864e-03, u=3.829e-03, v=2.791e-02 | Time: 5 days, 1:35:18.012055
2026-06-22 00:55:34 - pino - INFO - Epoch 5510 | data loss=2.481e-04 | bc loss=1.005e-04 | valid MSE=2.986e-04 | valid rel L2=1.260e-02 | pressure=3.065e-03, u=2.563e-03, v=2.483e-02 | Time: 5 days, 1:47:36.891430
2026-06-22 01:07:54 - pino - INFO - Epoch 5520 | data loss=2.614e-04 | bc loss=1.256e-04 | valid MSE=3.093e-04 | valid rel L2=1.290e-02 | pressure=2.730e-03, u=2.663e-03, v=2.458e-02 | Time: 5 days, 1:59:56.832175
2026-06-22 01:20:14 - pino - INFO - Epoch 5530 | data loss=2.387e-04 | bc loss=9.050e-05 | valid MSE=3.294e-04 | valid rel L2=1.332e-02 | pressure=2.931e-03, u=2.698e-03, v=2.630e-02 | Time: 5 days, 2:12:17.250861
2026-06-22 01:32:30 - pino - INFO - Epoch 5540 | data loss=2.425e-04 | bc loss=9.795e-05 | valid MSE=3.055e-04 | valid rel L2=1.349e-02 | pressure=2.971e-03, u=2.645e-03, v=2.567e-02 | Time: 5 days, 2:24:32.857666
2026-06-22 01:44:45 - pino - INFO - Epoch 5550 | data loss=2.529e-04 | bc loss=1.063e-04 | valid MSE=3.258e-04 | valid rel L2=1.307e-02 | pressure=3.076e-03, u=2.689e-03, v=2.531e-02 | Time: 5 days, 2:36:48.695222
2026-06-22 01:57:02 - pino - INFO - Epoch 5560 | data loss=2.618e-04 | bc loss=1.145e-04 | valid MSE=3.015e-04 | valid rel L2=1.267e-02 | pressure=2.800e-03, u=2.439e-03, v=2.429e-02 | Time: 5 days, 2:49:04.945414
2026-06-22 02:09:19 - pino - INFO - Epoch 5570 | data loss=2.397e-04 | bc loss=9.446e-05 | valid MSE=3.021e-04 | valid rel L2=1.309e-02 | pressure=3.184e-03, u=2.538e-03, v=2.471e-02 | Time: 5 days, 3:01:22.674333
2026-06-22 02:21:42 - pino - INFO - Epoch 5580 | data loss=2.451e-04 | bc loss=9.825e-05 | valid MSE=3.053e-04 | valid rel L2=1.315e-02 | pressure=2.790e-03, u=2.377e-03, v=2.535e-02 | Time: 5 days, 3:13:44.859196
2026-06-22 02:34:01 - pino - INFO - Epoch 5590 | data loss=2.353e-04 | bc loss=8.634e-05 | valid MSE=3.196e-04 | valid rel L2=1.381e-02 | pressure=4.391e-03, u=2.578e-03, v=2.552e-02 | Time: 5 days, 3:26:03.896234
2026-06-22 02:46:18 - pino - INFO - Epoch 5600 | data loss=2.363e-04 | bc loss=9.113e-05 | valid MSE=2.961e-04 | valid rel L2=1.265e-02 | pressure=2.741e-03, u=2.435e-03, v=2.513e-02 | Time: 5 days, 3:38:20.848351
2026-06-22 02:58:35 - pino - INFO - Epoch 5610 | data loss=2.512e-04 | bc loss=9.988e-05 | valid MSE=4.186e-04 | valid rel L2=1.552e-02 | pressure=4.435e-03, u=2.881e-03, v=3.080e-02 | Time: 5 days, 3:50:38.530040
2026-06-22 03:10:53 - pino - INFO - Epoch 5620 | data loss=2.417e-04 | bc loss=1.001e-04 | valid MSE=3.306e-04 | valid rel L2=1.375e-02 | pressure=2.949e-03, u=3.081e-03, v=2.580e-02 | Time: 5 days, 4:02:56.406282
2026-06-22 03:23:09 - pino - INFO - Epoch 5630 | data loss=2.415e-04 | bc loss=9.665e-05 | valid MSE=2.938e-04 | valid rel L2=1.286e-02 | pressure=3.115e-03, u=2.547e-03, v=2.463e-02 | Time: 5 days, 4:15:11.828580
2026-06-22 03:35:30 - pino - INFO - Epoch 5640 | data loss=2.562e-04 | bc loss=1.080e-04 | valid MSE=3.126e-04 | valid rel L2=1.337e-02 | pressure=2.983e-03, u=2.755e-03, v=2.579e-02 | Time: 5 days, 4:27:32.808096
2026-06-22 03:47:45 - pino - INFO - Epoch 5650 | data loss=2.603e-04 | bc loss=1.189e-04 | valid MSE=3.031e-04 | valid rel L2=1.300e-02 | pressure=3.104e-03, u=2.666e-03, v=2.491e-02 | Time: 5 days, 4:39:48.506347
2026-06-22 04:00:02 - pino - INFO - Epoch 5660 | data loss=2.413e-04 | bc loss=1.073e-04 | valid MSE=3.034e-04 | valid rel L2=1.275e-02 | pressure=2.805e-03, u=2.473e-03, v=2.512e-02 | Time: 5 days, 4:52:05.732621
2026-06-22 04:12:20 - pino - INFO - Epoch 5670 | data loss=2.342e-04 | bc loss=8.631e-05 | valid MSE=2.957e-04 | valid rel L2=1.239e-02 | pressure=2.771e-03, u=2.524e-03, v=2.393e-02 | Time: 5 days, 5:04:22.857050
2026-06-22 04:24:37 - pino - INFO - Epoch 5680 | data loss=2.376e-04 | bc loss=9.080e-05 | valid MSE=3.037e-04 | valid rel L2=1.304e-02 | pressure=3.122e-03, u=2.504e-03, v=2.544e-02 | Time: 5 days, 5:16:40.573825
2026-06-22 04:37:19 - pino - INFO - Epoch 5690 | data loss=2.322e-04 | bc loss=8.638e-05 | valid MSE=2.937e-04 | valid rel L2=1.277e-02 | pressure=2.732e-03, u=2.571e-03, v=2.523e-02 | Time: 5 days, 5:29:21.931125
2026-06-22 04:49:38 - pino - INFO - Epoch 5700 | data loss=2.379e-04 | bc loss=9.213e-05 | valid MSE=2.889e-04 | valid rel L2=1.250e-02 | pressure=2.817e-03, u=2.462e-03, v=2.426e-02 | Time: 5 days, 5:41:41.022277
2026-06-22 05:01:58 - pino - INFO - Epoch 5710 | data loss=2.290e-04 | bc loss=8.408e-05 | valid MSE=3.148e-04 | valid rel L2=1.300e-02 | pressure=2.939e-03, u=2.573e-03, v=2.517e-02 | Time: 5 days, 5:54:01.263585
2026-06-22 05:14:17 - pino - INFO - Epoch 5720 | data loss=2.298e-04 | bc loss=8.424e-05 | valid MSE=2.952e-04 | valid rel L2=1.257e-02 | pressure=2.818e-03, u=2.494e-03, v=2.527e-02 | Time: 5 days, 6:06:20.655220
2026-06-22 05:26:37 - pino - INFO - Epoch 5730 | data loss=2.424e-04 | bc loss=9.364e-05 | valid MSE=3.181e-04 | valid rel L2=1.353e-02 | pressure=3.416e-03, u=2.607e-03, v=2.569e-02 | Time: 5 days, 6:18:40.349199
2026-06-22 05:39:03 - pino - INFO - Epoch 5740 | data loss=2.361e-04 | bc loss=9.091e-05 | valid MSE=2.981e-04 | valid rel L2=1.258e-02 | pressure=2.841e-03, u=2.573e-03, v=2.478e-02 | Time: 5 days, 6:31:06.461143
2026-06-22 05:51:26 - pino - INFO - Epoch 5750 | data loss=2.350e-04 | bc loss=9.017e-05 | valid MSE=3.066e-04 | valid rel L2=1.287e-02 | pressure=3.082e-03, u=2.662e-03, v=2.470e-02 | Time: 5 days, 6:43:29.590315
2026-06-22 06:03:46 - pino - INFO - Epoch 5760 | data loss=3.108e-04 | bc loss=1.723e-04 | valid MSE=2.991e-04 | valid rel L2=1.272e-02 | pressure=2.719e-03, u=2.795e-03, v=2.434e-02 | Time: 5 days, 6:55:49.000606
2026-06-22 06:16:06 - pino - INFO - Epoch 5770 | data loss=2.392e-04 | bc loss=9.558e-05 | valid MSE=2.835e-04 | valid rel L2=1.226e-02 | pressure=2.760e-03, u=2.448e-03, v=2.386e-02 | Time: 5 days, 7:08:08.999283
2026-06-22 06:28:33 - pino - INFO - Epoch 5780 | data loss=2.451e-04 | bc loss=1.042e-04 | valid MSE=2.957e-04 | valid rel L2=1.251e-02 | pressure=2.731e-03, u=2.430e-03, v=2.401e-02 | Time: 5 days, 7:20:35.793447
2026-06-22 06:40:59 - pino - INFO - Epoch 5790 | data loss=2.332e-04 | bc loss=9.062e-05 | valid MSE=3.093e-04 | valid rel L2=1.337e-02 | pressure=3.153e-03, u=2.588e-03, v=2.534e-02 | Time: 5 days, 7:33:02.391588
2026-06-22 06:53:21 - pino - INFO - Epoch 5800 | data loss=2.310e-04 | bc loss=9.001e-05 | valid MSE=3.287e-04 | valid rel L2=1.366e-02 | pressure=2.948e-03, u=2.712e-03, v=2.644e-02 | Time: 5 days, 7:45:24.570600
2026-06-22 07:05:41 - pino - INFO - Epoch 5810 | data loss=2.329e-04 | bc loss=8.871e-05 | valid MSE=2.929e-04 | valid rel L2=1.257e-02 | pressure=2.681e-03, u=2.351e-03, v=2.446e-02 | Time: 5 days, 7:57:44.530068
2026-06-22 07:18:12 - pino - INFO - Epoch 5820 | data loss=2.318e-04 | bc loss=9.064e-05 | valid MSE=3.956e-04 | valid rel L2=1.503e-02 | pressure=2.915e-03, u=3.983e-03, v=2.738e-02 | Time: 5 days, 8:10:15.229569
2026-06-22 07:30:32 - pino - INFO - Epoch 5830 | data loss=2.397e-04 | bc loss=1.000e-04 | valid MSE=2.949e-04 | valid rel L2=1.296e-02 | pressure=2.935e-03, u=2.522e-03, v=2.503e-02 | Time: 5 days, 8:22:35.424720
2026-06-22 07:42:53 - pino - INFO - Epoch 5840 | data loss=2.364e-04 | bc loss=9.449e-05 | valid MSE=3.031e-04 | valid rel L2=1.307e-02 | pressure=2.847e-03, u=2.466e-03, v=2.515e-02 | Time: 5 days, 8:34:56.537991
2026-06-22 07:55:42 - pino - INFO - Epoch 5850 | data loss=2.329e-04 | bc loss=8.899e-05 | valid MSE=2.927e-04 | valid rel L2=1.287e-02 | pressure=2.837e-03, u=2.441e-03, v=2.530e-02 | Time: 5 days, 8:47:45.194040
2026-06-22 08:08:04 - pino - INFO - Epoch 5860 | data loss=2.304e-04 | bc loss=8.800e-05 | valid MSE=3.272e-04 | valid rel L2=1.359e-02 | pressure=4.176e-03, u=2.695e-03, v=2.568e-02 | Time: 5 days, 9:00:07.748622
2026-06-22 08:20:29 - pino - INFO - Epoch 5870 | data loss=2.484e-04 | bc loss=1.038e-04 | valid MSE=3.322e-04 | valid rel L2=1.350e-02 | pressure=3.396e-03, u=2.666e-03, v=2.702e-02 | Time: 5 days, 9:12:32.378625
2026-06-22 08:32:56 - pino - INFO - Epoch 5880 | data loss=2.321e-04 | bc loss=8.841e-05 | valid MSE=2.989e-04 | valid rel L2=1.282e-02 | pressure=2.782e-03, u=2.466e-03, v=2.502e-02 | Time: 5 days, 9:24:58.849798
2026-06-22 08:45:16 - pino - INFO - Epoch 5890 | data loss=2.264e-04 | bc loss=8.330e-05 | valid MSE=2.945e-04 | valid rel L2=1.257e-02 | pressure=3.034e-03, u=2.590e-03, v=2.470e-02 | Time: 5 days, 9:37:18.902268
2026-06-22 08:57:34 - pino - INFO - Epoch 5900 | data loss=2.404e-04 | bc loss=9.903e-05 | valid MSE=3.034e-04 | valid rel L2=1.285e-02 | pressure=2.991e-03, u=2.478e-03, v=2.533e-02 | Time: 5 days, 9:49:37.254043
2026-06-22 09:10:14 - pino - INFO - Epoch 5910 | data loss=2.235e-04 | bc loss=8.002e-05 | valid MSE=3.095e-04 | valid rel L2=1.342e-02 | pressure=3.548e-03, u=2.471e-03, v=2.605e-02 | Time: 5 days, 10:02:17.445260
2026-06-22 09:22:39 - pino - INFO - Epoch 5920 | data loss=2.337e-04 | bc loss=9.753e-05 | valid MSE=3.026e-04 | valid rel L2=1.325e-02 | pressure=3.330e-03, u=2.675e-03, v=2.484e-02 | Time: 5 days, 10:14:42.607964
2026-06-22 09:35:06 - pino - INFO - Epoch 5930 | data loss=2.226e-04 | bc loss=8.063e-05 | valid MSE=2.852e-04 | valid rel L2=1.236e-02 | pressure=3.034e-03, u=2.393e-03, v=2.393e-02 | Time: 5 days, 10:27:09.229576
2026-06-22 09:47:28 - pino - INFO - Epoch 5940 | data loss=2.489e-04 | bc loss=1.163e-04 | valid MSE=2.829e-04 | valid rel L2=1.226e-02 | pressure=2.581e-03, u=2.527e-03, v=2.416e-02 | Time: 5 days, 10:39:30.965810
2026-06-22 09:59:50 - pino - INFO - Epoch 5950 | data loss=2.336e-04 | bc loss=9.397e-05 | valid MSE=2.817e-04 | valid rel L2=1.246e-02 | pressure=2.936e-03, u=2.461e-03, v=2.435e-02 | Time: 5 days, 10:51:53.272971
2026-06-22 10:12:31 - pino - INFO - Epoch 5960 | data loss=2.272e-04 | bc loss=8.668e-05 | valid MSE=2.944e-04 | valid rel L2=1.283e-02 | pressure=3.231e-03, u=2.660e-03, v=2.448e-02 | Time: 5 days, 11:04:34.061021
2026-06-22 10:24:49 - pino - INFO - Epoch 5970 | data loss=2.265e-04 | bc loss=8.849e-05 | valid MSE=2.978e-04 | valid rel L2=1.292e-02 | pressure=2.777e-03, u=2.520e-03, v=2.551e-02 | Time: 5 days, 11:16:52.540971
2026-06-22 10:37:08 - pino - INFO - Epoch 5980 | data loss=2.392e-04 | bc loss=9.800e-05 | valid MSE=2.875e-04 | valid rel L2=1.244e-02 | pressure=2.813e-03, u=2.478e-03, v=2.406e-02 | Time: 5 days, 11:29:11.240279
2026-06-22 10:49:27 - pino - INFO - Epoch 5990 | data loss=2.204e-04 | bc loss=7.966e-05 | valid MSE=3.049e-04 | valid rel L2=1.309e-02 | pressure=3.133e-03, u=2.547e-03, v=2.503e-02 | Time: 5 days, 11:41:30.240448
2026-06-22 11:01:51 - pino - INFO - Epoch 6000 | data loss=2.507e-04 | bc loss=1.066e-04 | valid MSE=2.757e-04 | valid rel L2=1.214e-02 | pressure=2.778e-03, u=2.421e-03, v=2.352e-02 | Time: 5 days, 11:53:53.855385
2026-06-22 11:14:15 - pino - INFO - Epoch 6010 | data loss=2.315e-04 | bc loss=8.872e-05 | valid MSE=3.028e-04 | valid rel L2=1.275e-02 | pressure=2.940e-03, u=2.692e-03, v=2.470e-02 | Time: 5 days, 12:06:18.520647
2026-06-22 11:26:38 - pino - INFO - Epoch 6020 | data loss=2.285e-04 | bc loss=8.810e-05 | valid MSE=2.894e-04 | valid rel L2=1.270e-02 | pressure=2.910e-03, u=2.612e-03, v=2.458e-02 | Time: 5 days, 12:18:40.899312
2026-06-22 11:38:59 - pino - INFO - Epoch 6030 | data loss=2.306e-04 | bc loss=9.914e-05 | valid MSE=3.224e-04 | valid rel L2=1.318e-02 | pressure=2.930e-03, u=2.999e-03, v=2.518e-02 | Time: 5 days, 12:31:02.435489
2026-06-22 11:51:24 - pino - INFO - Epoch 6040 | data loss=2.179e-04 | bc loss=7.608e-05 | valid MSE=2.764e-04 | valid rel L2=1.204e-02 | pressure=2.787e-03, u=2.422e-03, v=2.346e-02 | Time: 5 days, 12:43:27.367480
2026-06-22 12:03:58 - pino - INFO - Epoch 6050 | data loss=2.285e-04 | bc loss=8.682e-05 | valid MSE=2.873e-04 | valid rel L2=1.262e-02 | pressure=2.993e-03, u=2.422e-03, v=2.449e-02 | Time: 5 days, 12:56:01.429345
2026-06-22 12:16:15 - pino - INFO - Epoch 6060 | data loss=2.453e-04 | bc loss=1.144e-04 | valid MSE=2.935e-04 | valid rel L2=1.265e-02 | pressure=2.879e-03, u=2.452e-03, v=2.433e-02 | Time: 5 days, 13:08:18.613373
2026-06-22 12:28:36 - pino - INFO - Epoch 6070 | data loss=2.268e-04 | bc loss=9.178e-05 | valid MSE=2.859e-04 | valid rel L2=1.239e-02 | pressure=2.798e-03, u=2.600e-03, v=2.421e-02 | Time: 5 days, 13:20:39.744550
2026-06-22 12:41:05 - pino - INFO - Epoch 6080 | data loss=2.207e-04 | bc loss=8.529e-05 | valid MSE=3.072e-04 | valid rel L2=1.303e-02 | pressure=2.702e-03, u=2.604e-03, v=2.519e-02 | Time: 5 days, 13:33:08.297511
2026-06-22 12:53:26 - pino - INFO - Epoch 6090 | data loss=2.451e-04 | bc loss=1.185e-04 | valid MSE=2.803e-04 | valid rel L2=1.225e-02 | pressure=2.939e-03, u=2.412e-03, v=2.396e-02 | Time: 5 days, 13:45:29.188811
2026-06-22 13:05:47 - pino - INFO - Epoch 6100 | data loss=2.223e-04 | bc loss=8.357e-05 | valid MSE=2.847e-04 | valid rel L2=1.263e-02 | pressure=2.788e-03, u=2.565e-03, v=2.433e-02 | Time: 5 days, 13:57:49.952786
2026-06-22 13:18:07 - pino - INFO - Epoch 6110 | data loss=2.388e-04 | bc loss=1.093e-04 | valid MSE=2.818e-04 | valid rel L2=1.232e-02 | pressure=2.791e-03, u=2.438e-03, v=2.395e-02 | Time: 5 days, 14:10:10.468827
2026-06-22 13:30:30 - pino - INFO - Epoch 6120 | data loss=2.295e-04 | bc loss=9.393e-05 | valid MSE=2.901e-04 | valid rel L2=1.237e-02 | pressure=3.019e-03, u=2.395e-03, v=2.455e-02 | Time: 5 days, 14:22:33.266774
2026-06-22 13:43:02 - pino - INFO - Epoch 6130 | data loss=2.290e-04 | bc loss=9.279e-05 | valid MSE=2.813e-04 | valid rel L2=1.246e-02 | pressure=2.735e-03, u=2.459e-03, v=2.467e-02 | Time: 5 days, 14:35:05.261515
2026-06-22 13:55:24 - pino - INFO - Epoch 6140 | data loss=2.279e-04 | bc loss=9.371e-05 | valid MSE=2.836e-04 | valid rel L2=1.262e-02 | pressure=2.783e-03, u=2.416e-03, v=2.458e-02 | Time: 5 days, 14:47:27.467496
2026-06-22 14:07:48 - pino - INFO - Epoch 6150 | data loss=2.265e-04 | bc loss=8.912e-05 | valid MSE=2.792e-04 | valid rel L2=1.232e-02 | pressure=3.009e-03, u=2.486e-03, v=2.383e-02 | Time: 5 days, 14:59:50.837012
2026-06-22 14:20:09 - pino - INFO - Epoch 6160 | data loss=2.351e-04 | bc loss=1.028e-04 | valid MSE=3.068e-04 | valid rel L2=1.299e-02 | pressure=3.092e-03, u=2.491e-03, v=2.497e-02 | Time: 5 days, 15:12:12.293267
2026-06-22 14:32:36 - pino - INFO - Epoch 6170 | data loss=2.313e-04 | bc loss=1.006e-04 | valid MSE=2.734e-04 | valid rel L2=1.200e-02 | pressure=2.959e-03, u=2.366e-03, v=2.330e-02 | Time: 5 days, 15:24:39.541872
2026-06-22 14:44:59 - pino - INFO - Epoch 6180 | data loss=2.466e-04 | bc loss=1.151e-04 | valid MSE=2.826e-04 | valid rel L2=1.202e-02 | pressure=2.796e-03, u=2.393e-03, v=2.362e-02 | Time: 5 days, 15:37:02.162734
2026-06-22 14:57:20 - pino - INFO - Epoch 6190 | data loss=2.175e-04 | bc loss=7.924e-05 | valid MSE=2.661e-04 | valid rel L2=1.182e-02 | pressure=2.740e-03, u=2.289e-03, v=2.315e-02 | Time: 5 days, 15:49:23.638831
2026-06-22 15:09:45 - pino - INFO - Epoch 6200 | data loss=2.366e-04 | bc loss=1.037e-04 | valid MSE=2.755e-04 | valid rel L2=1.208e-02 | pressure=2.771e-03, u=2.492e-03, v=2.342e-02 | Time: 5 days, 16:01:48.198229
2026-06-22 15:22:08 - pino - INFO - Epoch 6210 | data loss=2.262e-04 | bc loss=9.445e-05 | valid MSE=2.790e-04 | valid rel L2=1.220e-02 | pressure=2.725e-03, u=2.580e-03, v=2.419e-02 | Time: 5 days, 16:14:11.533757
2026-06-22 15:34:28 - pino - INFO - Epoch 6220 | data loss=2.327e-04 | bc loss=9.455e-05 | valid MSE=2.731e-04 | valid rel L2=1.206e-02 | pressure=2.691e-03, u=2.340e-03, v=2.358e-02 | Time: 5 days, 16:26:31.268369
2026-06-22 15:46:49 - pino - INFO - Epoch 6230 | data loss=2.226e-04 | bc loss=8.703e-05 | valid MSE=2.779e-04 | valid rel L2=1.219e-02 | pressure=3.118e-03, u=2.442e-03, v=2.429e-02 | Time: 5 days, 16:38:51.901315
2026-06-22 15:59:10 - pino - INFO - Epoch 6240 | data loss=2.232e-04 | bc loss=9.639e-05 | valid MSE=2.957e-04 | valid rel L2=1.302e-02 | pressure=2.689e-03, u=3.027e-03, v=2.467e-02 | Time: 5 days, 16:51:13.196604
2026-06-22 16:11:34 - pino - INFO - Epoch 6250 | data loss=2.209e-04 | bc loss=8.918e-05 | valid MSE=2.744e-04 | valid rel L2=1.208e-02 | pressure=2.897e-03, u=2.488e-03, v=2.344e-02 | Time: 5 days, 17:03:37.707288
2026-06-22 16:23:54 - pino - INFO - Epoch 6260 | data loss=2.129e-04 | bc loss=7.549e-05 | valid MSE=2.673e-04 | valid rel L2=1.182e-02 | pressure=2.538e-03, u=2.383e-03, v=2.333e-02 | Time: 5 days, 17:15:57.669815
2026-06-22 16:36:13 - pino - INFO - Epoch 6270 | data loss=2.146e-04 | bc loss=7.818e-05 | valid MSE=2.787e-04 | valid rel L2=1.197e-02 | pressure=2.693e-03, u=2.419e-03, v=2.314e-02 | Time: 5 days, 17:28:15.855315
2026-06-22 16:48:33 - pino - INFO - Epoch 6280 | data loss=2.133e-04 | bc loss=7.811e-05 | valid MSE=2.732e-04 | valid rel L2=1.212e-02 | pressure=2.891e-03, u=2.558e-03, v=2.368e-02 | Time: 5 days, 17:40:36.393806
2026-06-22 17:00:53 - pino - INFO - Epoch 6290 | data loss=2.287e-04 | bc loss=1.063e-04 | valid MSE=2.720e-04 | valid rel L2=1.192e-02 | pressure=2.628e-03, u=2.417e-03, v=2.320e-02 | Time: 5 days, 17:52:56.352609
2026-06-22 17:13:19 - pino - INFO - Epoch 6300 | data loss=2.346e-04 | bc loss=1.039e-04 | valid MSE=2.715e-04 | valid rel L2=1.179e-02 | pressure=2.638e-03, u=2.333e-03, v=2.308e-02 | Time: 5 days, 18:05:22.336376
2026-06-22 17:25:42 - pino - INFO - Epoch 6310 | data loss=2.123e-04 | bc loss=7.664e-05 | valid MSE=2.856e-04 | valid rel L2=1.266e-02 | pressure=2.823e-03, u=2.478e-03, v=2.578e-02 | Time: 5 days, 18:17:45.301232
2026-06-22 17:38:04 - pino - INFO - Epoch 6320 | data loss=2.160e-04 | bc loss=8.024e-05 | valid MSE=2.752e-04 | valid rel L2=1.185e-02 | pressure=2.648e-03, u=2.389e-03, v=2.371e-02 | Time: 5 days, 18:30:07.160837
2026-06-22 17:50:46 - pino - INFO - Epoch 6330 | data loss=2.137e-04 | bc loss=7.997e-05 | valid MSE=2.798e-04 | valid rel L2=1.223e-02 | pressure=2.755e-03, u=2.456e-03, v=2.426e-02 | Time: 5 days, 18:42:48.780503
2026-06-22 18:03:01 - pino - INFO - Epoch 6340 | data loss=2.148e-04 | bc loss=7.876e-05 | valid MSE=2.683e-04 | valid rel L2=1.209e-02 | pressure=2.741e-03, u=2.346e-03, v=2.381e-02 | Time: 5 days, 18:55:04.625308
2026-06-22 18:15:17 - pino - INFO - Epoch 6350 | data loss=2.112e-04 | bc loss=7.767e-05 | valid MSE=2.826e-04 | valid rel L2=1.261e-02 | pressure=3.746e-03, u=2.437e-03, v=2.384e-02 | Time: 5 days, 19:07:20.620924
2026-06-22 18:27:40 - pino - INFO - Epoch 6360 | data loss=2.157e-04 | bc loss=8.018e-05 | valid MSE=2.718e-04 | valid rel L2=1.185e-02 | pressure=2.769e-03, u=2.354e-03, v=2.370e-02 | Time: 5 days, 19:19:43.302816
2026-06-22 18:40:03 - pino - INFO - Epoch 6370 | data loss=2.100e-04 | bc loss=7.537e-05 | valid MSE=2.717e-04 | valid rel L2=1.203e-02 | pressure=2.902e-03, u=2.587e-03, v=2.353e-02 | Time: 5 days, 19:32:06.301688
2026-06-22 18:52:18 - pino - INFO - Epoch 6380 | data loss=2.321e-04 | bc loss=1.046e-04 | valid MSE=2.665e-04 | valid rel L2=1.166e-02 | pressure=2.636e-03, u=2.372e-03, v=2.300e-02 | Time: 5 days, 19:44:21.164940
2026-06-22 19:04:43 - pino - INFO - Epoch 6390 | data loss=2.134e-04 | bc loss=7.907e-05 | valid MSE=2.748e-04 | valid rel L2=1.204e-02 | pressure=3.059e-03, u=2.445e-03, v=2.362e-02 | Time: 5 days, 19:56:46.469991
2026-06-22 19:17:03 - pino - INFO - Epoch 6400 | data loss=2.167e-04 | bc loss=8.602e-05 | valid MSE=2.887e-04 | valid rel L2=1.236e-02 | pressure=3.594e-03, u=2.393e-03, v=2.404e-02 | Time: 5 days, 20:09:06.234871
2026-06-22 19:29:25 - pino - INFO - Epoch 6410 | data loss=2.143e-04 | bc loss=8.259e-05 | valid MSE=2.773e-04 | valid rel L2=1.214e-02 | pressure=2.723e-03, u=2.306e-03, v=2.411e-02 | Time: 5 days, 20:21:28.511465
2026-06-22 19:41:43 - pino - INFO - Epoch 6420 | data loss=2.160e-04 | bc loss=8.269e-05 | valid MSE=2.782e-04 | valid rel L2=1.235e-02 | pressure=2.732e-03, u=2.792e-03, v=2.404e-02 | Time: 5 days, 20:33:46.378244
2026-06-22 19:54:13 - pino - INFO - Epoch 6430 | data loss=2.225e-04 | bc loss=9.671e-05 | valid MSE=3.340e-04 | valid rel L2=1.421e-02 | pressure=3.027e-03, u=3.422e-03, v=2.596e-02 | Time: 5 days, 20:46:15.845898
2026-06-22 20:06:48 - pino - INFO - Epoch 6440 | data loss=2.166e-04 | bc loss=8.557e-05 | valid MSE=2.721e-04 | valid rel L2=1.214e-02 | pressure=2.803e-03, u=2.411e-03, v=2.370e-02 | Time: 5 days, 20:58:51.432489
2026-06-22 20:19:05 - pino - INFO - Epoch 6450 | data loss=2.256e-04 | bc loss=9.448e-05 | valid MSE=2.807e-04 | valid rel L2=1.237e-02 | pressure=2.778e-03, u=2.735e-03, v=2.389e-02 | Time: 5 days, 21:11:07.999826
2026-06-22 20:31:34 - pino - INFO - Epoch 6460 | data loss=2.119e-04 | bc loss=8.100e-05 | valid MSE=2.826e-04 | valid rel L2=1.259e-02 | pressure=2.822e-03, u=2.649e-03, v=2.457e-02 | Time: 5 days, 21:23:37.742864
2026-06-22 20:43:52 - pino - INFO - Epoch 6470 | data loss=2.101e-04 | bc loss=7.828e-05 | valid MSE=2.974e-04 | valid rel L2=1.284e-02 | pressure=2.927e-03, u=2.404e-03, v=2.577e-02 | Time: 5 days, 21:35:55.693453
2026-06-22 20:56:12 - pino - INFO - Epoch 6480 | data loss=2.156e-04 | bc loss=8.687e-05 | valid MSE=2.806e-04 | valid rel L2=1.235e-02 | pressure=2.681e-03, u=2.444e-03, v=2.356e-02 | Time: 5 days, 21:48:15.632316
2026-06-22 21:08:31 - pino - INFO - Epoch 6490 | data loss=2.091e-04 | bc loss=7.808e-05 | valid MSE=2.685e-04 | valid rel L2=1.216e-02 | pressure=3.120e-03, u=2.422e-03, v=2.320e-02 | Time: 5 days, 22:00:33.782991
2026-06-22 21:20:57 - pino - INFO - Epoch 6500 | data loss=2.040e-04 | bc loss=7.206e-05 | valid MSE=2.758e-04 | valid rel L2=1.217e-02 | pressure=2.812e-03, u=2.432e-03, v=2.430e-02 | Time: 5 days, 22:12:59.869376
2026-06-22 21:33:20 - pino - INFO - Epoch 6510 | data loss=2.154e-04 | bc loss=8.573e-05 | valid MSE=2.786e-04 | valid rel L2=1.211e-02 | pressure=2.597e-03, u=2.397e-03, v=2.352e-02 | Time: 5 days, 22:25:23.270497
2026-06-22 21:45:43 - pino - INFO - Epoch 6520 | data loss=2.076e-04 | bc loss=7.581e-05 | valid MSE=2.595e-04 | valid rel L2=1.160e-02 | pressure=2.510e-03, u=2.462e-03, v=2.294e-02 | Time: 5 days, 22:37:46.705692
2026-06-22 21:58:01 - pino - INFO - Epoch 6530 | data loss=2.050e-04 | bc loss=7.244e-05 | valid MSE=2.616e-04 | valid rel L2=1.173e-02 | pressure=2.825e-03, u=2.251e-03, v=2.303e-02 | Time: 5 days, 22:50:04.723931
2026-06-22 22:10:42 - pino - INFO - Epoch 6540 | data loss=2.064e-04 | bc loss=7.554e-05 | valid MSE=2.663e-04 | valid rel L2=1.199e-02 | pressure=3.432e-03, u=2.300e-03, v=2.312e-02 | Time: 5 days, 23:02:45.363401
2026-06-22 22:23:04 - pino - INFO - Epoch 6550 | data loss=2.144e-04 | bc loss=8.534e-05 | valid MSE=2.536e-04 | valid rel L2=1.140e-02 | pressure=2.524e-03, u=2.370e-03, v=2.245e-02 | Time: 5 days, 23:15:06.920965
2026-06-22 22:35:34 - pino - INFO - Epoch 6560 | data loss=2.031e-04 | bc loss=7.221e-05 | valid MSE=2.701e-04 | valid rel L2=1.194e-02 | pressure=2.531e-03, u=2.343e-03, v=2.346e-02 | Time: 5 days, 23:27:37.241209
2026-06-22 22:48:18 - pino - INFO - Epoch 6570 | data loss=2.031e-04 | bc loss=7.372e-05 | valid MSE=2.757e-04 | valid rel L2=1.229e-02 | pressure=2.651e-03, u=2.444e-03, v=2.412e-02 | Time: 5 days, 23:40:20.991543
2026-06-22 23:00:36 - pino - INFO - Epoch 6580 | data loss=2.075e-04 | bc loss=7.635e-05 | valid MSE=2.709e-04 | valid rel L2=1.251e-02 | pressure=2.940e-03, u=2.455e-03, v=2.485e-02 | Time: 5 days, 23:52:39.301605
2026-06-22 23:12:59 - pino - INFO - Epoch 6590 | data loss=2.041e-04 | bc loss=7.432e-05 | valid MSE=2.599e-04 | valid rel L2=1.184e-02 | pressure=2.691e-03, u=2.457e-03, v=2.348e-02 | Time: 6 days, 0:05:02.042032
2026-06-22 23:25:23 - pino - INFO - Epoch 6600 | data loss=2.068e-04 | bc loss=7.444e-05 | valid MSE=2.682e-04 | valid rel L2=1.172e-02 | pressure=2.552e-03, u=2.493e-03, v=2.331e-02 | Time: 6 days, 0:17:26.587552
2026-06-22 23:38:00 - pino - INFO - Epoch 6610 | data loss=2.053e-04 | bc loss=7.525e-05 | valid MSE=2.740e-04 | valid rel L2=1.229e-02 | pressure=2.851e-03, u=2.367e-03, v=2.416e-02 | Time: 6 days, 0:30:03.065575
2026-06-22 23:50:22 - pino - INFO - Epoch 6620 | data loss=2.105e-04 | bc loss=8.406e-05 | valid MSE=2.576e-04 | valid rel L2=1.175e-02 | pressure=2.741e-03, u=2.346e-03, v=2.330e-02 | Time: 6 days, 0:42:25.097509
2026-06-23 00:02:44 - pino - INFO - Epoch 6630 | data loss=2.061e-04 | bc loss=7.615e-05 | valid MSE=2.581e-04 | valid rel L2=1.188e-02 | pressure=2.528e-03, u=2.210e-03, v=2.411e-02 | Time: 6 days, 0:54:47.503410
2026-06-23 00:15:12 - pino - INFO - Epoch 6640 | data loss=2.070e-04 | bc loss=7.662e-05 | valid MSE=2.503e-04 | valid rel L2=1.143e-02 | pressure=2.763e-03, u=2.326e-03, v=2.264e-02 | Time: 6 days, 1:07:14.973148
2026-06-23 00:27:40 - pino - INFO - Epoch 6650 | data loss=2.066e-04 | bc loss=7.833e-05 | valid MSE=2.656e-04 | valid rel L2=1.191e-02 | pressure=2.817e-03, u=2.386e-03, v=2.335e-02 | Time: 6 days, 1:19:42.885829
2026-06-23 00:40:01 - pino - INFO - Epoch 6660 | data loss=2.040e-04 | bc loss=7.442e-05 | valid MSE=3.143e-04 | valid rel L2=1.348e-02 | pressure=2.894e-03, u=3.296e-03, v=2.635e-02 | Time: 6 days, 1:32:03.846936
2026-06-23 00:52:17 - pino - INFO - Epoch 6670 | data loss=2.101e-04 | bc loss=8.615e-05 | valid MSE=2.514e-04 | valid rel L2=1.137e-02 | pressure=2.900e-03, u=2.329e-03, v=2.227e-02 | Time: 6 days, 1:44:20.670223
2026-06-23 01:04:42 - pino - INFO - Epoch 6680 | data loss=2.274e-04 | bc loss=1.103e-04 | valid MSE=2.592e-04 | valid rel L2=1.171e-02 | pressure=2.593e-03, u=2.324e-03, v=2.269e-02 | Time: 6 days, 1:56:45.159679
2026-06-23 01:16:59 - pino - INFO - Epoch 6690 | data loss=1.970e-04 | bc loss=6.688e-05 | valid MSE=2.578e-04 | valid rel L2=1.170e-02 | pressure=2.585e-03, u=2.333e-03, v=2.331e-02 | Time: 6 days, 2:09:02.691748
2026-06-23 01:29:17 - pino - INFO - Epoch 6700 | data loss=2.058e-04 | bc loss=7.790e-05 | valid MSE=2.547e-04 | valid rel L2=1.158e-02 | pressure=2.763e-03, u=2.360e-03, v=2.279e-02 | Time: 6 days, 2:21:20.551568
2026-06-23 01:42:00 - pino - INFO - Epoch 6710 | data loss=2.050e-04 | bc loss=7.656e-05 | valid MSE=2.793e-04 | valid rel L2=1.190e-02 | pressure=2.611e-03, u=2.655e-03, v=2.329e-02 | Time: 6 days, 2:34:03.379680
2026-06-23 01:54:27 - pino - INFO - Epoch 6720 | data loss=1.982e-04 | bc loss=7.123e-05 | valid MSE=2.841e-04 | valid rel L2=1.269e-02 | pressure=2.659e-03, u=3.086e-03, v=2.391e-02 | Time: 6 days, 2:46:30.764895
2026-06-23 02:06:48 - pino - INFO - Epoch 6730 | data loss=2.155e-04 | bc loss=9.703e-05 | valid MSE=2.500e-04 | valid rel L2=1.130e-02 | pressure=2.418e-03, u=2.229e-03, v=2.240e-02 | Time: 6 days, 2:58:51.560471
2026-06-23 02:19:08 - pino - INFO - Epoch 6740 | data loss=2.025e-04 | bc loss=7.202e-05 | valid MSE=2.635e-04 | valid rel L2=1.166e-02 | pressure=2.610e-03, u=2.310e-03, v=2.297e-02 | Time: 6 days, 3:11:11.465441
2026-06-23 02:31:27 - pino - INFO - Epoch 6750 | data loss=1.978e-04 | bc loss=6.877e-05 | valid MSE=2.496e-04 | valid rel L2=1.147e-02 | pressure=2.614e-03, u=2.297e-03, v=2.269e-02 | Time: 6 days, 3:23:30.718354
2026-06-23 02:43:48 - pino - INFO - Epoch 6760 | data loss=2.049e-04 | bc loss=7.939e-05 | valid MSE=2.532e-04 | valid rel L2=1.153e-02 | pressure=2.620e-03, u=2.357e-03, v=2.258e-02 | Time: 6 days, 3:35:50.966558
2026-06-23 02:56:08 - pino - INFO - Epoch 6770 | data loss=1.984e-04 | bc loss=6.941e-05 | valid MSE=2.634e-04 | valid rel L2=1.204e-02 | pressure=3.219e-03, u=2.317e-03, v=2.357e-02 | Time: 6 days, 3:48:11.611821
2026-06-23 03:08:47 - pino - INFO - Epoch 6780 | data loss=2.084e-04 | bc loss=8.570e-05 | valid MSE=2.654e-04 | valid rel L2=1.181e-02 | pressure=2.629e-03, u=2.410e-03, v=2.358e-02 | Time: 6 days, 4:00:50.196541
2026-06-23 03:21:07 - pino - INFO - Epoch 6790 | data loss=1.987e-04 | bc loss=6.970e-05 | valid MSE=2.517e-04 | valid rel L2=1.127e-02 | pressure=2.577e-03, u=2.342e-03, v=2.220e-02 | Time: 6 days, 4:13:10.255968
2026-06-23 03:33:24 - pino - INFO - Epoch 6800 | data loss=1.989e-04 | bc loss=7.072e-05 | valid MSE=2.859e-04 | valid rel L2=1.237e-02 | pressure=2.715e-03, u=2.643e-03, v=2.402e-02 | Time: 6 days, 4:25:27.132334
2026-06-23 03:45:43 - pino - INFO - Epoch 6810 | data loss=2.205e-04 | bc loss=1.121e-04 | valid MSE=2.835e-04 | valid rel L2=1.238e-02 | pressure=2.769e-03, u=2.518e-03, v=2.403e-02 | Time: 6 days, 4:37:46.387577
2026-06-23 03:58:05 - pino - INFO - Epoch 6820 | data loss=2.008e-04 | bc loss=7.172e-05 | valid MSE=2.637e-04 | valid rel L2=1.174e-02 | pressure=2.774e-03, u=2.333e-03, v=2.286e-02 | Time: 6 days, 4:50:08.053303
2026-06-23 04:10:23 - pino - INFO - Epoch 6830 | data loss=1.985e-04 | bc loss=7.471e-05 | valid MSE=2.561e-04 | valid rel L2=1.154e-02 | pressure=2.537e-03, u=2.386e-03, v=2.344e-02 | Time: 6 days, 5:02:26.006515
2026-06-23 04:22:40 - pino - INFO - Epoch 6840 | data loss=1.936e-04 | bc loss=6.651e-05 | valid MSE=2.562e-04 | valid rel L2=1.142e-02 | pressure=2.625e-03, u=2.243e-03, v=2.288e-02 | Time: 6 days, 5:14:43.327949
2026-06-23 04:35:29 - pino - INFO - Epoch 6850 | data loss=1.978e-04 | bc loss=7.023e-05 | valid MSE=2.614e-04 | valid rel L2=1.170e-02 | pressure=2.946e-03, u=2.281e-03, v=2.323e-02 | Time: 6 days, 5:27:32.164249
2026-06-23 04:47:44 - pino - INFO - Epoch 6860 | data loss=1.988e-04 | bc loss=7.113e-05 | valid MSE=2.723e-04 | valid rel L2=1.192e-02 | pressure=2.876e-03, u=2.522e-03, v=2.300e-02 | Time: 6 days, 5:39:47.606168
2026-06-23 05:00:15 - pino - INFO - Epoch 6870 | data loss=1.983e-04 | bc loss=7.190e-05 | valid MSE=2.489e-04 | valid rel L2=1.132e-02 | pressure=2.508e-03, u=2.359e-03, v=2.211e-02 | Time: 6 days, 5:52:18.550195
2026-06-23 05:13:04 - pino - INFO - Epoch 6880 | data loss=1.964e-04 | bc loss=7.042e-05 | valid MSE=2.478e-04 | valid rel L2=1.143e-02 | pressure=2.656e-03, u=2.257e-03, v=2.232e-02 | Time: 6 days, 6:05:07.105525
2026-06-23 05:25:25 - pino - INFO - Epoch 6890 | data loss=1.953e-04 | bc loss=7.010e-05 | valid MSE=2.587e-04 | valid rel L2=1.165e-02 | pressure=2.571e-03, u=2.286e-03, v=2.291e-02 | Time: 6 days, 6:17:28.694333
2026-06-23 05:37:47 - pino - INFO - Epoch 6900 | data loss=1.939e-04 | bc loss=6.848e-05 | valid MSE=2.503e-04 | valid rel L2=1.127e-02 | pressure=2.543e-03, u=2.205e-03, v=2.214e-02 | Time: 6 days, 6:29:49.845631
2026-06-23 05:50:04 - pino - INFO - Epoch 6910 | data loss=1.971e-04 | bc loss=7.144e-05 | valid MSE=2.532e-04 | valid rel L2=1.163e-02 | pressure=2.716e-03, u=2.336e-03, v=2.281e-02 | Time: 6 days, 6:42:06.886425
2026-06-23 06:02:21 - pino - INFO - Epoch 6920 | data loss=1.953e-04 | bc loss=7.166e-05 | valid MSE=2.570e-04 | valid rel L2=1.181e-02 | pressure=2.532e-03, u=2.261e-03, v=2.331e-02 | Time: 6 days, 6:54:24.689560
2026-06-23 06:14:40 - pino - INFO - Epoch 6930 | data loss=1.931e-04 | bc loss=6.838e-05 | valid MSE=2.470e-04 | valid rel L2=1.111e-02 | pressure=2.575e-03, u=2.252e-03, v=2.204e-02 | Time: 6 days, 7:06:43.334195
2026-06-23 06:28:24 - pino - INFO - Epoch 6940 | data loss=1.922e-04 | bc loss=6.790e-05 | valid MSE=2.484e-04 | valid rel L2=1.111e-02 | pressure=2.519e-03, u=2.288e-03, v=2.218e-02 | Time: 6 days, 7:20:27.260617
2026-06-23 06:41:02 - pino - INFO - Epoch 6950 | data loss=1.959e-04 | bc loss=7.167e-05 | valid MSE=2.592e-04 | valid rel L2=1.151e-02 | pressure=2.523e-03, u=2.325e-03, v=2.296e-02 | Time: 6 days, 7:33:04.972635
2026-06-23 06:53:23 - pino - INFO - Epoch 6960 | data loss=1.977e-04 | bc loss=7.317e-05 | valid MSE=2.568e-04 | valid rel L2=1.161e-02 | pressure=2.869e-03, u=2.361e-03, v=2.265e-02 | Time: 6 days, 7:45:26.689358
2026-06-23 07:05:44 - pino - INFO - Epoch 6970 | data loss=1.952e-04 | bc loss=6.843e-05 | valid MSE=2.511e-04 | valid rel L2=1.140e-02 | pressure=2.756e-03, u=2.222e-03, v=2.223e-02 | Time: 6 days, 7:57:47.498283
2026-06-23 07:18:07 - pino - INFO - Epoch 6980 | data loss=1.902e-04 | bc loss=6.473e-05 | valid MSE=2.420e-04 | valid rel L2=1.107e-02 | pressure=2.431e-03, u=2.248e-03, v=2.197e-02 | Time: 6 days, 8:10:10.342282
2026-06-23 07:30:28 - pino - INFO - Epoch 6990 | data loss=1.949e-04 | bc loss=6.840e-05 | valid MSE=2.550e-04 | valid rel L2=1.150e-02 | pressure=2.554e-03, u=2.285e-03, v=2.236e-02 | Time: 6 days, 8:22:31.758637
2026-06-23 07:42:50 - pino - INFO - Epoch 7000 | data loss=1.965e-04 | bc loss=7.476e-05 | valid MSE=2.477e-04 | valid rel L2=1.120e-02 | pressure=2.588e-03, u=2.249e-03, v=2.257e-02 | Time: 6 days, 8:34:52.935097
2026-06-23 07:55:13 - pino - INFO - Epoch 7010 | data loss=1.931e-04 | bc loss=6.808e-05 | valid MSE=2.490e-04 | valid rel L2=1.111e-02 | pressure=2.484e-03, u=2.186e-03, v=2.233e-02 | Time: 6 days, 8:47:16.501538
2026-06-23 08:07:40 - pino - INFO - Epoch 7020 | data loss=1.924e-04 | bc loss=6.846e-05 | valid MSE=2.437e-04 | valid rel L2=1.111e-02 | pressure=2.542e-03, u=2.267e-03, v=2.203e-02 | Time: 6 days, 8:59:42.826706
2026-06-23 08:20:04 - pino - INFO - Epoch 7030 | data loss=1.922e-04 | bc loss=6.839e-05 | valid MSE=2.433e-04 | valid rel L2=1.102e-02 | pressure=2.505e-03, u=2.224e-03, v=2.197e-02 | Time: 6 days, 9:12:07.260817
2026-06-23 08:32:47 - pino - INFO - Epoch 7040 | data loss=1.918e-04 | bc loss=6.685e-05 | valid MSE=2.443e-04 | valid rel L2=1.117e-02 | pressure=2.522e-03, u=2.242e-03, v=2.205e-02 | Time: 6 days, 9:24:50.454337
2026-06-23 08:45:07 - pino - INFO - Epoch 7050 | data loss=1.954e-04 | bc loss=7.226e-05 | valid MSE=2.436e-04 | valid rel L2=1.113e-02 | pressure=2.825e-03, u=2.265e-03, v=2.204e-02 | Time: 6 days, 9:37:10.080030
2026-06-23 08:57:27 - pino - INFO - Epoch 7060 | data loss=1.927e-04 | bc loss=6.877e-05 | valid MSE=2.454e-04 | valid rel L2=1.115e-02 | pressure=2.509e-03, u=2.229e-03, v=2.235e-02 | Time: 6 days, 9:49:30.239729
2026-06-23 09:09:52 - pino - INFO - Epoch 7070 | data loss=1.897e-04 | bc loss=6.594e-05 | valid MSE=2.387e-04 | valid rel L2=1.110e-02 | pressure=2.672e-03, u=2.196e-03, v=2.177e-02 | Time: 6 days, 10:01:54.889663
2026-06-23 09:22:29 - pino - INFO - Epoch 7080 | data loss=1.886e-04 | bc loss=6.556e-05 | valid MSE=2.424e-04 | valid rel L2=1.119e-02 | pressure=2.435e-03, u=2.242e-03, v=2.200e-02 | Time: 6 days, 10:14:32.275430
2026-06-23 09:35:15 - pino - INFO - Epoch 7090 | data loss=1.875e-04 | bc loss=6.494e-05 | valid MSE=2.485e-04 | valid rel L2=1.131e-02 | pressure=2.404e-03, u=2.272e-03, v=2.231e-02 | Time: 6 days, 10:27:18.697715
2026-06-23 09:47:42 - pino - INFO - Epoch 7100 | data loss=1.876e-04 | bc loss=6.543e-05 | valid MSE=2.371e-04 | valid rel L2=1.097e-02 | pressure=2.410e-03, u=2.229e-03, v=2.165e-02 | Time: 6 days, 10:39:44.855940
2026-06-23 10:00:01 - pino - INFO - Epoch 7110 | data loss=1.922e-04 | bc loss=7.044e-05 | valid MSE=2.328e-04 | valid rel L2=1.067e-02 | pressure=2.410e-03, u=2.175e-03, v=2.115e-02 | Time: 6 days, 10:52:04.094099
2026-06-23 10:12:20 - pino - INFO - Epoch 7120 | data loss=1.898e-04 | bc loss=6.649e-05 | valid MSE=2.422e-04 | valid rel L2=1.090e-02 | pressure=2.445e-03, u=2.353e-03, v=2.180e-02 | Time: 6 days, 11:04:23.690148
2026-06-23 10:24:37 - pino - INFO - Epoch 7130 | data loss=1.875e-04 | bc loss=6.414e-05 | valid MSE=2.521e-04 | valid rel L2=1.131e-02 | pressure=2.517e-03, u=2.360e-03, v=2.279e-02 | Time: 6 days, 11:16:40.716239
2026-06-23 10:36:58 - pino - INFO - Epoch 7140 | data loss=1.906e-04 | bc loss=6.935e-05 | valid MSE=2.514e-04 | valid rel L2=1.175e-02 | pressure=2.676e-03, u=2.370e-03, v=2.303e-02 | Time: 6 days, 11:29:00.857297
2026-06-23 10:49:19 - pino - INFO - Epoch 7150 | data loss=1.872e-04 | bc loss=6.393e-05 | valid MSE=2.446e-04 | valid rel L2=1.112e-02 | pressure=2.509e-03, u=2.262e-03, v=2.216e-02 | Time: 6 days, 11:41:21.914588
2026-06-23 11:01:39 - pino - INFO - Epoch 7160 | data loss=1.887e-04 | bc loss=6.787e-05 | valid MSE=2.401e-04 | valid rel L2=1.121e-02 | pressure=2.838e-03, u=2.201e-03, v=2.209e-02 | Time: 6 days, 11:53:41.880213
2026-06-23 11:13:56 - pino - INFO - Epoch 7170 | data loss=1.927e-04 | bc loss=7.461e-05 | valid MSE=2.371e-04 | valid rel L2=1.074e-02 | pressure=2.480e-03, u=2.200e-03, v=2.144e-02 | Time: 6 days, 12:05:59.579241
2026-06-23 11:26:16 - pino - INFO - Epoch 7180 | data loss=1.926e-04 | bc loss=7.138e-05 | valid MSE=2.411e-04 | valid rel L2=1.095e-02 | pressure=2.572e-03, u=2.321e-03, v=2.166e-02 | Time: 6 days, 12:18:18.972679
2026-06-23 11:38:35 - pino - INFO - Epoch 7190 | data loss=1.871e-04 | bc loss=6.562e-05 | valid MSE=2.316e-04 | valid rel L2=1.071e-02 | pressure=2.618e-03, u=2.199e-03, v=2.144e-02 | Time: 6 days, 12:30:38.751077
2026-06-23 11:51:03 - pino - INFO - Epoch 7200 | data loss=1.876e-04 | bc loss=6.674e-05 | valid MSE=2.409e-04 | valid rel L2=1.117e-02 | pressure=2.561e-03, u=2.283e-03, v=2.236e-02 | Time: 6 days, 12:43:06.394544
2026-06-23 12:03:24 - pino - INFO - Epoch 7210 | data loss=1.958e-04 | bc loss=8.445e-05 | valid MSE=2.405e-04 | valid rel L2=1.090e-02 | pressure=2.459e-03, u=2.315e-03, v=2.176e-02 | Time: 6 days, 12:55:27.482055
2026-06-23 12:15:42 - pino - INFO - Epoch 7220 | data loss=1.854e-04 | bc loss=6.434e-05 | valid MSE=2.397e-04 | valid rel L2=1.106e-02 | pressure=2.533e-03, u=2.213e-03, v=2.240e-02 | Time: 6 days, 13:07:45.186514
2026-06-23 12:28:03 - pino - INFO - Epoch 7230 | data loss=1.865e-04 | bc loss=6.710e-05 | valid MSE=2.434e-04 | valid rel L2=1.102e-02 | pressure=2.659e-03, u=2.220e-03, v=2.208e-02 | Time: 6 days, 13:20:05.974241
2026-06-23 12:40:23 - pino - INFO - Epoch 7240 | data loss=1.878e-04 | bc loss=6.742e-05 | valid MSE=2.352e-04 | valid rel L2=1.094e-02 | pressure=2.546e-03, u=2.168e-03, v=2.165e-02 | Time: 6 days, 13:32:26.116822
2026-06-23 12:52:45 - pino - INFO - Epoch 7250 | data loss=1.899e-04 | bc loss=7.395e-05 | valid MSE=2.367e-04 | valid rel L2=1.089e-02 | pressure=2.482e-03, u=2.274e-03, v=2.156e-02 | Time: 6 days, 13:44:47.864504
2026-06-23 13:05:30 - pino - INFO - Epoch 7260 | data loss=1.921e-04 | bc loss=7.674e-05 | valid MSE=2.391e-04 | valid rel L2=1.096e-02 | pressure=2.412e-03, u=2.189e-03, v=2.188e-02 | Time: 6 days, 13:57:33.486043
2026-06-23 13:17:53 - pino - INFO - Epoch 7270 | data loss=1.869e-04 | bc loss=6.720e-05 | valid MSE=2.399e-04 | valid rel L2=1.114e-02 | pressure=2.606e-03, u=2.219e-03, v=2.208e-02 | Time: 6 days, 14:09:56.055214
2026-06-23 13:30:29 - pino - INFO - Epoch 7280 | data loss=1.877e-04 | bc loss=6.790e-05 | valid MSE=2.387e-04 | valid rel L2=1.096e-02 | pressure=2.476e-03, u=2.272e-03, v=2.185e-02 | Time: 6 days, 14:22:32.384514
2026-06-23 13:42:48 - pino - INFO - Epoch 7290 | data loss=1.856e-04 | bc loss=6.611e-05 | valid MSE=2.714e-04 | valid rel L2=1.210e-02 | pressure=2.698e-03, u=2.603e-03, v=2.354e-02 | Time: 6 days, 14:34:51.463979
2026-06-23 13:55:05 - pino - INFO - Epoch 7300 | data loss=1.851e-04 | bc loss=6.468e-05 | valid MSE=2.385e-04 | valid rel L2=1.104e-02 | pressure=2.533e-03, u=2.177e-03, v=2.185e-02 | Time: 6 days, 14:47:08.393132
2026-06-23 14:07:23 - pino - INFO - Epoch 7310 | data loss=1.836e-04 | bc loss=6.349e-05 | valid MSE=2.406e-04 | valid rel L2=1.097e-02 | pressure=2.386e-03, u=2.180e-03, v=2.187e-02 | Time: 6 days, 14:59:26.400150
2026-06-23 14:19:47 - pino - INFO - Epoch 7320 | data loss=1.851e-04 | bc loss=6.491e-05 | valid MSE=2.491e-04 | valid rel L2=1.159e-02 | pressure=2.376e-03, u=2.313e-03, v=2.281e-02 | Time: 6 days, 15:11:49.798326
2026-06-23 14:32:15 - pino - INFO - Epoch 7330 | data loss=1.840e-04 | bc loss=6.493e-05 | valid MSE=2.337e-04 | valid rel L2=1.074e-02 | pressure=2.415e-03, u=2.157e-03, v=2.146e-02 | Time: 6 days, 15:24:17.962287
2026-06-23 14:44:39 - pino - INFO - Epoch 7340 | data loss=1.826e-04 | bc loss=6.354e-05 | valid MSE=2.348e-04 | valid rel L2=1.076e-02 | pressure=2.435e-03, u=2.195e-03, v=2.150e-02 | Time: 6 days, 15:36:42.017621
2026-06-23 14:57:09 - pino - INFO - Epoch 7350 | data loss=1.831e-04 | bc loss=6.387e-05 | valid MSE=2.352e-04 | valid rel L2=1.090e-02 | pressure=2.427e-03, u=2.236e-03, v=2.151e-02 | Time: 6 days, 15:49:11.995336
2026-06-23 15:09:33 - pino - INFO - Epoch 7360 | data loss=1.807e-04 | bc loss=6.060e-05 | valid MSE=2.426e-04 | valid rel L2=1.122e-02 | pressure=2.469e-03, u=2.176e-03, v=2.236e-02 | Time: 6 days, 16:01:36.098028
2026-06-23 15:21:54 - pino - INFO - Epoch 7370 | data loss=1.836e-04 | bc loss=6.526e-05 | valid MSE=2.385e-04 | valid rel L2=1.097e-02 | pressure=2.469e-03, u=2.168e-03, v=2.194e-02 | Time: 6 days, 16:13:56.909267
2026-06-23 15:34:14 - pino - INFO - Epoch 7380 | data loss=1.804e-04 | bc loss=6.111e-05 | valid MSE=2.351e-04 | valid rel L2=1.086e-02 | pressure=2.358e-03, u=2.159e-03, v=2.170e-02 | Time: 6 days, 16:26:17.309750
2026-06-23 15:46:33 - pino - INFO - Epoch 7390 | data loss=1.858e-04 | bc loss=6.558e-05 | valid MSE=2.329e-04 | valid rel L2=1.068e-02 | pressure=2.355e-03, u=2.122e-03, v=2.150e-02 | Time: 6 days, 16:38:36.353178
2026-06-23 15:58:52 - pino - INFO - Epoch 7400 | data loss=1.824e-04 | bc loss=6.237e-05 | valid MSE=2.327e-04 | valid rel L2=1.076e-02 | pressure=2.429e-03, u=2.215e-03, v=2.144e-02 | Time: 6 days, 16:50:55.411919
2026-06-23 16:11:32 - pino - INFO - Epoch 7410 | data loss=1.813e-04 | bc loss=6.245e-05 | valid MSE=2.389e-04 | valid rel L2=1.086e-02 | pressure=2.373e-03, u=2.127e-03, v=2.169e-02 | Time: 6 days, 17:03:35.036513
2026-06-23 16:23:50 - pino - INFO - Epoch 7420 | data loss=1.808e-04 | bc loss=6.118e-05 | valid MSE=2.386e-04 | valid rel L2=1.097e-02 | pressure=2.515e-03, u=2.179e-03, v=2.172e-02 | Time: 6 days, 17:15:53.109635
2026-06-23 16:36:13 - pino - INFO - Epoch 7430 | data loss=1.819e-04 | bc loss=6.411e-05 | valid MSE=2.359e-04 | valid rel L2=1.086e-02 | pressure=2.488e-03, u=2.216e-03, v=2.207e-02 | Time: 6 days, 17:28:15.844533
2026-06-23 16:48:44 - pino - INFO - Epoch 7440 | data loss=1.847e-04 | bc loss=6.566e-05 | valid MSE=2.352e-04 | valid rel L2=1.088e-02 | pressure=2.367e-03, u=2.185e-03, v=2.170e-02 | Time: 6 days, 17:40:47.243138
2026-06-23 17:01:20 - pino - INFO - Epoch 7450 | data loss=1.820e-04 | bc loss=6.401e-05 | valid MSE=2.282e-04 | valid rel L2=1.059e-02 | pressure=2.333e-03, u=2.135e-03, v=2.136e-02 | Time: 6 days, 17:53:23.692324
2026-06-23 17:13:37 - pino - INFO - Epoch 7460 | data loss=1.806e-04 | bc loss=6.347e-05 | valid MSE=2.278e-04 | valid rel L2=1.066e-02 | pressure=2.467e-03, u=2.197e-03, v=2.119e-02 | Time: 6 days, 18:05:39.842061
2026-06-23 17:25:53 - pino - INFO - Epoch 7470 | data loss=1.821e-04 | bc loss=6.304e-05 | valid MSE=2.370e-04 | valid rel L2=1.093e-02 | pressure=2.416e-03, u=2.261e-03, v=2.166e-02 | Time: 6 days, 18:17:56.542964
2026-06-23 17:38:12 - pino - INFO - Epoch 7480 | data loss=1.786e-04 | bc loss=6.035e-05 | valid MSE=2.286e-04 | valid rel L2=1.064e-02 | pressure=2.484e-03, u=2.112e-03, v=2.114e-02 | Time: 6 days, 18:30:15.527387
2026-06-23 17:50:39 - pino - INFO - Epoch 7490 | data loss=1.805e-04 | bc loss=6.165e-05 | valid MSE=2.331e-04 | valid rel L2=1.066e-02 | pressure=2.437e-03, u=2.147e-03, v=2.113e-02 | Time: 6 days, 18:42:42.578995
2026-06-23 18:03:06 - pino - INFO - Epoch 7500 | data loss=1.794e-04 | bc loss=6.333e-05 | valid MSE=2.303e-04 | valid rel L2=1.071e-02 | pressure=2.433e-03, u=2.121e-03, v=2.129e-02 | Time: 6 days, 18:55:09.132480
2026-06-23 18:15:23 - pino - INFO - Epoch 7510 | data loss=1.808e-04 | bc loss=6.205e-05 | valid MSE=2.352e-04 | valid rel L2=1.073e-02 | pressure=2.413e-03, u=2.136e-03, v=2.135e-02 | Time: 6 days, 19:07:26.121902
2026-06-23 18:27:40 - pino - INFO - Epoch 7520 | data loss=1.791e-04 | bc loss=6.165e-05 | valid MSE=2.342e-04 | valid rel L2=1.069e-02 | pressure=2.331e-03, u=2.254e-03, v=2.156e-02 | Time: 6 days, 19:19:42.985871
2026-06-23 18:40:18 - pino - INFO - Epoch 7530 | data loss=1.784e-04 | bc loss=6.064e-05 | valid MSE=2.326e-04 | valid rel L2=1.097e-02 | pressure=2.431e-03, u=2.349e-03, v=2.119e-02 | Time: 6 days, 19:32:21.748026
2026-06-23 18:52:38 - pino - INFO - Epoch 7540 | data loss=1.780e-04 | bc loss=6.075e-05 | valid MSE=2.322e-04 | valid rel L2=1.067e-02 | pressure=2.342e-03, u=2.171e-03, v=2.131e-02 | Time: 6 days, 19:44:41.236551
2026-06-23 19:05:19 - pino - INFO - Epoch 7550 | data loss=1.779e-04 | bc loss=5.971e-05 | valid MSE=2.266e-04 | valid rel L2=1.052e-02 | pressure=2.440e-03, u=2.143e-03, v=2.089e-02 | Time: 6 days, 19:57:21.769214
2026-06-23 19:17:41 - pino - INFO - Epoch 7560 | data loss=1.783e-04 | bc loss=6.120e-05 | valid MSE=2.331e-04 | valid rel L2=1.078e-02 | pressure=2.416e-03, u=2.145e-03, v=2.143e-02 | Time: 6 days, 20:09:44.200967
2026-06-23 19:29:58 - pino - INFO - Epoch 7570 | data loss=1.783e-04 | bc loss=6.104e-05 | valid MSE=2.317e-04 | valid rel L2=1.075e-02 | pressure=2.392e-03, u=2.209e-03, v=2.136e-02 | Time: 6 days, 20:22:01.451981
2026-06-23 19:42:29 - pino - INFO - Epoch 7580 | data loss=1.778e-04 | bc loss=6.099e-05 | valid MSE=2.252e-04 | valid rel L2=1.043e-02 | pressure=2.405e-03, u=2.181e-03, v=2.100e-02 | Time: 6 days, 20:34:32.739823
2026-06-23 19:54:48 - pino - INFO - Epoch 7590 | data loss=1.781e-04 | bc loss=6.008e-05 | valid MSE=2.333e-04 | valid rel L2=1.095e-02 | pressure=2.480e-03, u=2.177e-03, v=2.199e-02 | Time: 6 days, 20:46:51.656796
2026-06-23 20:07:13 - pino - INFO - Epoch 7600 | data loss=1.781e-04 | bc loss=6.097e-05 | valid MSE=2.351e-04 | valid rel L2=1.076e-02 | pressure=2.415e-03, u=2.105e-03, v=2.144e-02 | Time: 6 days, 20:59:16.281414
2026-06-23 20:19:36 - pino - INFO - Epoch 7610 | data loss=1.778e-04 | bc loss=6.231e-05 | valid MSE=2.301e-04 | valid rel L2=1.063e-02 | pressure=2.416e-03, u=2.140e-03, v=2.149e-02 | Time: 6 days, 21:11:38.980110
2026-06-23 20:32:01 - pino - INFO - Epoch 7620 | data loss=1.779e-04 | bc loss=6.008e-05 | valid MSE=2.296e-04 | valid rel L2=1.088e-02 | pressure=2.387e-03, u=2.146e-03, v=2.163e-02 | Time: 6 days, 21:24:03.845054
2026-06-23 20:44:27 - pino - INFO - Epoch 7630 | data loss=1.769e-04 | bc loss=5.997e-05 | valid MSE=2.291e-04 | valid rel L2=1.048e-02 | pressure=2.347e-03, u=2.130e-03, v=2.160e-02 | Time: 6 days, 21:36:30.048401
2026-06-23 20:56:50 - pino - INFO - Epoch 7640 | data loss=1.764e-04 | bc loss=5.902e-05 | valid MSE=2.361e-04 | valid rel L2=1.072e-02 | pressure=2.478e-03, u=2.183e-03, v=2.134e-02 | Time: 6 days, 21:48:53.054932
2026-06-23 21:09:16 - pino - INFO - Epoch 7650 | data loss=1.762e-04 | bc loss=6.103e-05 | valid MSE=2.346e-04 | valid rel L2=1.083e-02 | pressure=2.504e-03, u=2.206e-03, v=2.146e-02 | Time: 6 days, 22:01:19.761954
2026-06-23 21:21:37 - pino - INFO - Epoch 7660 | data loss=1.757e-04 | bc loss=5.937e-05 | valid MSE=2.368e-04 | valid rel L2=1.086e-02 | pressure=2.540e-03, u=2.314e-03, v=2.148e-02 | Time: 6 days, 22:13:39.943069
2026-06-23 21:34:21 - pino - INFO - Epoch 7670 | data loss=1.783e-04 | bc loss=6.265e-05 | valid MSE=2.292e-04 | valid rel L2=1.069e-02 | pressure=2.536e-03, u=2.260e-03, v=2.101e-02 | Time: 6 days, 22:26:24.312235
2026-06-23 21:46:44 - pino - INFO - Epoch 7680 | data loss=1.757e-04 | bc loss=5.928e-05 | valid MSE=2.288e-04 | valid rel L2=1.058e-02 | pressure=2.384e-03, u=2.137e-03, v=2.109e-02 | Time: 6 days, 22:38:47.279738
2026-06-23 21:59:05 - pino - INFO - Epoch 7690 | data loss=1.746e-04 | bc loss=5.830e-05 | valid MSE=2.289e-04 | valid rel L2=1.068e-02 | pressure=2.366e-03, u=2.228e-03, v=2.117e-02 | Time: 6 days, 22:51:08.250592
2026-06-23 22:11:25 - pino - INFO - Epoch 7700 | data loss=1.756e-04 | bc loss=5.968e-05 | valid MSE=2.287e-04 | valid rel L2=1.051e-02 | pressure=2.411e-03, u=2.144e-03, v=2.105e-02 | Time: 6 days, 23:03:28.200305
2026-06-23 22:23:46 - pino - INFO - Epoch 7710 | data loss=1.751e-04 | bc loss=5.877e-05 | valid MSE=2.308e-04 | valid rel L2=1.079e-02 | pressure=2.443e-03, u=2.148e-03, v=2.164e-02 | Time: 6 days, 23:15:48.992672
2026-06-23 22:36:07 - pino - INFO - Epoch 7720 | data loss=1.749e-04 | bc loss=5.902e-05 | valid MSE=2.280e-04 | valid rel L2=1.051e-02 | pressure=2.426e-03, u=2.238e-03, v=2.117e-02 | Time: 6 days, 23:28:10.198355
2026-06-23 22:48:26 - pino - INFO - Epoch 7730 | data loss=1.750e-04 | bc loss=5.908e-05 | valid MSE=2.360e-04 | valid rel L2=1.098e-02 | pressure=2.396e-03, u=2.134e-03, v=2.146e-02 | Time: 6 days, 23:40:29.322702
2026-06-23 23:00:47 - pino - INFO - Epoch 7740 | data loss=1.742e-04 | bc loss=5.834e-05 | valid MSE=2.307e-04 | valid rel L2=1.067e-02 | pressure=2.374e-03, u=2.180e-03, v=2.139e-02 | Time: 6 days, 23:52:50.187071
2026-06-23 23:13:09 - pino - INFO - Epoch 7750 | data loss=1.760e-04 | bc loss=6.198e-05 | valid MSE=2.267e-04 | valid rel L2=1.051e-02 | pressure=2.434e-03, u=2.152e-03, v=2.104e-02 | Time: 7 days, 0:05:12.647388
2026-06-23 23:25:26 - pino - INFO - Epoch 7760 | data loss=1.736e-04 | bc loss=5.806e-05 | valid MSE=2.336e-04 | valid rel L2=1.059e-02 | pressure=2.430e-03, u=2.124e-03, v=2.116e-02 | Time: 7 days, 0:17:29.336566
2026-06-23 23:38:25 - pino - INFO - Epoch 7770 | data loss=1.745e-04 | bc loss=5.975e-05 | valid MSE=2.266e-04 | valid rel L2=1.052e-02 | pressure=2.340e-03, u=2.130e-03, v=2.107e-02 | Time: 7 days, 0:30:28.715056
2026-06-23 23:50:51 - pino - INFO - Epoch 7780 | data loss=1.739e-04 | bc loss=5.889e-05 | valid MSE=2.274e-04 | valid rel L2=1.052e-02 | pressure=2.319e-03, u=2.106e-03, v=2.122e-02 | Time: 7 days, 0:42:54.365166
2026-06-24 00:03:09 - pino - INFO - Epoch 7790 | data loss=1.760e-04 | bc loss=6.255e-05 | valid MSE=2.218e-04 | valid rel L2=1.039e-02 | pressure=2.337e-03, u=2.113e-03, v=2.081e-02 | Time: 7 days, 0:55:11.990590
2026-06-24 00:15:26 - pino - INFO - Epoch 7800 | data loss=1.732e-04 | bc loss=5.730e-05 | valid MSE=2.223e-04 | valid rel L2=1.044e-02 | pressure=2.416e-03, u=2.143e-03, v=2.091e-02 | Time: 7 days, 1:07:29.188206
2026-06-24 00:27:46 - pino - INFO - Epoch 7810 | data loss=1.728e-04 | bc loss=5.835e-05 | valid MSE=2.252e-04 | valid rel L2=1.050e-02 | pressure=2.363e-03, u=2.144e-03, v=2.084e-02 | Time: 7 days, 1:19:49.485696
2026-06-24 00:40:06 - pino - INFO - Epoch 7820 | data loss=1.765e-04 | bc loss=6.378e-05 | valid MSE=2.271e-04 | valid rel L2=1.068e-02 | pressure=2.414e-03, u=2.159e-03, v=2.128e-02 | Time: 7 days, 1:32:09.582007
2026-06-24 00:52:26 - pino - INFO - Epoch 7830 | data loss=1.731e-04 | bc loss=5.833e-05 | valid MSE=2.232e-04 | valid rel L2=1.040e-02 | pressure=2.336e-03, u=2.109e-03, v=2.075e-02 | Time: 7 days, 1:44:28.775795
2026-06-24 01:04:45 - pino - INFO - Epoch 7840 | data loss=1.717e-04 | bc loss=5.692e-05 | valid MSE=2.216e-04 | valid rel L2=1.040e-02 | pressure=2.272e-03, u=2.100e-03, v=2.088e-02 | Time: 7 days, 1:56:48.107837
2026-06-24 01:17:03 - pino - INFO - Epoch 7850 | data loss=1.725e-04 | bc loss=5.710e-05 | valid MSE=2.283e-04 | valid rel L2=1.048e-02 | pressure=2.351e-03, u=2.107e-03, v=2.112e-02 | Time: 7 days, 2:09:06.266740
2026-06-24 01:29:25 - pino - INFO - Epoch 7860 | data loss=1.723e-04 | bc loss=5.795e-05 | valid MSE=2.196e-04 | valid rel L2=1.037e-02 | pressure=2.317e-03, u=2.102e-03, v=2.079e-02 | Time: 7 days, 2:21:28.445433
2026-06-24 01:41:51 - pino - INFO - Epoch 7870 | data loss=1.743e-04 | bc loss=6.187e-05 | valid MSE=2.224e-04 | valid rel L2=1.061e-02 | pressure=2.630e-03, u=2.115e-03, v=2.095e-02 | Time: 7 days, 2:33:54.172442
2026-06-24 01:54:48 - pino - INFO - Epoch 7880 | data loss=1.716e-04 | bc loss=5.665e-05 | valid MSE=2.242e-04 | valid rel L2=1.064e-02 | pressure=2.333e-03, u=2.124e-03, v=2.112e-02 | Time: 7 days, 2:46:51.602300
2026-06-24 02:07:06 - pino - INFO - Epoch 7890 | data loss=1.721e-04 | bc loss=5.836e-05 | valid MSE=2.252e-04 | valid rel L2=1.051e-02 | pressure=2.489e-03, u=2.178e-03, v=2.103e-02 | Time: 7 days, 2:59:09.277235
2026-06-24 02:19:25 - pino - INFO - Epoch 7900 | data loss=1.713e-04 | bc loss=5.604e-05 | valid MSE=2.190e-04 | valid rel L2=1.033e-02 | pressure=2.323e-03, u=2.089e-03, v=2.062e-02 | Time: 7 days, 3:11:27.861614
2026-06-24 02:31:45 - pino - INFO - Epoch 7910 | data loss=1.712e-04 | bc loss=5.713e-05 | valid MSE=2.217e-04 | valid rel L2=1.042e-02 | pressure=2.347e-03, u=2.142e-03, v=2.084e-02 | Time: 7 days, 3:23:48.003895
2026-06-24 02:44:04 - pino - INFO - Epoch 7920 | data loss=1.712e-04 | bc loss=5.675e-05 | valid MSE=2.213e-04 | valid rel L2=1.042e-02 | pressure=2.379e-03, u=2.091e-03, v=2.083e-02 | Time: 7 days, 3:36:07.433187
2026-06-24 02:56:25 - pino - INFO - Epoch 7930 | data loss=1.711e-04 | bc loss=5.754e-05 | valid MSE=2.241e-04 | valid rel L2=1.040e-02 | pressure=2.347e-03, u=2.122e-03, v=2.071e-02 | Time: 7 days, 3:48:28.760611
2026-06-24 03:08:41 - pino - INFO - Epoch 7940 | data loss=1.709e-04 | bc loss=5.694e-05 | valid MSE=2.224e-04 | valid rel L2=1.042e-02 | pressure=2.290e-03, u=2.136e-03, v=2.068e-02 | Time: 7 days, 4:00:44.645680
2026-06-24 03:21:00 - pino - INFO - Epoch 7950 | data loss=1.715e-04 | bc loss=5.789e-05 | valid MSE=2.215e-04 | valid rel L2=1.039e-02 | pressure=2.337e-03, u=2.147e-03, v=2.114e-02 | Time: 7 days, 4:13:02.836955
2026-06-24 03:33:20 - pino - INFO - Epoch 7960 | data loss=1.699e-04 | bc loss=5.654e-05 | valid MSE=2.243e-04 | valid rel L2=1.040e-02 | pressure=2.350e-03, u=2.196e-03, v=2.071e-02 | Time: 7 days, 4:25:23.616214
2026-06-24 03:45:38 - pino - INFO - Epoch 7970 | data loss=1.715e-04 | bc loss=5.960e-05 | valid MSE=2.221e-04 | valid rel L2=1.037e-02 | pressure=2.336e-03, u=2.059e-03, v=2.082e-02 | Time: 7 days, 4:37:41.540184
2026-06-24 03:57:59 - pino - INFO - Epoch 7980 | data loss=1.702e-04 | bc loss=5.694e-05 | valid MSE=2.213e-04 | valid rel L2=1.048e-02 | pressure=2.378e-03, u=2.113e-03, v=2.094e-02 | Time: 7 days, 4:50:02.285966
2026-06-24 04:10:27 - pino - INFO - Epoch 7990 | data loss=1.698e-04 | bc loss=5.656e-05 | valid MSE=2.223e-04 | valid rel L2=1.046e-02 | pressure=2.350e-03, u=2.087e-03, v=2.093e-02 | Time: 7 days, 5:02:30.509763
2026-06-24 04:22:44 - pino - INFO - Epoch 8000 | data loss=1.708e-04 | bc loss=5.749e-05 | valid MSE=2.241e-04 | valid rel L2=1.037e-02 | pressure=2.330e-03, u=2.127e-03, v=2.075e-02 | Time: 7 days, 5:14:47.765039
2026-06-24 04:35:01 - pino - INFO - Epoch 8010 | data loss=1.692e-04 | bc loss=5.588e-05 | valid MSE=2.199e-04 | valid rel L2=1.028e-02 | pressure=2.360e-03, u=2.144e-03, v=2.062e-02 | Time: 7 days, 5:27:04.277919
2026-06-24 04:47:34 - pino - INFO - Epoch 8020 | data loss=1.693e-04 | bc loss=5.601e-05 | valid MSE=2.198e-04 | valid rel L2=1.031e-02 | pressure=2.298e-03, u=2.116e-03, v=2.074e-02 | Time: 7 days, 5:39:37.729507
2026-06-24 04:59:58 - pino - INFO - Epoch 8030 | data loss=1.692e-04 | bc loss=5.575e-05 | valid MSE=2.227e-04 | valid rel L2=1.053e-02 | pressure=2.378e-03, u=2.091e-03, v=2.112e-02 | Time: 7 days, 5:52:00.857091
2026-06-24 05:12:19 - pino - INFO - Epoch 8040 | data loss=1.684e-04 | bc loss=5.540e-05 | valid MSE=2.201e-04 | valid rel L2=1.035e-02 | pressure=2.338e-03, u=2.078e-03, v=2.083e-02 | Time: 7 days, 6:04:22.359487
2026-06-24 05:24:40 - pino - INFO - Epoch 8050 | data loss=1.685e-04 | bc loss=5.568e-05 | valid MSE=2.202e-04 | valid rel L2=1.035e-02 | pressure=2.374e-03, u=2.135e-03, v=2.092e-02 | Time: 7 days, 6:16:42.967499
2026-06-24 05:37:17 - pino - INFO - Epoch 8060 | data loss=1.681e-04 | bc loss=5.545e-05 | valid MSE=2.178e-04 | valid rel L2=1.026e-02 | pressure=2.306e-03, u=2.099e-03, v=2.063e-02 | Time: 7 days, 6:29:20.341689
2026-06-24 05:49:39 - pino - INFO - Epoch 8070 | data loss=1.681e-04 | bc loss=5.565e-05 | valid MSE=2.169e-04 | valid rel L2=1.023e-02 | pressure=2.315e-03, u=2.100e-03, v=2.062e-02 | Time: 7 days, 6:41:42.297682
2026-06-24 06:02:06 - pino - INFO - Epoch 8080 | data loss=1.691e-04 | bc loss=5.845e-05 | valid MSE=2.175e-04 | valid rel L2=1.017e-02 | pressure=2.260e-03, u=2.084e-03, v=2.041e-02 | Time: 7 days, 6:54:08.857410
2026-06-24 06:15:09 - pino - INFO - Epoch 8090 | data loss=1.679e-04 | bc loss=5.552e-05 | valid MSE=2.177e-04 | valid rel L2=1.012e-02 | pressure=2.266e-03, u=2.119e-03, v=2.049e-02 | Time: 7 days, 7:07:11.797142
2026-06-24 06:27:30 - pino - INFO - Epoch 8100 | data loss=1.673e-04 | bc loss=5.494e-05 | valid MSE=2.201e-04 | valid rel L2=1.029e-02 | pressure=2.322e-03, u=2.085e-03, v=2.054e-02 | Time: 7 days, 7:19:33.159332
2026-06-24 06:39:50 - pino - INFO - Epoch 8110 | data loss=1.683e-04 | bc loss=5.570e-05 | valid MSE=2.211e-04 | valid rel L2=1.035e-02 | pressure=2.290e-03, u=2.150e-03, v=2.071e-02 | Time: 7 days, 7:31:53.130099
2026-06-24 06:52:08 - pino - INFO - Epoch 8120 | data loss=1.682e-04 | bc loss=5.641e-05 | valid MSE=2.196e-04 | valid rel L2=1.034e-02 | pressure=2.295e-03, u=2.096e-03, v=2.070e-02 | Time: 7 days, 7:44:11.431015
2026-06-24 07:04:30 - pino - INFO - Epoch 8130 | data loss=1.671e-04 | bc loss=5.470e-05 | valid MSE=2.212e-04 | valid rel L2=1.042e-02 | pressure=2.294e-03, u=2.076e-03, v=2.086e-02 | Time: 7 days, 7:56:33.091498
2026-06-24 07:16:48 - pino - INFO - Epoch 8140 | data loss=1.673e-04 | bc loss=5.494e-05 | valid MSE=2.208e-04 | valid rel L2=1.034e-02 | pressure=2.282e-03, u=2.154e-03, v=2.079e-02 | Time: 7 days, 8:08:51.033985
2026-06-24 07:29:06 - pino - INFO - Epoch 8150 | data loss=1.668e-04 | bc loss=5.446e-05 | valid MSE=2.225e-04 | valid rel L2=1.039e-02 | pressure=2.351e-03, u=2.065e-03, v=2.092e-02 | Time: 7 days, 8:21:09.199671
2026-06-24 07:41:26 - pino - INFO - Epoch 8160 | data loss=1.669e-04 | bc loss=5.445e-05 | valid MSE=2.213e-04 | valid rel L2=1.040e-02 | pressure=2.431e-03, u=2.073e-03, v=2.080e-02 | Time: 7 days, 8:33:29.675809
2026-06-24 07:54:06 - pino - INFO - Epoch 8170 | data loss=1.674e-04 | bc loss=5.473e-05 | valid MSE=2.153e-04 | valid rel L2=1.017e-02 | pressure=2.332e-03, u=2.086e-03, v=2.058e-02 | Time: 7 days, 8:46:09.034356
2026-06-24 08:06:30 - pino - INFO - Epoch 8180 | data loss=1.666e-04 | bc loss=5.442e-05 | valid MSE=2.214e-04 | valid rel L2=1.031e-02 | pressure=2.320e-03, u=2.149e-03, v=2.069e-02 | Time: 7 days, 8:58:32.984111
2026-06-24 08:19:02 - pino - INFO - Epoch 8190 | data loss=1.667e-04 | bc loss=5.428e-05 | valid MSE=2.170e-04 | valid rel L2=1.019e-02 | pressure=2.289e-03, u=2.055e-03, v=2.066e-02 | Time: 7 days, 9:11:05.408066
2026-06-24 08:31:22 - pino - INFO - Epoch 8200 | data loss=1.671e-04 | bc loss=5.549e-05 | valid MSE=2.179e-04 | valid rel L2=1.025e-02 | pressure=2.372e-03, u=2.101e-03, v=2.071e-02 | Time: 7 days, 9:23:24.785097
2026-06-24 08:43:44 - pino - INFO - Epoch 8210 | data loss=1.663e-04 | bc loss=5.447e-05 | valid MSE=2.173e-04 | valid rel L2=1.017e-02 | pressure=2.332e-03, u=2.115e-03, v=2.048e-02 | Time: 7 days, 9:35:47.046105
2026-06-24 08:56:02 - pino - INFO - Epoch 8220 | data loss=1.665e-04 | bc loss=5.488e-05 | valid MSE=2.187e-04 | valid rel L2=1.020e-02 | pressure=2.304e-03, u=2.114e-03, v=2.053e-02 | Time: 7 days, 9:48:05.455987
2026-06-24 09:08:50 - pino - INFO - Epoch 8230 | data loss=1.654e-04 | bc loss=5.388e-05 | valid MSE=2.163e-04 | valid rel L2=1.022e-02 | pressure=2.385e-03, u=2.048e-03, v=2.036e-02 | Time: 7 days, 10:00:53.133382
2026-06-24 09:21:06 - pino - INFO - Epoch 8240 | data loss=1.658e-04 | bc loss=5.478e-05 | valid MSE=2.145e-04 | valid rel L2=1.013e-02 | pressure=2.256e-03, u=2.081e-03, v=2.054e-02 | Time: 7 days, 10:13:09.196439
2026-06-24 09:33:28 - pino - INFO - Epoch 8250 | data loss=1.659e-04 | bc loss=5.479e-05 | valid MSE=2.145e-04 | valid rel L2=1.012e-02 | pressure=2.244e-03, u=2.068e-03, v=2.034e-02 | Time: 7 days, 10:25:31.003768
2026-06-24 09:45:46 - pino - INFO - Epoch 8260 | data loss=1.654e-04 | bc loss=5.424e-05 | valid MSE=2.151e-04 | valid rel L2=1.017e-02 | pressure=2.349e-03, u=2.124e-03, v=2.039e-02 | Time: 7 days, 10:37:49.675790
2026-06-24 09:58:05 - pino - INFO - Epoch 8270 | data loss=1.655e-04 | bc loss=5.436e-05 | valid MSE=2.198e-04 | valid rel L2=1.023e-02 | pressure=2.270e-03, u=2.072e-03, v=2.075e-02 | Time: 7 days, 10:50:07.966080
2026-06-24 10:10:28 - pino - INFO - Epoch 8280 | data loss=1.656e-04 | bc loss=5.449e-05 | valid MSE=2.179e-04 | valid rel L2=1.013e-02 | pressure=2.249e-03, u=2.064e-03, v=2.044e-02 | Time: 7 days, 11:02:31.395021
2026-06-24 10:22:46 - pino - INFO - Epoch 8290 | data loss=1.649e-04 | bc loss=5.400e-05 | valid MSE=2.205e-04 | valid rel L2=1.032e-02 | pressure=2.329e-03, u=2.078e-03, v=2.070e-02 | Time: 7 days, 11:14:49.715037
2026-06-24 10:35:18 - pino - INFO - Epoch 8300 | data loss=1.653e-04 | bc loss=5.420e-05 | valid MSE=2.174e-04 | valid rel L2=1.033e-02 | pressure=2.271e-03, u=2.123e-03, v=2.103e-02 | Time: 7 days, 11:27:20.791529
2026-06-24 10:47:38 - pino - INFO - Epoch 8310 | data loss=1.649e-04 | bc loss=5.392e-05 | valid MSE=2.165e-04 | valid rel L2=1.021e-02 | pressure=2.263e-03, u=2.086e-03, v=2.057e-02 | Time: 7 days, 11:39:41.366407
2026-06-24 10:59:57 - pino - INFO - Epoch 8320 | data loss=1.646e-04 | bc loss=5.353e-05 | valid MSE=2.157e-04 | valid rel L2=1.017e-02 | pressure=2.262e-03, u=2.054e-03, v=2.039e-02 | Time: 7 days, 11:52:00.331651
2026-06-24 11:12:31 - pino - INFO - Epoch 8330 | data loss=1.645e-04 | bc loss=5.395e-05 | valid MSE=2.161e-04 | valid rel L2=1.017e-02 | pressure=2.257e-03, u=2.049e-03, v=2.042e-02 | Time: 7 days, 12:04:34.530739
2026-06-24 11:24:49 - pino - INFO - Epoch 8340 | data loss=1.646e-04 | bc loss=5.378e-05 | valid MSE=2.152e-04 | valid rel L2=1.010e-02 | pressure=2.243e-03, u=2.049e-03, v=2.036e-02 | Time: 7 days, 12:16:52.414497
2026-06-24 11:37:08 - pino - INFO - Epoch 8350 | data loss=1.642e-04 | bc loss=5.306e-05 | valid MSE=2.156e-04 | valid rel L2=1.011e-02 | pressure=2.270e-03, u=2.059e-03, v=2.029e-02 | Time: 7 days, 12:29:11.376753
2026-06-24 11:49:29 - pino - INFO - Epoch 8360 | data loss=1.643e-04 | bc loss=5.401e-05 | valid MSE=2.140e-04 | valid rel L2=1.013e-02 | pressure=2.276e-03, u=2.040e-03, v=2.034e-02 | Time: 7 days, 12:41:31.981751
2026-06-24 12:01:49 - pino - INFO - Epoch 8370 | data loss=1.643e-04 | bc loss=5.367e-05 | valid MSE=2.124e-04 | valid rel L2=9.999e-03 | pressure=2.254e-03, u=2.038e-03, v=2.010e-02 | Time: 7 days, 12:53:52.431829
2026-06-24 12:14:18 - pino - INFO - Epoch 8380 | data loss=1.633e-04 | bc loss=5.296e-05 | valid MSE=2.147e-04 | valid rel L2=1.010e-02 | pressure=2.230e-03, u=2.074e-03, v=2.045e-02 | Time: 7 days, 13:06:21.474056
2026-06-24 12:27:02 - pino - INFO - Epoch 8390 | data loss=1.640e-04 | bc loss=5.398e-05 | valid MSE=2.127e-04 | valid rel L2=1.018e-02 | pressure=2.264e-03, u=2.057e-03, v=2.047e-02 | Time: 7 days, 13:19:05.232928
2026-06-24 12:39:19 - pino - INFO - Epoch 8400 | data loss=1.637e-04 | bc loss=5.299e-05 | valid MSE=2.162e-04 | valid rel L2=1.017e-02 | pressure=2.261e-03, u=2.055e-03, v=2.056e-02 | Time: 7 days, 13:31:22.289926
2026-06-24 12:51:37 - pino - INFO - Epoch 8410 | data loss=1.639e-04 | bc loss=5.387e-05 | valid MSE=2.151e-04 | valid rel L2=1.007e-02 | pressure=2.274e-03, u=2.070e-03, v=2.040e-02 | Time: 7 days, 13:43:40.222882
2026-06-24 13:04:12 - pino - INFO - Epoch 8420 | data loss=1.634e-04 | bc loss=5.370e-05 | valid MSE=2.152e-04 | valid rel L2=1.008e-02 | pressure=2.258e-03, u=2.033e-03, v=2.038e-02 | Time: 7 days, 13:56:15.658663
2026-06-24 13:16:33 - pino - INFO - Epoch 8430 | data loss=1.640e-04 | bc loss=5.365e-05 | valid MSE=2.134e-04 | valid rel L2=1.012e-02 | pressure=2.252e-03, u=2.062e-03, v=2.022e-02 | Time: 7 days, 14:08:36.377034
2026-06-24 13:28:53 - pino - INFO - Epoch 8440 | data loss=1.632e-04 | bc loss=5.324e-05 | valid MSE=2.148e-04 | valid rel L2=1.011e-02 | pressure=2.230e-03, u=2.103e-03, v=2.030e-02 | Time: 7 days, 14:20:55.952957
2026-06-24 13:41:25 - pino - INFO - Epoch 8450 | data loss=1.630e-04 | bc loss=5.264e-05 | valid MSE=2.117e-04 | valid rel L2=1.001e-02 | pressure=2.254e-03, u=2.036e-03, v=2.026e-02 | Time: 7 days, 14:33:28.572823
2026-06-24 13:53:55 - pino - INFO - Epoch 8460 | data loss=1.629e-04 | bc loss=5.260e-05 | valid MSE=2.134e-04 | valid rel L2=1.012e-02 | pressure=2.253e-03, u=2.061e-03, v=2.034e-02 | Time: 7 days, 14:45:58.177557
2026-06-24 14:06:19 - pino - INFO - Epoch 8470 | data loss=1.632e-04 | bc loss=5.296e-05 | valid MSE=2.133e-04 | valid rel L2=1.011e-02 | pressure=2.267e-03, u=2.083e-03, v=2.021e-02 | Time: 7 days, 14:58:22.112682
2026-06-24 14:18:41 - pino - INFO - Epoch 8480 | data loss=1.630e-04 | bc loss=5.277e-05 | valid MSE=2.166e-04 | valid rel L2=1.019e-02 | pressure=2.253e-03, u=2.057e-03, v=2.038e-02 | Time: 7 days, 15:10:43.891942
2026-06-24 14:31:02 - pino - INFO - Epoch 8490 | data loss=1.626e-04 | bc loss=5.272e-05 | valid MSE=2.103e-04 | valid rel L2=1.007e-02 | pressure=2.298e-03, u=2.057e-03, v=2.019e-02 | Time: 7 days, 15:23:05.336506
2026-06-24 14:43:24 - pino - INFO - Epoch 8500 | data loss=1.623e-04 | bc loss=5.232e-05 | valid MSE=2.121e-04 | valid rel L2=9.930e-03 | pressure=2.243e-03, u=2.054e-03, v=2.013e-02 | Time: 7 days, 15:35:26.983722
2026-06-24 14:55:43 - pino - INFO - Epoch 8510 | data loss=1.627e-04 | bc loss=5.271e-05 | valid MSE=2.124e-04 | valid rel L2=1.001e-02 | pressure=2.254e-03, u=2.047e-03, v=2.027e-02 | Time: 7 days, 15:47:46.202446
2026-06-24 15:08:05 - pino - INFO - Epoch 8520 | data loss=1.622e-04 | bc loss=5.247e-05 | valid MSE=2.126e-04 | valid rel L2=1.004e-02 | pressure=2.246e-03, u=2.047e-03, v=2.036e-02 | Time: 7 days, 16:00:07.951446
2026-06-24 15:20:26 - pino - INFO - Epoch 8530 | data loss=1.624e-04 | bc loss=5.260e-05 | valid MSE=2.150e-04 | valid rel L2=1.018e-02 | pressure=2.273e-03, u=2.036e-03, v=2.036e-02 | Time: 7 days, 16:12:29.473432
2026-06-24 15:32:49 - pino - INFO - Epoch 8540 | data loss=1.623e-04 | bc loss=5.266e-05 | valid MSE=2.109e-04 | valid rel L2=9.981e-03 | pressure=2.267e-03, u=2.115e-03, v=2.015e-02 | Time: 7 days, 16:24:52.750604
2026-06-24 15:45:19 - pino - INFO - Epoch 8550 | data loss=1.618e-04 | bc loss=5.232e-05 | valid MSE=2.105e-04 | valid rel L2=9.969e-03 | pressure=2.230e-03, u=2.029e-03, v=2.008e-02 | Time: 7 days, 16:37:22.028519
2026-06-24 15:57:38 - pino - INFO - Epoch 8560 | data loss=1.616e-04 | bc loss=5.227e-05 | valid MSE=2.117e-04 | valid rel L2=1.003e-02 | pressure=2.285e-03, u=2.044e-03, v=2.012e-02 | Time: 7 days, 16:49:41.454457
2026-06-24 16:09:58 - pino - INFO - Epoch 8570 | data loss=1.616e-04 | bc loss=5.210e-05 | valid MSE=2.144e-04 | valid rel L2=1.007e-02 | pressure=2.258e-03, u=2.059e-03, v=2.040e-02 | Time: 7 days, 17:02:01.492517
2026-06-24 16:22:22 - pino - INFO - Epoch 8580 | data loss=1.622e-04 | bc loss=5.299e-05 | valid MSE=2.116e-04 | valid rel L2=9.981e-03 | pressure=2.296e-03, u=2.038e-03, v=2.027e-02 | Time: 7 days, 17:14:24.801277
2026-06-24 16:34:48 - pino - INFO - Epoch 8590 | data loss=1.616e-04 | bc loss=5.192e-05 | valid MSE=2.113e-04 | valid rel L2=9.958e-03 | pressure=2.251e-03, u=2.051e-03, v=2.007e-02 | Time: 7 days, 17:26:51.754981
2026-06-24 16:47:32 - pino - INFO - Epoch 8600 | data loss=1.609e-04 | bc loss=5.193e-05 | valid MSE=2.126e-04 | valid rel L2=1.008e-02 | pressure=2.221e-03, u=2.047e-03, v=2.030e-02 | Time: 7 days, 17:39:34.943259
2026-06-24 16:59:55 - pino - INFO - Epoch 8610 | data loss=1.614e-04 | bc loss=5.231e-05 | valid MSE=2.144e-04 | valid rel L2=1.010e-02 | pressure=2.239e-03, u=2.055e-03, v=2.041e-02 | Time: 7 days, 17:51:58.145844
2026-06-24 17:12:16 - pino - INFO - Epoch 8620 | data loss=1.617e-04 | bc loss=5.199e-05 | valid MSE=2.096e-04 | valid rel L2=9.979e-03 | pressure=2.260e-03, u=2.063e-03, v=2.019e-02 | Time: 7 days, 18:04:18.815742
2026-06-24 17:24:33 - pino - INFO - Epoch 8630 | data loss=1.612e-04 | bc loss=5.252e-05 | valid MSE=2.130e-04 | valid rel L2=1.005e-02 | pressure=2.333e-03, u=2.038e-03, v=2.022e-02 | Time: 7 days, 18:16:36.690919
2026-06-24 17:36:58 - pino - INFO - Epoch 8640 | data loss=1.609e-04 | bc loss=5.168e-05 | valid MSE=2.110e-04 | valid rel L2=1.004e-02 | pressure=2.259e-03, u=2.039e-03, v=2.027e-02 | Time: 7 days, 18:29:01.472787
2026-06-24 17:49:20 - pino - INFO - Epoch 8650 | data loss=1.606e-04 | bc loss=5.170e-05 | valid MSE=2.099e-04 | valid rel L2=1.005e-02 | pressure=2.236e-03, u=2.025e-03, v=2.029e-02 | Time: 7 days, 18:41:22.954531
2026-06-24 18:01:48 - pino - INFO - Epoch 8660 | data loss=1.609e-04 | bc loss=5.175e-05 | valid MSE=2.107e-04 | valid rel L2=9.974e-03 | pressure=2.275e-03, u=2.051e-03, v=2.010e-02 | Time: 7 days, 18:53:51.639469
2026-06-24 18:14:08 - pino - INFO - Epoch 8670 | data loss=1.607e-04 | bc loss=5.161e-05 | valid MSE=2.117e-04 | valid rel L2=1.003e-02 | pressure=2.216e-03, u=2.037e-03, v=2.027e-02 | Time: 7 days, 19:06:11.055476
2026-06-24 18:26:35 - pino - INFO - Epoch 8680 | data loss=1.609e-04 | bc loss=5.165e-05 | valid MSE=2.096e-04 | valid rel L2=9.895e-03 | pressure=2.217e-03, u=2.028e-03, v=2.005e-02 | Time: 7 days, 19:18:38.328368
2026-06-24 18:39:00 - pino - INFO - Epoch 8690 | data loss=1.602e-04 | bc loss=5.140e-05 | valid MSE=2.109e-04 | valid rel L2=9.975e-03 | pressure=2.224e-03, u=2.025e-03, v=2.023e-02 | Time: 7 days, 19:31:02.858968
2026-06-24 18:51:21 - pino - INFO - Epoch 8700 | data loss=1.602e-04 | bc loss=5.130e-05 | valid MSE=2.089e-04 | valid rel L2=9.894e-03 | pressure=2.210e-03, u=2.040e-03, v=1.999e-02 | Time: 7 days, 19:43:24.236030
2026-06-24 19:03:41 - pino - INFO - Epoch 8710 | data loss=1.602e-04 | bc loss=5.131e-05 | valid MSE=2.120e-04 | valid rel L2=9.971e-03 | pressure=2.280e-03, u=2.021e-03, v=2.016e-02 | Time: 7 days, 19:55:43.774075
2026-06-24 19:15:59 - pino - INFO - Epoch 8720 | data loss=1.601e-04 | bc loss=5.134e-05 | valid MSE=2.067e-04 | valid rel L2=9.843e-03 | pressure=2.243e-03, u=2.065e-03, v=1.991e-02 | Time: 7 days, 20:08:02.493728
2026-06-24 19:28:19 - pino - INFO - Epoch 8730 | data loss=1.601e-04 | bc loss=5.130e-05 | valid MSE=2.095e-04 | valid rel L2=9.948e-03 | pressure=2.246e-03, u=2.039e-03, v=2.021e-02 | Time: 7 days, 20:20:22.677060
2026-06-24 19:40:40 - pino - INFO - Epoch 8740 | data loss=1.602e-04 | bc loss=5.157e-05 | valid MSE=2.104e-04 | valid rel L2=9.930e-03 | pressure=2.218e-03, u=2.045e-03, v=2.006e-02 | Time: 7 days, 20:32:43.553708
2026-06-24 19:53:04 - pino - INFO - Epoch 8750 | data loss=1.599e-04 | bc loss=5.126e-05 | valid MSE=2.118e-04 | valid rel L2=1.007e-02 | pressure=2.256e-03, u=2.005e-03, v=2.024e-02 | Time: 7 days, 20:45:07.531422
2026-06-24 20:05:28 - pino - INFO - Epoch 8760 | data loss=1.599e-04 | bc loss=5.115e-05 | valid MSE=2.089e-04 | valid rel L2=9.947e-03 | pressure=2.219e-03, u=2.041e-03, v=2.006e-02 | Time: 7 days, 20:57:31.629730
2026-06-24 20:17:48 - pino - INFO - Epoch 8770 | data loss=1.600e-04 | bc loss=5.119e-05 | valid MSE=2.094e-04 | valid rel L2=9.915e-03 | pressure=2.247e-03, u=2.076e-03, v=2.008e-02 | Time: 7 days, 21:09:50.776077
2026-06-24 20:30:26 - pino - INFO - Epoch 8780 | data loss=1.597e-04 | bc loss=5.109e-05 | valid MSE=2.111e-04 | valid rel L2=1.001e-02 | pressure=2.235e-03, u=2.046e-03, v=2.019e-02 | Time: 7 days, 21:22:28.979791
2026-06-24 20:42:46 - pino - INFO - Epoch 8790 | data loss=1.595e-04 | bc loss=5.091e-05 | valid MSE=2.074e-04 | valid rel L2=9.852e-03 | pressure=2.201e-03, u=2.022e-03, v=1.994e-02 | Time: 7 days, 21:34:49.304601
2026-06-24 20:55:05 - pino - INFO - Epoch 8800 | data loss=1.595e-04 | bc loss=5.102e-05 | valid MSE=2.107e-04 | valid rel L2=1.004e-02 | pressure=2.279e-03, u=2.037e-03, v=2.033e-02 | Time: 7 days, 21:47:08.268095
2026-06-24 21:07:35 - pino - INFO - Epoch 8810 | data loss=1.594e-04 | bc loss=5.093e-05 | valid MSE=2.096e-04 | valid rel L2=9.870e-03 | pressure=2.229e-03, u=2.019e-03, v=2.010e-02 | Time: 7 days, 21:59:38.752554
2026-06-24 21:20:00 - pino - INFO - Epoch 8820 | data loss=1.594e-04 | bc loss=5.085e-05 | valid MSE=2.092e-04 | valid rel L2=9.926e-03 | pressure=2.216e-03, u=2.075e-03, v=2.002e-02 | Time: 7 days, 22:12:03.557416
2026-06-24 21:32:27 - pino - INFO - Epoch 8830 | data loss=1.592e-04 | bc loss=5.088e-05 | valid MSE=2.104e-04 | valid rel L2=9.913e-03 | pressure=2.246e-03, u=2.051e-03, v=2.005e-02 | Time: 7 days, 22:24:30.404862
2026-06-24 21:44:53 - pino - INFO - Epoch 8840 | data loss=1.591e-04 | bc loss=5.077e-05 | valid MSE=2.111e-04 | valid rel L2=9.963e-03 | pressure=2.245e-03, u=2.039e-03, v=2.009e-02 | Time: 7 days, 22:36:56.613589
2026-06-24 21:57:09 - pino - INFO - Epoch 8850 | data loss=1.591e-04 | bc loss=5.066e-05 | valid MSE=2.083e-04 | valid rel L2=9.878e-03 | pressure=2.209e-03, u=2.034e-03, v=1.995e-02 | Time: 7 days, 22:49:12.490724
2026-06-24 22:09:29 - pino - INFO - Epoch 8860 | data loss=1.590e-04 | bc loss=5.082e-05 | valid MSE=2.091e-04 | valid rel L2=9.937e-03 | pressure=2.226e-03, u=2.018e-03, v=2.013e-02 | Time: 7 days, 23:01:32.756789
2026-06-24 22:21:52 - pino - INFO - Epoch 8870 | data loss=1.588e-04 | bc loss=5.061e-05 | valid MSE=2.082e-04 | valid rel L2=9.862e-03 | pressure=2.220e-03, u=2.064e-03, v=1.998e-02 | Time: 7 days, 23:13:54.982277
2026-06-24 22:34:16 - pino - INFO - Epoch 8880 | data loss=1.586e-04 | bc loss=5.048e-05 | valid MSE=2.085e-04 | valid rel L2=9.829e-03 | pressure=2.211e-03, u=2.035e-03, v=1.995e-02 | Time: 7 days, 23:26:19.473384
2026-06-24 22:46:40 - pino - INFO - Epoch 8890 | data loss=1.586e-04 | bc loss=5.044e-05 | valid MSE=2.066e-04 | valid rel L2=9.857e-03 | pressure=2.205e-03, u=2.036e-03, v=1.998e-02 | Time: 7 days, 23:38:43.425148
2026-06-24 22:59:10 - pino - INFO - Epoch 8900 | data loss=1.585e-04 | bc loss=5.059e-05 | valid MSE=2.093e-04 | valid rel L2=9.906e-03 | pressure=2.210e-03, u=2.055e-03, v=1.997e-02 | Time: 7 days, 23:51:12.853343
2026-06-24 23:11:33 - pino - INFO - Epoch 8910 | data loss=1.584e-04 | bc loss=5.060e-05 | valid MSE=2.074e-04 | valid rel L2=9.851e-03 | pressure=2.210e-03, u=2.030e-03, v=1.996e-02 | Time: 8 days, 0:03:36.267972
2026-06-24 23:23:55 - pino - INFO - Epoch 8920 | data loss=1.585e-04 | bc loss=5.047e-05 | valid MSE=2.083e-04 | valid rel L2=9.886e-03 | pressure=2.222e-03, u=2.020e-03, v=2.000e-02 | Time: 8 days, 0:15:57.968179
2026-06-24 23:36:14 - pino - INFO - Epoch 8930 | data loss=1.583e-04 | bc loss=5.034e-05 | valid MSE=2.105e-04 | valid rel L2=9.886e-03 | pressure=2.250e-03, u=2.017e-03, v=2.008e-02 | Time: 8 days, 0:28:17.266123
2026-06-24 23:48:51 - pino - INFO - Epoch 8940 | data loss=1.580e-04 | bc loss=5.021e-05 | valid MSE=2.086e-04 | valid rel L2=9.827e-03 | pressure=2.209e-03, u=2.006e-03, v=1.987e-02 | Time: 8 days, 0:40:53.925707
2026-06-25 00:01:13 - pino - INFO - Epoch 8950 | data loss=1.582e-04 | bc loss=5.042e-05 | valid MSE=2.070e-04 | valid rel L2=9.854e-03 | pressure=2.207e-03, u=2.032e-03, v=2.002e-02 | Time: 8 days, 0:53:16.161820
2026-06-25 00:13:34 - pino - INFO - Epoch 8960 | data loss=1.582e-04 | bc loss=5.029e-05 | valid MSE=2.076e-04 | valid rel L2=9.851e-03 | pressure=2.223e-03, u=2.008e-03, v=1.989e-02 | Time: 8 days, 1:05:37.291006
2026-06-25 00:25:54 - pino - INFO - Epoch 8970 | data loss=1.579e-04 | bc loss=5.013e-05 | valid MSE=2.054e-04 | valid rel L2=9.795e-03 | pressure=2.198e-03, u=2.025e-03, v=1.987e-02 | Time: 8 days, 1:17:56.792133
2026-06-25 00:38:16 - pino - INFO - Epoch 8980 | data loss=1.578e-04 | bc loss=5.010e-05 | valid MSE=2.070e-04 | valid rel L2=9.846e-03 | pressure=2.228e-03, u=2.030e-03, v=2.000e-02 | Time: 8 days, 1:30:19.569400
2026-06-25 00:50:35 - pino - INFO - Epoch 8990 | data loss=1.580e-04 | bc loss=5.023e-05 | valid MSE=2.056e-04 | valid rel L2=9.835e-03 | pressure=2.203e-03, u=2.009e-03, v=1.992e-02 | Time: 8 days, 1:42:38.688974
2026-06-25 01:02:55 - pino - INFO - Epoch 9000 | data loss=1.577e-04 | bc loss=5.006e-05 | valid MSE=2.071e-04 | valid rel L2=9.873e-03 | pressure=2.215e-03, u=2.023e-03, v=1.995e-02 | Time: 8 days, 1:54:58.642912
2026-06-25 01:15:18 - pino - INFO - Epoch 9010 | data loss=1.577e-04 | bc loss=5.001e-05 | valid MSE=2.067e-04 | valid rel L2=9.832e-03 | pressure=2.208e-03, u=2.028e-03, v=1.993e-02 | Time: 8 days, 2:07:21.001408
2026-06-25 01:27:37 - pino - INFO - Epoch 9020 | data loss=1.576e-04 | bc loss=5.000e-05 | valid MSE=2.068e-04 | valid rel L2=9.829e-03 | pressure=2.202e-03, u=2.028e-03, v=1.994e-02 | Time: 8 days, 2:19:40.564090
2026-06-25 01:39:56 - pino - INFO - Epoch 9030 | data loss=1.577e-04 | bc loss=5.002e-05 | valid MSE=2.092e-04 | valid rel L2=9.880e-03 | pressure=2.216e-03, u=2.019e-03, v=1.999e-02 | Time: 8 days, 2:31:59.647762
2026-06-25 01:52:21 - pino - INFO - Epoch 9040 | data loss=1.576e-04 | bc loss=4.992e-05 | valid MSE=2.058e-04 | valid rel L2=9.806e-03 | pressure=2.192e-03, u=2.022e-03, v=1.982e-02 | Time: 8 days, 2:44:23.871756
2026-06-25 02:04:40 - pino - INFO - Epoch 9050 | data loss=1.575e-04 | bc loss=4.987e-05 | valid MSE=2.070e-04 | valid rel L2=9.787e-03 | pressure=2.206e-03, u=2.018e-03, v=1.985e-02 | Time: 8 days, 2:56:43.628815
2026-06-25 02:16:58 - pino - INFO - Epoch 9060 | data loss=1.573e-04 | bc loss=4.979e-05 | valid MSE=2.069e-04 | valid rel L2=9.856e-03 | pressure=2.197e-03, u=2.009e-03, v=2.001e-02 | Time: 8 days, 3:09:01.248445
2026-06-25 02:29:16 - pino - INFO - Epoch 9070 | data loss=1.573e-04 | bc loss=4.978e-05 | valid MSE=2.077e-04 | valid rel L2=9.804e-03 | pressure=2.211e-03, u=2.020e-03, v=1.990e-02 | Time: 8 days, 3:21:19.217353
2026-06-25 02:41:33 - pino - INFO - Epoch 9080 | data loss=1.573e-04 | bc loss=4.988e-05 | valid MSE=2.059e-04 | valid rel L2=9.822e-03 | pressure=2.197e-03, u=1.996e-03, v=1.997e-02 | Time: 8 days, 3:33:36.142768
2026-06-25 02:53:51 - pino - INFO - Epoch 9090 | data loss=1.572e-04 | bc loss=4.976e-05 | valid MSE=2.057e-04 | valid rel L2=9.787e-03 | pressure=2.194e-03, u=2.011e-03, v=1.985e-02 | Time: 8 days, 3:45:54.252470
2026-06-25 03:06:12 - pino - INFO - Epoch 9100 | data loss=1.571e-04 | bc loss=4.971e-05 | valid MSE=2.058e-04 | valid rel L2=9.805e-03 | pressure=2.195e-03, u=2.015e-03, v=1.986e-02 | Time: 8 days, 3:58:15.137376
2026-06-25 03:18:34 - pino - INFO - Epoch 9110 | data loss=1.571e-04 | bc loss=4.970e-05 | valid MSE=2.064e-04 | valid rel L2=9.752e-03 | pressure=2.202e-03, u=2.008e-03, v=1.979e-02 | Time: 8 days, 4:10:37.311407
2026-06-25 03:30:54 - pino - INFO - Epoch 9120 | data loss=1.570e-04 | bc loss=4.965e-05 | valid MSE=2.065e-04 | valid rel L2=9.804e-03 | pressure=2.206e-03, u=2.013e-03, v=1.983e-02 | Time: 8 days, 4:22:57.146872
2026-06-25 03:43:13 - pino - INFO - Epoch 9130 | data loss=1.569e-04 | bc loss=4.957e-05 | valid MSE=2.065e-04 | valid rel L2=9.774e-03 | pressure=2.197e-03, u=2.023e-03, v=1.986e-02 | Time: 8 days, 4:35:16.551172
2026-06-25 03:55:30 - pino - INFO - Epoch 9140 | data loss=1.568e-04 | bc loss=4.960e-05 | valid MSE=2.066e-04 | valid rel L2=9.858e-03 | pressure=2.209e-03, u=2.009e-03, v=1.992e-02 | Time: 8 days, 4:47:33.609023
2026-06-25 04:07:48 - pino - INFO - Epoch 9150 | data loss=1.568e-04 | bc loss=4.960e-05 | valid MSE=2.064e-04 | valid rel L2=9.788e-03 | pressure=2.198e-03, u=1.996e-03, v=1.986e-02 | Time: 8 days, 4:59:50.818131
2026-06-25 04:20:20 - pino - INFO - Epoch 9160 | data loss=1.567e-04 | bc loss=4.950e-05 | valid MSE=2.068e-04 | valid rel L2=9.827e-03 | pressure=2.197e-03, u=2.010e-03, v=1.993e-02 | Time: 8 days, 5:12:23.133137
2026-06-25 04:32:40 - pino - INFO - Epoch 9170 | data loss=1.567e-04 | bc loss=4.943e-05 | valid MSE=2.066e-04 | valid rel L2=9.825e-03 | pressure=2.222e-03, u=2.007e-03, v=1.995e-02 | Time: 8 days, 5:24:43.621238
2026-06-25 04:44:59 - pino - INFO - Epoch 9180 | data loss=1.566e-04 | bc loss=4.944e-05 | valid MSE=2.066e-04 | valid rel L2=9.790e-03 | pressure=2.197e-03, u=2.001e-03, v=1.980e-02 | Time: 8 days, 5:37:02.381073
2026-06-25 04:57:20 - pino - INFO - Epoch 9190 | data loss=1.565e-04 | bc loss=4.948e-05 | valid MSE=2.049e-04 | valid rel L2=9.769e-03 | pressure=2.204e-03, u=1.997e-03, v=1.982e-02 | Time: 8 days, 5:49:23.602951
2026-06-25 05:09:36 - pino - INFO - Epoch 9200 | data loss=1.565e-04 | bc loss=4.934e-05 | valid MSE=2.058e-04 | valid rel L2=9.799e-03 | pressure=2.198e-03, u=2.009e-03, v=1.988e-02 | Time: 8 days, 6:01:39.608818
2026-06-25 05:21:54 - pino - INFO - Epoch 9210 | data loss=1.564e-04 | bc loss=4.937e-05 | valid MSE=2.048e-04 | valid rel L2=9.759e-03 | pressure=2.176e-03, u=1.994e-03, v=1.976e-02 | Time: 8 days, 6:13:57.759067
2026-06-25 05:34:18 - pino - INFO - Epoch 9220 | data loss=1.564e-04 | bc loss=4.937e-05 | valid MSE=2.063e-04 | valid rel L2=9.780e-03 | pressure=2.187e-03, u=1.999e-03, v=1.986e-02 | Time: 8 days, 6:26:21.646438
2026-06-25 05:46:40 - pino - INFO - Epoch 9230 | data loss=1.564e-04 | bc loss=4.936e-05 | valid MSE=2.050e-04 | valid rel L2=9.769e-03 | pressure=2.197e-03, u=1.998e-03, v=1.987e-02 | Time: 8 days, 6:38:43.080299
2026-06-25 05:59:03 - pino - INFO - Epoch 9240 | data loss=1.562e-04 | bc loss=4.927e-05 | valid MSE=2.065e-04 | valid rel L2=9.792e-03 | pressure=2.197e-03, u=2.025e-03, v=1.988e-02 | Time: 8 days, 6:51:06.013671
2026-06-25 06:11:54 - pino - INFO - Epoch 9250 | data loss=1.563e-04 | bc loss=4.914e-05 | valid MSE=2.052e-04 | valid rel L2=9.766e-03 | pressure=2.193e-03, u=2.000e-03, v=1.981e-02 | Time: 8 days, 7:03:57.345241
2026-06-25 06:24:17 - pino - INFO - Epoch 9260 | data loss=1.561e-04 | bc loss=4.925e-05 | valid MSE=2.060e-04 | valid rel L2=9.785e-03 | pressure=2.186e-03, u=2.002e-03, v=1.986e-02 | Time: 8 days, 7:16:20.637890
2026-06-25 06:36:38 - pino - INFO - Epoch 9270 | data loss=1.561e-04 | bc loss=4.920e-05 | valid MSE=2.072e-04 | valid rel L2=9.777e-03 | pressure=2.188e-03, u=2.013e-03, v=1.983e-02 | Time: 8 days, 7:28:41.763311
2026-06-25 06:49:04 - pino - INFO - Epoch 9280 | data loss=1.560e-04 | bc loss=4.918e-05 | valid MSE=2.063e-04 | valid rel L2=9.755e-03 | pressure=2.204e-03, u=2.004e-03, v=1.981e-02 | Time: 8 days, 7:41:07.260590
2026-06-25 07:01:25 - pino - INFO - Epoch 9290 | data loss=1.561e-04 | bc loss=4.918e-05 | valid MSE=2.063e-04 | valid rel L2=9.785e-03 | pressure=2.182e-03, u=2.018e-03, v=1.993e-02 | Time: 8 days, 7:53:28.588823
2026-06-25 07:13:44 - pino - INFO - Epoch 9300 | data loss=1.560e-04 | bc loss=4.907e-05 | valid MSE=2.058e-04 | valid rel L2=9.795e-03 | pressure=2.196e-03, u=1.999e-03, v=1.989e-02 | Time: 8 days, 8:05:47.318681
2026-06-25 07:26:04 - pino - INFO - Epoch 9310 | data loss=1.559e-04 | bc loss=4.910e-05 | valid MSE=2.065e-04 | valid rel L2=9.829e-03 | pressure=2.185e-03, u=2.010e-03, v=1.991e-02 | Time: 8 days, 8:18:07.211380
2026-06-25 07:38:26 - pino - INFO - Epoch 9320 | data loss=1.558e-04 | bc loss=4.908e-05 | valid MSE=2.046e-04 | valid rel L2=9.727e-03 | pressure=2.223e-03, u=2.004e-03, v=1.974e-02 | Time: 8 days, 8:30:28.878905
2026-06-25 07:50:42 - pino - INFO - Epoch 9330 | data loss=1.558e-04 | bc loss=4.907e-05 | valid MSE=2.061e-04 | valid rel L2=9.810e-03 | pressure=2.184e-03, u=2.011e-03, v=1.988e-02 | Time: 8 days, 8:42:45.420070
2026-06-25 08:02:59 - pino - INFO - Epoch 9340 | data loss=1.558e-04 | bc loss=4.900e-05 | valid MSE=2.052e-04 | valid rel L2=9.753e-03 | pressure=2.184e-03, u=1.999e-03, v=1.981e-02 | Time: 8 days, 8:55:02.462622
2026-06-25 08:15:15 - pino - INFO - Epoch 9350 | data loss=1.557e-04 | bc loss=4.899e-05 | valid MSE=2.050e-04 | valid rel L2=9.744e-03 | pressure=2.183e-03, u=2.006e-03, v=1.982e-02 | Time: 8 days, 9:07:17.870378
2026-06-25 08:27:29 - pino - INFO - Epoch 9360 | data loss=1.557e-04 | bc loss=4.895e-05 | valid MSE=2.062e-04 | valid rel L2=9.783e-03 | pressure=2.180e-03, u=2.005e-03, v=1.981e-02 | Time: 8 days, 9:19:32.644982
2026-06-25 08:39:51 - pino - INFO - Epoch 9370 | data loss=1.557e-04 | bc loss=4.897e-05 | valid MSE=2.052e-04 | valid rel L2=9.776e-03 | pressure=2.202e-03, u=2.002e-03, v=1.984e-02 | Time: 8 days, 9:31:54.322405
2026-06-25 08:52:11 - pino - INFO - Epoch 9380 | data loss=1.556e-04 | bc loss=4.891e-05 | valid MSE=2.046e-04 | valid rel L2=9.696e-03 | pressure=2.189e-03, u=2.004e-03, v=1.969e-02 | Time: 8 days, 9:44:14.176848
2026-06-25 09:04:50 - pino - INFO - Epoch 9390 | data loss=1.555e-04 | bc loss=4.891e-05 | valid MSE=2.054e-04 | valid rel L2=9.753e-03 | pressure=2.191e-03, u=2.009e-03, v=1.979e-02 | Time: 8 days, 9:56:52.767028
2026-06-25 09:17:11 - pino - INFO - Epoch 9400 | data loss=1.555e-04 | bc loss=4.884e-05 | valid MSE=2.061e-04 | valid rel L2=9.788e-03 | pressure=2.196e-03, u=1.985e-03, v=1.986e-02 | Time: 8 days, 10:09:14.382436
2026-06-25 09:29:32 - pino - INFO - Epoch 9410 | data loss=1.555e-04 | bc loss=4.884e-05 | valid MSE=2.052e-04 | valid rel L2=9.763e-03 | pressure=2.203e-03, u=2.002e-03, v=1.982e-02 | Time: 8 days, 10:21:35.726832
2026-06-25 09:41:52 - pino - INFO - Epoch 9420 | data loss=1.554e-04 | bc loss=4.884e-05 | valid MSE=2.055e-04 | valid rel L2=9.756e-03 | pressure=2.188e-03, u=2.007e-03, v=1.982e-02 | Time: 8 days, 10:33:55.294495
2026-06-25 09:54:18 - pino - INFO - Epoch 9430 | data loss=1.554e-04 | bc loss=4.882e-05 | valid MSE=2.048e-04 | valid rel L2=9.742e-03 | pressure=2.185e-03, u=2.011e-03, v=1.979e-02 | Time: 8 days, 10:46:21.040950
2026-06-25 10:06:49 - pino - INFO - Epoch 9440 | data loss=1.553e-04 | bc loss=4.880e-05 | valid MSE=2.047e-04 | valid rel L2=9.725e-03 | pressure=2.183e-03, u=2.007e-03, v=1.975e-02 | Time: 8 days, 10:58:52.582489
2026-06-25 10:19:14 - pino - INFO - Epoch 9450 | data loss=1.553e-04 | bc loss=4.878e-05 | valid MSE=2.042e-04 | valid rel L2=9.720e-03 | pressure=2.185e-03, u=1.994e-03, v=1.973e-02 | Time: 8 days, 11:11:16.795001
2026-06-25 10:31:37 - pino - INFO - Epoch 9460 | data loss=1.553e-04 | bc loss=4.879e-05 | valid MSE=2.040e-04 | valid rel L2=9.713e-03 | pressure=2.184e-03, u=2.001e-03, v=1.974e-02 | Time: 8 days, 11:23:40.356726
2026-06-25 10:44:20 - pino - INFO - Epoch 9470 | data loss=1.552e-04 | bc loss=4.873e-05 | valid MSE=2.045e-04 | valid rel L2=9.740e-03 | pressure=2.182e-03, u=2.001e-03, v=1.981e-02 | Time: 8 days, 11:36:23.088860
2026-06-25 10:57:10 - pino - INFO - Epoch 9480 | data loss=1.552e-04 | bc loss=4.873e-05 | valid MSE=2.053e-04 | valid rel L2=9.756e-03 | pressure=2.179e-03, u=2.012e-03, v=1.983e-02 | Time: 8 days, 11:49:12.765813
2026-06-25 11:09:56 - pino - INFO - Epoch 9490 | data loss=1.551e-04 | bc loss=4.870e-05 | valid MSE=2.047e-04 | valid rel L2=9.736e-03 | pressure=2.180e-03, u=1.992e-03, v=1.975e-02 | Time: 8 days, 12:01:58.789043
2026-06-25 11:22:45 - pino - INFO - Epoch 9500 | data loss=1.551e-04 | bc loss=4.866e-05 | valid MSE=2.042e-04 | valid rel L2=9.711e-03 | pressure=2.183e-03, u=2.006e-03, v=1.973e-02 | Time: 8 days, 12:14:48.324775
2026-06-25 11:35:41 - pino - INFO - Epoch 9510 | data loss=1.551e-04 | bc loss=4.868e-05 | valid MSE=2.042e-04 | valid rel L2=9.722e-03 | pressure=2.178e-03, u=1.995e-03, v=1.979e-02 | Time: 8 days, 12:27:44.046192
2026-06-25 11:48:32 - pino - INFO - Epoch 9520 | data loss=1.550e-04 | bc loss=4.866e-05 | valid MSE=2.058e-04 | valid rel L2=9.780e-03 | pressure=2.185e-03, u=2.005e-03, v=1.983e-02 | Time: 8 days, 12:40:35.138460
2026-06-25 12:01:17 - pino - INFO - Epoch 9530 | data loss=1.550e-04 | bc loss=4.864e-05 | valid MSE=2.039e-04 | valid rel L2=9.711e-03 | pressure=2.182e-03, u=2.006e-03, v=1.972e-02 | Time: 8 days, 12:53:20.639897
2026-06-25 12:14:05 - pino - INFO - Epoch 9540 | data loss=1.550e-04 | bc loss=4.857e-05 | valid MSE=2.049e-04 | valid rel L2=9.767e-03 | pressure=2.179e-03, u=2.013e-03, v=1.980e-02 | Time: 8 days, 13:06:08.687308
2026-06-25 12:26:46 - pino - INFO - Epoch 9550 | data loss=1.550e-04 | bc loss=4.855e-05 | valid MSE=2.044e-04 | valid rel L2=9.717e-03 | pressure=2.174e-03, u=1.998e-03, v=1.973e-02 | Time: 8 days, 13:18:48.785196
2026-06-25 12:39:29 - pino - INFO - Epoch 9560 | data loss=1.549e-04 | bc loss=4.852e-05 | valid MSE=2.044e-04 | valid rel L2=9.706e-03 | pressure=2.180e-03, u=2.005e-03, v=1.973e-02 | Time: 8 days, 13:31:32.717777
2026-06-25 12:52:10 - pino - INFO - Epoch 9570 | data loss=1.549e-04 | bc loss=4.849e-05 | valid MSE=2.044e-04 | valid rel L2=9.720e-03 | pressure=2.176e-03, u=2.005e-03, v=1.977e-02 | Time: 8 days, 13:44:13.300904
2026-06-25 13:05:00 - pino - INFO - Epoch 9580 | data loss=1.549e-04 | bc loss=4.857e-05 | valid MSE=2.044e-04 | valid rel L2=9.724e-03 | pressure=2.176e-03, u=2.007e-03, v=1.978e-02 | Time: 8 days, 13:57:03.636885
2026-06-25 13:18:02 - pino - INFO - Epoch 9590 | data loss=1.548e-04 | bc loss=4.848e-05 | valid MSE=2.046e-04 | valid rel L2=9.735e-03 | pressure=2.188e-03, u=2.013e-03, v=1.976e-02 | Time: 8 days, 14:10:04.893010
2026-06-25 13:30:48 - pino - INFO - Epoch 9600 | data loss=1.549e-04 | bc loss=4.848e-05 | valid MSE=2.045e-04 | valid rel L2=9.729e-03 | pressure=2.192e-03, u=1.994e-03, v=1.979e-02 | Time: 8 days, 14:22:51.639581
2026-06-25 13:43:23 - pino - INFO - Epoch 9610 | data loss=1.548e-04 | bc loss=4.847e-05 | valid MSE=2.041e-04 | valid rel L2=9.709e-03 | pressure=2.174e-03, u=2.007e-03, v=1.972e-02 | Time: 8 days, 14:35:25.969485
2026-06-25 13:55:46 - pino - INFO - Epoch 9620 | data loss=1.548e-04 | bc loss=4.845e-05 | valid MSE=2.050e-04 | valid rel L2=9.740e-03 | pressure=2.175e-03, u=1.996e-03, v=1.979e-02 | Time: 8 days, 14:47:49.344426
2026-06-25 14:08:10 - pino - INFO - Epoch 9630 | data loss=1.547e-04 | bc loss=4.843e-05 | valid MSE=2.037e-04 | valid rel L2=9.699e-03 | pressure=2.177e-03, u=1.997e-03, v=1.972e-02 | Time: 8 days, 15:00:13.458435
2026-06-25 14:20:28 - pino - INFO - Epoch 9640 | data loss=1.547e-04 | bc loss=4.844e-05 | valid MSE=2.048e-04 | valid rel L2=9.726e-03 | pressure=2.180e-03, u=2.007e-03, v=1.978e-02 | Time: 8 days, 15:12:31.751171
2026-06-25 14:32:47 - pino - INFO - Epoch 9650 | data loss=1.547e-04 | bc loss=4.840e-05 | valid MSE=2.049e-04 | valid rel L2=9.731e-03 | pressure=2.183e-03, u=2.003e-03, v=1.978e-02 | Time: 8 days, 15:24:50.333048
2026-06-25 14:45:06 - pino - INFO - Epoch 9660 | data loss=1.547e-04 | bc loss=4.839e-05 | valid MSE=2.035e-04 | valid rel L2=9.704e-03 | pressure=2.182e-03, u=1.999e-03, v=1.973e-02 | Time: 8 days, 15:37:08.833500
2026-06-25 14:57:35 - pino - INFO - Epoch 9670 | data loss=1.547e-04 | bc loss=4.838e-05 | valid MSE=2.040e-04 | valid rel L2=9.698e-03 | pressure=2.181e-03, u=2.002e-03, v=1.974e-02 | Time: 8 days, 15:49:38.713069
2026-06-25 15:10:00 - pino - INFO - Epoch 9680 | data loss=1.546e-04 | bc loss=4.834e-05 | valid MSE=2.041e-04 | valid rel L2=9.707e-03 | pressure=2.182e-03, u=2.002e-03, v=1.975e-02 | Time: 8 days, 16:02:03.727793
2026-06-25 15:22:22 - pino - INFO - Epoch 9690 | data loss=1.546e-04 | bc loss=4.835e-05 | valid MSE=2.041e-04 | valid rel L2=9.716e-03 | pressure=2.181e-03, u=1.999e-03, v=1.973e-02 | Time: 8 days, 16:14:25.497389
2026-06-25 15:34:48 - pino - INFO - Epoch 9700 | data loss=1.546e-04 | bc loss=4.836e-05 | valid MSE=2.042e-04 | valid rel L2=9.710e-03 | pressure=2.182e-03, u=2.007e-03, v=1.974e-02 | Time: 8 days, 16:26:50.961075
2026-06-25 15:47:06 - pino - INFO - Epoch 9710 | data loss=1.545e-04 | bc loss=4.834e-05 | valid MSE=2.045e-04 | valid rel L2=9.708e-03 | pressure=2.182e-03, u=2.002e-03, v=1.973e-02 | Time: 8 days, 16:39:09.516375
2026-06-25 15:59:44 - pino - INFO - Epoch 9720 | data loss=1.545e-04 | bc loss=4.832e-05 | valid MSE=2.047e-04 | valid rel L2=9.725e-03 | pressure=2.181e-03, u=2.000e-03, v=1.973e-02 | Time: 8 days, 16:51:47.225628
2026-06-25 16:12:00 - pino - INFO - Epoch 9730 | data loss=1.545e-04 | bc loss=4.830e-05 | valid MSE=2.044e-04 | valid rel L2=9.719e-03 | pressure=2.180e-03, u=1.999e-03, v=1.977e-02 | Time: 8 days, 17:04:03.546477
2026-06-25 16:24:21 - pino - INFO - Epoch 9740 | data loss=1.545e-04 | bc loss=4.834e-05 | valid MSE=2.042e-04 | valid rel L2=9.710e-03 | pressure=2.186e-03, u=2.001e-03, v=1.973e-02 | Time: 8 days, 17:16:24.243870
2026-06-25 16:36:47 - pino - INFO - Epoch 9750 | data loss=1.545e-04 | bc loss=4.828e-05 | valid MSE=2.046e-04 | valid rel L2=9.718e-03 | pressure=2.180e-03, u=1.995e-03, v=1.976e-02 | Time: 8 days, 17:28:50.009600
2026-06-25 16:49:05 - pino - INFO - Epoch 9760 | data loss=1.545e-04 | bc loss=4.828e-05 | valid MSE=2.044e-04 | valid rel L2=9.721e-03 | pressure=2.177e-03, u=2.002e-03, v=1.976e-02 | Time: 8 days, 17:41:08.139477
2026-06-25 17:01:24 - pino - INFO - Epoch 9770 | data loss=1.545e-04 | bc loss=4.829e-05 | valid MSE=2.043e-04 | valid rel L2=9.708e-03 | pressure=2.175e-03, u=2.001e-03, v=1.973e-02 | Time: 8 days, 17:53:26.866610
2026-06-25 17:13:43 - pino - INFO - Epoch 9780 | data loss=1.545e-04 | bc loss=4.828e-05 | valid MSE=2.043e-04 | valid rel L2=9.716e-03 | pressure=2.177e-03, u=1.998e-03, v=1.976e-02 | Time: 8 days, 18:05:46.668020
2026-06-25 17:26:03 - pino - INFO - Epoch 9790 | data loss=1.544e-04 | bc loss=4.824e-05 | valid MSE=2.044e-04 | valid rel L2=9.709e-03 | pressure=2.181e-03, u=2.003e-03, v=1.974e-02 | Time: 8 days, 18:18:06.635252
2026-06-25 17:38:22 - pino - INFO - Epoch 9800 | data loss=1.544e-04 | bc loss=4.824e-05 | valid MSE=2.043e-04 | valid rel L2=9.705e-03 | pressure=2.177e-03, u=1.999e-03, v=1.973e-02 | Time: 8 days, 18:30:25.546933
2026-06-25 17:50:41 - pino - INFO - Epoch 9810 | data loss=1.544e-04 | bc loss=4.822e-05 | valid MSE=2.043e-04 | valid rel L2=9.716e-03 | pressure=2.182e-03, u=2.001e-03, v=1.975e-02 | Time: 8 days, 18:42:43.970156
2026-06-25 18:03:00 - pino - INFO - Epoch 9820 | data loss=1.544e-04 | bc loss=4.822e-05 | valid MSE=2.042e-04 | valid rel L2=9.703e-03 | pressure=2.178e-03, u=2.002e-03, v=1.974e-02 | Time: 8 days, 18:55:03.251784
2026-06-25 18:15:20 - pino - INFO - Epoch 9830 | data loss=1.544e-04 | bc loss=4.823e-05 | valid MSE=2.043e-04 | valid rel L2=9.711e-03 | pressure=2.178e-03, u=1.998e-03, v=1.974e-02 | Time: 8 days, 19:07:23.192122
2026-06-25 18:27:40 - pino - INFO - Epoch 9840 | data loss=1.543e-04 | bc loss=4.824e-05 | valid MSE=2.043e-04 | valid rel L2=9.704e-03 | pressure=2.176e-03, u=2.000e-03, v=1.974e-02 | Time: 8 days, 19:19:43.649775
2026-06-25 18:40:04 - pino - INFO - Epoch 9850 | data loss=1.543e-04 | bc loss=4.823e-05 | valid MSE=2.044e-04 | valid rel L2=9.709e-03 | pressure=2.176e-03, u=2.000e-03, v=1.975e-02 | Time: 8 days, 19:32:07.602450
2026-06-25 18:52:28 - pino - INFO - Epoch 9860 | data loss=1.543e-04 | bc loss=4.822e-05 | valid MSE=2.042e-04 | valid rel L2=9.705e-03 | pressure=2.175e-03, u=1.999e-03, v=1.975e-02 | Time: 8 days, 19:44:31.226185
2026-06-25 19:04:53 - pino - INFO - Epoch 9870 | data loss=1.543e-04 | bc loss=4.821e-05 | valid MSE=2.042e-04 | valid rel L2=9.707e-03 | pressure=2.175e-03, u=1.999e-03, v=1.974e-02 | Time: 8 days, 19:56:56.151189
2026-06-25 19:17:12 - pino - INFO - Epoch 9880 | data loss=1.543e-04 | bc loss=4.820e-05 | valid MSE=2.042e-04 | valid rel L2=9.702e-03 | pressure=2.176e-03, u=2.001e-03, v=1.973e-02 | Time: 8 days, 20:09:14.770137
2026-06-25 19:29:30 - pino - INFO - Epoch 9890 | data loss=1.543e-04 | bc loss=4.819e-05 | valid MSE=2.042e-04 | valid rel L2=9.704e-03 | pressure=2.175e-03, u=2.002e-03, v=1.974e-02 | Time: 8 days, 20:21:32.992815
2026-06-25 19:41:50 - pino - INFO - Epoch 9900 | data loss=1.543e-04 | bc loss=4.819e-05 | valid MSE=2.043e-04 | valid rel L2=9.707e-03 | pressure=2.178e-03, u=2.001e-03, v=1.974e-02 | Time: 8 days, 20:33:53.420786
2026-06-25 19:54:09 - pino - INFO - Epoch 9910 | data loss=1.543e-04 | bc loss=4.817e-05 | valid MSE=2.041e-04 | valid rel L2=9.705e-03 | pressure=2.176e-03, u=2.000e-03, v=1.974e-02 | Time: 8 days, 20:46:12.741047
2026-06-25 20:06:31 - pino - INFO - Epoch 9920 | data loss=1.543e-04 | bc loss=4.819e-05 | valid MSE=2.041e-04 | valid rel L2=9.703e-03 | pressure=2.176e-03, u=2.001e-03, v=1.974e-02 | Time: 8 days, 20:58:34.562007
2026-06-25 20:18:49 - pino - INFO - Epoch 9930 | data loss=1.543e-04 | bc loss=4.818e-05 | valid MSE=2.043e-04 | valid rel L2=9.709e-03 | pressure=2.177e-03, u=2.001e-03, v=1.974e-02 | Time: 8 days, 21:10:51.883734
2026-06-25 20:31:06 - pino - INFO - Epoch 9940 | data loss=1.543e-04 | bc loss=4.816e-05 | valid MSE=2.043e-04 | valid rel L2=9.707e-03 | pressure=2.177e-03, u=2.001e-03, v=1.974e-02 | Time: 8 days, 21:23:09.140899
2026-06-25 20:43:22 - pino - INFO - Epoch 9950 | data loss=1.543e-04 | bc loss=4.817e-05 | valid MSE=2.042e-04 | valid rel L2=9.704e-03 | pressure=2.177e-03, u=2.000e-03, v=1.974e-02 | Time: 8 days, 21:35:24.902111
2026-06-25 20:55:37 - pino - INFO - Epoch 9960 | data loss=1.543e-04 | bc loss=4.815e-05 | valid MSE=2.042e-04 | valid rel L2=9.705e-03 | pressure=2.176e-03, u=2.000e-03, v=1.974e-02 | Time: 8 days, 21:47:40.499801
2026-06-25 21:07:55 - pino - INFO - Epoch 9970 | data loss=1.543e-04 | bc loss=4.816e-05 | valid MSE=2.042e-04 | valid rel L2=9.704e-03 | pressure=2.177e-03, u=2.000e-03, v=1.974e-02 | Time: 8 days, 21:59:58.269196
2026-06-25 21:20:14 - pino - INFO - Epoch 9980 | data loss=1.543e-04 | bc loss=4.818e-05 | valid MSE=2.042e-04 | valid rel L2=9.704e-03 | pressure=2.177e-03, u=2.000e-03, v=1.974e-02 | Time: 8 days, 22:12:17.055010
2026-06-25 21:32:32 - pino - INFO - Epoch 9990 | data loss=1.543e-04 | bc loss=4.814e-05 | valid MSE=2.042e-04 | valid rel L2=9.705e-03 | pressure=2.177e-03, u=2.000e-03, v=1.974e-02 | Time: 8 days, 22:24:35.249898
2026-06-25 21:44:46 - pino - INFO - Epoch 10000 | data loss=1.543e-04 | bc loss=4.816e-05 | valid MSE=2.042e-04 | valid rel L2=9.705e-03 | pressure=2.177e-03, u=2.000e-03, v=1.974e-02 | Time: 8 days, 22:36:49.146586
2026-06-25 21:44:46 - pino - INFO - Best validation MSE: 0.0002030717569141416
2026-06-25 21:44:46 - pino - INFO - Saved: results/061626_2/checkpoint.pt
2026-06-25 21:44:46 - pino - INFO - e976ee50-99ed-4aba-9b6b-9dcd5634d07d:IPyWidgets:8.1.8
2026-06-25 21:44:46 - pino - INFO - e976ee50-99ed-4aba-9b6b-9dcd5634d07d:IPyWidgets:8.1.8
2026-06-25 21:44:46 - pino - INFO - e976ee50-99ed-4aba-9b6b-9dcd5634d07d:IPyWidgets:8.1.8
2026-06-25 21:44:46 - pino - INFO - e976ee50-99ed-4aba-9b6b-9dcd5634d07d:IPyWidgets:8.1.8
2026-06-25 21:44:46 - pino - INFO - e976ee50-99ed-4aba-9b6b-9dcd5634d07d:IPyWidgets:8.1.8
2026-06-25 21:44:46 - pino - INFO - ['/jupyter-matplotlib/extension.js', '/jupyter-js-widgets/extension.js']
2026-06-25 21:44:46 - pino - INFO - ['/jupyter-matplotlib/extension.js', '/jupyter-js-widgets/extension.js']
2026-06-25 21:44:46 - pino - INFO - ['/jupyter-matplotlib/extension.js', '/jupyter-js-widgets/extension.js']
2026-06-25 21:44:46 - pino - INFO - ['/jupyter-matplotlib/extension.js', '/jupyter-js-widgets/extension.js']
2026-06-25 21:44:46 - pino - INFO - ['/jupyter-matplotlib/extension.js', '/jupyter-js-widgets/extension.js']
2026-06-26 12:53:15 - pino - INFO - e976ee50-99ed-4aba-9b6b-9dcd5634d07d:IPyWidgets:8.1.8
2026-06-26 12:53:15 - pino - INFO - ['/jupyter-matplotlib/extension.js', '/jupyter-js-widgets/extension.js']
