iter,continuity,x-velocity,y-velocity
1,1.0,0.0003839640707450763,3.715013210270096e-05
2,0.6213357324605359,0.0002210566361687742,1.694231244631218e-05
3,0.4828333479670899,0.0001708581276834511,9.450148924041331e-06
4,0.3847796276635549,0.0001529398740789409,6.339741825762393e-06
5,0.3062091617678893,0.0001444971055402229,5.115012722221633e-06
6,0.2333980195168977,0.0001398537538393535,4.387855429259805e-06
7,0.1650377964817239,0.0001347045342764617,3.889430205852378e-06
8,0.1021761928905263,0.0001282945958967838,3.412702027529519e-06
9,0.04996710713869423,0.0001208344353853012,3.025557924505946e-06
10,0.04561567925377912,0.0001108233907465935,2.740232945932552e-06
11,0.08086652295025651,0.0001006476199119012,2.392415402131093e-06
12,0.1196079537200109,8.795147562624574e-05,2.22655597074135e-06
13,0.1482297688225498,7.512308973451099e-05,1.984716836522481e-06
14,0.1662281035178293,6.282734424094929e-05,1.726214650269813e-06
15,0.1766445177244528,5.137697052178881e-05,1.529209892674046e-06
16,0.1805174309995728,4.109277953121491e-05,1.38904895861368e-06
17,0.1759712172794261,3.188145783014336e-05,1.291768621598039e-06
18,0.1581941262995716,2.543592428392967e-05,1.230721881664378e-06
19,0.1353076593643461,2.119176861918999e-05,1.195778954867605e-06
20,0.1025351442582156,2.157314147845989e-05,1.151088996624517e-06
21,0.07073178899287694,2.170352796854699e-05,1.051166762958618e-06
22,0.04285862942076979,2.072296897047672e-05,9.465085530286015e-07
23,0.02144556722089668,1.88591399607436e-05,8.446391593970674e-07
24,0.02303179445295729,1.681572345190553e-05,7.713909228395094e-07
25,0.03077421035223809,1.552896330958971e-05,7.182309725371142e-07
26,0.0338740172880618,1.551647375625153e-05,6.581679694632159e-07
27,0.03429432051277459,1.575170030408406e-05,6.129106610856821e-07
28,0.03207830985619204,1.603396923795665e-05,5.727363357583746e-07
29,0.02809615674351598,1.621942016440694e-05,5.411780053838722e-07
30,0.0230600079078839,1.62222947468706e-05,5.162461122284334e-07
31,0.01789105337429546,1.609199572048199e-05,4.941200806820583e-07
32,0.01295268509059419,1.578288117803438e-05,4.736000828360378e-07
33,0.008968142176905345,1.54558237559065e-05,4.544260092498936e-07
34,0.006573910799411187,1.510934239026978e-05,4.379701280352458e-07
35,0.007236692318685858,1.461998527833658e-05,4.265628924073811e-07
36,0.009240331801450717,1.410422988153833e-05,4.177319393481672e-07
37,0.01073432327829901,1.358249473079939e-05,4.094735441255253e-07
38,0.0114756596680934,1.309759628788535e-05,4.005469005390453e-07
39,0.01171689381109765,1.262800032835523e-05,3.927958768586012e-07
40,0.01134174677434125,1.220926711708022e-05,3.842123416477752e-07
41,0.01053613322782531,1.183438658248742e-05,3.755399615574274e-07
42,0.009457405101246874,1.150238426538036e-05,3.666778828461976e-07
43,0.008200396609738802,1.124350017410327e-05,3.569345169573793e-07
44,0.007261914488399739,1.100466098533251e-05,3.477310759057819e-07
45,0.006560097061169142,1.078008334653033e-05,3.389113178412207e-07
46,0.006028343990620099,1.056555405896029e-05,3.30279443942336e-07
47,0.005588549257169934,1.036083272657136e-05,3.219983437602434e-07
48,0.005209533792178435,1.016403550913924e-05,3.140791057127529e-07
49,0.00492112518970076,9.975480328318039e-06,3.066071950520841e-07
50,0.004702213352591271,9.794052199969099e-06,2.994992665787312e-07
51,0.004509711525023097,9.6198901070158e-06,2.927063190543997e-07
52,0.004363067024867261,9.451380411195498e-06,2.861669472498779e-07
53,0.004249432042194556,9.287658330017415e-06,2.799329582945455e-07
54,0.004175727943249807,9.128572716840205e-06,2.740013599904331e-07
55,0.004135956020345541,8.973964407865e-06,2.683778811066478e-07
56,0.004101754922137379,8.823745748043723e-06,2.629573680583183e-07
57,0.004094033676639746,8.677267803192382e-06,2.578140177696641e-07
58,0.004113813483803034,8.534576270443728e-06,2.528793448417399e-07
59,0.004154012994308376,8.395143591882832e-06,2.481387686836703e-07
60,0.004197292413369736,8.258443236941048e-06,2.436206651700538e-07
61,0.004259355557785212,8.124443204035252e-06,2.393089555432787e-07
62,0.004331508222678766,7.993400298245329e-06,2.351783572599578e-07
63,0.004385037161723827,7.865241639678307e-06,2.311618737682917e-07
64,0.004450220783002649,7.739998064499186e-06,2.2732012258911e-07
65,0.00449601895696938,7.617760095529606e-06,2.235831812083532e-07
66,0.004527525866527962,7.498146380371313e-06,2.198927931083775e-07
67,0.004547986738263095,7.381157172305747e-06,2.163506195378133e-07
68,0.004554146062284561,7.266737404886833e-06,2.128090292542024e-07
69,0.004476334335925191,7.153991112216773e-06,2.092772973131331e-07
70,0.004467128062872286,7.044951896092797e-06,2.058642151916978e-07
71,0.004439296232485326,6.938597036569891e-06,2.025333075736621e-07
72,0.004403759661615687,6.834731628838474e-06,1.993034414949842e-07
73,0.004352816798921671,6.733248162466067e-06,1.96095514910907e-07
74,0.004288854823688036,6.634132646985133e-06,1.929429118958802e-07
75,0.00420919661624198,6.537296978819453e-06,1.898223417565114e-07
76,0.004124938490673502,6.442623904840143e-06,1.867366161351539e-07
77,0.004046922493377542,6.349988529609829e-06,1.838117976877925e-07
78,0.003953301301879467,6.259432765329286e-06,1.809271151853517e-07
79,0.003852948233624945,6.1708874932985e-06,1.780599220370696e-07
80,0.003747784387875583,6.084256835660463e-06,1.752082353063927e-07
81,0.003637513545709023,5.999437290886474e-06,1.723622789506243e-07
82,0.003538942323604417,5.916382769455746e-06,1.695517656437509e-07
83,0.003438299057847614,5.83509619279211e-06,1.667461350872739e-07
84,0.003350700141788105,5.7554020146349e-06,1.639837054536233e-07
85,0.00327714882989202,5.677285083365916e-06,1.612922796324016e-07
86,0.003214412780159269,5.600744934161139e-06,1.586927871658154e-07
87,0.003171089193519537,5.525658661769226e-06,1.562141504332069e-07
88,0.003135755926889915,5.452002247557621e-06,1.538491100786387e-07
89,0.003098510832521347,5.379707854794615e-06,1.515498779631564e-07
90,0.003063014550850402,5.308763979108684e-06,1.492913133555237e-07
91,0.003029500893385954,5.239060852793617e-06,1.470687939115094e-07
92,0.002998859508229463,5.170627463971284e-06,1.448985993279903e-07
93,0.002976445992340052,5.103426006499467e-06,1.42799518562425e-07
94,0.002962998595044914,5.037397310213089e-06,1.407432068142663e-07
95,0.002955321473994849,4.972540552359912e-06,1.387738187300912e-07
96,0.002949903088839927,4.908856966408329e-06,1.36885607930381e-07
97,0.00294344147798887,4.846245391724604e-06,1.350600656628128e-07
98,0.002929684269888177,4.784561981547274e-06,1.332455095742596e-07
99,0.002921413084230963,4.724008225862478e-06,1.31464837485271e-07
100,0.002922869116306694,4.664667111894032e-06,1.297898219871977e-07
101,0.00291736251689595,4.606240962797913e-06,1.281694821621304e-07
102,0.00290824359755372,4.548796218014217e-06,1.265816322984544e-07
103,0.002889533884467796,4.492227774045074e-06,1.249866032893182e-07
104,0.002863173944642036,4.436368606181577e-06,1.23362856742281e-07
105,0.002844123766736126,4.381430509742014e-06,1.217518115399034e-07
106,0.00282780729507886,4.32732875665124e-06,1.201832072388951e-07
107,0.002814910255964491,4.274083643056278e-06,1.186611677877183e-07
108,0.002802222236254069,4.221679319475363e-06,1.17187784841056e-07
109,0.002788129600369424,4.170044896537406e-06,1.157614612373753e-07
110,0.002771137627693206,4.119210222436537e-06,1.143594671333351e-07
111,0.002752758584976887,4.069180825508079e-06,1.129892523307628e-07
112,0.002739414413275875,4.020354297148038e-06,1.117257585238305e-07
113,0.002711169815424635,3.971691396223081e-06,1.104530757577471e-07
114,0.002688612158195653,3.92399765635282e-06,1.091870208624543e-07
115,0.002661796642353439,3.877022101900866e-06,1.079534475952367e-07
116,0.002630836544841318,3.830523255224481e-06,1.067310601833684e-07
117,0.002602745388906813,3.784784292128929e-06,1.055393637723462e-07
118,0.002576763619989271,3.739936741059659e-06,1.04399404502284e-07
119,0.002544986211239054,3.695628834008609e-06,1.032927914813752e-07
120,0.002509529851644038,3.651858961542525e-06,1.021937751816839e-07
121,0.002472017237869472,3.608517104371529e-06,1.010906935709136e-07
122,0.002435854284027796,3.565866517257684e-06,9.998595287027205e-08
123,0.002394648287693054,3.523514864491596e-06,9.887634145053623e-08
124,0.002358601041797068,3.48181606650617e-06,9.776864002415308e-08
125,0.00232378316605054,3.440635591207997e-06,9.668900253406082e-08
126,0.002291447345831144,3.399975186250502e-06,9.56328610694373e-08
127,0.002261221356184531,3.359844308434349e-06,9.459917965559146e-08
128,0.002233358751378948,3.320237473110975e-06,9.358790368382609e-08
129,0.002206609010822659,3.281063497376896e-06,9.259502282398369e-08
130,0.002183602016961223,3.24243687407236e-06,9.161560466738915e-08
131,0.002163602449708117,3.204351196533219e-06,9.065652504938738e-08
132,0.002145365279420787,3.166814853004977e-06,8.971945173416039e-08
133,0.002128445686499973,3.129809153272719e-06,8.881999660906802e-08
134,0.00211254921622688,3.093326766933536e-06,8.794780848185497e-08
135,0.002097502466149195,3.057387838242065e-06,8.709910583070156e-08
136,0.002080840712650517,3.021746293507679e-06,8.626569147968146e-08
137,0.002067304026802353,2.986640357359072e-06,8.542805777994745e-08
138,0.002059383940212951,2.952272709386701e-06,8.462588308636708e-08
139,0.002051266371718007,2.918394391708311e-06,8.387839550705505e-08
140,0.002038774102716841,2.884957094181314e-06,8.314647691183176e-08
141,0.00202537860935836,2.851916273026216e-06,8.243151583461421e-08
142,0.002012287947888773,2.819307472557366e-06,8.172332520172497e-08
143,0.001998046963447053,2.787139841122187e-06,8.102608923976678e-08
144,0.001982627178209564,2.755318704320801e-06,8.033430079783178e-08
145,0.001968082932943157,2.723974175657136e-06,7.96539220217831e-08
146,0.001951957644637611,2.693014304257961e-06,7.899161989623953e-08
147,0.001934440533476182,2.662426849441706e-06,7.833903807941074e-08
148,0.001917249871286394,2.632238428502169e-06,7.769522153078018e-08
149,0.00190027280835833,2.602466057837173e-06,7.707237155302601e-08
150,0.001880880173260474,2.573069943996974e-06,7.646011559866295e-08
151,0.001857895076426848,2.543801820814256e-06,7.584815828411728e-08
152,0.001835123383971843,2.514852255290734e-06,7.521738882843542e-08
153,0.001812987661657371,2.486221075365444e-06,7.458105778596233e-08
154,0.001792358351650719,2.457955493547317e-06,7.394919854658415e-08
155,0.0017712534624225,2.430003676113904e-06,7.333332521414451e-08
156,0.001752795215893906,2.402467255926826e-06,7.273163911108973e-08
157,0.001733266456586033,2.37524089613736e-06,7.214568215895193e-08
158,0.001714644784675466,2.348361114138703e-06,7.157292346127793e-08
159,0.001695822755272099,2.321722775379054e-06,7.100566790070946e-08
160,0.001678680731283276,2.295375495161662e-06,7.043820717328806e-08
161,0.001661615838886924,2.269337097306999e-06,6.987685611022817e-08
162,0.001645697728980726,2.243637374965508e-06,6.932613821070389e-08
163,0.001630010329524691,2.218239203377273e-06,6.878843249974132e-08
164,0.001615499890080217,2.193125583728896e-06,6.825420504158214e-08
165,0.00160107617325855,2.168308843222818e-06,6.773446494597434e-08
166,0.001587070467461287,2.143831153316855e-06,6.722380740489499e-08
167,0.001573075792505815,2.119653763210687e-06,6.671841548804886e-08
168,0.001557511787729579,2.095725738309382e-06,6.621261077619303e-08
169,0.001542796815156332,2.072093257906617e-06,6.571029147422144e-08
170,0.001529363010444345,2.048758330355794e-06,6.521236801450458e-08
171,0.001516280138673958,2.025712031037702e-06,6.472243231135102e-08
172,0.001503945298083565,2.002950788363714e-06,6.423799563943158e-08
173,0.001491903319162258,1.980465529949857e-06,6.376178256710508e-08
174,0.00147959079479863,1.95829354681002e-06,6.329573167322027e-08
175,0.001467218263840253,1.936384982624906e-06,6.283325937769546e-08
176,0.001456183221685898,1.914823192706677e-06,6.237993040509178e-08
177,0.001443334228565478,1.893495935567497e-06,6.193903781652008e-08
178,0.001428793588854025,1.872341040883551e-06,6.149645233270531e-08
179,0.001414746521457903,1.851428319296503e-06,6.104938063235549e-08
180,0.001399602811871943,1.830662271325361e-06,6.059643723435263e-08
181,0.001385425076939471,1.810145127347629e-06,6.013905793477456e-08
182,0.00137193228367019,1.789872432510584e-06,5.968600766205098e-08
183,0.001358785361087708,1.769839896916074e-06,5.923799792466841e-08
184,0.001346491899832305,1.750071502909121e-06,5.879731521483994e-08
185,0.001333985255586398,1.730523893625423e-06,5.836316227099961e-08
186,0.001322174137529704,1.711323164537318e-06,5.794181136486135e-08
187,0.001309125517575786,1.69231471202155e-06,5.752851312082221e-08
188,0.00129523819049676,1.673505039322038e-06,5.71142081042669e-08
189,0.001280888929074839,1.654886966917489e-06,5.669961803427088e-08
190,0.001266112305230704,1.63634420332743e-06,5.627677142484848e-08
191,0.001252435597698065,1.61801587455197e-06,5.584958161509052e-08
192,0.001239411166070839,1.599909464735123e-06,5.542537936141621e-08
193,0.001226471712727967,1.582004333068352e-06,5.500656909251733e-08
194,0.001213342551027436,1.564315654105043e-06,5.45912455461091e-08
195,0.001200561765194543,1.546837975163485e-06,5.417963927591714e-08
196,0.001188191772346405,1.529565510642344e-06,5.377160845107791e-08
197,0.001176246236635049,1.512493854544064e-06,5.336757324722002e-08
198,0.001164707930396618,1.495619774167766e-06,5.2967089224322e-08
199,0.001153457737876476,1.478940889287835e-06,5.257018136815757e-08
200,0.001142493600009129,1.462487043837785e-06,5.217780560938564e-08
201,0.001131202361661543,1.446205661891605e-06,5.178946201534481e-08
202,0.001120757395387047,1.430162924146496e-06,5.140529785022942e-08
203,0.001109394909087345,1.414233658181147e-06,5.102458565045744e-08
204,0.001098218968913751,1.398485312278239e-06,5.064213475548029e-08
205,0.001087562247604039,1.382915902029617e-06,5.026087336960371e-08
206,0.001077138797203512,1.36752413272505e-06,4.988271410843743e-08
207,0.001066519576257904,1.352308319219233e-06,4.95069992314047e-08
208,0.001055980503395758,1.337279788351705e-06,4.913334435421778e-08
209,0.001045582884349897,1.322421186431518e-06,4.876414766520457e-08
210,0.001034958875213448,1.307730455890936e-06,4.839762339512922e-08
211,0.001024401387070232,1.29320514517909e-06,4.803360398961938e-08
212,0.001013927756985294,1.27884282017254e-06,4.76720193637911e-08
213,0.001004647671067046,1.264701086206029e-06,4.73180200646248e-08
214,0.000994376859154114,1.250706569467614e-06,4.696972300341351e-08
215,0.0009836265209534852,1.236827823589711e-06,4.662092268894855e-08
216,0.0009727374881423284,1.223104271330408e-06,4.627085110617994e-08
217,0.00096176226196435,1.209530988908011e-06,4.592036196501294e-08
218,0.0009510161635952382,1.196104258980542e-06,4.557108865836438e-08
219,0.0009402905320171461,1.182822733402094e-06,4.522251969255105e-08
220,0.0009296384805051931,1.169685755300682e-06,4.487472259432418e-08
221,0.0009192495503117868,1.156687114002884e-06,4.452931062092077e-08
222,0.0009089848559696495,1.14382625871172e-06,4.418602098602996e-08
223,0.0008991876955087674,1.131104591795407e-06,4.384429262012349e-08
224,0.0008896771827424632,1.118521961771767e-06,4.350507518929237e-08
225,0.0008802547185797141,1.106078329042693e-06,4.316819533282011e-08
226,0.0008710446042213188,1.093771291873006e-06,4.283326238721493e-08
227,0.0008621222593821313,1.081602601762981e-06,4.250089659355152e-08
228,0.0008534694987777915,1.069570050834684e-06,4.217160625295463e-08
229,0.0008450163092494531,1.057676351014294e-06,4.184437381745314e-08
230,0.000836684557739671,1.045920670290039e-06,4.151970369504908e-08
231,0.0008285484588134475,1.034301702443357e-06,4.119781627407419e-08
232,0.0008204589152681342,1.02281787182546e-06,4.087861905280002e-08
233,0.0008124661904983285,1.01146746842316e-06,4.056214417588181e-08
234,0.0008045650076631346,1.000248572812312e-06,4.024829911256714e-08
235,0.0007967059614002074,9.891592270551279e-07,3.99369988142363e-08
236,0.0007891913478877216,9.78206288861172e-07,3.962880142094357e-08
237,0.0007816965976152085,9.674139078411422e-07,3.932230605393202e-08
238,0.0007740404402323108,9.567297034079848e-07,3.90209890216377e-08
239,0.0007662187588399073,9.461552623840416e-07,3.872157988251929e-08
240,0.0007582480138963705,9.356913885190652e-07,3.842328362585791e-08
241,0.0007503038999518951,9.253382760446291e-07,3.812581431662457e-08
242,0.0007423989982816038,9.150951607789522e-07,3.782899486366071e-08
243,0.0007344087250913121,9.049624975391604e-07,3.753327013952855e-08
244,0.0007261874836881718,8.948929388632322e-07,3.723826156843993e-08
245,0.0007181686932236727,8.849472519349085e-07,3.694200507370171e-08
246,0.0007104168898839494,8.751214892954751e-07,3.664771592189483e-08
247,0.0007028969361724572,8.654121877019917e-07,3.635640154025989e-08
248,0.0006955708646898883,8.558163136496625e-07,3.606819224520099e-08
249,0.0006885165546043101,8.463312647907363e-07,3.578283118005308e-08
250,0.0006815966384547707,8.369547932420709e-07,3.550004894223244e-08
251,0.0006747822746107718,8.276849743220708e-07,3.521963527642132e-08
252,0.0006680791153474014,8.185200829365931e-07,3.494153669721937e-08
253,0.000661510051295,8.094586017126772e-07,3.466566030211591e-08
254,0.0006550116469397678,8.004991810243506e-07,3.43919221939969e-08
255,0.0006485823862508936,7.916405256029063e-07,3.412035005385639e-08
256,0.0006421558801533189,7.828813559042452e-07,3.385072367610545e-08
257,0.0006357628393761215,7.742204392289673e-07,3.358298578535599e-08
258,0.0006293801750998339,7.656565134699796e-07,3.331696890403163e-08
259,0.0006230296750698453,7.571883344084545e-07,3.305279789828477e-08
260,0.0006165451136542787,7.488328784597867e-07,3.279041044942125e-08
261,0.0006101626799688959,7.405643300217958e-07,3.253033064588441e-08
262,0.0006035628137196313,7.323670913770643e-07,3.227080786131467e-08
263,0.0005973169608255852,7.242575789653707e-07,3.201131408090734e-08
264,0.000591278553383691,7.162362511212331e-07,3.175363246484638e-08
265,0.0005853129043755745,7.083034883034948e-07,3.149803735300971e-08
266,0.000579364995749416,7.00459326755466e-07,3.124427929909616e-08
267,0.0005734785098040194,6.927035815074454e-07,3.099248826941502e-08
268,0.0005676193552032067,6.85035650908482e-07,3.074269377154174e-08
269,0.0005618437574762452,6.774546735833193e-07,3.049494875278264e-08
270,0.000556027211939636,6.699597185303452e-07,3.024905202813637e-08
271,0.0005502717854815133,6.625493844727031e-07,3.000512841317227e-08
272,0.0005446609232416416,6.55223784812867e-07,2.976316179978566e-08
273,0.0005391284564991658,6.479796381419724e-07,2.952282920091811e-08
274,0.0005335940131388,6.40816034406992e-07,2.928429555125215e-08
275,0.0005281035524539862,6.337319733400069e-07,2.904745580817987e-08
276,0.0005226823906345227,6.267264218676163e-07,2.881234842645919e-08
277,0.0005173877397636837,6.1980849475338e-07,2.857953034046753e-08
278,0.0005120646859791133,6.129628043233535e-07,2.834814541038138e-08
279,0.000506715769751121,6.061899112649624e-07,2.811816013506387e-08
280,0.0005009675550200683,5.994405101611372e-07,2.788980637103962e-08
281,0.0004957327162499116,5.927744410127646e-07,2.765782354514862e-08
282,0.0004908237876402825,5.861899697680413e-07,2.742726242416875e-08
283,0.0004861269844203851,5.7968572062667e-07,2.719952802256955e-08
284,0.0004815714974600834,5.732603138182155e-07,2.697484254567458e-08
285,0.0004770674196947301,5.66904119306492e-07,2.675244584977359e-08
286,0.0004726675689331873,5.606273589067191e-07,2.65327196346474e-08
287,0.0004691323030814772,5.544854227244082e-07,2.63166057361226e-08
288,0.0004648973275073822,5.484074762423658e-07,2.610874624580724e-08
289,0.0004602879674644068,5.42392396535187e-07,2.590261988271965e-08
290,0.0004554475789729269,5.364384689216833e-07,2.569644761866482e-08
291,0.0004504564825185626,5.305441748089882e-07,2.549004340731916e-08
292,0.0004453231481237462,5.247083243561864e-07,2.528356519432504e-08
293,0.0004401080022290192,5.189300523810158e-07,2.507722899177787e-08
294,0.0004348877184138137,5.132087934946197e-07,2.487126692671548e-08
295,0.0004296729840883072,5.075442200602502e-07,2.466595811237924e-08
296,0.0004245071093027096,5.019362167743238e-07,2.446145277014016e-08
297,0.0004187957394583889,4.96341928447581e-07,2.425740589879712e-08
298,0.000413824601306099,4.908130819310602e-07,2.405006410351893e-08
299,0.0004092723850521751,4.853488359342008e-07,2.384408323681147e-08
300,0.0004049863626108304,4.799490380030901e-07,2.364082482045711e-08
301,0.0004009380924778283,4.746135481676216e-07,2.34404728275457e-08
302,0.0003976774549642492,4.693851501867614e-07,2.324333564966193e-08
303,0.0003939876169167155,4.642125962518191e-07,2.305346745075489e-08
304,0.0003900732100178834,4.590959653530638e-07,2.286573745426486e-08
305,0.0003860590344515299,4.540345771621429e-07,2.267885673229026e-08
306,0.000381974712436068,4.490276734415504e-07,2.249253094100096e-08
307,0.0003778897614676679,4.440745222087213e-07,2.230673805636392e-08
308,0.000373840248294452,4.391744534046119e-07,2.21216747672155e-08
309,0.0003698272037501364,4.343268735862563e-07,2.193758301362908e-08
310,0.0003658143484047224,4.295312666780773e-07,2.17545165316227e-08
311,0.0003618498841241987,4.247871748271952e-07,2.157256753062169e-08
312,0.0003579375739597112,4.20094195601055e-07,2.139182379785983e-08
313,0.0003541198458390519,4.154519658315974e-07,2.121233029243877e-08
314,0.0003503590885640379,4.108601514496602e-07,2.103412652995871e-08
315,0.0003464535146917244,4.063104827759652e-07,2.085724610971611e-08
316,0.0003427363859609604,4.018121154732777e-07,2.068056319531021e-08
317,0.0003391729061266615,3.97364632867555e-07,2.050522426421917e-08
318,0.0003356756948377287,3.929676750990009e-07,2.033151682250136e-08
319,0.0003322279861971079,3.886208326793272e-07,2.015947687147309e-08
320,0.000328857436777428,3.843236373327042e-07,1.998912386094043e-08
321,0.0003255347964751846,3.800755628848684e-07,1.982037443131753e-08
322,0.0003222787717780076,3.758760399422109e-07,1.965316246422161e-08
323,0.0003190834425544258,3.717244813780039e-07,1.948741636519545e-08
324,0.0003159101667840118,3.67620250656947e-07,1.932310526958126e-08
325,0.0003127678889623234,3.635627024551651e-07,1.916015972345418e-08
326,0.0003096756917951133,3.595511529517624e-07,1.899854970563558e-08
327,0.0003066058171047338,3.555849318366797e-07,1.883825272200375e-08
328,0.0003035352675740541,3.516633600423779e-07,1.867924091161133e-08
329,0.0003004823757940013,3.477857621618954e-07,1.852148905736234e-08
330,0.0002974584988108215,3.439514808130713e-07,1.836496821234331e-08
331,0.000294447435738914,3.401598681683154e-07,1.820965230252555e-08
332,0.0002914390279730795,3.364102744468924e-07,1.805549689289568e-08
333,0.0002884480154077274,3.327020860113447e-07,1.79024877886142e-08
334,0.0002854786431011828,3.290347161162922e-07,1.775065783164116e-08
335,0.0002826647753902699,3.254053509360217e-07,1.760018843559893e-08
336,0.0002797828948404602,3.218165108348189e-07,1.745077466071377e-08
337,0.0002768616031398809,3.182676275522984e-07,1.730237110288322e-08
338,0.0002739487596174448,3.147580426046055e-07,1.715512554288667e-08
339,0.0002709360145458221,3.112878782613321e-07,1.700933474791987e-08
340,0.0002679542186100882,3.078564682078708e-07,1.686408746587447e-08
341,0.0002650405105302601,3.044628394565603e-07,1.671979041326137e-08
342,0.0002622047181715293,3.011062163123902e-07,1.657661196062297e-08
343,0.0002593945492190176,2.977859828587792e-07,1.643458321852818e-08
344,0.000256611010228265,2.945016457075396e-07,1.629368444603231e-08
345,0.0002538580091246433,2.912528060402797e-07,1.615390431841198e-08
346,0.0002511322181509832,2.880391314448546e-07,1.601522458765829e-08
347,0.0002484538609315793,2.848603405983467e-07,1.587761945771204e-08
348,0.0002457929541087091,2.81716179810314e-07,1.574109117052038e-08
349,0.0002431805262516804,2.786064034189214e-07,1.560564216596751e-08
350,0.0002406167351947283,2.7553083045552e-07,1.547069139276392e-08
351,0.0002380945334821566,2.72489168036097e-07,1.533694905216091e-08
352,0.0002355841391342574,2.694815186300647e-07,1.520431996403917e-08
353,0.0002331163974275151,2.665072090593814e-07,1.507299976405832e-08
354,0.0002306933903508133,2.63565881036493e-07,1.494279714711114e-08
355,0.0002283063556049426,2.606572360316687e-07,1.48136733314103e-08
356,0.0002259592461632958,2.577809875374069e-07,1.46856058444412e-08
357,0.0002236357491161831,2.549368430239215e-07,1.455859018232785e-08
358,0.0002213420704952229,2.521244999943563e-07,1.443262520910873e-08
359,0.000219073644621586,2.493436366437321e-07,1.430770692694072e-08
360,0.0002168093958555636,2.465957058886974e-07,1.418375392634025e-08
361,0.000214563345916396,2.438785479843507e-07,1.406107350241865e-08
362,0.000212343793758179,2.411915456339263e-07,1.393941741396449e-08
363,0.0002101456763954517,2.385342269728967e-07,1.381874778359282e-08
364,0.0002079607159418266,2.359061507940628e-07,1.369899795604321e-08
365,0.0002058643713739231,2.333090426168787e-07,1.358007236833321e-08
366,0.0002037315416960726,2.307403206909164e-07,1.346255521478498e-08
367,0.0002015915565537423,2.281995769848729e-07,1.334599509470684e-08
368,0.0001994320368278788,2.256863878023058e-07,1.323022849782319e-08
369,0.0001972956786187376,2.232004635301233e-07,1.311530320444862e-08
370,0.0001951879588361827,2.207414779649667e-07,1.300119119984517e-08
371,0.0001931226534490014,2.183091508437543e-07,1.288791735269158e-08
372,0.0001910830504097338,2.159032285802727e-07,1.277552277672826e-08
373,0.0001890606822145214,2.135234799393677e-07,1.2663979700279e-08
374,0.0001870489217048178,2.111696879040735e-07,1.255331230812552e-08
375,0.000185062888658563,2.088416415561434e-07,1.244354918552912e-08
376,0.0001831087172725417,2.065443835738323e-07,1.233458089701406e-08
377,0.0001811481121805132,2.042713908823722e-07,1.222708597474545e-08
378,0.0001791890316836116,2.020224283476354e-07,1.212049815936022e-08
379,0.0001772493892526193,1.997973273644367e-07,1.201464285019759e-08
380,0.0001753313145890345,1.975959552664656e-07,1.190949405118359e-08
381,0.0001734387828951665,1.954181996218857e-07,1.180508332876969e-08
382,0.000171565078357296,1.932639565338191e-07,1.170143817839743e-08
383,0.0001697275671684421,1.911331189191786e-07,1.159858987707485e-08
384,0.0001679043094125342,1.890255689021751e-07,1.149654386192894e-08
385,0.0001661077993063564,1.869411751349592e-07,1.139532555676423e-08
386,0.0001643486650344071,1.848797914145548e-07,1.129495197112893e-08
387,0.0001626182466396804,1.828412569363625e-07,1.119542186439878e-08
388,0.0001609194349173684,1.808253970291573e-07,1.109673665273569e-08
389,0.0001592501539863764,1.78832024460935e-07,1.099890224162621e-08
390,0.0001575925374939563,1.768609402058818e-07,1.090191249419699e-08
391,0.0001559789031392978,1.749119344425647e-07,1.080576338756872e-08
392,0.0001543900960867266,1.729847871234798e-07,1.071044713079521e-08
393,0.0001528171317701105,1.710792688531498e-07,1.061595650726219e-08
394,0.0001512646584355223,1.691951417437323e-07,1.052228488610965e-08
395,0.000149739395207601,1.673343383872949e-07,1.042955732423655e-08
396,0.0001482199065456636,1.654934013188378e-07,1.033757517610719e-08
397,0.0001466988645838296,1.63672429204825e-07,1.024635271059269e-08
398,0.0001451906122426623,1.618714040558132e-07,1.015588476028137e-08
399,0.0001437245193028781,1.600902270733805e-07,1.006615811000768e-08
400,0.0001422697025853786,1.583286916956344e-07,9.977144119513095e-09
401,0.0001408185722722814,1.565867097897773e-07,9.88890635702674e-09
402,0.0001393656270003224,1.548640411712528e-07,9.801405799778727e-09
403,0.000137928487565673,1.531604425753001e-07,9.714639401557105e-09
404,0.0001365022653899972,1.514756768569106e-07,9.62859063449879e-09
405,0.0001350835786865721,1.498095050100431e-07,9.543253261932423e-09
406,0.0001336771879321716,1.481616959338901e-07,9.458619529555241e-09
407,0.0001322835080369507,1.465320246384692e-07,9.374686427889525e-09
408,0.0001309049327209191,1.449202737473605e-07,9.291448971070282e-09
409,0.0001295151224928773,1.433262337810509e-07,9.208881668257763e-09
410,0.0001281587630411475,1.417497033861062e-07,9.127005190634803e-09
411,0.0001268289469339513,1.401904889524348e-07,9.045820098568492e-09
412,0.0001254986430554139,1.386484036148681e-07,8.965320709135468e-09
413,0.0001241903180994256,1.371232663648953e-07,8.885493671016346e-09
414,0.0001228954565939276,1.356149012481211e-07,8.80633560284222e-09
415,0.000121609579108817,1.341231361269169e-07,8.72784028770637e-09
416,0.0001203398326713055,1.326478017813609e-07,8.650011436905361e-09
417,0.0001190850203754459,1.311887309627155e-07,8.572839520938072e-09
418,0.0001178447026231884,1.297457577334475e-07,8.496315940510746e-09
419,0.000116622032124569,1.283187168963022e-07,8.420442727962944e-09
420,0.0001154130669072451,1.269074434076079e-07,8.345215373144062e-09
421,0.0001142213022485768,1.255117725004307e-07,8.270632525784161e-09
422,0.0001130405758328995,1.241315398372611e-07,8.196696931778507e-09
423,0.0001118746722852717,1.227665805714767e-07,8.123398970121468e-09
424,0.0001107248272197581,1.214167297060787e-07,8.05072707513983e-09
425,0.0001095858552980208,1.200818219093503e-07,7.978676310254226e-09
426,0.0001084575462481595,1.187616920976793e-07,7.90724177018123e-09
427,0.0001073325508816578,1.174561641770824e-07,7.836420886037064e-09
428,0.0001062215931232867,1.161650914383818e-07,7.766206898127645e-09
429,0.0001051224979026513,1.148883103372561e-07,7.696598573473433e-09
430,0.0001040367614044519,1.136256552877475e-07,7.627583012453743e-09
431,0.0001029593390887315,1.123769639697516e-07,7.55915817109916e-09
432,0.000101901727044794,1.11142076522775e-07,7.491320811613036e-09
433,0.0001008534790796799,1.09920834801764e-07,7.424062191103978e-09
434,9.981327679149207e-05,1.087130825664561e-07,7.357383645161434e-09
435,9.878565052370357e-05,1.075186653639782e-07,7.291278423469192e-09
436,9.776371072583115e-05,1.063374307528142e-07,7.225739399505753e-09
437,9.674798785976084e-05,1.051692355886786e-07,7.160762839703399e-09
438,9.574093144919302e-05,1.040139221208383e-07,7.096343842214894e-09
439,9.474583102611358e-05,1.028713449998851e-07,7.032477874499697e-09
440,9.376283011470861e-05,1.017413615971238e-07,6.969160439156047e-09
441,9.27895250581161e-05,1.006238309976527e-07,6.906382747284998e-09
442,9.182464348925355e-05,9.951861433335627e-08,6.844146869604128e-09
443,9.087016283679216e-05,9.84255747950398e-08,6.782447242205089e-09
444,8.992283250743785e-05,9.734457751662397e-08,6.721279005920644e-09
445,8.898374173942305e-05,9.627548971754826e-08,6.660637948869792e-09
446,8.806194600031111e-05,9.521818055296527e-08,6.600516313264351e-09
447,8.714495318246792e-05,9.417252088220133e-08,6.540908922706736e-09
448,8.623476838842578e-05,9.313838333907501e-08,6.481822806042958e-09
449,8.533149406691149e-05,9.211564228639939e-08,6.423241193558595e-09
450,8.444163709529014e-05,9.110417346121644e-08,6.365156480818691e-09
451,8.356179213824569e-05,9.010385405665002e-08,6.307583707894849e-09
452,8.26924564519311e-05,8.911456257428299e-08,6.250517537304696e-09
453,8.18338493485009e-05,8.813617895004672e-08,6.193947647537777e-09
454,8.097978939297906e-05,8.716858418713388e-08,6.137870069688459e-09
455,8.013782195386473e-05,8.621166037571892e-08,6.082280341925559e-09
456,7.930542762204472e-05,8.526529080324917e-08,6.027173774759402e-09
457,7.848045442437235e-05,8.432935982057984e-08,5.972546688148625e-09
458,7.766752011190079e-05,8.340375276632663e-08,5.918396179607482e-09
459,7.686450505580308e-05,8.2488355976362e-08,5.864717775993274e-09
460,7.60676952355732e-05,8.158305692209537e-08,5.811507690820443e-09
461,7.527817834457546e-05,8.068774394802622e-08,5.758761842402592e-09
462,7.449993873822881e-05,7.980230644677462e-08,5.706476724778231e-09
463,7.370584361299162e-05,7.89236362277631e-08,5.654631317121007e-09
464,7.295757378150075e-05,7.805515867435613e-08,5.60300277027684e-09
465,7.22343276927943e-05,7.719670497204985e-08,5.55184307138869e-09
466,7.152990786283998e-05,7.634818195328432e-08,5.501188635216677e-09
467,7.083955204115859e-05,7.550949632333262e-08,5.451050900819212e-09
468,7.01638632242362e-05,7.468054301196667e-08,5.401409824326942e-09
469,6.948931093127984e-05,7.386119888716053e-08,5.352261888279482e-09
470,6.88186839444227e-05,7.305132631029779e-08,5.303592934214615e-09
471,6.815367370238733e-05,7.225077629995882e-08,5.255389067841037e-09
472,6.748987850402992e-05,7.145938394477183e-08,5.207636179817669e-09
473,6.682580555540878e-05,7.067697970771643e-08,5.160321220533941e-09
474,6.616150653002705e-05,6.990339205301007e-08,5.113430078270552e-09
475,6.549318560716873e-05,6.913845070627776e-08,5.066953769728465e-09
476,6.480089921427092e-05,6.838199012632516e-08,5.020893197765689e-09
477,6.413711811336815e-05,6.763385233795242e-08,4.975229074742634e-09
478,6.348333184575414e-05,6.689389015687524e-08,4.929952700048277e-09
479,6.282787396792506e-05,6.616196345653175e-08,4.885057410361421e-09
480,6.217323975905567e-05,6.543794618001824e-08,4.840538910308236e-09
481,6.152167290433673e-05,6.472172044984209e-08,4.796393048694374e-09
482,6.087241613988791e-05,6.401317978047232e-08,4.752615147418049e-09
483,6.022694149525658e-05,6.331222786926921e-08,4.709202273161753e-09
484,5.958220042347866e-05,6.261877766265392e-08,4.66615495610652e-09
485,5.89415138035817e-05,6.193275033432475e-08,4.623471083279086e-09
486,5.830519803648842e-05,6.125440280124539e-08,4.581135581154626e-09
487,5.76767075429399e-05,6.058326592426451e-08,4.539188032999814e-09
488,5.705601640898086e-05,5.991927733762412e-08,4.497600199317788e-09
489,5.643603825401238e-05,5.926238771685321e-08,4.456362705870297e-09
490,5.582243766766005e-05,5.861255378402042e-08,4.415475016019911e-09
491,5.522859508926701e-05,5.796973456670486e-08,4.374936677171972e-09
492,5.464405615138361e-05,5.733388914333092e-08,4.3347487294282e-09
493,5.406340520598843e-05,5.670497497265777e-08,4.29491198784763e-09
494,5.34834250959271e-05,5.608294740542102e-08,4.255427157091521e-09
495,5.292083323576741e-05,5.546775925975264e-08,4.216294811705531e-09
496,5.237073224174083e-05,5.485935894657487e-08,4.177513883039643e-09
497,5.182743123161238e-05,5.42576952227686e-08,4.139083038651101e-09
498,5.129313422946465e-05,5.366271194071446e-08,4.101000958642023e-09
499,5.076578565113895e-05,5.307435005514972e-08,4.06326558101413e-09
500,5.024508536257014e-05,5.249254727144671e-08,4.025874902845352e-09
501,4.97313596113258e-05,5.191723853945371e-08,3.988826385317288e-09
502,4.922334550701202e-05,5.134835600708776e-08,3.952116888776843e-09
503,4.872062642149062e-05,5.078582937807442e-08,3.915739829998573e-09
504,4.82233544826443e-05,5.022958619610254e-08,3.879695886379201e-09
505,4.773319325602238e-05,4.96795521437664e-08,3.843984417347658e-09
506,4.724600208453186e-05,4.913565143607828e-08,3.80859612497121e-09
507,4.676444889292609e-05,4.859780729802e-08,3.77352830544735e-09
508,4.628954860120045e-05,4.806594243920709e-08,3.738778534017788e-09
509,4.581904286710348e-05,4.753997947378673e-08,3.704342819228203e-09
510,4.53510965844731e-05,4.701984136609803e-08,3.670216165898501e-09
511,4.488651287552166e-05,4.650545183867646e-08,3.636395825724148e-09
512,4.442599228415212e-05,4.599673576905359e-08,3.602878811345947e-09
513,4.397551079180822e-05,4.549361936986421e-08,3.569662342297476e-09
514,4.352778066071209e-05,4.499603076467599e-08,3.536742270358122e-09
515,4.308238898596718e-05,4.450389969626789e-08,3.504114810500473e-09
516,4.263944789867009e-05,4.401715848589269e-08,3.471776838322525e-09
517,4.219862588668009e-05,4.353574157090043e-08,3.439725363665202e-09
518,4.176158176579858e-05,4.305958541236635e-08,3.407957606348004e-09
519,4.132651320688959e-05,4.258862870363869e-08,3.376471116523893e-09
520,4.089646842158505e-05,4.212281217951814e-08,3.3452634459542e-09
521,4.047137842608016e-05,4.166207863292168e-08,3.314332964399136e-09
522,4.004983164309427e-05,4.120637274633537e-08,3.283676961961567e-09
523,3.963066792122825e-05,4.075564092324185e-08,3.253293177519724e-09
524,3.921642599867369e-05,4.030983111969052e-08,3.22317941463245e-09
525,3.88050744968553e-05,3.986889257868244e-08,3.193336430508573e-09
526,3.84024492119074e-05,3.943277568346607e-08,3.163760099940253e-09
527,3.800477969458838e-05,3.9001431728586e-08,3.134448319718477e-09
528,3.760384345443883e-05,3.857481274779127e-08,3.105398716231649e-09
529,3.720917462227252e-05,3.815287132285645e-08,3.076609870071415e-09
530,3.682313949206836e-05,3.773556059418486e-08,3.048077711726917e-09
531,3.644177988837562e-05,3.732283375374833e-08,3.019803618126091e-09
532,3.606555388189243e-05,3.691464406470347e-08,2.991785961003586e-09
533,3.569191797574148e-05,3.651094495812927e-08,2.964021861788689e-09
534,3.532111879886757e-05,3.611168990543931e-08,2.936510138398153e-09
535,3.495688739220296e-05,3.571683225819307e-08,2.909248299081042e-09
536,3.459722883692199e-05,3.532632529256181e-08,2.882234311581093e-09
537,3.424120472964161e-05,3.494012229768865e-08,2.855466027456145e-09
538,3.388860506559582e-05,3.455817646647493e-08,2.828941061701876e-09
539,3.354015826029776e-05,3.418044095670221e-08,2.802657207481854e-09
540,3.319543048611713e-05,3.380686894996083e-08,2.776612767296555e-09
541,3.285289867872184e-05,3.343741439520678e-08,2.75080371362604e-09
542,3.251351090992356e-05,3.307203073948208e-08,2.725228286832805e-09
543,3.217942059628755e-05,3.271067137561669e-08,2.69988638066867e-09
544,3.184643387541833e-05,3.235329006041055e-08,2.674775515072423e-09
545,3.151753455606607e-05,3.199984099936674e-08,2.649893437481159e-09
546,3.119269743449537e-05,3.165027891475062e-08,2.625237829354008e-09
547,3.087058066361333e-05,3.130455902308808e-08,2.600806111519853e-09
548,3.055204218063441e-05,3.096263706272318e-08,2.576596021026541e-09
549,3.023738418860888e-05,3.062446926092037e-08,2.552605127294477e-09
550,2.992553347054305e-05,3.029001267599977e-08,2.528831916822685e-09
551,2.961657903116149e-05,2.995922515543949e-08,2.50527377198668e-09
552,2.93105844877058e-05,2.963206514969378e-08,2.481929995167433e-09
553,2.90075835541912e-05,2.930849174822685e-08,2.458798617767607e-09
554,2.870792076828573e-05,2.898846463627729e-08,2.435876495152051e-09
555,2.841166323745328e-05,2.867194421446175e-08,2.413162374912239e-09
556,2.81183018973538e-05,2.835889156134585e-08,2.390654478445061e-09
557,2.782738411199725e-05,2.804926839605509e-08,2.368350855145156e-09
558,2.753854743379365e-05,2.774303704590199e-08,2.346249661224796e-09
559,2.725368610011903e-05,2.744016043117154e-08,2.324349381175316e-09
560,2.697209904522919e-05,2.714060202196805e-08,2.302648301517053e-09
561,2.668837852610224e-05,2.684432581008417e-08,2.281144514272542e-09
562,2.640841935489948e-05,2.655129626193833e-08,2.259836667324221e-09
563,2.613244587058278e-05,2.626147831160674e-08,2.238722922089093e-09
564,2.586027677974507e-05,2.597483731195891e-08,2.217801500683525e-09
565,2.559420103572877e-05,2.569133895531412e-08,2.1970709989646e-09
566,2.53307568063711e-05,2.541094930728737e-08,2.176529856556438e-09
567,2.50696158708837e-05,2.513363477573375e-08,2.156176490113816e-09
568,2.481109860722752e-05,2.485936208036872e-08,2.136009362400316e-09
569,2.455520939644246e-05,2.458809823726018e-08,2.116026869410349e-09
570,2.430143448553618e-05,2.431981054942226e-08,2.096227266329319e-09
571,2.405109908455444e-05,2.405446659333855e-08,2.076608851123021e-09
572,2.380247721941008e-05,2.379203421157913e-08,2.057169346249596e-09
573,2.35556850090603e-05,2.353248148168715e-08,2.03790801252228e-09
574,2.331258736753909e-05,2.327577682451905e-08,2.018823622267969e-09
575,2.307361772974873e-05,2.302186698848667e-08,1.999923801818396e-09
576,2.283760350989518e-05,2.277075054230956e-08,1.981190825485832e-09
577,2.260370874984257e-05,2.252238140172001e-08,1.962626157100074e-09
578,2.237240901919515e-05,2.227673061294178e-08,1.94423056921047e-09
579,2.214322145411369e-05,2.203377181681987e-08,1.926003445491879e-09
580,2.191569303138641e-05,2.17934794332578e-08,1.907943312755984e-09
581,2.169159865231723e-05,2.155582776424862e-08,1.890049314261857e-09
582,2.146967365494345e-05,2.132079025106971e-08,1.872320698243004e-09
583,2.124938953903693e-05,2.108833925710541e-08,1.854755760637945e-09
584,2.103108643960107e-05,2.085844613449423e-08,1.837352848489466e-09
585,2.081471838011829e-05,2.063108148898785e-08,1.820110383155978e-09
586,2.059990405240105e-05,2.040621555313694e-08,1.80302506132833e-09
587,2.038707307925009e-05,2.018381851794197e-08,1.786097314653638e-09
588,2.017694337373468e-05,1.996386083883411e-08,1.769326326062881e-09
589,1.996896920211719e-05,1.974631342510189e-08,1.752710477597963e-09
590,1.976296484076726e-05,1.953114780905266e-08,1.736247301728076e-09
591,1.955893232132574e-05,1.93183362202679e-08,1.719935285201352e-09
592,1.935660587855396e-05,1.910785159629239e-08,1.703773069982737e-09
593,1.915578580257288e-05,1.889966756309091e-08,1.687759273058861e-09
594,1.895723157033111e-05,1.86937583896617e-08,1.671892587369709e-09
595,1.876136345212989e-05,1.849009892713377e-08,1.65617159758374e-09
596,1.856779635694087e-05,1.82886645406074e-08,1.640594953187643e-09
597,1.837610597375534e-05,1.808943105438306e-08,1.625161434404996e-09
598,1.818638844954283e-05,1.7892374726263e-08,1.609869816609791e-09
599,1.799846246926846e-05,1.769747211405868e-08,1.594718849682814e-09
600,1.781234360317945e-05,1.750470010655762e-08,1.57970729407858e-09
601,1.762817468851004e-05,1.731403588289987e-08,1.564833968096399e-09
602,1.744633437816025e-05,1.712545688329801e-08,1.550097652032336e-09
603,1.726645786310654e-05,1.693894082474536e-08,1.535497278071813e-09
604,1.708814890610939e-05,1.675446558828768e-08,1.521031623044511e-09
605,1.691152101393946e-05,1.657200924955958e-08,1.506697444031349e-09
606,1.673642839942853e-05,1.639155009826289e-08,1.492497111431398e-09
607,1.656262519601362e-05,1.621306660037176e-08,1.478428834249346e-09
608,1.639197876420111e-05,1.603653740322148e-08,1.464491074645295e-09
609,1.622340117059623e-05,1.586194132903749e-08,1.450682605639839e-09
610,1.605655768615667e-05,1.568925737666661e-08,1.437002306148062e-09
611,1.589135173747098e-05,1.551846469748905e-08,1.423448759986559e-09
612,1.572740824824736e-05,1.534954259517676e-08,1.410020744931169e-09
613,1.55654129834047e-05,1.518247054778483e-08,1.39671727776425e-09
614,1.540536177563633e-05,1.501722820044552e-08,1.383537170253851e-09
615,1.524675035220647e-05,1.485379536889422e-08,1.370479365723696e-09
616,1.508972854330473e-05,1.469215204476712e-08,1.357542746821411e-09
617,1.493365021929776e-05,1.453227839798084e-08,1.344725466890596e-09
618,1.477950137729952e-05,1.437415479059746e-08,1.332027571652271e-09
619,1.462726559365181e-05,1.421776177636458e-08,1.31944776539336e-09
620,1.448703422440783e-05,1.406350636333051e-08,1.306978358323463e-09
621,1.433966366067283e-05,1.391086507042649e-08,1.294686249872575e-09
622,1.418926986535546e-05,1.375982614304251e-08,1.282510460287126e-09
623,1.403801153094688e-05,1.361036776391827e-08,1.270433630303016e-09
624,1.388795638435595e-05,1.346246979680898e-08,1.258451754353309e-09
625,1.373867350791435e-05,1.33161166544849e-08,1.246567457409373e-09
626,1.359071649517713e-05,1.317129399498752e-08,1.234781473871564e-09
627,1.344449002520564e-05,1.302799135900446e-08,1.223096300132684e-09
628,1.33001868742959e-05,1.288620048125888e-08,1.211513459868675e-09
629,1.315826971861997e-05,1.274591471559334e-08,1.200034158828902e-09
630,1.301862616058484e-05,1.26071282923318e-08,1.188658804741954e-09
631,1.288049543255633e-05,1.246983564396414e-08,1.177387569151843e-09
632,1.274498989978839e-05,1.233403102842874e-08,1.166220891649949e-09
633,1.261212995094168e-05,1.219970802717496e-08,1.155158862915812e-09
634,1.248157327540327e-05,1.20668592721284e-08,1.14420116707952e-09
635,1.235311276653787e-05,1.193547619556518e-08,1.133347403118618e-09
636,1.222662081699137e-05,1.180554891048782e-08,1.12259711801907e-09
637,1.210216947599194e-05,1.167706615768064e-08,1.111949802208856e-09
638,1.197967316096621e-05,1.155001540137358e-08,1.101404649969955e-09
639,1.185857697135752e-05,1.142438282637963e-08,1.09096080531446e-09
640,1.173888664788649e-05,1.130015348605476e-08,1.08061728445542e-09
641,1.16206382583593e-05,1.117731146387024e-08,1.070372991117745e-09
642,1.150372298331006e-05,1.10558400346875e-08,1.06022681291173e-09
643,1.138799999371284e-05,1.093572182771993e-08,1.050177475561251e-09
644,1.127327918591226e-05,1.081693901440067e-08,1.040223791548602e-09
645,1.115963853351461e-05,1.06994734917122e-08,1.030364530731012e-09
646,1.104706646330041e-05,1.058330705778023e-08,1.020598482546878e-09
647,1.093536340892001e-05,1.046842155615337e-08,1.010924378871873e-09
648,1.082447032534131e-05,1.035479905227439e-08,1.001341026171728e-09
649,1.071419808118839e-05,1.024242192457076e-08,9.91847265816972e-10
650,1.060455726634095e-05,1.013127295262647e-08,9.8244198300833e-10
651,1.049585995317347e-05,1.002133546533836e-08,9.731240846036762e-10
652,1.038822319934983e-05,9.912593399046142e-09,9.638925860291255e-10
653,1.028158515584676e-05,9.805031312980508e-09,9.547465685661567e-10
654,1.017571275826035e-05,9.698634417949792e-09,9.45684805773917e-10
655,1.007065166941794e-05,9.593388579837656e-09,9.36706609597234e-10
656,9.966456130384154e-06,9.48928031629177e-09,9.278112059938008e-10
657,9.863152058835264e-06,9.386296748167641e-09,9.189978758986448e-10
658,9.760934725941486e-06,9.284425584281648e-09,9.102660505272915e-10
659,9.659660631219568e-06,9.183655053213858e-09,9.01614936761315e-10
660,9.55946563412985e-06,9.083973837261287e-09,8.93043971798736e-10
661,9.460431116500427e-06,8.985371021258012e-09,8.845526082712219e-10
662,9.362223843198947e-06,8.887836010926441e-09,8.761396664775666e-10
663,9.265037572785104e-06,8.791358472114305e-09,8.678054097580947e-10
664,9.168984468606798e-06,8.695928270734505e-09,8.595493384843709e-10
665,9.074090570117661e-06,8.601535407298726e-09,8.513704666013865e-10
666,8.980331991597893e-06,8.50816996353409e-09,8.432682159440995e-10
667,8.8876812896219e-06,8.415822056076885e-09,8.352420043517701e-10
668,8.796008997121719e-06,8.324481795821853e-09,8.272911512408643e-10
669,8.705212264850442e-06,8.23413925612291e-09,8.194150930819757e-10
670,8.615590211354761e-06,8.144784452566615e-09,8.116133772495388e-10
671,8.526984370246876e-06,8.056407325314817e-09,8.038851962759592e-10
672,8.439420275943487e-06,7.968997737927805e-09,7.962299564015681e-10
673,8.352953979129271e-06,7.882545479529784e-09,7.886470563027266e-10
674,8.267306771203474e-06,7.797040263026995e-09,7.811358331753426e-10
675,8.182672439272686e-06,7.712471750619542e-09,7.736956474862432e-10
676,8.099105744783703e-06,7.628829563554927e-09,7.663258039795447e-10
677,8.016368090999474e-06,7.546103297774868e-09,7.590256089229277e-10
678,7.934245295092146e-06,7.464282564073904e-09,7.517943390198149e-10
679,7.853030507861883e-06,7.383356995837988e-09,7.446313319895632e-10
680,7.772683103316472e-06,7.303316268056579e-09,7.375359326018614e-10
681,7.693186635201293e-06,7.224150139460257e-09,7.305073875696755e-10
682,7.61440692183831e-06,7.14584846669707e-09,7.235450677271558e-10
683,7.536069736327017e-06,7.068401219793725e-09,7.166483032514369e-10
684,7.458846838815083e-06,6.991798501116171e-09,7.098164150420238e-10
685,7.38242983797229e-06,6.916030564526798e-09,7.030488052211715e-10
686,7.307042925514076e-06,6.841087822517433e-09,6.963448282659333e-10
687,7.232497919995515e-06,6.766960857108393e-09,6.897038295003744e-10
688,7.158539678705299e-06,6.693640412440942e-09,6.831252407870073e-10
689,7.085215660998826e-06,6.621117411571648e-09,6.766084494152225e-10
690,7.012563525614852e-06,6.549382949124278e-09,6.701528695257462e-10
691,6.940596355696253e-06,6.478428287840683e-09,6.637579486168757e-10
692,6.86932570832676e-06,6.408244853019344e-09,6.574230992001245e-10
693,6.798759518215078e-06,6.33882422501459e-09,6.511477890999032e-10
694,6.728977422386421e-06,6.270158125538641e-09,6.449314738582609e-10
695,6.660121015310746e-06,6.202238426214985e-09,6.387736744522594e-10
696,6.591300149860041e-06,6.135057117413553e-09,6.326738328481173e-10
697,6.523477992537567e-06,6.068606301147608e-09,6.266314464252183e-10
698,6.456593544991109e-06,6.002878180894303e-09,6.206459993568206e-10
699,6.390365451307102e-06,5.937865061715439e-09,6.147169819058895e-10
700,6.324798749244207e-06,5.873559343927742e-09,6.088438966762567e-10
701,6.259889833879055e-06,5.809953478801173e-09,6.030262450221741e-10
702,6.195609964917238e-06,5.747040002295901e-09,5.972635237740667e-10
703,6.132087701718162e-06,5.684811512833172e-09,5.915552524352176e-10
704,6.069177494122806e-06,5.623260667755111e-09,5.859009464744992e-10
705,6.006830548890137e-06,5.562380185142245e-09,5.803001070925489e-10
706,5.945232039427522e-06,5.502162842623307e-09,5.747522289048125e-10
707,5.884330696844683e-06,5.442601471972279e-09,5.692568216680796e-10
708,5.824141810779893e-06,5.38368892324966e-09,5.638134117728503e-10
709,5.764477056352407e-06,5.325417930667359e-09,5.584215111236702e-10
710,5.705218385032548e-06,5.267782248140368e-09,5.530806769327411e-10
711,5.647066037783876e-06,5.210774364626463e-09,5.477903995925333e-10
712,5.589205752246668e-06,5.154387275558585e-09,5.425501732998505e-10
713,5.532113504744215e-06,5.098614155527144e-09,5.373595441444943e-10
714,5.475730380999576e-06,5.043448124136203e-09,5.322180159637034e-10
715,5.419856463077417e-06,4.988882501627464e-09,5.271251577452784e-10
716,5.36449803301587e-06,4.934910668030283e-09,5.220804899506994e-10
717,5.309660000853137e-06,4.881526088339783e-09,5.170835799937648e-10
718,5.255351958901678e-06,4.828722262928087e-09,5.121339462975313e-10
719,5.201577787961345e-06,4.776492770475298e-09,5.072311459143347e-10
720,5.148338624794048e-06,4.724831272097657e-09,5.023747556736032e-10
721,5.095632149217239e-06,4.673731505305229e-09,4.975643276518352e-10
722,5.043447167360768e-06,4.623187288665597e-09,4.92799445407137e-10
723,4.991791465598535e-06,4.573192483268261e-09,4.880796807652118e-10
724,4.940644498476898e-06,4.523741051966296e-09,4.834046029711149e-10
725,4.890046885815126e-06,4.474827041995177e-09,4.787738039506098e-10
726,4.839879649814031e-06,4.426444570898259e-09,4.741864290018093e-10
727,4.790275462518142e-06,4.378587843561436e-09,4.696429068384572e-10
728,4.741260313439275e-06,4.331251120840169e-09,4.651427086859109e-10
729,4.692721451447592e-06,4.284428721761983e-09,4.606850832299887e-10
730,4.644684367234739e-06,4.238115039699839e-09,4.562697530207538e-10
731,4.597143058214889e-06,4.192304548117261e-09,4.51896260001523e-10
732,4.550084440686446e-06,4.146991775471188e-09,4.475642115897055e-10
733,4.503505610613891e-06,4.102171310276358e-09,4.432732273684795e-10
734,4.457382767253697e-06,4.057837824662475e-09,4.390229699846688e-10
735,4.411734471530022e-06,4.013986017766788e-09,4.348130575399975e-10
736,4.366555104621038e-06,3.970610649660868e-09,4.306431197572298e-10
737,4.321828196755383e-06,3.927706544125456e-09,4.265125574577108e-10
738,4.27747708963375e-06,3.885268583268356e-09,4.224210393143008e-10
739,4.233599473821122e-06,3.843291693736363e-09,4.18368556883517e-10
740,4.190210901968458e-06,3.801770855477748e-09,4.143546750882512e-10
741,4.147342871022422e-06,3.76070110134603e-09,4.103790380103855e-10
742,4.104915112687048e-06,3.72007751584912e-09,4.064411807960207e-10
743,4.062929733845365e-06,3.679895232427168e-09,4.02540768472602e-10
744,4.02136578382806e-06,3.640149437131227e-09,3.986774640509802e-10
745,3.980189701943915e-06,3.600835362586605e-09,3.948509466032079e-10
746,3.939444172502388e-06,3.561948288823355e-09,3.910608087153492e-10
747,3.899133443610238e-06,3.52348354810465e-09,3.873067181565201e-10
748,3.859272405670571e-06,3.485436526829273e-09,3.835883428190373e-10
749,3.819819863068045e-06,3.447802665824811e-09,3.799053566475059e-10
750,3.78072484216159e-06,3.410577431501463e-09,3.762574272713122e-10
751,3.742045317965304e-06,3.373756351828843e-09,3.726442107695169e-10
752,3.703790455241558e-06,3.337335001413845e-09,3.690654126533721e-10
753,3.66593074851995e-06,3.301309010521556e-09,3.655206542612676e-10
754,3.628459849027919e-06,3.265674052776915e-09,3.620096434594681e-10
755,3.591374062074653e-06,3.230425851578494e-09,3.585321167520507e-10
756,3.554666634989102e-06,3.195560191206658e-09,3.550877465888347e-10
757,3.518331720059527e-06,3.161072887103663e-09,3.516761984869298e-10
758,3.482367893328562e-06,3.126959796410174e-09,3.482971298969131e-10
759,3.446772633535373e-06,3.093216830462315e-09,3.449502869767276e-10
760,3.411542191371762e-06,3.059839954205715e-09,3.416353566735595e-10
761,3.376673077305205e-06,3.026825175848939e-09,3.383520251931271e-10
762,3.342161144776306e-06,2.994168549028682e-09,3.350999714152587e-10
763,3.308007188745124e-06,2.961866161994431e-09,3.318789111432509e-10
764,3.274203243199803e-06,2.929914149497845e-09,3.286885555715567e-10
765,3.240745049126564e-06,2.89830869414934e-09,3.255286019537576e-10
766,3.207623952963349e-06,2.867046020031197e-09,3.223987651851554e-10
767,3.174847166051682e-06,2.836122397255413e-09,3.192987517779697e-10
768,3.142409684661553e-06,2.805534145873489e-09,3.162282848619143e-10
769,3.110305060473116e-06,2.77527761115505e-09,3.131870850167764e-10
770,3.078410719770529e-06,2.745349173856525e-09,3.101748679417626e-10
771,3.046849425541054e-06,2.715745256158595e-09,3.071913755171973e-10
772,3.015790717009047e-06,2.686462322711778e-09,3.042363484424707e-10
773,2.985036322148692e-06,2.657496879815004e-09,3.013095063037328e-10
774,2.954612122028541e-06,2.62884547453251e-09,2.984105723275999e-10
775,2.924541360619173e-06,2.600504680204725e-09,2.955394934499002e-10
776,2.894679819499611e-06,2.572471112982682e-09,2.926955449544653e-10
777,2.865084386905432e-06,2.544741425673591e-09,2.898787724126959e-10
778,2.835809255793506e-06,2.517312307632665e-09,2.870889683985162e-10
779,2.806858027859154e-06,2.490180485763607e-09,2.843258173707449e-10
780,2.778202303975029e-06,2.463342736286692e-09,2.815890522864659e-10
781,2.749839693713335e-06,2.436795852149136e-09,2.788784119299667e-10
782,2.721770610695766e-06,2.410536644553294e-09,2.761936207289694e-10
783,2.694009189616107e-06,2.38456197489282e-09,2.735345063041221e-10
784,2.666527383549578e-06,2.358868747424556e-09,2.709008158912652e-10
785,2.639322111650354e-06,2.333453905617304e-09,2.6829229501777e-10
786,2.612393049940041e-06,2.308314407999469e-09,2.65708702887253e-10
787,2.585738900514024e-06,2.283447261934951e-09,2.631497993591624e-10
788,2.559356371069724e-06,2.258849497312257e-09,2.606153433260429e-10
789,2.533313487425782e-06,2.234518189081794e-09,2.581051212472927e-10
790,2.507495489494794e-06,2.210450417903663e-09,2.556189413256033e-10
791,2.481961884654739e-06,2.186643309915588e-09,2.531566426652406e-10
792,2.456687849458955e-06,2.163094025802227e-09,2.507178985742159e-10
793,2.431656603628511e-06,2.139799757584817e-09,2.483024531763099e-10
794,2.406871039250577e-06,2.11675772949409e-09,2.459100866243129e-10
795,2.382331779943291e-06,2.09396519393699e-09,2.435405979711194e-10
796,2.358023738417797e-06,2.07141943452894e-09,2.41193800167564e-10
797,2.333946081994703e-06,2.049117765792446e-09,2.388694681062071e-10
798,2.310123503080255e-06,2.027057530768098e-09,2.365673998646864e-10
799,2.286582949355862e-06,2.005236101709916e-09,2.34287381657737e-10
800,2.263278737531578e-06,1.983650878249523e-09,2.320292148822731e-10
801,2.240208680269574e-06,1.962299295903887e-09,2.297926955565766e-10
802,2.217371309320947e-06,1.94117880751368e-09,2.275775927772157e-10
803,2.194764962960133e-06,1.920286899143192e-09,2.253837129669722e-10
804,2.172388594054118e-06,1.899621084940043e-09,2.232108599721695e-10
805,2.150240501792867e-06,1.879178906041192e-09,2.210588433133727e-10
806,2.128318624739577e-06,1.858957929187126e-09,2.18927450584272e-10
807,2.10662187349868e-06,1.838955748442657e-09,2.168164996501444e-10
808,2.085157721793524e-06,1.819169985435815e-09,2.147257853902379e-10
809,2.063900233008004e-06,1.799598289139569e-09,2.126551173474611e-10
810,2.042866531351318e-06,1.780238333785862e-09,2.106043004527902e-10
811,2.022025679257483e-06,1.761087820963015e-09,2.085731678786362e-10
812,2.001402596539356e-06,1.742144466605505e-09,2.065615100392884e-10
813,1.981015954395095e-06,1.723406020364216e-09,2.045691803596654e-10
814,1.960835667197356e-06,1.704870248219466e-09,2.025959645559901e-10
815,1.940858973375077e-06,1.686534943500647e-09,2.006416835025619e-10
816,1.921084611113068e-06,1.668397926715734e-09,1.987061579461814e-10
817,1.901511293531671e-06,1.650457044565623e-09,1.967892142608375e-10
818,1.882137998077911e-06,1.632710164948593e-09,1.948906711462373e-10
819,1.862962560491747e-06,1.615155179330133e-09,1.93010338572585e-10
820,1.843982526925444e-06,1.597790007292104e-09,1.911480373654731e-10
821,1.825195915633002e-06,1.580612580390512e-09,1.893035993651285e-10
822,1.80660159991002e-06,1.563620859094598e-09,1.874768526351467e-10
823,1.788197722836101e-06,1.546812819781056e-09,1.856676258862162e-10
824,1.769979944532927e-06,1.530186471511591e-09,1.838757545206476e-10
825,1.751947087822175e-06,1.51373983600984e-09,1.821010733350884e-10
826,1.734101838969647e-06,1.497470955817133e-09,1.803434220282389e-10
827,1.71643962484817e-06,1.481377899192828e-09,1.786026435228358e-10
828,1.698958215229778e-06,1.46545876080664e-09,1.768785675891352e-10
829,1.681655713276724e-06,1.449711648716171e-09,1.751710413538619e-10
830,1.664530233721833e-06,1.434134697080901e-09,1.734798966410395e-10
831,1.647579950257653e-06,1.418726054616953e-09,1.718049788922869e-10
832,1.630803111757337e-06,1.403483894790618e-09,1.701461350558036e-10
833,1.614197920353919e-06,1.388406410859059e-09,1.68503214502461e-10
834,1.597762606624588e-06,1.373491811518991e-09,1.668760871789235e-10
835,1.58149542602376e-06,1.358738325121151e-09,1.65264601555801e-10
836,1.565394624037692e-06,1.34414420237242e-09,1.636685998138985e-10
837,1.54945741553375e-06,1.329707721621758e-09,1.620879417077218e-10
838,1.533683465962751e-06,1.315427160762332e-09,1.605224886915511e-10
839,1.518071301935177e-06,1.301300830051278e-09,1.589720906098159e-10
840,1.502619152738263e-06,1.287327049810587e-09,1.574366169348976e-10
841,1.487319208926549e-06,1.273504163729428e-09,1.559159047180165e-10
842,1.472104275072397e-06,1.25983053484861e-09,1.544098364846326e-10
843,1.457096075645262e-06,1.246304547577614e-09,1.529182542111337e-10
844,1.442304364622514e-06,1.232924595207662e-09,1.514410480980933e-10
845,1.427655121157458e-06,1.219689093132001e-09,1.499780401274732e-10
846,1.41314938973237e-06,1.206596478138364e-09,1.485291114452989e-10
847,1.398784100629931e-06,1.193645193263208e-09,1.470941377707781e-10
848,1.384561192135439e-06,1.180833703024081e-09,1.456729766662439e-10
849,1.370481057026199e-06,1.168160497005826e-09,1.442654879393934e-10
850,1.356542883254997e-06,1.155624081321469e-09,1.428715413729106e-10
851,1.342745683388482e-06,1.14322296536185e-09,1.414910069703869e-10
852,1.329088339178726e-06,1.130955678631567e-09,1.401237691221378e-10
853,1.315569880343613e-06,1.118820763368646e-09,1.387696919154002e-10
854,1.302189178805314e-06,1.106816783588494e-09,1.374286385535887e-10
855,1.288945015550378e-06,1.094942318764561e-09,1.361004994242104e-10
856,1.275836047289471e-06,1.083195963735395e-09,1.347851561576701e-10
857,1.262860856086906e-06,1.071576329698166e-09,1.334825009849982e-10
858,1.250018364684393e-06,1.060082054297961e-09,1.321924097799062e-10
859,1.237307049476196e-06,1.04871176602639e-09,1.309147662646929e-10
860,1.224725544600277e-06,1.037464123679865e-09,1.296494607580926e-10
861,1.212273245122479e-06,1.026337805612696e-09,1.283963740443884e-10
862,1.19994874993525e-06,1.015331488398943e-09,1.271553594444813e-10
863,1.187749765446741e-06,1.00444386747586e-09,1.25926291964489e-10
864,1.175675207292932e-06,9.936736544378865e-10,1.247090638919015e-10
865,1.163723828571764e-06,9.830195752769635e-10,1.235035624927837e-10
866,1.151894466283674e-06,9.724803714014995e-10,1.223096637340263e-10
867,1.140185872853237e-06,9.62054801101476e-10,1.211272553070396e-10
868,1.128596820980727e-06,9.517416300042576e-10,1.199562332735048e-10
869,1.117126072903116e-06,9.415396426541123e-10,1.187965126316534e-10
870,1.105772444208137e-06,9.31447629882551e-10,1.176479646954592e-10
871,1.094534799655717e-06,9.214643992202388e-10,1.165104835308701e-10
872,1.083411913543993e-06,9.115887730609815e-10,1.153839591981978e-10
873,1.072402632829454e-06,9.018195863262345e-10,1.142682989180696e-10
874,1.061505817128453e-06,8.921556862527648e-10,1.131633966262603e-10
875,1.05072026017254e-06,8.82595933009486e-10,1.120691407821213e-10
876,1.040044776393775e-06,8.731391983011959e-10,1.109854463755388e-10
877,1.029478260351217e-06,8.637843645413972e-10,1.09912226714301e-10
878,1.019019666961688e-06,8.545303251797622e-10,1.088493674988641e-10
879,1.008667799243994e-06,8.453759870899994e-10,1.077967581295489e-10
880,9.98421589405089e-07,8.363202701278737e-10,1.067542982022777e-10
881,9.882800472067526e-07,8.273621076135882e-10,1.057218963066032e-10
882,9.782421548968135e-07,8.185004477227512e-10,1.046994515842573e-10
883,9.68300859815541e-07,8.097342399614742e-10,1.036868685937097e-10
884,9.584472664794399e-07,8.010624494047492e-10,1.026840681315214e-10
885,9.487142258813076e-07,7.924840575683796e-10,1.016909494222504e-10
886,9.390867793245177e-07,7.839980503638055e-10,1.007074238912545e-10
887,9.295558682336784e-07,7.756034290375177e-10,9.97333812314558e-11
888,9.201204446852242e-07,7.672992059287774e-10,9.87687427085357e-11
889,9.107800994113415e-07,7.5908439756979e-10,9.781342165989851e-11
890,9.015343644380709e-07,7.509580368305411e-10,9.686731854250063e-11
891,8.923826208285873e-07,7.429191661514815e-10,9.593034922503397e-11
892,8.833240565804807e-07,7.349668366874959e-10,9.500242698193226e-11
893,8.743579763417463e-07,7.271001119110635e-10,9.408347216091784e-11
894,8.654831991582635e-07,7.19318070835051e-10,9.317340025630506e-11
895,8.566987909493423e-07,7.11619795644149e-10,9.227215788094383e-11
896,8.480038682457173e-07,7.040043814359895e-10,9.137962390095716e-11
897,8.39396440758219e-07,6.964709287386033e-10,9.049572786077171e-11
898,8.308684352188694e-07,6.890185520345386e-10,8.962038138349182e-11
899,8.224353206272942e-07,6.816463732178099e-10,8.875349573544901e-11
900,8.140948633278882e-07,6.743535253932319e-10,8.7894984576045e-11
901,8.058370168302167e-07,6.671391464661175e-10,8.704476469999785e-11
902,7.976615977390401e-07,6.600023880912232e-10,8.620276669457737e-11
903,7.895692741850056e-07,6.529424142057851e-10,8.53689047053535e-11
904,7.815598100563442e-07,6.459583924920757e-10,8.45430978852984e-11
905,7.736319529599923e-07,6.390495032121481e-10,8.372526555766232e-11
906,7.657846120061459e-07,6.322149352668081e-10,8.291535699987383e-11
907,7.580133523514559e-07,6.254538765009648e-10,8.211328959134596e-11
908,7.503103297556025e-07,6.187655270046858e-10,8.131897409472234e-11
909,7.426944267590642e-07,6.121491150642087e-10,8.053233560314155e-11
910,7.351587927846482e-07,6.056038586391739e-10,7.9753299654585e-11
911,7.277016876711826e-07,5.991289889745653e-10,7.898180165225454e-11
912,7.203216383276012e-07,5.927237431719289e-10,7.821776166882325e-11
913,7.130172106242871e-07,5.863873710040578e-10,7.746110325416774e-11
914,7.057874314908213e-07,5.801191273643633e-10,7.671176348478384e-11
915,6.986313963565533e-07,5.739182795073656e-10,7.59696725131155e-11
916,6.915482975257071e-07,5.677840965262767e-10,7.523475935016145e-11
917,6.845373418802706e-07,5.617158593048919e-10,7.450696305518083e-11
918,6.77597867747071e-07,5.557128471781743e-10,7.378620806173679e-11
919,6.707291548249741e-07,5.49774365291104e-10,7.307241768491624e-11
920,6.63930368963712e-07,5.438997113469595e-10,7.236553472272317e-11
921,6.572008278478174e-07,5.380881911841824e-10,7.166549056566148e-11
922,6.505398040186429e-07,5.323391207099801e-10,7.097221249060828e-11
923,6.43946628533172e-07,5.266518273634473e-10,7.028564191273842e-11
924,6.374206429495484e-07,5.210256417584044e-10,6.96057189244377e-11
925,6.309611310713547e-07,5.154599047346652e-10,6.893240548694128e-11
926,6.245674346049438e-07,5.099539674026318e-10,6.82656311540794e-11
927,6.182388292900554e-07,5.045071818966418e-10,6.760532772542916e-11
928,6.119746651360042e-07,4.991189135415784e-10,6.695142365944034e-11
929,6.057743121860792e-07,4.93788525897602e-10,6.630386088299421e-11
930,5.996371611494141e-07,4.885154036021229e-10,6.566256817862635e-11
931,5.935624870234908e-07,4.832989177597413e-10,6.502748395313394e-11
932,5.875496486024433e-07,4.781384583981444e-10,6.439854573731363e-11
933,5.815980396355249e-07,4.730334163198483e-10,6.37757038303369e-11
934,5.757070295747792e-07,4.679831976445016e-10,6.315889758149971e-11
935,5.69876151226175e-07,4.629872058290436e-10,6.254805363131665e-11
936,5.641046588830447e-07,4.580448569680966e-10,6.19431290019525e-11
937,5.583919443836211e-07,4.531555714838992e-10,6.134406315567357e-11
938,5.527373412180368e-07,4.483187751421485e-10,6.075079199476426e-11
939,5.471402754865254e-07,4.435339102076438e-10,6.016326871548582e-11
940,5.41600162038472e-07,4.38800413487462e-10,5.958142938999787e-11
941,5.36116467053979e-07,4.341177260864205e-10,5.900522322480172e-11
942,5.306885878612476e-07,4.294852983502008e-10,5.843459467582008e-11
943,5.253159544325631e-07,4.249025859387412e-10,5.786950118097223e-11
944,5.199979617177224e-07,4.203690525657417e-10,5.730987954236109e-11
945,5.147340508180722e-07,4.158841731586553e-10,5.675567488234642e-11
946,5.095237099524288e-07,4.114474292423073e-10,5.620683974900438e-11
947,5.043664050295289e-07,4.07058293020984e-10,5.566333205589217e-11
948,4.992615480486618e-07,4.027162487950998e-10,5.512509901690466e-11
949,4.9420861742018e-07,3.984207926211478e-10,5.459207952880479e-11
950,4.892071420265119e-07,3.941714225425177e-10,5.40642246074082e-11
951,4.842564720707899e-07,3.899676347105139e-10,5.354148638312106e-11
952,4.793561904765417e-07,3.858089404338342e-10,5.30238190378241e-11
953,4.745057636064442e-07,3.816948528801552e-10,5.251118751433826e-11
954,4.697046781434536e-07,3.776248931274933e-10,5.200354520220626e-11
955,4.649514261996141e-07,3.735985838473884e-10,5.150082852707381e-11
956,4.602425332285887e-07,3.696154581232983e-10,5.100301034678676e-11
957,4.555877389920769e-07,3.656750493318057e-10,5.051002445730695e-11
958,4.509828023799132e-07,3.617768934283109e-10,5.002181958861723e-11
959,4.464241037526164e-07,3.579205403667357e-10,4.953834528246078e-11
960,4.419103927418201e-07,3.541055371982238e-10,4.905955394492821e-11
961,4.374423293237448e-07,3.503314347379775e-10,4.858540374925705e-11
962,4.330195930037488e-07,3.465977917193516e-10,4.811584775898686e-11
963,4.286415465776047e-07,3.429041725666411e-10,4.765084014444482e-11
964,4.243077405043792e-07,3.392501469459997e-10,4.719034873152687e-11
965,4.200177540101617e-07,3.356352865564281e-10,4.673431597021e-11
966,4.15771151792536e-07,3.320591697211331e-10,4.628270050655811e-11
967,4.115676782085566e-07,3.285213812372468e-10,4.583545990538443e-11
968,4.074069014110411e-07,3.250215069113694e-10,4.539256524058046e-11
969,4.032883730197291e-07,3.215591378616526e-10,4.495396512920978e-11
970,3.992116586493962e-07,3.181338684260906e-10,4.451962046416282e-11
971,3.951763310321904e-07,3.147452981848684e-10,4.408949608765159e-11
972,3.911819755334783e-07,3.113930362879339e-10,4.366354106591012e-11
973,3.872285074628241e-07,3.080766879155841e-10,4.324171804167526e-11
974,3.833123577840817e-07,3.047958680763894e-10,4.282398924028644e-11
975,3.794345358341642e-07,3.015501918278443e-10,4.241031282901241e-11
976,3.756027367855401e-07,2.983392784178608e-10,4.200067400759642e-11
977,3.718093598832156e-07,2.951627527027774e-10,4.159502999104022e-11
978,3.68053993070373e-07,2.920202474565941e-10,4.119333256066716e-11
979,3.643364256404721e-07,2.889113972057289e-10,4.079554125825466e-11
980,3.60656417647586e-07,2.858358388810296e-10,4.040161593894634e-11
981,3.570136299338143e-07,2.827932157375978e-10,4.001151407107997e-11
982,3.534077095771731e-07,2.797831739621871e-10,3.962519186997777e-11
983,3.498382928645436e-07,2.768053589192781e-10,3.924263222465868e-11
984,3.463050422913538e-07,2.738594218221024e-10,3.88637957631007e-11
985,3.428076156906338e-07,2.709450231980668e-10,3.848863769325736e-11
986,3.393456607993598e-07,2.680618265943089e-10,3.811712512654694e-11
987,3.359188078654537e-07,2.652094942335417e-10,3.774922330021109e-11
988,3.325267215048853e-07,2.623876929094545e-10,3.738490092466749e-11
989,3.291690898700178e-07,2.595960927463827e-10,3.702411842207475e-11
990,3.25845538400535e-07,2.568343739747924e-10,3.666683851416563e-11
991,3.225557109864654e-07,2.54102210646237e-10,3.631302777681283e-11
992,3.192993815205138e-07,2.513992854737167e-10,3.596265184966524e-11
993,3.160760673647655e-07,2.487252866955356e-10,3.561567546135747e-11
994,3.128795522576271e-07,2.460799018436066e-10,3.527206564478825e-11
995,3.097268075927532e-07,2.434628178936322e-10,3.493181270581765e-11
996,3.066111860897351e-07,2.408737297311528e-10,3.45948719885035e-11
997,3.035250174854233e-07,2.383123355347992e-10,3.426120331111475e-11
998,3.004666270357676e-07,2.357783378777317e-10,3.393077797729311e-11
999,2.974320650301682e-07,2.332714440745338e-10,3.360356631271234e-11
1000,2.944227878668212e-07,2.307913617880858e-10,3.327954723437404e-11
1001,2.914474841734607e-07,2.283378068149788e-10,3.29586927990452e-11
1002,2.885043269815093e-07,2.259105003691422e-10,3.264096038264418e-11
1003,2.855923212308922e-07,2.235091542873319e-10,3.232632413534001e-11
1004,2.827104474747762e-07,2.211334859487085e-10,3.201473803939504e-11
1005,2.798580720048804e-07,2.187832182281043e-10,3.170617421498461e-11
1006,2.770347712502777e-07,2.164580854196106e-10,3.140060207338543e-11
1007,2.742401881235217e-07,2.141578116962784e-10,3.109800442046537e-11
1008,2.714739794071789e-07,2.118821265120641e-10,3.079834326151113e-11
1009,2.687358444097477e-07,2.096307685898348e-10,3.05015998418416e-11
1010,2.660254785375028e-07,2.074034816985841e-10,3.02077429762417e-11
1011,2.633425906010049e-07,2.052000037686226e-10,2.991674135964552e-11
1012,2.606869130842211e-07,2.030200739115806e-10,2.962856530202249e-11
1013,2.580581861055605e-07,2.008634429360818e-10,2.934319664601813e-11
1014,2.554561038863088e-07,1.98729860897272e-10,2.906060110239002e-11
1015,2.528804040150101e-07,1.966190762568278e-10,2.878075412746593e-11
1016,2.503308332673614e-07,1.94530846771356e-10,2.850363207224115e-11
1017,2.478070984388352e-07,1.924649291165853e-10,2.822920601063579e-11
1018,2.453089575101537e-07,1.904210870186829e-10,2.795744826156669e-11
1019,2.428361388350716e-07,1.883990814746624e-10,2.768835132865048e-11
1020,2.403883984513181e-07,1.86398677293653e-10,2.742188381665983e-11
1021,2.379654441239648e-07,1.844196421416246e-10,2.715802192653241e-11
1022,2.355670354462456e-07,1.824617438259554e-10,2.689673477702114e-11
1023,2.331929426564943e-07,1.805247579651559e-10,2.663799160885605e-11
1024,2.308429380034562e-07,1.786084630607324e-10,2.638177348590992e-11
1025,2.285167708324126e-07,1.767126326490187e-10,2.61280497251427e-11
1026,2.262141756621238e-07,1.748370498491754e-10,2.587679041223305e-11
1027,2.239349248675637e-07,1.729815000997906e-10,2.562797899326875e-11
1028,2.216787300226075e-07,1.711457684866736e-10,2.538159174992673e-11
1029,2.194453815618092e-07,1.693296381434252e-10,2.513760875909111e-11
1030,2.17234678528259e-07,1.675328989772071e-10,2.489599758739246e-11
1031,2.150461327855412e-07,1.657553405741553e-10,2.465673640909354e-11
1032,2.128797455289242e-07,1.639967597283662e-10,2.441980938641047e-11
1033,2.10735593473184e-07,1.622569547621481e-10,2.41851885885031e-11
1034,2.086132354509148e-07,1.605357181268394e-10,2.39528637227468e-11
1035,2.06512462545992e-07,1.588328516902981e-10,2.372280607216641e-11
1036,2.044329680115662e-07,1.571481597363252e-10,2.349498817544041e-11
1037,2.023744913670383e-07,1.554814488347646e-10,2.32693921798578e-11
1038,2.003368600201665e-07,1.538325281193489e-10,2.304600697072383e-11
1039,1.983198331920159e-07,1.522012042226038e-10,2.282479979676155e-11
1040,1.963232005292343e-07,1.505872888288084e-10,2.260574753084548e-11
1041,1.943467704686624e-07,1.489905963591026e-10,2.238883159988278e-11
1042,1.923903348096221e-07,1.474109401820003e-10,2.217402975176301e-11
1043,1.904537015906998e-07,1.458481343565943e-10,2.196131808900982e-11
1044,1.885366909588952e-07,1.443019992385415e-10,2.175068054587675e-11
1045,1.866390865242056e-07,1.427723545481984e-10,2.154209944213881e-11
1046,1.84760712308394e-07,1.412590260897627e-10,2.133554820948754e-11
1047,1.829013395091214e-07,1.397618386295506e-10,2.11310096784083e-11
1048,1.810607792817194e-07,1.382806220559188e-10,2.092846214249996e-11
1049,1.792388336556412e-07,1.368152013476488e-10,2.072789341333452e-11
1050,1.774353271391338e-07,1.353654081261361e-10,2.05292819901901e-11
1051,1.756502218141169e-07,1.339310729624244e-10,2.03326053162206e-11
1052,1.738832668565621e-07,1.325120305824283e-10,2.013785032844875e-11
1053,1.721342104300368e-07,1.311081157402335e-10,1.994499610651972e-11
1054,1.704030049286222e-07,1.29719168857498e-10,1.975402036261513e-11
1055,1.686893931970717e-07,1.283450265987278e-10,1.956491154570207e-11
1056,1.669931192808983e-07,1.269855290971366e-10,1.93776473658079e-11
1057,1.653140134666576e-07,1.256405246564574e-10,1.919220787324218e-11
1058,1.636519388865747e-07,1.243098571116373e-10,1.900857466759603e-11
1059,1.620067436405376e-07,1.229933738318528e-10,1.882672458237995e-11
1060,1.60378245543743e-07,1.216909230115115e-10,1.864665060405572e-11
1061,1.587662188321401e-07,1.204023548404016e-10,1.846833171296757e-11
1062,1.571704866005917e-07,1.191275165930852e-10,1.829174405627594e-11
1063,1.555908877791029e-07,1.178662602074105e-10,1.811687571678213e-11
1064,1.54027262714019e-07,1.16618440137205e-10,1.794371167180964e-11
1065,1.524794636973949e-07,1.153839131995315e-10,1.777223924854099e-11
1066,1.50947326011908e-07,1.14162536148806e-10,1.760243670561958e-11
1067,1.49430682530725e-07,1.129541701412963e-10,1.743429154883136e-11
1068,1.479293683744186e-07,1.11758677000386e-10,1.726778264020086e-11
1069,1.4644323512579e-07,1.1057591764069e-10,1.710289863819111e-11
1070,1.449721622485707e-07,1.094057546712842e-10,1.693962652286845e-11
1071,1.43516010736419e-07,1.082480553606468e-10,1.677795081531234e-11
1072,1.420746456568908e-07,1.071026858465459e-10,1.661786239193677e-11
1073,1.406478865233874e-07,1.059695153744326e-10,1.645932931052322e-11
1074,1.392355464477107e-07,1.048484133014803e-10,1.63023450580874e-11
1075,1.378374894298417e-07,1.037392472921658e-10,1.614688804650499e-11
1076,1.364536206987989e-07,1.026418869582924e-10,1.5992943957501e-11
1077,1.350837545198044e-07,1.015562059824534e-10,1.584049819422065e-11
1078,1.337277382808596e-07,1.004820847129312e-10,1.568953990859073e-11
1079,1.32385418584695e-07,9.941940362010833e-11,1.554005038930909e-11
1080,1.310566666218797e-07,9.836803249239238e-11,1.539202000661294e-11
1081,1.297413434418282e-07,9.732785031992008e-11,1.524543017639095e-11
1082,1.284393016199713e-07,9.629874096467606e-11,1.510027613024247e-11
1083,1.27150439430097e-07,9.528058345359246e-11,1.495653673195618e-11
1084,1.258746438075732e-07,9.427326329000599e-11,1.481420909603335e-11
1085,1.24611729471931e-07,9.327666022948504e-11,1.467327549139998e-11
1086,1.233615809001519e-07,9.229065953848218e-11,1.453371395956949e-11
1087,1.221240737161063e-07,9.131514735315092e-11,1.439551346049011e-11
1088,1.20899101454145e-07,9.035001146072974e-11,1.42586598690225e-11
1089,1.196865637943821e-07,8.939514293076925e-11,1.412313723150122e-11
1090,1.184863651474317e-07,8.845043352763208e-11,1.398893428369455e-11
1091,1.172983068212463e-07,8.751577230321193e-11,1.385604179472949e-11
1092,1.161222760866289e-07,8.659105123488317e-11,1.372444450372298e-11
1093,1.149581383960274e-07,8.567616408715951e-11,1.359413081790159e-11
1094,1.138057623125157e-07,8.477100674203224e-11,1.346509411720174e-11
1095,1.126650512416887e-07,8.387547569294778e-11,1.333731262785278e-11
1096,1.115358661427271e-07,8.298946725890995e-11,1.321078542697054e-11
1097,1.1041809755983e-07,8.211287679270243e-11,1.308549887266896e-11
1098,1.093116194676723e-07,8.124560695611364e-11,1.29614311066822e-11
1099,1.082163192528345e-07,8.03875562507609e-11,1.283857732674359e-11
1100,1.071320826287231e-07,7.953862729140907e-11,1.271692202528235e-11
1101,1.060588026702577e-07,7.869872272228688e-11,1.259645362454934e-11
1102,1.04996370886583e-07,7.786774981875108e-11,1.247715776750538e-11
1103,1.039447474574298e-07,7.704561469466615e-11,1.235902556962902e-11
1104,1.029037739412297e-07,7.623221809429844e-11,1.224204522698859e-11
1105,1.018733857427665e-07,7.542746613633057e-11,1.212620628876197e-11
1106,1.008533869424941e-07,7.463126939456122e-11,1.201149802662904e-11
1107,9.984370685983615e-08,7.384353291662395e-11,1.189791077490157e-11
1108,9.884423348794006e-08,7.306416624499198e-11,1.178542927752897e-11
1109,9.785483615545864e-08,7.229308029227411e-11,1.167404546263776e-11
1110,9.687545234418337e-08,7.153018783172995e-11,1.156375986328557e-11
1111,9.590594538586857e-08,7.07753993974194e-11,1.145454549325764e-11
1112,9.494622039348663e-08,7.00286315763839e-11,1.134639922851392e-11
1113,9.399618094589415e-08,6.928979685255647e-11,1.123931147673574e-11
1114,9.305577297552549e-08,6.855880866937464e-11,1.113326550228594e-11
1115,9.212487636867187e-08,6.783558528865774e-11,1.102825578512247e-11
1116,9.120337374822364e-08,6.712004286239353e-11,1.092427056821304e-11
1117,9.029115138770608e-08,6.641210227598632e-11,1.082129893017088e-11
1118,8.938812056297455e-08,6.571167947200846e-11,1.071934041909941e-11
1119,8.849420877052986e-08,6.501869478889998e-11,1.061837306500268e-11
1120,8.760929788900194e-08,6.433306767834773e-11,1.051839219204188e-11
1121,8.67333048268729e-08,6.365472145718221e-11,1.041939089334551e-11
1122,8.586614270709562e-08,6.29835806464096e-11,1.03213566550031e-11
1123,8.500772166957656e-08,6.231956417454881e-11,1.02242785344634e-11
1124,8.415797552159047e-08,6.166259725975019e-11,1.012814734494549e-11
1125,8.331679617541295e-08,6.101260307255594e-11,1.003295604572968e-11
1126,8.248416514417699e-08,6.036950806155348e-11,9.938693042521144e-12
1127,8.165998731002619e-08,5.973324063487364e-11,9.845347704021886e-12
1128,8.084411894643853e-08,5.910372575647612e-11,9.752914099781297e-12
1129,8.003647973863791e-08,5.848089262872093e-11,9.661384570688008e-12
1130,7.923697244953702e-08,5.786467128833205e-11,9.570752037404776e-12
1131,7.844558462186196e-08,5.725498919743374e-11,9.480999326154618e-12
1132,7.766221486798143e-08,5.665177559423332e-11,9.39212383985476e-12
1133,7.688673824110938e-08,5.60549628830857e-11,9.304118116967525e-12
1134,7.611907411608037e-08,5.546448115941419e-11,9.216969088970348e-12
1135,7.535913720764162e-08,5.488026324881623e-11,9.130674688143617e-12
1136,7.460684671199515e-08,5.43022417925365e-11,9.04522560654243e-12
1137,7.38621266517061e-08,5.373035161925726e-11,8.960614392287426e-12
1138,7.312491045831361e-08,5.316452667060087e-11,8.876833822364192e-12
1139,7.239512078209095e-08,5.260470221230476e-11,8.793877524965545e-12
1140,7.167269331720663e-08,5.205081520612073e-11,8.71172686382639e-12
1141,7.09575509000483e-08,5.150280039831743e-11,8.630376362809738e-12
1142,7.024959900648618e-08,5.09605949375122e-11,8.549818742861095e-12
1143,6.954881403585822e-08,5.042413874609007e-11,8.470050385568562e-12
1144,6.885509901766313e-08,4.989336998705736e-11,8.391059264444488e-12
1145,6.816839055332237e-08,4.936823135636673e-11,8.312838132375038e-12
1146,6.74886327263832e-08,4.884866256596287e-11,8.235385082161432e-12
1147,6.68157175116854e-08,4.833460325162059e-11,8.15869065174302e-12
1148,6.614958318516179e-08,4.782599379498419e-11,8.082745314412767e-12
1149,6.549015458548732e-08,4.732277415693667e-11,8.00754182826476e-12
1150,6.483737199554062e-08,4.682488905652434e-11,7.9330723183171e-12
1151,6.419121374737727e-08,4.633228077419727e-11,7.859330035486113e-12
1152,6.355157513915909e-08,4.584489402503538e-11,7.786311334298738e-12
1153,6.291836306938713e-08,4.536267093443108e-11,7.714004364296408e-12
1154,6.229154158969845e-08,4.488555973144174e-11,7.642409193207906e-12
1155,6.167105659822083e-08,4.441350671554052e-11,7.571506739987879e-12
1156,6.105681102389818e-08,4.394645866230998e-11,7.501294833038386e-12
1157,6.044877170361161e-08,4.348435940943017e-11,7.431776297566779e-12
1158,5.984686938849444e-08,4.302715696480642e-11,7.362935443728678e-12
1159,5.925102831228795e-08,4.257480084765215e-11,7.294764911060081e-12
1160,5.86611792836181e-08,4.212723954057966e-11,7.227265453070774e-12
1161,5.807726224308592e-08,4.168441888028938e-11,7.160424552867774e-12
1162,5.749924833611428e-08,4.124629031456382e-11,7.094235547708945e-12
1163,5.6927066847635e-08,4.081280325095584e-11,7.028702143365755e-12
1164,5.636065435561371e-08,4.038390582849688e-11,6.963809545541335e-12
1165,5.579996582716364e-08,3.995955029641325e-11,6.899551062495402e-12
1166,5.524491670172378e-08,3.953968668730263e-11,6.835920273391871e-12
1167,5.469550577535368e-08,3.912427249854138e-11,6.77290984458996e-12
1168,5.415165220369048e-08,3.871325980589105e-11,6.710512699358012e-12
1169,5.361327177731408e-08,3.830659998300782e-11,6.648721869775451e-12
1170,5.308032817815714e-08,3.790424916160945e-11,6.587530659321193e-12
1171,5.25527406145699e-08,3.750616278122287e-11,6.526939786720572e-12
1172,5.203049974417256e-08,3.711229130408167e-11,6.466942027407001e-12
1173,5.151356636544335e-08,3.672258754520132e-11,6.407538347293291e-12
1174,5.100183394596635e-08,3.633700914718211e-11,6.348711130462619e-12
1175,5.049523724331977e-08,3.59555130173578e-11,6.290457030862767e-12
1176,4.99937324339184e-08,3.557805594570053e-11,6.232771943009786e-12
1177,4.94972845579006e-08,3.520459313205917e-11,6.175646996839935e-12
1178,4.900581831901411e-08,3.48350841673752e-11,6.11908017901983e-12
1179,4.851929605996401e-08,3.446948497112317e-11,6.063067993613313e-12
1180,4.803768470527181e-08,3.410775323625034e-11,6.00760485126335e-12
1181,4.756092071829581e-08,3.374984960925187e-11,5.952682852487932e-12
1182,4.708897363971907e-08,3.339573852903482e-11,5.898297004399352e-12
1183,4.662178368786926e-08,3.304537356732077e-11,5.844442805433099e-12
1184,4.615927469260956e-08,3.269871491926915e-11,5.791118221910185e-12
1185,4.570141870323443e-08,3.235572214209605e-11,5.738318932670127e-12
1186,4.524804317262932e-08,3.201635581048118e-11,5.686034517927525e-12
1187,4.479922009665731e-08,3.168058099787151e-11,5.6342598579736e-12
1188,4.435499707870217e-08,3.134836059117205e-11,5.582992166247951e-12
1189,4.39152993671367e-08,3.101965452256305e-11,5.532224534673923e-12
1190,4.348003446597477e-08,3.069442263882148e-11,5.481951948722913e-12
1191,4.304915201411584e-08,3.037263056112194e-11,5.43217233124223e-12
1192,4.262260963394109e-08,3.005424185394132e-11,5.38287523136241e-12
1193,4.220036579249503e-08,2.973921866914662e-11,5.334061523294951e-12
1194,4.178235439932196e-08,2.942752263556189e-11,5.285722769161217e-12
1195,4.136858472652827e-08,2.911912068605286e-11,5.237860827099196e-12
1196,4.095900003865749e-08,2.881397801390868e-11,5.190464171189133e-12
1197,4.055353847116354e-08,2.851206097895648e-11,5.1435298131043e-12
1198,4.015214827224478e-08,2.821333462608725e-11,5.097050567149438e-12
1199,3.975478285880922e-08,2.791776487497861e-11,5.051024031235047e-12
1200,3.936138841286652e-08,2.762532022837586e-11,5.005447237166307e-12
1201,3.89719531384862e-08,2.733596708597641e-11,4.960316505993218e-12
1202,3.858643050793469e-08,2.704967268413399e-11,4.915625166876983e-12
1203,3.820480965116294e-08,2.67664050860068e-11,4.87136809420693e-12
1204,3.78270195862532e-08,2.648613393643476e-11,4.827543687317001e-12
1205,3.745304804922705e-08,2.620882361618095e-11,4.784147200326122e-12
1206,3.708286252488978e-08,2.593444466974099e-11,4.741176844923784e-12
1207,3.671640045575732e-08,2.566296404792448e-11,4.698619998206692e-12
1208,3.635364561354986e-08,2.539434947563584e-11,4.656477836608094e-12
1209,3.599455784067638e-08,2.512857226485984e-11,4.614746702098581e-12
1210,3.563909393594204e-08,2.48656032684841e-11,4.573420345359923e-12
1211,3.528719781719784e-08,2.460541311311185e-11,4.532500064117608e-12
1212,3.49388321668787e-08,2.43479725048371e-11,4.491979699893434e-12
1213,3.459397524034239e-08,2.409324980331403e-11,4.451854845991803e-12
1214,3.425260415959829e-08,2.384121637852658e-11,4.412119403401044e-12
1215,3.391465375698307e-08,2.359184242047145e-11,4.372774412083988e-12
1216,3.358012888341006e-08,2.334510107166624e-11,4.333816670205642e-12
1217,3.324900697955004e-08,2.310096363355408e-11,4.295238000980689e-12
1218,3.292121059988965e-08,2.28594065502185e-11,4.257030364424047e-12
1219,3.25967294904762e-08,2.262040327081357e-11,4.219201225601784e-12
1220,3.227551422851753e-08,2.23839253527574e-11,4.181740711721528e-12
1221,3.195751861300317e-08,2.214994592293109e-11,4.144641581465405e-12
1222,3.164269181595722e-08,2.19184376463576e-11,4.107909593312152e-12
1223,3.133102330882347e-08,2.168937894218012e-11,4.071538775925529e-12
1224,3.102246917107101e-08,2.146274134700718e-11,4.035521367195175e-12
1225,3.071701503775298e-08,2.123849745059566e-11,3.999857587993546e-12
1226,3.041462890663129e-08,2.101662102674844e-11,3.964545702636321e-12
1227,3.011530344249014e-08,2.079708679842428e-11,3.929573502412064e-12
1228,2.981900203824053e-08,2.057987307743701e-11,3.894940052076557e-12
1229,2.952567071019037e-08,2.036495418105905e-11,3.860648642116136e-12
1230,2.923531113600069e-08,2.015230385676238e-11,3.826693922520808e-12
1231,2.894788008331663e-08,1.994189734723473e-11,3.79306875848297e-12
1232,2.8663342568046e-08,1.973371140383736e-11,3.759771987097547e-12
1233,2.838169154355518e-08,1.952772399988238e-11,3.726801104103935e-12
1234,2.810289658325275e-08,1.932391037032198e-11,3.694150279120442e-12
1235,2.782689885146829e-08,1.912224757787723e-11,3.661816354754806e-12
1236,2.755366632210897e-08,1.892270969779283e-11,3.629801904988487e-12
1237,2.728322886814338e-08,1.872527702767353e-11,3.598100191123482e-12
1238,2.70155230690096e-08,1.852992841870346e-11,3.566707016110396e-12
1239,2.675051424044535e-08,1.833663911946585e-11,3.535618836405309e-12
1240,2.64882018517748e-08,1.81453882576964e-11,3.504834912705915e-12
1241,2.622851193056983e-08,1.795615733361881e-11,3.474354481037983e-12
1242,2.597144728282104e-08,1.776892193978996e-11,3.444171808004539e-12
1243,2.571699630899744e-08,1.758366161911217e-11,3.414287311691357e-12
1244,2.546509046700766e-08,1.74003553908079e-11,3.384689639097701e-12
1245,2.521573513612427e-08,1.721898485590435e-11,3.355378473412897e-12
1246,2.49688832623562e-08,1.703952693387384e-11,3.326351913152996e-12
1247,2.472453638451553e-08,1.686195953095387e-11,3.297608362387842e-12
1248,2.448265670188572e-08,1.668626468528033e-11,3.269143566586584e-12
1249,2.424320001842921e-08,1.651242277059161e-11,3.240958093543909e-12
1250,2.400618186408765e-08,1.634041238860981e-11,3.213048287063929e-12
1251,2.377156235369367e-08,1.617021498105448e-11,3.185405434253544e-12
1252,2.353929312340141e-08,1.600181211348069e-11,3.158030445315117e-12
1253,2.330939341822474e-08,1.58351840877909e-11,3.130925596029676e-12
1254,2.308182317119037e-08,1.567031157928804e-11,3.104083784078461e-12
1255,2.285655870279504e-08,1.550717756901401e-11,3.077501574627077e-12
1256,2.263355027679417e-08,1.534576048748945e-11,3.051176482031531e-12
1257,2.241278249279461e-08,1.518604316728445e-11,3.025105433463608e-12
1258,2.219421044865235e-08,1.502800756374253e-11,2.999290498711874e-12
1259,2.197783821973364e-08,1.487163511961932e-11,2.973725869514057e-12
1260,2.17636286688327e-08,1.471691031059684e-11,2.948414110072786e-12
1261,2.155158396477656e-08,1.456381618204654e-11,2.923347201219056e-12
1262,2.134165157560623e-08,1.44123349482776e-11,2.898523457850847e-12
1263,2.113381418465378e-08,1.426244984919755e-11,2.87394553567181e-12
1264,2.092807412483321e-08,1.411414647076084e-11,2.849608785133321e-12
1265,2.072438860498222e-08,1.396740701899075e-11,2.82550983838164e-12
1266,2.05227534676037e-08,1.382221145980464e-11,2.801642448202325e-12
1267,2.03231672333626e-08,1.367854852154048e-11,2.778009906309869e-12
1268,2.012558784179577e-08,1.353640075710513e-11,2.754605180137409e-12
1269,1.992999205876025e-08,1.339575210218186e-11,2.731429756081943e-12
1270,1.973634120295554e-08,1.325658591231154e-11,2.708481242628589e-12
1271,1.954461665013939e-08,1.311888552183676e-11,2.685751195009699e-12
1272,1.935481809031992e-08,1.298263486266992e-11,2.663240098980971e-12
1273,1.916688729704777e-08,1.284781666033466e-11,2.640947300915331e-12
1274,1.898084048241393e-08,1.271441537242731e-11,2.61887176554315e-12
1275,1.879665685262117e-08,1.258241714629002e-11,2.59701063151399e-12
1276,1.861431359681357e-08,1.245180741118367e-11,2.575361267632931e-12
1277,1.843379395178928e-08,1.232257180751707e-11,2.553920207998675e-12
1278,1.82550707188471e-08,1.219469632536404e-11,2.532687704701692e-12
1279,1.807813004314028e-08,1.206816461832271e-11,2.51166399406104e-12
1280,1.79029730181276e-08,1.194296496442713e-11,2.490841251503174e-12
1281,1.772956614827432e-08,1.181908549519903e-11,2.4702212654254e-12
1282,1.755790166632685e-08,1.169651166627975e-11,2.449805577120754e-12
1283,1.738798500960107e-08,1.157522539568406e-11,2.429588157783112e-12
1284,1.721977903461283e-08,1.145521498157524e-11,2.409567206074213e-12
1285,1.705326130777921e-08,1.133646890060347e-11,2.389740111818417e-12
1286,1.688840579555464e-08,1.121897372609495e-11,2.370105638283533e-12
1287,1.672520398771712e-08,1.110271666589701e-11,2.350666734073613e-12
1288,1.656364371340746e-08,1.098768798776773e-11,2.33141609764332e-12
1289,1.640371753271404e-08,1.087386969249318e-11,2.312348632005527e-12
1290,1.624540777693241e-08,1.076124726667691e-11,2.293462597415975e-12
1291,1.608870551863793e-08,1.064981067347888e-11,2.274759725081366e-12
1292,1.593357298778184e-08,1.05395464253737e-11,2.256239928645332e-12
1293,1.577999680716725e-08,1.043044162234802e-11,2.237903511268356e-12
1294,1.562795998260084e-08,1.032248268252315e-11,2.219743936884052e-12
1295,1.54774556694124e-08,1.021565778222647e-11,2.201762586345263e-12
1296,1.532845478968974e-08,1.010995657704062e-11,2.183954518410312e-12
1297,1.518095006828862e-08,1.000536901161874e-11,2.166319998269683e-12
1298,1.503491004071601e-08,9.901880202718874e-12,2.148861070634425e-12
1299,1.489034347567129e-08,9.799479736729412e-12,2.131569416358121e-12
1300,1.474723302251566e-08,9.698153547437873e-12,2.114442855304213e-12
1301,1.460555409908282e-08,9.59789436191263e-12,2.097481504953095e-12
1302,1.44653035613758e-08,9.498689403101868e-12,2.08068223103179e-12
1303,1.432644832099464e-08,9.400526665976271e-12,2.064047769513172e-12
1304,1.418898667016683e-08,9.303396539362377e-12,2.047573818260337e-12
1305,1.40529104050756e-08,9.207287886103711e-12,2.031255531945889e-12
1306,1.39182078721557e-08,9.112190933086222e-12,2.015090215389322e-12
1307,1.378484937229548e-08,9.018096776221818e-12,1.999077442008502e-12
1308,1.365282720584273e-08,8.92499195644335e-12,1.983219149331802e-12
1309,1.352211879542075e-08,8.832865220337319e-12,1.967515097279789e-12
1310,1.339271638787056e-08,8.741706370151225e-12,1.951963039781968e-12
1311,1.326462590005258e-08,8.651505852891496e-12,1.936557237457796e-12
1312,1.313780706081473e-08,8.562251553105498e-12,1.921296879155042e-12
1313,1.301228043476857e-08,8.473934394744079e-12,1.906179226730057e-12
1314,1.288801988054812e-08,8.386548508809229e-12,1.891206038414303e-12
1315,1.276500166057169e-08,8.30008225884088e-12,1.876378640524911e-12
1316,1.264320479565289e-08,8.214524162500219e-12,1.861691641117986e-12
1317,1.252261325909305e-08,8.129865775940113e-12,1.847142476889672e-12
1318,1.24032219945467e-08,8.046096725154431e-12,1.832728022097003e-12
1319,1.228502056605893e-08,7.963209143176143e-12,1.818449055573278e-12
1320,1.21679917717639e-08,7.881195085526804e-12,1.80430463921972e-12
1321,1.205212183468436e-08,7.800045440973923e-12,1.790296092570905e-12
1322,1.19374117390958e-08,7.719751768254008e-12,1.776420123121057e-12
1323,1.182385015807613e-08,7.640300056632745e-12,1.762671668842573e-12
1324,1.17114301544526e-08,7.561683015422878e-12,1.749051575429408e-12
1325,1.160019485061897e-08,7.48389232002651e-12,1.735557512766316e-12
1326,1.149008577872516e-08,7.406919764880607e-12,1.722189310890286e-12
1327,1.138108429679521e-08,7.330756154799984e-12,1.708945203612721e-12
1328,1.127316160191756e-08,7.255391916149697e-12,1.695823733952785e-12
1329,1.116630131833711e-08,7.180820302645685e-12,1.682827425234961e-12
1330,1.106052176543609e-08,7.107032147427461e-12,1.669950926910939e-12
1331,1.095599054256937e-08,7.03401943787314e-12,1.657194635743809e-12
1332,1.085244207608054e-08,6.961770675096809e-12,1.644557350363794e-12
1333,1.074987166066398e-08,6.890279032770571e-12,1.632035346707087e-12
1334,1.064830052311933e-08,6.819538873123308e-12,1.619628892733326e-12
1335,1.054771304783123e-08,6.749543378824628e-12,1.607338301063797e-12
1336,1.044810525121681e-08,6.680283819978186e-12,1.595162152925151e-12
1337,1.034948219239181e-08,6.61175286757964e-12,1.583098063657437e-12
1338,1.02518249100574e-08,6.543940244488663e-12,1.571144908967899e-12
1339,1.015516047531796e-08,6.476840043987027e-12,1.559301809669632e-12
1340,1.005945855234236e-08,6.410446958321984e-12,1.547567523550003e-12
1341,9.964704246741629e-09,6.344751127345916e-12,1.535939547162585e-12
1342,9.870881155744245e-09,6.279745286824566e-12,1.524416780616879e-12
1343,9.777992944379755e-09,6.215424149870407e-12,1.513000924516762e-12
1344,9.686025350595714e-09,6.151780114660797e-12,1.501690731026983e-12
1345,9.594973962967899e-09,6.088804879671574e-12,1.490484525807258e-12
1346,9.504827010009972e-09,6.026491218834427e-12,1.479382017337202e-12
1347,9.415571979370594e-09,5.964831221681827e-12,1.468381180960249e-12
1348,9.3272088374237e-09,5.903817168944122e-12,1.457477268884006e-12
1349,9.239723233003801e-09,5.843442400067151e-12,1.446671225603289e-12
1350,9.153091652780261e-09,5.783700268929691e-12,1.43596294822061e-12
1351,9.067312201749444e-09,5.724586345440914e-12,1.425351027880441e-12
1352,8.982375914744221e-09,5.666092799731525e-12,1.414836399244335e-12
1353,8.898290776117787e-09,5.608214525561338e-12,1.404415814186619e-12
1354,8.815037638443194e-09,5.55094463154057e-12,1.394090596230065e-12
1355,8.732606342109366e-09,5.494277177422372e-12,1.383857849357244e-12
1356,8.651003217263673e-09,5.438203770957092e-12,1.373717449866173e-12
1357,8.570214624884581e-09,5.382717319264351e-12,1.363669246364659e-12
1358,8.490241035043006e-09,5.327812270292595e-12,1.353711772431819e-12
1359,8.411065654822946e-09,5.273485987310387e-12,1.343842109645433e-12
1360,8.332677199228694e-09,5.219731973995217e-12,1.334061132530586e-12
1361,8.255068872992535e-09,5.166542725528936e-12,1.324368034942827e-12
1362,8.178229676252585e-09,5.113914553925395e-12,1.314761382509127e-12
1363,8.1021376002851e-09,5.061838823271949e-12,1.305240273129386e-12
1364,8.026796497771899e-09,5.010308492107459e-12,1.295803276751808e-12
1365,7.952213659618888e-09,4.959321823911984e-12,1.286449363339663e-12
1366,7.87836690777743e-09,4.908872789039846e-12,1.277179487933138e-12
1367,7.805238693308656e-09,4.858954000603191e-12,1.267990829114613e-12
1368,7.73282593188509e-09,4.809557927779829e-12,1.25888411901133e-12
1369,7.661134417869094e-09,4.760681155182921e-12,1.249858969294566e-12
1370,7.590182820857592e-09,4.712319339927645e-12,1.240913404408317e-12
1371,7.519933955128419e-09,4.6644652075931e-12,1.232046988369356e-12
1372,7.450377216793146e-09,4.617116235630509e-12,1.223258131570879e-12
1373,7.381519142338841e-09,4.57026565550541e-12,1.21454663494866e-12
1374,7.313339761615312e-09,4.523906201032576e-12,1.205912486805361e-12
1375,7.245840722824567e-09,4.47803342049994e-12,1.197354599652375e-12
1376,7.179013587726481e-09,4.432640854649092e-12,1.188871874521285e-12
1377,7.112839072218325e-09,4.38772329514363e-12,1.180464430997549e-12
1378,7.047316325593042e-09,4.343277529094526e-12,1.172130405032746e-12
1379,6.98245514207782e-09,4.299298244315258e-12,1.163869578741042e-12
1380,6.918244220274849e-09,4.255779352567048e-12,1.155680689446457e-12
1381,6.854664304218832e-09,4.212715723823824e-12,1.147562733720818e-12
1382,6.791721957709462e-09,4.170102646117933e-12,1.139515177248741e-12
1383,6.729398734316151e-09,4.127937640392184e-12,1.131537313367833e-12
1384,6.667685775779047e-09,4.086214240124034e-12,1.123629642214914e-12
1385,6.606588619314724e-09,4.044929266813091e-12,1.11579001150796e-12
1386,6.546098645597126e-09,4.004077225248693e-12,1.108018518037283e-12
1387,6.486206646049694e-09,3.963652874434405e-12,1.10031396988354e-12
1388,6.42690123601192e-09,3.923650841163241e-12,1.092675619354099e-12
1389,6.368181051807968e-09,3.884071078660171e-12,1.085102864271124e-12
1390,6.310042776398049e-09,3.8449073661294e-12,1.077595495434846e-12
1391,6.252484296222399e-09,3.806155559664893e-12,1.07015230557208e-12
1392,6.195475675779373e-09,3.767811226367486e-12,1.062772281070435e-12
1393,6.13903310512109e-09,3.729869645988134e-12,1.05545478478802e-12
1394,6.083136530194649e-09,3.692326257885129e-12,1.048199553228115e-12
1395,6.027801958727023e-09,3.655176920055286e-12,1.041006338514891e-12
1396,5.973002959782511e-09,3.618419448108731e-12,1.033876226974523e-12
1397,5.918741150900906e-09,3.582049140290127e-12,1.026806940352749e-12
1398,5.865014119424294e-09,3.546059931954609e-12,1.019799914746193e-12
1399,5.811802751322574e-09,3.510446002055327e-12,1.012853258770793e-12
1400,5.759119951216218e-09,3.475205550514547e-12,1.005964473105373e-12
1401,5.706947083429987e-09,3.440335376038041e-12,9.99133022010475e-13
1402,5.655295167538718e-09,3.405832107243253e-12,9.923594597283925e-13
1403,5.604150380685612e-09,3.37168931843903e-12,9.856447210286545e-13
1404,5.553509174827553e-09,3.337907169177851e-12,9.789866818871467e-13
1405,5.503353204852853e-09,3.304479355101864e-12,9.723851868999232e-13
1406,5.45368705480346e-09,3.271401404739466e-12,9.658404606241833e-13
1407,5.40450425374986e-09,3.238668012864645e-12,9.593501185762668e-13
1408,5.355804335771176e-09,3.206277039145364e-12,9.529146640304343e-13
1409,5.307586232754908e-09,3.17422546847891e-12,9.465334829567886e-13
1410,5.25982909983648e-09,3.142509454214985e-12,9.40206432206486e-13
1411,5.21255587163988e-09,3.111125664177262e-12,9.339334604012697e-13
1412,5.165737132083625e-09,3.0800702796717e-12,9.277136076702147e-13
1413,5.119382602866445e-09,3.049339583070208e-12,9.21546688748606e-13
1414,5.073487779120573e-09,3.018930819063006e-12,9.154318656572898e-13
1415,5.028038525688667e-09,2.988843296700783e-12,9.093677273111692e-13
1416,4.983033196771278e-09,2.959071676911404e-12,9.033543255448074e-13
1417,4.938453799748707e-09,2.929615125950139e-12,8.973922125176474e-13
1418,4.894315507040418e-09,2.900471430718196e-12,8.914801265075929e-13
1419,4.850598788059239e-09,2.871635017654393e-12,8.856176315000465e-13
1420,4.807306553873049e-09,2.843100760970786e-12,8.798037186945437e-13
1421,4.76445299020556e-09,2.814866343136749e-12,8.740370834245918e-13
1422,4.722004268995216e-09,2.7869288474632e-12,8.683172789791772e-13
1423,4.679973390101571e-09,2.759286433604681e-12,8.626444698355374e-13
1424,4.63835179791498e-09,2.731934622964406e-12,8.570181687313241e-13
1425,4.597144442839383e-09,2.704869335375673e-12,8.514378421409061e-13
1426,4.556345205300706e-09,2.678087894832212e-12,8.459025552039097e-13
1427,4.515952121072195e-09,2.651587405905567e-12,8.404122404542989e-13
1428,4.475955786900433e-09,2.625364525312267e-12,8.349660996835416e-13
1429,4.436355062988105e-09,2.599416758871266e-12,8.295648440744049e-13
1430,4.397146549991846e-09,2.573740857821853e-12,8.242084430538702e-13
1431,4.358330591496767e-09,2.5483333525781e-12,8.188952271011273e-13
1432,4.319889219611511e-09,2.523191260340039e-12,8.136258994687303e-13
1433,4.281827137391524e-09,2.498309236116961e-12,8.08399706135858e-13
1434,4.244131413608392e-09,2.473687518183097e-12,8.032160216315813e-13
1435,4.206810036269342e-09,2.44932567356202e-12,7.980741937689524e-13
1436,4.169844872284254e-09,2.42522033782327e-12,7.929741374573559e-13
1437,4.133241910667975e-09,2.401365664282607e-12,7.879153969558324e-13
1438,4.096989447199119e-09,2.377762260071995e-12,7.828970408282909e-13
1439,4.061097018944747e-09,2.354408619517004e-12,7.779183996513469e-13
1440,4.025558992039129e-09,2.331300626683197e-12,7.729803119200575e-13
1441,3.990358899813343e-09,2.308433990314117e-12,7.680828933361031e-13
1442,3.955507649185273e-09,2.285806886078306e-12,7.632250189449573e-13
1443,3.920996522782765e-09,2.263417874787975e-12,7.584062874540788e-13
1444,3.886820435421419e-09,2.241264395089588e-12,7.536271735207958e-13
1445,3.852980564606388e-09,2.219341979656114e-12,7.488873105635742e-13
1446,3.819471186415077e-09,2.197647959030227e-12,7.441850536541287e-13
1447,3.786303332413222e-09,2.176179990109214e-12,7.39520812651482e-13
1448,3.753452703430295e-09,2.154934856960363e-12,7.348939529890048e-13
1449,3.720921375242215e-09,2.133910420966749e-12,7.303039687377387e-13
1450,3.688711548947069e-09,2.113106918738596e-12,7.257503022171293e-13
1451,3.656810604239453e-09,2.09252119746875e-12,7.212331335169954e-13
1452,3.625219381695775e-09,2.072153311794466e-12,7.167512558006684e-13
1453,3.593933277920327e-09,2.052000642116428e-12,7.123052031347751e-13
1454,3.562955145961499e-09,2.032057407452143e-12,7.078938392908411e-13
1455,3.53226919752169e-09,2.012324437377663e-12,7.035169551458594e-13
1456,3.501889878135454e-09,1.99279792462589e-12,6.991746935125823e-13
1457,3.471817736639401e-09,1.97347560947548e-12,6.948665342289423e-13
1458,3.442043609738172e-09,1.954356173611763e-12,6.90592079073604e-13
1459,3.412548633895058e-09,1.935435875076348e-12,6.86351354464589e-13
1460,3.383346108514245e-09,1.916712582831929e-12,6.821438202668457e-13
1461,3.354425749580058e-09,1.898184807660105e-12,6.77969387622685e-13
1462,3.325796438389077e-09,1.879849707252285e-12,6.738278233809153e-13
1463,3.29744744088592e-09,1.861707367248944e-12,6.697191179919357e-13
1464,3.269362787033353e-09,1.843758094714566e-12,6.656421447752004e-13
1465,3.241562715680204e-09,1.825998579609131e-12,6.615972162699492e-13
1466,3.214028231886977e-09,1.808425360081771e-12,6.575833369635083e-13
1467,3.18675708721789e-09,1.791037745786294e-12,6.535996744830954e-13
1468,3.159757597733524e-09,1.773832809600489e-12,6.496463003929149e-13
1469,3.133027586710109e-09,1.756809674721553e-12,6.457239186289491e-13
1470,3.106558267354798e-09,1.739963618604508e-12,6.418321451389329e-13
1471,3.080338058372905e-09,1.723293610649846e-12,6.379702296248513e-13
1472,3.054376447352378e-09,1.706798756993314e-12,6.341374903316367e-13
1473,3.028670097930881e-09,1.690479333145595e-12,6.303348918077022e-13
1474,3.00321183695561e-09,1.674331852048112e-12,6.26561447757777e-13
1475,2.977990272429544e-09,1.658351433029041e-12,6.228171273179906e-13
1476,2.953016352763397e-09,1.642538545025161e-12,6.191015554875263e-13
1477,2.928285345312692e-09,1.626892611816635e-12,6.154138992570307e-13
1478,2.903789653037929e-09,1.611411208540463e-12,6.117548391248877e-13
1479,2.879535108802939e-09,1.596093373559588e-12,6.081244738898432e-13
1480,2.85553139496214e-09,1.580935853985108e-12,6.045210994320121e-13
1481,2.831752661102918e-09,1.565940257184797e-12,6.00946034493794e-13
1482,2.808203406890974e-09,1.551106432792555e-12,5.973983490312008e-13
1483,2.784883136373429e-09,1.536428017593673e-12,5.938771546261126e-13
1484,2.761773949296491e-09,1.521903858769587e-12,5.903826526517347e-13
1485,2.738878786317402e-09,1.50753416889201e-12,5.869151355815429e-13
1486,2.716209198137848e-09,1.493315360899774e-12,5.83474321459065e-13
1487,2.693761218892482e-09,1.479245111355278e-12,5.80059522334056e-13
1488,2.671526913336478e-09,1.465321429019258e-12,5.766702037536319e-13
1489,2.649519121260029e-09,1.451544948610201e-12,5.733062146149163e-13
1490,2.627727188494698e-09,1.43791455847713e-12,5.699671397114071e-13
1491,2.606143218006773e-09,1.424427577052075e-12,5.666534273237687e-13
1492,2.584772333208568e-09,1.411083710561374e-12,5.633644139401686e-13
1493,2.563614169241632e-09,1.397881382329195e-12,5.600999093800993e-13
1494,2.542663770406746e-09,1.38481807893119e-12,5.568591596427324e-13
1495,2.52191256086924e-09,1.371892108438352e-12,5.53641325445871e-13
1496,2.501366955499887e-09,1.359103088278446e-12,5.504472834391341e-13
1497,2.481014406642631e-09,1.34644956221003e-12,5.472762331852783e-13
1498,2.460858968748131e-09,1.333930587910266e-12,5.441282918497564e-13
1499,2.440911470645428e-09,1.321544890378543e-12,5.410038517866808e-13
1500,2.421155061491281e-09,1.309290909453012e-12,5.379014798091898e-13
1501,2.401581385543899e-09,1.297165739596004e-12,5.348222018176184e-13
1502,2.382197992048061e-09,1.285168137935834e-12,5.317651493961433e-13
1503,2.362997539079378e-09,1.273297770433763e-12,5.28730830654559e-13
1504,2.343984677430706e-09,1.261554944255603e-12,5.257191954419428e-13
1505,2.325153726567172e-09,1.249936864037347e-12,5.227296463093126e-13
1506,2.306505759617512e-09,1.238441388030861e-12,5.197619486261505e-13
1507,2.288036871711185e-09,1.227066518962726e-12,5.168159933520592e-13
1508,2.269743219139666e-09,1.215811474054389e-12,5.138915272933417e-13
1509,2.251623641410228e-09,1.204676992666286e-12,5.109878467935687e-13
1510,2.233685723027397e-09,1.193660245562734e-12,5.08104688315221e-13
1511,2.215932469585308e-09,1.18275994959085e-12,5.052422888297201e-13
1512,2.198356399995958e-09,1.171974508276304e-12,5.024005047169391e-13
1513,2.180965789398856e-09,1.16130425704297e-12,4.995792471845594e-13
1514,2.163736835887087e-09,1.150746278424462e-12,4.967780244471778e-13
1515,2.146679125436654e-09,1.140300216597905e-12,4.939970597340518e-13
1516,2.129794720572204e-09,1.129966093365633e-12,4.912360514031985e-13
1517,2.113077091189644e-09,1.119741506280113e-12,4.884946590975269e-13
1518,2.09652581144949e-09,1.109624741542121e-12,4.857726223482454e-13
1519,2.080128793151035e-09,1.099614528830686e-12,4.830699784431279e-13
1520,2.063892152906367e-09,1.089710848557277e-12,4.80386747542398e-13
1521,2.047807022366321e-09,1.07991394932478e-12,4.777229080866727e-13
1522,2.031880610406665e-09,1.070221461051989e-12,4.750779137446068e-13
1523,2.016105799381082e-09,1.060634056138619e-12,4.724515915500924e-13
1524,2.000488278414974e-09,1.051149769565455e-12,4.698438460374966e-13
1525,1.985021910533735e-09,1.041767252935954e-12,4.67254589359233e-13
1526,1.969700426044234e-09,1.032484006321915e-12,4.646839010085533e-13
1527,1.954528630945752e-09,1.023299769595833e-12,4.621313182217981e-13
1528,1.939513714543713e-09,1.014214724059271e-12,4.59596638030606e-13
1529,1.924633125957387e-09,1.005226928583767e-12,4.570798787791771e-13
1530,1.909900840945406e-09,9.963359213391565e-13,4.545806488035281e-13
1531,1.895307196198744e-09,9.875392779070817e-13,4.520983123794439e-13
1532,1.880863184677561e-09,9.788369785828142e-13,4.496331662220542e-13
1533,1.866547658633146e-09,9.702264036402772e-13,4.471851909064605e-13
1534,1.852368412786765e-09,9.61708776834157e-13,4.447541054263122e-13
1535,1.838326949593163e-09,9.532823428609542e-13,4.423400433795819e-13
1536,1.824414832964021e-09,9.449456534612866e-13,4.399426204574769e-13
1537,1.810638763506028e-09,9.366998466102118e-13,4.375615709731486e-13
1538,1.79700057666891e-09,9.285427669694568e-13,4.351969073742744e-13
1539,1.783486474658517e-09,9.204728356516993e-13,4.328480096023679e-13
1540,1.770105659086641e-09,9.12488559946497e-13,4.305149115985985e-13
1541,1.756851824324189e-09,9.045895921623776e-13,4.281975447760496e-13
1542,1.743730024884793e-09,8.967757544969823e-13,4.258960342296847e-13
1543,1.730728679473648e-09,8.890457715462783e-13,4.236099696421166e-13
1544,1.71784985737564e-09,8.813979725478177e-13,4.213394242509197e-13
1545,1.705087993622297e-09,8.73831279621453e-13,4.190843910380966e-13
1546,1.692452389559743e-09,8.663449733705227e-13,4.168444068256686e-13
1547,1.679940911438852e-09,8.589389371952236e-13,4.146194999726583e-13
1548,1.667550028743034e-09,8.51612979142155e-13,4.124095871202099e-13
1549,1.655279021848854e-09,8.443660782869522e-13,4.102145652487874e-13
1550,1.643125406208163e-09,8.371966998396767e-13,4.080340108793306e-13
1551,1.631085429468857e-09,8.301049226803487e-13,4.058679412599469e-13
1552,1.619153975006659e-09,8.230892488042994e-13,4.037163158942778e-13
1553,1.607344473577793e-09,8.161495442127603e-13,4.015787838359364e-13
1554,1.595645049148238e-09,8.092847032757529e-13,3.99455456137556e-13
1555,1.584051520227274e-09,8.024942865786811e-13,3.973461282629579e-13
1556,1.572581269879141e-09,7.957771525714565e-13,3.952506094040124e-13
1557,1.561205179999243e-09,7.89132056177556e-13,3.931687634299218e-13
1558,1.549932077632353e-09,7.825583527213462e-13,3.91100728160949e-13
1559,1.538771046204132e-09,7.76054730653281e-13,3.890462152454367e-13
1560,1.527701973335354e-09,7.696208532711338e-13,3.870050787542906e-13
1561,1.516738368439095e-09,7.632560890240159e-13,3.849771094292557e-13
1562,1.505874640736365e-09,7.569596591743911e-13,3.82962115128472e-13
1563,1.495110163348249e-09,7.507301677628947e-13,3.809599613306227e-13
1564,1.484449754822387e-09,7.445675436306869e-13,3.789706285191092e-13
1565,1.47389956334912e-09,7.384701724042971e-13,3.76994032300455e-13
1566,1.463435595206822e-09,7.324373089035242e-13,3.750298526961735e-13
1567,1.453061396655346e-09,7.264682146284589e-13,3.730780867246587e-13
1568,1.442778021902194e-09,7.205620342277401e-13,3.711385133383203e-13
1569,1.43259485403255e-09,7.147177754730869e-13,3.692111662118565e-13
1570,1.422497704771904e-09,7.089346952688267e-13,3.67295873826312e-13
1571,1.412493411933598e-09,7.032116944395724e-13,3.653925104770958e-13
1572,1.402578055432534e-09,6.975481592159348e-13,3.635009719385675e-13
1573,1.392754190546695e-09,6.919422883564329e-13,3.616210932631435e-13
1574,1.383020816703616e-09,6.863947779763794e-13,3.597525888813191e-13
1575,1.373377912114992e-09,6.809055088654713e-13,3.578954003873123e-13
1576,1.363826634087899e-09,6.754719541310443e-13,3.56049973204611e-13
1577,1.354371876815228e-09,6.700936774051862e-13,3.542157640780302e-13
1578,1.345008935833839e-09,6.647708649767567e-13,3.523925815521548e-13
1579,1.335726957514134e-09,6.595018146311612e-13,3.505804755626308e-13
1580,1.326536983721574e-09,6.542866520524519e-13,3.487791617281573e-13
1581,1.317430193935123e-09,6.49123766961414e-13,3.469886390842584e-13
1582,1.308407248674357e-09,6.440130165968418e-13,3.452088088820192e-13
1583,1.299469671942385e-09,6.389535638537757e-13,3.434395210174654e-13
1584,1.290608092523032e-09,6.339448591962659e-13,3.416808530024511e-13
1585,1.281828319107669e-09,6.289859122161909e-13,3.399325954613459e-13
1586,1.273130602737203e-09,6.240764331837576e-13,3.381946990599275e-13
1587,1.26450890366214e-09,6.192151694309967e-13,3.364670372221765e-13
1588,1.255965433433138e-09,6.144012934227588e-13,3.347495084898671e-13
1589,1.247491552666747e-09,6.096338949573861e-13,3.33042076975941e-13
1590,1.239099188413456e-09,6.049125517735534e-13,3.31344651104346e-13
1591,1.230769428521875e-09,6.00236462349689e-13,3.296571808562409e-13
1592,1.222507892320822e-09,5.956056559138859e-13,3.279795240046232e-13
1593,1.214323095881116e-09,5.910199136779387e-13,3.26311574497119e-13
1594,1.206212542788889e-09,5.864788379721865e-13,3.246533224217187e-13
1595,1.198180084344491e-09,5.819824823390815e-13,3.230046673381207e-13
1596,1.190213097184066e-09,5.775291739032067e-13,3.213655346272235e-13
1597,1.182319689631048e-09,5.731185825994307e-13,3.197358299463492e-13
1598,1.174494346016455e-09,5.687501912275176e-13,3.181155149497281e-13
1599,1.166734982368863e-09,5.64423743227929e-13,3.165044597613556e-13
1600,1.15903948600459e-09,5.601382011251862e-13,3.149026178248545e-13
1601,1.151413413360884e-09,5.558931424886247e-13,3.133099510975765e-13
1602,1.143859461478543e-09,5.516885445315366e-13,3.117263272726666e-13
1603,1.136359887976629e-09,5.47523918026298e-13,3.10151717684839e-13
1604,1.128932078630553e-09,5.433993394255955e-13,3.085861176800229e-13
1605,1.121566267983454e-09,5.393142669871981e-13,3.070293334780784e-13
1606,1.114261911807414e-09,5.352680304110329e-13,3.054813072075904e-13
1607,1.10702338843021e-09,5.3125927234036e-13,3.039420329691912e-13
1608,1.099839987646817e-09,5.272881706462393e-13,3.024114433252958e-13
1609,1.092725591611495e-09,5.233543697660044e-13,3.008895330651008e-13
1610,1.085670498939367e-09,5.194570995308854e-13,2.99376185616472e-13
1611,1.078670963923959e-09,5.155961800100991e-13,2.978712730132878e-13
1612,1.071740028326431e-09,5.117713553897479e-13,2.963748433353794e-13
1613,1.06486883220753e-09,5.079823327134959e-13,2.94886834092374e-13
1614,1.058046927939533e-09,5.042288947380484e-13,2.93407161170891e-13
1615,1.051289416062113e-09,5.005101471478002e-13,2.919357514377027e-13
1616,1.044583126818008e-09,4.968264189554018e-13,2.904725321298972e-13
1617,1.037935675586459e-09,4.931770648443736e-13,2.890174571440791e-13
1618,1.031340924813176e-09,4.895614999567667e-13,2.875705532824533e-13
1619,1.02479963324618e-09,4.859790187682491e-13,2.861317286562967e-13
1620,1.018308328123769e-09,4.824295903431125e-13,2.847008773037086e-13
1621,1.011868810072408e-09,4.789125503795719e-13,2.83277876343469e-13
1622,1.005496251357012e-09,4.754280083396775e-13,2.818628025253062e-13
1623,9.991685724170344e-10,4.719754485906781e-13,2.804556228933319e-13
1624,9.92898525854983e-10,4.68554443944556e-13,2.790562271456666e-13
1625,9.866829397223889e-10,4.651649859789995e-13,2.776645456338094e-13
1626,9.805115844102207e-10,4.618059318973425e-13,2.762804895541185e-13
1627,9.743998723835785e-10,4.58477537062033e-13,2.749040260455625e-13
1628,9.6832666462266e-10,4.551794738568051e-13,2.73535115804085e-13
1629,9.62310372456725e-10,4.51911745561994e-13,2.721736966668024e-13
1630,9.563396399761915e-10,4.486736925675725e-13,2.708196780602976e-13
1631,9.5041505569387e-10,4.454647407856192e-13,2.694730184578734e-13
1632,9.445446599044226e-10,4.422843790695395e-13,2.68133715245839e-13
1633,9.387150812022068e-10,4.391322317587319e-13,2.668017316999798e-13
1634,9.32935588098789e-10,4.360079371109735e-13,2.654769918813805e-13
1635,9.271967213034744e-10,4.329112908677325e-13,2.64159467399426e-13
1636,9.215115668418199e-10,4.298423827568481e-13,2.628490757455563e-13
1637,9.158665114206719e-10,4.268007684025517e-13,2.615458211953093e-13
1638,9.102710855939546e-10,4.237865133644733e-13,2.602496602481123e-13
1639,9.0471833454042e-10,4.207993634181314e-13,2.589605935662268e-13
1640,8.992145986704069e-10,4.178387025654155e-13,2.576784858584412e-13
1641,8.937537236041445e-10,4.149038439753773e-13,2.56403304797829e-13
1642,8.883250208267508e-10,4.119951847433188e-13,2.551350142622925e-13
1643,8.829494074575382e-10,4.091124608715652e-13,2.538736180388969e-13
1644,8.776105858904145e-10,4.062554567742177e-13,2.526190095510186e-13
1645,8.723178567041832e-10,4.034235453335236e-13,2.513711665554751e-13
1646,8.670621342070273e-10,4.006166732482649e-13,2.501300560553186e-13
1647,8.618536587111683e-10,3.978344790314564e-13,2.488956382489615e-13
1648,8.566841905592996e-10,3.950768160872027e-13,2.476678233880143e-13
1649,8.51557598122166e-10,3.923429464186502e-13,2.46446560054085e-13
1650,8.464700215469123e-10,3.896328795689678e-13,2.452318488717877e-13
1651,8.414239147583548e-10,3.869463216380564e-13,2.440236535643807e-13
1652,8.364193038398487e-10,3.84283085843741e-13,2.428218873424409e-13
1653,8.314591113320893e-10,3.81642918862056e-13,2.416265535232476e-13
1654,8.265315203514825e-10,3.790260748884433e-13,2.404375695304715e-13
1655,8.216441833199831e-10,3.764327174640489e-13,2.392549325940797e-13
1656,8.16794658096011e-10,3.738620379967745e-13,2.380785867283309e-13
1657,8.119807260896402e-10,3.713139726636366e-13,2.369085446276851e-13
1658,8.07205495940016e-10,3.687876911029524e-13,2.357447510819619e-13
1659,8.024716659601482e-10,3.662829402311404e-13,2.345871148700833e-13
1660,7.977679362528999e-10,3.638000085079028e-13,2.334356343845586e-13
1661,7.930944288904467e-10,3.61338293605538e-13,2.322902572444743e-13
1662,7.884676241429739e-10,3.588972702059657e-13,2.311509157808633e-13
1663,7.83861596983674e-10,3.564770763832284e-13,2.300175734255123e-13
1664,7.793013655897788e-10,3.540774832341186e-13,2.288902127450569e-13
1665,7.747760797682616e-10,3.516982534400556e-13,2.277687869753271e-13
1666,7.702814123531886e-10,3.493391346714135e-13,2.266532713261934e-13
1667,7.65822334291953e-10,3.47000147158326e-13,2.255436175401195e-13
1668,7.613930626258948e-10,3.446812254745601e-13,2.244398089922947e-13
1669,7.570016085966062e-10,3.423821074233423e-13,2.233418181295744e-13
1670,7.52644105527397e-10,3.40102423726209e-13,2.222496298834692e-13
1671,7.483196710528942e-10,3.37842122642732e-13,2.21163167313766e-13
1672,7.440288322319245e-10,3.356011434684334e-13,2.20082426154138e-13
1673,7.397676127332428e-10,3.333789527614936e-13,2.190073656234533e-13
1674,7.355382644850221e-10,3.311756335311032e-13,2.179379482289746e-13
1675,7.313410749835236e-10,3.289909640555959e-13,2.168741462325399e-13
1676,7.271707567098987e-10,3.26824841693642e-13,2.158159014483287e-13
1677,7.230344069046224e-10,3.246768529101367e-13,2.147631572238423e-13
1678,7.189253496251151e-10,3.225468798435676e-13,2.137159067547488e-13
1679,7.148526653770002e-10,3.204346928437654e-13,2.126741448049656e-13
1680,7.108095239900837e-10,3.183401349633238e-13,2.116378155704115e-13
1681,7.067970226981691e-10,3.16262819651304e-13,2.106068862829701e-13
1682,7.028144854584474e-10,3.142027898189093e-13,2.095812909472363e-13
1683,6.988634621585498e-10,3.12159804104928e-13,2.085610158537467e-13
1684,6.949381942156292e-10,3.101337148721226e-13,2.075460546942011e-13
1685,6.910440415446232e-10,3.081242914668097e-13,2.065363831243468e-13
1686,6.871745433915148e-10,3.061315488762951e-13,2.055319333700553e-13
1687,6.833391647183805e-10,3.041552978974029e-13,2.045326726244973e-13
1688,6.795330839480223e-10,3.021953532876535e-13,2.035385745554655e-13
1689,6.757517527613907e-10,3.002513423562783e-13,2.025496127562202e-13
1690,6.71998993400387e-10,2.983233767723211e-13,2.015657992405592e-13
1691,6.682723956209496e-10,2.964111964882707e-13,2.005870706573328e-13
1692,6.645721216643974e-10,2.945147764646037e-13,1.996134037374473e-13
1693,6.609012124368069e-10,2.926338149491799e-13,1.986447594752723e-13
1694,6.572564061522557e-10,2.907682280186065e-13,1.976811209826636e-13
1695,6.53634440091189e-10,2.889177571082577e-13,1.967224312802638e-13
1696,6.500393470929622e-10,2.870822755843744e-13,1.957686665965123e-13
1697,6.464671095094157e-10,2.852616359397502e-13,1.948198134322678e-13
1698,6.429227489084392e-10,2.834556533776363e-13,1.938758235047028e-13
1699,6.394044491199683e-10,2.816642148561117e-13,1.929366901331233e-13
1700,6.359027124853541e-10,2.798872940071486e-13,1.920023773109551e-13
1701,6.324320354866164e-10,2.781246725464724e-13,1.910728556520209e-13
1702,6.289816831075674e-10,2.763760736834615e-13,1.901481015715267e-13
1703,6.255586164557863e-10,2.746415509357293e-13,1.892280710607055e-13
1704,6.221557623147537e-10,2.729211121977009e-13,1.883127530835057e-13
1705,6.187813384290521e-10,2.712145991942448e-13,1.874021299220454e-13
1706,6.15425760694942e-10,2.695214994586163e-13,1.864961642753709e-13
1707,6.120911855894856e-10,2.678417935391534e-13,1.855948135106066e-13
1708,6.08785496747653e-10,2.661756698742305e-13,1.846980797002007e-13
1709,6.055022079550592e-10,2.645229393534376e-13,1.838059327601353e-13
1710,6.022310765009915e-10,2.628832391128698e-13,1.829183502063867e-13
1711,5.989960904932795e-10,2.612563648176712e-13,1.820353058423097e-13
1712,5.957724152607313e-10,2.596422409926133e-13,1.811567610625767e-13
1713,5.925775394348081e-10,2.580407769186079e-13,1.802826921621334e-13
1714,5.893984244042815e-10,2.564519046903446e-13,1.794130460612496e-13
1715,5.862439643413584e-10,2.548753066181061e-13,1.785478512944091e-13
1716,5.831097013260012e-10,2.533108457772958e-13,1.776870669396764e-13
1717,5.80000323884096e-10,2.517585328351314e-13,1.768306501744078e-13
1718,5.769063355187422e-10,2.502183292986425e-13,1.759786040319694e-13
1719,5.738424710621582e-10,2.486901235740642e-13,1.751308961166754e-13
1720,5.707839173533716e-10,2.471739375249806e-13,1.742874813112424e-13
1721,5.677583150465788e-10,2.456695762623988e-13,1.734483475774533e-13
1722,5.647461648415714e-10,2.441768375319608e-13,1.726134640275939e-13
1723,5.617571099210064e-10,2.426957366548631e-13,1.717828136609975e-13
1724,5.587850076560415e-10,2.412263276843772e-13,1.709563655460166e-13
1725,5.558291353550653e-10,2.397683830028923e-13,1.701340897434346e-13
1726,5.528984724688779e-10,2.383216773138142e-13,1.693159653289514e-13
1727,5.499881360616562e-10,2.368860471337866e-13,1.685019885642855e-13
1728,5.470888051888555e-10,2.354613482472346e-13,1.676921275354609e-13
1729,5.442118444218467e-10,2.340474079286837e-13,1.66886349898003e-13
1730,5.413560279578412e-10,2.326443252940712e-13,1.660846368289023e-13
1731,5.385150762370187e-10,2.312520117209789e-13,1.652869737546306e-13
1732,5.35688004437773e-10,2.298703604023035e-13,1.64493331433125e-13
1733,5.328895781610918e-10,2.284991398823976e-13,1.637036963246743e-13
1734,5.300996887679604e-10,2.271384324700356e-13,1.62918025077581e-13
1735,5.273330821868333e-10,2.257880191974376e-13,1.621362994849304e-13
1736,5.245833464411311e-10,2.244479713142195e-13,1.613585078336542e-13
1737,5.218493856047571e-10,2.231181224456939e-13,1.605846276784688e-13
1738,5.191368223039014e-10,2.21798383304366e-13,1.598146330957306e-13
1739,5.164385869838291e-10,2.204887011175712e-13,1.590485016189876e-13
1740,5.137532534022685e-10,2.191892786113908e-13,1.582862151711171e-13
1741,5.110932436897842e-10,2.178997768457279e-13,1.575277418215013e-13
1742,5.084482351142914e-10,2.166198742881595e-13,1.56773072886697e-13
1743,5.058166042302677e-10,2.153496495147326e-13,1.560221697798221e-13
1744,5.032016623489478e-10,2.140889024640244e-13,1.552750320661416e-13
1745,5.006098065041775e-10,2.128374861153626e-13,1.545316322851806e-13
1746,4.980284246300697e-10,2.115954077307679e-13,1.537919530027465e-13
1747,4.954675399419651e-10,2.103625690802421e-13,1.530559739136124e-13
1748,4.929162002612517e-10,2.091388276656549e-13,1.523236701382758e-13
1749,4.903839739881271e-10,2.079242667201555e-13,1.515950226670784e-13
1750,4.878690541862793e-10,2.067187349886341e-13,1.508700238818733e-13
1751,4.853689458878343e-10,2.055220733709516e-13,1.501486389128831e-13
1752,4.828803724334889e-10,2.043342055214898e-13,1.494308556643915e-13
1753,4.804113561554585e-10,2.03155021480747e-13,1.487166520952591e-13
1754,4.779580984965536e-10,2.019844874000962e-13,1.480060127215849e-13
1755,4.755200359820831e-10,2.008225978041886e-13,1.47298918366818e-13
1756,4.730973966152282e-10,1.996693661243329e-13,1.465953542089248e-13
1757,4.706818075669037e-10,1.985244950314244e-13,1.458952892325039e-13
1758,4.682948853134745e-10,1.973879938854831e-13,1.451986991234563e-13
1759,4.659122022773403e-10,1.962599869694131e-13,1.445055923800695e-13
1760,4.635512729055004e-10,1.951402924214501e-13,1.438159383738185e-13
1761,4.612008935468336e-10,1.940287667004141e-13,1.431297110414989e-13
1762,4.588646042376664e-10,1.929252953795901e-13,1.424468893915457e-13
1763,4.565420991908194e-10,1.918298817014618e-13,1.417674615250591e-13
1764,4.542408454816708e-10,1.90742322576055e-13,1.410914090999727e-13
1765,4.519433466376289e-10,1.896625887903807e-13,1.404187134627603e-13
1766,4.496619840247492e-10,1.885905498230744e-13,1.397493603678249e-13
1767,4.473994767301954e-10,1.875262939043804e-13,1.390833360914723e-13
1768,4.451485107876446e-10,1.864695878355012e-13,1.384206122308246e-13
1769,4.429063160619987e-10,1.854203724588582e-13,1.377611687519146e-13
1770,4.406823914071216e-10,1.84378574470532e-13,1.371049912555144e-13
1771,4.384696750880737e-10,1.833441379836333e-13,1.364520549970386e-13
1772,4.362726699409384e-10,1.823172441284887e-13,1.358023411789869e-13
1773,4.340806827731635e-10,1.81297605968552e-13,1.351558539216338e-13
1774,4.319050203756264e-10,1.802850403818605e-13,1.345125578062481e-13
1775,4.297452791908043e-10,1.792797320506205e-13,1.33872431955968e-13
1776,4.275978716153233e-10,1.782814579807487e-13,1.33235474598181e-13
1777,4.254622472307973e-10,1.772901389074447e-13,1.326016654853612e-13
1778,4.2333896381516e-10,1.763057374155041e-13,1.319709858361333e-13
1779,4.212282392797607e-10,1.753281431407782e-13,1.313434207736754e-13
1780,4.191301493190792e-10,1.743574002365347e-13,1.307189547351275e-13
1781,4.170420576785867e-10,1.733933735559191e-13,1.300975760539053e-13
1782,4.149713291991164e-10,1.724360199296861e-13,1.294792582436182e-13
1783,4.129064261241783e-10,1.714852461295546e-13,1.288639871897875e-13
1784,4.108583195794123e-10,1.705409408768674e-13,1.282517460748953e-13
1785,4.088191802317631e-10,1.696031211213591e-13,1.276425231045979e-13
1786,4.067917278374932e-10,1.686717300780192e-13,1.270363012709148e-13
1787,4.047799171874802e-10,1.677466174303797e-13,1.264330654397114e-13
1788,4.02776876210462e-10,1.66827848155718e-13,1.258327900434906e-13
1789,4.007878883151379e-10,1.659153734167603e-13,1.252354785286172e-13
1790,3.988068024460872e-10,1.650090546742431e-13,1.246410973576056e-13
1791,3.968356128505218e-10,1.641088321687984e-13,1.240496354230376e-13
1792,3.948784308261429e-10,1.632147237142137e-13,1.234610886410979e-13
1793,3.929352516050421e-10,1.62326640355199e-13,1.228754326179615e-13
1794,3.909923314213573e-10,1.614444787524213e-13,1.222926491582115e-13
1795,3.890706223069954e-10,1.605683390109486e-13,1.217127271844158e-13
1796,3.871609863325515e-10,1.596981032895563e-13,1.21135655498536e-13
1797,3.852568795746107e-10,1.58833728602982e-13,1.205614133581293e-13
1798,3.833650589405193e-10,1.579751422082693e-13,1.199899939675126e-13
1799,3.814808216696419e-10,1.571222898767553e-13,1.194213629846531e-13
1800,3.796081044120258e-10,1.562751589764751e-13,1.188555270399597e-13
1801,3.77752423427476e-10,1.554336236077696e-13,1.182924536032338e-13
1802,3.758984207218472e-10,1.545976758133034e-13,1.177321405279628e-13
1803,3.740627148784555e-10,1.537672599988324e-13,1.171745693736291e-13
1804,3.722291319803944e-10,1.529422837534928e-13,1.166197218567479e-13
1805,3.704122085938086e-10,1.521228287580987e-13,1.160675842258504e-13
1806,3.68604234250888e-10,1.513087328638398e-13,1.155181478521799e-13
1807,3.668038109661424e-10,1.505000510917185e-13,1.149713857489325e-13
1808,3.650173421977508e-10,1.496966692252771e-13,1.14427295127369e-13
1809,3.632396745833061e-10,1.488985992554683e-13,1.138858542757314e-13
1810,3.614682789107956e-10,1.481057373340323e-13,1.133470646272878e-13
1811,3.597069166162241e-10,1.473180949922162e-13,1.128109083737041e-13
1812,3.579641935636225e-10,1.465355294022198e-13,1.122773679048608e-13
1813,3.562267801758657e-10,1.457580449589203e-13,1.117464259781671e-13
1814,3.54497986621598e-10,1.449855802858833e-13,1.112180701228803e-13
1815,3.527787726626553e-10,1.442180743686533e-13,1.10692298076353e-13
1816,3.510665293142986e-10,1.434555340885621e-13,1.101690973660006e-13
1817,3.493656795341072e-10,1.426979959768705e-13,1.09648443432977e-13
1818,3.476720830544482e-10,1.419454575710061e-13,1.091303248748311e-13
1819,3.459934050592437e-10,1.411977573982427e-13,1.086147208649355e-13
1820,3.44316112203868e-10,1.404548330730303e-13,1.08101622561538e-13
1821,3.426514022111884e-10,1.397167100542383e-13,1.07591025006055e-13
1822,3.410033844092483e-10,1.389834089305737e-13,1.070829116335524e-13
1823,3.394046073187982e-10,1.38254808769694e-13,1.065772669643165e-13
1824,3.377863720957483e-10,1.375308186010492e-13,1.060740737352014e-13
1825,3.361688372659711e-10,1.36811400866967e-13,1.055733363274279e-13
1826,3.345626353416686e-10,1.360965599276825e-13,1.050750269422751e-13
1827,3.32954314749784e-10,1.353862329315314e-13,1.045791330032882e-13
1828,3.313564971282419e-10,1.346804192908148e-13,1.04085651256288e-13
1829,3.297607531147197e-10,1.339790845599594e-13,1.035945641022564e-13
1830,3.281806452561418e-10,1.332821436192218e-13,1.031058675157026e-13
1831,3.265983651141795e-10,1.325895816865912e-13,1.026195461611622e-13
1832,3.250339209735026e-10,1.319013514649261e-13,1.021355796458397e-13
1833,3.234747451963818e-10,1.312174056371064e-13,1.016539579015921e-13
1834,3.219217921078517e-10,1.305377613945183e-13,1.011746600657149e-13
1835,3.203766739183932e-10,1.298623309252607e-13,1.006976878622611e-13
1836,3.188488682061736e-10,1.29191088640242e-13,1.002230219134112e-13
1837,3.173195801011298e-10,1.285240566687992e-13,9.975065007161129e-14
1838,3.158069997837848e-10,1.278612795747801e-13,9.928056996798652e-14
1839,3.142901806713924e-10,1.272026166617403e-13,9.881276290165223e-14
1840,3.127904369901631e-10,1.2654804022007e-13,9.83472273782109e-14
1841,3.112964671801208e-10,1.258975159188826e-13,9.788395552806178e-14
1842,3.098039196384392e-10,1.252509836100143e-13,9.742291732504185e-14
1843,3.083324907802947e-10,1.246084462760633e-13,9.696411344972657e-14
1844,3.068564268171322e-10,1.239698588911648e-13,9.650752209863883e-14
1845,3.053961594118808e-10,1.233351931515544e-13,9.605312945049231e-14
1846,3.039392340657562e-10,1.227044411803334e-13,9.560093821155514e-14
1847,3.024959247408897e-10,1.220775838742917e-13,9.515091982864675e-14
1848,3.010578648744099e-10,1.214545484906828e-13,9.470307686436353e-14
1849,2.996240275070754e-10,1.208353602994659e-13,9.425739593780101e-14
1850,2.981942243177107e-10,1.202199231344412e-13,9.381386309404206e-14
1851,2.967758635026653e-10,1.196082605756454e-13,9.337246583739717e-14
1852,2.953684783390144e-10,1.190003294569632e-13,9.293319668029007e-14
1853,2.939622358006126e-10,1.183961279049259e-13,9.249603734038182e-14
1854,2.925697983828185e-10,1.177956278412131e-13,9.206099031284632e-14
1855,2.911858081202435e-10,1.171988195752411e-13,9.162803296873103e-14
1856,2.897975886890756e-10,1.166055727470041e-13,9.119716053291329e-14
1857,2.884201382829911e-10,1.160158967207938e-13,9.076836286881684e-14
1858,2.870526473829536e-10,1.154298341359684e-13,9.034162238609736e-14
1859,2.856962453829114e-10,1.14847308763944e-13,8.991693463256658e-14
1860,2.843391782265694e-10,1.142682822926576e-13,8.94942934601312e-14
1861,2.829924565278279e-10,1.136926708169203e-13,8.90736819101957e-14
1862,2.816593619464313e-10,1.131204948396344e-13,8.865509861066558e-14
1863,2.803230935868399e-10,1.125517421545038e-13,8.823852772462713e-14
1864,2.789958299807464e-10,1.119863702225397e-13,8.782395760971411e-14
1865,2.776775477547895e-10,1.114243350787577e-13,8.741137198890543e-14
1866,2.763599501580527e-10,1.108656090981778e-13,8.700077179068739e-14
1867,2.750573823344145e-10,1.10310184665192e-13,8.659214919788425e-14
1868,2.737565136823635e-10,1.097580661454892e-13,8.618548781889607e-14
1869,2.724613706391529e-10,1.092092105901062e-13,8.578077616234527e-14
1870,2.711823725288382e-10,1.086635623738028e-13,8.537801568890408e-14
1871,2.699017006266784e-10,1.081211157539788e-13,8.497717840992581e-14
1872,2.686323569952778e-10,1.075818536737318e-13,8.457826800840972e-14
1873,2.673612704845051e-10,1.070457904681624e-13,8.418127051620847e-14
1874,2.661013672361506e-10,1.065128468031329e-13,8.378617570681775e-14
1875,2.648580969053536e-10,1.059829731072624e-13,8.339297645616627e-14
1876,2.636022152952058e-10,1.054561935724994e-13,8.300165822347366e-14
1877,2.623616697795917e-10,1.049324922576061e-13,8.261221255213444e-14
1878,2.61125138067178e-10,1.044117875922577e-13,8.222463364061604e-14
1879,2.599013642452399e-10,1.038940635832093e-13,8.183891634669374e-14
1880,2.586801410311179e-10,1.033793383849622e-13,8.145503909748566e-14
1881,2.574629661795501e-10,1.028676139193666e-13,8.107300024503402e-14
1882,2.562529367991051e-10,1.023588433020844e-13,8.069279134010399e-14
1883,2.550487706902799e-10,1.018529956366413e-13,8.031440495821787e-14
1884,2.538513338930346e-10,1.013500376586803e-13,7.993782740689303e-14
1885,2.52660667187394e-10,1.008499972740519e-13,7.956305580138502e-14
1886,2.514742165098632e-10,1.003528540151134e-13,7.919007583375076e-14
1887,2.502943304909415e-10,9.985855071911699e-14,7.881888025437215e-14
1888,2.491259802625305e-10,9.936709123036134e-14,7.844946464212701e-14
1889,2.479565499884697e-10,9.887847548287739e-14,7.808180808227949e-14
1890,2.467962750241785e-10,9.839264736126489e-14,7.77159155992749e-14
1891,2.456402223816117e-10,9.790963258121981e-14,7.735176372954992e-14
1892,2.444854651647514e-10,9.742938274159128e-14,7.698935194361492e-14
1893,2.433412679672658e-10,9.695187278310222e-14,7.662867259939887e-14
1894,2.422111698261919e-10,9.647707877808653e-14,7.626971639549223e-14
1895,2.41079508822833e-10,9.600496223836307e-14,7.591247066006066e-14
1896,2.399494712394503e-10,9.553553194310438e-14,7.555693177924551e-14
1897,2.388278926528233e-10,9.506875774685739e-14,7.520309114695436e-14
1898,2.377105884599375e-10,9.460459265242301e-14,7.48509377878198e-14
1899,2.365983644952336e-10,9.414304504805694e-14,7.450045427497715e-14
1900,2.354990664859562e-10,9.368410008722935e-14,7.415164534692224e-14
1901,2.343968317969088e-10,9.322769322357159e-14,7.380449537330508e-14
1902,2.333068504169792e-10,9.277383350525643e-14,7.345900699723712e-14
1903,2.322149362125283e-10,9.232252668718223e-14,7.311516152657318e-14
1904,2.311327577576046e-10,9.18737339181631e-14,7.277295684628555e-14
1905,2.300532333429755e-10,9.142742218005535e-14,7.243237986307343e-14
1906,2.289787294574243e-10,9.098355623381152e-14,7.20934258748945e-14
1907,2.279178190440391e-10,9.054213863141803e-14,7.175608346124847e-14
1908,2.268549819232961e-10,9.01031443864932e-14,7.142034556305352e-14
1909,2.257945631852036e-10,8.966655267824015e-14,7.108621079337765e-14
1910,2.247501326000591e-10,8.923238897611527e-14,7.07536650109305e-14
1911,2.236988734760512e-10,8.880062450085464e-14,7.042269535653329e-14
1912,2.226617289397071e-10,8.837125941928415e-14,7.009330865539401e-14
1913,2.216230174678818e-10,8.794424405033457e-14,6.976548377147937e-14
1914,2.205952134094461e-10,8.751957679485693e-14,6.943921553317378e-14
1915,2.195674823862385e-10,8.709723326448713e-14,6.911450302278211e-14
1916,2.185436288208432e-10,8.667720155458331e-14,6.879132752586384e-14
1917,2.175306959087433e-10,8.625948766033687e-14,6.846969338587845e-14
1918,2.165209770706713e-10,8.584407137986911e-14,6.814958367178223e-14
1919,2.15511847942395e-10,8.543091662206365e-14,6.783099933153797e-14
1920,2.145178730323226e-10,8.5020013103541e-14,6.751392245456361e-14
1921,2.135129838447465e-10,8.461135110907438e-14,6.719835108175763e-14
1922,2.125334481444166e-10,8.420490129984939e-14,6.688428424326684e-14
1923,2.11542118135256e-10,8.380066318141464e-14,6.657170384509988e-14
1924,2.105657278423949e-10,8.339860521974621e-14,6.626060714234716e-14
1925,2.095872613339724e-10,8.299872589273977e-14,6.595098641305546e-14
1926,2.0860872795047e-10,8.260101664072698e-14,6.564283675362704e-14
1927,2.076481257280935e-10,8.22054822635567e-14,6.533614924680131e-14
1928,2.06681445154426e-10,8.18120965028813e-14,6.503091549540314e-14
1929,2.057208411635803e-10,8.142083003021464e-14,6.472713636924243e-14
1930,2.047753326916379e-10,8.103166603452515e-14,6.442479225751789e-14
1931,2.038261105388888e-10,8.064458707290825e-14,6.412388868864508e-14
1932,2.028830081085426e-10,8.025958897844598e-14,6.382440693544826e-14
1933,2.019404155435601e-10,7.987664612739298e-14,6.352635389383942e-14
1934,2.010128781494112e-10,7.949576874594482e-14,6.322970682412431e-14
1935,2.000722910311668e-10,7.911692576771895e-14,6.293446806207288e-14
1936,1.991500124551927e-10,7.874012188584595e-14,6.264061888499352e-14
1937,1.982249257186549e-10,7.836532282036241e-14,6.234817188910423e-14
1938,1.973152711930819e-10,7.799253187628945e-14,6.205710782493156e-14
1939,1.964054716089894e-10,7.762171751302451e-14,6.176741547892315e-14
1940,1.954901430577653e-10,7.725289026631677e-14,6.14791047107697e-14
1941,1.945905386331783e-10,7.688603446527576e-14,6.119215112770334e-14
1942,1.936899794975358e-10,7.652112788401783e-14,6.090656284107265e-14
1943,1.927918781113577e-10,7.615816658098088e-14,6.062232473344983e-14
1944,1.919017165179462e-10,7.579713493901236e-14,6.033942722737748e-14
1945,1.910213264884152e-10,7.543799673351913e-14,6.00578709570347e-14
1946,1.901382416700988e-10,7.50807703039197e-14,5.977765399908958e-14
1947,1.89259231761893e-10,7.472542019580236e-14,5.949875405458723e-14
1948,1.883859975586393e-10,7.437194636769123e-14,5.92211814425933e-14
1949,1.875169814783896e-10,7.402033452252035e-14,5.894491694866649e-14
1950,1.866493534595485e-10,7.367055043937388e-14,5.86699579988402e-14
1951,1.85787143089967e-10,7.33226003270666e-14,5.839630190163852e-14
1952,1.849302774272468e-10,7.297647042885431e-14,5.81239377853402e-14
1953,1.840795705498323e-10,7.263214824604322e-14,5.785286292321298e-14
1954,1.832282951679729e-10,7.228962366628703e-14,5.75830668464155e-14
1955,1.823870870001552e-10,7.194890278129606e-14,5.731454972989503e-14
1956,1.81543327016121e-10,7.160995735780811e-14,5.704729561370936e-14
1957,1.807037953362764e-10,7.127276229819826e-14,5.678131560466289e-14
1958,1.798741428045515e-10,7.093734603620929e-14,5.651657933834612e-14
1959,1.790455304105342e-10,7.06037088811069e-14,5.625310383718306e-14
1960,1.782217603210552e-10,7.027178451443962e-14,5.599086546063095e-14
1961,1.773978527372282e-10,6.99415841682868e-14,5.572986944798343e-14
1962,1.7658950990049e-10,6.961309673735084e-14,5.54701054126913e-14
1963,1.757725700165157e-10,6.92863155151364e-14,5.521156692783439e-14
1964,1.749605333987608e-10,6.89612293001169e-14,5.495425005877738e-14
1965,1.741554371635524e-10,6.863782995339174e-14,5.469815183136213e-14
1966,1.733521747473762e-10,6.831608476393735e-14,5.444325680796156e-14
1967,1.725573739959682e-10,6.799600356167941e-14,5.418957516720528e-14
1968,1.71757973552998e-10,6.767755923753646e-14,5.393708369961207e-14
1969,1.709643878012371e-10,6.736075355263716e-14,5.368578547034568e-14
1970,1.701872980263889e-10,6.704556625749536e-14,5.343566987764892e-14
1971,1.694120678352712e-10,6.673199004646456e-14,5.318673628663631e-14
1972,1.686209292847441e-10,6.642000752064232e-14,5.293897544752705e-14
1973,1.678545476288147e-10,6.610959593122764e-14,5.269238495428836e-14
1974,1.670797670318215e-10,6.580076560063712e-14,5.244695249554678e-14
1975,1.663064852332358e-10,6.549351030767294e-14,5.22026845314714e-14
1976,1.65551235327983e-10,6.518782650033682e-14,5.195956095457778e-14
1977,1.647909241341917e-10,6.488371110482526e-14,5.171758156058693e-14
1978,1.640330453621401e-10,6.458112609529579e-14,5.147674430887764e-14
1979,1.632776204252398e-10,6.428007345681824e-14,5.123703625181267e-14
1980,1.625218351442986e-10,6.398054914443372e-14,5.099846309394111e-14
1981,1.617866028463902e-10,6.368253473651568e-14,5.076100909134216e-14
1982,1.610411377238089e-10,6.338601717658033e-14,5.052467885957552e-14
1983,1.603026749908832e-10,6.309099320295171e-14,5.028946010051486e-14
1984,1.59563464071533e-10,6.27974657917792e-14,5.005534931035652e-14
1985,1.588372181657574e-10,6.250542426283075e-14,4.9822340774348e-14
1986,1.581062301928874e-10,6.221485715353785e-14,4.95904259170464e-14
1987,1.573844877114244e-10,6.192573903011529e-14,4.935960607126746e-14
1988,1.566527018263369e-10,6.16380684949354e-14,4.91298816660686e-14
1989,1.559499779199977e-10,6.135185511903147e-14,4.890123081857344e-14
1990,1.552254977764488e-10,6.106708585509386e-14,4.867365573142023e-14
1991,1.545094401662892e-10,6.078376010502048e-14,4.844715024650355e-14
1992,1.538052132169343e-10,6.050186529959823e-14,4.822171804885729e-14
1993,1.531056559035842e-10,6.022139721041598e-14,4.799734098093718e-14
1994,1.524035167845021e-10,5.994234003318929e-14,4.77740210459739e-14
1995,1.517063586728036e-10,5.966467120849404e-14,4.755174495122867e-14
1996,1.510186051304452e-10,5.938839236044052e-14,4.733052768287636e-14
1997,1.50319065475317e-10,5.911349385543743e-14,4.711034393437605e-14
1998,1.496308489994373e-10,5.883994745995962e-14,4.689119651460408e-14
1999,1.489506876514699e-10,5.856775662966273e-14,4.66730798348874e-14
2000,1.482603123095544e-10,5.829692112659026e-14,4.645598809588259e-14
2001,1.475930134691894e-10,5.802743767572845e-14,4.623991544349883e-14
2002,1.469119512678902e-10,5.775928525938733e-14,4.60248608128029e-14
2003,1.462366659198844e-10,5.74924614169404e-14,4.581081319235295e-14
2004,1.455794411171145e-10,5.722695199582107e-14,4.559777531622618e-14
2005,1.448996687488383e-10,5.696277104654846e-14,4.538573488655601e-14
2006,1.442451262906749e-10,5.669990048482263e-14,4.517468988741558e-14
2007,1.435811670794763e-10,5.643833126233778e-14,4.49646372051097e-14
2008,1.429234827571574e-10,5.617805088876044e-14,4.475557152511239e-14
2009,1.42282152186388e-10,5.59190552730051e-14,4.454749869038896e-14
2010,1.416212194019432e-10,5.566133834546989e-14,4.434039318353618e-14
2011,1.409828757200126e-10,5.540489001272934e-14,4.41342629840671e-14
2012,1.403287126400998e-10,5.514969982649458e-14,4.392909984491526e-14
2013,1.39691511545354e-10,5.489576655718849e-14,4.372490296876471e-14
2014,1.390513045744364e-10,5.464306270018271e-14,4.352166565028847e-14
2015,1.384142406746498e-10,5.439160410789286e-14,4.331938031277748e-14
2016,1.377873180623997e-10,5.414139702395692e-14,4.311804159433727e-14
2017,1.371522384821895e-10,5.389239533003882e-14,4.291765372017301e-14
2018,1.365367464617633e-10,5.364462053412692e-14,4.271820486386317e-14
2019,1.359035577702396e-10,5.339806147992287e-14,4.251969481948177e-14
2020,1.352913117787278e-10,5.315272157603522e-14,4.232210999074004e-14
2021,1.346656850652353e-10,5.290858337961987e-14,4.212546397330581e-14
2022,1.340615561454346e-10,5.266563462206074e-14,4.192973332137526e-14
2023,1.334407019583521e-10,5.242388589940215e-14,4.173492191446428e-14
2024,1.328359503843935e-10,5.218332289819971e-14,4.154102790649633e-14
2025,1.322249055110761e-10,5.194391963866355e-14,4.134804392414496e-14
2026,1.316289647602174e-10,5.17056703810256e-14,4.115596167605622e-14
2027,1.31021711467615e-10,5.146858266413311e-14,4.096478258866597e-14
2028,1.304257805157574e-10,5.12326509533607e-14,4.07744975474697e-14
2029,1.298265614683256e-10,5.099785684938213e-14,4.058510646450341e-14
2030,1.292407333203405e-10,5.076421052694458e-14,4.03965979610329e-14
2031,1.286434195452265e-10,5.053168918640223e-14,4.020897801674709e-14
2032,1.280598930351043e-10,5.030031251444264e-14,4.002223145095062e-14
2033,1.274785579110832e-10,5.007004580494786e-14,3.983636711710457e-14
2034,1.268949513499063e-10,4.98409123535486e-14,3.965137096837655e-14
2035,1.263245330021507e-10,4.961289775115074e-14,3.946724048149237e-14
2036,1.257429850456423e-10,4.938600196755262e-14,3.928397167018701e-14
2037,1.251735923501143e-10,4.916020298748833e-14,3.910156100960156e-14
2038,1.245930778126681e-10,4.893549653741455e-14,3.892000733561805e-14
2039,1.240340669118327e-10,4.871188179022277e-14,3.873930321040224e-14
2040,1.234619531638567e-10,4.848934939400309e-14,3.855944281017142e-14
2041,1.229003183013308e-10,4.826788785554821e-14,3.838042890197592e-14
2042,1.223529444104046e-10,4.804749537471987e-14,3.82022523296543e-14
2043,1.217844091113479e-10,4.782814502930695e-14,3.802490289969055e-14
2044,1.212337633550477e-10,4.760985943024659e-14,3.784839284059284e-14
2045,1.206786070603431e-10,4.739262274722249e-14,3.767270910372034e-14
2046,1.201244634687135e-10,4.717642013678463e-14,3.749784094039052e-14
2047,1.195870637826993e-10,4.696125789095285e-14,3.732380068433469e-14
2048,1.190355922182221e-10,4.674714831499582e-14,3.715056675099444e-14
2049,1.184937567206479e-10,4.653407127327216e-14,3.697814440471527e-14
2050,1.179538682640593e-10,4.63220229234429e-14,3.680653260972187e-14
2051,1.174135455818092e-10,4.61109834122834e-14,3.663571735253315e-14
2052,1.168889064919658e-10,4.590095888899978e-14,3.646570338671092e-14
2053,1.16353166515621e-10,4.569193183870945e-14,3.629648809405411e-14
2054,1.158258129433442e-10,4.548391056874344e-14,3.61280597011644e-14
2055,1.152976989822342e-10,4.527688575232829e-14,3.596042331559853e-14
2056,1.147692438426597e-10,4.507084219110336e-14,3.57935723789246e-14
2057,1.142455259611491e-10,4.486578262331079e-14,3.56275037372442e-14
2058,1.13730237510048e-10,4.466169856415458e-14,3.546221020684862e-14
2059,1.132071679405128e-10,4.44585923277821e-14,3.529768985508186e-14
2060,1.127000474589023e-10,4.425645011505761e-14,3.513393630743786e-14
2061,1.121804263380657e-10,4.405525865443401e-14,3.497095655275665e-14
2062,1.116702515958706e-10,4.385503585948945e-14,3.480873084804389e-14
2063,1.111700625174146e-10,4.36557670218276e-14,3.464727198873204e-14
2064,1.106579190667285e-10,4.345744393963323e-14,3.448656186935718e-14
2065,1.101485232790996e-10,4.326006474103295e-14,3.432660631155042e-14
2066,1.096619208917138e-10,4.306362515985167e-14,3.416739483954768e-14
2067,1.091549184665756e-10,4.28681240560044e-14,3.400893017904756e-14
2068,1.086556207926967e-10,4.267354411588652e-14,3.385120682609782e-14
2069,1.081718446168009e-10,4.247989082131679e-14,3.369422058128015e-14
2070,1.076823423170013e-10,4.228714951326621e-14,3.35379657098788e-14
2071,1.071870023259495e-10,4.209531127214314e-14,3.33824412759827e-14
2072,1.066955773594282e-10,4.190438695085638e-14,3.322764192114969e-14
2073,1.062187863383236e-10,4.17143540799352e-14,3.307356855656496e-14
2074,1.057311527922319e-10,4.152522961521672e-14,3.292020992220545e-14
2075,1.052474529847622e-10,4.133699912119942e-14,3.276757039079724e-14
2076,1.047804553756762e-10,4.114966611451999e-14,3.261564977447482e-14
2077,1.042942232128267e-10,4.096321802633072e-14,3.246443664587974e-14
2078,1.0381297654315e-10,4.077765728866817e-14,3.231392680139774e-14
2079,1.033546741375657e-10,4.059296809270336e-14,3.216411395166844e-14
2080,1.028868713402051e-10,4.040915739466344e-14,3.201501057569013e-14
2081,1.024204520631279e-10,4.022620411420915e-14,3.186659879127184e-14
2082,1.019471695113897e-10,4.004410579914419e-14,3.171887960233986e-14
2083,1.014921922763063e-10,3.98628710769751e-14,3.15718489936722e-14
2084,1.010262547994284e-10,3.96824841760436e-14,3.142550871922629e-14
2085,1.005665689919382e-10,3.950295898166697e-14,3.127984920911544e-14
2086,1.001038803412544e-10,3.932427138980188e-14,3.113487085013149e-14
2087,9.966449135901205e-11,3.914642637677757e-14,3.099056884606309e-14
2088,9.920659317474635e-11,3.896942044499867e-14,3.084694141102603e-14
2089,9.87481723946641e-11,3.879323965356386e-14,3.070398612541573e-14
2090,9.83044176452711e-11,3.8617894685112e-14,3.056169320069693e-14
2091,9.786809213354842e-11,3.84433626835094e-14,3.042007070758987e-14
2092,9.741303453060562e-11,3.826965935938895e-14,3.027910573309067e-14
2093,9.697030243329937e-11,3.809676680924881e-14,3.013880204814017e-14
2094,9.652725243539839e-11,3.792468902222437e-14,2.999915073690112e-14
2095,9.610089257075074e-11,3.775341912300242e-14,2.986015396246319e-14
2096,9.565732354262505e-11,3.758295711442299e-14,2.972180085519207e-14
2097,9.522831052314332e-11,3.741328967676972e-14,2.958409908963708e-14
2098,9.478630671974755e-11,3.724440846599419e-14,2.944703412013365e-14
2099,9.437115947950772e-11,3.707631727897639e-14,2.931060993396042e-14
2100,9.393629886669592e-11,3.69090161705338e-14,2.917482144024103e-14
2101,9.351664300352649e-11,3.674248872376397e-14,2.90396666256341e-14
2102,9.307956053806178e-11,3.657674444928272e-14,2.890514176867391e-14
2103,9.26662469245937e-11,3.641176194517492e-14,2.877125250227715e-14
2104,9.225688818518636e-11,3.624755783353562e-14,2.863797664110937e-14
2105,9.183157724325431e-11,3.608410759110717e-14,2.850532935749576e-14
2106,9.140595161357684e-11,3.592142307348275e-14,2.837329622158499e-14
2107,9.099026426458672e-11,3.575949523936288e-14,2.824188217344281e-14
2108,9.05930433809865e-11,3.559832100492036e-14,2.811107938499108e-14
2109,9.017806692490412e-11,3.543789583035576e-14,2.798088336402866e-14
2110,8.97707457027851e-11,3.52782172263607e-14,2.785129584844564e-14
2111,8.935430197498569e-11,3.511928768515269e-14,2.772231189100257e-14
2112,8.895372832100573e-11,3.496108134501695e-14,2.759393014723068e-14
2113,8.855965722098009e-11,3.480361320262867e-14,2.746614565284368e-14
2114,8.815161447999891e-11,3.464687874420972e-14,2.733895866308784e-14
2115,8.775630906961826e-11,3.449087625819961e-14,2.721236610118398e-14
2116,8.734497554129163e-11,3.433558972614808e-14,2.708636213687289e-14
2117,8.695531907242228e-11,3.418102979240695e-14,2.696094056796167e-14
2118,8.65715814311153e-11,3.402718471328542e-14,2.683610569616772e-14
2119,8.617047418215471e-11,3.387405828918315e-14,2.671185823954684e-14
2120,8.578611126465696e-11,3.372163587702731e-14,2.658818480147571e-14
2121,8.539814324033015e-11,3.356991838701539e-14,2.646509000140966e-14
2122,8.499952612740494e-11,3.341891169639725e-14,2.634256823072062e-14
2123,8.462581147323641e-11,3.326859166470032e-14,2.622061795721781e-14
2124,8.424970975474012e-11,3.31189885298254e-14,2.609923176159905e-14
2125,8.385711640524767e-11,3.297007639063442e-14,2.597841595500118e-14
2126,8.347996286828022e-11,3.282184197068328e-14,2.585815480190072e-14
2127,8.309885256461787e-11,3.267428660599237e-14,2.573846459627286e-14
2128,8.271384411866123e-11,3.252742076218157e-14,2.561932650874748e-14
2129,8.235868390580517e-11,3.238122794678299e-14,2.550073789838121e-14
2130,8.198236841224083e-11,3.223570485531e-14,2.538270878665767e-14
2131,8.161116555351824e-11,3.209086885729003e-14,2.526522994140083e-14
2132,8.123794517378354e-11,3.194669421624732e-14,2.514829785418119e-14
2133,8.086725931822696e-11,3.180318973745033e-14,2.503190704491988e-14
2134,8.049940743929547e-11,3.166034363513123e-14,2.491606044994452e-14
2135,8.014690656568976e-11,3.151815769697976e-14,2.48007475915322e-14
2136,7.977949059549107e-11,3.137662535729657e-14,2.468597607859575e-14
2137,7.942099807247616e-11,3.123575108003642e-14,2.457174106724867e-14
2138,7.905832574552113e-11,3.109552305044419e-14,2.445803601846072e-14
2139,7.869238000363965e-11,3.095594417457845e-14,2.434485605465505e-14
2140,7.833880704421695e-11,3.081700342832171e-14,2.423221037263298e-14
2141,7.799290630189178e-11,3.06787000667626e-14,2.412008524641975e-14
2142,7.764977959656071e-11,3.054103635282199e-14,2.400848008504414e-14
2143,7.728426091797645e-11,3.040401140317583e-14,2.389739505912371e-14
2144,7.694202152101814e-11,3.026761721166093e-14,2.378682420605011e-14
2145,7.658730214125866e-11,3.013184286413525e-14,2.367676901601686e-14
2146,7.624106524354639e-11,2.999669474554882e-14,2.35672326407701e-14
2147,7.589082173721318e-11,2.986216831748293e-14,2.345819411207853e-14
2148,7.5556940859722e-11,2.972825833561434e-14,2.334967372121944e-14
2149,7.522974566386198e-11,2.959497120321377e-14,2.324165201252902e-14
2150,7.487285179214582e-11,2.946228255555838e-14,2.313414006503166e-14
2151,7.453476554655587e-11,2.93302032439725e-14,2.302712299038776e-14
2152,7.420025692900733e-11,2.919873145470803e-14,2.292060850669272e-14
2153,7.386572151287114e-11,2.9067868525859e-14,2.281458264194255e-14
2154,7.352361626502113e-11,2.893759780287052e-14,2.270905162309213e-14
2155,7.31967313810741e-11,2.880791843775061e-14,2.260401889551858e-14
2156,7.287248965700277e-11,2.867884225957942e-14,2.249947048820636e-14
2157,7.254334378088958e-11,2.85503576538999e-14,2.239540621284105e-14
2158,7.221179152140988e-11,2.842245950726109e-14,2.229182642218725e-14
2159,7.188772758119887e-11,2.829513931326451e-14,2.218873158886376e-14
2160,7.156443020512639e-11,2.81684000520542e-14,2.20861143984016e-14
2161,7.123585441666442e-11,2.804224358627639e-14,2.198397595444357e-14
2162,7.090835984886173e-11,2.791666755010167e-14,2.188230840230272e-14
2163,7.058856920170173e-11,2.779165965915405e-14,2.178112311991445e-14
2164,7.028494610479268e-11,2.766724030588433e-14,2.168039863505383e-14
2165,6.996902332224565e-11,2.754337588527512e-14,2.158014556543768e-14
2166,6.96416062986117e-11,2.742009457647887e-14,2.148035771158365e-14
2167,6.933431621360276e-11,2.729736740294259e-14,2.138103917580333e-14
2168,6.901955584409202e-11,2.717520314021284e-14,2.128217552243161e-14
2169,6.870857069950053e-11,2.705360258987519e-14,2.118377423254422e-14
2170,6.838740756802289e-11,2.693255485256731e-14,2.108582856226362e-14
2171,6.807864674725702e-11,2.6812056283611e-14,2.098834243074021e-14
2172,6.778321433735486e-11,2.66921062219915e-14,2.089130830176567e-14
2173,6.748125798541926e-11,2.657270947402835e-14,2.07947231475456e-14
2174,6.716875656330827e-11,2.645385426563014e-14,2.06985903763299e-14
2175,6.68670133559151e-11,2.63355421809652e-14,2.060290320306882e-14
2176,6.656157225736144e-11,2.621776322688961e-14,2.050765568871621e-14
2177,6.626081350450505e-11,2.610053748544616e-14,2.04128529207871e-14
2178,6.59624094480479e-11,2.598383810573368e-14,2.031849387361909e-14
2179,6.566663529504256e-11,2.586767761274683e-14,2.022457137072254e-14
2180,6.536154421860373e-11,2.575204251695901e-14,2.013108420535742e-14
2181,6.506335694405359e-11,2.563693284396041e-14,2.00380353186134e-14
2182,6.478824733197453e-11,2.552235044608629e-14,1.994541337161673e-14
2183,6.45021076734351e-11,2.54082882737114e-14,1.985322393479978e-14
2184,6.420087901195562e-11,2.529473819868384e-14,1.976147059288517e-14
2185,6.391350934257448e-11,2.518171441905473e-14,1.967013571060987e-14
2186,6.362478700322887e-11,2.506919817733925e-14,1.957922560500196e-14
2187,6.333525577230755e-11,2.49572057228012e-14,1.948873921669205e-14
2188,6.30498477524913e-11,2.484571303980178e-14,1.939867438845129e-14
2189,6.276405913740178e-11,2.47347296991944e-14,1.930903015822354e-14
2190,6.247569556371744e-11,2.462425224642911e-14,1.921979515134195e-14
2191,6.218423228306044e-11,2.451427140392642e-14,1.913098123249863e-14
2192,6.191569629951813e-11,2.440480163896026e-14,1.904257387960816e-14
2193,6.165293361324775e-11,2.429581621468913e-14,1.89545787693249e-14
2194,6.136543968997954e-11,2.418732960880109e-14,1.886699722574592e-14
2195,6.108585489991463e-11,2.407934059554917e-14,1.877981888261061e-14
2196,6.081162083577101e-11,2.397183676762205e-14,1.869304163788014e-14
2197,6.054401919942005e-11,2.386481855325468e-14,1.860667065295211e-14
2198,6.026544007646409e-11,2.375828380686866e-14,1.852069960698384e-14
2199,5.999244675216947e-11,2.365224348826134e-14,1.843512978512154e-14
2200,5.972623347633949e-11,2.354666814403644e-14,1.834995915839564e-14
2201,5.944859803682649e-11,2.344158731857493e-14,1.826518060115989e-14
2202,5.917312287848811e-11,2.333697456568853e-14,1.818079446044688e-14
2203,5.891072654298183e-11,2.323284376409208e-14,1.809680321734044e-14
2204,5.86512903320144e-11,2.312916793291713e-14,1.801320429825296e-14
2205,5.840276688113249e-11,2.302597066189454e-14,1.792998986763522e-14
2206,5.813421059659753e-11,2.292323802993167e-14,1.78471629407401e-14
2207,5.786651471635822e-11,2.282097337920766e-14,1.776472040672161e-14
2208,5.761011211544409e-11,2.271917556891105e-14,1.76826596919087e-14
2209,5.734151242290987e-11,2.261783411058771e-14,1.760098257906308e-14
2210,5.709131158200449e-11,2.251695648660595e-14,1.751967883756135e-14
2211,5.683408484210943e-11,2.241653678915835e-14,1.743875540954894e-14
2212,5.657499108744902e-11,2.231656714593119e-14,1.735820804114896e-14
2213,5.632028919594744e-11,2.221705399157412e-14,1.727803703341054e-14
2214,5.605890634303546e-11,2.211799537786086e-14,1.719823080475837e-14
2215,5.580263887655669e-11,2.201937219059335e-14,1.711880100844229e-14
2216,5.555065282228178e-11,2.192120568797974e-14,1.703973702889767e-14
2217,5.530741154411437e-11,2.182347823396926e-14,1.696104792697532e-14
2218,5.506725668277438e-11,2.172619103856356e-14,1.688270793649979e-14
2219,5.482664325445477e-11,2.16293486166346e-14,1.680474113838471e-14
2220,5.457047261329512e-11,2.153294491858344e-14,1.67271338768634e-14
2221,5.432568793373792e-11,2.143697361477621e-14,1.664988868306896e-14
2222,5.408277127767762e-11,2.134143285588555e-14,1.657300176543424e-14
2223,5.3835312252694e-11,2.124633253040261e-14,1.649647080963908e-14
2224,5.360245609941488e-11,2.115164995088152e-14,1.642029548469039e-14
2225,5.335774948946191e-11,2.105740445671664e-14,1.634447604616395e-14
2226,5.311873425534584e-11,2.096357716902705e-14,1.626900202943543e-14
2227,5.287624181982041e-11,2.087017441207762e-14,1.619387885291918e-14
2228,5.263315305019036e-11,2.077719482321883e-14,1.611910737636922e-14
2229,5.240130561910227e-11,2.068463359441815e-14,1.604467757999758e-14
2230,5.215994406275442e-11,2.059249767779098e-14,1.597059366503679e-14
2231,5.19155250120403e-11,2.050076187543669e-14,1.589685928866953e-14
2232,5.168660801328193e-11,2.040945623453032e-14,1.582346339109244e-14
2233,5.146995536289864e-11,2.031855974832342e-14,1.575041107472107e-14
2234,5.123739591303997e-11,2.02280727100581e-14,1.567769199008448e-14
2235,5.101780146967143e-11,2.013799242759394e-14,1.560531263817097e-14
2236,5.077433322752567e-11,2.004830963036811e-14,1.553326941075836e-14
2237,5.054764653819918e-11,1.995903930335717e-14,1.546155864108959e-14
2238,5.032223064610151e-11,1.987016729946088e-14,1.539017997057171e-14
2239,5.008807480995647e-11,1.978169484876248e-14,1.531913109986588e-14
2240,4.987251431688421e-11,1.969361991998631e-14,1.524841507372717e-14
2241,4.96483077884143e-11,1.960594696856576e-14,1.517802370967279e-14
2242,4.942465176406917e-11,1.951866555990489e-14,1.510796121582405e-14
2243,4.919784507380819e-11,1.943177741884491e-14,1.503822151744891e-14
2244,4.897838116907719e-11,1.934527403972404e-14,1.496880183558127e-14
2245,4.875811311445094e-11,1.925916376952624e-14,1.489970647356539e-14
2246,4.852794063809479e-11,1.917343658491772e-14,1.483093393046375e-14
2247,4.83155782403607e-11,1.908810029086347e-14,1.476247387152286e-14
2248,4.809199846470606e-11,1.900315472951354e-14,1.469433507180015e-14
2249,4.786938350748433e-11,1.891858327724004e-14,1.462650792253621e-14
2250,4.765755949906822e-11,1.88343952228191e-14,1.455900136121321e-14
2251,4.745535207744475e-11,1.875058424784254e-14,1.449180546008346e-14
2252,4.724792395208678e-11,1.866715831800153e-14,1.44249154641197e-14
2253,4.704441923663801e-11,1.85840996809706e-14,1.435834293762273e-14
2254,4.683039779028717e-11,1.850141481752656e-14,1.429207541523795e-14
2255,4.66168126510477e-11,1.841910005209772e-14,1.422611400346504e-14
2256,4.640442170248919e-11,1.833715659870349e-14,1.416045957007549e-14
2257,4.619567957155607e-11,1.825557831648547e-14,1.409510528514191e-14
2258,4.598654382343174e-11,1.817436981629532e-14,1.403005526460258e-14
2259,4.578801980252015e-11,1.809351658379441e-14,1.396531226985986e-14
2260,4.55803778532205e-11,1.801303407938943e-14,1.390086510528942e-14
2261,4.537384379805879e-11,1.793291725896925e-14,1.383671684900628e-14
2262,4.517556706526491e-11,1.78531596476261e-14,1.377286166063766e-14
2263,4.497198815184428e-11,1.777375500815407e-14,1.370931155413522e-14
2264,4.476347416443684e-11,1.769470791908488e-14,1.364604388492372e-14
2265,4.456472523764707e-11,1.761602111808601e-14,1.358307717550946e-14
2266,4.436740536253475e-11,1.753768818798859e-14,1.352039419614227e-14
2267,4.41611126696683e-11,1.745969357876047e-14,1.345801070202978e-14
2268,4.396636550063215e-11,1.738206277284216e-14,1.339591156355144e-14
2269,4.376166892027504e-11,1.730477580391548e-14,1.333410308205584e-14
2270,4.355933782057776e-11,1.722783597499353e-14,1.327257474887742e-14
2271,4.335939651622023e-11,1.715124358253104e-14,1.321133262076744e-14
2272,4.317327046979112e-11,1.707499221507078e-14,1.31503747868797e-14
2273,4.298500644456469e-11,1.699908054966902e-14,1.308970063485741e-14
2274,4.280066689934494e-11,1.692351210112873e-14,1.302930808864278e-14
2275,4.261894159583126e-11,1.68482750178734e-14,1.296919387196072e-14
2276,4.242242954908886e-11,1.677337775981294e-14,1.290935982347168e-14
2277,4.222473004196874e-11,1.669882233967974e-14,1.28498006181325e-14
2278,4.203921164509203e-11,1.662459794235179e-14,1.279051842777838e-14
2279,4.184567023138972e-11,1.655069684246113e-14,1.273151036800508e-14
2280,4.166288200622599e-11,1.647714112489441e-14,1.267277572566272e-14
2281,4.147829280107129e-11,1.640391433516734e-14,1.261430788659042e-14
2282,4.1290026491532e-11,1.633100672856613e-14,1.255611818328402e-14
2283,4.110807050531254e-11,1.62584283822308e-14,1.249819592000748e-14
2284,4.091545035824619e-11,1.618617380171603e-14,1.244053918863835e-14
2285,4.07403310439116e-11,1.611424136208568e-14,1.23831522420426e-14
2286,4.0555624502753e-11,1.604263482070471e-14,1.232602991008947e-14
2287,4.037619837850532e-11,1.597134607816526e-14,1.226917012648361e-14
2288,4.019367110532824e-11,1.590037428542963e-14,1.221257404236865e-14
2289,4.001378966424099e-11,1.58297220287036e-14,1.215623853049123e-14
2290,3.983136021205765e-11,1.575938316346588e-14,1.210016843120052e-14
2291,3.965748169454012e-11,1.568936409039825e-14,1.204435316037612e-14
2292,3.948276483771061e-11,1.561965999762787e-14,1.198879738140958e-14
2293,3.930220506528127e-11,1.555026508230448e-14,1.193349944476494e-14
2294,3.912403604208576e-11,1.548117777248752e-14,1.187845670303932e-14
2295,3.895025705417717e-11,1.541240033560185e-14,1.182366739754338e-14
2296,3.877075653643384e-11,1.534392651442444e-14,1.176913465379055e-14
2297,3.86030966781719e-11,1.527576637486586e-14,1.171485436800761e-14
2298,3.842731630928569e-11,1.520790949475721e-14,1.166082375644943e-14
2299,3.824586550397671e-11,1.514034747633081e-14,1.16070389299942e-14
2300,3.806899173175371e-11,1.507309748747018e-14,1.155350893932394e-14
2301,3.790572821193758e-11,1.500614653890872e-14,1.150022332858615e-14
2302,3.773828923918464e-11,1.493949155902887e-14,1.144718730760435e-14
2303,3.756896252323086e-11,1.487313053172909e-14,1.139439645062668e-14
2304,3.741569847858522e-11,1.48070768096076e-14,1.134184719878859e-14
2305,3.725067933314655e-11,1.474131091817341e-14,1.128954270479004e-14
2306,3.708372478992994e-11,1.467584086056833e-14,1.123747930583668e-14
2307,3.691398236245379e-11,1.461066230270376e-14,1.118565800594537e-14
2308,3.675080418830116e-11,1.454577050258151e-14,1.113407921202614e-14
2309,3.658606392799415e-11,1.448117819835924e-14,1.108273367672331e-14
2310,3.641645523222321e-11,1.441687987839871e-14,1.103162801321795e-14
2311,3.626024622126697e-11,1.435286102782379e-14,1.098076134082153e-14
2312,3.609697522799956e-11,1.428913136564475e-14,1.093012673129986e-14
2313,3.593388461657041e-11,1.422568164337716e-14,1.08797282209326e-14
2314,3.577104902793284e-11,1.416251798698409e-14,1.082955911247798e-14
2315,3.562056637382544e-11,1.40996424080812e-14,1.077962888476226e-14
2316,3.545329048512064e-11,1.40370390956654e-14,1.072992430432034e-14
2317,3.529591198166041e-11,1.397470891979391e-14,1.068045205073565e-14
2318,3.513826597557271e-11,1.391266887126378e-14,1.063121286499637e-14
2319,3.498140790321705e-11,1.385090347531116e-14,1.058219161113329e-14
2320,3.482740548804235e-11,1.378941356760742e-14,1.053340301717821e-14
2321,3.467051586067434e-11,1.372820163078912e-14,1.048483833655424e-14
2322,3.451902008792845e-11,1.36672613725022e-14,1.043650151234885e-14
2323,3.436701260134412e-11,1.360659483628261e-14,1.038838482478161e-14
2324,3.420942900213323e-11,1.354619398972479e-14,1.034049112959459e-14
2325,3.405963368595808e-11,1.348606841087344e-14,1.02928158995936e-14
2326,3.389926274273675e-11,1.342621090769631e-14,1.024536450269774e-14
2327,3.375324527559927e-11,1.336661915412516e-14,1.019813561401316e-14
2328,3.360785106051535e-11,1.330729047518507e-14,1.015112219777141e-14
2329,3.345316258209418e-11,1.324822603364848e-14,1.010432981010804e-14
2330,3.330103748293514e-11,1.318943359474625e-14,1.005774821300564e-14
2331,3.315198654738952e-11,1.313089716094869e-14,1.001138528614621e-14
2332,3.300752714609415e-11,1.307261899519156e-14,9.965235226134296e-15
2333,3.28577355787432e-11,1.301460178372244e-14,9.9193019174271e-15
2334,3.270653044835033e-11,1.295685508524885e-14,9.87357569218119e-15
2335,3.256692082166129e-11,1.289936095185313e-14,9.828069162555472e-15
2336,3.24131884117764e-11,1.284212141230991e-14,9.782764216410244e-15
2337,3.227392132089509e-11,1.278513501041227e-14,9.737675342956917e-15
2338,3.213056113144734e-11,1.272840942934213e-14,9.692789122769587e-15
2339,3.197836617474308e-11,1.267193325945919e-14,9.648115998910362e-15
2340,3.182893701131957e-11,1.261570573898815e-14,9.603646934682719e-15
2341,3.169003834602564e-11,1.255973468674462e-14,9.559378164652265e-15
2342,3.154459837077535e-11,1.250400506411867e-14,9.515322482720759e-15
2343,3.141492519802327e-11,1.244853065508848e-14,9.471466997257682e-15
2344,3.128257988422809e-11,1.23933048200778e-14,9.427810980667044e-15
2345,3.114799098734774e-11,1.233832268212464e-14,9.384362748105142e-15
2346,3.100887557662469e-11,1.228358559749579e-14,9.341108431213166e-15
2347,3.087185411117392e-11,1.222909505538956e-14,9.298062360294643e-15
2348,3.073509587246922e-11,1.217484302027348e-14,9.255211637260634e-15
2349,3.059594014197416e-11,1.212083663421248e-14,9.212558362706581e-15
2350,3.04583684759222e-11,1.206706639322814e-14,9.170101090819776e-15
2351,3.032504681566736e-11,1.201354421200248e-14,9.12783691950877e-15
2352,3.018917783902718e-11,1.196025662367571e-14,9.08577201236792e-15
2353,3.005402845875662e-11,1.190720029174515e-14,9.043902946056358e-15
2354,2.992100974940737e-11,1.185438041531841e-14,9.002225546151373e-15
2355,2.979151568582189e-11,1.180180097220705e-14,8.960739654871572e-15
2356,2.965875613069457e-11,1.174945762030986e-14,8.919449404228098e-15
2357,2.952524750756419e-11,1.169734284079865e-14,8.878345137839912e-15
2358,2.939189199778079e-11,1.164545781797608e-14,8.837433563041183e-15
2359,2.925908615211972e-11,1.159380609753804e-14,8.796710432756345e-15
2360,2.912992763311494e-11,1.154238519713397e-14,8.756177932583613e-15
2361,2.900611458180199e-11,1.149120323033895e-14,8.715828778974157e-15
2362,2.887504487539655e-11,1.144023460900253e-14,8.675663791420296e-15
2363,2.874956923435502e-11,1.138950291025137e-14,8.635690332682191e-15
2364,2.861392637053756e-11,1.1338989769991e-14,8.595899217821708e-15
2365,2.849447025036537e-11,1.128870406587806e-14,8.55629355534423e-15
2366,2.836219130663257e-11,1.123864513335197e-14,8.516871108627951e-15
2367,2.824391293035545e-11,1.118879878757505e-14,8.477627655536166e-15
2368,2.811161898038909e-11,1.113918113759985e-14,8.438568527253925e-15
2369,2.798630215437076e-11,1.108977957410601e-14,8.399685668419056e-15
2370,2.786285446713692e-11,1.104060520006578e-14,8.360984987149026e-15
2371,2.773916113926669e-11,1.09916460847817e-14,8.322463399824139e-15
2372,2.761529977759801e-11,1.094290455784055e-14,8.284116213454091e-15
2373,2.749456920128575e-11,1.089438297993564e-14,8.245952298871886e-15
2374,2.737325172796818e-11,1.084607899263258e-14,8.20796233600916e-15
2375,2.725312649576202e-11,1.079798026808084e-14,8.170146513907602e-15
2376,2.71356511558174e-11,1.075010335431063e-14,8.132499272493702e-15
2377,2.701045932000665e-11,1.070243794757628e-14,8.095033536209042e-15
2378,2.689177586031962e-11,1.065498326723281e-14,8.0577419844477e-15
2379,2.67686460014778e-11,1.060774044188393e-14,8.020620338691075e-15
2380,2.665223532711753e-11,1.056071034314888e-14,7.983674150589756e-15
2381,2.653631614349419e-11,1.051387959532636e-14,7.946894245564758e-15
2382,2.641012407157319e-11,1.046726810734182e-14,7.910286994310203e-15
2383,2.630028762176238e-11,1.042086116904087e-14,7.873843555349522e-15
2384,2.618582687835326e-11,1.037465810241406e-14,7.837573127236326e-15
2385,2.606570232022058e-11,1.032865880463386e-14,7.801470951592036e-15
2386,2.595056800665346e-11,1.028286932191682e-14,7.765534436163667e-15
2387,2.583748270540535e-11,1.023728826668158e-14,7.72975898409455e-15
2388,2.571489735846051e-11,1.019190280032247e-14,7.694157558715978e-15
2389,2.560352124431078e-11,1.014672440509181e-14,7.658714875114618e-15
2390,2.549245726846988e-11,1.010173507337758e-14,7.623435111677139e-15
2391,2.538478729553695e-11,1.005695656994416e-14,7.58831888970154e-15
2392,2.527287749343255e-11,1.001237793421783e-14,7.553369182394364e-15
2393,2.515477471854002e-11,9.967994483530429e-15,7.518578368998967e-15
2394,2.504243254603213e-11,9.923808757159581e-15,7.48394729262023e-15
2395,2.493823808775992e-11,9.879817598134637e-15,7.449470332795996e-15
2396,2.482189310777666e-11,9.836018614004343e-15,7.415164216534073e-15
2397,2.471242519523451e-11,9.792416363036132e-15,7.381009724559807e-15
2398,2.460438885385873e-11,9.749007857978971e-15,7.347021333297572e-15
2399,2.449643816127644e-11,9.705790104897732e-15,7.313180858317703e-15
2400,2.438085248711332e-11,9.662776253083968e-15,7.279491627908444e-15
2401,2.427057989352802e-11,9.619943337186602e-15,7.245963279421737e-15
2402,2.416003798009255e-11,9.577306993434248e-15,7.212592476387997e-15
2403,2.406421954057674e-11,9.534857215338108e-15,7.179375510875974e-15
2404,2.394523559417409e-11,9.492590220567388e-15,7.146311925989765e-15
2405,2.384496111886078e-11,9.450515851623096e-15,7.1133990853829e-15
2406,2.372617506686108e-11,9.408624823905405e-15,7.080647056695168e-15
2407,2.362659347903033e-11,9.36692366924413e-15,7.048037983200557e-15
2408,2.351293355644669e-11,9.325404087742951e-15,7.015581047396936e-15
2409,2.341063695312604e-11,9.284071798789128e-15,6.983271307412144e-15
2410,2.330781275141113e-11,9.242924961856979e-15,6.95111428661816e-15
2411,2.321597362306909e-11,9.201958677165464e-15,6.91910374446706e-15
2412,2.310890383523501e-11,9.161170141949417e-15,6.887241670216589e-15
2413,2.300047015573227e-11,9.120567843369479e-15,6.855523495860657e-15
2414,2.290293699170578e-11,9.080147202665939e-15,6.82396027780495e-15
2415,2.281542575919865e-11,9.039906944095652e-15,6.792534574711983e-15
2416,2.272132144315701e-11,8.99984770719073e-15,6.761254343797446e-15
2417,2.261231218769877e-11,8.959955930368298e-15,6.730120375611523e-15
2418,2.251030600339256e-11,8.920241335324226e-15,6.699131830170283e-15
2419,2.2413138677673e-11,8.880713855388053e-15,6.668281069087226e-15
2420,2.231176036248512e-11,8.841348842393412e-15,6.637579432641136e-15
2421,2.222815765686028e-11,8.802167741199097e-15,6.607014502082644e-15
2422,2.211973503430023e-11,8.763163131502624e-15,6.576591037598018e-15
2423,2.202200956687653e-11,8.724324680396588e-15,6.546309354965107e-15
2424,2.193123962759085e-11,8.685655184595776e-15,6.516169539851715e-15
2425,2.182824457627949e-11,8.6471661546113e-15,6.486164013892415e-15
2426,2.173491383858481e-11,8.608838345280313e-15,6.456300270135436e-15
2427,2.163789809167156e-11,8.570686570595238e-15,6.426573878583046e-15
2428,2.154168593842919e-11,8.532704610323695e-15,6.396986355328503e-15
2429,2.144990885784813e-11,8.494885461526955e-15,6.367530808921933e-15
2430,2.13514032215405e-11,8.45724028363552e-15,6.338217929315495e-15
2431,2.126147674256085e-11,8.419764859320059e-15,6.309035942818525e-15
2432,2.117156817675503e-11,8.382447833724582e-15,6.279985717126784e-15
2433,2.108099233653044e-11,8.34529924313099e-15,6.251074374864333e-15
2434,2.097802425361543e-11,8.308319509255764e-15,6.222293477380674e-15
2435,2.089035525473129e-11,8.271494016460689e-15,6.193649609739786e-15
2436,2.079859949346226e-11,8.234843513126722e-15,6.165133073114093e-15
2437,2.070807056244625e-11,8.198343364778537e-15,6.136749929374546e-15
2438,2.06157882056368e-11,8.162015533554953e-15,6.108500951516126e-15
2439,2.052720225786274e-11,8.125850011267588e-15,6.08037375145039e-15
2440,2.043498480652834e-11,8.089843171111798e-15,6.05238292160346e-15
2441,2.034575735288536e-11,8.053988756657941e-15,6.024519200642284e-15
2442,2.025880455234615e-11,8.018294187092249e-15,5.996791243970159e-15
2443,2.01637638421393e-11,7.982764466359167e-15,5.969187510393142e-15
2444,2.0079561516953e-11,7.947387294358746e-15,5.941708922780447e-15
2445,1.998872478071172e-11,7.912171253661419e-15,5.914356360403452e-15
2446,1.990117519000375e-11,7.877113702800116e-15,5.887128833526312e-15
2447,1.98151737462923e-11,7.842204183948574e-15,5.860028454993638e-15
2448,1.97286199877428e-11,7.80745023556346e-15,5.833057179468165e-15
2449,1.964378790733653e-11,7.772855412152896e-15,5.806203211832564e-15
2450,1.955721774568456e-11,7.738411224838782e-15,5.779478723140963e-15
2451,1.946783059842422e-11,7.704121742859494e-15,5.752874817767155e-15
2452,1.938132545114605e-11,7.669980988375633e-15,5.726392981655428e-15
2453,1.929826522377205e-11,7.635994986330504e-15,5.70003769145599e-15
2454,1.921429592157461e-11,7.602156287643662e-15,5.67379754545549e-15
2455,1.912558188376955e-11,7.568465510405457e-15,5.647684597241743e-15
2456,1.904781608580646e-11,7.534933493524806e-15,5.621688299193763e-15
2457,1.895961406302476e-11,7.501537956727348e-15,5.595815702670395e-15
2458,1.887550725738296e-11,7.46828873231934e-15,5.570056924296178e-15
2459,1.879358187690868e-11,7.435198239342862e-15,5.544423300704549e-15
2460,1.871534262198955e-11,7.402251214269901e-15,5.518902233469477e-15
2461,1.863013792919147e-11,7.36944962274653e-15,5.493500100930972e-15
2462,1.855040229359961e-11,7.336790945240536e-15,5.468219610632199e-15
2463,1.847178376683633e-11,7.30427526335977e-15,5.443050614242041e-15
2464,1.839057286184917e-11,7.271906984634428e-15,5.418001789824674e-15
2465,1.830178276554674e-11,7.239679665503209e-15,5.393067469693807e-15
2466,1.82291208062261e-11,7.20760291471036e-15,5.36824084600328e-15
2467,1.814084542621332e-11,7.175657462861096e-15,5.343541788516259e-15
2468,1.806893894151986e-11,7.143862891241794e-15,5.318947430576585e-15
2469,1.798933066127756e-11,7.11219674172999e-15,5.294470162388007e-15
2470,1.791112547772262e-11,7.080676950563938e-15,5.270104936308573e-15
2471,1.783138710111975e-11,7.049297847831034e-15,5.245850778742669e-15
2472,1.77488370000413e-11,7.01805852943165e-15,5.221706777617388e-15
2473,1.767527711692046e-11,6.986956435836804e-15,5.197684225080502e-15
2474,1.75940126684604e-11,6.955995774615922e-15,5.173759261393563e-15
2475,1.751835493101351e-11,6.925171477375202e-15,5.149948960105356e-15
2476,1.744159845309407e-11,6.894485289878036e-15,5.126252773337377e-15
2477,1.736540766190598e-11,6.863928820308322e-15,5.1026618461084e-15
2478,1.728531465814102e-11,6.833510681667366e-15,5.079182111549341e-15
2479,1.721430962398321e-11,6.803225707197171e-15,5.055810120387397e-15
2480,1.713656213240018e-11,6.773081909195018e-15,5.03254650533908e-15
2481,1.706444105344574e-11,6.743062953499037e-15,5.009385730938297e-15
2482,1.698745845052021e-11,6.713183297573379e-15,4.986338463904637e-15
2483,1.691539727577795e-11,6.68342988687975e-15,4.963396911405636e-15
2484,1.684030457832979e-11,6.653814091850491e-15,4.940553094816465e-15
2485,1.676678788208662e-11,6.624324093698938e-15,4.917822514032424e-15
2486,1.669715132744131e-11,6.594973101140321e-15,4.895193925476911e-15
2487,1.66199452150898e-11,6.56574395798977e-15,4.872667317140177e-15
2488,1.654947592245487e-11,6.536645696401566e-15,4.850249788976092e-15
2489,1.647957847826731e-11,6.507677458924863e-15,4.82793451388734e-15
2490,1.640577362894187e-11,6.478837753517186e-15,4.805719066577367e-15
2491,1.633745041708897e-11,6.45012098151282e-15,4.783605011098934e-15
2492,1.626195128951435e-11,6.421536215373289e-15,4.761600071336333e-15
2493,1.61953176155343e-11,6.393079460996399e-15,4.739690144988009e-15
2494,1.612398186796877e-11,6.364743114172473e-15,4.717881221844715e-15
2495,1.605640374097895e-11,6.336537471064618e-15,4.696175536447771e-15
2496,1.598206728912108e-11,6.308452704229754e-15,4.6745715674237e-15
2497,1.591293969705191e-11,6.28049243384766e-15,4.653066546069573e-15
2498,1.584280601462249e-11,6.252654858101031e-15,4.631662080368832e-15
2499,1.577870635217557e-11,6.224944771327048e-15,4.610348607622664e-15
2500,1.570560740588457e-11,6.197355988692861e-15,4.589143114519165e-15
2501,1.563972587343364e-11,6.169889724177728e-15,4.568027427545316e-15
2502,1.557380291757303e-11,6.142544716961076e-15,4.547012006881524e-15
2503,1.550214809274854e-11,6.115322557601354e-15,4.526090821376224e-15
2504,1.543677104123601e-11,6.088216323430936e-15,4.505271793638922e-15
2505,1.536725467018105e-11,6.061237938298785e-15,4.484545978565663e-15
2506,1.530677558457269e-11,6.034370814333586e-15,4.463918166083095e-15
2507,1.5233353477487e-11,6.007629046647202e-15,4.443381243444949e-15
2508,1.5171472874332e-11,5.980998734724504e-15,4.422941768847847e-15
2509,1.510223131801544e-11,5.954491349780398e-15,4.402595583777377e-15
2510,1.503779963340571e-11,5.928103679312343e-15,4.382344467975467e-15
2511,1.497334895757936e-11,5.90182605275928e-15,4.362182295153875e-15
2512,1.490344073391719e-11,5.875672311093001e-15,4.342116221774451e-15
2513,1.484497838660906e-11,5.849633279433244e-15,4.32214431717627e-15
2514,1.477602668384152e-11,5.823703625753218e-15,4.302264434780933e-15
2515,1.471064204281097e-11,5.797889861457172e-15,4.282473992123143e-15
2516,1.465424336157266e-11,5.772196074264316e-15,4.262773454923592e-15
2517,1.458552170597421e-11,5.746616773449843e-15,4.243166395323016e-15
2518,1.452098964494404e-11,5.721140953780675e-15,4.223650479768484e-15
2519,1.446018152319224e-11,5.695787609968768e-15,4.204220098521279e-15
2520,1.439356733017878e-11,5.670536745849611e-15,4.184886406334903e-15
2521,1.433369839063147e-11,5.645402501516977e-15,4.165635862994553e-15
2522,1.427082748426369e-11,5.620382944464253e-15,4.146478346110078e-15
2523,1.420793411258138e-11,5.595468951765857e-15,4.127404535923059e-15
2524,1.415087404694765e-11,5.570679404669467e-15,4.108422506594169e-15
2525,1.409016665249295e-11,5.545981989986662e-15,4.089526671204619e-15
2526,1.402780583716924e-11,5.521396717710822e-15,4.07071812238719e-15
2527,1.396708628448294e-11,5.49692640958278e-15,4.051992173044946e-15
2528,1.39066006978174e-11,5.472560107953543e-15,4.033360827976186e-15
2529,1.384660877913296e-11,5.44830356025542e-15,4.014809519788754e-15
2530,1.378299538543471e-11,5.424150334321107e-15,3.996344061242995e-15
2531,1.372709775223687e-11,5.400107147138399e-15,3.977967727610479e-15
2532,1.367348285604531e-11,5.376167773682565e-15,3.959672969757364e-15
2533,1.360526338616773e-11,5.352341565706593e-15,3.941464408324261e-15
2534,1.354836437325791e-11,5.328616317911349e-15,3.923335615896277e-15
2535,1.348951741711117e-11,5.304994495700912e-15,3.905287697752996e-15
2536,1.342931914118333e-11,5.281485571097379e-15,3.887333037224115e-15
2537,1.337549672728625e-11,5.258075245666638e-15,3.869455726848196e-15
2538,1.331510257763858e-11,5.234764462059293e-15,3.851659157293044e-15
2539,1.325974663654004e-11,5.211558710964969e-15,3.833949397055244e-15
2540,1.320295030955703e-11,5.188458882334651e-15,3.816318877495723e-15
2541,1.314308478420794e-11,5.165464570801859e-15,3.798770009829384e-15
2542,1.30889113177034e-11,5.142565008451729e-15,3.781302642025739e-15
2543,1.303263111024474e-11,5.119773116802939e-15,3.763909705332159e-15
2544,1.296890533059892e-11,5.097073223558025e-15,3.746604483143016e-15
2545,1.292166687084696e-11,5.07447722391402e-15,3.729373510948942e-15
2546,1.286267438598385e-11,5.051983219547796e-15,3.712233182597897e-15
2547,1.280380369964857e-11,5.029588384964471e-15,3.695160407556363e-15
2548,1.275477543633764e-11,5.007286987362656e-15,3.678171262895138e-15
2549,1.270019711913316e-11,4.985095524135545e-15,3.661253025559434e-15
2550,1.263616870447856e-11,4.962995190333846e-15,3.644422578512214e-15
2551,1.258921965859132e-11,4.940991485463732e-15,3.627665653044394e-15
2552,1.252935573096245e-11,4.919091425458036e-15,3.610980690838254e-15
2553,1.247942897484047e-11,4.897289497605199e-15,3.594378379858131e-15
2554,1.24263565147187e-11,4.875574155033305e-15,3.577853812243511e-15
2555,1.237878195335457e-11,4.853958806200144e-15,3.561404862087668e-15
2556,1.231615554294909e-11,4.832441484921159e-15,3.545027545468367e-15
2557,1.22688865800504e-11,4.811007807485205e-15,3.528729027856238e-15
2558,1.22135223614813e-11,4.789678220995093e-15,3.512506007359851e-15
2559,1.216720795225667e-11,4.768448630153802e-15,3.496358438354086e-15
2560,1.211100563919928e-11,4.747305652449957e-15,3.480281849808412e-15
2561,1.205937191808752e-11,4.726262184056427e-15,3.464283700193458e-15
2562,1.200560079051911e-11,4.705305396709684e-15,3.448350009395333e-15
2563,1.195406424668302e-11,4.684442792240807e-15,3.432499494305239e-15
2564,1.19038206216241e-11,4.663673004526118e-15,3.41671832588949e-15
2565,1.185098237738473e-11,4.642991565776993e-15,3.401006868819471e-15
2566,1.180219814531144e-11,4.62241167001742e-15,3.385371980453485e-15
2567,1.174758619989793e-11,4.601914968394452e-15,3.369811599302486e-15
2568,1.170379085775088e-11,4.581519410116336e-15,3.354318559161807e-15
2569,1.16537434215538e-11,4.561196700880223e-15,3.338897981292373e-15
2570,1.159915213769132e-11,4.540978029472349e-15,3.32354719307729e-15
2571,1.155243300062376e-11,4.52084414111919e-15,3.308269716912848e-15
2572,1.150281612035823e-11,4.500798112178837e-15,3.293059079993165e-15
2573,1.145804450383199e-11,4.480841334217173e-15,3.277921919509209e-15
2574,1.14043170691676e-11,4.460974335825266e-15,3.262849889586436e-15
2575,1.135091727399274e-11,4.44119441492732e-15,3.247856319074445e-15
2576,1.130247946080836e-11,4.421503084349341e-15,3.232925702339557e-15
2577,1.125631185110586e-11,4.401895722114555e-15,3.218062947292119e-15
2578,1.121014053125815e-11,4.382376481962556e-15,3.203272934439662e-15
2579,1.115913559349615e-11,4.362948877234633e-15,3.188544026955341e-15
2580,1.111763450793604e-11,4.343597283333386e-15,3.173891704441847e-15
2581,1.106609803314101e-11,4.324337253915351e-15,3.15930025030643e-15
2582,1.101627590719367e-11,4.305162947988399e-15,3.144779397667818e-15
2583,1.097062168730594e-11,4.286074059456082e-15,3.130324216461e-15
2584,1.092784426349198e-11,4.267068831153193e-15,3.115935583505576e-15
2585,1.088011725222882e-11,4.248139491030934e-15,3.101611291659686e-15
2586,1.082923916261592e-11,4.229296213028684e-15,3.087355849562577e-15
2587,1.078091690730903e-11,4.210544964616151e-15,3.073168791909543e-15
2588,1.073960385860229e-11,4.191875158371204e-15,3.059036678741144e-15
2589,1.06995593059936e-11,4.173286873333477e-15,3.044977657270252e-15
2590,1.06471365474783e-11,4.154777322474465e-15,3.030984124139818e-15
2591,1.060230670741257e-11,4.136355021405351e-15,3.017051130206752e-15
2592,1.055721275259332e-11,4.118004337968835e-15,3.003184552061977e-15
2593,1.051287564597694e-11,4.099743812323594e-15,2.989385009255602e-15
2594,1.047095223993114e-11,4.081565540832188e-15,2.975643702934591e-15
2595,1.042206693356009e-11,4.063469231409335e-15,2.961965222596949e-15
2596,1.037714725764098e-11,4.045441573583416e-15,2.948353874288993e-15
2597,1.03346436225117e-11,4.027502273659689e-15,2.9348017364303e-15
2598,1.028920069818274e-11,4.009633656973352e-15,2.921314773604479e-15
2599,1.024678796097465e-11,3.991858972611168e-15,2.907888496853489e-15
2600,1.020617332054945e-11,3.97415459433608e-15,2.894522988559834e-15
2601,1.016365153810366e-11,3.956525179592268e-15,2.881219796604561e-15
2602,1.011632813952787e-11,3.938977681497118e-15,2.86797796539468e-15
2603,1.006618005387743e-11,3.921509749597582e-15,2.854795883137324e-15
2604,1.003277413411841e-11,3.904119947138573e-15,2.841676648904694e-15
2605,9.986016539259055e-12,3.88680033808014e-15,2.828619026992958e-15
2606,9.9434982579096e-12,3.869558622629538e-15,2.815619210130425e-15
2607,9.904721885428173e-12,3.852400373991141e-15,2.802683425259384e-15
2608,9.857761564540938e-12,3.835312566521437e-15,2.789801549839987e-15
2609,9.819173750007425e-12,3.818298652494652e-15,2.776979343637581e-15
2610,9.780710061219534e-12,3.801362104346154e-15,2.764216013008398e-15
2611,9.738791424116745e-12,3.784498647041612e-15,2.751514216230457e-15
2612,9.687942786766013e-12,3.76771703313645e-15,2.738867508673702e-15
2613,9.651612164507785e-12,3.750998062052509e-15,2.72628748956848e-15
2614,9.61496181396066e-12,3.734360592170751e-15,2.713758618909001e-15
2615,9.576911268307722e-12,3.71779291459392e-15,2.701286986208588e-15
2616,9.53664123723282e-12,3.701299543413566e-15,2.688874847654081e-15
2617,9.488046780701774e-12,3.684881467139512e-15,2.676518390840212e-15
2618,9.452061107294225e-12,3.668537414859337e-15,2.664215676190291e-15
2619,9.407703172786637e-12,3.652267461779707e-15,2.65197488600265e-15
2620,9.375061062262464e-12,3.636067190536144e-15,2.639787396317204e-15
2621,9.329569907071831e-12,3.619932235643891e-15,2.627659286266e-15
2622,9.296562243972836e-12,3.603873097058693e-15,2.61558305777475e-15
2623,9.256682305260644e-12,3.587887804363047e-15,2.603563869173417e-15
2624,9.21439548633277e-12,3.571971791284117e-15,2.591603689216494e-15
2625,9.170136772199576e-12,3.556121809826745e-15,2.579692328608238e-15
2626,9.131492484933235e-12,3.540346637803043e-15,2.567841273945419e-15
2627,9.09516395544351e-12,3.524643751119559e-15,2.556044461184327e-15
2628,9.052385108134694e-12,3.509002955460666e-15,2.544295587237961e-15
2629,9.03142062498747e-12,3.493443303441426e-15,2.532608832947499e-15
2630,8.98457813837851e-12,3.477935124998496e-15,2.52097228577172e-15
2631,8.944491675024821e-12,3.462501597902012e-15,2.509388369042239e-15
2632,8.898954729499948e-12,3.44714796151422e-15,2.497857221574107e-15
2633,8.869758827486705e-12,3.431854254624421e-15,2.486378978076106e-15
2634,8.819960029028924e-12,3.416631138265376e-15,2.474952281723606e-15
2635,8.786590859914762e-12,3.401466934063164e-15,2.463582783464398e-15
2636,8.758227276972129e-12,3.386378753014337e-15,2.452271010981114e-15
2637,8.729287839879732e-12,3.371350740321922e-15,2.441002960784782e-15
2638,8.692413262525686e-12,3.356392274109201e-15,2.429786214919133e-15
2639,8.647167944276638e-12,3.341493231455706e-15,2.418625853350071e-15
2640,8.611798111426234e-12,3.326673690972792e-15,2.40751127689808e-15
2641,8.572914093069273e-12,3.311905473412048e-15,2.396453212135237e-15
2642,8.548624989032269e-12,3.297212624274994e-15,2.385444345349837e-15
2643,8.511797859905742e-12,3.28258244026617e-15,2.37448465265683e-15
2644,8.469383965041162e-12,3.268019074319861e-15,2.363575584992513e-15
2645,8.441934843536483e-12,3.253522257750725e-15,2.35271302536573e-15
2646,8.39901984722062e-12,3.239082284824353e-15,2.34190628024924e-15
2647,8.36015701548146e-12,3.224704330807238e-15,2.331147989250877e-15
2648,8.316327955834851e-12,3.210399037892413e-15,2.320442332907459e-15
2649,8.290801241930344e-12,3.196152967075521e-15,2.309781716333274e-15
2650,8.257817648914719e-12,3.181975191931577e-15,2.299167598971249e-15
2651,8.231056437675445e-12,3.167846213447644e-15,2.288606920460023e-15
2652,8.1917447841083e-12,3.153798731335262e-15,2.278092052067406e-15
2653,8.139943573072925e-12,3.13979383674632e-15,2.267626484662376e-15
2654,8.114207645482149e-12,3.12586510997383e-15,2.257209223806412e-15
2655,8.084839067910948e-12,3.11198667491281e-15,2.246848380575176e-15
2656,8.058783511890682e-12,3.09817608096984e-15,2.236525639969504e-15
2657,8.02008175555689e-12,3.084434105867771e-15,2.226251003319243e-15
2658,7.991229034322422e-12,3.070745461332316e-15,2.216022765901926e-15
2659,7.950782573629463e-12,3.057123199196337e-15,2.205844107906734e-15
2660,7.911986702828348e-12,3.043548010429096e-15,2.195710838809488e-15
2661,7.884850774948447e-12,3.030042014626805e-15,2.185626488913927e-15
2662,7.855586728959623e-12,3.016591263508376e-15,2.175592879151963e-15
2663,7.824471036089734e-12,3.003205419602046e-15,2.165598450466512e-15
2664,7.79990628819632e-12,2.989871014622691e-15,2.155652473374666e-15
2665,7.764568104205321e-12,2.976604666902562e-15,2.145748547570256e-15
2666,7.724733551812402e-12,2.963395534696294e-15,2.135893245660209e-15
2667,7.686465097718904e-12,2.950247720865489e-15,2.126079705264172e-15
2668,7.664415277677976e-12,2.937148590656459e-15,2.116321001830471e-15
2669,7.622959783408044e-12,2.924107195016338e-15,2.106597532629704e-15
2670,7.591907444665868e-12,2.91113281492624e-15,2.096916600909319e-15
2671,7.558390496049074e-12,2.89821312266802e-15,2.08728574172782e-15
2672,7.527951924640784e-12,2.885353867884926e-15,2.077700258813454e-15
2673,7.49636859572348e-12,2.872542001060813e-15,2.068155879081242e-15
2674,7.477213241595818e-12,2.859792643019129e-15,2.058665346756041e-15
2675,7.439876091476521e-12,2.847090689890535e-15,2.049209059034453e-15
2676,7.418985560564301e-12,2.834451321265052e-15,2.03979959479983e-15
2677,7.370161666634874e-12,2.821877573886363e-15,2.030426041555436e-15
2678,7.339589341558581e-12,2.809346852333926e-15,2.02109823643368e-15
2679,7.316938172408669e-12,2.796876845371948e-15,2.011819189116511e-15
2680,7.286654713261608e-12,2.784459715005133e-15,2.002579740015778e-15
2681,7.251941992847713e-12,2.7720938335577e-15,1.993383767355889e-15
2682,7.207798736803105e-12,2.759789738935849e-15,1.984222342167155e-15
2683,7.189361062394992e-12,2.747540587869036e-15,1.975117410456888e-15
2684,7.168927757616043e-12,2.735341923730526e-15,1.966045004158133e-15
2685,7.145075124798832e-12,2.723203984046923e-15,1.957016815066395e-15
2686,7.117409636028221e-12,2.71111319050965e-15,1.948031279411992e-15
2687,7.072478710315334e-12,2.699076646709348e-15,1.939083363511144e-15
2688,7.035883674369475e-12,2.687091995671766e-15,1.930177010320645e-15
2689,7.013815776717727e-12,2.675163751014485e-15,1.921311512536942e-15
2690,6.989210685268414e-12,2.663288602744452e-15,1.912489707346778e-15
2691,6.956400371003575e-12,2.65146160876401e-15,1.903707654378198e-15
2692,6.937915763888785e-12,2.639692332258622e-15,1.894965740343503e-15
2693,6.901985101371964e-12,2.627973071405488e-15,1.886263058504242e-15
2694,6.880095603952548e-12,2.616299752400329e-15,1.877604395256361e-15
2695,6.838366086713073e-12,2.604682424250699e-15,1.868980613147362e-15
2696,6.820667218822663e-12,2.593123961451151e-15,1.860401801822694e-15
2697,6.802744091645096e-12,2.58160760243862e-15,1.851854269783827e-15
2698,6.765037094867177e-12,2.570145362255853e-15,1.843352264591154e-15
2699,6.74173729321047e-12,2.558730343087951e-15,1.834889317438647e-15
2700,6.718685295016327e-12,2.547373144860963e-15,1.826462491058257e-15
2701,6.683543514964302e-12,2.536061979942519e-15,1.818075519467111e-15
2702,6.646361690782722e-12,2.524801271750052e-15,1.809727477161968e-15
2703,6.627810600726762e-12,2.513592583705094e-15,1.801416846640219e-15
2704,6.586081401383204e-12,2.502426301667896e-15,1.793147805629044e-15
2705,6.565523738783835e-12,2.491320131327727e-15,1.784910837871361e-15
2706,6.545149678575461e-12,2.480260381524516e-15,1.776717806389112e-15
2707,6.5144277789421e-12,2.469252720312233e-15,1.768558197803912e-15
2708,6.486013843054464e-12,2.458269713522118e-15,1.760442582028304e-15
2709,6.473255442230862e-12,2.447359746871948e-15,1.752359174283814e-15
2710,6.433447675630456e-12,2.436494929815071e-15,1.744313333749007e-15
2711,6.417489193675537e-12,2.425685182763943e-15,1.736296808055107e-15
2712,6.375037299337579e-12,2.414902645900912e-15,1.728333992610149e-15
2713,6.356341013669213e-12,2.404180904827824e-15,1.720390311388245e-15
2714,6.340301110338609e-12,2.393502572604893e-15,1.712494907554148e-15
2715,6.30833694172688e-12,2.382877931879556e-15,1.704629192178312e-15
2716,6.284266482274665e-12,2.37229449523277e-15,1.696807874863771e-15
2717,6.259088758237418e-12,2.361763092822403e-15,1.689020544091769e-15
2718,6.235479069746485e-12,2.351269322689162e-15,1.681264159621801e-15
2719,6.215830026899316e-12,2.340821360733707e-15,1.673543967109155e-15
2720,6.181609473354769e-12,2.330425879199497e-15,1.665859142317801e-15
2721,6.150306986320227e-12,2.320086132532393e-15,1.658215589984231e-15
2722,6.129419196660309e-12,2.309786243184394e-15,1.650600479184573e-15
2723,6.104050034629862e-12,2.299516132749072e-15,1.643021709228979e-15
2724,6.0788627016488e-12,2.289309273915959e-15,1.635480173807475e-15
2725,6.046925182948289e-12,2.279138465780285e-15,1.627976991811909e-15
2726,6.036521501118701e-12,2.269006695613453e-15,1.620495555109493e-15
2727,6.003227618388678e-12,2.258929277200096e-15,1.613059836552652e-15
2728,5.980340171508225e-12,2.248903232028221e-15,1.605658438984324e-15
2729,5.956559016053612e-12,2.238911202344916e-15,1.598287412842538e-15
2730,5.925156135298412e-12,2.228965544935513e-15,1.590948447078813e-15
2731,5.893295766367525e-12,2.219070794073325e-15,1.58364250665603e-15
2732,5.890292840517065e-12,2.209218839100554e-15,1.57637534139137e-15
2733,5.865323706062907e-12,2.199401600028431e-15,1.569142327926304e-15
2734,5.831262509096518e-12,2.189627449459395e-15,1.561939261462592e-15
2735,5.801564057614631e-12,2.17990027857657e-15,1.554767895832911e-15
2736,5.785870013118234e-12,2.170218539707017e-15,1.547633390883127e-15
2737,5.769994548330036e-12,2.160578000814067e-15,1.540530168094527e-15
2738,5.748506866324253e-12,2.150982526442993e-15,1.533461656275454e-15
2739,5.737382383232211e-12,2.141426921719277e-15,1.526420446806867e-15
2740,5.695430340676399e-12,2.131913758042523e-15,1.519410622950933e-15
2741,5.666521522787059e-12,2.122449266516803e-15,1.512441646091479e-15
2742,5.658946652896726e-12,2.1130191220638e-15,1.50549687652766e-15
2743,5.622092278444139e-12,2.103625604483333e-15,1.498578564823419e-15
2744,5.596027636718204e-12,2.094290326207951e-15,1.491710151274715e-15
2745,5.59002596070581e-12,2.084982327919729e-15,1.484860914550309e-15
2746,5.564770185082935e-12,2.075717496514903e-15,1.478048856981857e-15
2747,5.537886616794413e-12,2.066500006142857e-15,1.471263800764251e-15
2748,5.528368175377682e-12,2.057325261485544e-15,1.46450865827332e-15
2749,5.494819307008412e-12,2.048174737157652e-15,1.45778729965862e-15
2750,5.481790530552857e-12,2.039077285372299e-15,1.451100654940795e-15
2751,5.444380161690595e-12,2.030019807139081e-15,1.444437457185536e-15
2752,5.44250643619068e-12,2.021006759560351e-15,1.437808819254039e-15
2753,5.417143026309259e-12,2.012018913850814e-15,1.431209700007775e-15
2754,5.382207105455993e-12,2.003082044169411e-15,1.424642000260791e-15
2755,5.353320237199964e-12,1.994183190626091e-15,1.418099019345299e-15
2756,5.328987992259965e-12,1.985325764986787e-15,1.411595295382829e-15
2757,5.325132326131896e-12,1.976496450799135e-15,1.40512123113744e-15
2758,5.306875109481515e-12,1.967718346671495e-15,1.398674062324891e-15
2759,5.274618640270648e-12,1.958981239715147e-15,1.39225116252486e-15
2760,5.249244382346027e-12,1.950277546673187e-15,1.385859113927776e-15
2761,5.235638073773367e-12,1.941603011708876e-15,1.379503097078555e-15
2762,5.209986476640112e-12,1.932982547705893e-15,1.373168374027204e-15
2763,5.181865434773121e-12,1.924394708967645e-15,1.366868868706215e-15
2764,5.168928541698184e-12,1.915839150748498e-15,1.360591190719894e-15
2765,5.151478637655885e-12,1.907328459637736e-15,1.354350235177165e-15
2766,5.137961314202011e-12,1.898848364254542e-15,1.348141067603699e-15
2767,5.109631547171456e-12,1.890419871401322e-15,1.341953327863688e-15
2768,5.08244137420781e-12,1.882015899593449e-15,1.335790205843057e-15
2769,5.068897336020662e-12,1.873649673631374e-15,1.32966318328178e-15
2770,5.055761183434266e-12,1.865322709441991e-15,1.323563916700987e-15
2771,5.021297351774607e-12,1.857026138013422e-15,1.317485108097818e-15
2772,5.017666595608197e-12,1.84878212509537e-15,1.311446780908437e-15
2773,4.98866532134941e-12,1.840565757013408e-15,1.305424076871065e-15
2774,4.964707846053112e-12,1.832386800435037e-15,1.299434381292369e-15
2775,4.946031563045212e-12,1.82424119532497e-15,1.293470679952064e-15
2776,4.922625637752665e-12,1.816141343442898e-15,1.287537888353104e-15
2777,4.908789141406357e-12,1.808065340658081e-15,1.281630005426949e-15
2778,4.886243274689245e-12,1.80002615002669e-15,1.275745474038502e-15
2779,4.877270809503118e-12,1.792027701744117e-15,1.269895373774644e-15
2780,4.854804147974417e-12,1.784063045276014e-15,1.264071995590786e-15
2781,4.852301611173001e-12,1.77614250092969e-15,1.258273762107451e-15
2782,4.823927139506754e-12,1.768258678975699e-15,1.252494470233693e-15
2783,4.800117156340486e-12,1.760392383303099e-15,1.246747797073328e-15
2784,4.782850056384623e-12,1.752567935803958e-15,1.241029530678406e-15
2785,4.761950808703598e-12,1.744774316053853e-15,1.235328905254051e-15
2786,4.729369092471883e-12,1.737017776295914e-15,1.229660969046459e-15
2787,4.710605547561322e-12,1.729297588507274e-15,1.224016953163744e-15
2788,4.700531964678133e-12,1.721617302110911e-15,1.218409270635332e-15
2789,4.677154986468662e-12,1.713965310150589e-15,1.212816953808934e-15
2790,4.672977649943416e-12,1.70634456158136e-15,1.207254600160208e-15
2791,4.658324282438282e-12,1.698760267389356e-15,1.201717323162458e-15
2792,4.652374112065144e-12,1.691213678311454e-15,1.196202833868004e-15
2793,4.627576825239775e-12,1.683689965689928e-15,1.190716369200287e-15
2794,4.596431116088893e-12,1.676203213834279e-15,1.185251201959369e-15
2795,4.583610300025595e-12,1.668758994436864e-15,1.17980881132034e-15
2796,4.568760004215191e-12,1.66133672529244e-15,1.174401525747503e-15
2797,4.548172439068104e-12,1.653958020262282e-15,1.169014512469019e-15
2798,4.533841163278796e-12,1.646600049387424e-15,1.163649489345233e-15
2799,4.506385317165098e-12,1.639281971441357e-15,1.158313387004191e-15
2800,4.483085552686167e-12,1.631992182344908e-15,1.152989631376158e-15
2801,4.47010499857279e-12,1.624735608138721e-15,1.147708200608961e-15
2802,4.451789481962085e-12,1.617528182248373e-15,1.142446061726828e-15
2803,4.428647251375602e-12,1.610324908585887e-15,1.137198014213615e-15
2804,4.419392005634318e-12,1.603166880741019e-15,1.131983888052139e-15
2805,4.400934262735749e-12,1.59603856909919e-15,1.1267867426787e-15
2806,4.380331524524251e-12,1.588944656581789e-15,1.121622915880087e-15
2807,4.359318896527198e-12,1.581876768384588e-15,1.116471666642297e-15
2808,4.341233853350005e-12,1.574846425027087e-15,1.111357495493191e-15
2809,4.329103922108793e-12,1.567854407002763e-15,1.106260652597041e-15
2810,4.323144847940575e-12,1.560884621065002e-15,1.101181594941681e-15
2811,4.294605375420919e-12,1.553938655790704e-15,1.096130040125969e-15
2812,4.280585266797573e-12,1.547038360694476e-15,1.091104937638533e-15
2813,4.259218313041236e-12,1.540153607294448e-15,1.086098065096494e-15
2814,4.250766119977047e-12,1.533313223847207e-15,1.081118613450638e-15
2815,4.242119017743259e-12,1.526494732994896e-15,1.076158891250936e-15
2816,4.216715704277482e-12,1.519697405465798e-15,1.071219158594632e-15
2817,4.22392802565638e-12,1.512939478058187e-15,1.066312207354113e-15
2818,4.190220507579965e-12,1.506221832792375e-15,1.061423711820608e-15
2819,4.17437227201945e-12,1.499522489271127e-15,1.056553511921754e-15
2820,4.160002267255146e-12,1.492855785362829e-15,1.051709332202725e-15
2821,4.14726559278783e-12,1.486219266630152e-15,1.046882004960585e-15
2822,4.120782158053426e-12,1.479615359805638e-15,1.042075610093505e-15
2823,4.100344019233443e-12,1.473034316383172e-15,1.037293697889748e-15
2824,4.101454009352111e-12,1.466484558573679e-15,1.032537889746796e-15
2825,4.069745288558721e-12,1.459960834802168e-15,1.027806864423309e-15
2826,4.05179022026811e-12,1.453463241155288e-15,1.023089351710337e-15
2827,4.047246771165929e-12,1.447010287892325e-15,1.01839750881883e-15
2828,4.02507757483003e-12,1.440570193168292e-15,1.013724272498281e-15
2829,4.018692657433127e-12,1.434173143507557e-15,1.009084108069028e-15
2830,4.006478917061563e-12,1.427782185338891e-15,1.00445183329883e-15
2831,3.982453212693597e-12,1.421441585711239e-15,9.998481298881853e-16
2832,3.963835779341632e-12,1.415115511097053e-15,9.952590809609693e-16
2833,3.961213780596642e-12,1.408829262596288e-15,9.906934676508141e-16
2834,3.937295284329726e-12,1.402561825096631e-15,9.86152656730385e-16
2835,3.921867129006615e-12,1.396324090747352e-15,9.816262424275317e-16
2836,3.904887499381395e-12,1.390108355802306e-15,9.771202626466127e-16
2837,3.884967595437186e-12,1.383930282815433e-15,9.726475371598112e-16
2838,3.885717220370589e-12,1.377776889140538e-15,9.68186528933191e-16
2839,3.857378858498327e-12,1.371667380318197e-15,9.637383491139089e-16
2840,3.856703411733767e-12,1.365552113282708e-15,9.593222057162261e-16
2841,3.831786589201957e-12,1.35948241146231e-15,9.549281064718678e-16
2842,3.81762788879535e-12,1.353439316587919e-15,9.505498767212198e-16
2843,3.800675175605442e-12,1.347414707104902e-15,9.461876731227488e-16
2844,3.786267550242395e-12,1.341430469721645e-15,9.418506650550222e-16
2845,3.782506352470263e-12,1.335464561723007e-15,9.375353394861255e-16
2846,3.773682213673856e-12,1.329516028170534e-15,9.332376614217713e-16
2847,3.754417161181765e-12,1.323607530414681e-15,9.289534680252814e-16
2848,3.750348435118118e-12,1.317724000464719e-15,9.246913571873314e-16
2849,3.722348401005897e-12,1.311856614356157e-15,9.204535789166405e-16
2850,3.699047506800837e-12,1.306025113240568e-15,9.162314402643915e-16
2851,3.693667783854773e-12,1.300212816226499e-15,9.120354496059923e-16
2852,3.68007696887787e-12,1.294427229223571e-15,9.078502066408014e-16
2853,3.675699975650577e-12,1.288675990702929e-15,9.03683186625704e-16
2854,3.651688942280457e-12,1.282951286509285e-15,8.995466162048111e-16
2855,3.63061253842439e-12,1.277234310685352e-15,8.954161904095038e-16
2856,3.623549530340658e-12,1.271558594790194e-15,8.913177740590809e-16
2857,3.603720244176867e-12,1.265902460541505e-15,8.872180767178382e-16
2858,3.608083156056151e-12,1.260276213909843e-15,8.831700459903965e-16
2859,3.596006401932945e-12,1.254673293055479e-15,8.791139206278148e-16
2860,3.57174067897403e-12,1.249081874035463e-15,8.750774473665313e-16
2861,3.553544278065945e-12,1.24353535471771e-15,8.710647655995722e-16
2862,3.537469513413281e-12,1.23799916860694e-15,8.670773766677678e-16
2863,3.538090843107532e-12,1.232488221532954e-15,8.630992191926004e-16
2864,3.515490874088349e-12,1.227006620293827e-15,8.591414609963258e-16
2865,3.515660467881354e-12,1.221558412538459e-15,8.552051496253665e-16
2866,3.492991860849419e-12,1.216113982350161e-15,8.512742975997746e-16
2867,3.47982427195947e-12,1.21070604255497e-15,8.473797405905201e-16
2868,3.462870056371884e-12,1.205326794879629e-15,8.43481406950153e-16
2869,3.449736914721801e-12,1.199966069650859e-15,8.396335370819217e-16
2870,3.443580178471346e-12,1.194619337574125e-15,8.357768960735586e-16
2871,3.438678620245932e-12,1.189305982584742e-15,8.319509901276701e-16
2872,3.412953411007143e-12,1.184019091485967e-15,8.281303053549305e-16
2873,3.397154205893872e-12,1.178756038263987e-15,8.243328207770671e-16
2874,3.38880986262281e-12,1.173512435261813e-15,8.205642019653184e-16
2875,3.380358771336761e-12,1.168285343137719e-15,8.167966960731005e-16
2876,3.362156048465183e-12,1.163089750891994e-15,8.130469033586476e-16
2877,3.358388804620411e-12,1.157916406845396e-15,8.093304526115997e-16
2878,3.339743179734981e-12,1.152760322198342e-15,8.056162728794241e-16
2879,3.32250216266908e-12,1.147635349022007e-15,8.019165077576276e-16
2880,3.311119810317046e-12,1.142532296255704e-15,7.982450215546948e-16
2881,3.308565927006676e-12,1.137452385582285e-15,7.94590604471815e-16
2882,3.309491833232525e-12,1.132390434248583e-15,7.909365646841002e-16
2883,3.282354225024085e-12,1.127349880655429e-15,7.87315414153411e-16
2884,3.272359223371771e-12,1.12233800377279e-15,7.837129724164681e-16
2885,3.259549967695539e-12,1.11733795217586e-15,7.801230414463124e-16
2886,3.250766475011124e-12,1.112367552316463e-15,7.765426133493973e-16
2887,3.231474203596983e-12,1.107414989576983e-15,7.729773725563606e-16
2888,3.22497131948535e-12,1.102502791926375e-15,7.694443957191456e-16
2889,3.21765361093358e-12,1.097597341298408e-15,7.659190724300996e-16
2890,3.197436302258317e-12,1.092717660444661e-15,7.624029004622127e-16
2891,3.196600143757287e-12,1.087851424548445e-15,7.589109551214717e-16
2892,3.179310338823673e-12,1.083020952103499e-15,7.554379535496765e-16
2893,3.180533743651895e-12,1.078189255581451e-15,7.519789993899956e-16
2894,3.156283065778052e-12,1.073393470561891e-15,7.485293618331961e-16
2895,3.15112582760633e-12,1.068621802384847e-15,7.450975002259417e-16
2896,3.128113938368245e-12,1.063862787182125e-15,7.416770090347536e-16
2897,3.117210950334264e-12,1.059128375291392e-15,7.382818137994646e-16
2898,3.107015014854029e-12,1.054421263166262e-15,7.348956784614638e-16
2899,3.097775188544539e-12,1.049727026021763e-15,7.315303751886841e-16
2900,3.088158087086108e-12,1.04505840310554e-15,7.281799327292199e-16
2901,3.067783339949879e-12,1.040407292301384e-15,7.248347907083155e-16
2902,3.080836224651687e-12,1.035777469542907e-15,7.215154117564806e-16
2903,3.05945513588512e-12,1.031166756902618e-15,7.182059339002577e-16
2904,3.055591598010147e-12,1.02658316909093e-15,7.149199438644902e-16
2905,3.046501468231923e-12,1.02201954739798e-15,7.116489161258367e-16
2906,3.027027245832052e-12,1.017466457825386e-15,7.08382691616838e-16
2907,3.004943857516464e-12,1.012936906617846e-15,7.051331692925272e-16
2908,2.996814493791871e-12,1.008432779844321e-15,7.019001561477257e-16
2909,2.982790463186422e-12,1.003943015659134e-15,6.986821278038302e-16
2910,2.975817929444311e-12,9.994825973648361e-16,6.954909754443351e-16
2911,2.961923629487209e-12,9.950325018067558e-16,6.922971936430201e-16
2912,2.9616944428249e-12,9.905997014862966e-16,6.891266794612395e-16
2913,2.945503308970241e-12,9.86183302425581e-16,6.859676739144269e-16
2914,2.93637844613191e-12,9.817962378747097e-16,6.828185477351721e-16
2915,2.924464031949405e-12,9.774293292844997e-16,6.79691346653259e-16
2916,2.918001238841694e-12,9.730907257367115e-16,6.765842773869325e-16
2917,2.902778877915514e-12,9.687520024324471e-16,6.734785360466912e-16
2918,2.893500155125725e-12,9.644521369332718e-16,6.704023424306206e-16
2919,2.894002429013294e-12,9.601538706171727e-16,6.673227131006233e-16
2920,2.873737214034253e-12,9.558775678785541e-16,6.642603468458655e-16
2921,2.868592670664597e-12,9.516240959347512e-16,6.612335248018649e-16
2922,2.870624253325168e-12,9.474048481541279e-16,6.581895227327175e-16
2923,2.844417623242196e-12,9.431810812438973e-16,6.551807981984917e-16
2924,2.836611456806646e-12,9.389833176868586e-16,6.521733556879124e-16
2925,2.840655981857753e-12,9.34810040162136e-16,6.491942164787376e-16
2926,2.828967751164783e-12,9.30636962409991e-16,6.462165630165765e-16
2927,2.807620245318878e-12,9.2650431633717e-16,6.432475621787995e-16
2928,2.794437087182445e-12,9.2237705725659e-16,6.403098617848537e-16
2929,2.79317263971628e-12,9.182827087903332e-16,6.373811532833535e-16
2930,2.776639403340345e-12,9.141862025498454e-16,6.344533918419554e-16
2931,2.773754914355595e-12,9.101135004835775e-16,6.31551849909889e-16
2932,2.758638431802324e-12,9.060630914805152e-16,6.286525490069808e-16
2933,2.747076175772176e-12,9.020333672791881e-16,6.257721485037455e-16
2934,2.735454903814123e-12,8.98027115347609e-16,6.229061448269968e-16
2935,2.736244166057461e-12,8.940275806375111e-16,6.200519908369749e-16
2936,2.730956059519435e-12,8.900416681783445e-16,6.172105722909502e-16
2937,2.712681847559328e-12,8.860769970828612e-16,6.14373865832334e-16
2938,2.703922357772142e-12,8.82147208260339e-16,6.115785322151039e-16
2939,2.711309616659713e-12,8.782132601293192e-16,6.087730971749046e-16
2940,2.684327177063035e-12,8.743163590220098e-16,6.05983701037962e-16
2941,2.668586814597245e-12,8.704133078893298e-16,6.032049447237131e-16
2942,2.671307632530129e-12,8.665437424806065e-16,6.004492019867288e-16
2943,2.664427702557212e-12,8.626842937403481e-16,5.977069017343329e-16
2944,2.643300395674751e-12,8.588493266785293e-16,5.949609537977188e-16
2945,2.638930946509209e-12,8.550328139393394e-16,5.922312677883215e-16
2946,2.626223013586817e-12,8.512275702152613e-16,5.895166302410985e-16
2947,2.627413266189898e-12,8.474361941616064e-16,5.868181878430601e-16
2948,2.607338758769927e-12,8.436747761824189e-16,5.841313103658849e-16
2949,2.60283437338692e-12,8.399063634858837e-16,5.814571889304357e-16
2950,2.591663578959142e-12,8.361603713302531e-16,5.787856513160732e-16
2951,2.589246440038585e-12,8.324557549803705e-16,5.761376639969159e-16
2952,2.575859937197129e-12,8.287493525773575e-16,5.735197703151e-16
2953,2.573318730250636e-12,8.250608426163033e-16,5.708642466527004e-16
2954,2.562174522429417e-12,8.213942589938135e-16,5.682610027514057e-16
2955,2.549443078832507e-12,8.177255543449687e-16,5.656548621542006e-16
2956,2.551182401333639e-12,8.140907070601134e-16,5.630650905533751e-16
2957,2.53003992552659e-12,8.104620331515591e-16,5.604821507127706e-16
2958,2.519703938154829e-12,8.068581391540147e-16,5.57924561038298e-16
2959,2.526068566649123e-12,8.032804891565172e-16,5.55368991077209e-16
2960,2.508422690987107e-12,7.996959980687245e-16,5.528211012336183e-16
2961,2.511893863466844e-12,7.961429316836514e-16,5.502967925083144e-16
2962,2.502537651813637e-12,7.925913518225384e-16,5.477758323140844e-16
2963,2.483327634840546e-12,7.890618802228406e-16,5.452705469930056e-16
2964,2.470101774390507e-12,7.855522877310336e-16,5.427584788049535e-16
2965,2.466367561381268e-12,7.820567925312347e-16,5.402798387062543e-16
2966,2.453716276547531e-12,7.785691724619847e-16,5.377991220852657e-16
2967,2.442500469550474e-12,7.751078276991637e-16,5.353386421232915e-16
2968,2.436796191763783e-12,7.716552689100451e-16,5.328960370473608e-16
2969,2.425170513995571e-12,7.682114209001459e-16,5.304460080751761e-16
2970,2.435316575925152e-12,7.648049168790045e-16,5.280286891902168e-16
2971,2.429641962452507e-12,7.613943413372369e-16,5.25611466783192e-16
2972,2.410629750886017e-12,7.580111393014486e-16,5.231966354145906e-16
2973,2.405818759285061e-12,7.546442995676733e-16,5.208113217660166e-16
2974,2.399845713875792e-12,7.512845478496159e-16,5.184199722007995e-16
2975,2.381763566872605e-12,7.479378503687893e-16,5.160459989861713e-16
2976,2.378668422918444e-12,7.446163196867967e-16,5.136933701287e-16
2977,2.36761196329201e-12,7.412857072802235e-16,5.113218210703031e-16
2978,2.369654450188824e-12,7.380019441302183e-16,5.090020788034744e-16
2979,2.353321461349562e-12,7.347073625927655e-16,5.066707456723036e-16
2980,2.366867589268687e-12,7.314327643531325e-16,5.043441008093611e-16
2981,2.355122254040321e-12,7.281867693053351e-16,5.020378996145447e-16
2982,2.339628591602564e-12,7.249510651930662e-16,4.997433001093787e-16
2983,2.329046987848454e-12,7.217119707052983e-16,4.974522153851839e-16
2984,2.334902466058077e-12,7.185064662568874e-16,4.951796071780019e-16
2985,2.328731566736993e-12,7.153135937353511e-16,4.929092707478549e-16
2986,2.306313706244778e-12,7.121308862652618e-16,4.906568103875883e-16
2987,2.311923025059221e-12,7.08960544995255e-16,4.884106225842328e-16
2988,2.292158240439599e-12,7.057974287785306e-16,4.861758712543534e-16
2989,2.286163530432701e-12,7.026632136066356e-16,4.839448395711624e-16
2990,2.274290989437711e-12,6.995264840076828e-16,4.817254298703348e-16
2991,2.268307321724893e-12,6.964193802454903e-16,4.795158698818819e-16
2992,2.265243386306334e-12,6.933135892619382e-16,4.773358285364032e-16
2993,2.250343732915759e-12,6.902344736553552e-16,4.751356018955861e-16
2994,2.245928321479565e-12,6.871670422855142e-16,4.729693299147048e-16
2995,2.236182100297368e-12,6.84105441647286e-16,4.708093652604482e-16
2996,2.235336585865412e-12,6.810530461595734e-16,4.68658163385894e-16
2997,2.219272291037569e-12,6.780314850003354e-16,4.665090769811557e-16
2998,2.211456857059157e-12,6.750054192392333e-16,4.643757885897536e-16
2999,2.209992305482401e-12,6.719930213451774e-16,4.622437271221016e-16
3000,2.197058130845665e-12,6.69001006067547e-16,4.601214626162338e-16
3001,2.208920324564509e-12,6.660414109835324e-16,4.580293259041539e-16
3002,2.19229045997827e-12,6.630586010793319e-16,4.559240258626748e-16
3003,2.182809047483879e-12,6.601079480285648e-16,4.538452500961768e-16
3004,2.170374873214399e-12,6.571765653145069e-16,4.517562035904085e-16
3005,2.168912622948745e-12,6.542601268590828e-16,4.497049363909876e-16
3006,2.159781577656845e-12,6.513531823400219e-16,4.476468655873405e-16
3007,2.166189956363358e-12,6.484407529639297e-16,4.455976216335244e-16
3008,2.148707036385533e-12,6.455498534787198e-16,4.435597043519932e-16
3009,2.155858050579361e-12,6.426944693073953e-16,4.415242886318825e-16
3010,2.144145407327958e-12,6.398227485065336e-16,4.395015393193386e-16
3011,2.133645925862219e-12,6.369861515554145e-16,4.374995994384964e-16
3012,2.127853505241493e-12,6.341438046542827e-16,4.35487294673836e-16
3013,2.115613663260608e-12,6.313262813941254e-16,4.335062291068771e-16
3014,2.112955398952085e-12,6.285195983839615e-16,4.315223709381771e-16
3015,2.100392200122155e-12,6.25720614657227e-16,4.295323108990285e-16
3016,2.096565117013241e-12,6.229416873495297e-16,4.275827231318553e-16
3017,2.085385451818225e-12,6.201515943390675e-16,4.2562177434578e-16
3018,2.079279852211207e-12,6.173972155017045e-16,4.236648503948272e-16
3019,2.087506853504724e-12,6.146485503341314e-16,4.217378058967291e-16
3020,2.070317039845923e-12,6.119014915143203e-16,4.198005770789233e-16
3021,2.064459802019447e-12,6.091953970725028e-16,4.178887933369806e-16
3022,2.054455551721636e-12,6.064754285187645e-16,4.159762142646887e-16
3023,2.052738998026533e-12,6.03773612532937e-16,4.14068262358627e-16
3024,2.053297692469164e-12,6.010759995156687e-16,4.12169840624489e-16
3025,2.036405500832952e-12,5.984111204738419e-16,4.102856297629129e-16
3026,2.033996493200659e-12,5.957451951004246e-16,4.084102672276434e-16
3027,2.022857591645988e-12,5.930996807878193e-16,4.06538579083536e-16
3028,2.016414008396223e-12,5.904583196553402e-16,4.046716851485083e-16
3029,2.020899268243791e-12,5.878430916875778e-16,4.028476683197841e-16
3030,2.00863589010389e-12,5.852150603743859e-16,4.010022208866313e-16
3031,2.00659640366553e-12,5.826059848425391e-16,3.991643805847117e-16
3032,1.992569026838922e-12,5.80010992430285e-16,3.973205930006088e-16
3033,1.988280872890254e-12,5.774376026941843e-16,3.955218759958369e-16
3034,1.994393529886609e-12,5.748684934029818e-16,3.937115707772657e-16
3035,1.981904534705397e-12,5.723076757287045e-16,3.918889804909845e-16
3036,1.967936040075356e-12,5.697656227717557e-16,3.901129046805332e-16
3037,1.970544674670944e-12,5.672262711029076e-16,3.883251784220572e-16
3038,1.967687886140701e-12,5.646997579388144e-16,3.86549243335553e-16
3039,1.959343171788596e-12,5.621927936835665e-16,3.84800748141121e-16
3040,1.953047599217558e-12,5.596861491116286e-16,3.830251373830941e-16
3041,1.942672884598857e-12,5.571947170314226e-16,3.812605419210675e-16
3042,1.942137886111047e-12,5.547276694894645e-16,3.795276974485194e-16
3043,1.931761765455486e-12,5.522432651868167e-16,3.778031729668062e-16
3044,1.92453481016029e-12,5.497914238256417e-16,3.760687162299686e-16
3045,1.914819522877561e-12,5.473365292108519e-16,3.74332956916427e-16
3046,1.910226431410067e-12,5.449128288189946e-16,3.726428186737954e-16
3047,1.914246884386783e-12,5.424848737893025e-16,3.709419212569525e-16
3048,1.900661630149785e-12,5.400636939271993e-16,3.692358508927175e-16
3049,1.893836780044788e-12,5.376632095361159e-16,3.675600046747301e-16
3050,1.887218848720037e-12,5.352708014840092e-16,3.658671941479459e-16
3051,1.914438558152764e-12,5.328941228507365e-16,3.642010968319634e-16
3052,1.890855451894501e-12,5.305159531013121e-16,3.625279996531206e-16
3053,1.877064050677245e-12,5.281464518552295e-16,3.608693583640623e-16
3054,1.876296381712509e-12,5.258042629614114e-16,3.592315889420208e-16
3055,1.876720404636329e-12,5.234713305060812e-16,3.575865983557818e-16
3056,1.861312634865617e-12,5.211358229780205e-16,3.55953728626242e-16
3057,1.853688442855523e-12,5.188250605369476e-16,3.543259991101198e-16
3058,1.843982055294514e-12,5.165158024080877e-16,3.526897462564495e-16
3059,1.837033114831487e-12,5.142068956885812e-16,3.510796107205452e-16
3060,1.854362616827353e-12,5.119191058155014e-16,3.494889475751036e-16
3061,1.843537323955517e-12,5.096493495094269e-16,3.478771173552059e-16
3062,1.831707820478356e-12,5.073832813881001e-16,3.463005123571852e-16
3063,1.820761177467136e-12,5.051181614694601e-16,3.447052752250597e-16
3064,1.809200168359441e-12,5.028698127039235e-16,3.431255178748062e-16
3065,1.807504722978934e-12,5.006201056411298e-16,3.415602480776503e-16
3066,1.810631701935383e-12,4.984164619768106e-16,3.400113936305203e-16
3067,1.804035877103496e-12,4.961959143865922e-16,3.384538915713343e-16
3068,1.791414242671506e-12,4.939897398543616e-16,3.369081901417568e-16
3069,1.80322379432976e-12,4.917850147385537e-16,3.353787714699492e-16
3070,1.786242146099421e-12,4.895831605426886e-16,3.338236483685134e-16
3071,1.790383652083733e-12,4.874154100196699e-16,3.323237601386268e-16
3072,1.774976257225841e-12,4.852545664030939e-16,3.308020147390814e-16
3073,1.777129063606042e-12,4.830948354911921e-16,3.292844756317324e-16
3074,1.765380225915077e-12,4.809462805006402e-16,3.2777293244269e-16
3075,1.762025055136952e-12,4.788081335318028e-16,3.262912217198941e-16
3076,1.773131331659218e-12,4.76681056808463e-16,3.247980684836146e-16
3077,1.754715014960653e-12,4.745465214191602e-16,3.233049161218206e-16
3078,1.747961344374438e-12,4.724504345047202e-16,3.21826987271014e-16
3079,1.744237980776975e-12,4.703411935309445e-16,3.203536616173949e-16
3080,1.734234124046613e-12,4.682410107274834e-16,3.188824852690396e-16
3081,1.730075461071514e-12,4.661734693787433e-16,3.174471143960084e-16
3082,1.733879267296048e-12,4.640851194035997e-16,3.159973035572771e-16
3083,1.722571058085907e-12,4.620341681138774e-16,3.145367791162215e-16
3084,1.719483530271655e-12,4.599737891103687e-16,3.131172067544939e-16
3085,1.710816438341869e-12,4.579416510487065e-16,3.116722761242045e-16
3086,1.717265882867134e-12,4.558810294703633e-16,3.102566015774371e-16
3087,1.700749331534753e-12,4.538563173889959e-16,3.088231324549246e-16
3088,1.696527510065555e-12,4.518469125955522e-16,3.074434471192737e-16
3089,1.695984614676638e-12,4.498134934382354e-16,3.060134888156789e-16
3090,1.701491618501119e-12,4.478452954203029e-16,3.046369820172024e-16
3091,1.69945078398023e-12,4.458463687499996e-16,3.032451391298149e-16
3092,1.681746522560469e-12,4.438470929231043e-16,3.018248173800503e-16
3093,1.680469186906254e-12,4.418874717387101e-16,3.004684045334249e-16
3094,1.685130729439982e-12,4.399235518877427e-16,2.991088762757722e-16
3095,1.671357770714103e-12,4.379547513360871e-16,2.977391930489501e-16
3096,1.664101211251337e-12,4.360171028900813e-16,2.963807653123415e-16
3097,1.657827950107072e-12,4.340727193210369e-16,2.95023097195371e-16
3098,1.655019351477204e-12,4.321341925052991e-16,2.936755310600822e-16
3099,1.644770381002646e-12,4.302168444483654e-16,2.923384721058257e-16
3100,1.641138127460904e-12,4.283021404138073e-16,2.909825116907791e-16
3101,1.635448822256336e-12,4.264026770942999e-16,2.896750208713119e-16
3102,1.648216147202219e-12,4.245154560864329e-16,2.88347835897815e-16
3103,1.637121191754901e-12,4.226211920112913e-16,2.870312613287799e-16
3104,1.643331449763696e-12,4.207413663699639e-16,2.857193071906818e-16
3105,1.648418419370245e-12,4.188806729615256e-16,2.844261294959928e-16
3106,1.629391751255687e-12,4.170000135031198e-16,2.831166129293918e-16
3107,1.623961792710344e-12,4.151641622718291e-16,2.818330012237805e-16
3108,1.623103688881407e-12,4.133097563025104e-16,2.805308590482317e-16
3109,1.622657863668249e-12,4.114566271245916e-16,2.792664037829229e-16
3110,1.607792224272412e-12,4.09639992944295e-16,2.779819986521787e-16
3111,1.598348375884058e-12,4.077896914339173e-16,2.76695736664011e-16
3112,1.58893911279774e-12,4.059983678972234e-16,2.754430901355866e-16
3113,1.592172462650629e-12,4.042122213536341e-16,2.742018999990082e-16
3114,1.584015048560043e-12,4.024050796902755e-16,2.729429903070972e-16
3115,1.608930115480451e-12,4.006302700766477e-16,2.717180458954008e-16
3116,1.586381194574179e-12,3.988242778614743e-16,2.704413343385407e-16
3117,1.57795785800332e-12,3.970556339925473e-16,2.69220739854716e-16
3118,1.580872395509165e-12,3.952889222919645e-16,2.679863296017534e-16
3119,1.570825556305061e-12,3.935400612173893e-16,2.667826807565899e-16
3120,1.570608613373546e-12,3.917952843154137e-16,2.655555621518579e-16
3121,1.556719652733082e-12,3.900493614279747e-16,2.643423597858003e-16
3122,1.559353262277861e-12,3.883122727125904e-16,2.631337663683939e-16
3123,1.545208475772907e-12,3.865850484614962e-16,2.619468803474157e-16
3124,1.558087927918238e-12,3.848597214970578e-16,2.607453418098405e-16
3125,1.544860778983966e-12,3.831618452853883e-16,2.59553482623286e-16
3126,1.55260452707134e-12,3.814585469992359e-16,2.58365081640267e-16
3127,1.537957105029263e-12,3.797618653131757e-16,2.572009432637456e-16
3128,1.526922322296534e-12,3.780505203872906e-16,2.560147838387244e-16
3129,1.53626202089028e-12,3.763777791887002e-16,2.548437082332541e-16
3130,1.533776116648629e-12,3.747133304469479e-16,2.536926221434609e-16
3131,1.519716571239247e-12,3.730290003013829e-16,2.525153844107927e-16
3132,1.517350628159619e-12,3.713901763152888e-16,2.513882569607477e-16
3133,1.514224570156387e-12,3.697423099772854e-16,2.502386803600603e-16
3134,1.530276339295313e-12,3.681013853525051e-16,2.490957348376933e-16
3135,1.523333611321382e-12,3.664495590620231e-16,2.479727308030979e-16
3136,1.503087008429452e-12,3.648157117601312e-16,2.468041854161537e-16
3137,1.505254191591157e-12,3.632231947715698e-16,2.457096452949451e-16
3138,1.496221461374661e-12,3.615862122327638e-16,2.445652226147616e-16
3139,1.492606042385429e-12,3.599878754791118e-16,2.43466083805872e-16
3140,1.488136391230267e-12,3.58385960420555e-16,2.423550896838067e-16
3141,1.507357481710239e-12,3.568061734235671e-16,2.412480638227784e-16
3142,1.487741326538376e-12,3.552216460332322e-16,2.401503809311207e-16
3143,1.480022792957071e-12,3.536370317365485e-16,2.390506382179796e-16
3144,1.480350936965962e-12,3.520546000153007e-16,2.37963935203239e-16
3145,1.46991005223603e-12,3.50489375054798e-16,2.368655040241277e-16
3146,1.464312748583975e-12,3.489562697601923e-16,2.358056896836705e-16
3147,1.474038623459438e-12,3.47395948725919e-16,2.347171741613786e-16
3148,1.480801078559759e-12,3.45844241368287e-16,2.336550835717764e-16
3149,1.455687972552999e-12,3.442768208625895e-16,2.325627701132569e-16
3150,1.463200679859644e-12,3.427942482020321e-16,2.315379433078479e-16
3151,1.446880462344137e-12,3.412375148761247e-16,2.304485975432782e-16
3152,1.442678687439886e-12,3.397402573733292e-16,2.294148550306165e-16
3153,1.445454775476007e-12,3.382410001574348e-16,2.283829276881916e-16
3154,1.432724371427554e-12,3.36723564342363e-16,2.273351058492712e-16
3155,1.432854127919015e-12,3.352254852578771e-16,2.263027113573382e-16
3156,1.424495577781497e-12,3.337350129510023e-16,2.252644251319037e-16
3157,1.431049093600794e-12,3.322615084573203e-16,2.242504726639006e-16
3158,1.419435586413129e-12,3.307929728381038e-16,2.232237747866328e-16
3159,1.419880226725455e-12,3.293111282707639e-16,2.221953417530081e-16
3160,1.418681473564057e-12,3.278739282765722e-16,2.211825189049586e-16
3161,1.40936138254102e-12,3.264029453901505e-16,2.201825411852503e-16
3162,1.414472332522269e-12,3.249437138372564e-16,2.191872446962185e-16
3163,1.41119492123998e-12,3.234931250643114e-16,2.181819944116131e-16
3164,1.406332553957125e-12,3.220706112549846e-16,2.171882475305863e-16
3165,1.407162342887286e-12,3.206337182069808e-16,2.161741957969264e-16
3166,1.397749327524986e-12,3.19229974648897e-16,2.152159242610519e-16
3167,1.392049084877462e-12,3.178086565731154e-16,2.142416496874625e-16
3168,1.41031299606608e-12,3.16386345513816e-16,2.132557263337952e-16
3169,1.397131921544941e-12,3.149924722607543e-16,2.122885129000467e-16
3170,1.385253017772828e-12,3.135743051461031e-16,2.113285135991204e-16
3171,1.381545120625898e-12,3.12173644517755e-16,2.103473884546524e-16
3172,1.373491090093234e-12,3.107828529711066e-16,2.093819525992508e-16
3173,1.371201288990263e-12,3.094132394853282e-16,2.08432420583402e-16
3174,1.373866679640465e-12,3.080489309452963e-16,2.074940706396337e-16
3175,1.380036726866466e-12,3.066728375321341e-16,2.065585310653778e-16
3176,1.383751764673091e-12,3.053190788354888e-16,2.056165636835913e-16
3177,1.371430927048649e-12,3.039889490601081e-16,2.046032839684619e-16
3178,1.361249174430201e-12,3.02596267912387e-16,2.037615455686814e-16
3179,1.360420621755935e-12,3.012462195383875e-16,2.028428571728679e-16
3180,1.360352594931309e-12,2.998878360572647e-16,2.018882422734644e-16
3181,1.365942997119041e-12,2.986280512113549e-16,2.00930789092605e-16
3182,1.3695582370195e-12,2.972413551527413e-16,2.000899139386666e-16
3183,1.376941452957261e-12,2.959784673976991e-16,1.991284126879353e-16
3184,1.373360689162433e-12,2.946363744536695e-16,1.982265954024255e-16
3185,1.381299277787247e-12,2.933287599473179e-16,1.973461133267522e-16
3186,1.376534324917948e-12,2.920026966389458e-16,1.964773678598566e-16
3187,1.39285944454893e-12,2.90698517979634e-16,1.955844272102944e-16
3188,1.384035162198426e-12,2.894087354032216e-16,1.947117110987205e-16
3189,1.377041035074838e-12,2.881017993176477e-16,1.938071099344245e-16
3190,1.366922005462067e-12,2.868581168168432e-16,1.929571991745586e-16
3191,1.364539912137959e-12,2.855681121450634e-16,1.920664768142329e-16
3192,1.35764173962135e-12,2.843017975443761e-16,1.91201836280284e-16
3193,1.352159113942994e-12,2.830437230947668e-16,1.903425367510436e-16
3194,1.344622915021888e-12,2.817925192079088e-16,1.894684608282905e-16
3195,1.363086186372581e-12,2.80537299513053e-16,1.885911201779301e-16
3196,1.346664479661638e-12,2.79303624188829e-16,1.877464759614619e-16
3197,1.337844550958553e-12,2.780474480814644e-16,1.868890982565979e-16
3198,1.353586540626126e-12,2.768375490593487e-16,1.860485149739649e-16
3199,1.353241713562969e-12,2.755960375724105e-16,1.851890662326655e-16
3200,1.348026126904905e-12,2.743768259238192e-16,1.843622337887169e-16
3201,1.343359287359268e-12,2.731423543768707e-16,1.835023795007872e-16
3202,1.360232580169194e-12,2.719539386717472e-16,1.827017088944571e-16
3203,1.337588893082242e-12,2.707434661236639e-16,1.818511037851778e-16
3204,1.328000828896404e-12,2.695420095608671e-16,1.810182968838198e-16
3205,1.333971756862086e-12,2.683527523141201e-16,1.802029224570215e-16
3206,1.314194780652161e-12,2.671621917309212e-16,1.79389558182045e-16
3207,1.329607725452205e-12,2.65964442212457e-16,1.785591429839162e-16
3208,1.320319747880295e-12,2.648015660300746e-16,1.777757056735777e-16
3209,1.312507906326001e-12,2.636177680843142e-16,1.769446407401725e-16
3210,1.314820841651024e-12,2.624708486950925e-16,1.761434354771485e-16
3211,1.296488434653094e-12,2.612993659805111e-16,1.753293203875714e-16
3212,1.290969493925506e-12,2.601117397720927e-16,1.745084188160031e-16
3213,1.289754412725741e-12,2.589749091815948e-16,1.737541548685984e-16
3214,1.300811883013482e-12,2.578179115057235e-16,1.729584735722666e-16
3215,1.280939301666513e-12,2.566809156037696e-16,1.721608411555851e-16
3216,1.294639108434762e-12,2.555549752412366e-16,1.713969094855737e-16
3217,1.280740746681633e-12,2.544083900315576e-16,1.70609837202488e-16
3218,1.28910296216407e-12,2.532981881176316e-16,1.698386195822614e-16
3219,1.281046363159026e-12,2.521609639620216e-16,1.690761948623769e-16
3220,1.286076646372151e-12,2.510505093333386e-16,1.683005829665113e-16
3221,1.280879039402481e-12,2.499333957084516e-16,1.675399698843634e-16
3222,1.27346747904392e-12,2.488343903457575e-16,1.667752602266209e-16
3223,1.289340489527917e-12,2.477234714592889e-16,1.66004310971254e-16
3224,1.281081218280312e-12,2.466308987521167e-16,1.652733806072635e-16
3225,1.269064878602802e-12,2.455317343369551e-16,1.645127221052701e-16
3226,1.254431410871446e-12,2.444413555130205e-16,1.637410714423397e-16
3227,1.265761098890901e-12,2.433747496327398e-16,1.630212911935743e-16
3228,1.265803596650309e-12,2.422993316291758e-16,1.622731356374275e-16
3229,1.257173790648777e-12,2.412156077684331e-16,1.615475206766335e-16
3230,1.24629269368231e-12,2.401616224873248e-16,1.608194925097887e-16
3231,1.236971119949012e-12,2.390832642195535e-16,1.600743640361243e-16
3232,1.235676367339594e-12,2.380065845835026e-16,1.593242650303801e-16
3233,1.233748593825742e-12,2.36976948950565e-16,1.586350202006453e-16
3234,1.231327853424953e-12,2.359261695259871e-16,1.579162973537255e-16
3235,1.231156998460255e-12,2.348816640381859e-16,1.571897730022489e-16
3236,1.252516725517026e-12,2.33836288752777e-16,1.564657937801935e-16
3237,1.236149285932083e-12,2.328008117861403e-16,1.557641179131159e-16
3238,1.225236136412872e-12,2.317641690196268e-16,1.550340576052322e-16
3239,1.232517256104871e-12,2.307429252925608e-16,1.543657115794255e-16
3240,1.233326702313869e-12,2.297119183055361e-16,1.536553940269913e-16
3241,1.220126227305309e-12,2.286992005192828e-16,1.529597170563517e-16
3242,1.215821187135822e-12,2.276925305871944e-16,1.52265574946726e-16
3243,1.208719341672475e-12,2.266926648401129e-16,1.515871212293824e-16
3244,1.215156950977171e-12,2.256844350718418e-16,1.508820803594539e-16
3245,1.203901611612041e-12,2.246627989546008e-16,1.502025172576182e-16
3246,1.209810882773897e-12,2.236919566386484e-16,1.495169954382505e-16
3247,1.199768470815076e-12,2.227019208824866e-16,1.488399770802694e-16
3248,1.21437035298504e-12,2.217038008528669e-16,1.481685314905543e-16
3249,1.199078271283815e-12,2.207373625199689e-16,1.474838150815305e-16
3250,1.199022873393407e-12,2.197492223702834e-16,1.468015204239775e-16
3251,1.186684988046826e-12,2.187680792963077e-16,1.461426826483087e-16
3252,1.201608117039888e-12,2.178098743590243e-16,1.455048697103459e-16
3253,1.196171563475021e-12,2.168506042497256e-16,1.448250952251944e-16
3254,1.187648892955425e-12,2.158742924790313e-16,1.441623299801967e-16
3255,1.181307614819405e-12,2.149137273188853e-16,1.434931451626057e-16
3256,1.190405101368407e-12,2.140055332989073e-16,1.428988188168063e-16
3257,1.184599602827417e-12,2.130332747894641e-16,1.422272646551985e-16
3258,1.186609691941069e-12,2.121150325127446e-16,1.415856082863296e-16
3259,1.179961110097874e-12,2.11169951451124e-16,1.409609285086813e-16
3260,1.186285266107077e-12,2.102172500312127e-16,1.402946920014638e-16
3261,1.18566065558531e-12,2.092927553711082e-16,1.396600251931059e-16
3262,1.172660150122605e-12,2.083819344530128e-16,1.390400211939737e-16
3263,1.162840195316677e-12,2.074331288213034e-16,1.383817999598198e-16
3264,1.162529486443991e-12,2.065231929286229e-16,1.377761525737671e-16
3265,1.1563617885156e-12,2.056174432898183e-16,1.371445002800524e-16
3266,1.157601923604659e-12,2.046941330357689e-16,1.365117153202933e-16
3267,1.17085048225633e-12,2.038147922784282e-16,1.359248157796629e-16
3268,1.15525081890219e-12,2.028870874888197e-16,1.352902657301703e-16
3269,1.155834267438867e-12,2.020202846861215e-16,1.34690839869955e-16
3270,1.149377504736855e-12,2.011049332129522e-16,1.340716582902481e-16
3271,1.144646004976793e-12,2.002145003202185e-16,1.334615940115123e-16
3272,1.147347965322677e-12,1.993435911942762e-16,1.328624761090918e-16
3273,1.140092515327613e-12,1.98459150601499e-16,1.322459466115121e-16
3274,1.14138988973151e-12,1.976003276398858e-16,1.316797755704033e-16
3275,1.138007862021875e-12,1.967309297999614e-16,1.310715882456642e-16
3276,1.141757342751981e-12,1.958366318181734e-16,1.304606474260448e-16
3277,1.131468355837979e-12,1.949746750380246e-16,1.298823531897932e-16
3278,1.133610377730757e-12,1.941254270635657e-16,1.293089678627771e-16
3279,1.13126502163451e-12,1.932375437503587e-16,1.286896934141198e-16
3280,1.125938684418115e-12,1.924048827591521e-16,1.28121246755916e-16
3281,1.125231657126069e-12,1.91537585273515e-16,1.275134167730641e-16
3282,1.140344148482219e-12,1.907169633687347e-16,1.269944394046429e-16
3283,1.130362987817981e-12,1.898854174733732e-16,1.263993005023438e-16
3284,1.127549804720617e-12,1.890461939098574e-16,1.25824254436423e-16
3285,1.1240167864108e-12,1.882063851143873e-16,1.252479372660316e-16
3286,1.118153683510278e-12,1.873695967675727e-16,1.247043590697065e-16
3287,1.112776679151815e-12,1.865174104535024e-16,1.241045199119778e-16
3288,1.117437951586279e-12,1.857054607720616e-16,1.235184126540765e-16
3289,1.12924376279042e-12,1.849015320402115e-16,1.230124388500924e-16
3290,1.112844258659502e-12,1.84068429029803e-16,1.224367701434486e-16
3291,1.106353803938963e-12,1.832962909073413e-16,1.219039731030701e-16
3292,1.101019480175501e-12,1.824603985187752e-16,1.213270628599998e-16
3293,1.109556923138235e-12,1.816578490424182e-16,1.208095840948997e-16
3294,1.09990917045251e-12,1.808540917234312e-16,1.202534681965569e-16
3295,1.119373902314239e-12,1.800561851023556e-16,1.196983172540636e-16
3296,1.112882265019966e-12,1.792582151344266e-16,1.191603445749065e-16
3297,1.097368512071168e-12,1.784785890442771e-16,1.18625312860706e-16
3298,1.095589781891925e-12,1.776951404469547e-16,1.180783531123289e-16
3299,1.103325814532497e-12,1.76902524645746e-16,1.175383055365241e-16
3300,1.101791308752927e-12,1.761164451269185e-16,1.170157330652738e-16
3301,1.090219315989481e-12,1.753361503486447e-16,1.164887649233688e-16
3302,1.103670794448312e-12,1.745735423803312e-16,1.159819667433983e-16
3303,1.093288129965309e-12,1.738005303467455e-16,1.154459475885648e-16
3304,1.081547304298395e-12,1.730373793181993e-16,1.149304010647578e-16
3305,1.080309481015058e-12,1.722720098764554e-16,1.144098397633374e-16
3306,1.075990761854982e-12,1.71485270853446e-16,1.138417390140006e-16
3307,1.075861672196508e-12,1.70756129564483e-16,1.133829429873148e-16
3308,1.079050203221539e-12,1.700141684232983e-16,1.128615282848908e-16
3309,1.080081394291289e-12,1.692648937898923e-16,1.123581459049285e-16
3310,1.075165933076406e-12,1.685228817539237e-16,1.11844238294947e-16
3311,1.069584367775316e-12,1.677728758801886e-16,1.113187047759421e-16
3312,1.063828857783955e-12,1.670236608440021e-16,1.108065061383389e-16
3313,1.061909426930876e-12,1.662814885402632e-16,1.102939155420611e-16
3314,1.06360456172503e-12,1.65582417896533e-16,1.098594568641867e-16
3315,1.062248551120621e-12,1.648295677884692e-16,1.093273924219334e-16
3316,1.057080604617327e-12,1.640888770992471e-16,1.088215215876731e-16
3317,1.070656153177495e-12,1.633848937426008e-16,1.083652921059537e-16
3318,1.073826785729894e-12,1.626599455181754e-16,1.078538478076341e-16
3319,1.062098980439544e-12,1.619477326093694e-16,1.073704482586813e-16
3320,1.059984328866788e-12,1.612469116789658e-16,1.069164611554729e-16
3321,1.052224797559378e-12,1.60517744956867e-16,1.064126882459457e-16
3322,1.049073865428356e-12,1.59775616938769e-16,1.058831503729559e-16
3323,1.0548321505321e-12,1.59107740907926e-16,1.054572223304235e-16
3324,1.045339364741359e-12,1.583903990006157e-16,1.049400458461716e-16
3325,1.072691726876541e-12,1.576997453382782e-16,1.045090455708472e-16
3326,1.047832889198878e-12,1.570253736429172e-16,1.040221028767023e-16
3327,1.045329744041559e-12,1.563441663748034e-16,1.035590438653208e-16
3328,1.039700761782679e-12,1.556315881171838e-16,1.030982685065228e-16
3329,1.043222491846286e-12,1.549706502852725e-16,1.026342538871624e-16
3330,1.037941054959594e-12,1.542627078523962e-16,1.021566443728871e-16
3331,1.053881209636528e-12,1.536146688030399e-16,1.017250392721453e-16
3332,1.049273990034909e-12,1.529338870761481e-16,1.012570006092078e-16
3333,1.03947951718559e-12,1.522679730149022e-16,1.008087593959519e-16
3334,1.035888403712675e-12,1.515860960259627e-16,1.00333500532473e-16
3335,1.04661656509049e-12,1.509281392384017e-16,9.989572582213827e-17
3336,1.035829899366914e-12,1.502508352660678e-16,9.944621931021189e-17
3337,1.0282189149053e-12,1.495854202154923e-16,9.896758991573162e-17
3338,1.029200968563137e-12,1.489525317863832e-16,9.855657788836971e-17
3339,1.020352949042222e-12,1.482834172119591e-16,9.810714234369833e-17
3340,1.035216182269477e-12,1.476326431310374e-16,9.766340239264347e-17
3341,1.022075336865002e-12,1.469807678692892e-16,9.721764590093373e-17
3342,1.028595656854054e-12,1.463220965899001e-16,9.676539867449644e-17
3343,1.023077108049951e-12,1.457057596863491e-16,9.636715874348657e-17
3344,1.015082019836924e-12,1.450333984645252e-16,9.588761593794709e-17
3345,1.015711018844362e-12,1.444038375502816e-16,9.547039737587895e-17
3346,1.011061315404593e-12,1.437585464257893e-16,9.49998928063953e-17
3347,1.025488524128798e-12,1.431599097398776e-16,9.463279348881628e-17
3348,1.018429998544519e-12,1.425206197919677e-16,9.4198671174106e-17
3349,1.029785880820525e-12,1.418892511529302e-16,9.37752594644892e-17
3350,1.012562806437759e-12,1.412648786656257e-16,9.334742180476696e-17
3351,1.017294336200694e-12,1.406472820447785e-16,9.293269643382651e-17
3352,1.007772613462015e-12,1.400350011656968e-16,9.248749629886898e-17
3353,1.003694531512812e-12,1.394257400849936e-16,9.208434019653247e-17
3354,1.005827937339417e-12,1.387903602852412e-16,9.165000949133415e-17
3355,1.018401529519582e-12,1.382102169133049e-16,9.12693178067659e-17
3356,1.010643008156539e-12,1.376092216097643e-16,9.086363564260254e-17
3357,1.001527174523658e-12,1.369874987493831e-16,9.044833977927288e-17
3358,9.939148721031795e-13,1.36387498515177e-16,9.005493665274568e-17
3359,9.96475996190707e-13,1.357839259811553e-16,8.960978522429264e-17
3360,1.000757448523621e-12,1.35197217705077e-16,8.92525448982819e-17
3361,9.937622537799057e-13,1.345838216847269e-16,8.882132495329027e-17
3362,9.902508213226715e-13,1.340033953868835e-16,8.843504290543882e-17
3363,1.000076059494932e-12,1.334240885045504e-16,8.804552017100378e-17
3364,9.976304444655628e-13,1.328560661955515e-16,8.766136664408781e-17
3365,1.000395779001663e-12,1.322564386809193e-16,8.725434177628084e-17
3366,9.89089398337886e-13,1.316523045424629e-16,8.681574900151463e-17
3367,9.878390827136537e-13,1.310923750841938e-16,8.645061605174569e-17
3368,9.848233228378643e-13,1.305085849209548e-16,8.605983567768557e-17
3369,9.89884228309932e-13,1.299670330986471e-16,8.572821245524193e-17
3370,9.788905175065696e-13,1.293723837704391e-16,8.528935304731948e-17
3371,9.914542881587484e-13,1.288299127834985e-16,8.492587443864056e-17
3372,9.88673132937887e-13,1.282627515995008e-16,8.451844570679234e-17
3373,9.779347014757429e-13,1.276713975684198e-16,8.413697642479115e-17
3374,9.760497009821912e-13,1.271258731382562e-16,8.375660641797844e-17
3375,9.849188972787888e-13,1.265871215533355e-16,8.344204757968526e-17
3376,9.769822918639893e-13,1.260318928747119e-16,8.303618362011597e-17
3377,9.803848216577096e-13,1.254688775258894e-16,8.267782738538746e-17
3378,9.696850014720029e-13,1.249063381308294e-16,8.225275722378441e-17
3379,9.769659372678794e-13,1.243707742691386e-16,8.192634450227293e-17
3380,9.718608436545076e-13,1.238321029575707e-16,8.155126305215987e-17
3381,9.660252065028894e-13,1.232734834877917e-16,8.11741010842569e-17
3382,9.760590223719279e-13,1.227546085331307e-16,8.081960357478895e-17
3383,9.647432433291663e-13,1.221977535235172e-16,8.042867405434439e-17
3384,9.61331916606786e-13,1.216732853990701e-16,8.009813535803094e-17
3385,9.61110877618646e-13,1.21121900421716e-16,7.972370058834983e-17
3386,9.554296871956471e-13,1.206210317686542e-16,7.938006536189299e-17
3387,9.635399439356876e-13,1.20081854807628e-16,7.900625256711515e-17
3388,9.596507822011978e-13,1.195782919398672e-16,7.870719554897729e-17
3389,9.512808329730532e-13,1.190317365446001e-16,7.830849392799402e-17
3390,9.762041591182948e-13,1.185295124842118e-16,7.797122810458495e-17
3391,9.681274600109196e-13,1.180091330191899e-16,7.762409956065563e-17
3392,9.559518616236395e-13,1.174911464074667e-16,7.725858241708152e-17
3393,9.64460620499614e-13,1.169737285064271e-16,7.694135677132014e-17
3394,9.52067266688859e-13,1.164623193378885e-16,7.657955929950826e-17
3395,9.562343768325546e-13,1.159641681233716e-16,7.626723304744242e-17
3396,9.535359055068403e-13,1.154412916383814e-16,7.589574265118227e-17
3397,9.486392192541648e-13,1.149496953114039e-16,7.556190410579069e-17
3398,9.482303009322225e-13,1.144392075240985e-16,7.521522499656584e-17
3399,9.434758774129315e-13,1.139328905883353e-16,7.488181812865791e-17
3400,9.39649718829516e-13,1.134438186139406e-16,7.453512876100022e-17
3401,9.589621280384248e-13,1.129492995222009e-16,7.425006254436576e-17
3402,9.45921517553157e-13,1.124541952211025e-16,7.389247354019745e-17
3403,9.434750637324273e-13,1.11957532843199e-16,7.35328424104637e-17
3404,9.388835630836165e-13,1.114804123775019e-16,7.32378642386759e-17
3405,9.401972592178972e-13,1.109841263330627e-16,7.287374834409727e-17
3406,9.306355713162366e-13,1.105051589210528e-16,7.256090033780662e-17
3407,9.31393126927315e-13,1.100058819041549e-16,7.223721110733108e-17
3408,9.301097737943033e-13,1.095301335710404e-16,7.189925049486403e-17
3409,9.300415102438643e-13,1.090891080116032e-16,7.161700378621528e-17
3410,9.486844876988955e-13,1.086153637291492e-16,7.128542871521983e-17
3411,9.326307617207317e-13,1.081221098537564e-16,7.09319098851414e-17
3412,9.343057718443894e-13,1.076562898140336e-16,7.065568901251465e-17
3413,9.359322777082024e-13,1.071901766238489e-16,7.031488534594403e-17
3414,9.270659364416853e-13,1.067092053281126e-16,6.999140282296142e-17
3415,9.231332190666155e-13,1.062220120350247e-16,6.966326888333832e-17
3416,9.224539802764414e-13,1.057919633129021e-16,6.938365826953793e-17
3417,9.381559051999043e-13,1.053211834381545e-16,6.911147050034483e-17
3418,9.30481901287714e-13,1.048531427734673e-16,6.877376512735279e-17
3419,9.251454495669725e-13,1.044033079669459e-16,6.845639727432772e-17
3420,9.348164527015707e-13,1.039856441465434e-16,6.818009814988843e-17
3421,9.20781985107839e-13,1.035016836309698e-16,6.784686675528475e-17
3422,9.175322731695363e-13,1.030334616136347e-16,6.751144417295856e-17
3423,9.157929976481318e-13,1.025851111950271e-16,6.722214745900801e-17
3424,9.15460868146151e-13,1.021481625739129e-16,6.69353125366566e-17
3425,9.312767627650025e-13,1.017389351569986e-16,6.669140261630219e-17
3426,9.15567264503392e-13,1.012620376609237e-16,6.63523472563682e-17
3427,9.145135915476849e-13,1.008299630644286e-16,6.605121111560401e-17
3428,9.179480372228026e-13,1.004090963063682e-16,6.577294023561077e-17
3429,9.204778104083087e-13,9.995694357169592e-17,6.547851012060002e-17
3430,9.126138038797475e-13,9.953507562564494e-17,6.519234952641845e-17
3431,9.127590100087354e-13,9.908191494272347e-17,6.487706944933152e-17
3432,9.255693939694118e-13,9.868780658754338e-17,6.462565378036407e-17
3433,9.075185358865033e-13,9.822460542884484e-17,6.430901950031464e-17
3434,9.104182188202947e-13,9.781019346239809e-17,6.40272222898157e-17
3435,9.05327287651348e-13,9.736676099848187e-17,6.372882198700413e-17
3436,9.196096629938246e-13,9.696700756369025e-17,6.346939018924032e-17
3437,9.0950429720029e-13,9.65320358021639e-17,6.317486022469036e-17
3438,9.110417129141652e-13,9.612348152634483e-17,6.290880385429143e-17
3439,9.074953750913937e-13,9.570182278174221e-17,6.260978980616059e-17
3440,9.039888406141471e-13,9.529788838217685e-17,6.232911503382401e-17
3441,9.00331477335391e-13,9.486116019661986e-17,6.203500876612671e-17
3442,8.939961147580946e-13,9.443948123477871e-17,6.176005969297106e-17
3443,9.099064797106113e-13,9.404282362698654e-17,6.150623465134312e-17
3444,9.036758538914706e-13,9.362463316989588e-17,6.121364644569372e-17
3445,9.014467366433937e-13,9.325214806696309e-17,6.098110385734494e-17
3446,9.078212393465425e-13,9.284772173573437e-17,6.069984465754367e-17
3447,8.988446480517909e-13,9.243618856365862e-17,6.043173227258323e-17
3448,8.945051937974268e-13,9.202906352314314e-17,6.014118310442245e-17
3449,8.908377497336753e-13,9.162919673386355e-17,5.986087694011124e-17
3450,8.849969316016223e-13,9.123718641345109e-17,5.960016784914512e-17
3451,8.881196794888043e-13,9.082720889489634e-17,5.933351169608178e-17
3452,9.156602638830711e-13,9.04516476944782e-17,5.910770128050578e-17
3453,8.932178742160675e-13,9.006064996865658e-17,5.883565948501734e-17
3454,8.879500397459705e-13,8.96753372354946e-17,5.85578779877146e-17
3455,8.825252387213959e-13,8.925575275778723e-17,5.82650061448146e-17
3456,8.829127215963929e-13,8.887018748922688e-17,5.802548962297952e-17
3457,9.02614727127105e-13,8.851146400009166e-17,5.778667501984365e-17
3458,8.875567502563827e-13,8.813267602882436e-17,5.754612619363678e-17
3459,8.834217580209292e-13,8.772528751892764e-17,5.72702038441069e-17
3460,8.915287913774587e-13,8.736992859056091e-17,5.704348692509595e-17
3461,8.96235498268837e-13,8.697972423697992e-17,5.67626623689233e-17
3462,8.923472964948269e-13,8.661352245274712e-17,5.650411999541336e-17
3463,8.944533720882739e-13,8.622741390457268e-17,5.627615185762156e-17
3464,8.813816310917517e-13,8.586270817722105e-17,5.601566709713299e-17
3465,8.839185153103217e-13,8.550424794068749e-17,5.579297807613758e-17
3466,8.847818293920445e-13,8.513342988467802e-17,5.552635823667744e-17
3467,8.745367505294323e-13,8.47322534071441e-17,5.524693630909556e-17
3468,8.837026345674048e-13,8.439894715114826e-17,5.500582570602417e-17
3469,8.759327842791832e-13,8.401193740116628e-17,5.475727848152247e-17
3470,8.82389991890125e-13,8.369365937912358e-17,5.457971311285454e-17
3471,8.733371112406441e-13,8.329246637851945e-17,5.427394123103655e-17
3472,8.768193863900932e-13,8.29529170189728e-17,5.407364323541126e-17
3473,8.797347887009048e-13,8.258066971898413e-17,5.380786995755173e-17
3474,8.912763389215412e-13,8.22238834054987e-17,5.35764963244695e-17
3475,8.95904816388902e-13,8.186624942977314e-17,5.335223914655027e-17
3476,8.794844600714021e-13,8.153045939137969e-17,5.309372737917406e-17
3477,8.700139130019166e-13,8.114545304019183e-17,5.284008145284539e-17
3478,8.780032864211214e-13,8.08212980769763e-17,5.26248863247326e-17
3479,8.684254062525783e-13,8.048823376195434e-17,5.241447935275125e-17
3480,8.688905570791887e-13,8.009938626452895e-17,5.213726216797961e-17
3481,8.662218261274332e-13,7.97740493238525e-17,5.194771888906978e-17
3482,8.798273687168354e-13,7.946577561192169e-17,5.173222250876302e-17
3483,8.628522606916679e-13,7.909443321702024e-17,5.147036265636254e-17
3484,8.807713941360899e-13,7.875732084512477e-17,5.126690010914613e-17
3485,8.624307447636096e-13,7.839496812840665e-17,5.100422112564963e-17
3486,8.600120774982322e-13,7.807176396835684e-17,5.077491630884267e-17
3487,8.580933029343941e-13,7.775571534728162e-17,5.058033865044494e-17
3488,8.65264303216973e-13,7.738156528157177e-17,5.033334887728378e-17
3489,8.648646946559303e-13,7.707959401695811e-17,5.012589036209678e-17
3490,8.716070678042923e-13,7.674512794575626e-17,4.991084108918949e-17
3491,8.675709698659248e-13,7.64275557514095e-17,4.969196273651668e-17
3492,8.592973239535398e-13,7.607839342496742e-17,4.945931245777713e-17
3493,8.569808533302456e-13,7.57849544393413e-17,4.92544398845155e-17
3494,8.571823137024469e-13,7.542523798433302e-17,4.901221962581327e-17
3495,8.540101585384448e-13,7.511150359868339e-17,4.882182777553561e-17
3496,8.524509658827567e-13,7.477569917114593e-17,4.857902731722366e-17
3497,8.523331591392371e-13,7.448289473188424e-17,4.839550241296647e-17
3498,8.814922536476264e-13,7.414714795062227e-17,4.817654718727227e-17
3499,8.611018595931118e-13,7.379247167688538e-17,4.791106760080806e-17
3500,8.535970376913749e-13,7.354031498887133e-17,4.778904364322906e-17
3501,8.580195122452119e-13,7.321275290243583e-17,4.755319812222855e-17
3502,8.507598320862311e-13,7.288515565112802e-17,4.73263357770045e-17
3503,8.592136865316e-13,7.257279305688954e-17,4.710105984451299e-17
3504,8.516577692372703e-13,7.22380346208043e-17,4.687594912440363e-17
3505,8.451216162220133e-13,7.191719309468268e-17,4.665433648715701e-17
3506,8.529471838529661e-13,7.164695360333003e-17,4.652324964872836e-17
3507,8.595292245518565e-13,7.133363340441838e-17,4.628496349099926e-17
3508,8.490972923744902e-13,7.1026907857593e-17,4.606787013410048e-17
3509,8.487824837677139e-13,7.069149207204645e-17,4.584462507256499e-17
3510,8.481259338652937e-13,7.042749217925651e-17,4.568073124834837e-17
3511,8.512538702525567e-13,7.012604386244859e-17,4.55150603978077e-17
3512,8.408971921033516e-13,6.982196043823841e-17,4.527022678667351e-17
3513,8.549772712514608e-13,6.954843417861265e-17,4.511085093045809e-17
3514,8.483281042470398e-13,6.922830951847796e-17,4.489852414940685e-17
3515,8.423703154979215e-13,6.894843262309842e-17,4.470942714815008e-17
3516,8.417389858041564e-13,6.86371437144323e-17,4.449440738783473e-17
3517,8.355743688223479e-13,6.834418573517997e-17,4.429875001677267e-17
3518,8.556572929107198e-13,6.805309721661628e-17,4.411437564698823e-17
3519,8.594608942695425e-13,6.774156005760563e-17,4.389895182149341e-17
3520,8.431619860415932e-13,6.746890593092228e-17,4.372468556504128e-17
3521,8.382947331175936e-13,6.719228716622871e-17,4.352978887119355e-17
3522,8.336691152868262e-13,6.689180181526717e-17,4.332652586899876e-17
3523,8.411403076696178e-13,6.658817180431053e-17,4.308795941585242e-17
3524,8.341080551294149e-13,6.631984702658028e-17,4.293761642431594e-17
3525,8.340883080002345e-13,6.603882109187385e-17,4.276313030418938e-17
3526,8.332045015684693e-13,6.573429602627313e-17,4.257523493417096e-17
3527,8.36053562587012e-13,6.548676010237262e-17,4.239416797038395e-17
3528,8.506953176775778e-13,6.52074664990899e-17,4.221398561804311e-17
3529,8.510333817815788e-13,6.491502715441035e-17,4.199996707118527e-17
3530,8.348251468927951e-13,6.46329546815028e-17,4.179840214694365e-17
3531,8.301611917573763e-13,6.436870088571651e-17,4.165267979972565e-17
3532,8.364444074824579e-13,6.407500018840938e-17,4.145318351589066e-17
3533,8.27958684358795e-13,6.381537686556045e-17,4.125966967088914e-17
3534,8.328212609763236e-13,6.355755621976439e-17,4.112355716353438e-17
3535,8.29402179937141e-13,6.328073673723554e-17,4.092049658634071e-17
3536,8.285206853015609e-13,6.303996234990915e-17,4.074957857499087e-17
3537,8.220127496516113e-13,6.274249066987677e-17,4.054147043048763e-17
3538,8.246160287134158e-13,6.246047363142374e-17,4.038357854394481e-17
3539,8.219841071156501e-13,6.220689887028758e-17,4.020271335546796e-17
3540,8.239325952159797e-13,6.194980744090298e-17,4.003886101133123e-17
3541,8.194525522522531e-13,6.169419018516246e-17,3.983601313162232e-17
3542,8.210170678817314e-13,6.140831483435174e-17,3.968212877784321e-17
3543,8.287645718000299e-13,6.115744301263817e-17,3.951642281786732e-17
3544,8.183000890793156e-13,6.086411188993052e-17,3.928050687009322e-17
3545,8.188313228895933e-13,6.062426416452062e-17,3.91214007842914e-17
3546,8.192882910685425e-13,6.035040427786188e-17,3.897273594518648e-17
3547,8.226585469691879e-13,6.014753835365572e-17,3.884646463651286e-17
3548,8.181043795051941e-13,5.986690009324213e-17,3.865104054912273e-17
3549,8.230813098234557e-13,5.960381486102268e-17,3.847254696439525e-17
3550,8.495909978428531e-13,5.937641518040116e-17,3.831864275153379e-17
3551,8.30276677290849e-13,5.912446682874485e-17,3.814446859344126e-17
3552,8.222745650477752e-13,5.887024156623672e-17,3.798369875944109e-17
3553,8.167544382582636e-13,5.85976024938109e-17,3.779739357270101e-17
3554,8.298152045823277e-13,5.836108943580656e-17,3.767278114604418e-17
3555,8.166625929480579e-13,5.811393082460618e-17,3.746262287397647e-17
3556,8.258468504305729e-13,5.788444305369728e-17,3.732711295779417e-17
3557,8.228733018596542e-13,5.76284682690105e-17,3.717027105851157e-17
3558,8.130877762446483e-13,5.736552561687377e-17,3.696754557308148e-17
3559,8.264102520329952e-13,5.716096589876947e-17,3.685231975788397e-17
3560,8.141691277651855e-13,5.68969329542566e-17,3.666678244896881e-17
3561,8.103099708779095e-13,5.663525197479549e-17,3.648230034104604e-17
3562,8.110798559891739e-13,5.642099788700155e-17,3.636448567882058e-17
3563,8.112998449235435e-13,5.616312618024233e-17,3.617374361365677e-17
3564,8.08116761605611e-13,5.59363605656677e-17,3.604855669577241e-17
3565,8.029573667359692e-13,5.566004901350363e-17,3.582380607467928e-17
3566,8.294163922654687e-13,5.548313878077622e-17,3.573799971304755e-17
3567,8.14077856318531e-13,5.524595906536621e-17,3.557239554784665e-17
3568,8.122755084894079e-13,5.499264395779966e-17,3.537563597193385e-17
3569,8.158415612596321e-13,5.479934620795424e-17,3.528939087182369e-17
3570,8.060853722625382e-13,5.455042982922581e-17,3.511602502412906e-17
3571,8.04310789877293e-13,5.432817264057593e-17,3.494365717451678e-17
3572,8.066239076558866e-13,5.410308272022873e-17,3.481640962872815e-17
3573,8.028038411351076e-13,5.386990623274758e-17,3.4631258505355e-17
3574,8.380178902359477e-13,5.361998558161885e-17,3.450434175661449e-17
3575,8.088792722762876e-13,5.337547119296271e-17,3.431998422286009e-17
3576,8.088790575976429e-13,5.315239396771758e-17,3.415236426770249e-17
3577,8.089086415041845e-13,5.297617207491234e-17,3.40734015033978e-17
3578,8.03404355107946e-13,5.271747431734626e-17,3.387300372052887e-17
3579,7.957328820239584e-13,5.252150561891052e-17,3.374396138495378e-17
3580,7.988804957431051e-13,5.22807644059804e-17,3.35909590945901e-17
3581,8.052848941557242e-13,5.207430260777597e-17,3.345196219441214e-17
3582,8.047231087726806e-13,5.187288331972703e-17,3.33318476673851e-17
3583,7.986674523148007e-13,5.164215593517766e-17,3.316080873353259e-17
3584,8.151908865060002e-13,5.142598858707022e-17,3.303621554005415e-17
3585,8.092558912362618e-13,5.11820633043114e-17,3.286007741910657e-17
3586,8.037274482532711e-13,5.098107985824576e-17,3.273656782797769e-17
3587,8.076719710113277e-13,5.077340054473343e-17,3.261267904679162e-17
3588,8.004697237707655e-13,5.056630777297117e-17,3.243700166886967e-17
3589,7.9480119913929e-13,5.033764472475264e-17,3.230665798038293e-17
3590,8.06107660967392e-13,5.014962947583778e-17,3.219156929223262e-17
3591,7.987985365141954e-13,4.993417975764585e-17,3.204107141393947e-17
3592,8.146831531174918e-13,4.973778080458452e-17,3.191178564594701e-17
3593,7.988064524716033e-13,4.948631093900561e-17,3.173822196576859e-17
3594,7.926549507011116e-13,4.929147070203164e-17,3.159394371901821e-17
3595,8.009299833105727e-13,4.908609665757398e-17,3.146499073649322e-17
3596,7.946025528610155e-13,4.891382857818171e-17,3.138881373770931e-17
3597,7.902901112678314e-13,4.865988919641963e-17,3.117639453379595e-17
3598,8.129987195380924e-13,4.848395230993911e-17,3.110528277570149e-17
3599,7.951288700751099e-13,4.827687884380506e-17,3.094808276515735e-17
3600,7.9573275877019e-13,4.809969384703012e-17,3.084427365315213e-17
3601,7.901880245665469e-13,4.785564874599472e-17,3.062923306620935e-17
3602,7.840813056364159e-13,4.764046492549851e-17,3.050148723754322e-17
3603,7.934588248274511e-13,4.747904524769921e-17,3.042451381509414e-17
3604,8.124397556247134e-13,4.727215842127698e-17,3.027286948495335e-17
3605,7.919131803048468e-13,4.706115995328285e-17,3.012416905503207e-17
3606,8.045007478736867e-13,4.689453069129042e-17,3.002977978421362e-17
3607,7.927027813492498e-13,4.669702869073128e-17,2.992365478163365e-17
3608,7.96306628400891e-13,4.650015707501915e-17,2.977533661958105e-17
3609,7.875197630967996e-13,4.631332491096447e-17,2.965296261844531e-17
3610,8.103394603213164e-13,4.609575919717523e-17,2.947930128511775e-17
3611,7.900460586722208e-13,4.591463018564701e-17,2.936162227536319e-17
3612,7.865449356270474e-13,4.572455095976908e-17,2.925829534897405e-17
3613,7.822911631486482e-13,4.553731843839034e-17,2.910098181555629e-17
3614,7.802554673988274e-13,4.534349522523348e-17,2.898035290550828e-17
3615,7.902572217329855e-13,4.515894554483252e-17,2.888318463166318e-17
3616,8.02772005591862e-13,4.498120263949106e-17,2.875890429054451e-17
3617,7.945637299132718e-13,4.477103797096538e-17,2.861692194745709e-17
3618,8.004766394632341e-13,4.460447628198986e-17,2.850866447898088e-17
3619,7.94487383656361e-13,4.442473455229728e-17,2.842672429395443e-17
3620,7.837828328829837e-13,4.422163060680008e-17,2.82509323983802e-17
3621,7.774811996941568e-13,4.401866905725954e-17,2.810309526572253e-17
3622,7.985641378886721e-13,4.386320152224917e-17,2.80268612047671e-17
3623,7.839167175151233e-13,4.36802783353254e-17,2.788864698503368e-17
3624,7.796336101269296e-13,4.34819068073163e-17,2.774839703033635e-17
3625,7.952343191687512e-13,4.332045824852288e-17,2.767864355353476e-17
3626,7.877894907740615e-13,4.314301571647037e-17,2.753190541431883e-17
3627,7.942126585355943e-13,4.295227767002236e-17,2.740829793822029e-17
3628,7.834616733729708e-13,4.279538416375541e-17,2.731447764776122e-17
3629,7.801940364620885e-13,4.261462234615547e-17,2.717532465514802e-17
3630,7.72082258250153e-13,4.240834690462879e-17,2.703738970473273e-17
3631,7.942325777878629e-13,4.225996899575494e-17,2.696894967712798e-17
3632,7.879704385597552e-13,4.208089841207633e-17,2.683620237031068e-17
3633,7.828060411708038e-13,4.19012100393157e-17,2.671516957991159e-17
3634,7.805159225455584e-13,4.174914498414289e-17,2.661302715529802e-17
3635,7.781448207109598e-13,4.156979817517697e-17,2.648706576286798e-17
3636,7.83400912703947e-13,4.13919334228904e-17,2.637693891031171e-17
3637,7.737650408577453e-13,4.119817983459457e-17,2.625702301265877e-17
3638,8.046345887163566e-13,4.106731901484291e-17,2.617515400585119e-17
3639,7.834720902623384e-13,4.087584402601158e-17,2.603880956153403e-17
3640,7.725221711991649e-13,4.070368908226208e-17,2.590489957401941e-17
3641,7.769514237751459e-13,4.056505572780068e-17,2.585004845190966e-17
3642,7.853517064467892e-13,4.037521225222429e-17,2.568879883471654e-17
3643,7.70394197866693e-13,4.018544857560084e-17,2.55604427263513e-17
3644,7.830118586089694e-13,4.004733906313612e-17,2.552482442547341e-17
3645,7.736848201206318e-13,3.986014515662309e-17,2.53729135215106e-17
3646,7.86470981172444e-13,3.973531910641664e-17,2.529834981382898e-17
3647,7.726597545595005e-13,3.955380833805672e-17,2.515157663734033e-17
3648,7.777823366953286e-13,3.941258489266586e-17,2.507881821510993e-17
3649,7.779374247920868e-13,3.92273772805488e-17,2.494828764782311e-17
3650,7.695951785683449e-13,3.902832261401925e-17,2.479663070766538e-17
3651,7.834466392749278e-13,3.891259974261741e-17,2.475733051295289e-17
3652,7.719842698435861e-13,3.875159601237281e-17,2.462699488981015e-17
3653,7.655196898813288e-13,3.85909529348592e-17,2.452320513197639e-17
3654,7.690722013850371e-13,3.84183113532186e-17,2.438918305908704e-17
3655,7.671159897706552e-13,3.828800554355483e-17,2.432820482130726e-17
3656,7.648549194108121e-13,3.809137681874037e-17,2.416697290504713e-17
3657,7.80857727120143e-13,3.797780128264866e-17,2.410983731673326e-17
3658,7.670241788606202e-13,3.782148466614124e-17,2.404717949767675e-17
3659,7.630291294855806e-13,3.764669545190444e-17,2.391562343853768e-17
3660,7.787055478669309e-13,3.750600574656365e-17,2.381898633241027e-17
3661,7.707644752560913e-13,3.735742353520746e-17,2.372018558750987e-17
3662,7.701680263068159e-13,3.719047492403078e-17,2.359442116854682e-17
3663,7.623359600934454e-13,3.703431112634521e-17,2.346913760526746e-17
3664,7.698319558903993e-13,3.690112424525824e-17,2.341068659507943e-17
3665,7.756282338746114e-13,3.674237334223296e-17,2.329646214345113e-17
3666,7.64242142422302e-13,3.658762256607136e-17,2.317231145389958e-17
3667,7.686915411328001e-13,3.645330367203212e-17,2.31197986388556e-17
3668,7.644838781898469e-13,3.628584556645309e-17,2.299173242398801e-17
3669,7.621462153207193e-13,3.614030796671687e-17,2.291380405302395e-17
3670,7.860289039524058e-13,3.601442767209936e-17,2.284122593978521e-17
3671,7.650840905038526e-13,3.58487707870411e-17,2.269552015067002e-17
3672,7.575387467749461e-13,3.568650833507667e-17,2.259087004412533e-17
3673,7.653296457710869e-13,3.555851292203436e-17,2.252649661566107e-17
3674,7.665721560710885e-13,3.542366442966398e-17,2.244582000619377e-17
3675,7.774052378939659e-13,3.528759932743527e-17,2.235186732356082e-17
3676,7.622533116272115e-13,3.51444544912352e-17,2.222921920983246e-17
3677,7.578981758466202e-13,3.498945035228688e-17,2.214371092911759e-17
3678,7.536850018832401e-13,3.484100241983795e-17,2.203370053023187e-17
3679,7.551004302565789e-13,3.47111514955091e-17,2.197912422124675e-17
3680,7.551009492453806e-13,3.45511783410273e-17,2.184920873952519e-17
3681,7.639029713331632e-13,3.442682327248828e-17,2.178758355136045e-17
3682,7.549927026786522e-13,3.426698819269877e-17,2.164595959319173e-17
3683,7.557089772600467e-13,3.41446127739559e-17,2.157164609523479e-17
3684,7.550368549890822e-13,3.401390339294884e-17,2.15007137239985e-17
3685,7.689375280763295e-13,3.388710823050611e-17,2.141834411802353e-17
3686,7.591329655263416e-13,3.373762797042308e-17,2.131493878270146e-17
3687,7.798755143195799e-13,3.36093041898711e-17,2.124661603675936e-17
3688,7.583727890694809e-13,3.345646263611269e-17,2.11289136919035e-17
3689,7.519119133654891e-13,3.329977063748461e-17,2.100251077188809e-17
3690,7.671791214154389e-13,3.320909741164359e-17,2.099291443831774e-17
3691,7.511483823581223e-13,3.304116905223088e-17,2.084114286504045e-17
3692,7.672863340068352e-13,3.291947755793551e-17,2.0768086354384e-17
3693,7.556470950517779e-13,3.279723206923211e-17,2.070693174090286e-17
3694,7.524681350290313e-13,3.264971593603847e-17,2.060782140139104e-17
3695,7.475050258926607e-13,3.251026847513664e-17,2.048886174191208e-17
3696,7.519788860228197e-13,3.239099030075879e-17,2.043084956110935e-17
3697,7.638376006794911e-13,3.227012867145389e-17,2.034038340980467e-17
3698,7.789356399643377e-13,3.213848671854864e-17,2.028682475193466e-17
3699,7.611667350772724e-13,3.201151780499875e-17,2.017475507773734e-17
3700,7.51731605206585e-13,3.188560808255897e-17,2.010616164691569e-17
3701,7.466047298683249e-13,3.174483845697395e-17,1.999921911707669e-17
3702,7.570988052702354e-13,3.163595449942193e-17,1.993302706256932e-17
3703,7.536113329945829e-13,3.151131666440551e-17,1.98484533325484e-17
3704,7.631435985537295e-13,3.138352142178735e-17,1.978363459429421e-17
3705,7.508377531135824e-13,3.126111840195222e-17,1.967672695340961e-17
3706,7.567262416965865e-13,3.110562012626442e-17,1.956273277728419e-17
3707,7.458330887153779e-13,3.097987712306382e-17,1.948012571641814e-17
3708,7.468415645465367e-13,3.091879747586259e-17,1.947817429764861e-17
3709,7.620971327685287e-13,3.075941501117793e-17,1.935766391241654e-17
3710,7.494426083887512e-13,3.064374856469598e-17,1.926775829696962e-17
3711,7.510650184219163e-13,3.048834692176875e-17,1.91735804881433e-17
3712,7.47064949003399e-13,3.037694471943026e-17,1.909212224186556e-17
3713,7.524492424561135e-13,3.025956542988038e-17,1.903345197806395e-17
3714,7.446362778570271e-13,3.014187494026386e-17,1.895117642262544e-17
3715,7.423971579479983e-13,3.000273099922703e-17,1.884937313597065e-17
3716,7.584936526861389e-13,2.99028552594729e-17,1.880365515895379e-17
3717,7.535976191729647e-13,2.976860293708224e-17,1.869131484807473e-17
3718,7.48111350780003e-13,2.969354332370798e-17,1.866234836280284e-17
3719,7.430115665618858e-13,2.95468387820332e-17,1.852886475883831e-17
3720,7.439925239687631e-13,2.945863982916799e-17,1.849315905566117e-17
3721,7.555056190591338e-13,2.932145652404668e-17,1.838361165426416e-17
3722,7.514453975719674e-13,2.919509892101155e-17,1.830513561304222e-17
3723,7.423910305127983e-13,2.911005600102592e-17,1.827627142401909e-17
3724,7.582446676762714e-13,2.895512435887027e-17,1.813949118828514e-17
3725,7.481567126461221e-13,2.886682559264211e-17,1.81326081364418e-17
3726,7.523494206704039e-13,2.87525461271831e-17,1.802912042450102e-17
3727,7.39104992339133e-13,2.86233745136135e-17,1.793556597528139e-17
3728,7.369152805804882e-13,2.851558296025535e-17,1.786346143265022e-17
3729,7.337871051989774e-13,2.83820381537962e-17,1.774781253477234e-17
3730,7.521744744720343e-13,2.828100760030511e-17,1.773729387924141e-17
3731,7.487139230315914e-13,2.818049436479913e-17,1.766531385771469e-17
3732,7.373361538663274e-13,2.805868709836276e-17,1.753958468021662e-17
3733,7.333026650322056e-13,2.793565308189067e-17,1.747096771528227e-17
3734,7.368939188611567e-13,2.78644771733794e-17,1.746979574757347e-17
3735,7.33665210282585e-13,2.773497149133491e-17,1.735845201859189e-17
3736,7.361258313799402e-13,2.761999380011345e-17,1.729239337636785e-17
3737,7.537330178833452e-13,2.751071089074621e-17,1.722528724033322e-17
3738,7.396890427682619e-13,2.739842102670974e-17,1.710836522026196e-17
3739,7.479355924948135e-13,2.730810384993442e-17,1.70966287644266e-17
3740,7.403984345772406e-13,2.719316231911323e-17,1.699703988263418e-17
3741,7.368691794619485e-13,2.707512947391111e-17,1.694211920454137e-17
3742,7.475476597321767e-13,2.698220848868929e-17,1.684502910198854e-17
3743,7.464485415738185e-13,2.688552577201769e-17,1.681033363316655e-17
3744,7.35259987269024e-13,2.675248440980816e-17,1.669123961484128e-17
3745,7.525504220635968e-13,2.668261325736311e-17,1.667570025582215e-17
3746,7.353546765240305e-13,2.657167871054268e-17,1.660782723217534e-17
3747,7.49810484311152e-13,2.646960456406318e-17,1.652937726554607e-17
3748,7.42047520211003e-13,2.634332514649405e-17,1.644371123598657e-17
3749,7.315205639708784e-13,2.624215973747924e-17,1.636518148341102e-17
3750,7.277796951752139e-13,2.613058031378546e-17,1.628261756115785e-17
3751,7.420888408859999e-13,2.606481780583133e-17,1.62645829084506e-17
3752,7.332977324532343e-13,2.593980791572e-17,1.618422521058633e-17
3753,7.385599404568879e-13,2.58331435079783e-17,1.611284706062675e-17
3754,7.292562344894106e-13,2.570856731969896e-17,1.60158835344416e-17
3755,7.511823185914769e-13,2.56306570826468e-17,1.599866619962372e-17
3756,7.369896847435687e-13,2.552947523537599e-17,1.590818519391065e-17
3757,7.403213250869361e-13,2.545436276996308e-17,1.587090443957725e-17
3758,7.327200390015469e-13,2.533821979240078e-17,1.576846132207638e-17
3759,7.247371700450642e-13,2.522644995430627e-17,1.570245372860897e-17
3760,7.204322488548626e-13,2.512325754854644e-17,1.560971901653782e-17
3761,7.373885244252703e-13,2.502944116987982e-17,1.555933478977244e-17
3762,7.487103086874533e-13,2.496854936667944e-17,1.555292592229765e-17
3763,7.367593980173062e-13,2.485083191901987e-17,1.546640360441106e-17
3764,7.45064376625858e-13,2.473846049012946e-17,1.53696292031281e-17
3765,7.389292328260987e-13,2.467416243887654e-17,1.536388164928237e-17
3766,7.4377726196656e-13,2.457654599601207e-17,1.528419527837311e-17
3767,7.269683843994115e-13,2.445036917330643e-17,1.519112631600363e-17
3768,7.240352781373258e-13,2.436418366963815e-17,1.510871478468675e-17
3769,7.212276713898793e-13,2.425160007527307e-17,1.502899293598029e-17
3770,7.221965524279382e-13,2.416217727416488e-17,1.498879912689063e-17
3771,7.209179876479398e-13,2.406664168130266e-17,1.494138871971245e-17
3772,7.401845525725719e-13,2.399590034117574e-17,1.492826495656033e-17
3773,7.395655349198435e-13,2.395335880397144e-17,1.488205053801645e-17
3774,7.433525481195493e-13,2.380826443049377e-17,1.477500104868298e-17
3775,7.256993062483314e-13,2.374431048900965e-17,1.471720048495593e-17
3776,7.215892995468481e-13,2.363557256019518e-17,1.464369188148274e-17
3777,7.220820423513922e-13,2.355374399701366e-17,1.461125406190203e-17
3778,7.354351968682711e-13,2.346901497920229e-17,1.455377076679189e-17
3779,7.245981619747457e-13,2.337821617882738e-17,1.44981576481742e-17
3780,7.230984099330096e-13,2.326711058946827e-17,1.439322436866497e-17
3781,7.43271776364484e-13,2.319695037267503e-17,1.437916709514231e-17
3782,7.277739271364483e-13,2.30805819185513e-17,1.42109643212145e-17
3783,7.392232089244634e-13,2.302108802168352e-17,1.418954020655154e-17
3784,7.306579255199139e-13,2.291069615934311e-17,1.40735216496014e-17
3785,7.440341265940805e-13,2.281896730999776e-17,1.399420998367397e-17
3786,7.453014475233134e-13,2.278943435620555e-17,1.403821846537477e-17
3787,7.419356022520239e-13,2.269193064377665e-17,1.394120896746033e-17
3788,7.315368161776229e-13,2.258644801750197e-17,1.389137934852921e-17
3789,7.299542661867044e-13,2.251570490251379e-17,1.385908638634293e-17
3790,7.450815624899251e-13,2.242377417685956e-17,1.379526196705109e-17
3791,7.442126440415198e-13,2.234998747555045e-17,1.375807403740225e-17
3792,7.327550803833293e-13,2.224831726753576e-17,1.367151281033677e-17
3793,7.291217426621703e-13,2.215445442027218e-17,1.36096629633821e-17
3794,7.288027830520658e-13,2.209053299725804e-17,1.357300581851072e-17
3795,7.34896571488841e-13,2.201616711522044e-17,1.354667886319706e-17
3796,7.286510587757674e-13,2.191886429351505e-17,1.344938424960879e-17
3797,7.290048663836925e-13,2.183122953854988e-17,1.340363949684313e-17
3798,7.278525117014888e-13,2.176635782309965e-17,1.336272086610839e-17
3799,7.256435756466683e-13,2.168038132009471e-17,1.329873329940961e-17
3800,7.346070961541567e-13,2.159137281046743e-17,1.325294571980864e-17
3801,7.277335238285192e-13,2.15336527424262e-17,1.32155379680709e-17
3802,7.481609555713596e-13,2.145026661451628e-17,1.317631608329587e-17
3803,7.346444134460562e-13,2.13667808265398e-17,1.311072777331536e-17
3804,7.267338985168642e-13,2.12406341841214e-17,1.299955208245587e-17
3805,7.365487948569343e-13,2.122175187824175e-17,1.299066544603529e-17
3806,7.257610426196199e-13,2.113280461932901e-17,1.292707755469315e-17
3807,7.1950351212173e-13,2.103172863444059e-17,1.286331058657901e-17
3808,7.192646769139285e-13,2.095321860946615e-17,1.280773809774194e-17
3809,7.216379185820038e-13,2.089042472873853e-17,1.278955836935476e-17
3810,7.204292400430766e-13,2.08289567216385e-17,1.275015339296444e-17
3811,7.180018487475904e-13,2.074358150300746e-17,1.266966556030889e-17
3812,7.232797328450744e-13,2.067423497695573e-17,1.264220406908718e-17
3813,7.16590929621302e-13,2.056836723834878e-17,1.257289786271664e-17
3814,7.186083349102769e-13,2.049477450481093e-17,1.250204162269028e-17
3815,7.171094725098391e-13,2.042615543185117e-17,1.247036989839005e-17
3816,7.200203806030675e-13,2.035054154450898e-17,1.241872039990931e-17
3817,7.170594562312615e-13,2.027112413350305e-17,1.236362093429968e-17
3818,7.161943736999484e-13,2.021775309851509e-17,1.233730941917919e-17
3819,7.183167958580886e-13,2.01202045938196e-17,1.227911125238166e-17
3820,7.179417458071807e-13,2.005568553217531e-17,1.224507366731429e-17
3821,7.165839607107642e-13,1.996662657995957e-17,1.220018894233318e-17
3822,7.395614779395449e-13,1.99165759019416e-17,1.213623308623094e-17
3823,7.206836015268407e-13,1.982058464798708e-17,1.208942446158284e-17
3824,7.4129293381639e-13,1.975898632960575e-17,1.205107706183088e-17
3825,7.235924773011767e-13,1.969027675342156e-17,1.202861066782731e-17
3826,7.198083041850195e-13,1.963076765386941e-17,1.199339346561498e-17
3827,7.195967397117759e-13,1.953695601667615e-17,1.191524739826285e-17
3828,7.184740341500154e-13,1.94788531188733e-17,1.186804967363543e-17
3829,7.148970747566345e-13,1.94031160653033e-17,1.182990430649099e-17
3830,7.134176677481311e-13,1.931266368641372e-17,1.176321550005994e-17
3831,7.111137820690387e-13,1.926396306264334e-17,1.170851404967519e-17
3832,7.109178539423051e-13,1.917709796664587e-17,1.164051214655842e-17
3833,7.173108926868124e-13,1.915528942223901e-17,1.169421002797582e-17
3834,7.124823457318291e-13,1.90668703050611e-17,1.159787922715927e-17
3835,7.089921315548409e-13,1.895819701446852e-17,1.151212120262561e-17
3836,7.138167219995347e-13,1.891219633142515e-17,1.149091549226378e-17
3837,7.097033659247791e-13,1.887208080321327e-17,1.147097968071419e-17
3838,7.074704869111466e-13,1.877971997026596e-17,1.139684314442249e-17
3839,7.119302644830792e-13,1.868806148423457e-17,1.130946885161632e-17
3840,7.125574796025638e-13,1.867969411685207e-17,1.133793288279345e-17
3841,7.360145310644457e-13,1.860265067671288e-17,1.132064366273071e-17
3842,7.187156075877552e-13,1.851188117378303e-17,1.124557037158174e-17
3843,7.206724664895916e-13,1.844305266162721e-17,1.117854946863643e-17
3844,7.214009646170401e-13,1.838050411671804e-17,1.115190664189152e-17
3845,7.264817329431633e-13,1.831693620307408e-17,1.111642775602572e-17
3846,7.157312936186569e-13,1.825285607287289e-17,1.107745589134327e-17
3847,7.320087240122865e-13,1.818786927072529e-17,1.102568648760221e-17
3848,7.181101923877436e-13,1.812447997148014e-17,1.100290618906305e-17
3849,7.09587075927007e-13,1.804209430645665e-17,1.093692238825735e-17
3850,7.087320131768302e-13,1.799203300151065e-17,1.088131120113485e-17
3851,7.087719100908303e-13,1.792419797290957e-17,1.081037131547087e-17
3852,7.256754603973318e-13,1.784232917727528e-17,1.077517534606486e-17
3853,7.169664893271951e-13,1.783028759241335e-17,1.080013697940524e-17
3854,7.090440075584863e-13,1.773026981663375e-17,1.071487828048889e-17
3855,7.197464000445937e-13,1.768039115812966e-17,1.069834762731477e-17
3856,7.091035286926429e-13,1.758798109876549e-17,1.061575440925415e-17
3857,7.05104753727666e-13,1.751693614821254e-17,1.056702695656003e-17
3858,7.062390380453276e-13,1.747992832965367e-17,1.054234148944243e-17
3859,7.238884880657587e-13,1.743083029058105e-17,1.052314605654964e-17
3860,7.180519832044209e-13,1.738730623300379e-17,1.051715824712094e-17
3861,7.023024177987818e-13,1.728023579139137e-17,1.040299258162534e-17
3862,7.07674226245305e-13,1.724429467641701e-17,1.043193003583486e-17
3863,7.174749882224448e-13,1.720354833813475e-17,1.038359504592671e-17
3864,7.059137225079083e-13,1.712711307431654e-17,1.032606177434447e-17
3865,7.007152377875858e-13,1.70318804105339e-17,1.023633407065479e-17
3866,7.246262034372027e-13,1.701556456444469e-17,1.026889713509794e-17
3867,7.132553982075233e-13,1.694464413474935e-17,1.023410567391556e-17
3868,7.08131894695999e-13,1.688836911208449e-17,1.01736592468316e-17
3869,7.205713417227588e-13,1.683438700699224e-17,1.015077252697617e-17
3870,7.090075539743241e-13,1.678405030503455e-17,1.010062341698058e-17
3871,7.10544519453503e-13,1.670925788940334e-17,1.006935004124435e-17
3872,7.028089466016416e-13,1.662858507658449e-17,9.984183768517152e-18
3873,7.080397985919255e-13,1.660651160118995e-17,9.9771450698661e-18
3874,7.032912089275206e-13,1.653388307310788e-17,9.920989227040643e-18
3875,7.007957345161149e-13,1.646548923610454e-17,9.874741131483754e-18
3876,7.228521234337903e-13,1.639694813852728e-17,9.839442482854803e-18
3877,7.104709181737526e-13,1.637032699255694e-17,9.871853504791849e-18
3878,7.397222074270277e-13,1.632203813671545e-17,9.822557095119688e-18
3879,7.129600085861738e-13,1.622252977044316e-17,9.715256231523585e-18
3880,7.17800162577655e-13,1.624037641626527e-17,9.776424188512855e-18
3881,7.068753448955622e-13,1.615045476078033e-17,9.714039499776722e-18
3882,7.053108011724524e-13,1.606153919995809e-17,9.623292961078878e-18
3883,6.990475174970821e-13,1.600422541143362e-17,9.567613305980295e-18
3884,7.044261147372046e-13,1.596526031030777e-17,9.538425552489223e-18
3885,7.225970169421373e-13,1.592749103664192e-17,9.552505004200202e-18
3886,7.049433979130706e-13,1.583059016039815e-17,9.483166590105248e-18
3887,6.9575183376619e-13,1.576436210085389e-17,9.406704301932652e-18
3888,6.987882107880368e-13,1.573889877861897e-17,9.416813776358534e-18
3889,7.082924821644078e-13,1.567719221822102e-17,9.367885561748233e-18
3890,7.237670061343327e-13,1.566501978012486e-17,9.383593261827329e-18
3891,7.014576293926796e-13,1.555627683064346e-17,9.286033362064398e-18
3892,7.093602607926849e-13,1.551602604561797e-17,9.266624110046791e-18
3893,6.968438771751785e-13,1.548510818510073e-17,9.242369201429881e-18
3894,7.114447641479168e-13,1.541140741042501e-17,9.195885976459098e-18
3895,7.049659497156696e-13,1.53548156358546e-17,9.14844015859375e-18
3896,7.067601057118471e-13,1.532777591661103e-17,9.166591011774356e-18
3897,7.199733631574725e-13,1.529344161302613e-17,9.152040617551322e-18
3898,7.090205419281565e-13,1.523506597159575e-17,9.096304576185527e-18
3899,6.969755974273491e-13,1.51529209559502e-17,9.009139529995856e-18
3900,7.101807993660529e-13,1.50971538192106e-17,8.999548457506886e-18
3901,6.985043940778277e-13,1.507687722463601e-17,8.961791841428292e-18
3902,7.131393585152553e-13,1.502335074461942e-17,8.97150318597928e-18
3903,7.013222558940065e-13,1.4973154936482e-17,8.927434425395625e-18
3904,6.942246932560831e-13,1.489911881584857e-17,8.861565446296982e-18
3905,6.944187692716002e-13,1.486707307185235e-17,8.851459660728463e-18
3906,6.91787414083914e-13,1.479366868293891e-17,8.772942584269162e-18
3907,6.912324711197015e-13,1.47295013898981e-17,8.716931299370429e-18
3908,6.920165405500419e-13,1.472122784994683e-17,8.77083390892139e-18
3909,6.90464284560457e-13,1.464336127671911e-17,8.68012234957316e-18
3910,7.033869873253379e-13,1.461033378364807e-17,8.70441968964685e-18
3911,7.194190881610417e-13,1.458355889485223e-17,8.686070706775765e-18
3912,7.148652372590669e-13,1.449531731186251e-17,8.603132555566543e-18
3913,6.978468837288758e-13,1.44372163295736e-17,8.539857334269829e-18
3914,6.962849882478889e-13,1.441967796530071e-17,8.586931465819662e-18
3915,7.157801721587609e-13,1.439422301690725e-17,8.52597695687597e-18
3916,7.06211068286231e-13,1.433853477111496e-17,8.526939804997593e-18
3917,6.940062345986049e-13,1.426535370547724e-17,8.459556390176385e-18
3918,6.884678900794833e-13,1.420057731426707e-17,8.387541734945765e-18
3919,7.128500524413852e-13,1.419677745936029e-17,8.417573320449097e-18
3920,6.943690994010034e-13,1.412502761869668e-17,8.372578452712336e-18
3921,7.025273585900658e-13,1.410294795778078e-17,8.384056404562693e-18
3922,6.944150691950578e-13,1.403313097642347e-17,8.289650034015942e-18
3923,6.900194456450348e-13,1.398125299734985e-17,8.257570866959299e-18
3924,6.911312837743976e-13,1.395186854365323e-17,8.254754262012108e-18
3925,7.021988062134133e-13,1.391970804722317e-17,8.25420845579122e-18
3926,6.925933744000044e-13,1.385180006664415e-17,8.179992749913644e-18
3927,6.950159793476585e-13,1.378820912649839e-17,8.114493611135269e-18
3928,6.932238542061489e-13,1.374313438351232e-17,8.101450177027526e-18
3929,6.925455463659126e-13,1.372854675779488e-17,8.142416943156227e-18
3930,6.920868632389246e-13,1.364208740575659e-17,8.04932413604399e-18
3931,6.975252768918096e-13,1.365186118115582e-17,8.083479112066225e-18
3932,6.887087129833102e-13,1.353573435023567e-17,7.952957442025574e-18
3933,7.104937948318856e-13,1.35500348645699e-17,8.019232426609963e-18
3934,6.918851648168379e-13,1.349379879738266e-17,7.959091625256299e-18
3935,6.847381998134737e-13,1.342385043070944e-17,7.887684988199587e-18
3936,6.85573866910453e-13,1.339577514703753e-17,7.885441319756275e-18
3937,7.042999058848819e-13,1.336078780829394e-17,7.869622386652096e-18
3938,6.883115319144303e-13,1.331687858465362e-17,7.828143242871409e-18
3939,6.863410315176501e-13,1.327537256086151e-17,7.801958360758873e-18
3940,6.846907438807875e-13,1.322226267996537e-17,7.769580165563208e-18
3941,6.817527396910184e-13,1.317500028590031e-17,7.706347516910607e-18
3942,6.826463414299695e-13,1.316242849821506e-17,7.766472362287197e-18
3943,7.015229612641999e-13,1.312732671999009e-17,7.725948747878578e-18
3944,7.130665228951129e-13,1.304699389509542e-17,7.648585001914554e-18
3945,6.989346102804206e-13,1.30342312362278e-17,7.668140698048012e-18
3946,6.87984967934851e-13,1.294131690524773e-17,7.552232401684858e-18
3947,6.896121816570965e-13,1.296061457508626e-17,7.641045652865366e-18
3948,6.964177394264413e-13,1.286925107889865e-17,7.536209278533466e-18
3949,6.884552183010245e-13,1.284084478092053e-17,7.532353955994218e-18
3950,6.833175073118673e-13,1.279534082188702e-17,7.493418476541888e-18
3951,6.905206768366557e-13,1.277186027361331e-17,7.494687916489593e-18
3952,6.83944490756492e-13,1.272024852478226e-17,7.421418685803587e-18
3953,6.830126665445503e-13,1.268788058127212e-17,7.3900499814126e-18
3954,6.816223763714527e-13,1.264745379865679e-17,7.39194616878064e-18
3955,6.804332194309826e-13,1.259677937765575e-17,7.344350976982278e-18
3956,6.784742528487888e-13,1.258729848496295e-17,7.376113957226264e-18
3957,6.770798258730569e-13,1.251076325160571e-17,7.296827825981415e-18
3958,6.763017040724903e-13,1.248458161452372e-17,7.255123790050408e-18
3959,6.791259973736614e-13,1.243256154006371e-17,7.248624537562032e-18
3960,6.791458923215969e-13,1.243300457243372e-17,7.284241444350093e-18
3961,6.796545937465034e-13,1.234891396946666e-17,7.191957460183623e-18
3962,6.795721375797166e-13,1.232685646834877e-17,7.173705446701531e-18
3963,6.78442284248089e-13,1.228165902925771e-17,7.140028563639111e-18
3964,7.190238235177081e-13,1.228869585435829e-17,7.176057922252131e-18
3965,6.882819115568793e-13,1.218577280563762e-17,7.085092665559707e-18
3966,6.813628389203514e-13,1.216346055169788e-17,7.079099425893669e-18
3967,6.788242893215092e-13,1.212665253760265e-17,7.030988846834013e-18
3968,6.767536634819407e-13,1.208893667260543e-17,7.027764821275979e-18
3969,6.709420375274238e-13,1.20419660878018e-17,6.96981026334079e-18
3970,6.725657188281202e-13,1.198901247738488e-17,6.927662204324857e-18
3971,7.091937321276113e-13,1.200839314095763e-17,7.015576675737559e-18
3972,6.882159236116913e-13,1.19253553280825e-17,6.91331999784877e-18
3973,6.773837304007917e-13,1.190543313027003e-17,6.901373922808081e-18
3974,6.737201038211453e-13,1.183167345653345e-17,6.828126599170736e-18
3975,6.757947710627861e-13,1.184045196473258e-17,6.867781694923311e-18
3976,6.760975088074069e-13,1.178283868718362e-17,6.829739176714822e-18
3977,6.738203775609383e-13,1.17523251335067e-17,6.781025099488773e-18
3978,6.746336420279103e-13,1.170149737274685e-17,6.758045023066667e-18
3979,6.723897290342301e-13,1.169815488001453e-17,6.755471144156551e-18
3980,7.021498429280356e-13,1.162443075286971e-17,6.730500285173011e-18
3981,6.829941923430489e-13,1.161706642716287e-17,6.719026195726297e-18
3982,6.908919960472823e-13,1.157416000761662e-17,6.705520563454452e-18
3983,6.879234859597636e-13,1.156410599809099e-17,6.717615781600001e-18
3984,6.741092739152329e-13,1.151853624493964e-17,6.653358480086594e-18
3985,6.707863295199017e-13,1.146596273582e-17,6.626485378773347e-18
3986,6.692681118279427e-13,1.14211908254185e-17,6.561911378460414e-18
3987,6.745444704431693e-13,1.1433942338158e-17,6.638955737733569e-18
3988,6.699994862128243e-13,1.13492170082488e-17,6.513920349757517e-18
3989,6.710463355950515e-13,1.13266146547338e-17,6.506627758343115e-18
3990,6.708358767707361e-13,1.129044929803838e-17,6.486306334081529e-18
3991,6.650191696833467e-13,1.125732426295889e-17,6.456167413944063e-18
3992,6.709750319289977e-13,1.124645500961706e-17,6.491488194096761e-18
3993,7.008445202887756e-13,1.12023649140724e-17,6.469118398760973e-18
3994,6.815747301306297e-13,1.115241912350194e-17,6.412706220236013e-18
3995,6.736986029765118e-13,1.113367004079544e-17,6.407103630421455e-18
3996,6.864891054368836e-13,1.107961138713761e-17,6.343150350966391e-18
3997,6.772347210412744e-13,1.105949052189341e-17,6.346813848522525e-18
3998,7.056355691939796e-13,1.10556469489768e-17,6.409370509047673e-18
3999,6.820832625259003e-13,1.10193887964014e-17,6.343092605986893e-18
4000,6.735139999928834e-13,1.096669630457754e-17,6.306841573416518e-18
4001,6.683720540642478e-13,1.092162844548873e-17,6.232133677724664e-18
4002,6.796765043234271e-13,1.089605238220517e-17,6.233950401576159e-18
4003,6.689348378891023e-13,1.085438654751295e-17,6.181809350650134e-18
4004,6.686679723425568e-13,1.083611965921554e-17,6.197518073722306e-18
4005,6.954842018240233e-13,1.082084887058203e-17,6.19693068876501e-18
4006,6.759290791450365e-13,1.076691796323148e-17,6.13781880905715e-18
4007,6.707031448828416e-13,1.073516659644408e-17,6.143198529134426e-18
4008,6.892708197235848e-13,1.069033620345096e-17,6.118640092023458e-18
4009,6.769612895582782e-13,1.068658462896256e-17,6.108250839496051e-18
4010,6.751795202782924e-13,1.067588630144995e-17,6.155179751995686e-18
4011,6.716576111802388e-13,1.061352033042874e-17,6.042025724128976e-18
4012,6.71027422809364e-13,1.060066832731136e-17,6.090509062543323e-18
4013,6.886293309306368e-13,1.058304568541376e-17,6.042799216360726e-18
4014,6.702036389209064e-13,1.050844280697166e-17,5.97840197351241e-18
4015,6.696204563644775e-13,1.051031044045057e-17,6.004064509901978e-18
4016,6.85158596642661e-13,1.046402195838626e-17,6.004285434772261e-18
4017,6.740932502638887e-13,1.040627722460155e-17,5.941032131050885e-18
4018,6.665785692003915e-13,1.033985165928288e-17,5.868089723630634e-18
4019,7.022394382983845e-13,1.038310345279753e-17,5.961517426937735e-18
4020,6.766946404814299e-13,1.035117546194284e-17,5.901195897128837e-18
4021,6.881318652493681e-13,1.033093816957171e-17,5.910662966852519e-18
4022,6.715434694126214e-13,1.028034004675698e-17,5.841858614553245e-18
4023,6.862006163314483e-13,1.029262664767266e-17,5.863120097225304e-18
4024,6.781188822742307e-13,1.023122797202255e-17,5.814163156697587e-18
4025,6.682206700509267e-13,1.018895674239288e-17,5.75410147581166e-18
4026,6.649769341062187e-13,1.018786207246329e-17,5.804488824382178e-18
4027,6.822310395427907e-13,1.016214959037697e-17,5.795961955151796e-18
4028,6.696605555310096e-13,1.009720807821849e-17,5.7302908542577e-18
4029,6.623796160885873e-13,1.007816496124262e-17,5.697557772894111e-18
4030,6.612485660172072e-13,1.005164110777903e-17,5.687910383723432e-18
4031,6.646291426995423e-13,9.983271312635111e-18,5.647666402784906e-18
4032,6.627643888885397e-13,9.990176431875314e-18,5.643199230029087e-18
4033,6.625046243982776e-13,9.949169525775914e-18,5.632241803816698e-18
4034,6.678900683551213e-13,9.934595406852572e-18,5.612400118903199e-18
4035,6.946968520652226e-13,9.963292647660616e-18,5.679454764094568e-18
4036,6.722106649118091e-13,9.902384334569223e-18,5.597429592749202e-18
4037,6.833987422181279e-13,9.875053335144991e-18,5.573752806107079e-18
4038,6.995147824461169e-13,9.869313749091102e-18,5.609222819088217e-18
4039,6.7671159847554e-13,9.801020634469916e-18,5.515239658026088e-18
4040,6.757938458058983e-13,9.769059770587466e-18,5.476825406633092e-18
4041,6.660000521691531e-13,9.725779075994189e-18,5.441732829106926e-18
4042,6.589573750644692e-13,9.701377166890045e-18,5.418051749332088e-18
4043,6.577794347544083e-13,9.652154521863688e-18,5.401574471048958e-18
4044,6.598741985174309e-13,9.673020684320525e-18,5.428715719670283e-18
4045,6.753906841455798e-13,9.641424004060972e-18,5.433447267498565e-18
4046,6.67620617124407e-13,9.640536395609185e-18,5.432870685519105e-18
4047,6.925264847858986e-13,9.614308762485585e-18,5.441898490444845e-18
4048,6.704688873620828e-13,9.582030317419134e-18,5.402786778248516e-18
4049,6.629371968936413e-13,9.509453213375119e-18,5.335891988289718e-18
4050,6.732053619131967e-13,9.491126681934934e-18,5.31995654747384e-18
4051,6.868760717128826e-13,9.472421031986881e-18,5.291372487698974e-18
4052,6.73485302528424e-13,9.43287410363115e-18,5.282623499674469e-18
4053,6.578381064063731e-13,9.394229415651834e-18,5.232606299810929e-18
4054,6.566973757771106e-13,9.41046345601798e-18,5.251336016954815e-18
4055,6.573219364193095e-13,9.375995263197741e-18,5.216209115219944e-18
4056,6.728833207355076e-13,9.389017082670832e-18,5.282833732192476e-18
4057,6.603837102918539e-13,9.319954489789577e-18,5.180694461648e-18
4058,6.542715226847466e-13,9.305327409156734e-18,5.192207061671434e-18
4059,6.674922560700006e-13,9.255004121612817e-18,5.13289194174771e-18
4060,6.566089356546656e-13,9.247724192269039e-18,5.142641417467745e-18
4061,6.595404388147077e-13,9.226112935723255e-18,5.135160790617234e-18
4062,6.703274438779944e-13,9.20987726504465e-18,5.122039547350279e-18
4063,6.59311622866158e-13,9.15309832120224e-18,5.102753238501911e-18
4064,6.557800007464572e-13,9.146823115120423e-18,5.083759935821054e-18
4065,6.555660055275077e-13,9.099364674172794e-18,5.042637250506342e-18
4066,6.83373782890509e-13,9.100772118769557e-18,5.039242440466168e-18
4067,6.659551618772042e-13,9.06408728224982e-18,5.020961145412031e-18
4068,6.68205528242954e-13,9.055047227617228e-18,5.044658720197748e-18
4069,6.731147003956131e-13,9.029558615619711e-18,5.001661362566063e-18
4070,6.620943109947179e-13,9.008749853495092e-18,5.010821394461033e-18
4071,6.542177210552439e-13,8.95586237302269e-18,4.961956671459056e-18
4072,6.513782234858187e-13,8.944335511263661e-18,4.917692737668654e-18
4073,6.704141374240555e-13,8.959499296827982e-18,4.987920525798437e-18
4074,6.564463448845526e-13,8.90578836712214e-18,4.924633668147906e-18
4075,6.577564357912042e-13,8.910763306522645e-18,4.954942445748492e-18
4076,6.609349636781893e-13,8.89885718634462e-18,4.95610663676642e-18
4077,6.984753397474675e-13,8.87314264205344e-18,4.934175742607853e-18
4078,6.677206689554597e-13,8.82672840867942e-18,4.868041699908194e-18
4079,6.604243544813113e-13,8.80212184866172e-18,4.85374938095697e-18
4080,6.563002421540713e-13,8.774221048643037e-18,4.823892133320032e-18
4081,6.572943227311499e-13,8.778732687933518e-18,4.875821784900761e-18
4082,6.560136670239832e-13,8.752807878451487e-18,4.841395624194827e-18
4083,6.669316240678088e-13,8.726122239326863e-18,4.820125258230851e-18
4084,6.591332021595359e-13,8.664514913429237e-18,4.788313481016534e-18
4085,6.835019481356064e-13,8.667423724917834e-18,4.803289229634192e-18
4086,7.038686499413747e-13,8.665888349344305e-18,4.801221178884722e-18
4087,6.722294345213761e-13,8.600188580087714e-18,4.740036005268022e-18
4088,6.65009225816191e-13,8.607951035042765e-18,4.760274600412287e-18
4089,6.579768059790321e-13,8.559805086095811e-18,4.695747491475602e-18
4090,6.572750177356064e-13,8.557274421158928e-18,4.710604204178177e-18
4091,6.549515861236706e-13,8.535211479699867e-18,4.726666596543642e-18
4092,6.533033717906906e-13,8.523411338522774e-18,4.682219446580993e-18
4093,6.638134673332167e-13,8.484926292838367e-18,4.676700053931267e-18
4094,6.605127860478541e-13,8.500798475443444e-18,4.703826483114727e-18
4095,6.531526105530084e-13,8.438881201751646e-18,4.612448190739704e-18
4096,6.649326559204606e-13,8.462658715506886e-18,4.675755922775885e-18
4097,6.564813410744811e-13,8.407563268142155e-18,4.582104777050751e-18
4098,6.622595900828361e-13,8.37384059580623e-18,4.597990113973271e-18
4099,6.546900657099156e-13,8.37664932413813e-18,4.578004850617757e-18
4100,6.590631278125885e-13,8.33401780772156e-18,4.551441469564166e-18
4101,6.553724159029441e-13,8.329633328517599e-18,4.548151936387796e-18
4102,6.596571636952153e-13,8.327828185352467e-18,4.586164465594295e-18
4103,6.557661640331534e-13,8.301027970006314e-18,4.535413419101177e-18
4104,6.548539887462174e-13,8.286320956187218e-18,4.553862464969691e-18
4105,6.833526199369655e-13,8.253722404071713e-18,4.518218019400144e-18
4106,6.796697429833849e-13,8.238498259975728e-18,4.509713649109391e-18
4107,6.602954216011889e-13,8.18854932374792e-18,4.462201118312515e-18
4108,6.554486704254889e-13,8.206476373763349e-18,4.489148410657261e-18
4109,6.523433153700726e-13,8.177546173343384e-18,4.457774916808848e-18
4110,6.856121928009739e-13,8.152838878633717e-18,4.465067784342082e-18
4111,6.630948988780094e-13,8.131616708193262e-18,4.441655761179743e-18
4112,6.688505361840709e-13,8.106720599123248e-18,4.458655600118814e-18
4113,6.550488636043602e-13,8.07096691332522e-18,4.373715093892086e-18
4114,6.544792958941068e-13,8.066948533524113e-18,4.371800334719251e-18
4115,6.530939819198233e-13,8.054721985902323e-18,4.385883387718537e-18
4116,6.481104001222727e-13,8.034252779868844e-18,4.354345827588477e-18
4117,6.502194751948451e-13,8.026083849738817e-18,4.390306880587807e-18
4118,6.502148423926279e-13,7.999448873585977e-18,4.329682924430348e-18
4119,6.932172704126335e-13,7.982601109916024e-18,4.362467333050684e-18
4120,6.681491550753604e-13,7.937256509116861e-18,4.30820208826528e-18
4121,6.569965466199661e-13,7.956200342465808e-18,4.33083860962072e-18
4122,6.813835811736478e-13,7.945561347536364e-18,4.315928968694882e-18
4123,6.64069278221121e-13,7.899876538927363e-18,4.296669527091057e-18
4124,6.709963611253251e-13,7.891117262714326e-18,4.308779302593831e-18
4125,6.539626094730488e-13,7.842402846748096e-18,4.224267533064547e-18
4126,6.475540853375846e-13,7.851360589715335e-18,4.218690905880435e-18
4127,6.496759658685171e-13,7.813503970058833e-18,4.230107818190576e-18
4128,6.470486777194004e-13,7.801157430403136e-18,4.212965893912993e-18
4129,6.752333744178812e-13,7.805780436012962e-18,4.226756209398155e-18
4130,6.560253548422062e-13,7.779100243689537e-18,4.208405622501631e-18
4131,6.489147269150132e-13,7.736296797919897e-18,4.154618800712175e-18
4132,6.702618741270826e-13,7.742024888612527e-18,4.206107049778754e-18
4133,6.550628201156085e-13,7.727618056648731e-18,4.154564498998892e-18
4134,6.465836710742463e-13,7.685753331807131e-18,4.108820537119007e-18
4135,6.68591772509241e-13,7.691815130045205e-18,4.147217851962382e-18
4136,6.580641233231172e-13,7.674673845644319e-18,4.169497183352621e-18
4137,6.4847824837352e-13,7.659808822730878e-18,4.101253699033921e-18
4138,6.464753270827025e-13,7.621851753143382e-18,4.060032217688555e-18
4139,6.427125528937055e-13,7.608516667978149e-18,4.066118826180013e-18
4140,6.632505623707406e-13,7.617108478106789e-18,4.099234753436399e-18
4141,6.489043376228221e-13,7.601217574318639e-18,4.068907034978044e-18
4142,6.437259509878013e-13,7.548292083302822e-18,4.013903107915502e-18
4143,6.770403690100679e-13,7.548212619118472e-18,4.060984389636314e-18
4144,6.569999045722582e-13,7.551351999013753e-18,4.045557292509041e-18
4145,6.461043751967635e-13,7.481628325422268e-18,3.968844864940948e-18
4146,6.617944211942796e-13,7.49293695643396e-18,3.981767687768546e-18
4147,6.547144301018093e-13,7.494344476200195e-18,4.028756964098026e-18
4148,6.420904035450188e-13,7.449228404747968e-18,3.950530700801081e-18
4149,6.435335706770567e-13,7.430980050564649e-18,3.943671946245477e-18
4150,6.393719383762608e-13,7.420603470044529e-18,3.953276519712087e-18
4151,6.4594292704645e-13,7.398791637161025e-18,3.940823555617486e-18
4152,6.462398235399297e-13,7.394506162919933e-18,3.946123750519598e-18
4153,6.429523400993454e-13,7.373390433956693e-18,3.907836957599174e-18
4154,6.404920363315206e-13,7.34408243152841e-18,3.900174408911348e-18
4155,6.440503822391634e-13,7.381554248032766e-18,3.954727190048527e-18
4156,6.455504837112452e-13,7.3302495419879e-18,3.887049146332576e-18
4157,6.403088699875328e-13,7.28576728318132e-18,3.808418654492494e-18
4158,6.427396273557313e-13,7.312852277175663e-18,3.894616411722022e-18
4159,6.421568113339389e-13,7.270286393049186e-18,3.828936234968726e-18
4160,6.396772730001396e-13,7.267211985932776e-18,3.825158741386094e-18
4161,6.882080344024582e-13,7.274944173886321e-18,3.868473283464077e-18
4162,6.634792216602841e-13,7.24721005704431e-18,3.882563581573339e-18
4163,6.809902614627228e-13,7.222745195908069e-18,3.842875384401095e-18
4164,6.590827039713927e-13,7.19919458226983e-18,3.825898769467717e-18
4165,6.502682099069064e-13,7.19250729438873e-18,3.77543352808421e-18
4166,6.486008174769633e-13,7.166483056468881e-18,3.79537015311026e-18
4167,6.41581862755382e-13,7.172974051455146e-18,3.777320304087044e-18
4168,6.648714365443516e-13,7.129423053292185e-18,3.739209068941112e-18
4169,6.503564155228485e-13,7.118693015236692e-18,3.784284883734804e-18
4170,6.464697094195217e-13,7.098963381283759e-18,3.752164095490347e-18
4171,6.447212305762462e-13,7.106888157345504e-18,3.77886163662466e-18
4172,6.647252833306382e-13,7.097776671716463e-18,3.751613470373299e-18
4173,6.524073405136504e-13,7.077639307299546e-18,3.77413955139865e-18
4174,6.559964823513503e-13,7.040995253140667e-18,3.706715365727901e-18
4175,6.556073673426731e-13,7.054378904680597e-18,3.745475233266732e-18
4176,6.465221061290442e-13,7.022546266470492e-18,3.695889273920135e-18
4177,6.410732436307516e-13,6.993469399580006e-18,3.671161496024957e-18
4178,6.416056735837641e-13,6.972552774088998e-18,3.659701745296196e-18
4179,6.412600972142501e-13,6.975958305712632e-18,3.665523321235344e-18
4180,6.359384248783478e-13,6.923078604503681e-18,3.590405039280529e-18
4181,6.366541252699413e-13,6.945070438106643e-18,3.634142685434845e-18
4182,6.693444348101297e-13,6.96214390171893e-18,3.666691926331533e-18
4183,6.515670231989396e-13,6.940639597401912e-18,3.663331364133839e-18
4184,6.42553543347709e-13,6.908811115154534e-18,3.580840620119705e-18
4185,6.608688000804011e-13,6.919624671792154e-18,3.667671377070601e-18
4186,6.455884590519404e-13,6.891421500697041e-18,3.592182624436162e-18
4187,6.490572904304875e-13,6.888625461790942e-18,3.637486388431839e-18
4188,6.402945241246569e-13,6.868499693601996e-18,3.589942054486995e-18
4189,6.390709676675761e-13,6.84532712661877e-18,3.59158290552292e-18
4190,6.383356980083092e-13,6.797727711154243e-18,3.516770891429879e-18
4191,6.398069244147888e-13,6.838068755861428e-18,3.590399231320563e-18
4192,6.653736313392413e-13,6.807805251950007e-18,3.566525901236915e-18
4193,6.529720527965831e-13,6.795959831106084e-18,3.555704021961634e-18
4194,6.577361668985067e-13,6.748920482383009e-18,3.519503797176536e-18
4195,6.931219156885918e-13,6.771691606762821e-18,3.537650840704658e-18
4196,6.623789650921689e-13,6.756247170638047e-18,3.539487269139859e-18
4197,6.488372497364935e-13,6.786693592755324e-18,3.552656202126351e-18
4198,6.455937569492623e-13,6.718294483712008e-18,3.48531176155724e-18
4199,6.574911438908538e-13,6.6958380684946e-18,3.473757302276006e-18
4200,6.801676653610671e-13,6.710055361983594e-18,3.513288378385539e-18
4201,6.697890274673985e-13,6.69980637952811e-18,3.505738382055158e-18
4202,6.526053853285967e-13,6.666013877863776e-18,3.480279940153872e-18
4203,6.434209326886951e-13,6.680937998399928e-18,3.450296821163563e-18
4204,6.398372745302754e-13,6.658971974826647e-18,3.438375451087163e-18
4205,6.350469910711285e-13,6.628380926801062e-18,3.400234170033255e-18
4206,6.394323622462222e-13,6.62824057252301e-18,3.424731135177987e-18
4207,6.524032854940313e-13,6.604976142065247e-18,3.416490091778757e-18
4208,6.713670852878162e-13,6.612686001076674e-18,3.446110750598737e-18
4209,6.513235530805765e-13,6.587940023154416e-18,3.41424179163352e-18
4210,6.5318657290111e-13,6.56684487848692e-18,3.395445680635503e-18
4211,6.45329946261427e-13,6.580925385110504e-18,3.433858126246838e-18
4212,6.560764309565669e-13,6.555530461978659e-18,3.419918342047035e-18
4213,6.747916520247529e-13,6.54508847479532e-18,3.406144178154207e-18
4214,6.522395072075948e-13,6.525002126995249e-18,3.371802143711315e-18
4215,6.421689546398027e-13,6.534979687947625e-18,3.367876623775795e-18
4216,6.529589160513138e-13,6.506220548695633e-18,3.36431697832645e-18
4217,6.417921175207972e-13,6.461096975379004e-18,3.341732729102987e-18
4218,6.366584338474518e-13,6.48097743760676e-18,3.34902547309307e-18
4219,6.350426949567192e-13,6.467898393989788e-18,3.315125191447856e-18
4220,6.372121656125878e-13,6.488789668184367e-18,3.350706307326146e-18
4221,6.363060490388223e-13,6.442973439271058e-18,3.298365837408994e-18
4222,6.262707054656157e-13,6.387818417619578e-18,3.208569757951499e-18
4223,6.366340749139622e-13,6.436881852301904e-18,3.31583702993692e-18
4224,6.336512568423909e-13,6.406297120489908e-18,3.267535186755542e-18
4225,6.364865264079702e-13,6.409971507417528e-18,3.288948611650454e-18
4226,6.665836062267914e-13,6.382248149421099e-18,3.278717342570435e-18
4227,6.656169234030636e-13,6.379162538329532e-18,3.268150929170432e-18
4228,6.808210436820795e-13,6.381198519027875e-18,3.320346163272606e-18
4229,6.536598513549898e-13,6.341514004629682e-18,3.249103835575116e-18
4230,6.417889753622953e-13,6.333619499013615e-18,3.235487999355246e-18
4231,6.389044585015096e-13,6.332525634848666e-18,3.2535661567382e-18
4232,6.321344170849906e-13,6.276308770914385e-18,3.145094037389732e-18
4233,6.358969195466523e-13,6.311392832624752e-18,3.233306291868517e-18
4234,6.355541185036509e-13,6.282423885370581e-18,3.19464928719053e-18
4235,6.35324801130057e-13,6.278371605996307e-18,3.177905166072769e-18
4236,6.359098174277113e-13,6.267275102551897e-18,3.218930475603164e-18
4237,6.341721299274462e-13,6.287206408292633e-18,3.202756515961905e-18
4238,6.549281804872405e-13,6.270507711336168e-18,3.233829336333327e-18
4239,6.467245924662559e-13,6.257436006569425e-18,3.218171363973978e-18
4240,6.419204859073066e-13,6.231810523753269e-18,3.188564976746208e-18
4241,6.495712984149599e-13,6.193230061893552e-18,3.133140954957435e-18
4242,6.441623871572357e-13,6.208348156273274e-18,3.179256777549866e-18
4243,6.356284111712599e-13,6.216352572640557e-18,3.136640684241124e-18
4244,6.348112655765585e-13,6.198254067722262e-18,3.162817730406021e-18
4245,6.306990651213258e-13,6.164838902455219e-18,3.141103153739397e-18
4246,6.290945425922579e-13,6.14423296012446e-18,3.107033859047647e-18
4247,6.693199045138391e-13,6.171798158300838e-18,3.141043782347749e-18
4248,6.466913390873977e-13,6.129864474427553e-18,3.111310983748869e-18
4249,6.37923027378597e-13,6.138961847854108e-18,3.096051043189268e-18
4250,6.574281197069054e-13,6.136391988047042e-18,3.139206695268371e-18
4251,6.57597576319683e-13,6.094064007751436e-18,3.083472303639319e-18
4252,6.424669829090944e-13,6.09210275600749e-18,3.08476974234899e-18
4253,6.415609712711212e-13,6.088865651827566e-18,3.095377283070013e-18
4254,6.352154764936605e-13,6.085930039390887e-18,3.084631142347664e-18
4255,6.318151774364087e-13,6.049208198590506e-18,3.036105929882199e-18
4256,6.371468504850094e-13,6.055646488408338e-18,3.060828391593951e-18
4257,6.28710182977241e-13,6.03520591134464e-18,3.035257227305055e-18
4258,6.637792565561993e-13,6.069774525904262e-18,3.096339895539386e-18
4259,6.443003086849192e-13,6.034114103872859e-18,3.048460968204883e-18
4260,6.401736649489306e-13,6.001430687772412e-18,3.02591371177894e-18
4261,6.591644780387684e-13,6.013262228212413e-18,3.056284089383418e-18
4262,6.557236189183535e-13,6.025965647259983e-18,3.119422485304413e-18
4263,6.848118224165155e-13,6.021788039382363e-18,3.062552993439125e-18
4264,6.530119347695416e-13,5.980741168944413e-18,3.017126971539464e-18
4265,6.411966643666323e-13,5.995216835507186e-18,3.046553788674871e-18
4266,6.345174898801449e-13,5.953068595152303e-18,2.969897707445315e-18
4267,6.506746810683405e-13,5.963359324317391e-18,3.033067957179659e-18
4268,6.703235839241576e-13,5.954248866156165e-18,2.988540179014616e-18
4269,6.456906022106774e-13,5.94939485042782e-18,2.983606904678903e-18
4270,6.301987954379221e-13,5.943541724395427e-18,2.955485501271669e-18
4271,6.290607465221949e-13,5.908679477218977e-18,2.918864132079376e-18
4272,6.411016245352148e-13,5.912472779068324e-18,2.945116905318583e-18
4273,6.352149284290093e-13,5.915198934007204e-18,2.956383559612989e-18
4274,6.235325212066929e-13,5.861585436745833e-18,2.852672139983989e-18
4275,6.259102940938537e-13,5.889962640479761e-18,2.903125941715935e-18
4276,6.286642039308605e-13,5.901785205567348e-18,2.927301390951089e-18
4277,6.296921691273117e-13,5.87514448278511e-18,2.947827015248162e-18
4278,6.216400102453274e-13,5.844927637284007e-18,2.862630154460935e-18
4279,6.238767304526927e-13,5.822833623347149e-18,2.860233449336702e-18
4280,6.43449200183243e-13,5.86204123625748e-18,2.943818798543247e-18
4281,6.320052921091468e-13,5.831310107940122e-18,2.880500956509403e-18
4282,6.365154339399379e-13,5.812556546494868e-18,2.884637090476152e-18
4283,6.354567496714839e-13,5.82200620500001e-18,2.932202382143378e-18
4284,6.609194832665199e-13,5.783689897275334e-18,2.878714246225689e-18
4285,6.581339666757354e-13,5.789384707544299e-18,2.862166784572446e-18
4286,6.707300727059877e-13,5.799369965619993e-18,2.907385682190472e-18
4287,6.664725144351132e-13,5.801899916359034e-18,2.906596430579812e-18
4288,6.483932676223625e-13,5.79173136989767e-18,2.89945173427991e-18
4289,6.530783638395632e-13,5.786227070498188e-18,2.893429430155391e-18
4290,6.334702780519553e-13,5.738673060288583e-18,2.816224262426478e-18
4291,6.427322676611285e-13,5.756979896217368e-18,2.831758737038434e-18
4292,6.324728654382292e-13,5.745353568983197e-18,2.844470489089569e-18
4293,6.265218880451164e-13,5.723536212810406e-18,2.807014505802822e-18
4294,6.654468910637284e-13,5.728084361321881e-18,2.843961477521154e-18
4295,6.415276552103397e-13,5.708129000384313e-18,2.809296554042754e-18
4296,6.288383569365975e-13,5.671376200281337e-18,2.738418482725655e-18
4297,6.309794709755758e-13,5.692788419979087e-18,2.852505842820075e-18
4298,6.477669928334458e-13,5.698306869748389e-18,2.847873058840261e-18
4299,6.338053143254357e-13,5.673512726611408e-18,2.789511581870191e-18
4300,6.30902757427498e-13,5.665564762882518e-18,2.780858655368603e-18
4301,6.309362061388603e-13,5.669728011642292e-18,2.792637742658179e-18
4302,6.603997818973417e-13,5.671554587182098e-18,2.77982848405004e-18
4303,6.58330697771624e-13,5.669500475741703e-18,2.828589265332398e-18
4304,6.42651526808798e-13,5.647855585304593e-18,2.766228326302981e-18
4305,6.422830868562963e-13,5.64789039849371e-18,2.760849862521848e-18
4306,6.384815227953646e-13,5.649261437231967e-18,2.77917547639353e-18
4307,6.554228724674677e-13,5.626401570423951e-18,2.761593618310282e-18
4308,6.377927512709755e-13,5.642107074686084e-18,2.803124305646148e-18
4309,6.614643434740766e-13,5.606949214918297e-18,2.768860607846303e-18
4310,6.485503737422473e-13,5.619735010185898e-18,2.763736065405917e-18
4311,6.460760092836232e-13,5.590557026064808e-18,2.718832481874678e-18
4312,6.457123045186587e-13,5.575957152016458e-18,2.748590110815329e-18
4313,6.345629260313059e-13,5.604016583923312e-18,2.752272825125539e-18
4314,6.390826755639074e-13,5.558092612749935e-18,2.728819951009668e-18
4315,6.571807085645859e-13,5.564972963001648e-18,2.736674575191642e-18
4316,6.54630971644963e-13,5.524776474585588e-18,2.715068591641534e-18
4317,6.368456951884014e-13,5.513716092769054e-18,2.699499049450669e-18
4318,6.28601912965295e-13,5.526685298331568e-18,2.662527067903733e-18
4319,6.60054798013354e-13,5.530754654782537e-18,2.725733040908874e-18
4320,6.412770701063449e-13,5.51657323127776e-18,2.693654973019861e-18
4321,6.512296269136104e-13,5.524206470871549e-18,2.707321206081938e-18
4322,6.401197648655809e-13,5.524114010989212e-18,2.683572752992561e-18
4323,6.622864017672983e-13,5.495978365786115e-18,2.653487513671654e-18
4324,6.37559880499019e-13,5.475273961615491e-18,2.633375556774243e-18
4325,6.29868865284201e-13,5.48622185884216e-18,2.665827989325354e-18
4326,6.269434628230317e-13,5.477509798204731e-18,2.664916608234614e-18
4327,6.532529182652924e-13,5.480874095923729e-18,2.650198353187813e-18
4328,6.321343046899474e-13,5.457398914117172e-18,2.610749114670749e-18
4329,6.233924608205264e-13,5.428062524737011e-18,2.555329050092531e-18
4330,6.261307359763726e-13,5.436815689908782e-18,2.6005866636534e-18
4331,6.461349552593425e-13,5.473170416742227e-18,2.693771685285909e-18
4332,6.393837189399652e-13,5.440564836735658e-18,2.626826073202119e-18
4333,6.8759872342496e-13,5.450319891280968e-18,2.69807409741548e-18
4334,6.532737559679872e-13,5.441089283467516e-18,2.663963285009334e-18
4335,6.420885993810105e-13,5.452338700331189e-18,2.655691715463669e-18
4336,6.344881711776701e-13,5.397435970568347e-18,2.580136749793471e-18
4337,6.299541215491023e-13,5.401962686047298e-18,2.555420615891673e-18
4338,6.300105576991506e-13,5.4174841459812e-18,2.602652687001062e-18
4339,6.318580040932108e-13,5.40794127074866e-18,2.631375635931966e-18
4340,6.313241539341431e-13,5.383768802819684e-18,2.554905683566887e-18
4341,6.74421199167408e-13,5.435668373705977e-18,2.659124924869165e-18
4342,6.453106934673469e-13,5.376988325365607e-18,2.576376259194423e-18
4343,6.375721352021036e-13,5.38743096070547e-18,2.605187971697149e-18
4344,6.277596831018949e-13,5.356738053102583e-18,2.550414378686018e-18
4345,6.249997160540865e-13,5.34563761413991e-18,2.52527403968841e-18
4346,6.24923129627387e-13,5.360142938099998e-18,2.545397191111557e-18
4347,6.250522033813848e-13,5.327693743103242e-18,2.540513530447736e-18
4348,6.402310397980073e-13,5.326159644717401e-18,2.541881319426889e-18
4349,6.654056512773764e-13,5.341386055695267e-18,2.580156214491849e-18
4350,6.466166006095527e-13,5.343320363375775e-18,2.579201763119421e-18
4351,6.299825613326087e-13,5.345235952842886e-18,2.58675491460478e-18
4352,6.265435786736902e-13,5.311822737659185e-18,2.539141155705341e-18
4353,6.404141310498527e-13,5.308546675016359e-18,2.548646102919464e-18
4354,6.316179326621688e-13,5.289727148144505e-18,2.521247872723622e-18
4355,6.305278188454761e-13,5.266101045629646e-18,2.453488091978572e-18
4356,6.583196499549882e-13,5.306130762858839e-18,2.570020231779673e-18
4357,6.583183584287407e-13,5.284546151576009e-18,2.559447349994668e-18
4358,6.731204254548993e-13,5.290370003168501e-18,2.554655156137004e-18
4359,6.431405917319216e-13,5.248460213418904e-18,2.495451479011158e-18
4360,6.311245666124052e-13,5.265796486661065e-18,2.500938798773853e-18
4361,6.46317276816655e-13,5.26934740152187e-18,2.555861318582108e-18
4362,6.636363697340844e-13,5.269922302947236e-18,2.496145950325515e-18
4363,6.426079615561209e-13,5.242578172178893e-18,2.491191905663477e-18
4364,6.530769936751899e-13,5.254411540701561e-18,2.522820755848035e-18
4365,6.71044336932225e-13,5.273858666851642e-18,2.556134789334824e-18
4366,6.39984998462602e-13,5.22317179476952e-18,2.48570667919049e-18
4367,6.534373198092689e-13,5.248536707807591e-18,2.54602374410879e-18
4368,6.354670722349788e-13,5.220628500071659e-18,2.487376762449494e-18
4369,6.305157524603736e-13,5.22473598196199e-18,2.462867490299494e-18
4370,6.277574382239721e-13,5.228660741052527e-18,2.455831137102892e-18
4371,6.513636380131832e-13,5.243080781023081e-18,2.540178507617151e-18
4372,6.420963740021868e-13,5.214567520529501e-18,2.507764170051567e-18
4373,6.392977997715277e-13,5.20240728640887e-18,2.48362226842152e-18
4374,6.444472297223567e-13,5.218926582918558e-18,2.513819270707327e-18
4375,6.314914400918799e-13,5.193765379052258e-18,2.448042551537756e-18
4376,6.555578665124043e-13,5.176746110345013e-18,2.414225329787572e-18
4377,6.427246033044002e-13,5.180717218471083e-18,2.483144637668937e-18
4378,6.428945443436953e-13,5.150896755481083e-18,2.415536673622908e-18
4379,6.565120085486843e-13,5.161250171840236e-18,2.461855533887002e-18
4380,6.365724982714365e-13,5.15360006269883e-18,2.419656181086291e-18
4381,6.654359558374814e-13,5.161870786580567e-18,2.440593989476133e-18
4382,6.423176278961039e-13,5.152097647224475e-18,2.481283653257898e-18
4383,6.460825626026614e-13,5.122101069634337e-18,2.41535939818708e-18
4384,6.264995114373848e-13,5.119697608135495e-18,2.366105733923239e-18
4385,6.424573251072298e-13,5.13982468201016e-18,2.439476069805517e-18
4386,6.296635947206972e-13,5.089531394154333e-18,2.382093616020134e-18
4387,6.3051709162983e-13,5.103749740111262e-18,2.386935770099256e-18
4388,6.297552990836282e-13,5.131885899182441e-18,2.422497864871999e-18
4389,6.22463476050036e-13,5.114021447294464e-18,2.391566402685338e-18
4390,6.215037571014976e-13,5.099903912951427e-18,2.396929829930774e-18
4391,6.204268881913793e-13,5.064273621387196e-18,2.328536695186616e-18
4392,6.264165170469103e-13,5.10050954303546e-18,2.425310750092085e-18
4393,6.713684577128225e-13,5.091779655415119e-18,2.411383977491205e-18
4394,6.735769506084419e-13,5.076975892113812e-18,2.410491589802055e-18
4395,6.614352584707149e-13,5.068493577036333e-18,2.430247378456107e-18
4396,6.482399999044457e-13,5.109309828498901e-18,2.478904729254557e-18
4397,6.313719002019801e-13,5.073234655322166e-18,2.392329196017352e-18
4398,6.719044107703281e-13,5.047763827685221e-18,2.379725989525652e-18
4399,6.434585185364551e-13,5.055563247342973e-18,2.378137111160197e-18
4400,6.439013857152329e-13,5.042796151055498e-18,2.344442744035251e-18
4401,6.336551759957417e-13,5.020614922582089e-18,2.334576110159539e-18
4402,6.51794827103447e-13,5.05855494567937e-18,2.417772353612861e-18
4403,6.381292850784349e-13,5.040964869070113e-18,2.389095997672753e-18
4404,6.280375040383316e-13,5.02914993470419e-18,2.368778585899522e-18
4405,6.539525706176951e-13,5.026391586626849e-18,2.341585079479589e-18
4406,6.368566511701087e-13,5.046297205388265e-18,2.38558881554673e-18
4407,6.249099745554726e-13,5.01812960528428e-18,2.366252913859856e-18
4408,6.597245964779088e-13,5.030670418850404e-18,2.38222392606242e-18
4409,6.423606242023883e-13,5.031190158232572e-18,2.38044821231843e-18
4410,6.331551929287e-13,5.010256685493086e-18,2.32603505548123e-18
4411,6.290768286945454e-13,5.010098151302526e-18,2.331991283647383e-18
4412,6.451642360434611e-13,5.024576711388904e-18,2.377799775210739e-18
4413,6.627903689629011e-13,5.022377377323024e-18,2.333511885601595e-18
4414,6.582301113238401e-13,4.99703033407751e-18,2.358462542902563e-18
4415,6.364512161544803e-13,4.980141421227715e-18,2.302135163892513e-18
4416,6.639842837189112e-13,4.997551465258812e-18,2.375758274623942e-18
4417,6.401647584031213e-13,4.980938645632497e-18,2.36213933972006e-18
4418,6.293241935188846e-13,4.969860940829086e-18,2.290978411275412e-18
4419,6.21479411216279e-13,4.961663476391838e-18,2.286960011925848e-18
4420,6.231408246308401e-13,4.965221380260097e-18,2.301286443781455e-18
4421,6.206244464919807e-13,4.957049014809663e-18,2.292916719147206e-18
4422,6.696752527132453e-13,4.968589934174214e-18,2.29480053429733e-18
4423,6.389145741241803e-13,4.93685129660251e-18,2.279609431309892e-18
4424,6.649787210463016e-13,4.972972223846128e-18,2.365937640669171e-18
4425,6.361788151115249e-13,4.932935660705844e-18,2.288085313155503e-18
4426,6.286783894413709e-13,4.949828928485816e-18,2.292748637530564e-18
4427,6.280757371270215e-13,4.936016340604039e-18,2.277959338950604e-18
4428,6.565698326438817e-13,4.939865555279651e-18,2.308847607025062e-18
4429,6.340380304065788e-13,4.911591592522938e-18,2.236282925035991e-18
4430,6.295460625780569e-13,4.92497853734339e-18,2.265495987097585e-18
4431,6.300924489859679e-13,4.930504439600797e-18,2.277926966288573e-18
4432,6.263630986373247e-13,4.924436777665753e-18,2.282944343802802e-18
4433,6.232907337529227e-13,4.929002306371397e-18,2.292163356518272e-18
4434,6.429681354666349e-13,4.886846336621426e-18,2.222716566660893e-18
4435,6.277511694753695e-13,4.89432316190686e-18,2.258660628481944e-18
4436,6.24009290248997e-13,4.871762537534219e-18,2.255210692387118e-18
4437,6.736871939596746e-13,4.899843107586864e-18,2.309262659113814e-18
4438,6.568474444594846e-13,4.884667495006848e-18,2.291958912640545e-18
4439,6.347295777545135e-13,4.85482204745811e-18,2.212273625078838e-18
4440,6.240132538159985e-13,4.848570536143382e-18,2.18487547285153e-18
4441,6.22702060647756e-13,4.878852990028605e-18,2.274658030050129e-18
4442,6.203235324699038e-13,4.871627013972023e-18,2.228412799846717e-18
4443,6.340199900856556e-13,4.876234744245126e-18,2.260753090543941e-18
4444,6.229000161051361e-13,4.868841597961514e-18,2.253163633816121e-18
4445,6.157633288155565e-13,4.846204262005998e-18,2.192043805020828e-18
4446,6.292489147691137e-13,4.87439428336635e-18,2.259297762474373e-18
4447,6.210467045121939e-13,4.835700367703984e-18,2.208742053609775e-18
4448,6.337201405740723e-13,4.865409296563664e-18,2.286377721644616e-18
4449,6.191963728748073e-13,4.842122073336207e-18,2.208919528983523e-18
4450,6.266720253466457e-13,4.839943655575739e-18,2.232196958212082e-18
4451,6.180571832831996e-13,4.810674462898252e-18,2.173552415394075e-18
4452,6.298662205854606e-13,4.832566255511253e-18,2.244855219199348e-18
4453,6.56924254289202e-13,4.841518023952722e-18,2.25989697167329e-18
4454,6.300394582449157e-13,4.809002425773017e-18,2.222161068729566e-18
4455,6.318447153411061e-13,4.816913639228294e-18,2.230440940286782e-18
4456,6.166479594169547e-13,4.776656771548671e-18,2.179266374769209e-18
4457,6.188985381195148e-13,4.794469799492066e-18,2.174577859140853e-18
4458,6.177358688387693e-13,4.789843888823572e-18,2.187133875983368e-18
4459,6.153823793516943e-13,4.809807075430113e-18,2.209989528836659e-18
4460,6.692949284275406e-13,4.815065961806345e-18,2.212910381989647e-18
4461,6.712755830950599e-13,4.81720988208388e-18,2.227424078434899e-18
4462,6.371141299480125e-13,4.785467987701484e-18,2.169425430710292e-18
4463,6.493655318848161e-13,4.80156567606108e-18,2.222290147269573e-18
4464,6.46758305694219e-13,4.787724150565309e-18,2.206826606309651e-18
4465,6.675592244161483e-13,4.791167209850361e-18,2.239004917828963e-18
4466,6.422514319143073e-13,4.782774227702315e-18,2.222088618295034e-18
4467,6.234816305182761e-13,4.762317235475218e-18,2.141000175693114e-18
4468,6.196513942846378e-13,4.754384095372148e-18,2.136074717954751e-18
4469,6.313261725733595e-13,4.783568745102953e-18,2.198516241323515e-18
4470,6.54295704095116e-13,4.776588727108437e-18,2.203134869323585e-18
4471,6.332804311152623e-13,4.775994265246663e-18,2.205450895248068e-18
4472,6.224099247789194e-13,4.751834470449361e-18,2.147526886364217e-18
4473,6.1869302421128e-13,4.75159960525127e-18,2.108706436324725e-18
4474,6.717367735449268e-13,4.784078744004529e-18,2.190144705343071e-18
4475,6.47705002039371e-13,4.784067434236961e-18,2.234511891287925e-18
4476,6.567399504191354e-13,4.786425990235125e-18,2.234738989327218e-18
4477,6.6786432240264e-13,4.776776472672009e-18,2.216609948314771e-18
4478,6.634318376335281e-13,4.78778358128983e-18,2.261936836120284e-18
4479,6.446607171395025e-13,4.783461896130392e-18,2.239567226519033e-18
4480,6.357707279176772e-13,4.777112661137052e-18,2.214761778955801e-18
4481,6.437876944897786e-13,4.765942897465708e-18,2.196512847337745e-18
4482,6.305048832453038e-13,4.763126861603848e-18,2.192018919019946e-18
4483,6.549831852543499e-13,4.74329446275603e-18,2.178198892553715e-18
4484,6.483673176361218e-13,4.75640146474836e-18,2.206017788924662e-18
4485,6.298985888188569e-13,4.747776270621052e-18,2.184350621694236e-18
4486,6.255043801546138e-13,4.736172752486668e-18,2.130061126856184e-18
4487,6.700926964272341e-13,4.739024563275678e-18,2.173086916523688e-18
4488,6.772321838568294e-13,4.750616136528383e-18,2.186086483827425e-18
4489,6.611164460673214e-13,4.733933069566311e-18,2.187353970010461e-18
4490,6.362127805478771e-13,4.715591968293015e-18,2.148784967380311e-18
4491,6.478560080998794e-13,4.745442862058311e-18,2.160350943857314e-18
4492,6.265388329013741e-13,4.687956139517797e-18,2.057786208427766e-18
4493,6.729824322703801e-13,4.744302395560879e-18,2.166498500972974e-18
4494,6.6737795257393e-13,4.717535578449876e-18,2.128656170569813e-18
4495,6.37762043614259e-13,4.695810337470946e-18,2.093667274832759e-18
4496,6.472122176083174e-13,4.708003505752615e-18,2.16268024282022e-18
4497,6.269445241106134e-13,4.700851467373332e-18,2.107115129385225e-18
4498,6.702398194155162e-13,4.700701690494654e-18,2.131462538584328e-18
4499,6.421023191349481e-13,4.70527568350873e-18,2.118791460796816e-18
4500,6.606849233373331e-13,4.709557276067803e-18,2.109839743245951e-18
4501,6.59207356727407e-13,4.701815024388444e-18,2.185607742703503e-18
4502,6.734921101734426e-13,4.704386008226575e-18,2.217570994528762e-18
4503,6.650627984608801e-13,4.707198658487642e-18,2.205964303122651e-18
4504,6.596651432633047e-13,4.693401062408501e-18,2.163416027889706e-18
4505,6.885000372846388e-13,4.695750835342188e-18,2.223416513029569e-18
4506,6.533094333040059e-13,4.702586567960161e-18,2.182618459140561e-18
4507,6.381444211136012e-13,4.670319696602663e-18,2.151627001768859e-18
4508,6.332611224133558e-13,4.682431318032563e-18,2.161322537961415e-18
4509,6.300899053675471e-13,4.650315781584019e-18,2.096696826312202e-18
4510,6.413711057303694e-13,4.678094040474374e-18,2.14276851868175e-18
4511,6.321723241454955e-13,4.649676641357987e-18,2.147536374224942e-18
4512,6.264864802948568e-13,4.631117869657985e-18,2.079963113641783e-18
4513,6.713397456766283e-13,4.64584244082407e-18,2.144344829472978e-18
4514,6.598093996620225e-13,4.658071157463844e-18,2.138169123158297e-18
4515,6.354145248721688e-13,4.616675323732079e-18,2.05773389135509e-18
4516,6.336432857385994e-13,4.669565189556993e-18,2.154687094410331e-18
4517,6.562460152539303e-13,4.648788439368392e-18,2.104634972267465e-18
4518,6.272921900759987e-13,4.619765350440313e-18,2.022002261157192e-18
4519,6.215897098823662e-13,4.619738428110669e-18,2.030950877168373e-18
4520,6.181101468403061e-13,4.614335390572359e-18,2.051830637605022e-18
4521,6.67804431213871e-13,4.599401376844026e-18,2.06537396553831e-18
4522,6.377189912241636e-13,4.617349916321676e-18,2.056482871714272e-18
4523,6.400833233523841e-13,4.605721119509359e-18,2.086780885913261e-18
4524,6.270089182511637e-13,4.616326564922005e-18,2.052044485832103e-18
4525,6.206891107323724e-13,4.612406941935032e-18,2.059456042581099e-18
4526,6.530713060528877e-13,4.621492559353563e-18,2.065717425996966e-18
4527,6.528643696285503e-13,4.647719844865394e-18,2.123664184219682e-18
4528,6.310608398085205e-13,4.615018022813951e-18,2.06388738999443e-18
4529,6.559018100610609e-13,4.613364852749373e-18,2.050300552642864e-18
4530,6.315792031514179e-13,4.601973848672672e-18,2.061370521515226e-18
4531,6.387739385174473e-13,4.615914340998847e-18,2.043175744861548e-18
4532,6.258898688002027e-13,4.593751976252195e-18,2.039485866224907e-18
4533,6.179069485932655e-13,4.59076463147101e-18,2.014281963845487e-18
4534,6.174151280596548e-13,4.589277438051675e-18,2.018814503343662e-18
4535,6.175648769059497e-13,4.597092004404509e-18,2.050036045034625e-18
4536,6.222717653019131e-13,4.591195084514914e-18,2.06214763589925e-18
4537,6.155370376594379e-13,4.56704096334534e-18,1.996777059097491e-18
4538,6.19941862419231e-13,4.591818895936655e-18,2.039685968502349e-18
4539,6.380944516566833e-13,4.600606757143908e-18,2.075099585984235e-18
4540,6.21743666566262e-13,4.558189843986204e-18,2.001927617590641e-18
4541,6.220585030302903e-13,4.57399713213569e-18,2.03449226169334e-18
4542,6.485174443520051e-13,4.565222832009971e-18,2.023199701382887e-18
4543,6.351814607217412e-13,4.583990683393951e-18,2.040272879576804e-18
4544,6.299307944271178e-13,4.615392446418556e-18,2.082139969106241e-18
4545,6.436018366025618e-13,4.582631903140868e-18,2.057915854247394e-18
4546,6.280480869933429e-13,4.578543178936616e-18,2.029154129835273e-18
4547,6.250739466896717e-13,4.575915024733993e-18,2.044102889942041e-18
4548,6.21910171723122e-13,4.57447379427792e-18,2.052153821257512e-18
4549,6.183327022427417e-13,4.550062188627607e-18,2.002516084432135e-18
4550,6.315431165162791e-13,4.575222907982907e-18,2.028891163854729e-18
4551,6.216590969844557e-13,4.545136395902447e-18,2.016209081603866e-18
4552,6.511863859341876e-13,4.565622712258572e-18,2.055063215019148e-18
4553,6.301587368668449e-13,4.556449302805262e-18,2.054444449698405e-18
4554,6.17502299793025e-13,4.520875473953051e-18,1.974763154785684e-18
4555,6.152715883516422e-13,4.546066604985769e-18,1.996930313958684e-18
4556,6.329551507024679e-13,4.536491850065592e-18,2.034343110405001e-18
4557,6.197934650647641e-13,4.548735972725086e-18,2.012032932050499e-18
4558,6.377999077652159e-13,4.54046931966132e-18,2.016851039076079e-18
4559,6.580186120985969e-13,4.551497473868679e-18,2.03516463281427e-18
4560,6.324526606622042e-13,4.531382074854972e-18,2.010097093395532e-18
4561,6.398316348309077e-13,4.515978959206828e-18,2.008466142978286e-18
4562,6.601441449157758e-13,4.549618709913569e-18,2.034165692466496e-18
4563,6.377376986953649e-13,4.547120974134074e-18,2.069888355256005e-18
4564,6.180590976411465e-13,4.510224505705893e-18,1.951299818459166e-18
4565,6.089780634959591e-13,4.49556350695641e-18,1.926563524123455e-18
4566,6.281080446914779e-13,4.533127305598774e-18,1.99290708374219e-18
4567,6.138504596539195e-13,4.497992556035271e-18,1.92252658060015e-18
4568,6.052194523780768e-13,4.507314083639557e-18,1.918349266541497e-18
4569,6.042655891359582e-13,4.489285069271104e-18,1.898124614233619e-18
4570,6.106269762483691e-13,4.515224338113612e-18,1.985746385268546e-18
4571,6.672774885447835e-13,4.538921122425828e-18,2.035714170264218e-18
4572,6.345531381200859e-13,4.533999157865435e-18,2.027714410142951e-18
4573,6.224153350906458e-13,4.508847978954086e-18,1.991117002147763e-18
4574,6.132760131006031e-13,4.508021839637681e-18,1.952005951657009e-18
4575,6.180560024482127e-13,4.520597387547365e-18,2.01959121671627e-18
4576,6.191950376001242e-13,4.489610113962278e-18,1.990351010137091e-18
4577,6.131618449058593e-13,4.498561126974535e-18,1.96944492992902e-18
4578,6.266564384794768e-13,4.505896053098544e-18,2.013180004742564e-18
4579,6.237130001406278e-13,4.478702321989841e-18,2.004083173394833e-18
4580,6.524967177278578e-13,4.499353365393223e-18,2.01863855075965e-18
4581,6.279072281754698e-13,4.488339070821626e-18,1.960125890489849e-18
4582,6.308793812041487e-13,4.438263600401453e-18,1.879699376324528e-18
4583,6.200919515253246e-13,4.493050526223894e-18,1.974526695283858e-18
4584,6.378976755585068e-13,4.518111809573705e-18,2.043453944510338e-18
4585,6.206364529450235e-13,4.486096716989407e-18,1.966548766581672e-18
4586,6.216195934989092e-13,4.484145555047761e-18,1.991334312332414e-18
4587,6.160014595294338e-13,4.475825090834332e-18,1.941002961336187e-18
4588,6.171836043894539e-13,4.474699024791546e-18,1.96045660775883e-18
4589,6.150421349626699e-13,4.504594512569458e-18,1.994851614021755e-18
4590,6.299749408491522e-13,4.504284874372891e-18,1.983751422042143e-18
4591,6.537557726153921e-13,4.496002342917324e-18,1.965484084491063e-18
4592,6.260394540538817e-13,4.460629982921439e-18,1.900050303565501e-18
4593,6.135063822805863e-13,4.450693140104776e-18,1.895288208462139e-18
4594,6.361148616412541e-13,4.497130103291303e-18,1.993423248082676e-18
4595,6.185258873030018e-13,4.468434474596195e-18,1.94760982332463e-18
4596,6.247482805298945e-13,4.478284582219332e-18,1.951624573716983e-18
4597,6.524744203717411e-13,4.479664167718021e-18,1.980817788863708e-18
4598,6.345469481642095e-13,4.492674518866474e-18,1.982671259468788e-18
4599,6.347977267631314e-13,4.457680882776698e-18,1.917164841064254e-18
4600,6.192240685566431e-13,4.445483381691158e-18,1.902880707397879e-18
4601,6.496374702259285e-13,4.490361999319503e-18,1.988052977319816e-18
4602,6.254938181538759e-13,4.473969020642485e-18,1.953306495551901e-18
4603,6.376873630866992e-13,4.472141968483524e-18,1.985206225882127e-18
4604,6.191029707663789e-13,4.444760715881981e-18,1.883728751998786e-18
4605,6.145771680365169e-13,4.455508432776693e-18,1.951217037894689e-18
4606,6.11128220822891e-13,4.458103885621347e-18,1.921232480592203e-18
4607,6.138645014820294e-13,4.464304193345363e-18,1.952465869948027e-18
4608,6.052708850817915e-13,4.426253999267668e-18,1.887691688857842e-18
4609,6.119556490028779e-13,4.473023940369104e-18,1.96998131009432e-18
4610,6.142402726985602e-13,4.437451424729438e-18,1.910898509698121e-18
4611,6.120307347879866e-13,4.432173392893094e-18,1.935263686223541e-18
4612,6.093234176281708e-13,4.429910153549125e-18,1.915479782304736e-18
4613,6.133575840684679e-13,4.450076085538111e-18,1.943983866980627e-18
4614,6.143120620689683e-13,4.438128272255178e-18,1.903424075738917e-18
4615,6.086699175609602e-13,4.453258462362535e-18,1.936726167624473e-18
4616,6.308639792606892e-13,4.441577112827353e-18,1.950364952673509e-18
4617,6.16981939245746e-13,4.428266014020061e-18,1.914592854336555e-18
4618,6.540340876230973e-13,4.442634862491073e-18,1.962409383965774e-18
4619,6.748316155420351e-13,4.446152948465211e-18,1.954348859772972e-18
4620,6.36186213898925e-13,4.414591766929978e-18,1.938928195180125e-18
4621,6.258383010497459e-13,4.433591637528157e-18,1.941675336112967e-18
4622,6.353941648068681e-13,4.4163074225369e-18,1.92537481221768e-18
4623,6.126196027728373e-13,4.422560472322444e-18,1.913927454023206e-18
4624,6.064294682376134e-13,4.390984659842883e-18,1.864508939986599e-18
4625,6.024252471863857e-13,4.388470889749544e-18,1.858545995757484e-18
4626,6.029339702229784e-13,4.401119452889852e-18,1.885761803347116e-18
4627,6.061133654870754e-13,4.387885411560345e-18,1.891678049243807e-18
4628,6.381414009483689e-13,4.418132064779174e-18,1.932247540421485e-18
4629,6.376951200109017e-13,4.417793236631377e-18,1.927415179422903e-18
4630,6.541993064188069e-13,4.428449948217977e-18,1.922376744193769e-18
4631,6.452565259811376e-13,4.427484332901846e-18,1.948163395471372e-18
4632,6.244397612890521e-13,4.419869847478063e-18,1.952332130166146e-18
4633,6.105686653550557e-13,4.40105969209749e-18,1.898897082580477e-18
4634,6.339670939083006e-13,4.434884353423341e-18,1.935794630695584e-18
4635,6.309043114385797e-13,4.406695726697659e-18,1.911897250907145e-18
4636,6.196921066644149e-13,4.418275319242623e-18,1.927101542870994e-18
4637,6.332177824501101e-13,4.399283053094963e-18,1.923527643455243e-18
4638,6.165409400023266e-13,4.384377851482672e-18,1.899382549274208e-18
4639,6.098440195277145e-13,4.385505247287906e-18,1.882265688384255e-18
4640,6.040201023301e-13,4.366279208014769e-18,1.862545677299676e-18
4641,6.05780669796079e-13,4.403440776910892e-18,1.915446157142924e-18
4642,6.003138172841109e-13,4.344443282460634e-18,1.807730017788288e-18
4643,6.220871039556354e-13,4.38532995054896e-18,1.920198805770867e-18
4644,6.495818701942431e-13,4.367595237279561e-18,1.899943372112241e-18
4645,6.252509701768567e-13,4.369970026629734e-18,1.883564367070891e-18
4646,6.286480161127117e-13,4.40476240430678e-18,1.933065902871219e-18
4647,6.218533816468916e-13,4.372199890627961e-18,1.903667124953502e-18
4648,6.066018905983176e-13,4.371559095047833e-18,1.844519745265939e-18
4649,6.457920040037368e-13,4.365213300669379e-18,1.929256325995124e-18
4650,6.247284423084451e-13,4.355929939325267e-18,1.917710136876261e-18
4651,6.322778937577791e-13,4.372928559504771e-18,1.870372328417464e-18
4652,6.180841497581707e-13,4.377234141225109e-18,1.913176384519844e-18
4653,6.106396655059162e-13,4.353875283491036e-18,1.842063377006641e-18
4654,6.409536902625898e-13,4.364174825766175e-18,1.883641026396403e-18
4655,6.158082336278029e-13,4.349263269114105e-18,1.854795068335459e-18
4656,6.028367276900624e-13,4.352371872853486e-18,1.834337701462001e-18
4657,6.037187185061223e-13,4.354835811744685e-18,1.88210355025889e-18
4658,6.029456827472066e-13,4.352849931569797e-18,1.854638684438578e-18
4659,6.005918277140705e-13,4.342544629177977e-18,1.848783998890147e-18
4660,6.188871416920598e-13,4.369710620934392e-18,1.90409230589846e-18
4661,6.069068682618015e-13,4.356470387873093e-18,1.880004800436949e-18
4662,6.423373557349154e-13,4.325977261887323e-18,1.854092044098471e-18
4663,6.261057858386617e-13,4.358146484965586e-18,1.898644762985528e-18
4664,6.114178643561261e-13,4.345981793975963e-18,1.893769438579404e-18
4665,6.038850049205153e-13,4.332725288344562e-18,1.851198388499348e-18
4666,5.987653432820984e-13,4.332562941311802e-18,1.805609541414012e-18
4667,6.379378971110224e-13,4.356107831000342e-18,1.897126774626337e-18
4668,6.176687213148442e-13,4.334039981775939e-18,1.860455249255479e-18
4669,6.099165869153567e-13,4.325333514688421e-18,1.850661934514076e-18
4670,6.041676920196064e-13,4.303612644634331e-18,1.841205336363953e-18
4671,6.086270921843069e-13,4.353203070111916e-18,1.882907841693607e-18
4672,6.102297634858365e-13,4.369057352705903e-18,1.910982788642113e-18
4673,6.300005832243015e-13,4.359488979320567e-18,1.911529077964168e-18
4674,6.153684319136091e-13,4.331097200498176e-18,1.863694001567887e-18
4675,6.159756000043458e-13,4.36432869594222e-18,1.908001580240898e-18
4676,6.36184658274798e-13,4.34156391068343e-18,1.891517955151072e-18
4677,6.1428135167597e-13,4.321955295314359e-18,1.818959788421398e-18
4678,6.050591302660235e-13,4.292336448383658e-18,1.780767669337924e-18
4679,6.061463064434476e-13,4.318474570255751e-18,1.861872152967087e-18
4680,6.239087680586153e-13,4.354255738607998e-18,1.884479625911082e-18
4681,6.476049239670015e-13,4.345923660750642e-18,1.88482693002618e-18
4682,6.24672850555537e-13,4.370127071947416e-18,1.910909026216895e-18
4683,6.093053685213233e-13,4.339854394162383e-18,1.827567620574034e-18
4684,6.04426381435113e-13,4.312521729399071e-18,1.788556408085334e-18
4685,6.263667474723707e-13,4.367918985448366e-18,1.924040614351393e-18
4686,6.103201403153727e-13,4.352993532848025e-18,1.845570802064521e-18
4687,6.069950448189434e-13,4.346605619893182e-18,1.840669793689426e-18
4688,6.072968575731091e-13,4.342947900068537e-18,1.856812452265148e-18
4689,6.088592268623136e-13,4.328625538137819e-18,1.838823782390127e-18
4690,6.060608529596287e-13,4.350800724870043e-18,1.868851762554797e-18
4691,6.021108428000354e-13,4.340117569742286e-18,1.85273548859876e-18
4692,6.432954206439132e-13,4.32556381948367e-18,1.826046794585007e-18
4693,6.142315996669217e-13,4.333942599850421e-18,1.849019466764899e-18
4694,6.056460858567853e-13,4.362987092054246e-18,1.904173370479164e-18
4695,6.010448012909343e-13,4.309242109326504e-18,1.805102419341249e-18
4696,6.083758047522379e-13,4.339216518125479e-18,1.859396659188659e-18
4697,6.229858114580425e-13,4.375523841407536e-18,1.89300558635251e-18
4698,6.08171581530496e-13,4.31883668087597e-18,1.823591038009462e-18
4699,6.174618406466227e-13,4.348667338518237e-18,1.902607792657244e-18
4700,6.076463001920179e-13,4.312130490670454e-18,1.822339932789176e-18
4701,6.037315886030395e-13,4.324241782850511e-18,1.859677708913082e-18
4702,6.584282906546856e-13,4.321093961518557e-18,1.866324521291751e-18
4703,6.275568177036605e-13,4.343027703977296e-18,1.871405988811294e-18
4704,6.203985367433426e-13,4.329062432554806e-18,1.852113271029217e-18
4705,6.066929839664467e-13,4.311718588087043e-18,1.81664374542341e-18
4706,6.004084248326801e-13,4.301626332452366e-18,1.794953605658063e-18
4707,6.171577055256527e-13,4.323303803067779e-18,1.856298407587882e-18
4708,6.022290254804944e-13,4.303898459038846e-18,1.7889876374663e-18
4709,6.017475200080708e-13,4.330152036317429e-18,1.830238331288379e-18
4710,6.391150102972828e-13,4.358345213733061e-18,1.903882773901031e-18
4711,6.188203029018848e-13,4.316736279410715e-18,1.847899666339178e-18
4712,6.323503872166826e-13,4.324176045425434e-18,1.830247983080835e-18
4713,6.198604748660605e-13,4.343407200716773e-18,1.892093813813048e-18
4714,6.102641423383023e-13,4.327418987488435e-18,1.841225118756213e-18
4715,6.019344143641647e-13,4.293744019682147e-18,1.768124298185758e-18
4716,6.0198017198699e-13,4.325332900172771e-18,1.789495341409659e-18
4717,6.01931744548789e-13,4.311835136511401e-18,1.784836619351916e-18
4718,6.036074893510084e-13,4.295734965777045e-18,1.76282540339329e-18
4719,6.013352999335255e-13,4.291893467791498e-18,1.779034230621938e-18
4720,6.196412298588219e-13,4.327495940049012e-18,1.816240742921773e-18
4721,6.120914552299954e-13,4.335915610040062e-18,1.880122745949482e-18
4722,6.355092141089699e-13,4.311825258577194e-18,1.815199345236758e-18
4723,6.185434672364639e-13,4.312540249070322e-18,1.846455449163437e-18
4724,6.04820780883078e-13,4.287408768632147e-18,1.793391658438826e-18
4725,6.570414203506038e-13,4.314628460535904e-18,1.851603865866672e-18
4726,6.247392790369213e-13,4.312003726246397e-18,1.851912728737021e-18
4727,6.301714946137986e-13,4.33360645734453e-18,1.882963517444607e-18
4728,6.220262611897723e-13,4.292097077163968e-18,1.823654327826612e-18
4729,6.038755255098445e-13,4.275710854935524e-18,1.763399817080133e-18
4730,5.994672821178384e-13,4.287677005390607e-18,1.775179384329122e-18
4731,5.995890130110458e-13,4.321586279801014e-18,1.850941744930127e-18
4732,6.233666043781986e-13,4.317510584585063e-18,1.840113269806497e-18
4733,6.08877224651087e-13,4.325949248801179e-18,1.843615769778207e-18
4734,6.043612790876291e-13,4.30000182140087e-18,1.839675280004897e-18
4735,6.008215627831739e-13,4.294211397254535e-18,1.805630960333646e-18
4736,5.985779433550697e-13,4.303830496869811e-18,1.799482381196892e-18
4737,6.122670804042707e-13,4.286649870044306e-18,1.768249715744647e-18
4738,6.067738109152871e-13,4.300834643921255e-18,1.84210037677074e-18
4739,5.98032161736851e-13,4.28573850768275e-18,1.797194671723718e-18
4740,5.942153681219809e-13,4.260550400422203e-18,1.757847958862316e-18
4741,5.984440697275864e-13,4.285332317944815e-18,1.784802957320644e-18
4742,5.958788176626491e-13,4.312088960021629e-18,1.807952200059375e-18
4743,6.036482581954625e-13,4.280784336515093e-18,1.824474521898229e-18
4744,6.027279808796099e-13,4.285994512444038e-18,1.796750964872093e-18
4745,6.018642463022326e-13,4.285556309545623e-18,1.78957651278728e-18
4746,5.978619932321607e-13,4.299793521791694e-18,1.806167968595255e-18
4747,5.98454431569399e-13,4.297123601377745e-18,1.834449521983334e-18
4748,6.343701669854997e-13,4.308432412392764e-18,1.847475977210207e-18
4749,6.151562402133921e-13,4.297036287458495e-18,1.822938369477233e-18
4750,6.089981524988506e-13,4.286017934124916e-18,1.825905538438835e-18
4751,6.199741876133305e-13,4.261229754580484e-18,1.764830269250937e-18
4752,6.429944150414926e-13,4.324325685271708e-18,1.860558793084162e-18
4753,6.188487805850206e-13,4.298787389949691e-18,1.842714275801749e-18
4754,6.181366156043984e-13,4.303506161756799e-18,1.820262102530898e-18
4755,6.223558577225522e-13,4.280030616750399e-18,1.825825510364153e-18
4756,6.139610874742979e-13,4.284081698214312e-18,1.829302362580024e-18
4757,6.038134876678445e-13,4.26794003987653e-18,1.78749169368988e-18
4758,6.150138250798806e-13,4.309200028095884e-18,1.846762398784282e-18
4759,6.382671844910419e-13,4.285350988795596e-18,1.827859863003724e-18
4760,6.11726766082895e-13,4.287560844661325e-18,1.818901859369408e-18
4761,6.150792869778211e-13,4.281602979311988e-18,1.812959340878515e-18
4762,6.017442541007904e-13,4.261889636068733e-18,1.77685623447647e-18
4763,6.376789586900998e-13,4.281756735323798e-18,1.825959373541511e-18
4764,6.162336401933914e-13,4.273920141846976e-18,1.82327676971602e-18
4765,6.001046807286869e-13,4.256881282771104e-18,1.769280219615625e-18
4766,5.986278576346839e-13,4.271096335023224e-18,1.804134590408732e-18
4767,5.988205287016124e-13,4.24611318151866e-18,1.778305601584612e-18
4768,5.956883925257926e-13,4.273271325360759e-18,1.759859984998875e-18
4769,6.351266543253945e-13,4.306460717604045e-18,1.877995310529707e-18
4770,6.080422999389919e-13,4.270311955464402e-18,1.785056559147984e-18
4771,6.173595798659053e-13,4.284926293603066e-18,1.811966285565623e-18
4772,6.064523857431857e-13,4.280095961985337e-18,1.81090841705677e-18
4773,5.97458115026314e-13,4.24168325609373e-18,1.744563544795683e-18
4774,5.972771914126041e-13,4.264454476308025e-18,1.765521178307984e-18
4775,6.380013869333538e-13,4.293024511107026e-18,1.8433253775856e-18
4776,6.156960129130507e-13,4.278356933771302e-18,1.78766696430271e-18
4777,6.105181368805564e-13,4.295174983926503e-18,1.824319223240523e-18
4778,6.267548341502185e-13,4.30395278647325e-18,1.837170981631366e-18
4779,6.20129585285905e-13,4.297447419737632e-18,1.865484733757916e-18
4780,6.129954315504071e-13,4.272746598783642e-18,1.816995080575397e-18
4781,6.373850373133288e-13,4.297436707816555e-18,1.832069173269459e-18
4782,6.106790490461422e-13,4.275395378073326e-18,1.77651394236777e-18
4783,6.038020771191632e-13,4.293501499683562e-18,1.802430216490535e-18
4784,6.018144765973665e-13,4.270091118208079e-18,1.770849570077369e-18
4785,6.264450455002279e-13,4.297702918587324e-18,1.87763072418661e-18
4786,6.493296138605919e-13,4.287324693399185e-18,1.851714345184684e-18
4787,6.20238712617848e-13,4.278049101023424e-18,1.811217353558629e-18
4788,6.067356279188493e-13,4.274080173194535e-18,1.767399047369414e-18
4789,6.02974310502217e-13,4.282898946180778e-18,1.7827929166632e-18
4790,6.219374633030105e-13,4.295844130775866e-18,1.857842563642749e-18
4791,6.086020172127251e-13,4.2847028880629e-18,1.804806830084746e-18
4792,6.099542329442707e-13,4.295703129764907e-18,1.81576280603055e-18
4793,6.007589806736232e-13,4.279353555389671e-18,1.785002943728815e-18
4794,6.144390313640757e-13,4.2720224123398e-18,1.80985524435052e-18
4795,6.086039707701004e-13,4.30504818431243e-18,1.836166974442418e-18
4796,6.008074610308067e-13,4.265009628270946e-18,1.802338512400333e-18
4797,6.105289767975567e-13,4.282024444329753e-18,1.76849606209496e-18
4798,6.005204200759482e-13,4.284175103472191e-18,1.790751353715825e-18
4799,6.000483589843535e-13,4.260266193098274e-18,1.783589317422068e-18
4800,6.143089327865095e-13,4.259238741974661e-18,1.800867711478108e-18
4801,6.494424375303492e-13,4.28523782985157e-18,1.871821030993489e-18
4802,6.193761012736735e-13,4.269202919280445e-18,1.793435800466236e-18
4803,6.27639133861756e-13,4.263317046725965e-18,1.800539528261301e-18
4804,6.083760333995313e-13,4.264926314200243e-18,1.772485862250576e-18
4805,6.380734043225399e-13,4.27518524539378e-18,1.810236446372463e-18
4806,6.400369396079057e-13,4.31546218800516e-18,1.856223386577995e-18
4807,6.155910132536513e-13,4.284747720631036e-18,1.787256500389726e-18
4808,6.028953339475177e-13,4.247961608466186e-18,1.751179103269337e-18
4809,6.145837146398307e-13,4.2871977101374e-18,1.770486967080685e-18
4810,6.08123099551598e-13,4.273824017315304e-18,1.835932866471565e-18
4811,6.069826680934029e-13,4.29572863794047e-18,1.817184140787962e-18
4812,6.223535450556925e-13,4.286277748417797e-18,1.854283582196998e-18
4813,6.392448245049605e-13,4.295729522997156e-18,1.825974476447571e-18
4814,6.119789164745511e-13,4.269258667774906e-18,1.800322429386893e-18
4815,6.027796806027175e-13,4.282400964623557e-18,1.811448383276056e-18
4816,6.504157814304365e-13,4.267193503005275e-18,1.777539385734916e-18
4817,6.191099840787195e-13,4.269814579313255e-18,1.790277958988848e-18
4818,6.078348824991702e-13,4.253764833872796e-18,1.771601828356315e-18
4819,6.195839200381264e-13,4.27542129834026e-18,1.780867171365287e-18
4820,6.103315055268468e-13,4.266817158973397e-18,1.780881976686303e-18
4821,5.99803864316657e-13,4.268476592981682e-18,1.806690227154255e-18
4822,5.943102940629217e-13,4.243404497883144e-18,1.711311113498229e-18
4823,5.943795354077872e-13,4.279099279460832e-18,1.793950193027379e-18
4824,6.189589383604721e-13,4.281225995914265e-18,1.794694499765671e-18
4825,6.073982927757408e-13,4.302300647893728e-18,1.806516436210658e-18
4826,6.002357612864483e-13,4.27856022448794e-18,1.756351188950645e-18
4827,6.104870648015936e-13,4.268598174687401e-18,1.805331729991724e-18
4828,5.997214301548481e-13,4.284684095215625e-18,1.796540967539664e-18
4829,6.002421532489411e-13,4.259191386873578e-18,1.78693334101163e-18
4830,6.336338282077814e-13,4.269057348723841e-18,1.788184989428272e-18
4831,6.092707827286113e-13,4.259379651911994e-18,1.765744136760401e-18
4832,6.186762546351366e-13,4.253198315118352e-18,1.764313452990349e-18
4833,6.287578928668897e-13,4.281864964962777e-18,1.835874807404722e-18
4834,6.469535543205616e-13,4.283763113420688e-18,1.8025993119341e-18
4835,6.176656187981876e-13,4.290606139816467e-18,1.807373099838116e-18
4836,6.048708519500022e-13,4.271027708582112e-18,1.780645048976163e-18
4837,6.264616756609409e-13,4.27934002650436e-18,1.810864740447617e-18
4838,6.072131281318761e-13,4.260813999084554e-18,1.768897607126457e-18
4839,6.000735073659679e-13,4.254717622493392e-18,1.762843516473891e-18
4840,5.92385741170291e-13,4.245664788224304e-18,1.716114843911508e-18
4841,5.931512644059302e-13,4.265230053607154e-18,1.768421946386184e-18
4842,5.939191044962207e-13,4.263160452228604e-18,1.746740457267087e-18
4843,6.236033986548559e-13,4.274490223865752e-18,1.782905330057777e-18
4844,6.083204192940112e-13,4.278075605863125e-18,1.802477789141941e-18
4845,6.170632805505786e-13,4.260091804412799e-18,1.75969636619663e-18
4846,6.038224801954413e-13,4.258657221460874e-18,1.770993836262001e-18
4847,5.952042082338948e-13,4.247126800479786e-18,1.728606459176594e-18
4848,5.951717544160483e-13,4.25544147629643e-18,1.763939430775484e-18
4849,6.130784686929396e-13,4.26605595922882e-18,1.792899803856127e-18
4850,6.399089588573933e-13,4.255023070974818e-18,1.811137417020456e-18
4851,6.161980351042906e-13,4.244591702318026e-18,1.771621500028646e-18
4852,6.042149338588175e-13,4.252398028218878e-18,1.742152779541798e-18
4853,6.215283689649408e-13,4.27514165713774e-18,1.779420643278524e-18
4854,6.06858147348762e-13,4.235523969349695e-18,1.75271202153107e-18
4855,6.189870063040934e-13,4.251733066586262e-18,1.780787977750034e-18
4856,6.017910206291261e-13,4.249432528049973e-18,1.76057579801971e-18
4857,6.000121753249152e-13,4.26663003585742e-18,1.781315638337093e-18
4858,5.968865078098407e-13,4.249464108106576e-18,1.762979201248369e-18
4859,5.940252009420463e-13,4.265715891880722e-18,1.754574240850679e-18
4860,6.069896229890564e-13,4.274715603350711e-18,1.798468447072125e-18
4861,6.000378660295834e-13,4.281939246243246e-18,1.789938102628848e-18
4862,5.932130604448683e-13,4.250373648149649e-18,1.737472239712045e-18
4863,6.273447735112639e-13,4.257726123683745e-18,1.748846506220606e-18
4864,6.270932210219262e-13,4.270194428473509e-18,1.810616027741887e-18
4865,6.452181047657655e-13,4.247469565159252e-18,1.789522106913943e-18
4866,6.225399888262775e-13,4.269077831488265e-18,1.806574611439954e-18
4867,6.24005151605318e-13,4.223324788603366e-18,1.759336402895291e-18
4868,6.068083401233986e-13,4.288222020660191e-18,1.789557825137977e-18
4869,6.020629408189997e-13,4.259240160265724e-18,1.779768551650973e-18
4870,6.032009967816139e-13,4.284406075394361e-18,1.786144197341277e-18
4871,5.978709039698071e-13,4.262943386210977e-18,1.769444106223237e-18
4872,6.251042141271949e-13,4.263570474114552e-18,1.800335131692104e-18
4873,6.220247967382485e-13,4.254590049408187e-18,1.768733963782489e-18
4874,6.094533024532496e-13,4.243026812208496e-18,1.776714549691126e-18
4875,6.07566840299939e-13,4.241915410198547e-18,1.730855304167816e-18
4876,6.408607031948792e-13,4.251989738243477e-18,1.824509916480478e-18
4877,6.361500295979674e-13,4.25668101477924e-18,1.815830901809133e-18
4878,6.109218955233934e-13,4.252374313553665e-18,1.797980255081234e-18
4879,6.032239202273078e-13,4.258464363166877e-18,1.770757166041402e-18
4880,5.919745122080544e-13,4.231120156445456e-18,1.734286238993902e-18
4881,5.900781534421288e-13,4.234171102285148e-18,1.735188689579212e-18
4882,5.923453550883103e-13,4.261291677696438e-18,1.781779301691213e-18
4883,6.423539351768837e-13,4.243009645161933e-18,1.762335984056352e-18
4884,6.514338076534838e-13,4.267327013652969e-18,1.824970234300991e-18
4885,6.188535637420167e-13,4.25326163863797e-18,1.799729354695999e-18
4886,5.985890079364535e-13,4.243583936900484e-18,1.749966426678801e-18
4887,5.938345198320652e-13,4.251614715584551e-18,1.747119539514557e-18
4888,6.135590055963884e-13,4.258704369009061e-18,1.787407751572361e-18
4889,6.061055196202714e-13,4.250898459658819e-18,1.761628502769219e-18
4890,5.996655461387638e-13,4.265818120014277e-18,1.795276378476824e-18
4891,6.321275299051639e-13,4.240802468902167e-18,1.761511094699628e-18
4892,6.09028140575537e-13,4.25865281191069e-18,1.774733130418491e-18
4893,5.995932483501733e-13,4.242783795241668e-18,1.731579435138719e-18
4894,6.201543016878033e-13,4.228857882418531e-18,1.742239328479582e-18
4895,6.064473258573157e-13,4.248354053759139e-18,1.783024571968929e-18
4896,5.976597652246456e-13,4.265517523246169e-18,1.760297802241553e-18
4897,5.93713003517518e-13,4.239169778256364e-18,1.705850284502657e-18
4898,5.966164670197372e-13,4.270162479971897e-18,1.749485270983405e-18
4899,5.962973258273141e-13,4.25540394265621e-18,1.740912111880464e-18
4900,5.959574039953353e-13,4.234626483492065e-18,1.717768002084158e-18
4901,6.165969507326268e-13,4.264552435239233e-18,1.798601227176172e-18
4902,6.37319133390405e-13,4.274973647531381e-18,1.813406031113332e-18
4903,6.333855057422569e-13,4.24770897718671e-18,1.789601947467265e-18
4904,6.153463283795365e-13,4.250484560127352e-18,1.777444408495407e-18
4905,6.039410809973555e-13,4.240447235274071e-18,1.769338175942101e-18
4906,6.386347667571292e-13,4.272189312853854e-18,1.814012289389506e-18
4907,6.114010957246342e-13,4.240707936896264e-18,1.740788765875434e-18
4908,6.230849670077833e-13,4.272470555667168e-18,1.764096681461781e-18
4909,6.004933390767833e-13,4.249578807510034e-18,1.705120035706893e-18
4910,5.909783978172279e-13,4.229619926448636e-18,1.68647845789388e-18
4911,6.070609622891938e-13,4.264293704931287e-18,1.785120605315181e-18
4912,5.96782282759532e-13,4.221765141478242e-18,1.687060184523511e-18
4913,5.982841077072354e-13,4.274167063600588e-18,1.758914642672393e-18
4914,6.324766368494029e-13,4.24879091000123e-18,1.731671662604917e-18
4915,6.107522181947546e-13,4.26885999069221e-18,1.800874249822533e-18
4916,5.959078474410265e-13,4.259087167412212e-18,1.744632793194875e-18
4917,5.940253513453726e-13,4.268441975231036e-18,1.751033457483313e-18
4918,6.251581299367248e-13,4.250325966524617e-18,1.72966686614633e-18
4919,6.132762129815367e-13,4.281756662036168e-18,1.830083318931415e-18
4920,6.166831032172887e-13,4.25154586326032e-18,1.754980672529468e-18
4921,5.99532517401119e-13,4.269680695369313e-18,1.773661095905654e-18
4922,5.981128388400824e-13,4.277445317302122e-18,1.777979431343115e-18
4923,5.951851370767493e-13,4.259320279316781e-18,1.754946381618133e-18
4924,5.92814942694567e-13,4.278123683544099e-18,1.784427800328628e-18
4925,6.309762954635622e-13,4.231010352718998e-18,1.716671285270465e-18
4926,6.316331100831303e-13,4.260280029666909e-18,1.768784733710551e-18
4927,6.118891482297851e-13,4.250555869792697e-18,1.76644155537388e-18
4928,5.965498202446605e-13,4.24163539009265e-18,1.700662886631029e-18
4929,6.317091307412694e-13,4.271585447671037e-18,1.78552312834008e-18
4930,6.068188176678355e-13,4.243650295140266e-18,1.740977805941649e-18
4931,5.946905516678998e-13,4.263242628618455e-18,1.723391913631994e-18
4932,5.924388009590449e-13,4.254250665740072e-18,1.738944593600328e-18
4933,5.899224262916139e-13,4.245889792692163e-18,1.750895554580796e-18
4934,6.068727499909961e-13,4.212704857865888e-18,1.683881560039185e-18
4935,5.998968521524568e-13,4.244943569403701e-18,1.766109494937721e-18
4936,5.985333740053871e-13,4.2104061587835e-18,1.689770802462969e-18
4937,5.901552961859604e-13,4.196295690240153e-18,1.697342960441667e-18
4938,6.042136258677757e-13,4.255901687582882e-18,1.776140432166846e-18
4939,5.913906135722102e-13,4.219302175467328e-18,1.705949860600936e-18
4940,6.287642001739793e-13,4.236313168835529e-18,1.748036835239711e-18
4941,6.052708052415395e-13,4.215789611629679e-18,1.727405965906739e-18
4942,6.170457309112747e-13,4.216743231548808e-18,1.744300133757297e-18
4943,6.139518662878487e-13,4.226351736594821e-18,1.77953843905248e-18
4944,5.957192396748062e-13,4.205403612248985e-18,1.739955950770159e-18
4945,6.171209432398163e-13,4.226891831628666e-18,1.752153489475308e-18
4946,5.993839660268332e-13,4.232498696802635e-18,1.750454635916179e-18
4947,6.084373744365914e-13,4.238389834846912e-18,1.740344237757553e-18
4948,5.91893708795747e-13,4.225189801161193e-18,1.719593024279866e-18
4949,5.906348730170971e-13,4.243005219083523e-18,1.760062495154024e-18
4950,6.17023984664136e-13,4.238319426902502e-18,1.738307944899381e-18
4951,6.02264935323903e-13,4.238399288968755e-18,1.778772921834423e-18
4952,5.936943329790436e-13,4.231120034270027e-18,1.767215526766839e-18
4953,5.904363015659771e-13,4.234169675614948e-18,1.716834681887895e-18
4954,5.866707582145431e-13,4.251783619653955e-18,1.741049192660889e-18
4955,5.896122711110324e-13,4.246016181513223e-18,1.725510881692411e-18
4956,6.234691051602337e-13,4.246944900855071e-18,1.745302970962602e-18
4957,6.019421513333613e-13,4.223146055012044e-18,1.733533428154345e-18
4958,6.5058296330517e-13,4.240000074795105e-18,1.737185851356236e-18
4959,6.151476311637648e-13,4.248455171022351e-18,1.765529368292268e-18
4960,6.00745454749243e-13,4.232812848475546e-18,1.730325365283433e-18
4961,5.917176786419146e-13,4.226011328564061e-18,1.690593674840553e-18
4962,5.895212382182315e-13,4.241473070170851e-18,1.699888089974957e-18
4963,6.110119394555759e-13,4.244426645163168e-18,1.729429921382553e-18
4964,5.947996552829909e-13,4.238030759020336e-18,1.727157243447145e-18
4965,5.890791761441166e-13,4.228045628130433e-18,1.723992427855566e-18
4966,5.79483323953046e-13,4.174627094100043e-18,1.600649244443976e-18
4967,5.852365435310412e-13,4.232266214705913e-18,1.721911229210528e-18
4968,5.854763957601497e-13,4.219920847912941e-18,1.721395400219448e-18
4969,6.264232506386432e-13,4.257992255450382e-18,1.772765607753379e-18
4970,5.973263813640788e-13,4.209914513318108e-18,1.662801164559785e-18
4971,6.099640344010835e-13,4.212064048092328e-18,1.697631909270944e-18
4972,6.140078561031757e-13,4.224112057444192e-18,1.698247660824116e-18
4973,6.177008232215149e-13,4.242458729013441e-18,1.766914930854997e-18
4974,6.054176425205448e-13,4.199645678765007e-18,1.716555069900645e-18
4975,5.91742651433058e-13,4.201771902744142e-18,1.697933326062122e-18
4976,6.050180495062304e-13,4.221160928703228e-18,1.751269748141569e-18
4977,5.948228252246626e-13,4.233083672469078e-18,1.708028779358878e-18
4978,5.838904578146432e-13,4.214445842716176e-18,1.680154584435349e-18
4979,5.791638231150941e-13,4.215081923190092e-18,1.686307657634065e-18
4980,6.19411515236556e-13,4.244843571364947e-18,1.729024026544587e-18
4981,6.009480235751411e-13,4.227125381930719e-18,1.733750987361326e-18
4982,5.923992667343223e-13,4.227595913600593e-18,1.714059199681902e-18
4983,5.861252494752157e-13,4.2183297948268e-18,1.696032982356625e-18
4984,5.8984025416442e-13,4.250272951388086e-18,1.73538026380081e-18
4985,5.874987909284817e-13,4.252537355995045e-18,1.743983380869234e-18
4986,6.076557495804537e-13,4.228574162701262e-18,1.729794752304511e-18
4987,5.897086174770697e-13,4.187635749159969e-18,1.646046098483019e-18
4988,5.92824284182929e-13,4.232712702172614e-18,1.716623395993754e-18
4989,6.003285498467124e-13,4.246160830217706e-18,1.722186504940023e-18
4990,5.9335947389203e-13,4.213300170192361e-18,1.730300750622746e-18
4991,5.88666061314324e-13,4.204493330818622e-18,1.687865015619648e-18
4992,6.005604663564408e-13,4.239030711527612e-18,1.729808297323327e-18
4993,5.924087093931632e-13,4.254654371215e-18,1.741760001262947e-18
4994,5.988245545214128e-13,4.238488559557399e-18,1.723612687061794e-18
4995,5.887975356267892e-13,4.254429264117779e-18,1.753847699387115e-18
4996,5.950865114898353e-13,4.259961156425663e-18,1.760138433947132e-18
4997,6.079968184798099e-13,4.262685299931814e-18,1.77342809195359e-18
4998,5.982683958770249e-13,4.239516714624239e-18,1.739954678033882e-18
4999,5.953328211924021e-13,4.250787585810828e-18,1.760495562661361e-18
5000,5.908134901777262e-13,4.224696857917652e-18,1.719065033852633e-18
