iter,continuity,x-velocity,y-velocity
1,1.0,0.0003709804297499356,4.734660801050587e-05
2,0.6187131984281962,0.0002130269717038418,2.186179266428051e-05
3,0.4705788253170985,0.0001622886970364771,1.186005208552958e-05
4,0.3657982306991905,0.0001429562195765461,7.467760400361629e-06
5,0.281579907186239,0.000133509965107038,5.746055065601511e-06
6,0.2100008132393922,0.0001277336126859863,4.829887323342328e-06
7,0.1456530798636467,0.0001220708867591403,4.223433396169648e-06
8,0.08892844006836728,0.000115736887684482,3.715935196763438e-06
9,0.04445258968955475,0.0001082714368778222,3.28040293575938e-06
10,0.04973948500719829,9.936541156319347e-05,2.933536171154764e-06
11,0.08391660043102359,8.889946129580867e-05,2.653285824024119e-06
12,0.1150987563248231,7.729312868573867e-05,2.40133258510376e-06
13,0.1377683574478341,6.591186875529123e-05,2.126002542895411e-06
14,0.1505363105299664,5.607786767121058e-05,1.856861104316854e-06
15,0.158425897895443,4.671001753076892e-05,1.675908895258621e-06
16,0.1638319976285016,3.668274865497648e-05,1.56227854564439e-06
17,0.1591259816045773,2.803953516409168e-05,1.439680592252861e-06
18,0.1403271956125908,2.262148322602769e-05,1.341882636325432e-06
19,0.1165282910926101,1.970181009170825e-05,1.273623907590491e-06
20,0.08712824295228347,2.033014586647746e-05,1.192729864615824e-06
21,0.05780935068103292,1.967232868707323e-05,1.084751199800152e-06
22,0.03389632771583813,1.857341086868012e-05,9.87474259306463e-07
23,0.02002973585199571,1.638734628426065e-05,8.980043691079246e-07
24,0.02423782253236787,1.498367397094049e-05,8.379858605089731e-07
25,0.02782010640978338,1.496105636000865e-05,7.768376998378961e-07
26,0.0285203522412196,1.511578763560999e-05,7.247928576598039e-07
27,0.02701888600025759,1.525249519918712e-05,6.83279475054656e-07
28,0.02405463903602083,1.536336802390475e-05,6.503485063878998e-07
29,0.02016419065612424,1.528994302762989e-05,6.200260960333162e-07
30,0.01615440895140361,1.512777352339415e-05,5.949540606541582e-07
31,0.01253287727789796,1.482084786763242e-05,5.7239468348435e-07
32,0.009670818331429238,1.45065780054158e-05,5.513374245757093e-07
33,0.007505604523127159,1.417523735056645e-05,5.320682379568104e-07
34,0.007553888960744865,1.381667223871891e-05,5.176885292850992e-07
35,0.008825617397034921,1.332499036514788e-05,5.059837112442394e-07
36,0.009667032008751068,1.286695621124548e-05,4.940598778124152e-07
37,0.01013399559323037,1.243162588591636e-05,4.827184336466398e-07
38,0.01013557181187203,1.205059943375243e-05,4.708489611115279e-07
39,0.00984886349897227,1.16788933673159e-05,4.599886802468655e-07
40,0.009441938455945976,1.136313471819279e-05,4.492406777681147e-07
41,0.008837388941726067,1.109348400152504e-05,4.382602473350745e-07
42,0.008335739307643893,1.083939045296334e-05,4.275967671648987e-07
43,0.008002733417571928,1.060411791125389e-05,4.172787114694841e-07
44,0.007752240198390774,1.038010940909771e-05,4.072436713949894e-07
45,0.007446116418563044,1.016719058172638e-05,3.97462603180881e-07
46,0.007212310662601598,9.962951835981763e-06,3.881711707786823e-07
47,0.007036450231280358,9.764020378842523e-06,3.794855816172715e-07
48,0.006830560420509699,9.571339983836133e-06,3.712787301683527e-07
49,0.006571549245820252,9.38747887456869e-06,3.630880985517033e-07
50,0.00634774659491113,9.211121878588282e-06,3.551649685199357e-07
51,0.006204133004968224,9.03909212978022e-06,3.476807489359726e-07
52,0.00603682115758573,8.873676199975643e-06,3.403886686208352e-07
53,0.005788739604488296,8.714936365844464e-06,3.331886028729991e-07
54,0.005630263825188896,8.561544044579432e-06,3.261739332908435e-07
55,0.005511058135776774,8.412321525318177e-06,3.195552058652473e-07
56,0.0053855168359994,8.267706172839084e-06,3.132120905538295e-07
57,0.005249792927111635,8.12758767390658e-06,3.070971337858966e-07
58,0.005133973052483762,7.991961486872738e-06,3.011115305507674e-07
59,0.005035302745999809,7.860286464809974e-06,2.952294175599601e-07
60,0.005000175172910276,7.731365692044327e-06,2.896598072701815e-07
61,0.004948464339404473,7.605910280605927e-06,2.842974632966119e-07
62,0.00485846050664285,7.483887942230203e-06,2.790697215197409e-07
63,0.004803201167196357,7.364948409662058e-06,2.739696396891804e-07
64,0.004778703697601871,7.24901924878849e-06,2.690590107056098e-07
65,0.004740559158941981,7.136183668676937e-06,2.64274089866409e-07
66,0.004700604539096254,7.025954279482249e-06,2.597083118023327e-07
67,0.004655109969919801,6.917956450293175e-06,2.553518296288168e-07
68,0.004608877897418234,6.812747201265185e-06,2.509473814719725e-07
69,0.004586388127757331,6.709698123323677e-06,2.468340840955712e-07
70,0.004561797972828413,6.608893397338362e-06,2.428168799363485e-07
71,0.004540909201276682,6.51034747752511e-06,2.388539156690367e-07
72,0.004494219825498741,6.41420829177466e-06,2.349371852585982e-07
73,0.004437854093714723,6.320159180155119e-06,2.311285761268296e-07
74,0.004375831491103121,6.228229470574438e-06,2.274029416635558e-07
75,0.00432629670964786,6.138299622236273e-06,2.237523806852022e-07
76,0.004271592198718946,6.050386224246552e-06,2.201498837542827e-07
77,0.004212675416178294,5.964358875108806e-06,2.166666209339982e-07
78,0.004148296345360358,5.88018307831568e-06,2.132451143042628e-07
79,0.004087348793473737,5.797817729827806e-06,2.099031678284706e-07
80,0.004028441143507334,5.717167747616212e-06,2.066539133045047e-07
81,0.003979527218939915,5.638160336484795e-06,2.035861935388442e-07
82,0.003932688026470383,5.560714567266383e-06,2.005478683214895e-07
83,0.003881662712258535,5.484830201473503e-06,1.975445632986387e-07
84,0.003840232088968988,5.410404244720892e-06,1.947027407406588e-07
85,0.003791039865831047,5.337373620669071e-06,1.918629389365294e-07
86,0.003732052939558095,5.265715054839552e-06,1.890469036930736e-07
87,0.003661123502149662,5.195399594471021e-06,1.861930899867336e-07
88,0.003590286972704867,5.126452210630884e-06,1.833968459911157e-07
89,0.003530444695872815,5.058842220835728e-06,1.806563473233602e-07
90,0.003481606690335407,4.992498296518027e-06,1.779967419106437e-07
91,0.003436833700948655,4.927362984011338e-06,1.7541008612131e-07
92,0.003395431396375876,4.863377137733905e-06,1.728912471981469e-07
93,0.003358419490106626,4.800569785554256e-06,1.70481805979082e-07
94,0.003323004582414012,4.738836034026064e-06,1.681163853582413e-07
95,0.003294814194532972,4.6781984638146e-06,1.658415691438477e-07
96,0.003260749471701989,4.618521049903843e-06,1.635930014265858e-07
97,0.003233358822822215,4.559856047379449e-06,1.613955986651367e-07
98,0.003209397321582891,4.502166876280083e-06,1.592339236109967e-07
99,0.003185852075785302,4.445474073312198e-06,1.571191618158135e-07
100,0.00316468834417904,4.389750990273367e-06,1.550743154513805e-07
101,0.003144049822767264,4.334871766404065e-06,1.53017954062669e-07
102,0.003132214276363503,4.281000328786834e-06,1.510973169081711e-07
103,0.003109438540141882,4.227952655420606e-06,1.491903594514602e-07
104,0.003086409267166607,4.175699475932459e-06,1.47256726183087e-07
105,0.00307229833526517,4.12444111703506e-06,1.454625932209536e-07
106,0.003053083659856926,4.073971984852228e-06,1.436931846939019e-07
107,0.003030144093514174,4.024278039263627e-06,1.419576379651201e-07
108,0.003005528793450091,3.975332464421306e-06,1.40254443805014e-07
109,0.002975647806254694,3.927089727003681e-06,1.385608403399317e-07
110,0.002944356154044737,3.879448396180406e-06,1.368494755404662e-07
111,0.002916701218532665,3.832566582860912e-06,1.351843819225082e-07
112,0.002885921768362057,3.786303533684465e-06,1.33544588086307e-07
113,0.002858953765772839,3.740751185205763e-06,1.319601595965769e-07
114,0.002837742133115443,3.696033451448967e-06,1.304710193346196e-07
115,0.002816965465292044,3.652012683766336e-06,1.290214265660867e-07
116,0.002786207788859359,3.608452715266712e-06,1.275060117356783e-07
117,0.00276407283058499,3.565716944014395e-06,1.26130246852156e-07
118,0.002736467524796457,3.523480637760641e-06,1.247105230767098e-07
119,0.002708296100121338,3.481835967611397e-06,1.233160626767499e-07
120,0.00267539220133888,3.440630598690084e-06,1.218856799803425e-07
121,0.002653817542050517,3.400241650449293e-06,1.205874809993468e-07
122,0.00263068971052666,3.360377725565442e-06,1.193040270547038e-07
123,0.002600851159903968,3.320918383749688e-06,1.179971383736883e-07
124,0.002575958326022334,3.282144960471339e-06,1.167586231230554e-07
125,0.002547620045734262,3.24384576892519e-06,1.155220612992197e-07
126,0.002515850457533887,3.205918129707877e-06,1.142817339134436e-07
127,0.002481274809530506,3.168325205603918e-06,1.130034746811361e-07
128,0.002453009064136231,3.131379736157679e-06,1.117982248284096e-07
129,0.00243078132838524,3.095077948406513e-06,1.106783514784216e-07
130,0.002409578400277153,3.059225559768923e-06,1.095650692926198e-07
131,0.002388063668435888,3.023836479045868e-06,1.084691719254841e-07
132,0.002362058435385736,2.988820455491406e-06,1.073624495197115e-07
133,0.002338176824439026,2.954300910858254e-06,1.062946563336486e-07
134,0.002314983379033034,2.9202477397863e-06,1.052524614536998e-07
135,0.002290876754365607,2.886568408895677e-06,1.042145237102633e-07
136,0.00226517892974669,2.853196656232006e-06,1.031688730224604e-07
137,0.00224540725133584,2.820437673919832e-06,1.021960151405845e-07
138,0.002220650680785608,2.78800457986097e-06,1.011903408342605e-07
139,0.002200286464348934,2.756066893052646e-06,1.002419146576367e-07
140,0.002180297204523526,2.724531571345575e-06,9.931347881120618e-08
141,0.002160364409914671,2.693409126773985e-06,9.840733343510499e-08
142,0.00214512231265045,2.662814595956953e-06,9.756629215106452e-08
143,0.002129470540370467,2.632577288066714e-06,9.671779028598761e-08
144,0.002108998923710689,2.602556536378374e-06,9.583120743557083e-08
145,0.002089364366170386,2.572849488808005e-06,9.496200688732279e-08
146,0.00207406511089151,2.543680844080215e-06,9.41630021955092e-08
147,0.002058472333882071,2.514883758540693e-06,9.337415722840683e-08
148,0.002042952913123537,2.486519912919356e-06,9.261483646096912e-08
149,0.002025895776757049,2.458508971265056e-06,9.186105675077944e-08
150,0.002006189310152458,2.430817477653681e-06,9.109932338481795e-08
151,0.001985102062720691,2.403337183618833e-06,9.033161850966164e-08
152,0.001965355925459093,2.376212377738492e-06,8.958997849724366e-08
153,0.00194693292633332,2.349461362170238e-06,8.887481882031881e-08
154,0.001928508093389624,2.323031980507184e-06,8.816917133656813e-08
155,0.001910228612901914,2.296917151261142e-06,8.747324596414405e-08
156,0.00189295766742375,2.271121316392614e-06,8.679002935141053e-08
157,0.001875341312783264,2.24563480152796e-06,8.611878681247567e-08
158,0.00185688517337021,2.220451613781403e-06,8.545162807116602e-08
159,0.001842151367433626,2.195693795416739e-06,8.485295020945505e-08
160,0.001824457540458467,2.171229513607884e-06,8.422726015970522e-08
161,0.001803674391991153,2.146897212192295e-06,8.357053392306105e-08
162,0.001783316135387101,2.122847189352155e-06,8.2936112835033e-08
163,0.001764158320159438,2.099074660937794e-06,8.231274006979324e-08
164,0.001747856164748952,2.075724994209363e-06,8.174015250494903e-08
165,0.00172984757782917,2.052615634992797e-06,8.115586176912e-08
166,0.001711577816948985,2.029758587969103e-06,8.057242542391203e-08
167,0.001690960297318649,2.007000883143932e-06,7.9955817367221e-08
168,0.001671705841164536,1.984507898377467e-06,7.935878062289556e-08
169,0.00165409383175062,1.962291862550034e-06,7.877967221968485e-08
170,0.00163843485386272,1.940456317700302e-06,7.823981298448219e-08
171,0.001621882976116605,1.918855359402007e-06,7.768634583185398e-08
172,0.00160390819652386,1.897494952426353e-06,7.71294331345012e-08
173,0.001585992594985894,1.876375566861876e-06,7.65758734419961e-08
174,0.001568203789594453,1.85552307633991e-06,7.603404457205821e-08
175,0.001550700681618048,1.834896070639337e-06,7.549269710753626e-08
176,0.001533897147977764,1.814501420274564e-06,7.495805273691425e-08
177,0.001517065127382673,1.794324625845922e-06,7.442322684701956e-08
178,0.001499990171995367,1.774350299749079e-06,7.388388154215667e-08
179,0.001483332149028256,1.75460114837503e-06,7.33500473130363e-08
180,0.001467301189284803,1.735089345767594e-06,7.282417820562812e-08
181,0.001452094423908243,1.715795910222527e-06,7.230117610648453e-08
182,0.001437677798993661,1.696754301065784e-06,7.178862522652493e-08
183,0.001423144701466567,1.677918446189301e-06,7.127585325999222e-08
184,0.001408772018371366,1.6592989411586e-06,7.07667817261917e-08
185,0.001394389279843554,1.640886301163807e-06,7.025795742457506e-08
186,0.001379790578495676,1.622680073459587e-06,6.975066641800141e-08
187,0.001364273244269523,1.604734046236216e-06,6.924749267329997e-08
188,0.001349059945524548,1.586963268248821e-06,6.874628620250929e-08
189,0.001335606382932158,1.5693903547494e-06,6.825561090463729e-08
190,0.001321779153482969,1.552041777702668e-06,6.77663654521005e-08
191,0.00130791450633461,1.534874498996489e-06,6.727730732479934e-08
192,0.001294090212682431,1.517890820356888e-06,6.6789890616452e-08
193,0.001278752401681988,1.5010208645326e-06,6.628851543043212e-08
194,0.001264626771738262,1.484348706935357e-06,6.579723014560031e-08
195,0.001251822462993339,1.467876012472322e-06,6.531318707389515e-08
196,0.001239692757054947,1.451625454509672e-06,6.48379551799526e-08
197,0.00122807865827405,1.435513484572539e-06,6.436315760938706e-08
198,0.001217030187289343,1.419604135637376e-06,6.38928460021342e-08
199,0.001206268983076732,1.403908812753448e-06,6.342979930992278e-08
200,0.001195748353005492,1.388392192262924e-06,6.297283389713146e-08
201,0.001183094554582102,1.37301612675048e-06,6.249694610233682e-08
202,0.00117369529398383,1.357930381780301e-06,6.206033997830605e-08
203,0.001163540696739214,1.343017876064029e-06,6.161837826119368e-08
204,0.001152771157141974,1.328274547665536e-06,6.117561516349616e-08
205,0.001141247074241123,1.313682636813724e-06,6.072925306178521e-08
206,0.001129496434966254,1.299254556102467e-06,6.028672349233772e-08
207,0.001117760982978404,1.284985934568251e-06,5.984705279884494e-08
208,0.001105995701780117,1.270872892179834e-06,5.940913338308555e-08
209,0.001094307969472118,1.256915335719831e-06,5.897307692845012e-08
210,0.001082462616301632,1.24310469260616e-06,5.853893185110141e-08
211,0.001070714969150343,1.229439484632016e-06,5.810660992697668e-08
212,0.00105740423623588,1.215813304950034e-06,5.765019381078902e-08
213,0.001046955776766648,1.202431511520956e-06,5.72294229013536e-08
214,0.001036062507401182,1.18919417291364e-06,5.680639004768828e-08
215,0.001025934136784225,1.176105879279328e-06,5.638664013490614e-08
216,0.001015264472468982,1.163147483865861e-06,5.59617253582585e-08
217,0.001004905501216475,1.150336006090716e-06,5.554266393276184e-08
218,0.00099448488917945,1.137667115501392e-06,5.512573885259545e-08
219,0.0009842336836550151,1.125131640113485e-06,5.471315615602009e-08
220,0.0009736000050295275,1.112756476619123e-06,5.43000689006891e-08
221,0.0009630459976683846,1.100520838232244e-06,5.389070768298183e-08
222,0.0009535012862413832,1.088443413903507e-06,5.349476837485961e-08
223,0.0009436122081078065,1.076492309035792e-06,5.309496382932148e-08
224,0.0009328700094012214,1.064632272688541e-06,5.268640644343262e-08
225,0.0009225733781951661,1.052905284916936e-06,5.228370103653013e-08
226,0.0009125072452582843,1.041309924837355e-06,5.188483908965528e-08
227,0.000902659653401422,1.029883833610177e-06,5.149119390472364e-08
228,0.0008928786320078261,1.018574298872933e-06,5.109967892783422e-08
229,0.0008837515165353012,1.007396969370413e-06,5.071394723247313e-08
230,0.0008745533563133312,9.963352019848981e-07,5.032836019790108e-08
231,0.0008652678625280261,9.85389272096981e-07,4.99440872344498e-08
232,0.0008559564279588571,9.745592675236969e-07,4.956134892154427e-08
233,0.0008465220775741879,9.638187124281778e-07,4.917633256449015e-08
234,0.0008373474967158499,9.531986188760404e-07,4.879549273294411e-08
235,0.0008284087741910779,9.426983436338769e-07,4.841809273650003e-08
236,0.0008195552707979671,9.323173245460937e-07,4.804397648816155e-08
237,0.000810792336734332,9.220539283746411e-07,4.767245973435506e-08
238,0.0008025016427579984,9.119074208133554e-07,4.730370830153806e-08
239,0.0007943348977453769,9.018766083145271e-07,4.693775356706148e-08
240,0.0007862335988902761,8.919602529815134e-07,4.657438724563352e-08
241,0.0007781748675804196,8.821570080926998e-07,4.621378612964563e-08
242,0.0007701352501437881,8.724654747519609e-07,4.585575858304365e-08
243,0.0007622922867099003,8.629091905180599e-07,4.550462756718474e-08
244,0.0007542742089211132,8.534611242331346e-07,4.515451000179828e-08
245,0.0007462197496593224,8.441147460677768e-07,4.480522195916634e-08
246,0.0007380715856335916,8.348684701811298e-07,4.445752375812313e-08
247,0.0007299236237614707,8.257204995842999e-07,4.411143088971978e-08
248,0.0007216965140866388,8.166692884712665e-07,4.376712563204477e-08
249,0.0007135405161089394,8.077135214720008e-07,4.342475064962876e-08
250,0.0007054932017193356,7.988521573823346e-07,4.308419616655841e-08
251,0.0006974946352149581,7.900843517789858e-07,4.27456027701254e-08
252,0.0006896844459818539,7.814094121940789e-07,4.24090174052007e-08
253,0.0006815408481344734,7.727684252032145e-07,4.206685958287821e-08
254,0.0006740578985149297,7.642397117072261e-07,4.173079918412369e-08
255,0.0006669442377582075,7.558343684066233e-07,4.140058351887426e-08
256,0.000659927429483314,7.475273128647535e-07,4.107267684380041e-08
257,0.0006530654585527333,7.393164633058356e-07,4.074730106588713e-08
258,0.0006459952462455626,7.311852800193885e-07,4.042023975493802e-08
259,0.0006393258160573333,7.231486539393925e-07,4.009797931279136e-08
260,0.0006329199545866768,7.152047931285353e-07,3.977912747876386e-08
261,0.000627129498697582,7.073860673920866e-07,3.947074092585313e-08
262,0.0006211087286231746,6.996568885237843e-07,3.916179122203641e-08
263,0.0006146511046421238,6.919894018545599e-07,3.884920373783415e-08
264,0.0006082783703097912,6.844061476731945e-07,3.853954872425701e-08
265,0.0006019975404603769,6.769057707104135e-07,3.823233551145604e-08
266,0.0005957273257265694,6.694872709542076e-07,3.792718052149146e-08
267,0.0005894474723385975,6.621497428162508e-07,3.762385698036246e-08
268,0.0005832120693650802,6.548923084263479e-07,3.732242137913196e-08
269,0.0005770304062596503,6.477137876632863e-07,3.702312011082279e-08
270,0.0005709382248506343,6.406132954027289e-07,3.672540866357464e-08
271,0.0005649134750325455,6.33590165177558e-07,3.642974756333287e-08
272,0.0005588769339280843,6.266434959916947e-07,3.613600303663737e-08
273,0.0005528977592753534,6.197724899795303e-07,3.584419051148299e-08
274,0.000546992945345343,6.129763702958504e-07,3.555431832403879e-08
275,0.0005412024835623792,6.06254329702594e-07,3.526641005241005e-08
276,0.0005353882726355231,5.996055851988268e-07,3.498049689463307e-08
277,0.0005295879484247343,5.930294012761056e-07,3.469647626772628e-08
278,0.0005239279857753097,5.865248743907032e-07,3.441437321059971e-08
279,0.0005183903782085225,5.800913317686845e-07,3.413434301868303e-08
280,0.000512941114938298,5.73728134397961e-07,3.385633806928496e-08
281,0.0005075106464768246,5.674346536961755e-07,3.358025767076004e-08
282,0.0005020905572371433,5.612102705969155e-07,3.330606173408025e-08
283,0.0004967396667234624,5.550543664457734e-07,3.303374176682746e-08
284,0.0004913795803224026,5.489662993524211e-07,3.276331662857531e-08
285,0.0004860958649077234,5.429454096642877e-07,3.249485709313334e-08
286,0.000480822048440851,5.369906648337174e-07,3.2228102874919e-08
287,0.000475412553110836,5.310838084514731e-07,3.195881095128422e-08
288,0.0004703004369363271,5.252445864671778e-07,3.169383719253849e-08
289,0.0004654484626693205,5.194723502207487e-07,3.143211250582554e-08
290,0.0004607752263042597,5.137667602026313e-07,3.11729718569149e-08
291,0.0004562054877603689,5.081273441102161e-07,3.091600553637645e-08
292,0.0004519917570670041,5.02574431995834e-07,3.066602330538123e-08
293,0.0004475198015005062,4.970821263337605e-07,3.041544093368509e-08
294,0.0004429146889666785,4.916499402059599e-07,3.016573007339525e-08
295,0.0004382442918014827,4.862768358821945e-07,2.991741800404786e-08
296,0.0004335350853462955,4.809617012464339e-07,2.967066792697732e-08
297,0.0004287899732494766,4.757034528949168e-07,2.94255075674146e-08
298,0.0004240967027222742,4.70501095348797e-07,2.918194520710471e-08
299,0.0004194159412059894,4.653537594571242e-07,2.893999899165714e-08
300,0.0004146835673964171,4.602607232102885e-07,2.869955239369171e-08
301,0.0004100247980649212,4.552213660754669e-07,2.846068953003938e-08
302,0.0004047179514033087,4.501928146734301e-07,2.82135663094755e-08
303,0.0004000943541394213,4.452258541938314e-07,2.797371712669619e-08
304,0.0003958659915832187,4.403192132883812e-07,2.773780113083061e-08
305,0.0003918815360227431,4.354720913722784e-07,2.750462402733481e-08
306,0.0003880562340660782,4.306836837271957e-07,2.727384757540843e-08
307,0.0003844121695843262,4.259531179759159e-07,2.704517830644898e-08
308,0.0003808694878732727,4.212794563323952e-07,2.681852182959175e-08
309,0.0003773968414949865,4.166617048952198e-07,2.659393214740897e-08
310,0.0003739641184642159,4.120988109052521e-07,2.637135464942224e-08
311,0.0003712246078471528,4.076075870918849e-07,2.615725834357729e-08
312,0.0003681359659616082,4.031640489560495e-07,2.594112257706846e-08
313,0.0003648719099173428,3.987678741540703e-07,2.572514195154785e-08
314,0.0003614175579546781,3.944186892534103e-07,2.551016040009272e-08
315,0.0003578453535155023,3.901165065038067e-07,2.529654423118838e-08
316,0.0003541667464459194,3.858606165365326e-07,2.508431976165523e-08
317,0.0003504288977972238,3.816502153180253e-07,2.487352094691947e-08
318,0.0003466267328256136,3.774845606533102e-07,2.466414865808244e-08
319,0.000342812197684327,3.733628968546502e-07,2.445611978429422e-08
320,0.0003389477344536432,3.692845064541501e-07,2.424949898581963e-08
321,0.0003350561801420882,3.65248718028894e-07,2.404420999209223e-08
322,0.0003311798640229368,3.612549388530379e-07,2.384026596693481e-08
323,0.0003272949022931466,3.57302655001157e-07,2.363764990060071e-08
324,0.0003234414983380142,3.533914426356036e-07,2.343642910528427e-08
325,0.0003196542514591557,3.495209648393728e-07,2.323656455286682e-08
326,0.0003159199770011161,3.45690953747458e-07,2.303807239119257e-08
327,0.0003122412546346988,3.419012090677551e-07,2.284097075437767e-08
328,0.0003086583383745398,3.381515762342036e-07,2.264532533370503e-08
329,0.0003051795796419951,3.34441937055133e-07,2.245117744815433e-08
330,0.0003017414542570715,3.307721826414436e-07,2.225843839705307e-08
331,0.0002983492699686547,3.271422073501166e-07,2.20671575999054e-08
332,0.0002950069569282015,3.235518924007728e-07,2.187736593675845e-08
333,0.0002917824637765663,3.200276574514202e-07,2.169276872482736e-08
334,0.0002884088168537736,3.165381873553939e-07,2.150784782771928e-08
335,0.0002849500328069957,3.130832633871886e-07,2.132355974545319e-08
336,0.0002814677421702995,3.096623728735046e-07,2.114026814279128e-08
337,0.0002780412524835822,3.062751783789883e-07,2.095809036534911e-08
338,0.0002746865530965023,3.02921508603382e-07,2.07770845974259e-08
339,0.000271372075268057,2.996013397700073e-07,2.059727953244615e-08
340,0.0002681260241988503,2.96314767804393e-07,2.041873451276591e-08
341,0.0002649753804601528,2.93061966989728e-07,2.024148045215041e-08
342,0.0002618908296528463,2.898431504776893e-07,2.006557691629182e-08
343,0.0002588772870712974,2.866585444663542e-07,1.989102639379287e-08
344,0.0002559379674545169,2.83508354133963e-07,1.971785422366131e-08
345,0.0002530873785808134,2.803927351839972e-07,1.954606784330205e-08
346,0.0002502964215184637,2.773117852831221e-07,1.937571484084451e-08
347,0.0002475998187247537,2.742655210577085e-07,1.920683232880676e-08
348,0.0002449721789156828,2.712538833429777e-07,1.903943998951072e-08
349,0.0002424000717530592,2.682766876798397e-07,1.887357168120452e-08
350,0.0002398888601109396,2.653337266188479e-07,1.870914947716192e-08
351,0.0002374348061820275,2.624247891935746e-07,1.854619689234077e-08
352,0.0002349942879558142,2.59549511185576e-07,1.838470360008171e-08
353,0.0002326204914972561,2.567074528634494e-07,1.822461366241499e-08
354,0.0002302873194215599,2.538981194424438e-07,1.806593405555007e-08
355,0.0002279740992066906,2.511209632494132e-07,1.790864470665602e-08
356,0.0002256807808539409,2.483754643001662e-07,1.775267866630717e-08
357,0.0002233932457764558,2.456610523918907e-07,1.759800364506349e-08
358,0.0002211063461668196,2.429771812941422e-07,1.744462280975318e-08
359,0.0002188763861401359,2.403236562272276e-07,1.729287724482838e-08
360,0.0002166243866743515,2.376996359033502e-07,1.714223419351169e-08
361,0.0002143646719420866,2.351044467311376e-07,1.699269654052128e-08
362,0.0002121048311777454,2.325375574830499e-07,1.684426784957338e-08
363,0.0002098612693000893,2.299984979756126e-07,1.669696629557906e-08
364,0.0002075710219149911,2.274868468887186e-07,1.655074382903673e-08
365,0.0002053155803793346,2.250022179319449e-07,1.640568937791868e-08
366,0.000203126043910146,2.225442529781865e-07,1.626177073555605e-08
367,0.000200947506523645,2.201126219429091e-07,1.611895105806974e-08
368,0.000198745611363988,2.177070187126593e-07,1.597721965671082e-08
369,0.0001965495193532495,2.153271592374306e-07,1.58365874674708e-08
370,0.0001943790254854958,2.129727803999252e-07,1.569707930077178e-08
371,0.0001922341215473727,2.106436402219461e-07,1.5558664786812e-08
372,0.0001901061624189192,2.083395145908744e-07,1.542132727491331e-08
373,0.0001880293112137427,2.060601968488397e-07,1.528507683428413e-08
374,0.0001859457545423803,2.038054930544177e-07,1.514990647486932e-08
375,0.0001839350641968584,2.01575230206902e-07,1.501580656269238e-08
376,0.0001819414470368338,1.993691964909111e-07,1.488280154183865e-08
377,0.0001799860569574428,1.97187211705483e-07,1.475089755376495e-08
378,0.0001780525076408999,1.950290933320474e-07,1.462008118837873e-08
379,0.0001761149446288874,1.928952786625937e-07,1.449037805687371e-08
380,0.0001742063200807457,1.907845710245428e-07,1.436171420279526e-08
381,0.0001723533802178033,1.886968777869003e-07,1.423412072126017e-08
382,0.0001705280453186121,1.86632093067966e-07,1.410759365292254e-08
383,0.0001687252056173306,1.845900838400699e-07,1.398211860717205e-08
384,0.0001669256487842156,1.8257068539011e-07,1.385769994948807e-08
385,0.0001650967699445198,1.80573700162513e-07,1.373431608534694e-08
386,0.0001633113091885871,1.785989052509335e-07,1.361202082863676e-08
387,0.0001615755495267959,1.766460554407758e-07,1.349075753103667e-08
388,0.0001598544054740887,1.747148899312431e-07,1.337052298073588e-08
389,0.0001581661168225786,1.728051410607732e-07,1.325130746637787e-08
390,0.000156503471604381,1.709165260032481e-07,1.313309920236209e-08
391,0.0001548584013208567,1.6904878416099e-07,1.301586631354e-08
392,0.0001532289355924475,1.672016280257174e-07,1.289962774608425e-08
393,0.0001516002068286407,1.653748080436279e-07,1.278437510576833e-08
394,0.0001499828248574746,1.635680701267151e-07,1.267009452645983e-08
395,0.0001483848507107764,1.61781155550489e-07,1.25567573329487e-08
396,0.0001468054837810256,1.600138119589602e-07,1.244435807218739e-08
397,0.0001452297049117314,1.582657864550396e-07,1.233289186562245e-08
398,0.00014368189374698,1.565368694321463e-07,1.222235902827398e-08
399,0.0001421500295455853,1.548268236308056e-07,1.211272640014699e-08
400,0.0001406288224710619,1.531354316510607e-07,1.200399443744358e-08
401,0.0001391268905151085,1.514624788474501e-07,1.189619382957142e-08
402,0.000137631579676891,1.498077595997913e-07,1.178929660936153e-08
403,0.0001361463459905952,1.481710727999167e-07,1.168329193618706e-08
404,0.0001346659303931184,1.465522272347887e-07,1.157818175778283e-08
405,0.0001332041070929378,1.449510320871567e-07,1.147394509614911e-08
406,0.0001317523757241795,1.4336730162949e-07,1.137058161164524e-08
407,0.0001303159703199383,1.418008547185205e-07,1.126808254533138e-08
408,0.000128901762744857,1.40251513164255e-07,1.116644828404833e-08
409,0.0001275033051322926,1.387191010272725e-07,1.106568075306975e-08
410,0.0001261222417470053,1.372038596608291e-07,1.096580100015692e-08
411,0.0001247560484900766,1.357051426181593e-07,1.086674048163319e-08
412,0.0001234147890572395,1.342227441811928e-07,1.076852127950924e-08
413,0.0001220939915044085,1.327564892927746e-07,1.067113901791212e-08
414,0.000120772960001334,1.313062170854538e-07,1.057458512673266e-08
415,0.0001194592841728498,1.298717735424628e-07,1.047885310387225e-08
416,0.0001181830911816306,1.284530068099578e-07,1.038394372458636e-08
417,0.0001169201919556218,1.270497640823564e-07,1.028983661084222e-08
418,0.0001156688102156982,1.256618907116289e-07,1.019654554009885e-08
419,0.0001144398287167373,1.242892302472981e-07,1.010405579135913e-08
420,0.0001132217565503443,1.229316249327738e-07,1.001235631548775e-08
421,0.0001120108252830615,1.215889162140892e-07,9.92144555676907e-09
422,0.0001108080352890886,1.202609447550324e-07,9.831315456835717e-09
423,0.0001096029895646733,1.189475510351752e-07,9.741952405164305e-09
424,0.000108423576996804,1.176485761442607e-07,9.653365253020002e-09
425,0.000107262944895768,1.163638616060943e-07,9.565543133899868e-09
426,0.0001061218931829963,1.150932502722968e-07,9.478480031232219e-09
427,0.0001049902991144559,1.138365853013965e-07,9.392166768833463e-09
428,0.0001038572452259182,1.125937106763672e-07,9.306601360323014e-09
429,0.0001027436968746206,1.113644719008891e-07,9.221778318535953e-09
430,0.0001016402523043563,1.101487154678489e-07,9.137683624112021e-09
431,0.0001005554578097609,1.08946289304006e-07,9.054321858728366e-09
432,9.947766455198932e-05,1.077570428844906e-07,8.971682261410551e-09
433,9.839965188854838e-05,1.065808271312173e-07,8.889750405068894e-09
434,9.732791196937034e-05,1.054174946251482e-07,8.80850661727131e-09
435,9.626895256339751e-05,1.042669000666396e-07,8.727980459976126e-09
436,9.523083871720824e-05,1.031289000103808e-07,8.648172068453106e-09
437,9.420603185925123e-05,1.020033532939173e-07,8.569055375581691e-09
438,9.319150528277353e-05,1.008901202785671e-07,8.490625528362388e-09
439,9.220075036619235e-05,9.978906306531747e-08,8.412874949707338e-09
440,9.122524960074241e-05,9.870004695856895e-08,8.335804440918443e-09
441,9.025344215615258e-05,9.762293835329192e-08,8.259405878935627e-09
442,8.928641630088932e-05,9.655760601404322e-08,8.183670589393068e-09
443,8.832902706598677e-05,9.550392071144863e-08,8.108591154045474e-09
444,8.738201752527153e-05,9.446175512311427e-08,8.034162850841091e-09
445,8.644413457410888e-05,9.343098375977036e-08,7.960383488485138e-09
446,8.551217487539439e-05,9.241148274506832e-08,7.887248853180895e-09
447,8.459175156345327e-05,9.14031298002596e-08,7.814753353240934e-09
448,8.368611863808099e-05,9.040580416713744e-08,7.742892071160688e-09
449,8.278309314443159e-05,8.941938654855501e-08,7.671659442305446e-09
450,8.188831852722921e-05,8.844375903541377e-08,7.601053212891079e-09
451,8.100196114421468e-05,8.747880499649502e-08,7.531065918048877e-09
452,8.013036924258623e-05,8.652440943682628e-08,7.461692933161747e-09
453,7.927081887748338e-05,8.558045664230543e-08,7.392929468917901e-09
454,7.842114606938952e-05,8.464683403185242e-08,7.324770335949792e-09
455,7.757859685720062e-05,8.3723429375625e-08,7.257207840204859e-09
456,7.673845966130495e-05,8.281013150453066e-08,7.190242752688346e-09
457,7.590541630768459e-05,8.190683006671308e-08,7.123857935742117e-09
458,7.508689777074317e-05,8.101341503850999e-08,7.05806222939839e-09
459,7.427811779494311e-05,8.012977953103576e-08,6.992855380373387e-09
460,7.347664354280718e-05,7.925581611365311e-08,6.928225919631661e-09
461,7.268765384197267e-05,7.839141831777857e-08,6.864167916659594e-09
462,7.191030136414609e-05,7.753648078897149e-08,6.800676213559716e-09
463,7.114068202148397e-05,7.669089933565662e-08,6.737746734426741e-09
464,7.038052113594558e-05,7.585457081785445e-08,6.675378203014211e-09
465,6.962746853423451e-05,7.502739300474043e-08,6.613560069357934e-09
466,6.887177391029395e-05,7.420926497253383e-08,6.55228832114547e-09
467,6.812821687361761e-05,7.340008692328699e-08,6.491565297207687e-09
468,6.740084163301609e-05,7.259976003349766e-08,6.431385749467577e-09
469,6.66767929498475e-05,7.180818668414306e-08,6.371733854313551e-09
470,6.59613165502695e-05,7.102527032981572e-08,6.312610881231886e-09
471,6.525443155613911e-05,7.025091543693883e-08,6.254012750608901e-09
472,6.455001107436244e-05,6.948502752723314e-08,6.195935531849082e-09
473,6.3851851024774e-05,6.872751352592505e-08,6.138375559220385e-09
474,6.31649464127588e-05,6.797828094469247e-08,6.08132953927645e-09
475,6.247379786874313e-05,6.723723961545425e-08,6.024790807275901e-09
476,6.179762597171047e-05,6.650429962081228e-08,5.968755353746065e-09
477,6.113346538602389e-05,6.577937194808375e-08,5.91321936846727e-09
478,6.0482913221801e-05,6.506236872933277e-08,5.858179399433332e-09
479,5.983628757960823e-05,6.435320315757725e-08,5.803631385209549e-09
480,5.919885467853736e-05,6.36517901944177e-08,5.749569302333446e-09
481,5.856648174348281e-05,6.295804469326539e-08,5.695992196149242e-09
482,5.793950902100322e-05,6.227188306511284e-08,5.642895644262126e-09
483,5.732137417740318e-05,6.159322213811788e-08,5.59027491893825e-09
484,5.670548300156635e-05,6.092197954346923e-08,5.53812454018727e-09
485,5.609642143842661e-05,6.025807384761302e-08,5.486441673416097e-09
486,5.549297508075438e-05,5.960142432486167e-08,5.435223459276028e-09
487,5.489760632048106e-05,5.895195099413657e-08,5.384465164349886e-09
488,5.430668382145538e-05,5.830957651211578e-08,5.334162332835281e-09
489,5.371714695655954e-05,5.767422294093337e-08,5.284314599511872e-09
490,5.314372387223459e-05,5.70458134159055e-08,5.234920761765195e-09
491,5.257674549276394e-05,5.64242720663507e-08,5.185967259338848e-09
492,5.201268497785204e-05,5.580952386262699e-08,5.137452421795352e-09
493,5.14537591384701e-05,5.520149454690929e-08,5.08937248301134e-09
494,5.090226135038313e-05,5.460011064076794e-08,5.041724403135987e-09
495,5.035605893218046e-05,5.400529943182477e-08,4.994507480772568e-09
496,4.981406842557745e-05,5.341698950250385e-08,4.947713175736945e-09
497,4.927793077504894e-05,5.283510872136808e-08,4.901344577339563e-09
498,4.875313273474998e-05,5.225958674031243e-08,4.855395475640533e-09
499,4.823387075716301e-05,5.169035383177072e-08,4.809863240344536e-09
500,4.772147563739482e-05,5.11273407575911e-08,4.764746538707091e-09
501,4.721006172441961e-05,5.057047928932491e-08,4.720031704087146e-09
502,4.670389892663661e-05,5.001970228061559e-08,4.675724936628985e-09
503,4.620514992080972e-05,4.947494298414262e-08,4.631825279889016e-09
504,4.571087871202746e-05,4.893613507601427e-08,4.588323146833423e-09
505,4.522818411902688e-05,4.840321335515342e-08,4.54521960857266e-09
506,4.474416213192205e-05,4.787611335013563e-08,4.502498912735504e-09
507,4.425503498757912e-05,4.735477115587254e-08,4.460152791350348e-09
508,4.377901163842636e-05,4.683912366613104e-08,4.418202312090946e-09
509,4.330634560279179e-05,4.632910838767653e-08,4.376632416029493e-09
510,4.28407907625048e-05,4.582466355565716e-08,4.335440458492302e-09
511,4.238141900047383e-05,4.532572816584208e-08,4.294622751480805e-09
512,4.192638206401615e-05,4.483224184065917e-08,4.25417646923876e-09
513,4.147554119587506e-05,4.434414471242052e-08,4.214098420487312e-09
514,4.102615472119244e-05,4.386137785636919e-08,4.174386386931389e-09
515,4.058292780963481e-05,4.33838830105755e-08,4.135038538748914e-09
516,4.014645273542334e-05,4.291160238204133e-08,4.09604318161637e-09
517,3.971333876221445e-05,4.244447886906769e-08,4.057405118640086e-09
518,3.928418445490461e-05,4.198245596355913e-08,4.019110933403369e-09
519,3.886303442591504e-05,4.152547789005269e-08,3.981168445922838e-09
520,3.844757812521465e-05,4.10734894352635e-08,3.943581944770638e-09
521,3.803727586487029e-05,4.062643595215577e-08,3.906339663181071e-09
522,3.763334656069562e-05,4.018426355208096e-08,3.869437395138064e-09
523,3.723303966853385e-05,3.974691871109106e-08,3.832872798413372e-09
524,3.683512811802129e-05,3.931434852501053e-08,3.796639641290112e-09
525,3.644083073535411e-05,3.888650073684685e-08,3.760739396711253e-09
526,3.604989735084845e-05,3.846332365642484e-08,3.725168417851471e-09
527,3.566352090128259e-05,3.804476617012015e-08,3.689923309885835e-09
528,3.528057175990461e-05,3.76307777212758e-08,3.655001590387087e-09
529,3.490213942875818e-05,3.722130830032896e-08,3.620400773095604e-09
530,3.452837751907362e-05,3.681630845013244e-08,3.586118067169172e-09
531,3.415780089999055e-05,3.641572920988175e-08,3.552151616494091e-09
532,3.37924590763247e-05,3.601952217130126e-08,3.518497256502955e-09
533,3.343152130425969e-05,3.562763953245462e-08,3.485151307001444e-09
534,3.30734967025317e-05,3.524003351785434e-08,3.452111563898711e-09
535,3.271996122971937e-05,3.485665794970407e-08,3.419373064155953e-09
536,3.236450932664644e-05,3.447746630563714e-08,3.386934301027008e-09
537,3.20146781480902e-05,3.410241276331203e-08,3.354798489124925e-09
538,3.1673930522603e-05,3.373145197358933e-08,3.322959078870623e-09
539,3.13351916707647e-05,3.336453909914635e-08,3.291412913009755e-09
540,3.099864809872021e-05,3.300162982908824e-08,3.260157400766633e-09
541,3.066543814909148e-05,3.264268032669297e-08,3.229188356863121e-09
542,3.033591356362487e-05,3.228764724386923e-08,3.198506095155558e-09
543,3.000933344465642e-05,3.193648770894854e-08,3.168107753369027e-09
544,2.968924801109691e-05,3.158915945452565e-08,3.137991372701112e-09
545,2.937179279101604e-05,3.124562052533169e-08,3.10815491131364e-09
546,2.905384507538027e-05,3.090582926180728e-08,3.078593515475286e-09
547,2.874355741214608e-05,3.056974468056749e-08,3.049308004305288e-09
548,2.843744411787714e-05,3.023732624166138e-08,3.02029207026092e-09
549,2.81346737194547e-05,2.990853377518524e-08,2.991542348859695e-09
550,2.783459298143495e-05,2.958332762330064e-08,2.963057494369909e-09
551,2.753525738182027e-05,2.926166858637279e-08,2.934836317728681e-09
552,2.723990841292286e-05,2.894351784223031e-08,2.906876873340203e-09
553,2.694889740078817e-05,2.862883703150143e-08,2.879177016770852e-09
554,2.666003107648408e-05,2.831758820849041e-08,2.851734077779259e-09
555,2.637512696368254e-05,2.800973383197792e-08,2.824544224488656e-09
556,2.609322274233261e-05,2.770523679057628e-08,2.797607733994649e-09
557,2.581344524563929e-05,2.740406037158256e-08,2.770921501098644e-09
558,2.55375443889689e-05,2.71061682219987e-08,2.744483114447529e-09
559,2.526495914202966e-05,2.681152434974028e-08,2.718290388318026e-09
560,2.49950459254908e-05,2.652009299486337e-08,2.692341123379197e-09
561,2.472794153281343e-05,2.623184002902788e-08,2.66663316173009e-09
562,2.446338388102006e-05,2.594672980565364e-08,2.64116437597284e-09
563,2.420031378344286e-05,2.566472805297569e-08,2.615932912984838e-09
564,2.39409566409869e-05,2.538580081219761e-08,2.59093641638871e-09
565,2.368445758550468e-05,2.510991448077713e-08,2.566172666366375e-09
566,2.343203437100082e-05,2.483703581077456e-08,2.541639737620061e-09
567,2.318171203741111e-05,2.456713193464776e-08,2.517335589026423e-09
568,2.29326253198742e-05,2.430017032055538e-08,2.493258266392876e-09
569,2.268540350222169e-05,2.403611879105477e-08,2.469405689053369e-09
570,2.244360372584284e-05,2.377494554354226e-08,2.445775780787128e-09
571,2.220305844571377e-05,2.351661908886558e-08,2.422366462525099e-09
572,2.196492497766464e-05,2.326110828864581e-08,2.399175811954572e-09
573,2.173052646240765e-05,2.300838235350475e-08,2.37620179828536e-09
574,2.1498189509653e-05,2.275841084390543e-08,2.353442304740728e-09
575,2.126852598627179e-05,2.251116365840619e-08,2.330895436320543e-09
576,2.104139214841977e-05,2.22666109819202e-08,2.308559243785103e-09
577,2.081664401009351e-05,2.202472335087436e-08,2.286431999309103e-09
578,2.059430087169529e-05,2.178547163854839e-08,2.264511843726359e-09
579,2.037444121670696e-05,2.154882702521711e-08,2.242797018450569e-09
580,2.015674533522396e-05,2.131476101731994e-08,2.221285453931084e-09
581,1.994135545754e-05,2.108324542056999e-08,2.199975598389919e-09
582,1.972818105884829e-05,2.085425235852899e-08,2.17886533293326e-09
583,1.951788516284658e-05,2.062740573065006e-08,2.157934502226867e-09
584,1.931099827061942e-05,2.04031452853561e-08,2.137209009552147e-09
585,1.91071697536623e-05,2.01814172475794e-08,2.116686281084342e-09
586,1.890505526688015e-05,1.996217447571766e-08,2.096361267302402e-09
587,1.870613020614068e-05,1.974537406818666e-08,2.076229708681851e-09
588,1.851048874276582e-05,1.953097689047529e-08,2.056288678178841e-09
589,1.831699257829019e-05,1.931894671298642e-08,2.036535880889262e-09
590,1.812523220153415e-05,1.910924984011927e-08,2.016969138978822e-09
591,1.793477706345158e-05,1.890185447543032e-08,1.997586183130445e-09
592,1.774606130794003e-05,1.869673021748826e-08,1.978385899505118e-09
593,1.755891530714767e-05,1.849384771828401e-08,1.959366411813365e-09
594,1.737273166566493e-05,1.829317845532829e-08,1.940525795811482e-09
595,1.718904362851579e-05,1.80946946024469e-08,1.92186223726862e-09
596,1.700654386193735e-05,1.789836895796539e-08,1.903373778660115e-09
597,1.682509905240007e-05,1.770417493210886e-08,1.885058594122875e-09
598,1.66453677295351e-05,1.751208654450909e-08,1.86691496722069e-09
599,1.646739042076354e-05,1.732207856981123e-08,1.848940838910044e-09
600,1.628999583319424e-05,1.713412655830545e-08,1.831134491811758e-09
601,1.611457222668917e-05,1.694820685078776e-08,1.813495927631675e-09
602,1.594101098224419e-05,1.676429661232538e-08,1.796022573636373e-09
603,1.5769017124801e-05,1.658237380547782e-08,1.778712946688815e-09
604,1.559862045383922e-05,1.640241718632452e-08,1.761565721619542e-09
605,1.543066628253657e-05,1.622440617599799e-08,1.744579621965355e-09
606,1.526413902792539e-05,1.604832081097296e-08,1.727752346225706e-09
607,1.510181756936878e-05,1.587414167898349e-08,1.711083498255469e-09
608,1.494032873046145e-05,1.570184978699046e-08,1.694572938575811e-09
609,1.478026205682993e-05,1.553142649294428e-08,1.678218222894e-09
610,1.462155020100271e-05,1.536285341364944e-08,1.66201770706581e-09
611,1.446462724177655e-05,1.519611233305584e-08,1.645970007769158e-09
612,1.430917998784052e-05,1.503118512896677e-08,1.630074030445704e-09
613,1.415626061650049e-05,1.486805369479338e-08,1.614328608513497e-09
614,1.400510641717603e-05,1.470669992368874e-08,1.59873246482069e-09
615,1.3855566549231e-05,1.454710566618835e-08,1.583283665178451e-09
616,1.370742881448005e-05,1.438925270506697e-08,1.567981218448866e-09
617,1.356126335551124e-05,1.423312275619739e-08,1.552825339842701e-09
618,1.34169044641922e-05,1.407869748217904e-08,1.537813531263637e-09
619,1.327374407836985e-05,1.392595848289697e-08,1.522944293345412e-09
620,1.313281830199745e-05,1.377488732032291e-08,1.508216846551115e-09
621,1.299357461403376e-05,1.362546556677347e-08,1.493629468276987e-09
622,1.28546789561213e-05,1.347767482776861e-08,1.479178709790195e-09
623,1.271692221210975e-05,1.33314967647774e-08,1.464866566492141e-09
624,1.258137063803244e-05,1.318691311869584e-08,1.450691635535607e-09
625,1.244819631861428e-05,1.304390576903398e-08,1.436651717435869e-09
626,1.231595228186505e-05,1.290245676052309e-08,1.422745544679208e-09
627,1.218525362362486e-05,1.276254832499657e-08,1.408971624796438e-09
628,1.20559523602614e-05,1.262416290737437e-08,1.395328731421478e-09
629,1.192781441452205e-05,1.248728319185195e-08,1.381815628614686e-09
630,1.180071238826148e-05,1.235189211791844e-08,1.368430677090364e-09
631,1.167447304710556e-05,1.221797289245047e-08,1.355172087246427e-09
632,1.154903234863771e-05,1.208550899784934e-08,1.342040497180399e-09
633,1.142517193010916e-05,1.195448419655425e-08,1.329033958981764e-09
634,1.130334945393444e-05,1.182488251328354e-08,1.316151214786004e-09
635,1.118263230641133e-05,1.169668825789262e-08,1.303391143484834e-09
636,1.106324959819893e-05,1.156988601234625e-08,1.290752638657278e-09
637,1.094511370668173e-05,1.144446061888198e-08,1.278234471173463e-09
638,1.082821499023591e-05,1.132039713053848e-08,1.265835420126811e-09
639,1.071254398897913e-05,1.119768081730775e-08,1.253554421218004e-09
640,1.059732816210607e-05,1.107629719549801e-08,1.241390420337173e-09
641,1.048316201675047e-05,1.095623198695209e-08,1.229342439053992e-09
642,1.037127135397153e-05,1.083747104245723e-08,1.217409459643376e-09
643,1.026067576972802e-05,1.072000043619135e-08,1.205590319005262e-09
644,1.015134610353806e-05,1.060380634698894e-08,1.193883977006997e-09
645,1.004248268970365e-05,1.048887513321257e-08,1.182289527875534e-09
646,9.934231544976779e-06,1.037519328699655e-08,1.17080591046509e-09
647,9.828714920134118e-06,1.026274749796427e-08,1.159432041258298e-09
648,9.724255350576972e-06,1.015152437877212e-08,1.148166930561542e-09
649,9.62075180810953e-06,1.004151073111751e-08,1.137009621556469e-09
650,9.5183070248635e-06,9.932693592507976e-09,1.125959041781244e-09
651,9.41671968428755e-06,9.825059997791525e-09,1.115014280667909e-09
652,9.316304450775265e-06,9.71859708155888e-09,1.104174396627045e-09
653,9.216793460036042e-06,9.613292102206782e-09,1.093438266812652e-09
654,9.11845054724233e-06,9.50913243352926e-09,1.082805023835794e-09
655,9.021012725616324e-06,9.406105590663673e-09,1.072273728834381e-09
656,8.92481181784721e-06,9.30419915045438e-09,1.061843430583147e-09
657,8.82912558734842e-06,9.20340083782646e-09,1.051513042549328e-09
658,8.735011032967675e-06,9.10369843415344e-09,1.041281618020176e-09
659,8.642074647502302e-06,9.005079915613639e-09,1.031148264805936e-09
660,8.550120809177206e-06,8.907533350444354e-09,1.021112013833304e-09
661,8.458712967295012e-06,8.811046956307432e-09,1.011172126240489e-09
662,8.36796307197158e-06,8.715609120398278e-09,1.001327100232702e-09
663,8.27831696087482e-06,8.621208280471517e-09,9.915766745863937e-10
664,8.189718031278504e-06,8.52783302410658e-09,9.819198950296889e-10
665,8.101695767158295e-06,8.435472101092187e-09,9.72355869219432e-10
666,8.01522876397495e-06,8.344114389150387e-09,9.628837549649025e-10
667,7.929813069025801e-06,8.253748942347472e-09,9.535027001524456e-10
668,7.845254763826448e-06,8.164364917267824e-09,9.44211694475143e-10
669,7.761872922500521e-06,8.075951559739015e-09,9.350098051831753e-10
670,7.67921235805796e-06,7.988498283158605e-09,9.258961874102832e-10
671,7.597330490706374e-06,7.90199462601292e-09,9.168702028004048e-10
672,7.516745044760538e-06,7.816430277565115e-09,9.079311742145518e-10
673,7.436971549033612e-06,7.731795013370347e-09,8.990780654554959e-10
674,7.357963035789762e-06,7.648078749524956e-09,8.903100523861737e-10
675,7.279696402456269e-06,7.565271514472245e-09,8.816264280891153e-10
676,7.202397417625217e-06,7.483363423375535e-09,8.730264274224402e-10
677,7.125840705221312e-06,7.402344709302194e-09,8.645092993108643e-10
678,7.050053553189032e-06,7.322205755269851e-09,8.560741832628323e-10
679,6.975006566532195e-06,7.242937010567328e-09,8.477203233532118e-10
680,6.900712181309012e-06,7.164529020395961e-09,8.394469612993026e-10
681,6.827221634673984e-06,7.086972445603236e-09,8.312534069042916e-10
682,6.75431744472287e-06,7.010258015351909e-09,8.231388734530412e-10
683,6.68230124651474e-06,6.934376580053583e-09,8.151026411788152e-10
684,6.611090114051753e-06,6.859319083362075e-09,8.071438448055255e-10
685,6.540723298619577e-06,6.785076565441356e-09,7.992617415770571e-10
686,6.471114230518624e-06,6.711640166258105e-09,7.914556896251015e-10
687,6.402228490891593e-06,6.639001106009415e-09,7.837249953819056e-10
688,6.334064792363167e-06,6.567150731372688e-09,7.760689943292218e-10
689,6.266637100673395e-06,6.496080421582875e-09,7.684868944152897e-10
690,6.199943869781144e-06,6.425781663552352e-09,7.609780160668388e-10
691,6.133955579613162e-06,6.356246051205683e-09,7.535415945141515e-10
692,6.068663803570417e-06,6.287465280823765e-09,7.461769129853426e-10
693,6.004068943226787e-06,6.219431094962724e-09,7.388833292352828e-10
694,5.940057897842235e-06,6.152135368814024e-09,7.316603416105186e-10
695,5.87651579392302e-06,6.08557008432274e-09,7.245071749321195e-10
696,5.813756810426084e-06,6.019727241375201e-09,7.17423203799809e-10
697,5.751828589871661e-06,5.954598941299218e-09,7.104077354001462e-10
698,5.69061373406954e-06,5.89017739423322e-09,7.034601003673922e-10
699,5.630102243617237e-06,5.826454896563317e-09,6.965796695791448e-10
700,5.570312994192667e-06,5.763423846630672e-09,6.897657357690521e-10
701,5.510785270972174e-06,5.701076722196547e-09,6.830176958979297e-10
702,5.452072822781257e-06,5.639406058470376e-09,6.763351405317368e-10
703,5.394207382280386e-06,5.578404497710932e-09,6.697173438032949e-10
704,5.336925787872403e-06,5.518064738378085e-09,6.631636788388779e-10
705,5.280118653725586e-06,5.458379576415921e-09,6.566734603334858e-10
706,5.223840483572761e-06,5.39934189623183e-09,6.502460070700274e-10
707,5.168265680644281e-06,5.340944673897993e-09,6.438808178094567e-10
708,5.113318327156643e-06,5.28318097250058e-09,6.37577057778956e-10
709,5.058931183566257e-06,5.226043900977171e-09,6.313346508784647e-10
710,5.005153433613104e-06,5.169526616092494e-09,6.251528362024317e-10
711,4.951939689039552e-06,5.113622365394701e-09,6.1903095572385e-10
712,4.899289107901952e-06,5.058324482034708e-09,6.129683876584231e-10
713,4.847206115236048e-06,5.003626357767202e-09,6.0696461373332e-10
714,4.795667182780023e-06,4.949521473189953e-09,6.010190989397086e-10
715,4.744721796547914e-06,4.896003382267181e-09,5.951313339744964e-10
716,4.694331469621717e-06,4.843065705064723e-09,5.893006475221002e-10
717,4.644439253790888e-06,4.7907021432601e-09,5.835265290244366e-10
718,4.595027625359832e-06,4.738906442621933e-09,5.778085842622563e-10
719,4.546114504417739e-06,4.687672425198687e-09,5.721462162148961e-10
720,4.49776549382918e-06,4.636993981874693e-09,5.665388006760545e-10
721,4.449948913502526e-06,4.586865075307537e-09,5.609859161751541e-10
722,4.40264587290319e-06,4.537279747733013e-09,5.554870192120686e-10
723,4.355691642064317e-06,4.488232172801074e-09,5.500415747279513e-10
724,4.309312054815259e-06,4.439716175548457e-09,5.446490547022438e-10
725,4.263468151459667e-06,4.391726163121229e-09,5.39308961497947e-10
726,4.218133517083478e-06,4.344256463972432e-09,5.340207927398427e-10
727,4.173220823958789e-06,4.297301424408113e-09,5.287837166611334e-10
728,4.128421366226475e-06,4.250855453280124e-09,5.235960970855491e-10
729,4.084475103894662e-06,4.204913005331741e-09,5.184601006111759e-10
730,4.041168779862131e-06,4.159468603371634e-09,5.13374701764776e-10
731,3.998280414353041e-06,4.114516811601146e-09,5.08338885453293e-10
732,3.955619526918637e-06,4.070052272409292e-09,5.033521110914334e-10
733,3.913507955191363e-06,4.02606967545493e-09,4.984139744575347e-10
734,3.872030482764484e-06,3.982563788062327e-09,4.935240512546037e-10
735,3.830957098336627e-06,3.939529430087376e-09,4.88681722372826e-10
736,3.790279469831273e-06,3.896961469738249e-09,4.838865328045162e-10
737,3.75002814141413e-06,3.854854827201929e-09,4.791379752864323e-10
738,3.710197171946571e-06,3.813204488063722e-09,4.744356517161715e-10
739,3.670662997669177e-06,3.772005494428325e-09,4.697791129379149e-10
740,3.631400151003067e-06,3.731252949734258e-09,4.65167897867581e-10
741,3.592697951993623e-06,3.690941992191367e-09,4.606017070867708e-10
742,3.554604180320063e-06,3.651067823477007e-09,4.560800933600461e-10
743,3.516894044334499e-06,3.611625708259603e-09,4.516026332539458e-10
744,3.479568727621368e-06,3.572610967481112e-09,4.471688672201866e-10
745,3.442633493865272e-06,3.534018955118199e-09,4.427783583909508e-10
746,3.406029304167493e-06,3.495845048463664e-09,4.384307092477736e-10
747,3.369756235792917e-06,3.458084703019422e-09,4.341255451135063e-10
748,3.333925050234296e-06,3.420733425325051e-09,4.298623883813009e-10
749,3.298497099614638e-06,3.383786776075107e-09,4.256408072625259e-10
750,3.263457534607806e-06,3.347240368166528e-09,4.214603786673863e-10
751,3.228792520791474e-06,3.311089848312386e-09,4.173207823057018e-10
752,3.194549153330743e-06,3.275330907546706e-09,4.132217587473498e-10
753,3.160684259085086e-06,3.23995929554565e-09,4.091627698534125e-10
754,3.127134899623914e-06,3.204970813332451e-09,4.051433479039689e-10
755,3.093936045627378e-06,3.170361292376657e-09,4.011631650324675e-10
756,3.061089189809325e-06,3.136126608931093e-09,3.972218297847308e-10
757,3.028589575871875e-06,3.102262694901748e-09,3.933189899344176e-10
758,2.996168716942253e-06,3.068765556550628e-09,3.894535164748994e-10
759,2.964204002359501e-06,3.035631178727054e-09,3.856264868126008e-10
760,2.932704716803935e-06,3.002855627110149e-09,3.81837126727601e-10
761,2.901555261294847e-06,2.970435008212512e-09,3.78084922571752e-10
762,2.870751838468149e-06,2.938365451805458e-09,3.743694069041939e-10
763,2.840266645508789e-06,2.906643140313875e-09,3.706903909243945e-10
764,2.810200263174612e-06,2.875264300604432e-09,3.670475353707413e-10
765,2.780484655771589e-06,2.844225204303678e-09,3.634401144239759e-10
766,2.751041729102628e-06,2.813522160982575e-09,3.598679179067787e-10
767,2.721878874269349e-06,2.783151520028806e-09,3.563306279266074e-10
768,2.693011127961535e-06,2.753109701843515e-09,3.528280274884228e-10
769,2.664440573447472e-06,2.723393124055301e-09,3.49359748644235e-10
770,2.636219563777601e-06,2.693998259171073e-09,3.459254381850637e-10
771,2.60836779368605e-06,2.664921596641392e-09,3.425247740603977e-10
772,2.580765973292686e-06,2.636159707588152e-09,3.391574583151342e-10
773,2.553428788526894e-06,2.607709149706933e-09,3.358231372610974e-10
774,2.526384763716519e-06,2.579566538302404e-09,3.325215511057457e-10
775,2.499599363461268e-06,2.551728544526697e-09,3.292523185053981e-10
776,2.472728577875858e-06,2.524191846259823e-09,3.260151340706067e-10
777,2.446531214094222e-06,2.496953167438043e-09,3.228096854354298e-10
778,2.420589716833133e-06,2.470009275330154e-09,3.196356420125973e-10
779,2.394976080852476e-06,2.443356987634631e-09,3.164928234493432e-10
780,2.369659829207838e-06,2.416993125031162e-09,3.133808077266964e-10
781,2.344580285592065e-06,2.390914568939971e-09,3.102993916908185e-10
782,2.319732910378961e-06,2.365118208284991e-09,3.072482022248728e-10
783,2.295138029095868e-06,2.339600987006531e-09,3.042269369761056e-10
784,2.270629691219926e-06,2.314359870987881e-09,3.012353181821824e-10
785,2.246390771427425e-06,2.289391865194375e-09,2.982730461354294e-10
786,2.22260112623804e-06,2.264694021001196e-09,2.953398951266379e-10
787,2.19891784441504e-06,2.24026339123937e-09,2.924355362877191e-10
788,2.175465741967447e-06,2.216097104517771e-09,2.895597102569048e-10
789,2.152498666024959e-06,2.192192294063756e-09,2.86712147386631e-10
790,2.129748855220533e-06,2.168546100445244e-09,2.838925855988177e-10
791,2.10721462152417e-06,2.14515570955612e-09,2.811007482815143e-10
792,2.084906407217188e-06,2.122018342652968e-09,2.783363253677608e-10
793,2.062829460957404e-06,2.099131254759074e-09,2.755990995392393e-10
794,2.04097967870496e-06,2.076491731074678e-09,2.728887898500196e-10
795,2.019275466782993e-06,2.054097084371592e-09,2.702050873300711e-10
796,1.997777002587383e-06,2.031944655907617e-09,2.675478085903796e-10
797,1.976663990648677e-06,2.010031831828506e-09,2.649166554513159e-10
798,1.955769483832399e-06,1.988356013676303e-09,2.623114083969578e-10
799,1.935075317886708e-06,1.96691462907498e-09,2.597317781297559e-10
800,1.914545416204096e-06,1.945705131628289e-09,2.571775433042111e-10
801,1.894205619926091e-06,1.924725009427491e-09,2.546484583511597e-10
802,1.874172027537538e-06,1.903971761532945e-09,2.521442197524736e-10
803,1.854343263260922e-06,1.883442928895662e-09,2.496646660474021e-10
804,1.834710199757087e-06,1.863136092866671e-09,2.47209582873451e-10
805,1.815278199042552e-06,1.843048829333884e-09,2.447786635971287e-10
806,1.796047155747152e-06,1.823178760180184e-09,2.423716635419477e-10
807,1.777017150382946e-06,1.803523544498985e-09,2.399883701228682e-10
808,1.758239603673257e-06,1.784080838877667e-09,2.376285694852226e-10
809,1.739649261205952e-06,1.764848344534932e-09,2.352919895638221e-10
810,1.721239619591384e-06,1.74582377243286e-09,2.32978459668693e-10
811,1.703015747504874e-06,1.72700487621928e-09,2.306877669790183e-10
812,1.684939867620693e-06,1.70838941979531e-09,2.28419626482814e-10
813,1.667055733668299e-06,1.68997520720865e-09,2.261738407545524e-10
814,1.649374994653292e-06,1.67176007846659e-09,2.239501868330044e-10
815,1.631890340315384e-06,1.653741857291421e-09,2.217484790339819e-10
816,1.614596085747145e-06,1.635918392034944e-09,2.19568462513666e-10
817,1.597488219102853e-06,1.618287579178934e-09,2.174099452925899e-10
818,1.580562102363159e-06,1.600847335301337e-09,2.152727288902009e-10
819,1.563711663239473e-06,1.583595583781024e-09,2.131565914999841e-10
820,1.547064895400557e-06,1.566530314443678e-09,2.110613223184875e-10
821,1.530717570832704e-06,1.549649474484788e-09,2.089867494015589e-10
822,1.514536902198357e-06,1.532951060283894e-09,2.069326853270944e-10
823,1.498516437837176e-06,1.516433096363701e-09,2.048988585554056e-10
824,1.48265323681743e-06,1.500093627487676e-09,2.02885068167645e-10
825,1.466949044630103e-06,1.483930722045841e-09,2.008911155074031e-10
826,1.45139354428477e-06,1.467942465494948e-09,1.989168565809992e-10
827,1.436033789865128e-06,1.452126968276077e-09,1.969621913669895e-10
828,1.420845647965308e-06,1.436482366349204e-09,1.950268312456829e-10
829,1.405814465741238e-06,1.421006805108865e-09,1.931105617389657e-10
830,1.390945054908708e-06,1.405698453433396e-09,1.912132126494703e-10
831,1.376230855633881e-06,1.390555498493131e-09,1.893345585144259e-10
832,1.361674056846078e-06,1.375576144333917e-09,1.874744824632662e-10
833,1.347268928936281e-06,1.360758630561926e-09,1.856327479387742e-10
834,1.332960340181814e-06,1.346101198999966e-09,1.838091767355207e-10
835,1.318801620092663e-06,1.331602107743244e-09,1.820036508958615e-10
836,1.304846528207305e-06,1.31725963816279e-09,1.802160047524574e-10
837,1.291039775043613e-06,1.303072113023082e-09,1.78446045029038e-10
838,1.277379519840877e-06,1.289037845437861e-09,1.766935481937465e-10
839,1.26386534507921e-06,1.275155163936924e-09,1.74958333472218e-10
840,1.250493766264263e-06,1.261422419894512e-09,1.732402338360592e-10
841,1.23726359646461e-06,1.247838002216227e-09,1.715390897374483e-10
842,1.224173631680343e-06,1.234400310827595e-09,1.69854807686393e-10
843,1.211176792774977e-06,1.221107762787802e-09,1.681871668421815e-10
844,1.198325980482475e-06,1.207958768398456e-09,1.665360134968783e-10
845,1.185624367127087e-06,1.194951763691942e-09,1.64901248496731e-10
846,1.173073520160594e-06,1.182085226092344e-09,1.632826765473123e-10
847,1.160670253917845e-06,1.169357624511175e-09,1.616801681569052e-10
848,1.148399355689287e-06,1.15676745239127e-09,1.60093525078671e-10
849,1.136252172274435e-06,1.144313236314007e-09,1.585225258014742e-10
850,1.124234275282396e-06,1.13199349134315e-09,1.569670272974709e-10
851,1.112346752803291e-06,1.119806767546483e-09,1.554269484155701e-10
852,1.100576790766323e-06,1.107751626070111e-09,1.539021294755825e-10
853,1.088937052057012e-06,1.09582663527999e-09,1.523924068361105e-10
854,1.077414108021896e-06,1.08403039986891e-09,1.508976053843688e-10
855,1.066015328424873e-06,1.072361509860353e-09,1.494176479230637e-10
856,1.054741147878999e-06,1.060818602899268e-09,1.479523641352136e-10
857,1.043588571370916e-06,1.049400319373716e-09,1.465016136588794e-10
858,1.032561633309007e-06,1.0381052928978e-09,1.450652644338683e-10
859,1.021650235698898e-06,1.026932200560056e-09,1.436431379505316e-10
860,1.010853958082155e-06,1.01587973064076e-09,1.422350647610845e-10
861,1.000171109814411e-06,1.004946563058159e-09,1.408409450825949e-10
862,9.896009880258538e-07,9.941314106524849e-10,1.394606014921456e-10
863,9.791429734279863e-07,9.834329805937796e-10,1.380939859907832e-10
864,9.68796014554911e-07,9.728500096778802e-10,1.367409065962972e-10
865,9.585567247059778e-07,9.623812461716964e-10,1.354012185573581e-10
866,9.484270744786254e-07,9.520254530874815e-10,1.340747947441584e-10
867,9.384059287230947e-07,9.41781408093553e-10,1.327615223599735e-10
868,9.284929249616737e-07,9.31647911896993e-10,1.314613217203265e-10
869,9.186851215292399e-07,9.216237911335795e-10,1.301739983134491e-10
870,9.089807138691526e-07,9.117078418590264e-10,1.28899428639645e-10
871,8.993790956372062e-07,9.018988929530063e-10,1.276374836044978e-10
872,8.898614759825304e-07,8.921957921682529e-10,1.263880931958494e-10
873,8.804849089078968e-07,8.825973988253773e-10,1.251511631359899e-10
874,8.711978128333223e-07,8.731025599297864e-10,1.23926567885872e-10
875,8.619572978414835e-07,8.637101702530346e-10,1.227140945671763e-10
876,8.528179233726059e-07,8.544191084107074e-10,1.215136664291808e-10
877,8.438436389423847e-07,8.452282739384293e-10,1.203251930237849e-10
878,8.349556363476068e-07,8.361365890992886e-10,1.191485314508436e-10
879,8.261548840533323e-07,8.27142981093564e-10,1.179835756414003e-10
880,8.174427629127968e-07,8.182463959705816e-10,1.168301645372962e-10
881,8.088289271337607e-07,8.094457720423155e-10,1.156882322523704e-10
882,8.003020638033529e-07,8.007400932877655e-10,1.145576561818493e-10
883,7.918627188241229e-07,7.921283212043334e-10,1.13438337428271e-10
884,7.835109178097918e-07,7.836094315654644e-10,1.123300964701e-10
885,7.752472745964443e-07,7.751824190301518e-10,1.112328820362871e-10
886,7.670701715263917e-07,7.668463084904699e-10,1.101466008870662e-10
887,7.589794140037631e-07,7.586001036713692e-10,1.090710811806385e-10
888,7.509738620487388e-07,7.504428338538264e-10,1.080062582466026e-10
889,7.430526244986425e-07,7.423735272648624e-10,1.069520111097771e-10
890,7.352158340322376e-07,7.343912324555234e-10,1.059082125974522e-10
891,7.274618968062466e-07,7.264950254229695e-10,1.048748211249891e-10
892,7.197900408723898e-07,7.186839653615222e-10,1.038516638109762e-10
893,7.121994659756019e-07,7.109571256789583e-10,1.028386709555724e-10
894,7.046891683605638e-07,7.033135976509382e-10,1.018357782721719e-10
895,6.972583105181901e-07,6.957525006313672e-10,1.008428504287903e-10
896,6.899035704125657e-07,6.882729349024756e-10,9.985977485609788e-11
897,6.825785497426847e-07,6.808740250392356e-10,9.888646999004018e-11
898,6.753182835439481e-07,6.735548925435178e-10,9.792286431560548e-11
899,6.682231171228537e-07,6.663146795348684e-10,9.696882110950854e-11
900,6.612054041708931e-07,6.591525132958739e-10,9.602427392969296e-11
901,6.542526298270948e-07,6.520675602371602e-10,9.50890982110862e-11
902,6.47367563453475e-07,6.45058981483588e-10,9.41632392269667e-11
903,6.405496578616802e-07,6.381259618073547e-10,9.32466137129031e-11
904,6.338003413614773e-07,6.31267667504625e-10,9.233907430358068e-11
905,6.271223379844037e-07,6.244832910320058e-10,9.144055182119314e-11
906,6.20514996039635e-07,6.177720443828345e-10,9.055099247587726e-11
907,6.139776381942778e-07,6.111331477509399e-10,8.967028344162772e-11
908,6.07509536140534e-07,6.045658132954254e-10,8.879833497493366e-11
909,6.011098565953056e-07,5.980692588966533e-10,8.793504827320334e-11
910,5.94777814861918e-07,5.916427115271872e-10,8.708038420261797e-11
911,5.885127094426473e-07,5.852854201199099e-10,8.62342289370089e-11
912,5.823138587939967e-07,5.789966482125912e-10,8.539650157237211e-11
913,5.761804654753844e-07,5.727756438664004e-10,8.456709554923452e-11
914,5.701120536661368e-07,5.666216877126743e-10,8.374594904136983e-11
915,5.64108282666728e-07,5.605340499569353e-10,8.293299067962917e-11
916,5.58167852033545e-07,5.545120133951785e-10,8.212815864508904e-11
917,5.52289246260773e-07,5.48554860002376e-10,8.133133141707748e-11
918,5.464734604447656e-07,5.426618872793266e-10,8.054246275735655e-11
919,5.407219286710751e-07,5.368324035044481e-10,7.976144615205768e-11
920,5.350333192735986e-07,5.310657281125131e-10,7.898823052604065e-11
921,5.294037830039765e-07,5.253611830091112e-10,7.822271112678229e-11
922,5.238325202537342e-07,5.197181191728628e-10,7.74648384769105e-11
923,5.183199370499552e-07,5.141358455683128e-10,7.671452608773111e-11
924,5.128656816781047e-07,5.086137093427842e-10,7.597170919035237e-11
925,5.074690356527902e-07,5.031510595166573e-10,7.52363180768718e-11
926,5.021295298371476e-07,4.977472559679543e-10,7.450825692208826e-11
927,4.968465176354132e-07,4.92401654989727e-10,7.378748444925936e-11
928,4.916193425073205e-07,4.871136378543025e-10,7.307389906543388e-11
929,4.864477654695902e-07,4.818825880830613e-10,7.236745953304213e-11
930,4.813310284187252e-07,4.767078841411859e-10,7.166808531942522e-11
931,4.76268502645986e-07,4.715889226007964e-10,7.09757329511905e-11
932,4.712599907632476e-07,4.665250929745798e-10,7.029030700145744e-11
933,4.663043894404413e-07,4.615158050812164e-10,6.961174509794382e-11
934,4.613951677497348e-07,4.565604647684223e-10,6.893998663864422e-11
935,4.565392934860987e-07,4.516585006682442e-10,6.827491863373413e-11
936,4.517365860160516e-07,4.468093302634623e-10,6.761638292774348e-11
937,4.469859034899038e-07,4.420123791561037e-10,6.696430947845358e-11
938,4.422860999006011e-07,4.372670831052655e-10,6.631862941798265e-11
939,4.376362305434458e-07,4.325728919335014e-10,6.567928245707117e-11
940,4.330360697896214e-07,4.279292482132559e-10,6.504621193914262e-11
941,4.284848213720268e-07,4.233356014703051e-10,6.441935247857542e-11
942,4.239818914566536e-07,4.187914248784276e-10,6.379863537958871e-11
943,4.195267099230257e-07,4.142961698106474e-10,6.318400525546996e-11
944,4.151188476219537e-07,4.098493115338806e-10,6.257540001417795e-11
945,4.107575889647714e-07,4.054503254658022e-10,6.197275849489714e-11
946,4.064426428636338e-07,4.010986950792791e-10,6.137602091453246e-11
947,4.021734014122228e-07,3.967939185353217e-10,6.078513526836493e-11
948,3.97949503923665e-07,3.925354824798831e-10,6.020004354466859e-11
949,3.937703007468869e-07,3.883228904192508e-10,5.96206859382295e-11
950,3.896353877489618e-07,3.841556597220163e-10,5.904700496380895e-11
951,3.855442099360953e-07,3.800332984594766e-10,5.847895002515179e-11
952,3.81496316921655e-07,3.75955304520774e-10,5.79164566955331e-11
953,3.774913213869998e-07,3.719212047742995e-10,5.735947487773188e-11
954,3.735286655175101e-07,3.679305236224477e-10,5.680795233043115e-11
955,3.696078972422916e-07,3.639827924969404e-10,5.626183343527393e-11
956,3.657281767971793e-07,3.600775447010471e-10,5.572106864619654e-11
957,3.618841061698843e-07,3.562143327071533e-10,5.51856081510224e-11
958,3.580831224509445e-07,3.523926975358799e-10,5.465541268295934e-11
959,3.543237066232007e-07,3.486122033610135e-10,5.413042084574694e-11
960,3.506048684658264e-07,3.4487239056474e-10,5.361057666256539e-11
961,3.469258623290167e-07,3.411728238826525e-10,5.309583276867729e-11
962,3.432861106765371e-07,3.375130658895367e-10,5.258613321460036e-11
963,3.39685001545685e-07,3.338926860724001e-10,5.20814288264983e-11
964,3.36122048712236e-07,3.303112659386535e-10,5.158166818741192e-11
965,3.325967752947543e-07,3.267683911793897e-10,5.108680576091749e-11
966,3.291087440363737e-07,3.232636409387349e-10,5.059679112085024e-11
967,3.256575620119226e-07,3.197966129601062e-10,5.011157498365526e-11
968,3.222428503279476e-07,3.163668938388055e-10,4.963111185503678e-11
969,3.188642904208467e-07,3.129740816576602e-10,4.915535832870805e-11
970,3.155216090371282e-07,3.096177697421635e-10,4.868426639760639e-11
971,3.122143020404429e-07,3.062975684910869e-10,4.821778638799766e-11
972,3.089418766740441e-07,3.030130912408456e-10,4.775587329702134e-11
973,3.057039915067767e-07,2.997639447243293e-10,4.729848472703858e-11
974,3.024999682980753e-07,2.965497395238577e-10,4.684557142921616e-11
975,2.993297249463242e-07,2.933701049968662e-10,4.639709660268666e-11
976,2.961932694285744e-07,2.902246654401676e-10,4.595302041905691e-11
977,2.930900473576562e-07,2.871130611016412e-10,4.551329740156864e-11
978,2.900197428119928e-07,2.840349268350614e-10,4.507788347301156e-11
979,2.869819516448993e-07,2.809899071749784e-10,4.464672880879243e-11
980,2.83974962589859e-07,2.779776396604598e-10,4.421979304949079e-11
981,2.809801205046869e-07,2.749977706317704e-10,4.37970430839172e-11
982,2.780361164639477e-07,2.72049958574288e-10,4.337844006740519e-11
983,2.751347508399308e-07,2.691338462144436e-10,4.29639397857525e-11
984,2.722602333815957e-07,2.662490995431354e-10,4.255349727855351e-11
985,2.694141465985003e-07,2.633953802925554e-10,4.214708033646231e-11
986,2.665973519033337e-07,2.605723450560859e-10,4.174464307268621e-11
987,2.638095424898039e-07,2.577796687476734e-10,4.134614480015613e-11
988,2.610507338815269e-07,2.550170185405869e-10,4.095155133055659e-11
989,2.583206194357347e-07,2.5228408651322e-10,4.056082242251283e-11
990,2.556190793877979e-07,2.495805437456097e-10,4.017391988886994e-11
991,2.529457650826574e-07,2.469060604626166e-10,3.979080359773002e-11
992,2.503004581564775e-07,2.442603368706139e-10,3.94114377160512e-11
993,2.476829570253411e-07,2.416430701293419e-10,3.903578265823419e-11
994,2.450929816375708e-07,2.39053943474331e-10,3.866380297844826e-11
995,2.425302945116295e-07,2.364926518457171e-10,3.829545957366579e-11
996,2.399945965944785e-07,2.339589076179089e-10,3.793072044763619e-11
997,2.374857427640882e-07,2.314524011335786e-10,3.756954554339911e-11
998,2.350034223281961e-07,2.289728379234591e-10,3.721189912567986e-11
999,2.325473979038855e-07,2.265199216763582e-10,3.685774873025038e-11
1000,2.301173509172656e-07,2.24093366765856e-10,3.65070613044393e-11
1001,2.277129042424743e-07,2.216929066939684e-10,3.615980402441268e-11
1002,2.253337655817867e-07,2.193182556055157e-10,3.581595155166517e-11
1003,2.229797180819013e-07,2.16969132533744e-10,3.547546970603609e-11
1004,2.206504922206499e-07,2.146452758981052e-10,3.513832100015395e-11
1005,2.183457735878697e-07,2.123463940015532e-10,3.480447687028978e-11
1006,2.160658924897035e-07,2.100722157006601e-10,3.447389907623724e-11
1007,2.138101897394106e-07,2.07822473818349e-10,3.414655273441804e-11
1008,2.115783035622537e-07,2.055969196078597e-10,3.38224044428628e-11
1009,2.093699578504408e-07,2.03395282899315e-10,3.350142363206154e-11
1010,2.071847053908503e-07,2.012173091554508e-10,3.318358204029963e-11
1011,2.050226840764988e-07,1.990627377897861e-10,3.286886053030847e-11
1012,2.028835274825503e-07,1.969313156506679e-10,3.255721330950617e-11
1013,2.007670266150913e-07,1.948227950924187e-10,3.224861185537273e-11
1014,1.986729839616408e-07,1.927369310667782e-10,3.194302291145998e-11
1015,1.966009696125713e-07,1.906734755439242e-10,3.164041705864269e-11
1016,1.945507748892092e-07,1.886321981943118e-10,3.134076319146503e-11
1017,1.925223032027261e-07,1.866128558094736e-10,3.104403359819502e-11
1018,1.905152082860178e-07,1.846152186974515e-10,3.07502002212607e-11
1019,1.88529418235514e-07,1.826390514556565e-10,3.045923759848175e-11
1020,1.865646698435162e-07,1.806841207616634e-10,3.017111516559078e-11
1021,1.846202751295778e-07,1.787501913161774e-10,2.988580450784e-11
1022,1.826949862123554e-07,1.768370354906291e-10,2.960327842814643e-11
1023,1.807905202146253e-07,1.749444251111475e-10,2.932351209892365e-11
1024,1.789065507509804e-07,1.730721470362484e-10,2.904648287962631e-11
1025,1.770426889922046e-07,1.71219986161831e-10,2.877216593650501e-11
1026,1.751987085181844e-07,1.693877268346835e-10,2.850053340387758e-11
1027,1.733742486514583e-07,1.675751540785044e-10,2.823155038401793e-11
1028,1.715689936376623e-07,1.657820582047507e-10,2.796519216423211e-11
1029,1.697827300314758e-07,1.640082217461404e-10,2.77014369230405e-11
1030,1.680152640981955e-07,1.622534325723437e-10,2.744025655957472e-11
1031,1.662664682876857e-07,1.605174925231633e-10,2.718162998580694e-11
1032,1.645362426213072e-07,1.588001897170113e-10,2.692552480183332e-11
1033,1.628242402889405e-07,1.571013240373978e-10,2.667191853309896e-11
1034,1.611303696879862e-07,1.554207036400272e-10,2.642078537882316e-11
1035,1.594543539988417e-07,1.53758137699991e-10,2.61720978377694e-11
1036,1.577959469952693e-07,1.521134175458923e-10,2.592583622686421e-11
1037,1.561549944727731e-07,1.504863514838235e-10,2.568197335876113e-11
1038,1.545313715310129e-07,1.488767591606705e-10,2.544048619085751e-11
1039,1.529249034775157e-07,1.472844564807973e-10,2.520134930931961e-11
1040,1.51335364288452e-07,1.457092453756977e-10,2.496454244295239e-11
1041,1.497626285756542e-07,1.441509505097521e-10,2.47300460507596e-11
1042,1.482064418521076e-07,1.426093944250015e-10,2.449783717313347e-11
1043,1.46666599897068e-07,1.410843930744106e-10,2.426788879092709e-11
1044,1.451429800308764e-07,1.395757688765981e-10,2.404018251368141e-11
1045,1.436353849029797e-07,1.380833402131803e-10,2.381469375566602e-11
1046,1.421436920449855e-07,1.366069266633572e-10,2.359140613915853e-11
1047,1.406676902275404e-07,1.351463622755051e-10,2.337029439091855e-11
1048,1.39207272224023e-07,1.337014816428962e-10,2.315133837218366e-11
1049,1.377621861680864e-07,1.322721214443295e-10,2.293451446159334e-11
1050,1.363322869670289e-07,1.308581223441475e-10,2.27198013425942e-11
1051,1.349174035425389e-07,1.294593018412673e-10,2.250718123529185e-11
1052,1.335173710371924e-07,1.280754977026535e-10,2.229663513436907e-11
1053,1.321320534611668e-07,1.267065460994609e-10,2.208813631028523e-11
1054,1.307612734881567e-07,1.253522931437703e-10,2.188166852390869e-11
1055,1.29404916332754e-07,1.24012575237793e-10,2.167721049369011e-11
1056,1.280628226145405e-07,1.22687231296765e-10,2.147474249781418e-11
1057,1.267348199880418e-07,1.213761151858884e-10,2.127424194217439e-11
1058,1.254207741110587e-07,1.200790746930726e-10,2.107568931956727e-11
1059,1.241205224108001e-07,1.187959530279346e-10,2.08790676023943e-11
1060,1.228339659308474e-07,1.175265964985465e-10,2.068435642033975e-11
1061,1.215609219591636e-07,1.162708611977013e-10,2.049153737789127e-11
1062,1.203012911759914e-07,1.150286090510947e-10,2.030059198592888e-11
1063,1.190549727950255e-07,1.137997017512425e-10,2.011150142198883e-11
1064,1.17822123562576e-07,1.125839779464831e-10,1.992425069822439e-11
1065,1.166022390492562e-07,1.11381298945836e-10,1.97388210317075e-11
1066,1.153951200721928e-07,1.10191541404472e-10,1.955519441708667e-11
1067,1.142006489167064e-07,1.090145656085654e-10,1.93733537918686e-11
1068,1.130186673675756e-07,1.078502158326579e-10,1.91932788821408e-11
1069,1.11849152569401e-07,1.066983622172533e-10,1.901495166471154e-11
1070,1.106919936633945e-07,1.055588662745037e-10,1.883835288710864e-11
1071,1.095469639863669e-07,1.044315928704002e-10,1.866346519713283e-11
1072,1.084139432916054e-07,1.03316413490337e-10,1.849027259915912e-11
1073,1.072928505105347e-07,1.022131970107934e-10,1.831876459603031e-11
1074,1.061835368217453e-07,1.011218220773009e-10,1.814892190779334e-11
1075,1.050858698320858e-07,1.000421529254252e-10,1.798072591895024e-11
1076,1.039998013669154e-07,9.897407695896351e-11,1.78141636342947e-11
1077,1.029252800358724e-07,9.791745410850468e-11,1.764921589128307e-11
1078,1.018621458007628e-07,9.687217078455471e-11,1.748586500274466e-11
1079,1.008101950434335e-07,9.583810626342835e-11,1.732409588404284e-11
1080,9.976924560889718e-08,9.481513376096548e-11,1.716389664073077e-11
1081,9.873901994107388e-08,9.380314545224279e-11,1.7005254522977e-11
1082,9.771968367214165e-08,9.28020157093156e-11,1.684815293902769e-11
1083,9.671112812869538e-08,9.181161572055023e-11,1.669257666518278e-11
1084,9.571317427700472e-08,9.083183118928064e-11,1.653850847982034e-11
1085,9.472568062811048e-08,8.986256409790255e-11,1.638593278699397e-11
1086,9.374856572691084e-08,8.890368611452694e-11,1.623483360227891e-11
1087,9.278174216046164e-08,8.795508230194623e-11,1.608519741773699e-11
1088,9.182505002906335e-08,8.701664592792427e-11,1.593700831890017e-11
1089,9.087852630196079e-08,8.608828113287992e-11,1.579025322850069e-11
1090,8.994202853198633e-08,8.516986960227602e-11,1.564491740213031e-11
1091,8.901539077076714e-08,8.426131513400136e-11,1.550098584524345e-11
1092,8.809848809945796e-08,8.336251004739312e-11,1.5358444509746e-11
1093,8.719119728715488e-08,8.247335831793988e-11,1.521728215551725e-11
1094,8.629342802109237e-08,8.15937535755842e-11,1.507748412574855e-11
1095,8.540506635646707e-08,8.072358445715386e-11,1.493903762372803e-11
1096,8.452601944477745e-08,7.986273931226128e-11,1.480193040008968e-11
1097,8.365621131201316e-08,7.901112932152418e-11,1.466614659167102e-11
1098,8.279552048146977e-08,7.816865429685947e-11,1.453167603443581e-11
1099,8.194383732094086e-08,7.733521833909754e-11,1.439850434527582e-11
1100,8.11011181618848e-08,7.65107100837651e-11,1.426662105842427e-11
1101,8.02672043026766e-08,7.569503380107791e-11,1.413601292619322e-11
1102,7.944199809960829e-08,7.488810615645183e-11,1.400666595446996e-11
1103,7.862542871647604e-08,7.408984587820542e-11,1.387856799336696e-11
1104,7.781748990768997e-08,7.330015349890552e-11,1.375170650850853e-11
1105,7.701803197729345e-08,7.25189224451645e-11,1.36260697980382e-11
1106,7.62269332861293e-08,7.174606704036353e-11,1.350164639452119e-11
1107,7.544420135344378e-08,7.098150567441692e-11,1.337842195661422e-11
1108,7.466966635713019e-08,7.022513853937878e-11,1.32563864100361e-11
1109,7.390322612947225e-08,6.947688110824045e-11,1.313552743474575e-11
1110,7.314481592444182e-08,6.873665013975205e-11,1.301583162137043e-11
1111,7.239435128359142e-08,6.800436393245906e-11,1.289729030291183e-11
1112,7.165181746924373e-08,6.727993507014338e-11,1.277989058106349e-11
1113,7.09170635497397e-08,6.656328420012551e-11,1.266361956951858e-11
1114,7.01900674063993e-08,6.585431209653745e-11,1.254846866918081e-11
1115,6.94707566860904e-08,6.515293974533284e-11,1.243442894350235e-11
1116,6.875897136819947e-08,6.445908636280308e-11,1.232148825109342e-11
1117,6.805463169488286e-08,6.377267171736464e-11,1.220963403294739e-11
1118,6.735771469992672e-08,6.309362213275668e-11,1.209885534595766e-11
1119,6.666818660386256e-08,6.242185699789044e-11,1.198914571714065e-11
1120,6.598587097769109e-08,6.175730516355158e-11,1.188049025026874e-11
1121,6.531057121491345e-08,6.109988502996249e-11,1.177288061493353e-11
1122,6.464259251048667e-08,6.044951142090221e-11,1.166630511146047e-11
1123,6.398155803143703e-08,5.980610658743553e-11,1.156075546338891e-11
1124,6.33273923686208e-08,5.916959443265885e-11,1.145621672711896e-11
1125,6.268008483283839e-08,5.853991180626921e-11,1.135268191344924e-11
1126,6.203955088132747e-08,5.791698727867774e-11,1.125014321259219e-11
1127,6.140572653874026e-08,5.730074852607534e-11,1.11485884060311e-11
1128,6.077851142420938e-08,5.669111583689011e-11,1.10480088543063e-11
1129,6.015785441490726e-08,5.608800989887629e-11,1.094839274974139e-11
1130,5.954369631368506e-08,5.54913765116102e-11,1.084973126267121e-11
1131,5.893595892393367e-08,5.490114158512427e-11,1.075201558667821e-11
1132,5.833458457761593e-08,5.431723772872518e-11,1.06552356545205e-11
1133,5.773947555967995e-08,5.373960052689907e-11,1.055938386529232e-11
1134,5.715061696418802e-08,5.316817265114086e-11,1.046445198720607e-11
1135,5.656791361064221e-08,5.260287750024056e-11,1.037042910114818e-11
1136,5.59913542063936e-08,5.204364121425733e-11,1.027730798863746e-11
1137,5.542084322841747e-08,5.149040755768744e-11,1.018507933602767e-11
1138,5.48563530480391e-08,5.094311794951832e-11,1.009373338785595e-11
1139,5.429776346327078e-08,5.040171020878753e-11,1.000326207484937e-11
1140,5.374498339374509e-08,4.98661130488158e-11,9.913658997616873e-12
1141,5.319798955163647e-08,4.933626728401419e-11,9.824911655407716e-12
1142,5.265672493696044e-08,4.881210432341239e-11,9.737012196037995e-12
1143,5.212112263641093e-08,4.829356758137624e-11,9.649953504178011e-12
1144,5.159114871688991e-08,4.77806033082728e-11,9.563728255436574e-12
1145,5.106675610535916e-08,4.727314380242372e-11,9.478326496439951e-12
1146,5.054783061472146e-08,4.677113411421575e-11,9.393740059688182e-12
1147,5.003438665596864e-08,4.627451553965201e-11,9.30996187278265e-12
1148,4.952629372484086e-08,4.578321960444328e-11,9.226983985833852e-12
1149,4.902349981541156e-08,4.529720119705036e-11,9.144798115033967e-12
1150,4.852594841607243e-08,4.481638702563851e-11,9.063397562311327e-12
1151,4.803357645081827e-08,4.434072298340329e-11,8.982773781324979e-12
1152,4.754635126513661e-08,4.387015376309676e-11,8.90291798393821e-12
1153,4.706426833611388e-08,4.340463979449461e-11,8.823822684458061e-12
1154,4.658727836817818e-08,4.29441285471356e-11,8.745481753001389e-12
1155,4.611528941824983e-08,4.248855928919261e-11,8.667887284372238e-12
1156,4.564824064541836e-08,4.203787772723062e-11,8.591032503107854e-12
1157,4.51860822672598e-08,4.159202408109546e-11,8.5149114097401e-12
1158,4.472878798410973e-08,4.115095570979159e-11,8.439516944260329e-12
1159,4.427627713184398e-08,4.071461630273605e-11,8.364838202598309e-12
1160,4.382851314886867e-08,4.028294391299309e-11,8.290868722453723e-12
1161,4.338540112253408e-08,3.985589973858447e-11,8.217603773556347e-12
1162,4.294692281516912e-08,3.943343613535583e-11,8.145035086368838e-12
1163,4.251303989391877e-08,3.901551641368081e-11,8.073156070025589e-12
1164,4.208371428767786e-08,3.860207893073339e-11,8.001961955731029e-12
1165,4.165885760791162e-08,3.819307006879076e-11,7.931442498515021e-12
1166,4.123842318195491e-08,3.778844229101917e-11,7.861591691403516e-12
1167,4.082239986696548e-08,3.738815248152888e-11,7.7924042941165e-12
1168,4.041069898667302e-08,3.699215017169314e-11,7.72387423329223e-12
1169,4.00032628400762e-08,3.660039428232202e-11,7.655994665860232e-12
1170,3.960006161609953e-08,3.621284563942138e-11,7.588760190871824e-12
1171,3.920104544677929e-08,3.582945558899393e-11,7.522161099178945e-12
1172,3.880620005879134e-08,3.545017684924412e-11,7.456193334646514e-12
1173,3.841549332570382e-08,3.507495984362595e-11,7.390852852875292e-12
1174,3.802886195334268e-08,3.470375356318979e-11,7.32613086202374e-12
1175,3.764624855797426e-08,3.433652608060039e-11,7.262023138489167e-12
1176,3.726762229401354e-08,3.397323243710085e-11,7.198522002694853e-12
1177,3.689292541362319e-08,3.361383649168917e-11,7.135622493199624e-12
1178,3.652213500039858e-08,3.325829455550843e-11,7.073319305174787e-12
1179,3.615517999080071e-08,3.290657123949847e-11,7.011603756836575e-12
1180,3.579202747686512e-08,3.255861362423664e-11,6.950472815700615e-12
1181,3.543262741770202e-08,3.221438347518446e-11,6.889917737388788e-12
1182,3.507695300714137e-08,3.187384873503609e-11,6.829933987389529e-12
1183,3.472498980638294e-08,3.153695698984929e-11,6.770517248599142e-12
1184,3.437667575459325e-08,3.120367396894848e-11,6.711662502804379e-12
1185,3.403197238023357e-08,3.087395183358808e-11,6.653363208047336e-12
1186,3.369084062881753e-08,3.054775994963341e-11,6.595614523911414e-12
1187,3.335326814846925e-08,3.022506230977643e-11,6.538411071039248e-12
1188,3.301922693602472e-08,2.990581814194797e-11,6.481746217388439e-12
1189,3.268871156048621e-08,2.958999296193551e-11,6.425616892205596e-12
1190,3.236164091046399e-08,2.927755431734677e-11,6.370017005287637e-12
1191,3.203797431711269e-08,2.896845543222866e-11,6.314940319452844e-12
1192,3.171766352257834e-08,2.866266061491446e-11,6.260381412619813e-12
1193,3.140068111074226e-08,2.836013403766353e-11,6.206334813163211e-12
1194,3.10869958563252e-08,2.806084763552839e-11,6.152796005571445e-12
1195,3.077658017404982e-08,2.776476956910554e-11,6.099761171465879e-12
1196,3.046936375114522e-08,2.747186143520131e-11,6.047224970987919e-12
1197,3.016533940814448e-08,2.718208738897826e-11,5.995182623541613e-12
1198,2.986445103935753e-08,2.689541137931798e-11,5.943629020114197e-12
1199,2.956666711560682e-08,2.661179472195768e-11,5.892559439143829e-12
1200,2.927196835584874e-08,2.633120746773957e-11,5.84196859044607e-12
1201,2.898033207429176e-08,2.605362536476289e-11,5.791852754933594e-12
1202,2.869171553400818e-08,2.577901915746942e-11,5.742207468868571e-12
1203,2.840609972511086e-08,2.550735217711789e-11,5.693027345651836e-12
1204,2.812342462273916e-08,2.523858905685724e-11,5.64430788831245e-12
1205,2.784371498149368e-08,2.497270343356293e-11,5.596044635480824e-12
1206,2.756687135236151e-08,2.470965610512291e-11,5.548233541918458e-12
1207,2.729289768424787e-08,2.444941562986996e-11,5.50087058577112e-12
1208,2.702174704254024e-08,2.419196216641879e-11,5.453950011082893e-12
1209,2.675339508551789e-08,2.393726481185964e-11,5.40746815238094e-12
1210,2.648783067459187e-08,2.368529151957773e-11,5.361421163572822e-12
1211,2.622502456037589e-08,2.343601234833369e-11,5.315804951670823e-12
1212,2.59649461993542e-08,2.318939487058172e-11,5.270616065314747e-12
1213,2.570753910349928e-08,2.294540735305474e-11,5.22584786249953e-12
1214,2.545277995971303e-08,2.270402948808995e-11,5.181497158068578e-12
1215,2.520066092350338e-08,2.246523197878006e-11,5.137561044066538e-12
1216,2.49511756429846e-08,2.222898844535072e-11,5.094033229043309e-12
1217,2.470427551696072e-08,2.199526959323912e-11,5.050911425925316e-12
1218,2.445992930952179e-08,2.176404982603039e-11,5.008190395381295e-12
1219,2.421811253608593e-08,2.153529994415871e-11,4.965866936800057e-12
1220,2.397877096851548e-08,2.130899925320423e-11,4.923938403622353e-12
1221,2.374189108344201e-08,2.108512361095825e-11,4.882401319507027e-12
1222,2.350745144855586e-08,2.086363964313176e-11,4.84125075674058e-12
1223,2.327541750848361e-08,2.064452560229308e-11,4.80048350503703e-12
1224,2.304575978216446e-08,2.042775358215063e-11,4.760094319432127e-12
1225,2.281846187760305e-08,2.021329694009939e-11,4.720079158032091e-12
1226,2.259350222062635e-08,2.000113232319911e-11,4.68043525189156e-12
1227,2.237087017361375e-08,1.979123053003228e-11,4.641158784381174e-12
1228,2.215054871822113e-08,1.95835721879876e-11,4.602246974738403e-12
1229,2.19324994482965e-08,1.937813134014085e-11,4.563696633725039e-12
1230,2.171669993189462e-08,1.917488596645051e-11,4.525504483471918e-12
1231,2.150312664182405e-08,1.897380774665687e-11,4.48766546038637e-12
1232,2.129175975686327e-08,1.877487262781742e-11,4.450176254043961e-12
1233,2.10825640193436e-08,1.857806374414486e-11,4.413033674019544e-12
1234,2.087556060290691e-08,1.838335974982216e-11,4.37623350259244e-12
1235,2.067071442744483e-08,1.819073532831013e-11,4.339773689626913e-12
1236,2.04680114175673e-08,1.800016526460605e-11,4.303651714268258e-12
1237,2.026739676657018e-08,1.781163067577292e-11,4.267864144181732e-12
1238,2.00688792361368e-08,1.762510943654689e-11,4.232406992437322e-12
1239,1.987244776924258e-08,1.744058219550218e-11,4.19727608921863e-12
1240,1.967805636073571e-08,1.725802418248711e-11,4.162469528920155e-12
1241,1.948568445331245e-08,1.707741606788634e-11,4.127983887362667e-12
1242,1.929528891113413e-08,1.689873737325557e-11,4.093816457718692e-12
1243,1.910683842382663e-08,1.672196095596066e-11,4.059963177205029e-12
1244,1.892030843075642e-08,1.654706734161894e-11,4.026420802270071e-12
1245,1.873570602243474e-08,1.637403854985569e-11,3.993185525230419e-12
1246,1.855299108163959e-08,1.620285333939356e-11,3.960255243426102e-12
1247,1.837214600202067e-08,1.603348961049685e-11,3.927629232308487e-12
1248,1.819314194564171e-08,1.586592848381296e-11,3.895301737502857e-12
1249,1.801597628352456e-08,1.570015387651017e-11,3.863271199466938e-12
1250,1.784062818269279e-08,1.553614801946613e-11,3.8315338311797e-12
1251,1.766708439582403e-08,1.537389562086558e-11,3.800087887331874e-12
1252,1.749532283022199e-08,1.521337377342663e-11,3.768931394610332e-12
1253,1.732530579072754e-08,1.50545626780108e-11,3.738059600642036e-12
1254,1.715702907633093e-08,1.489744772684358e-11,3.707469531907872e-12
1255,1.69904670529459e-08,1.474200622521778e-11,3.677159570855317e-12
1256,1.682560132375626e-08,1.458822222248411e-11,3.647128430532751e-12
1257,1.666244253927028e-08,1.44360765740549e-11,3.617372161658035e-12
1258,1.650095812613938e-08,1.428554803784641e-11,3.587886616199251e-12
1259,1.634112985359782e-08,1.413662328083234e-11,3.558669994854116e-12
1260,1.618294162875461e-08,1.398928631346526e-11,3.529720681097326e-12
1261,1.602638381741914e-08,1.38435176188292e-11,3.501033721116239e-12
1262,1.587141586220996e-08,1.369929669972816e-11,3.472607505416192e-12
1263,1.571802323785141e-08,1.355661187560546e-11,3.444441693885745e-12
1264,1.556619609101861e-08,1.34154508361995e-11,3.416531634960749e-12
1265,1.541591555705393e-08,1.327579273485882e-11,3.38887435204547e-12
1266,1.526717341457112e-08,1.313762251312094e-11,3.36146833464997e-12
1267,1.511993642468966e-08,1.300092319114061e-11,3.334311019056194e-12
1268,1.497420139651598e-08,1.286567654403445e-11,3.307399821230728e-12
1269,1.482996213372069e-08,1.27318714955074e-11,3.280734474564383e-12
1270,1.468720511408114e-08,1.259949661632442e-11,3.254310902799795e-12
1271,1.45459068170974e-08,1.246853020346356e-11,3.228126140523003e-12
1272,1.440604100088857e-08,1.233895999765592e-11,3.202178690397554e-12
1273,1.426759802341484e-08,1.221076984732415e-11,3.176465905220379e-12
1274,1.413056214193708e-08,1.208394274887977e-11,3.150986772332204e-12
1275,1.399491284149508e-08,1.195846688683078e-11,3.125738512053028e-12
1276,1.38606506817763e-08,1.18343275532641e-11,3.100718307919631e-12
1277,1.372774872094037e-08,1.171151044872294e-11,3.075923511988034e-12
1278,1.359619182546074e-08,1.158999781236726e-11,3.051351881663325e-12
1279,1.34659808260985e-08,1.14697761073146e-11,3.027002388976999e-12
1280,1.333709548777982e-08,1.135083067018088e-11,3.002872536207802e-12
1281,1.320952254717677e-08,1.123314978838757e-11,2.978959051212974e-12
1282,1.30832493850775e-08,1.111671833135152e-11,2.9552611184337e-12
1283,1.295825653604394e-08,1.100152377349421e-11,2.931775800666432e-12
1284,1.283454979301297e-08,1.088755757037333e-11,2.908501053192526e-12
1285,1.271210579648152e-08,1.077480727829351e-11,2.885435136913881e-12
1286,1.259089902405345e-08,1.066326075273198e-11,2.862576432476874e-12
1287,1.247093294568493e-08,1.055290049903518e-11,2.839923274151207e-12
1288,1.235218952471154e-08,1.044371538304004e-11,2.817473199109202e-12
1289,1.223464596272079e-08,1.033569090227311e-11,2.79522504067525e-12
1290,1.211829160629308e-08,1.02288136636267e-11,2.773175335068837e-12
1291,1.200311330990358e-08,1.012307294549975e-11,2.751323289626811e-12
1292,1.188909549648176e-08,1.001845568367838e-11,2.729665913399554e-12
1293,1.177622405758679e-08,9.91495046510579e-12,2.708201596618991e-12
1294,1.166449648325845e-08,9.812547657660305e-12,2.686928476006397e-12
1295,1.155390247214713e-08,9.711234691463139e-12,2.665846245711976e-12
1296,1.144441879414414e-08,9.610999844834648e-12,2.644950775593831e-12
1297,1.133604998804934e-08,9.511832218086308e-12,2.624241451653417e-12
1298,1.122877588591774e-08,9.413719475111823e-12,2.603715759916094e-12
1299,1.112257738214489e-08,9.316648068774346e-12,2.583372105867961e-12
1300,1.101745580300878e-08,9.220608996702604e-12,2.563208940375961e-12
1301,1.091340281428173e-08,9.125591736763346e-12,2.543224515340053e-12
1302,1.081038686152101e-08,9.031585439166003e-12,2.523416559967916e-12
1303,1.070841555598094e-08,8.938575082208179e-12,2.503783441319641e-12
1304,1.060747372384717e-08,8.846554202388988e-12,2.484324283313505e-12
1305,1.050754468626772e-08,8.755514852992721e-12,2.465037086732539e-12
1306,1.040862504545801e-08,8.665443241542956e-12,2.445920090439633e-12
1307,1.031069025418443e-08,8.576328157070528e-12,2.426972100049995e-12
1308,1.021375478942885e-08,8.488156450400352e-12,2.408191923397394e-12
1309,1.01177808986783e-08,8.400924482402518e-12,2.389578091999794e-12
1310,1.002277675144098e-08,8.314618895863117e-12,2.371128373981163e-12
1311,9.92873132009868e-09,8.229231362633643e-12,2.352840634269219e-12
1312,9.835636087594537e-09,8.144753216856798e-12,2.334712950045418e-12
1313,9.743477098428597e-09,8.061171860728271e-12,2.316744372774187e-12
1314,9.6522434415178e-09,7.978480249522844e-12,2.298933801023228e-12
1315,9.561924570257016e-09,7.89666592731761e-12,2.281279888454945e-12
1316,9.472524506027591e-09,7.815717339196239e-12,2.263781700893183e-12
1317,9.3840185124383e-09,7.735628472082642e-12,2.246436688447152e-12
1318,9.296405150132159e-09,7.656392136263953e-12,2.229242886922364e-12
1319,9.209676039078898e-09,7.577997104264827e-12,2.212199514765147e-12
1320,9.123797660520773e-09,7.50043262720794e-12,2.19530478917611e-12
1321,9.038785725927757e-09,7.423693840332735e-12,2.178557279914243e-12
1322,8.954626926230559e-09,7.347773662714403e-12,2.161955223629536e-12
1323,8.87130763307927e-09,7.272660837072387e-12,2.145497552719544e-12
1324,8.788827276413643e-09,7.198344854234515e-12,2.129182683025731e-12
1325,8.707162578128673e-09,7.124816597210464e-12,2.113009694538631e-12
1326,8.626322448794763e-09,7.052070568410017e-12,2.096977113103504e-12
1327,8.54628635506098e-09,6.980097698742007e-12,2.081082864242591e-12
1328,8.467053989402878e-09,6.908892330155254e-12,2.065326059273888e-12
1329,8.388609422792041e-09,6.838443014428896e-12,2.049706202607209e-12
1330,8.310945450447262e-09,6.768740944469185e-12,2.03422123081732e-12
1331,8.23405838733005e-09,6.699781462072763e-12,2.018869846537204e-12
1332,8.157932067708698e-09,6.63155483825857e-12,2.003651411639846e-12
1333,8.08255446499237e-09,6.564051199148484e-12,1.988564302308353e-12
1334,8.007948403838482e-09,6.497264659201491e-12,1.973607525323665e-12
1335,7.934093712379574e-09,6.431188066471967e-12,1.958779760086048e-12
1336,7.86098138671443e-09,6.365814870527066e-12,1.944079321269427e-12
1337,7.78860252834973e-09,6.301134275983208e-12,1.929505851045012e-12
1338,7.7169532219097e-09,6.237143166611878e-12,1.915057336127754e-12
1339,7.646020428781787e-09,6.17383310351426e-12,1.900732343459307e-12
1340,7.575791870307878e-09,6.111197443043529e-12,1.886530569740261e-12
1341,7.506272744324315e-09,6.049227257232511e-12,1.872449991127056e-12
1342,7.437441094462542e-09,5.987915864395246e-12,1.858489271959373e-12
1343,7.369298848369386e-09,5.927256595737969e-12,1.8446479973919e-12
1344,7.301816683493688e-09,5.867241515283464e-12,1.830925329312455e-12
1345,7.235016744910443e-09,5.807865655144272e-12,1.817320018711939e-12
1346,7.168885376619004e-09,5.749122873864529e-12,1.803830682781857e-12
1347,7.103403927896746e-09,5.691006157209582e-12,1.790456255583988e-12
1348,7.038571902218702e-09,5.633510697870078e-12,1.777195679567315e-12
1349,6.974384856195037e-09,5.57662742103066e-12,1.764047070562925e-12
1350,6.910847225059461e-09,5.520349655462407e-12,1.751009668380573e-12
1351,6.847932222652432e-09,5.464671073702893e-12,1.738082618500184e-12
1352,6.785647496138919e-09,5.409586107760533e-12,1.725264924507723e-12
1353,6.723973935887383e-09,5.35508934735829e-12,1.71255557566066e-12
1354,6.662915926471224e-09,5.301173033270414e-12,1.699953802109211e-12
1355,6.602459207592071e-09,5.247831507251941e-12,1.687458429236403e-12
1356,6.542595473401559e-09,5.195060347372599e-12,1.675068819422893e-12
1357,6.483321311284741e-09,5.142853320294646e-12,1.662783895466259e-12
1358,6.42463323579079e-09,5.091201645366369e-12,1.650602796570149e-12
1359,6.366530607708797e-09,5.040101944257706e-12,1.63852432069666e-12
1360,6.308999812440149e-09,4.989545435073813e-12,1.626547334799788e-12
1361,6.252031486744713e-09,4.939525023840788e-12,1.614670923625823e-12
1362,6.195637654973399e-09,4.890037325721428e-12,1.602894008902268e-12
1363,6.13978578692061e-09,4.841074299863639e-12,1.591215995345594e-12
1364,6.084481563749716e-09,4.792631181755602e-12,1.579635919903775e-12
1365,6.029734059664938e-09,4.744701499459875e-12,1.568152852014301e-12
1366,5.975515832805032e-09,4.697277454482782e-12,1.556765522654113e-12
1367,5.921820285638181e-09,4.650355366920212e-12,1.545473230136422e-12
1368,5.868657675745259e-09,4.603927075263358e-12,1.534275147664783e-12
1369,5.81601193056592e-09,4.557989493925758e-12,1.52317035345813e-12
1370,5.763878662294916e-09,4.51253687635921e-12,1.512157892437998e-12
1371,5.712262751319611e-09,4.467563570613557e-12,1.501237159162315e-12
1372,5.661150445244464e-09,4.423064152487897e-12,1.490407316003739e-12
1373,5.610548340763804e-09,4.379034908025468e-12,1.479667525012916e-12
1374,5.560432051073926e-09,4.335469006964329e-12,1.469016706569465e-12
1375,5.51081426903192e-09,4.292362858221549e-12,1.458454316039244e-12
1376,5.461689436431341e-09,4.249709893853187e-12,1.447979403884078e-12
1377,5.413034421191981e-09,4.207504313294188e-12,1.437591168203308e-12
1378,5.364865830078366e-09,4.165742512291511e-12,1.427288919275137e-12
1379,5.317165440822346e-09,4.124418913908618e-12,1.417071678956482e-12
1380,5.269922008396746e-09,4.083529485958253e-12,1.406938675409417e-12
1381,5.223144012519148e-09,4.043068547975939e-12,1.396889379561078e-12
1382,5.176821411320206e-09,4.003030453673975e-12,1.386922741821526e-12
1383,5.130955620157343e-09,3.963412536188255e-12,1.377038005263066e-12
1384,5.085536085632191e-09,3.924208528499142e-12,1.367234762611074e-12
1385,5.040554060350078e-09,3.88541551801799e-12,1.357511826351807e-12
1386,4.996012735166749e-09,3.847030118997809e-12,1.347868762636324e-12
1387,4.951911762928808e-09,3.809045214606586e-12,1.338304691363191e-12
1388,4.908229707714514e-09,3.771457200055507e-12,1.328818792420063e-12
1389,4.864977699182327e-09,3.734262097794134e-12,1.319410527162808e-12
1390,4.82214177905875e-09,3.697455265482461e-12,1.310079207332913e-12
1391,4.77971891431531e-09,3.661033802450153e-12,1.300824002490374e-12
1392,4.737709342885316e-09,3.624992900320689e-12,1.291644098082468e-12
1393,4.696104073202294e-09,3.589328445799786e-12,1.282539038059281e-12
1394,4.654906641533915e-09,3.554036806190806e-12,1.273508012701108e-12
1395,4.614131124188088e-09,3.519112655395078e-12,1.264550298422764e-12
1396,4.57373925409477e-09,3.484553396308657e-12,1.255665172426075e-12
1397,4.533741206675491e-09,3.450354932673344e-12,1.246852185173356e-12
1398,4.494126460955949e-09,3.41651298701574e-12,1.238110552813957e-12
1399,4.454896218774293e-09,3.383021614000203e-12,1.229439592102552e-12
1400,4.416043472232523e-09,3.349879138875241e-12,1.220838901450432e-12
1401,4.377571276837866e-09,3.317081214502593e-12,1.212307883854812e-12
1402,4.339466086520855e-09,3.284624234063196e-12,1.203845560754227e-12
1403,4.301733982393108e-09,3.252504514340975e-12,1.195451398066964e-12
1404,4.264358008811393e-09,3.220717671769149e-12,1.187124915924025e-12
1405,4.227349188333661e-09,3.189260986286658e-12,1.17886561469425e-12
1406,4.190686436786735e-09,3.158129785922731e-12,1.170672612412331e-12
1407,4.154387272887411e-09,3.12732183491564e-12,1.1625452679894e-12
1408,4.118428696834389e-09,3.096832795450117e-12,1.154483163157427e-12
1409,4.082829553549015e-09,3.066660322108578e-12,1.146485766864698e-12
1410,4.047561231163878e-09,3.036801463207732e-12,1.13855244865514e-12
1411,4.012634586461558e-09,3.007252215392986e-12,1.130682399474468e-12
1412,3.978040393076216e-09,2.978008766083457e-12,1.122875252366226e-12
1413,3.943786983227075e-09,2.94906845091386e-12,1.115130430162174e-12
1414,3.909846653059302e-09,2.920426388444726e-12,1.107447514468168e-12
1415,3.876238001148155e-09,2.892081133022114e-12,1.099825820385454e-12
1416,3.84295663000529e-09,2.864030052361035e-12,1.092264818593047e-12
1417,3.809989228247989e-09,2.836269164688204e-12,1.084763870986279e-12
1418,3.777338640790063e-09,2.808795771731111e-12,1.077322585069602e-12
1419,3.745001931461339e-09,2.781605278969487e-12,1.069940330834728e-12
1420,3.712977834528769e-09,2.754695809212335e-12,1.062616585768323e-12
1421,3.681263373608625e-09,2.728064141348131e-12,1.055350809609741e-12
1422,3.649840719636014e-09,2.701707395380329e-12,1.048142396267843e-12
1423,3.618722913961249e-09,2.675622045377185e-12,1.040990954984327e-12
1424,3.587894310910154e-09,2.649804871641326e-12,1.033896106255087e-12
1425,3.557359168191966e-09,2.624252933758407e-12,1.026857200036067e-12
1426,3.527119058649234e-09,2.59896358810174e-12,1.019873789096062e-12
1427,3.497162251963158e-09,2.573934517226576e-12,1.012945323611402e-12
1428,3.467490188715424e-09,2.549163377034563e-12,1.006071343139769e-12
1429,3.438093430584848e-09,2.524647642334545e-12,9.992513175097497e-13
1430,3.408991884040851e-09,2.500384534753421e-12,9.924847497805247e-13
1431,3.380156508210377e-09,2.476371070126605e-12,9.857712824387111e-13
1432,3.351595993309129e-09,2.452604301745984e-12,9.791104560343532e-13
1433,3.323317633033189e-09,2.429080792407841e-12,9.725017274910636e-13
1434,3.295304118710076e-09,2.405798814567533e-12,9.659445366233778e-13
1435,3.267555824163289e-09,2.382755326940778e-12,9.59438491695886e-13
1436,3.240065860275052e-09,2.359948798169558e-12,9.529832121765034e-13
1437,3.212837305533791e-09,2.337376792452286e-12,9.465781738580739e-13
1438,3.185872758840559e-09,2.315036334604406e-12,9.402228990751857e-13
1439,3.159155599530809e-09,2.292924903884635e-12,9.339170068504584e-13
1440,3.132697373698905e-09,2.271040518747661e-12,9.276600406370289e-13
1441,3.106471125841112e-09,2.249379748837368e-12,9.214516415550987e-13
1442,3.080506532171686e-09,2.227939862941497e-12,9.152914041827341e-13
1443,3.054780841572086e-09,2.2067190830527e-12,9.091789466981953e-13
1444,3.029292069254693e-09,2.185716304709786e-12,9.031137384570517e-13
1445,3.004046516624666e-09,2.16492745484933e-12,8.970953086044669e-13
1446,2.979028166912087e-09,2.144350390853667e-12,8.911233347817399e-13
1447,2.954252679480489e-09,2.12398327298352e-12,8.851973012971437e-13
1448,2.929702014624328e-09,2.103823732585317e-12,8.793169743821137e-13
1449,2.905379710890703e-09,2.083869741765821e-12,8.7348194804944e-13
1450,2.881284920200354e-09,2.064118754051297e-12,8.676917241305862e-13
1451,2.857411637550574e-09,2.044568831957187e-12,8.619458927792541e-13
1452,2.833774166875662e-09,2.025218061889038e-12,8.562441151618022e-13
1453,2.810350292642545e-09,2.006065102117139e-12,8.505860105465087e-13
1454,2.787147595777787e-09,1.987108243659234e-12,8.449711786102014e-13
1455,2.764157836512277e-09,1.968344169435393e-12,8.393991847431679e-13
1456,2.741378434348787e-09,1.949771062266712e-12,8.338697825413975e-13
1457,2.71881930463258e-09,1.931386204049169e-12,8.283826731735944e-13
1458,2.696468778705104e-09,1.913187574647242e-12,8.229373896785569e-13
1459,2.674322052174592e-09,1.895173343279638e-12,8.175335323813909e-13
1460,2.652379766679636e-09,1.877342776929951e-12,8.12170694057657e-13
1461,2.630646483819851e-09,1.859693488554388e-12,8.068485524288264e-13
1462,2.6091033207918e-09,1.842223035616184e-12,8.015667835074105e-13
1463,2.58777163308672e-09,1.824930110949132e-12,7.963250677964136e-13
1464,2.566628646259279e-09,1.807812023426519e-12,7.911230252839944e-13
1465,2.545681149923878e-09,1.790867332464187e-12,7.85960577639066e-13
1466,2.524919777004889e-09,1.774093909817024e-12,7.808371483881407e-13
1467,2.504357725468041e-09,1.757489964738771e-12,7.757523612835963e-13
1468,2.48398252564374e-09,1.741054136433542e-12,7.707058797973014e-13
1469,2.463795506112259e-09,1.724784435471213e-12,7.656972994249605e-13
1470,2.4437958302942e-09,1.708679187235039e-12,7.607263517916352e-13
1471,2.423971369468628e-09,1.69273637163457e-12,7.557927225540268e-13
1472,2.404336392122098e-09,1.676953936766156e-12,7.508960988592239e-13
1473,2.384882731126061e-09,1.661330547910605e-12,7.460363172340094e-13
1474,2.365596290207361e-09,1.645864533819001e-12,7.412130120739063e-13
1475,2.34649281866215e-09,1.630555371785371e-12,7.364257463186293e-13
1476,2.327571603547694e-09,1.615400093273993e-12,7.316742470874778e-13
1477,2.308820797334866e-09,1.600397081804929e-12,7.269582220278755e-13
1478,2.290237226932145e-09,1.585545488029287e-12,7.222772931781737e-13
1479,2.271820214522789e-09,1.570844078406993e-12,7.176312375599287e-13
1480,2.253576290067147e-09,1.556290284097007e-12,7.130197673880004e-13
1481,2.235499955765754e-09,1.541882833938873e-12,7.084426607673066e-13
1482,2.217590297232277e-09,1.527619887776965e-12,7.038995933884849e-13
1483,2.199839874015381e-09,1.513500535326244e-12,6.993902739163783e-13
1484,2.182251053790599e-09,1.499523579686349e-12,6.949143602941951e-13
1485,2.164821694557051e-09,1.485687573507424e-12,6.904715946588755e-13
1486,2.147552437293162e-09,1.471990591480394e-12,6.860616458777237e-13
1487,2.130436455717829e-09,1.458430460247201e-12,6.816842776549985e-13
1488,2.113483462009746e-09,1.445006689322396e-12,6.773391923080853e-13
1489,2.096667953779258e-09,1.431717562966425e-12,6.730260989256337e-13
1490,2.080018846613205e-09,1.418561029770169e-12,6.687447430884295e-13
1491,2.063513006199137e-09,1.405535856805998e-12,6.644950033559307e-13
1492,2.047159633763372e-09,1.392640939985558e-12,6.602765881071183e-13
1493,2.030950287746859e-09,1.379875045639318e-12,6.560891073585744e-13
1494,2.014892040505724e-09,1.367236572758315e-12,6.519323815834015e-13
1495,1.998969506705095e-09,1.354723813867157e-12,6.47806054616849e-13
1496,1.983199828360497e-09,1.342335680932402e-12,6.43709855409073e-13
1497,1.967567254813534e-09,1.330071118214297e-12,6.396435805123856e-13
1498,1.952076070925728e-09,1.317929014885844e-12,6.35606956143585e-13
1499,1.936721708295989e-09,1.305908345588437e-12,6.315997379135216e-13
1500,1.921513506361574e-09,1.294007088031923e-12,6.2762174927902e-13
1501,1.906425797717934e-09,1.282223928142895e-12,6.236726891234255e-13
1502,1.891490860869843e-09,1.270557996712313e-12,6.197523642852675e-13
1503,1.876682529242312e-09,1.259008579250936e-12,6.158605694072155e-13
1504,1.862002042419301e-09,1.247574221501155e-12,6.119970105542253e-13
1505,1.847455401117497e-09,1.236253424605833e-12,6.081614247619107e-13
1506,1.833038336833161e-09,1.225044758754569e-12,6.043536298187923e-13
1507,1.818750515649613e-09,1.213947021242255e-12,6.005733567041284e-13
1508,1.80459026863226e-09,1.202959500834063e-12,5.968203551730295e-13
1509,1.790552465593769e-09,1.192081177744214e-12,5.930944500374754e-13
1510,1.776641632840815e-09,1.181310688908041e-12,5.893955024462622e-13
1511,1.762853297430093e-09,1.170646837955541e-12,5.85723184472924e-13
1512,1.749190369685183e-09,1.160088580061532e-12,5.820772486541132e-13
1513,1.735648729456568e-09,1.149634795957245e-12,5.784575784912473e-13
1514,1.72222030665659e-09,1.139284352655351e-12,5.748639583898411e-13
1515,1.708916691056298e-09,1.129036397294458e-12,5.712961799623762e-13
1516,1.695727714814613e-09,1.118889231449973e-12,5.677539140749646e-13
1517,1.682655310481957e-09,1.108842025982591e-12,5.642369307880983e-13
1518,1.669703917720969e-09,1.098893823517858e-12,5.607450120545684e-13
1519,1.656858244648474e-09,1.089043605796191e-12,5.572779893143496e-13
1520,1.644130993149866e-09,1.079290424391873e-12,5.538356789093188e-13
1521,1.631508123722173e-09,1.069633664460418e-12,5.504179518492535e-13
1522,1.619012373722032e-09,1.06007187389069e-12,5.470245295400024e-13
1523,1.60661165676316e-09,1.050604331013361e-12,5.436551965525099e-13
1524,1.59432056508582e-09,1.041229390852464e-12,5.403098022989572e-13
1525,1.582144771761463e-09,1.031946573399113e-12,5.369881369678669e-13
1526,1.570075539786292e-09,1.022754831949788e-12,5.336899740323903e-13
1527,1.558108825583811e-09,1.01365349247516e-12,5.304151510474403e-13
1528,1.546244066517922e-09,1.00464143058488e-12,5.271635043927253e-13
1529,1.53448812858137e-09,9.95717864548816e-13,5.239348080818826e-13
1530,1.522833105473208e-09,9.868818380215293e-13,5.207288684684582e-13
1531,1.511279721891326e-09,9.781322547703303e-13,5.175454976785538e-13
1532,1.499830381915931e-09,9.694683872765768e-13,5.1438453208396e-13
1533,1.488477588639949e-09,9.608893908370118e-13,5.112458006550858e-13
1534,1.477228383668419e-09,9.523946843031012e-13,5.081291211147629e-13
1535,1.466075033784305e-09,9.439828400113539e-13,5.050343347008411e-13
1536,1.455018154802142e-09,9.356532313985345e-13,5.019612777167795e-13
1537,1.444054987209172e-09,9.274048949646948e-13,4.989097530593864e-13
1538,1.4331907742979e-09,9.192371047765851e-13,4.958795982983903e-13
1539,1.422421820219453e-09,9.111491669054825e-13,4.928706258973704e-13
1540,1.411739289841088e-09,9.031400845476389e-13,4.898826339316814e-13
1541,1.401155623770072e-09,8.952091205814305e-13,4.869154916402784e-13
1542,1.39066034323526e-09,8.873552478917357e-13,4.839690588848448e-13
1543,1.380255460556175e-09,8.795776562723521e-13,4.810431643597642e-13
1544,1.369945179058736e-09,8.718753940880472e-13,4.781376376740281e-13
1545,1.35971898879819e-09,8.642477779711477e-13,4.752522403858353e-13
1546,1.349584062761659e-09,8.566940429570293e-13,4.723868038902588e-13
1547,1.339530491965711e-09,8.492133668486725e-13,4.695411596594669e-13
1548,1.329568604769254e-09,8.418052232248497e-13,4.667151683164906e-13
1549,1.319688174822272e-09,8.344688107317764e-13,4.639086709643671e-13
1550,1.309893519394599e-09,8.272034905146876e-13,4.611215332239936e-13
1551,1.300183256243924e-09,8.20008291841896e-13,4.583535871390987e-13
1552,1.290555320277937e-09,8.128823322042725e-13,4.556046925431996e-13
1553,1.281013997910415e-09,8.058253557649901e-13,4.5287473719898e-13
1554,1.271550994812976e-09,7.988368022176768e-13,4.501635524718454e-13
1555,1.262170782429886e-09,7.91915746568228e-13,4.474710041340687e-13
1556,1.252866003530418e-09,7.85061596282287e-13,4.44796949267063e-13
1557,1.243642691977112e-09,7.78273461363249e-13,4.421412303196982e-13
1558,1.234498468733893e-09,7.71550642398143e-13,4.395036663747474e-13
1559,1.225434336919502e-09,7.64892533667502e-13,4.368842053437782e-13
1560,1.216440229821678e-09,7.582982852435417e-13,4.342827135537798e-13
1561,1.207527831888814e-09,7.51767344755922e-13,4.31699028241302e-13
1562,1.198688937057893e-09,7.452989311826208e-13,4.291329883584945e-13
1563,1.189928549977693e-09,7.3889287856356e-13,4.265844090233144e-13
1564,1.181241511010932e-09,7.325486730108906e-13,4.24053182121951e-13
1565,1.172627611953166e-09,7.262656764602675e-13,4.215391813812501e-13
1566,1.164083369721367e-09,7.200429501943436e-13,4.190422294676668e-13
1567,1.155614867233805e-09,7.138799766555477e-13,4.165622060035473e-13
1568,1.147214683074743e-09,7.077758693562755e-13,4.140989684594126e-13
1569,1.138886519429288e-09,7.017300129097042e-13,4.116523564593935e-13
1570,1.130623896424078e-09,6.957419042380921e-13,4.092222907190183e-13
1571,1.122440341342188e-09,6.898109861342107e-13,4.068086246445408e-13
1572,1.11432052511191e-09,6.839365434141266e-13,4.044112257787828e-13
1573,1.106267564909797e-09,6.781181929030004e-13,4.020299938411598e-13
1574,1.098286278556802e-09,6.723554547842779e-13,3.996647706190974e-13
1575,1.090367690280967e-09,6.666474820038333e-13,3.973154437958853e-13
1576,1.082507164416809e-09,6.609935745184898e-13,3.949818991320828e-13
1577,1.074724378409196e-09,6.55393475490716e-13,3.926639995516578e-13
1578,1.066998562217483e-09,6.49846479692803e-13,3.903616694299124e-13
1579,1.05934535299894e-09,6.443520568800495e-13,3.880747401747729e-13
1580,1.051751230250702e-09,6.38909618242688e-13,3.858031339354411e-13
1581,1.044221521006258e-09,6.335188386575209e-13,3.83546746365468e-13
1582,1.036748969264709e-09,6.281789541951342e-13,3.813054248556151e-13
1583,1.029350782242547e-09,6.22889772465408e-13,3.790790447945045e-13
1584,1.022004257051889e-09,6.176509514658955e-13,3.768675102827199e-13
1585,1.014720415423028e-09,6.12461724857264e-13,3.746706823622336e-13
1586,1.007496564261368e-09,6.073214485616619e-13,3.724884520808381e-13
1587,1.000339212613695e-09,6.02229628517731e-13,3.703207278724232e-13
1588,9.932258101417037e-10,5.97185683475139e-13,3.681673800406658e-13
1589,9.861817395717426e-10,5.921892987923507e-13,3.660283257997867e-13
1590,9.79194348123863e-10,5.872400133107434e-13,3.639034303851916e-13
1591,9.722641528203583e-10,5.823374100302749e-13,3.617926040473833e-13
1592,9.653948030361048e-10,5.774808686956772e-13,3.596957270080399e-13
1593,9.585732290374772e-10,5.726699007587705e-13,3.576126792869037e-13
1594,9.51815691432132e-10,5.679042848713701e-13,3.555433481317151e-13
1595,9.451123691659383e-10,5.631836653738693e-13,3.53487620762406e-13
1596,9.38465536571941e-10,5.585073557825253e-13,3.514453830488878e-13
1597,9.318672681138322e-10,5.538748616583061e-13,3.494165570164409e-13
1598,9.253324879831858e-10,5.492858160390113e-13,3.474010131811604e-13
1599,9.188359779481485e-10,5.447398615337445e-13,3.453986596578855e-13
1600,9.124119652811611e-10,5.402365442670238e-13,3.434094447041096e-13
1601,9.060216769922996e-10,5.357753308656479e-13,3.414332754703408e-13
1602,8.996871461551861e-10,5.31355978887586e-13,3.394700022467403e-13
1603,8.934109594415405e-10,5.26977838064406e-13,3.37519535056599e-13
1604,8.871817560647895e-10,5.226406368141256e-13,3.355818002268569e-13
1605,8.810057448682093e-10,5.183437705231357e-13,3.336567306084662e-13
1606,8.748825093509519e-10,5.140870006176147e-13,3.317442167728372e-13
1607,8.687985140441203e-10,5.098697621460647e-13,3.298441614196033e-13
1608,8.627694711511242e-10,5.05691722266564e-13,3.279565201814551e-13
1609,8.567940883603441e-10,5.015526135953987e-13,3.260811546114909e-13
1610,8.508625825872024e-10,4.974520121680213e-13,3.242179469294825e-13
1611,8.449716435679528e-10,4.933894749511409e-13,3.223668192877368e-13
1612,8.391413259724391e-10,4.893645968217631e-13,3.205276835819012e-13
1613,8.333493685072098e-10,4.853770593134833e-13,3.187004618690296e-13
1614,8.276066180187753e-10,4.814264990698422e-13,3.168850313496257e-13
1615,8.219097731204713e-10,4.775124196778783e-13,3.150813132679021e-13
1616,8.162536559428188e-10,4.736345791299174e-13,3.132891988488936e-13
1617,8.106537949959598e-10,4.697925475419392e-13,3.115086271204968e-13
1618,8.050900454123308e-10,4.659859735182792e-13,3.09739508640399e-13
1619,7.995740918239365e-10,4.622145204332902e-13,3.079817743046576e-13
1620,7.941013957405816e-10,4.584777056747269e-13,3.062352961624052e-13
1621,7.886698195342867e-10,4.547752304125512e-13,3.045000144601046e-13
1622,7.832869373756795e-10,4.511069121614882e-13,3.027758494309696e-13
1623,7.7794329274766e-10,4.474724247838098e-13,3.010627063428543e-13
1624,7.726404997337949e-10,4.438712251778926e-13,2.993605375453154e-13
1625,7.673853891374989e-10,4.403029323241703e-13,2.976692604379897e-13
1626,7.621621777404134e-10,4.367673525848399e-13,2.95988796468835e-13
1627,7.569869362613304e-10,4.332641675750835e-13,2.94319031279897e-13
1628,7.518567281234877e-10,4.297930367091038e-13,2.926598970710957e-13
1629,7.467637701489376e-10,4.263536269281134e-13,2.910113216488604e-13
1630,7.41709300912086e-10,4.229457358315421e-13,2.893732366253294e-13
1631,7.366973608676426e-10,4.195690898323254e-13,2.877455519312486e-13
1632,7.317235273432744e-10,4.162234638996606e-13,2.861281826948167e-13
1633,7.267874149903415e-10,4.129085745623569e-13,2.845210554996062e-13
1634,7.218966109085768e-10,4.096238861852159e-13,2.829240965633221e-13
1635,7.170463076515167e-10,4.063690436066623e-13,2.813372488289878e-13
1636,7.122191301369055e-10,4.031438653440162e-13,2.797604691774271e-13
1637,7.074395662208187e-10,3.999480118008786e-13,2.781936460772938e-13
1638,7.026973238866653e-10,3.967811626710198e-13,2.766367144170818e-13
1639,6.979870316949917e-10,3.936429719451517e-13,2.750896262195002e-13
1640,6.933261547992704e-10,3.905333389491825e-13,2.735522965192395e-13
1641,6.886840022688307e-10,3.874518659299087e-13,2.720246806051657e-13
1642,6.840904315757495e-10,3.843982998261474e-13,2.705066552645636e-13
1643,6.795294072036356e-10,3.813723477545975e-13,2.689981516779114e-13
1644,6.750035323313627e-10,3.783738050537766e-13,2.67499127561537e-13
1645,6.705136650804086e-10,3.754023172837585e-13,2.660094804773241e-13
1646,6.660558134600371e-10,3.724577190460942e-13,2.645291840536008e-13
1647,6.616283831895231e-10,3.695396813826677e-13,2.63058159870598e-13
1648,6.572445849984332e-10,3.666479188154083e-13,2.615963211010781e-13
1649,6.528902587285004e-10,3.637821530201256e-13,2.601436187586225e-13
1650,6.485702256160521e-10,3.609420463772132e-13,2.586999643890314e-13
1651,6.44279393789128e-10,3.581273701059362e-13,2.572653073054216e-13
1652,6.400271885628781e-10,3.553379044505486e-13,2.558395657970798e-13
1653,6.358068509941326e-10,3.525734193554045e-13,2.544226971971208e-13
1654,6.316227113830451e-10,3.498337486902814e-13,2.53014624067346e-13
1655,6.27462478839272e-10,3.471186832765862e-13,2.516152970844699e-13
1656,6.233385060882146e-10,3.444278554807812e-13,2.502246507437377e-13
1657,6.192502987570756e-10,3.41761068588556e-13,2.488426132293606e-13
1658,6.151823009729812e-10,3.391180908671557e-13,2.474691347785303e-13
1659,6.111554645557449e-10,3.364987550595506e-13,2.461041245973059e-13
1660,6.071517040246438e-10,3.339028157633997e-13,2.447475245237127e-13
1661,6.03180404067161e-10,3.313299609075582e-13,2.433992860795996e-13
1662,5.99240775786175e-10,3.287800286470216e-13,2.42059359422517e-13
1663,5.953368199523201e-10,3.262528650849268e-13,2.407276938943906e-13
1664,5.914578490251509e-10,3.237481395774682e-13,2.394042230169491e-13
1665,5.876042157924909e-10,3.212656970819143e-13,2.380888997526185e-13
1666,5.837844111391184e-10,3.188053728387071e-13,2.367816564741908e-13
1667,5.79993391477027e-10,3.163669064244919e-13,2.354824392309486e-13
1668,5.762331376538115e-10,3.139500825079597e-13,2.341911910813929e-13
1669,5.724987292042446e-10,3.115546679428412e-13,2.329078640925422e-13
1670,5.68793450585489e-10,3.091804457042075e-13,2.316324010056289e-13
1671,5.651141573019906e-10,3.068272254132067e-13,2.303647386086597e-13
1672,5.614632522502475e-10,3.044947527979239e-13,2.291048306103191e-13
1673,5.578394167986185e-10,3.021828775991132e-13,2.278526286311711e-13
1674,5.542518756836393e-10,2.998914516798787e-13,2.26608069077996e-13
1675,5.506839737281823e-10,2.976202234168508e-13,2.253710962097135e-13
1676,5.471407036516564e-10,2.953689697352188e-13,2.241416674622976e-13
1677,5.436292988465293e-10,2.931374947984347e-13,2.229197090613549e-13
1678,5.401438474597102e-10,2.909256726092099e-13,2.217051829770866e-13
1679,5.366828518951748e-10,2.887332663148266e-13,2.20498020988191e-13
1680,5.332441409269512e-10,2.865601022857299e-13,2.192981941162298e-13
1681,5.29835295620044e-10,2.844060479358236e-13,2.181056348970491e-13
1682,5.2645230206592e-10,2.82270935278882e-13,2.169202807656946e-13
1683,5.230928431187542e-10,2.801545745903593e-13,2.157420994460837e-13
1684,5.197680952428021e-10,2.780567115673353e-13,2.145710463689801e-13
1685,5.164653668838267e-10,2.759772297270011e-13,2.134070760377905e-13
1686,5.131792077753243e-10,2.739159733906365e-13,2.122501321008001e-13
1687,5.099216389649963e-10,2.718726585476889e-13,2.11100181236136e-13
1688,5.066882476564478e-10,2.698471968736786e-13,2.099571533208129e-13
1689,5.034846446174681e-10,2.678393274102963e-13,2.088210135263949e-13
1690,5.00298811741256e-10,2.658489137275108e-13,2.076917033854753e-13
1691,4.971333707921723e-10,2.638757759503907e-13,2.065691705701647e-13
1692,4.940025661550453e-10,2.619197892038263e-13,2.054533794706676e-13
1693,4.908861562234919e-10,2.599808120299138e-13,2.043442705286785e-13
1694,4.87797895716123e-10,2.580586400737475e-13,2.032417943736829e-13
1695,4.847280847501074e-10,2.561530815179151e-13,2.021459098437124e-13
1696,4.816856362129706e-10,2.542640346742453e-13,2.010565614633384e-13
1697,4.786638458090195e-10,2.523913615584872e-13,1.999737314292432e-13
1698,4.75656637721461e-10,2.505349088762367e-13,1.988973626433576e-13
1699,4.726817344699578e-10,2.486944470558006e-13,1.978274059005897e-13
1700,4.697272536342786e-10,2.468698657861049e-13,1.967638175052578e-13
1701,4.667944013195887e-10,2.45060971655058e-13,1.957065643160834e-13
1702,4.638802764001508e-10,2.432676000450007e-13,1.946555913834265e-13
1703,4.609898740396597e-10,2.414896681139157e-13,1.9361086359683e-13
1704,4.581177017347373e-10,2.397269462282945e-13,1.925723417787353e-13
1705,4.552646083521745e-10,2.379792779719473e-13,1.915399960174692e-13
1706,4.524373338061584e-10,2.362465447199036e-13,1.905137822478186e-13
1707,4.496318987457904e-10,2.345286248315628e-13,1.894936317484592e-13
1708,4.46843742906416e-10,2.328253306871802e-13,1.884795136956256e-13
1709,4.440736025996452e-10,2.311365874658675e-13,1.874713906473744e-13
1710,4.413247764694386e-10,2.294621913725211e-13,1.864692447342485e-13
1711,4.385953410527081e-10,2.278020202516738e-13,1.854730227533619e-13
1712,4.35890813692857e-10,2.261559184649097e-13,1.844826604942586e-13
1713,4.331961955501782e-10,2.245237444738377e-13,1.834981311060216e-13
1714,4.305248119969764e-10,2.229053797465876e-13,1.825193989661814e-13
1715,4.278756035423288e-10,2.213007378509063e-13,1.815464330812925e-13
1716,4.252408751497894e-10,2.197096398444619e-13,1.805791922647891e-13
1717,4.226305573072426e-10,2.181319553027239e-13,1.796176372607172e-13
1718,4.200351192981277e-10,2.165675393711397e-13,1.786617233143724e-13
1719,4.17456272056116e-10,2.150163132225207e-13,1.777114136198028e-13
1720,4.148995870268739e-10,2.134781667494126e-13,1.767666799349826e-13
1721,4.123596017840741e-10,2.119529431854383e-13,1.758274873968114e-13
1722,4.098364006946072e-10,2.104405002070856e-13,1.748937890750083e-13
1723,4.073392762053094e-10,2.08940721237681e-13,1.739655416864168e-13
1724,4.0484942823292e-10,2.074535340689711e-13,1.730427219543438e-13
1725,4.023794985972794e-10,2.059787756306128e-13,1.721252969496492e-13
1726,3.999287300357314e-10,2.045163740213406e-13,1.712132173274159e-13
1727,3.97495470178281e-10,2.030662516363972e-13,1.703064691365796e-13
1728,3.950749430842479e-10,2.016282729095635e-13,1.694049740933874e-13
1729,3.926798284993872e-10,2.002023262845137e-13,1.685087210800295e-13
1730,3.903013686031679e-10,1.987882186229246e-13,1.676176845939424e-13
1731,3.879287253548846e-10,1.97385864207854e-13,1.667318133476123e-13
1732,3.855860850243455e-10,1.959952028363836e-13,1.658511031008598e-13
1733,3.832473801061155e-10,1.94616029384918e-13,1.649754958342115e-13
1734,3.809347279889972e-10,1.932482476790169e-13,1.641049662867185e-13
1735,3.786363664004386e-10,1.918918005163676e-13,1.632394712882921e-13
1736,3.76350481370334e-10,1.905466173926264e-13,1.623789854359903e-13
1737,3.74078235419333e-10,1.892125426661632e-13,1.615234726255128e-13
1738,3.718325669214291e-10,1.878894701945404e-13,1.60672879098221e-13
1739,3.695902849789037e-10,1.865772593672571e-13,1.598271897697858e-13
1740,3.673698916331679e-10,1.852758582433338e-13,1.589863816887182e-13
1741,3.651660179270235e-10,1.839851398280898e-13,1.581504078981063e-13
1742,3.62980144173629e-10,1.827050213724039e-13,1.573192461634794e-13
1743,3.608002785207091e-10,1.814354410543427e-13,1.564928757382919e-13
1744,3.586424442489979e-10,1.801762561410922e-13,1.556712511699834e-13
1745,3.564948480959693e-10,1.789273699328513e-13,1.548543428032157e-13
1746,3.543687550117395e-10,1.776886993032159e-13,1.540421225771044e-13
1747,3.522548785084237e-10,1.764601181381474e-13,1.532345587922005e-13
1748,3.501533737777049e-10,1.75241590750107e-13,1.524316250957217e-13
1749,3.480628988255873e-10,1.740330437053718e-13,1.516332946181982e-13
1750,3.45990471490672e-10,1.7283437266954e-13,1.50839525824996e-13
1751,3.439328430152074e-10,1.716454941193325e-13,1.500503013601747e-13
1752,3.418978424290989e-10,1.704662644779546e-13,1.492655924720947e-13
1753,3.398565855733647e-10,1.69296614341488e-13,1.484853511793568e-13
1754,3.378458837950379e-10,1.681364325752766e-13,1.477095564199031e-13
1755,3.358470780659998e-10,1.669856833412682e-13,1.469381868059615e-13
1756,3.338584543268169e-10,1.658442538907661e-13,1.461711846176506e-13
1757,3.318819806776792e-10,1.647120642369523e-13,1.454085416385541e-13
1758,3.299177055828732e-10,1.635890263317211e-13,1.446502263009515e-13
1759,3.279736620206476e-10,1.624750361079964e-13,1.438962269964898e-13
1760,3.260411111405621e-10,1.613700033870586e-13,1.431465019740617e-13
1761,3.241169586551829e-10,1.602738431019594e-13,1.424010273025523e-13
1762,3.222068929858325e-10,1.591864740804129e-13,1.416597651705093e-13
1763,3.203149036176884e-10,1.581078417655934e-13,1.409226998069226e-13
1764,3.184305431607209e-10,1.570378403659771e-13,1.40189799682188e-13
1765,3.165635159413529e-10,1.559764100998739e-13,1.394610401756029e-13
1766,3.147053617476183e-10,1.549234799984423e-13,1.3873638342156e-13
1767,3.128593494937305e-10,1.538789724065575e-13,1.380158297555468e-13
1768,3.11029677786604e-10,1.528427988457094e-13,1.372993442625738e-13
1769,3.092068573266965e-10,1.51814862719481e-13,1.365868888464845e-13
1770,3.074006804551309e-10,1.507951185857765e-13,1.358784358864585e-13
1771,3.05602587413797e-10,1.497834735230777e-13,1.351739838268566e-13
1772,3.038237114425728e-10,1.48779868301487e-13,1.344734861028002e-13
1773,3.020453210939177e-10,1.477842290524385e-13,1.337769219811021e-13
1774,3.002895273207153e-10,1.467964727745072e-13,1.330842687017856e-13
1775,2.985457679200684e-10,1.458165197726799e-13,1.323954982949846e-13
1776,2.968045690952264e-10,1.448443376844481e-13,1.317105863352843e-13
1777,2.950782862785708e-10,1.438798545149545e-13,1.310295027914516e-13
1778,2.93370391994391e-10,1.429229966219012e-13,1.303522243515645e-13
1779,2.916661647901685e-10,1.419736822227065e-13,1.296787407901486e-13
1780,2.89975530518551e-10,1.410318067551379e-13,1.290090165421232e-13
1781,2.882943176676084e-10,1.400973211888839e-13,1.283430345390736e-13
1782,2.866376988819816e-10,1.391701920552769e-13,1.276807761369185e-13
1783,2.849720004453594e-10,1.38250305717711e-13,1.270222058707894e-13
1784,2.833277055380685e-10,1.37337626308824e-13,1.263673149542053e-13
1785,2.816948180644788e-10,1.36432065455982e-13,1.257160676809546e-13
1786,2.800702767667407e-10,1.355335921088442e-13,1.250684411195017e-13
1787,2.784541886585141e-10,1.346421072535869e-13,1.244244200928939e-13
1788,2.768525298329154e-10,1.337576045146259e-13,1.237839704337335e-13
1789,2.752552197328223e-10,1.328800281296222e-13,1.231470839208967e-13
1790,2.736788873550675e-10,1.320093124781409e-13,1.225137173164893e-13
1791,2.721053427713078e-10,1.311453439126141e-13,1.218838570227912e-13
1792,2.705420474478968e-10,1.302881198363237e-13,1.212574828629096e-13
1793,2.689970001914923e-10,1.294375505228418e-13,1.206345743395861e-13
1794,2.674548878426313e-10,1.285935971654386e-13,1.20015113885799e-13
1795,2.659251428713937e-10,1.277561694870892e-13,1.193990677348215e-13
1796,2.643979819932033e-10,1.269252124364671e-13,1.187864198040678e-13
1797,2.628963699644389e-10,1.261006494974122e-13,1.181771584008526e-13
1798,2.613872068959565e-10,1.252824302971472e-13,1.175712465278012e-13
1799,2.599008083644052e-10,1.244704910098089e-13,1.169686816193622e-13
1800,2.584166225007909e-10,1.236647825703323e-13,1.163694340645913e-13
1801,2.569523642540258e-10,1.228652460719781e-13,1.157734919057441e-13
1802,2.554886102737132e-10,1.220718300759363e-13,1.15180819199097e-13
1803,2.540309296919356e-10,1.212844726266238e-13,1.145914097283009e-13
1804,2.525938567597937e-10,1.205031673645698e-13,1.140052216994127e-13
1805,2.511547568880691e-10,1.197278424625257e-13,1.134222554376474e-13
1806,2.497271287837405e-10,1.189584379881986e-13,1.128424807165216e-13
1807,2.48316031343981e-10,1.181948984453921e-13,1.12265885978993e-13
1808,2.46907405900624e-10,1.174371775183222e-13,1.116924419144075e-13
1809,2.455078691231056e-10,1.16685228288393e-13,1.111221366682574e-13
1810,2.441209027052658e-10,1.159390034289854e-13,1.105549493719633e-13
1811,2.427411377052619e-10,1.151984804275782e-13,1.099908649267143e-13
1812,2.413706936863913e-10,1.144635784777862e-13,1.094298665796189e-13
1813,2.400174858846844e-10,1.137342522373877e-13,1.088719330809461e-13
1814,2.386597829083416e-10,1.130104297781908e-13,1.083170413496753e-13
1815,2.373173785932831e-10,1.12292079782486e-13,1.077651643535928e-13
1816,2.359798702462846e-10,1.115791447683118e-13,1.072163018147939e-13
1817,2.346534657433904e-10,1.108716065351637e-13,1.06670421822568e-13
1818,2.333365848740103e-10,1.101693991809841e-13,1.061275167138366e-13
1819,2.320228062853523e-10,1.094724809930629e-13,1.055875608607316e-13
1820,2.307255686356081e-10,1.087808109049843e-13,1.050505330410168e-13
1821,2.294294951535687e-10,1.080943220868749e-13,1.04516430309853e-13
1822,2.281458482263529e-10,1.07412992142876e-13,1.039852203883355e-13
1823,2.268706533300299e-10,1.067367668441478e-13,1.034568921295087e-13
1824,2.256016040576047e-10,1.060656009856054e-13,1.029314256935689e-13
1825,2.243409001399706e-10,1.053994344679156e-13,1.024087969792975e-13
1826,2.230850294981065e-10,1.047382372731051e-13,1.018890016329187e-13
1827,2.218428093377881e-10,1.040819536609291e-13,1.013720159892762e-13
1828,2.206025267852223e-10,1.034305855633903e-13,1.008578280733619e-13
1829,2.193751522807314e-10,1.027840621962614e-13,1.003464113933523e-13
1830,2.181568694364539e-10,1.021423444944756e-13,9.983775725082365e-14
1831,2.169454087659664e-10,1.015053678274848e-13,9.933184428952971e-14
1832,2.157325055227648e-10,1.00873116756664e-13,9.882866667136518e-14
1833,2.145334379309971e-10,1.002455242423311e-13,9.832819008931536e-14
1834,2.133478201680056e-10,9.962255864555769e-14,9.783041688324025e-14
1835,2.121608634150435e-10,9.900417266053485e-14,9.733533109014389e-14
1836,2.109863676852685e-10,9.839034950255807e-14,9.684290336881574e-14
1837,2.09822470772466e-10,9.778103357804929e-14,9.635312136546213e-14
1838,2.086574541143134e-10,9.717622005589478e-14,9.586598345234753e-14
1839,2.075048053301523e-10,9.657584380604425e-14,9.538145563080065e-14
1840,2.063549178054568e-10,9.597987424670853e-14,9.489952860206364e-14
1841,2.052177764122228e-10,9.538827032584544e-14,9.442018932511836e-14
1842,2.040914075989162e-10,9.480099688269666e-14,9.394341002915514e-14
1843,2.029592439707685e-10,9.42180045313429e-14,9.346918561539904e-14
1844,2.018485605962206e-10,9.363927670189022e-14,9.299750384272932e-14
1845,2.007291583778334e-10,9.306477405576471e-14,9.25283512073114e-14
1846,1.99632418215414e-10,9.249446584953494e-14,9.206170820788667e-14
1847,1.9853226100378e-10,9.192830295062028e-14,9.159754099655213e-14
1848,1.974430379860294e-10,9.136624017085572e-14,9.113586485969491e-14
1849,1.963617920016273e-10,9.080823921238596e-14,9.067664378899014e-14
1850,1.952775441344903e-10,9.025430996822486e-14,9.021987384449033e-14
1851,1.942083935478965e-10,8.97044053427238e-14,8.976554170382029e-14
1852,1.931506205606679e-10,8.915845708176323e-14,8.931362900095824e-14
1853,1.920886587670224e-10,8.861645291486461e-14,8.886411855763907e-14
1854,1.910457117073857e-10,8.807838172310705e-14,8.841700768215103e-14
1855,1.899960089247648e-10,8.75442066690078e-14,8.797227947206617e-14
1856,1.889628589750947e-10,8.701386923002427e-14,8.752992943412641e-14
1857,1.87928017802841e-10,8.648733991339463e-14,8.708992377015152e-14
1858,1.869035738072447e-10,8.596457792413647e-14,8.665224824872166e-14
1859,1.858881549149257e-10,8.544555544595039e-14,8.621690403115772e-14
1860,1.848771883404281e-10,8.493025821790786e-14,8.57838615881871e-14
1861,1.838652555126564e-10,8.441865092363834e-14,8.535311426843982e-14
1862,1.828716589333421e-10,8.391069445333496e-14,8.492465341910623e-14
1863,1.818742233459441e-10,8.340638779723469e-14,8.44984600429411e-14
1864,1.808863014785942e-10,8.290568011010585e-14,8.407452276298557e-14
1865,1.799068891764572e-10,8.24085305868967e-14,8.365282522818638e-14
1866,1.78936576641819e-10,8.191491922065662e-14,8.323335879329445e-14
1867,1.779580567292232e-10,8.14248171862997e-14,8.281611170151739e-14
1868,1.769984438551822e-10,8.093818543971507e-14,8.240106423633069e-14
1869,1.760365512491994e-10,8.045498865981894e-14,8.19882120091868e-14
1870,1.750832106516857e-10,7.997521082573707e-14,8.157752528609078e-14
1871,1.741405236294841e-10,7.949883025115488e-14,8.116900891351442e-14
1872,1.731975870638547e-10,7.902581327209409e-14,8.076264386491132e-14
1873,1.722688267293424e-10,7.85561448603251e-14,8.035841608485582e-14
1874,1.713359772619522e-10,7.808978011662348e-14,7.995632447449701e-14
1875,1.704153243274061e-10,7.762670033286991e-14,7.95563407430836e-14
1876,1.694972104516434e-10,7.71668696219518e-14,7.915845336455485e-14
1877,1.685812342782972e-10,7.67102619975041e-14,7.876265955596105e-14
1878,1.67671467074517e-10,7.625686911994543e-14,7.836894306178835e-14
1879,1.667695070321387e-10,7.580664701662694e-14,7.797728743115983e-14
1880,1.65878398151662e-10,7.535956380687164e-14,7.75876858565906e-14
1881,1.649944385888067e-10,7.491558635770213e-14,7.720013377062412e-14
1882,1.641047551315737e-10,7.447471741566252e-14,7.681460823465975e-14
1883,1.632182856662236e-10,7.403693411808602e-14,7.643110722162187e-14
1884,1.623473135590636e-10,7.360221955556479e-14,7.604960932066634e-14
1885,1.614729904010167e-10,7.317052207931223e-14,7.567011564617978e-14
1886,1.606110383880509e-10,7.274181685656912e-14,7.529259892851338e-14
1887,1.597561686280259e-10,7.231607071543251e-14,7.491705733296229e-14
1888,1.58902257446026e-10,7.1893279824152e-14,7.454347461646159e-14
1889,1.580507024789016e-10,7.147342457063673e-14,7.41718457187235e-14
1890,1.572033808193965e-10,7.105647853674969e-14,7.380215120723488e-14
1891,1.563676771047298e-10,7.064240415376896e-14,7.343438453162773e-14
1892,1.555290644633468e-10,7.023119251447255e-14,7.306852970209677e-14
1893,1.54702196954658e-10,6.982282552783081e-14,7.270458003345018e-14
1894,1.538798952965135e-10,6.941728323868576e-14,7.234253455232466e-14
1895,1.530562075981434e-10,6.901452014134279e-14,7.198236229045945e-14
1896,1.522480726131768e-10,6.861454090743136e-14,7.162406461246732e-14
1897,1.514362372522418e-10,6.821730219241836e-14,7.126763177165613e-14
1898,1.506307568023744e-10,6.782277316001981e-14,7.091304512000514e-14
1899,1.498288416381368e-10,6.743094475303718e-14,7.056030410221681e-14
1900,1.49032005278545e-10,6.704179268520397e-14,7.020939351010915e-14
1901,1.482369052322126e-10,6.665530627215242e-14,6.986030544560365e-14
1902,1.474542798120088e-10,6.627145448900135e-14,6.951302338325268e-14
1903,1.466740060283748e-10,6.58902034981111e-14,6.916753998119056e-14
1904,1.458998301474828e-10,6.551153351789429e-14,6.882384373085547e-14
1905,1.451201990227177e-10,6.513544434657974e-14,6.848193318644393e-14
1906,1.443624176225751e-10,6.476191135717642e-14,6.814178743416356e-14
1907,1.435942506598987e-10,6.43909163983824e-14,6.780339673812142e-14
1908,1.428369487770742e-10,6.402242968160714e-14,6.746675154800568e-14
1909,1.420746704161749e-10,6.365644759613644e-14,6.713185973523284e-14
1910,1.413264843877935e-10,6.329294071462456e-14,6.679869238076334e-14
1911,1.40589632056495e-10,6.29318851686541e-14,6.64672515028567e-14
1912,1.398451171464982e-10,6.257327328962404e-14,6.613751449339697e-14
1913,1.39106388854238e-10,6.22170875543927e-14,6.58094782314067e-14
1914,1.3837472053055e-10,6.186330026970185e-14,6.548314568872994e-14
1915,1.376436586454055e-10,6.151188224062162e-14,6.515849032442949e-14
1916,1.369220484771943e-10,6.116281008806915e-14,6.483550290878481e-14
1917,1.362030764891753e-10,6.081608162532195e-14,6.45141778288843e-14
1918,1.354892802442032e-10,6.047167114577371e-14,6.419451061804758e-14
1919,1.347711862455627e-10,6.012957000475397e-14,6.387648781639354e-14
1920,1.34064497159607e-10,5.978974367260573e-14,6.356010484493034e-14
1921,1.333629042076209e-10,5.94521859558213e-14,6.324535014872359e-14
1922,1.326617691157304e-10,5.911688157002942e-14,6.293220660878764e-14
1923,1.319647438043596e-10,5.87838018104358e-14,6.262067720949865e-14
1924,1.312702583185573e-10,5.845293089849374e-14,6.231074707755419e-14
1925,1.305845716278396e-10,5.812427616625424e-14,6.20024067860318e-14
1926,1.299104477714988e-10,5.77978045252902e-14,6.169565184310737e-14
1927,1.292243239966514e-10,5.747348536228132e-14,6.139045675866424e-14
1928,1.285526822991091e-10,5.715132018359808e-14,6.108683466538558e-14
1929,1.278745223778063e-10,5.683129005105022e-14,6.078477232640568e-14
1930,1.27206285910628e-10,5.651336761589599e-14,6.048425417211756e-14
1931,1.265399261159322e-10,5.619754950434399e-14,6.018527593421459e-14
1932,1.258803249894794e-10,5.588381706421735e-14,5.988783312589977e-14
1933,1.252294432520678e-10,5.557213810322834e-14,5.959191095784015e-14
1934,1.245796643385925e-10,5.526250058788076e-14,5.929749879120536e-14
1935,1.239310910594375e-10,5.495488112307899e-14,5.900459815566955e-14
1936,1.232794358834861e-10,5.464926444220777e-14,5.871319388792344e-14
1937,1.226380756857741e-10,5.434563606221372e-14,5.842327978102373e-14
1938,1.220039748448539e-10,5.404399716644912e-14,5.813484918231247e-14
1939,1.213670752422101e-10,5.374433042299635e-14,5.784789138816774e-14
1940,1.207366378969298e-10,5.344659025044228e-14,5.756239853497726e-14
1941,1.201089797544773e-10,5.315078202997769e-14,5.727836527063635e-14
1942,1.194854420546732e-10,5.285689001901838e-14,5.699577119487574e-14
1943,1.188661278245527e-10,5.256488795735479e-14,5.671461918807294e-14
1944,1.182504776560545e-10,5.227476874744429e-14,5.643490277989903e-14
1945,1.176384110628231e-10,5.198651202646608e-14,5.615660596827743e-14
1946,1.170279774310592e-10,5.170010446059459e-14,5.587972659891693e-14
1947,1.164150671504272e-10,5.141552424715207e-14,5.560425336395285e-14
1948,1.158098641925697e-10,5.113276207591953e-14,5.533019039870243e-14
1949,1.152179561290484e-10,5.085180466010273e-14,5.505751609335033e-14
1950,1.146228056742412e-10,5.057263516890592e-14,5.478623190031984e-14
1951,1.140376034942018e-10,5.02952323198649e-14,5.45163292382043e-14
1952,1.134411413983559e-10,5.001959425325784e-14,5.424779103208149e-14
1953,1.128589413957109e-10,4.974570977776576e-14,5.398062327863724e-14
1954,1.12269490677259e-10,4.947356430176432e-14,5.371480069335465e-14
1955,1.11691317085373e-10,4.920314400598303e-14,5.345033725783186e-14
1956,1.111138587437832e-10,4.893443034315457e-14,5.318720942637698e-14
1957,1.105437237362025e-10,4.866741440707246e-14,5.292542054109244e-14
1958,1.099778714574356e-10,4.840208493626738e-14,5.26649545414045e-14
1959,1.094126565437727e-10,4.813842637206841e-14,5.24058199326285e-14
1960,1.088497063074558e-10,4.787640800685189e-14,5.214799182725306e-14
1961,1.082818672401851e-10,4.761604443126944e-14,5.189146867994268e-14
1962,1.077247815760416e-10,4.73573016652759e-14,5.163624575019536e-14
1963,1.071750638940777e-10,4.710017778549306e-14,5.138231864110279e-14
1964,1.066221737734667e-10,4.684466489450287e-14,5.112966990871639e-14
1965,1.060798962896486e-10,4.659074572072341e-14,5.087830757991086e-14
1966,1.055269260430674e-10,4.633841128449144e-14,5.062821424183469e-14
1967,1.049912601998671e-10,4.60876592279078e-14,5.037938107880761e-14
1968,1.044577076410462e-10,4.583846829741221e-14,5.013180259683909e-14
1969,1.039167018759486e-10,4.559081302425254e-14,4.98854796075369e-14
1970,1.033732767008042e-10,4.534469815993507e-14,4.964040160419661e-14
1971,1.028588739647869e-10,4.510011114249861e-14,4.939655817942011e-14
1972,1.023236748227607e-10,4.485702301383126e-14,4.915394803306897e-14
1973,1.018001666089881e-10,4.461543144474432e-14,4.891256462942741e-14
1974,1.012750423115682e-10,4.437532249197817e-14,4.867239816137327e-14
1975,1.007677386104109e-10,4.413668169855166e-14,4.843344190679875e-14
1976,1.00249363718533e-10,4.389950930270358e-14,4.819568575286878e-14
1977,9.973098256512206e-11,4.366379585904075e-14,4.795913168148743e-14
1978,9.923661372930898e-11,4.342953230586399e-14,4.772376850620506e-14
1979,9.871877709218049e-11,4.319668876990114e-14,4.748959437031296e-14
1980,9.820905348359817e-11,4.2965280121503e-14,4.725659464973695e-14
1981,9.772057037488512e-11,4.27352764708463e-14,4.702477359590799e-14
1982,9.721216763420275e-11,4.250667749805555e-14,4.679412042681659e-14
1983,9.672085749359046e-11,4.227947666445111e-14,4.65646276028639e-14
1984,9.62296013842067e-11,4.205364714231221e-14,4.633628514537307e-14
1985,9.572934526654434e-11,4.182918527887505e-14,4.610909469113762e-14
1986,9.525833330688915e-11,4.16060858463348e-14,4.588304964741255e-14
1987,9.476421311646887e-11,4.138434160212645e-14,4.565813582466866e-14
1988,9.427956244692337e-11,4.116393173009332e-14,4.543435440551979e-14
1989,9.380514126817379e-11,4.094484865689855e-14,4.521169288942268e-14
1990,9.332117552512047e-11,4.0727100868106e-14,4.499014994913256e-14
1991,9.285703972338592e-11,4.051066795086728e-14,4.476972222894722e-14
1992,9.237470033613129e-11,4.029553927517941e-14,4.455039436888228e-14
1993,9.191454571150481e-11,4.008170869184105e-14,4.433217008224736e-14
1994,9.14354500874914e-11,3.986916343137557e-14,4.411505098414575e-14
1995,9.097017409866788e-11,3.965788767757221e-14,4.389900882343644e-14
1996,9.052315595076324e-11,3.944788776186823e-14,4.368405152483702e-14
1997,9.005372346146986e-11,3.923913928449145e-14,4.347018057734257e-14
1998,8.96083125661355e-11,3.903165114739004e-14,4.325738053622456e-14
1999,8.914397405826162e-11,3.882539768139325e-14,4.30456354784124e-14
2000,8.869674491880234e-11,3.862037316658518e-14,4.283496256692751e-14
2001,8.824145681130664e-11,3.84165626209721e-14,4.262534300704735e-14
2002,8.780333211252135e-11,3.821396392697329e-14,4.241676468922081e-14
2003,8.735773372393159e-11,3.801255257730216e-14,4.220923385243214e-14
2004,8.691953240180786e-11,3.781235494542817e-14,4.200274322899887e-14
2005,8.647230452838029e-11,3.761334926741519e-14,4.179728277155075e-14
2006,8.604398246043002e-11,3.741551686144862e-14,4.159284831525642e-14
2007,8.559755930616657e-11,3.721886071601846e-14,4.138944709045801e-14
2008,8.517440769410199e-11,3.702336617469601e-14,4.118704773763436e-14
2009,8.47373584076875e-11,3.682901976915002e-14,4.098566955532089e-14
2010,8.431265063011301e-11,3.66358252903363e-14,4.078529112883279e-14
2011,8.388232138815166e-11,3.644377893623206e-14,4.05859204432053e-14
2012,8.346390993509638e-11,3.62528628222313e-14,4.038753754766916e-14
2013,8.303795823875075e-11,3.606306538162451e-14,4.01901560389547e-14
2014,8.262972435165626e-11,3.587438631085815e-14,3.999375545917358e-14
2015,8.220477857975851e-11,3.568681711383684e-14,3.979833235334034e-14
2016,8.179596069399591e-11,3.550034271910383e-14,3.960388669594052e-14
2017,8.137867058425881e-11,3.531495042608005e-14,3.941040694435159e-14
2018,8.096863222094141e-11,3.513064947478603e-14,3.921789671659202e-14
2019,8.057134402447757e-11,3.494741446141838e-14,3.902634560783779e-14
2020,8.015828731624759e-11,3.476525352201183e-14,3.883574968675351e-14
2021,7.976663096320835e-11,3.45841538337878e-14,3.86461024992058e-14
2022,7.935116690282177e-11,3.440410574085253e-14,3.845739756931252e-14
2023,7.895210050611257e-11,3.422510364501292e-14,3.826963674266972e-14
2024,7.85610036747077e-11,3.404714146928792e-14,3.808281722368475e-14
2025,7.816345433448534e-11,3.387020226134651e-14,3.789691989360596e-14
2026,7.778037720715142e-11,3.369430791043685e-14,3.771194439975108e-14
2027,7.73833260631642e-11,3.351940902968379e-14,3.752789925152569e-14
2028,7.699783453448717e-11,3.334553173038303e-14,3.734475912549433e-14
2029,7.660610710334138e-11,3.317264890706774e-14,3.716253517693804e-14
2030,7.621730275638565e-11,3.300076516777268e-14,3.698121748361797e-14
2031,7.585059030437648e-11,3.282986806802886e-14,3.680079974969112e-14
2032,7.545918102342184e-11,3.265995919188367e-14,3.662127819065449e-14
2033,7.508310890228824e-11,3.249101992045584e-14,3.644264243410785e-14
2034,7.471642738887305e-11,3.23230588809099e-14,3.626489655382887e-14
2035,7.433193005100514e-11,3.215605688364614e-14,3.608803961089831e-14
2036,7.396660496359056e-11,3.199000481885223e-14,3.591205959534378e-14
2037,7.359058936555332e-11,3.182491685883867e-14,3.5736951377371e-14
2038,7.322282702013728e-11,3.166076190081959e-14,3.556271470251325e-14
2039,7.286319072716155e-11,3.149753661752969e-14,3.538933819056936e-14
2040,7.249746353534381e-11,3.133524305136902e-14,3.521682971343305e-14
2041,7.213117666475602e-11,3.117387264336185e-14,3.504516928584327e-14
2042,7.177421041301228e-11,3.101341926293433e-14,3.487436059518465e-14
2043,7.141092544511011e-11,3.085387679561303e-14,3.470440385858514e-14
2044,7.105071456926256e-11,3.069524145777883e-14,3.453529062155465e-14
2045,7.071292840850881e-11,3.05375012827596e-14,3.436700801244779e-14
2046,7.03505951348183e-11,3.038066827641021e-14,3.41995638082385e-14
2047,6.999354268368137e-11,3.022471837937022e-14,3.403294709392932e-14
2048,6.9654835046691e-11,3.006964327470035e-14,3.386716023223588e-14
2049,6.930180808101472e-11,2.991545151705787e-14,3.370219101697462e-14
2050,6.895915280316666e-11,2.976213195671566e-14,3.353804432393127e-14
2051,6.861111926625762e-11,2.960967073473005e-14,3.337470842080116e-14
2052,6.828237173165402e-11,2.94580645266483e-14,3.3212174757403e-14
2053,6.79347957115938e-11,2.930730795076279e-14,3.305045496053063e-14
2054,6.759285107808628e-11,2.915739877321491e-14,3.28895338796543e-14
2055,6.726831748049872e-11,2.900833243427799e-14,3.27294042853862e-14
2056,6.692810200075138e-11,2.886010268306812e-14,3.257006607719532e-14
2057,6.658404779693825e-11,2.871270727419618e-14,3.241152225286635e-14
2058,6.626866756172842e-11,2.856613400652741e-14,3.225375446034584e-14
2059,6.593844396715055e-11,2.842037222785243e-14,3.209677069604792e-14
2060,6.560684744201963e-11,2.827543389930862e-14,3.194056355097348e-14
2061,6.527524914028105e-11,2.813128950597966e-14,3.178512533314791e-14
2062,6.496004098390263e-11,2.79879493503658e-14,3.16304558613424e-14
2063,6.463561010786645e-11,2.784540287346278e-14,3.147655567417382e-14
2064,6.430732280192914e-11,2.770365560586117e-14,3.132341185462992e-14
2065,6.398984645930606e-11,2.756269490240945e-14,3.117102163085814e-14
2066,6.368525655632393e-11,2.742251014672283e-14,3.101938744628686e-14
2067,6.336186409378003e-11,2.728310398657433e-14,3.086849603033061e-14
2068,6.304313510028499e-11,2.714446732289267e-14,3.071835017874897e-14
2069,6.27449457287241e-11,2.700660067142154e-14,3.056895055911571e-14
2070,6.242527334715415e-11,2.686949383648072e-14,3.042028750145356e-14
2071,6.211823802763987e-11,2.673314681033095e-14,3.027235090635382e-14
2072,6.180182361339919e-11,2.659753993830992e-14,3.012515037807767e-14
2073,6.150278195520868e-11,2.646268952430619e-14,2.997867579573087e-14
2074,6.11956802846828e-11,2.632858003950721e-14,2.983291938829688e-14
2075,6.089879149760894e-11,2.619520113333112e-14,2.968788538052232e-14
2076,6.058552021159555e-11,2.606254898649877e-14,2.954356261466529e-14
2077,6.029166736645074e-11,2.593061725656733e-14,2.939995725800706e-14
2078,6.000613965628993e-11,2.579941862314298e-14,2.925705531009265e-14
2079,5.969454438884905e-11,2.566892328082942e-14,2.911485462608956e-14
2080,5.940206892765111e-11,2.553914488766542e-14,2.89733581682531e-14
2081,5.910130922339767e-11,2.541007305621481e-14,2.883255358565279e-14
2082,5.882273924167562e-11,2.528170179943986e-14,2.869244457680787e-14
2083,5.853818972798228e-11,2.515403192054227e-14,2.855302906114143e-14
2084,5.824015996130746e-11,2.502705113106511e-14,2.841429507726779e-14
2085,5.794923668535406e-11,2.490075795771685e-14,2.827623625849879e-14
2086,5.766572611076673e-11,2.477515335994199e-14,2.813886929327445e-14
2087,5.739171813526605e-11,2.465022414304284e-14,2.800216685684432e-14
2088,5.710124725131436e-11,2.452596652205695e-14,2.786614074371155e-14
2089,5.681744523096722e-11,2.44023728826013e-14,2.773078279084412e-14
2090,5.653213113137908e-11,2.427945528884785e-14,2.759608839599257e-14
2091,5.626315966535294e-11,2.41572010425573e-14,2.746205758418535e-14
2092,5.599273347914062e-11,2.403560290966535e-14,2.732868812231643e-14
2093,5.570865171135429e-11,2.391465492713499e-14,2.719596846386892e-14
2094,5.543409577993128e-11,2.379436688736807e-14,2.706390617260168e-14
2095,5.515262704721226e-11,2.367471496966536e-14,2.693249005202529e-14
2096,5.488999290743914e-11,2.355571155028215e-14,2.680171751875801e-14
2097,5.463148426319254e-11,2.343735440006973e-14,2.667158570922887e-14
2098,5.435121198492392e-11,2.331962138067884e-14,2.654209441091651e-14
2099,5.408594661639485e-11,2.320252190526887e-14,2.641323397254125e-14
2100,5.381310332319169e-11,2.308605066660986e-14,2.628500660016277e-14
2101,5.354519126470714e-11,2.297020802182918e-14,2.615740893746421e-14
2102,5.330160341714736e-11,2.285499258190733e-14,2.603043451152251e-14
2103,5.303371261630977e-11,2.274037931728019e-14,2.590409020460712e-14
2104,5.27738106758897e-11,2.262639607610093e-14,2.577836004888536e-14
2105,5.251079060267206e-11,2.251301276798006e-14,2.565324170567014e-14
2106,5.225010474499633e-11,2.240023347127648e-14,2.552873966333289e-14
2107,5.198980713901544e-11,2.228805637698309e-14,2.54048540499371e-14
2108,5.17509100214788e-11,2.217647592359176e-14,2.528157109034414e-14
2109,5.149206216392034e-11,2.206549904738962e-14,2.515889348043665e-14
2110,5.124041236426624e-11,2.195510654751846e-14,2.503680693464626e-14
2111,5.098535283592109e-11,2.184531035836419e-14,2.491532763228349e-14
2112,5.072959679636938e-11,2.173609665215217e-14,2.479444211626692e-14
2113,5.048384090217824e-11,2.162746145114036e-14,2.467414879425428e-14
2114,5.024577208090043e-11,2.151940051983337e-14,2.45544461714095e-14
2115,4.99996721272142e-11,2.141191423913273e-14,2.443532289126894e-14
2116,4.974804383687548e-11,2.130500221904515e-14,2.431678461441616e-14
2117,4.950640297355351e-11,2.119865588962302e-14,2.41988255123054e-14
2118,4.925328039227515e-11,2.109287364886822e-14,2.408144823052973e-14
2119,4.901540161788647e-11,2.098765358466281e-14,2.396463697193033e-14
2120,4.87824050167859e-11,2.088298694455749e-14,2.384840468772335e-14
2121,4.855661089000793e-11,2.077887272121841e-14,2.373273526241841e-14
2122,4.830572458098429e-11,2.067531196626062e-14,2.361762794401708e-14
2123,4.807587298529072e-11,2.057230145004099e-14,2.350308948506615e-14
2124,4.783604475220535e-11,2.046983569502959e-14,2.338911218898747e-14
2125,4.759847421666861e-11,2.036791095450436e-14,2.327569130546401e-14
2126,4.736456872268371e-11,2.026652299025988e-14,2.316282020255179e-14
2127,4.714076572717064e-11,2.016566845790695e-14,2.305050240671246e-14
2128,4.692122983341995e-11,2.006535127531454e-14,2.29387351872557e-14
2129,4.668024262634907e-11,1.996555323003401e-14,2.282750885835327e-14
2130,4.645119061154708e-11,1.986628039109851e-14,2.271682549046918e-14
2131,4.622880405039169e-11,1.976754141385043e-14,2.260668629244429e-14
2132,4.599762964911639e-11,1.966931716589501e-14,2.24970809684013e-14
2133,4.576315582243012e-11,1.957161267331907e-14,2.238801671093033e-14
2134,4.55517029151562e-11,1.947441938746027e-14,2.227948328448298e-14
2135,4.533832886529498e-11,1.937774146262624e-14,2.217148366966042e-14
2136,4.512055265595983e-11,1.928156373493694e-14,2.206400017627128e-14
2137,4.48916863421181e-11,1.9185891051653e-14,2.19570516660929e-14
2138,4.467335506109241e-11,1.909072819273811e-14,2.185061374119187e-14
2139,4.446561052765357e-11,1.899606303553754e-14,2.17447023464927e-14
2140,4.423450555494435e-11,1.890189046438988e-14,2.16393038051311e-14
2141,4.401515548346635e-11,1.880821484202776e-14,2.15344242716352e-14
2142,4.379482487312285e-11,1.871503447712714e-14,2.143005218869941e-14
2143,4.360444379548369e-11,1.862233635424951e-14,2.132618881089075e-14
2144,4.339121799606774e-11,1.853012026366465e-14,2.122283424640999e-14
2145,4.317608111019991e-11,1.843839200289869e-14,2.111998073918509e-14
2146,4.296812578432794e-11,1.83471425967912e-14,2.101762991285677e-14
2147,4.275432955676479e-11,1.825637220010241e-14,2.091577339737871e-14
2148,4.254798579579051e-11,1.816606638390051e-14,2.081441662004467e-14
2149,4.233813332003995e-11,1.807623299010058e-14,2.071355434517451e-14
2150,4.212743440046067e-11,1.798686618297223e-14,2.061318479083728e-14
2151,4.192464825732686e-11,1.789797772029039e-14,2.051329986757072e-14
2152,4.172614589999632e-11,1.780954325916035e-14,2.041390767343764e-14
2153,4.153582129671467e-11,1.772157271919843e-14,2.031498856381082e-14
2154,4.132797664437447e-11,1.763405742597252e-14,2.021656117358681e-14
2155,4.112546969416426e-11,1.754699771760707e-14,2.011860704882391e-14
2156,4.09305976971432e-11,1.746038870789127e-14,2.002113119157683e-14
2157,4.073000438220044e-11,1.737423242165718e-14,1.992413341383374e-14
2158,4.053035414527714e-11,1.728853073865376e-14,1.982760526727208e-14
2159,4.032308942551377e-11,1.720326365424311e-14,1.973155046489023e-14
2160,4.012882774691921e-11,1.711844376020616e-14,1.963595612491906e-14
2161,3.993429408487684e-11,1.703406677217143e-14,1.95408284819509e-14
2162,3.975794984244189e-11,1.695012219884916e-14,1.944616672030672e-14
2163,3.956346743817511e-11,1.686661475713188e-14,1.935196193161248e-14
2164,3.936506459424601e-11,1.678354290766578e-14,1.925821385838526e-14
2165,3.917784640544547e-11,1.670090044638692e-14,1.916492433636231e-14
2166,3.89868769403675e-11,1.661867878544298e-14,1.907209215798951e-14
2167,3.879612135360222e-11,1.65368831565577e-14,1.89797034943023e-14
2168,3.861190989678325e-11,1.645551178201562e-14,1.888776396810332e-14
2169,3.841748540766609e-11,1.637456171261755e-14,1.879627726956461e-14
2170,3.823337425550387e-11,1.629403631901327e-14,1.87052261515767e-14
2171,3.80344451014698e-11,1.621391736045686e-14,1.861462589557896e-14
2172,3.785975280508119e-11,1.613421684577275e-14,1.852446575495876e-14
2173,3.769023976947792e-11,1.6054937263777e-14,1.843474134310296e-14
2174,3.751245853721451e-11,1.597605638958661e-14,1.834545075817269e-14
2175,3.73287180118057e-11,1.589759062426246e-14,1.825659719667798e-14
2176,3.714065366398871e-11,1.581952362213301e-14,1.816817045361022e-14
2177,3.696643873405164e-11,1.574186078261047e-14,1.808017751174294e-14
2178,3.678395655545892e-11,1.566459687615911e-14,1.799260979289744e-14
2179,3.66117462638203e-11,1.5587730464381e-14,1.790546748843774e-14
2180,3.643947022739083e-11,1.551125355922543e-14,1.78187523414312e-14
2181,3.625591301070279e-11,1.543517918152607e-14,1.773245479275206e-14
2182,3.607308432354392e-11,1.535948052436946e-14,1.764657487981542e-14
2183,3.589050042886185e-11,1.528418278477622e-14,1.756111463533876e-14
2184,3.571810618352537e-11,1.52092651065533e-14,1.74760665420341e-14
2185,3.556466222343583e-11,1.513473430979432e-14,1.739142717413788e-14
2186,3.539278203308945e-11,1.506057732705236e-14,1.730720550926017e-14
2187,3.522616947172586e-11,1.498679589656227e-14,1.722339021152868e-14
2188,3.505582137160322e-11,1.491339118611634e-14,1.713998442198673e-14
2189,3.487905448826111e-11,1.484036120052007e-14,1.705697829438289e-14
2190,3.4715241185435e-11,1.476770117138164e-14,1.69743734721134e-14
2191,3.454335398170638e-11,1.46954144277739e-14,1.689217547750406e-14
2192,3.438453526276189e-11,1.462349422268204e-14,1.681037676143784e-14
2193,3.422102970665454e-11,1.455193357790186e-14,1.672896428892416e-14
2194,3.405130088289163e-11,1.448073796011686e-14,1.664795806914701e-14
2195,3.388304037277899e-11,1.440990809162771e-14,1.656733373891375e-14
2196,3.371876922112975e-11,1.433943505295686e-14,1.648711019824121e-14
2197,3.356046667420096e-11,1.426931372588973e-14,1.640726778747563e-14
2198,3.339320513819557e-11,1.419955151581273e-14,1.63278178755889e-14
2199,3.322842594432544e-11,1.413014563617736e-14,1.624875382940585e-14
2200,3.307745669167109e-11,1.406108988504808e-14,1.617007038259593e-14
2201,3.292833385920183e-11,1.39923823399147e-14,1.609176785680738e-14
2202,3.276829219893039e-11,1.392401896630377e-14,1.601384490101328e-14
2203,3.260917436373126e-11,1.385600379235839e-14,1.593629844007458e-14
2204,3.244827756820016e-11,1.378832513770974e-14,1.585912673079893e-14
2205,3.229713571563667e-11,1.372098944669269e-14,1.57823383320079e-14
2206,3.213724564791109e-11,1.365399581263388e-14,1.570591220446276e-14
2207,3.198650894368004e-11,1.358733416254408e-14,1.562986315901561e-14
2208,3.183612248943761e-11,1.3521011167282e-14,1.555418206828192e-14
2209,3.168077701459517e-11,1.345501853012457e-14,1.547886431067841e-14
2210,3.15275003984766e-11,1.338936008549387e-14,1.540390557680417e-14
2211,3.13735006677119e-11,1.332403304805499e-14,1.532931845162046e-14
2212,3.1221780935766e-11,1.325903438804305e-14,1.525509199499271e-14
2213,3.106916789560786e-11,1.319435450646585e-14,1.518122583139306e-14
2214,3.09184914378536e-11,1.313000492368191e-14,1.51077157800735e-14
2215,3.076747510190939e-11,1.306597330294715e-14,1.503456029291375e-14
2216,3.061279461522347e-11,1.30022664040152e-14,1.496175876166613e-14
2217,3.048095755607077e-11,1.29388858526685e-14,1.488931190000799e-14
2218,3.034012266004249e-11,1.28758171385856e-14,1.481721398410075e-14
2219,3.019739711845234e-11,1.281306086026924e-14,1.474546873229191e-14
2220,3.005670314960237e-11,1.275062842350592e-14,1.467406886285682e-14
2221,2.990612384130256e-11,1.268849516506114e-14,1.460301518108271e-14
2222,2.976192151206267e-11,1.2626685012045e-14,1.453230354132669e-14
2223,2.962327847741542e-11,1.256517897086272e-14,1.446193849359214e-14
2224,2.947569399011347e-11,1.250397697853897e-14,1.439191002204141e-14
2225,2.933764968752801e-11,1.244308546868089e-14,1.432222021716458e-14
2226,2.919232627797953e-11,1.238249614846498e-14,1.425286978181022e-14
2227,2.905639150515549e-11,1.232220833824602e-14,1.41838565832916e-14
2228,2.892322070055809e-11,1.226221986038797e-14,1.411517664473503e-14
2229,2.877914795234523e-11,1.220253295683486e-14,1.404682615371309e-14
2230,2.864411733656582e-11,1.214315007953815e-14,1.397881003244428e-14
2231,2.850808029836283e-11,1.208404861224289e-14,1.391112365468103e-14
2232,2.837056989166334e-11,1.202525065403632e-14,1.384376456268339e-14
2233,2.822335134294219e-11,1.196675018418862e-14,1.377672482013007e-14
2234,2.809158442203405e-11,1.19085296479362e-14,1.371001279126398e-14
2235,2.795099884265504e-11,1.185060406553749e-14,1.36436299519739e-14
2236,2.781487549055635e-11,1.179296530667484e-14,1.357756198103447e-14
2237,2.769148406340064e-11,1.173561190696691e-14,1.351181038035264e-14
2238,2.756408513915561e-11,1.167854813131382e-14,1.34463858097611e-14
2239,2.743985838609517e-11,1.162176445177749e-14,1.338127518829252e-14
2240,2.731767735667587e-11,1.156526151327676e-14,1.331647434987949e-14
2241,2.717696457184728e-11,1.150903706854781e-14,1.325199548961796e-14
2242,2.704872306420843e-11,1.145309720284616e-14,1.31878225992125e-14
2243,2.691338711321055e-11,1.139742733251777e-14,1.312396527212114e-14
2244,2.679042091048162e-11,1.134204112434068e-14,1.306041202393554e-14
2245,2.66652429257461e-11,1.128693258974809e-14,1.299716990287241e-14
2246,2.653454982356091e-11,1.123208704585106e-14,1.293423407380133e-14
2247,2.64095409509675e-11,1.1177518673403e-14,1.287160183593208e-14
2248,2.628201479937064e-11,1.112321334392812e-14,1.280927164811081e-14
2249,2.615763960806087e-11,1.106918571278895e-14,1.274723783669959e-14
2250,2.602860462579857e-11,1.101542097108059e-14,1.268551453217387e-14
2251,2.591188105429095e-11,1.096193482581922e-14,1.262408479706396e-14
2252,2.578854698322852e-11,1.090869738873714e-14,1.256294980059137e-14
2253,2.566146612309738e-11,1.085572460578172e-14,1.250211553291751e-14
2254,2.554254204431795e-11,1.080302169709552e-14,1.244157020981003e-14
2255,2.542533655966282e-11,1.075057120334447e-14,1.238132217528926e-14
2256,2.530043635528725e-11,1.069838353174743e-14,1.232136759202746e-14
2257,2.517342596174713e-11,1.064645216781728e-14,1.226170103941918e-14
2258,2.505633468741418e-11,1.059478162622987e-14,1.220232252128269e-14
2259,2.494064131152554e-11,1.054335896032017e-14,1.214322788467746e-14
2260,2.481527750071638e-11,1.049220060400825e-14,1.208442368438592e-14
2261,2.469096615336797e-11,1.044128874576729e-14,1.202590098380746e-14
2262,2.457038760039115e-11,1.039062718883128e-14,1.196766615924409e-14
2263,2.445626551037906e-11,1.034021681685235e-14,1.190971012577312e-14
2264,2.433099459979306e-11,1.029005582488512e-14,1.185203171666562e-14
2265,2.423467174578547e-11,1.024013691790169e-14,1.179463435476245e-14
2266,2.412323744073396e-11,1.019047021290752e-14,1.173751396066211e-14
2267,2.401490447610633e-11,1.014104747421808e-14,1.168067279883369e-14
2268,2.389589314013818e-11,1.009186719287908e-14,1.16241042633867e-14
2269,2.378583988375427e-11,1.004293043545114e-14,1.156781128885548e-14
2270,2.36755128359589e-11,9.994230058761524e-15,1.151178760941969e-14
2271,2.355931560964443e-11,9.945771898286315e-15,1.145603724625604e-14
2272,2.344322332738251e-11,9.897552392469873e-15,1.140055672735616e-14
2273,2.333630354437565e-11,9.849571064791874e-15,1.134534770006655e-14
2274,2.3226724354817e-11,9.801819498150391e-15,1.129039844087437e-14
2275,2.311773883479379e-11,9.754310757361004e-15,1.123571871064545e-14
2276,2.300788207840614e-11,9.707030394845796e-15,1.118129888396855e-14
2277,2.289537197922972e-11,9.659992644627575e-15,1.112714496813337e-14
2278,2.278928165370412e-11,9.613174525045402e-15,1.107325765244987e-14
2279,2.267769121706958e-11,9.566593706933985e-15,1.101962543485629e-14
2280,2.257112865428112e-11,9.520241728509898e-15,1.096625739389507e-14
2281,2.246071221895508e-11,9.474120313902062e-15,1.091314347596857e-14
2282,2.236031929824174e-11,9.428213153059001e-15,1.086028720799336e-14
2283,2.225713719882832e-11,9.382539288394195e-15,1.08076917066926e-14
2284,2.215508995349879e-11,9.337087312296511e-15,1.075534181571839e-14
2285,2.204334654018714e-11,9.291867090655891e-15,1.070324938691231e-14
2286,2.193663534645365e-11,9.246862153034442e-15,1.065140655623813e-14
2287,2.183636171281808e-11,9.202077290578132e-15,1.059982378549049e-14
2288,2.173275647998493e-11,9.157517967553139e-15,1.054847948390654e-14
2289,2.163664195321802e-11,9.113164973790858e-15,1.049738316324893e-14
2290,2.152500498417663e-11,9.069040609885032e-15,1.044654054439585e-14
2291,2.142932542943638e-11,9.025124138691103e-15,1.03959458254022e-14
2292,2.132446593663778e-11,8.981428429948255e-15,1.034559292460465e-14
2293,2.122282140384331e-11,8.937951285458951e-15,1.029548075540416e-14
2294,2.112183196914007e-11,8.894678360119523e-15,1.024561160389215e-14
2295,2.101596846680292e-11,8.851615691197806e-15,1.019598449977353e-14
2296,2.092369733040534e-11,8.808774350437321e-15,1.014659226170749e-14
2297,2.082208488240137e-11,8.76613197031287e-15,1.00974438686785e-14
2298,2.071735419652262e-11,8.723703328725973e-15,1.00485362952899e-14
2299,2.06131476246361e-11,8.681482638098522e-15,9.999861536665885e-15
2300,2.051741081290926e-11,8.639469420833963e-15,9.9514202949821e-15
2301,2.042026109557224e-11,8.597660902500589e-15,9.90321911260425e-15
2302,2.032201048763194e-11,8.556046460469592e-15,9.855245337515261e-15
2303,2.022649131770375e-11,8.514651386386645e-15,9.807507622635974e-15
2304,2.015077800783761e-11,8.47345230176734e-15,9.759996602623748e-15
2305,2.005484797337379e-11,8.432458941514756e-15,9.712719312820618e-15
2306,1.996418520961774e-11,8.391656385186997e-15,9.665671678310468e-15
2307,1.987163969603906e-11,8.351065021408866e-15,9.618848791400498e-15
2308,1.977396539596082e-11,8.310663604877739e-15,9.572252520511356e-15
2309,1.968054809324727e-11,8.270458627835612e-15,9.525883530428962e-15
2310,1.958953674593984e-11,8.230459175085633e-15,9.479734200857492e-15
2311,1.950700268906462e-11,8.190646791729804e-15,9.43381307784294e-15
2312,1.940293743997458e-11,8.151034053107319e-15,9.388114142931624e-15
2313,1.931184967466027e-11,8.111612463018464e-15,9.342634688151686e-15
2314,1.922383002300346e-11,8.072384618380925e-15,9.297370652835823e-15
2315,1.913621479488931e-11,8.033351874212903e-15,9.252331015844309e-15
2316,1.904271701616794e-11,7.994503455801543e-15,9.207508129701028e-15
2317,1.89497764646369e-11,7.955848571692475e-15,9.162902098171766e-15
2318,1.886637671337118e-11,7.917375895538245e-15,9.118514176027092e-15
2319,1.877634041956875e-11,7.87909521807888e-15,9.074336965004827e-15
2320,1.869477368270951e-11,7.841008180139655e-15,9.030379206522012e-15
2321,1.860041390883746e-11,7.803103467223849e-15,8.986627199945863e-15
2322,1.851654163312074e-11,7.76537703127777e-15,8.943094145300378e-15
2323,1.842951805408122e-11,7.727841014288861e-15,8.89976366357874e-15
2324,1.834178165458905e-11,7.690482929217415e-15,8.856642986340187e-15
2325,1.825651741230804e-11,7.653312668633517e-15,8.813738035109122e-15
2326,1.817201672802167e-11,7.616318735868059e-15,8.771037338316665e-15
2327,1.808222457692922e-11,7.579509658140664e-15,8.728542089656031e-15
2328,1.799735476301517e-11,7.542882278739077e-15,8.686254953868625e-15
2329,1.791340477698994e-11,7.506426340466675e-15,8.644171431323712e-15
2330,1.783231235626036e-11,7.470157399001189e-15,8.602292703307118e-15
2331,1.775314457242236e-11,7.434053606798568e-15,8.560611648170192e-15
2332,1.766903512579039e-11,7.39813360216494e-15,8.51913459666439e-15
2333,1.758536179243065e-11,7.362392377311958e-15,8.47785593599589e-15
2334,1.749617043797354e-11,7.326818039499139e-15,8.436787212382354e-15
2335,1.742281359699629e-11,7.291417627997218e-15,8.395904890624211e-15
2336,1.733465349462822e-11,7.256190552262685e-15,8.355224977694759e-15
2337,1.725207848537692e-11,7.221136225028815e-15,8.314741092053089e-15
2338,1.717996691312443e-11,7.186259244430025e-15,8.274457642126396e-15
2339,1.70945792007106e-11,7.151548207625564e-15,8.23436265283272e-15
2340,1.701758389869216e-11,7.117004699368159e-15,8.194464067577536e-15
2341,1.693859991562751e-11,7.082626160731243e-15,8.154757005114262e-15
2342,1.685609937624456e-11,7.048415816131956e-15,8.115245075891283e-15
2343,1.677757788131586e-11,7.014376250884372e-15,8.075923720151717e-15
2344,1.670157791099405e-11,6.980497305051025e-15,8.0367894811418e-15
2345,1.662281408984328e-11,6.946783889242041e-15,7.997849236739724e-15
2346,1.654089694818585e-11,6.913230854495144e-15,7.959096072856016e-15
2347,1.646451047248551e-11,6.879848416644393e-15,7.920528984509036e-15
2348,1.638946915832987e-11,6.846623222694703e-15,7.882147068045236e-15
2349,1.631545441390944e-11,6.813557143226006e-15,7.843951016253816e-15
2350,1.623518336252968e-11,6.780660272212445e-15,7.80594544968571e-15
2351,1.616200555530553e-11,6.747917595823273e-15,7.768123110602939e-15
2352,1.608366663192572e-11,6.715336594117864e-15,7.730476557648887e-15
2353,1.600846038654897e-11,6.682913457521174e-15,7.69301766347535e-15
2354,1.593780538904876e-11,6.650639513286533e-15,7.655735711650177e-15
2355,1.585923695596315e-11,6.618532820496414e-15,7.618635457943215e-15
2356,1.578245584612328e-11,6.586578927811133e-15,7.581718763965257e-15
2357,1.570626802608971e-11,6.554781343492037e-15,7.544975823895536e-15
2358,1.56289824368474e-11,6.523137194356448e-15,7.508414489906289e-15
2359,1.555736341727635e-11,6.491649788356575e-15,7.4720290045815e-15
2360,1.548544114024866e-11,6.460310109800953e-15,7.43581975113597e-15
2361,1.540220835957946e-11,6.429131279378248e-15,7.39978300540732e-15
2362,1.533149139327501e-11,6.398099071650014e-15,7.36391943622739e-15
2363,1.525812316389746e-11,6.367212882819586e-15,7.328233353168363e-15
2364,1.519743185728907e-11,6.336485366871276e-15,7.292717542176902e-15
2365,1.511976590779703e-11,6.305901200981293e-15,7.257374081751348e-15
2366,1.50468588105246e-11,6.275471473096972e-15,7.22220658619599e-15
2367,1.49766402043274e-11,6.245189102290639e-15,7.18720192649534e-15
2368,1.491854948898534e-11,6.215047529496124e-15,7.152373953613054e-15
2369,1.484232274905818e-11,6.185053139188184e-15,7.117709783899577e-15
2370,1.477285719585088e-11,6.155207307875657e-15,7.083210641123203e-15
2371,1.471898045953441e-11,6.125504855120987e-15,7.048883509344004e-15
2372,1.465049835228084e-11,6.095950038546951e-15,7.014720358442881e-15
2373,1.45789124573273e-11,6.066533514582348e-15,6.980724799898215e-15
2374,1.451981149992939e-11,6.03726275499538e-15,6.946886962270044e-15
2375,1.445841304080453e-11,6.008131866047972e-15,6.913217814255906e-15
2376,1.438167619736222e-11,5.979141498762411e-15,6.879714720427405e-15
2377,1.432103065882972e-11,5.950300680438265e-15,6.846365557289642e-15
2378,1.425163413670188e-11,5.921593512587144e-15,6.81318211482122e-15
2379,1.418571525240484e-11,5.893018819647392e-15,6.780161677446373e-15
2380,1.412034970165774e-11,5.864584076220306e-15,6.747301280496495e-15
2381,1.405181141118988e-11,5.836292394378165e-15,6.714595709655163e-15
2382,1.399500992716738e-11,5.808138543077995e-15,6.682049090663548e-15
2383,1.392981829020607e-11,5.78012077288568e-15,6.649662287570004e-15
2384,1.38644436511816e-11,5.75223609446299e-15,6.617429652127435e-15
2385,1.379507202276853e-11,5.724489703065707e-15,6.585352991449742e-15
2386,1.373207183641374e-11,5.696871766771823e-15,6.553435319489494e-15
2387,1.367128808396441e-11,5.669391644303197e-15,6.521670253084277e-15
2388,1.360925954394749e-11,5.64204508857045e-15,6.490057520340909e-15
2389,1.355360278407596e-11,5.614836170105301e-15,6.45859884118799e-15
2390,1.348111635872979e-11,5.587754353329743e-15,6.42729329865648e-15
2391,1.342169912482065e-11,5.56080660608008e-15,6.39613525376063e-15
2392,1.335925169841724e-11,5.53398339459354e-15,6.365130473642155e-15
2393,1.330167030417228e-11,5.50729381590085e-15,6.334282093674421e-15
2394,1.324103005228424e-11,5.480731525098758e-15,6.3035706918309e-15
2395,1.317554585711748e-11,5.454297994536334e-15,6.27301781288099e-15
2396,1.31144084198317e-11,5.427989424348651e-15,6.242603536970038e-15
2397,1.305930313511697e-11,5.401814544671878e-15,6.212345173726491e-15
2398,1.299776418784048e-11,5.375767020644922e-15,6.182230827190513e-15
2399,1.293910730693204e-11,5.349839422783116e-15,6.152261255316075e-15
2400,1.28814337930562e-11,5.324043407120548e-15,6.122436052496836e-15
2401,1.281816856442504e-11,5.298377907405933e-15,6.092756486240137e-15
2402,1.275660862359481e-11,5.2728211436915e-15,6.063223644879166e-15
2403,1.270297509858185e-11,5.247390780068947e-15,6.033826344748571e-15
2404,1.263802302523053e-11,5.222093843644308e-15,6.004573789890936e-15
2405,1.258340305977527e-11,5.196913497226118e-15,5.975465362869982e-15
2406,1.252929417029324e-11,5.171855996087467e-15,5.946498108042637e-15
2407,1.246798378373167e-11,5.146925246009976e-15,5.917668736551872e-15
2408,1.24149344191083e-11,5.122112172672413e-15,5.888979630248208e-15
2409,1.235599002286162e-11,5.097414316911456e-15,5.860430908222458e-15
2410,1.229677599329986e-11,5.072835979815493e-15,5.832018190524116e-15
2411,1.224045734899421e-11,5.048379517639839e-15,5.803742533981933e-15
2412,1.218555028464938e-11,5.024039925532309e-15,5.775602283428953e-15
2413,1.213006875970785e-11,4.999817759280595e-15,5.747604144140837e-15
2414,1.20785545067804e-11,4.975714923363041e-15,5.719735823278784e-15
2415,1.201636658588407e-11,4.951729966672849e-15,5.692003393314484e-15
2416,1.196514317626341e-11,4.927860895170263e-15,5.664409469081685e-15
2417,1.190987830032751e-11,4.904103133788305e-15,5.63694612801042e-15
2418,1.185450004644273e-11,4.880463924484653e-15,5.609611428497273e-15
2419,1.180108681589532e-11,4.856938506169765e-15,5.582412087179535e-15
2420,1.174196531196112e-11,4.833526588792731e-15,5.555347833188352e-15
2421,1.169450193468622e-11,4.810226474160399e-15,5.528411601817662e-15
2422,1.164054273350373e-11,4.787042801725083e-15,5.501611143956917e-15
2423,1.158787601070831e-11,4.763963219737686e-15,5.474935181235585e-15
2424,1.153420729987606e-11,4.741003967089116e-15,5.448385976512733e-15
2425,1.147681690577917e-11,4.718154753706087e-15,5.421970120600043e-15
2426,1.142324327416552e-11,4.695412901120689e-15,5.395671802693284e-15
2427,1.137408591093378e-11,4.672778641607547e-15,5.369513111893476e-15
2428,1.132298140090576e-11,4.650261350642832e-15,5.343477936559332e-15
2429,1.126970443624096e-11,4.627845865367715e-15,5.317568957402768e-15
2430,1.121680446114357e-11,4.605545862609932e-15,5.291784573605425e-15
2431,1.116865123006459e-11,4.583351908918486e-15,5.266122228529671e-15
2432,1.111569587090886e-11,4.561257262651749e-15,5.240590839702083e-15
2433,1.106994183273495e-11,4.539277617544583e-15,5.215179483659234e-15
2434,1.102213021148249e-11,4.517400417167108e-15,5.189890195994108e-15
2435,1.096878930087108e-11,4.495631383525855e-15,5.164722675774264e-15
2436,1.092194254067351e-11,4.473969362399042e-15,5.13967595825979e-15
2437,1.086718108658637e-11,4.452419181606055e-15,5.114757322909739e-15
2438,1.081548594041958e-11,4.430962410924257e-15,5.089953494408698e-15
2439,1.076649650809033e-11,4.409598681759934e-15,5.065270305158688e-15
2440,1.071823619348557e-11,4.388348462725082e-15,5.040706260269008e-15
2441,1.067904691982536e-11,4.367203685872997e-15,5.0162574921244e-15
2442,1.062577111446949e-11,4.346166431006461e-15,4.991937183490757e-15
2443,1.057672238743567e-11,4.325226405499562e-15,4.967729140315912e-15
2444,1.053018951587987e-11,4.304384835929442e-15,4.943636199686384e-15
2445,1.047683391481383e-11,4.283637729705188e-15,4.919665284678206e-15
2446,1.043452380368997e-11,4.262996754897801e-15,4.895804682733699e-15
2447,1.038858297304499e-11,4.242459631277734e-15,4.872065977038563e-15
2448,1.034167265615956e-11,4.222016558218946e-15,4.848439399693519e-15
2449,1.029002449144914e-11,4.201677171312507e-15,4.824924526811979e-15
2450,1.024859692767456e-11,4.181427774733341e-15,4.801522954828822e-15
2451,1.019618043891431e-11,4.161281893521948e-15,4.778241291822285e-15
2452,1.015594239951089e-11,4.141230868575884e-15,4.755065476145491e-15
2453,1.01108396799252e-11,4.121287618413729e-15,4.732003536915385e-15
2454,1.005856289410295e-11,4.10142040750175e-15,4.709053392306941e-15
2455,1.001863492287677e-11,4.081663093245657e-15,4.686218231918171e-15
2456,9.97041338611512e-12,4.061997560056155e-15,4.663486651820872e-15
2457,9.925305462972201e-12,4.042428446829611e-15,4.640867853394961e-15
2458,9.880132570739022e-12,4.022951946055797e-15,4.618356543352602e-15
2459,9.839485904132663e-12,4.003565511025286e-15,4.595960977981854e-15
2460,9.794552700701099e-12,3.984280797815161e-15,4.573669660198971e-15
2461,9.75027541462639e-12,3.96508879159448e-15,4.551486110964818e-15
2462,9.697408742036801e-12,3.945985296380447e-15,4.52941238056635e-15
2463,9.658662338539725e-12,3.926974088788204e-15,4.507445697070829e-15
2464,9.62390604976564e-12,3.908056977623574e-15,4.485580984944587e-15
2465,9.57351888905761e-12,3.88923111569758e-15,4.463823698914263e-15
2466,9.527335149185671e-12,3.870498375136065e-15,4.442172208034251e-15
2467,9.485491106541348e-12,3.851850171258082e-15,4.420625970131028e-15
2468,9.441276420459772e-12,3.833296815720777e-15,4.399182309965734e-15
2469,9.404852287765282e-12,3.814832751891728e-15,4.377844536490694e-15
2470,9.365158423695186e-12,3.796454841678951e-15,4.356612727422468e-15
2471,9.318516842196533e-12,3.77817050972131e-15,4.33548034171867e-15
2472,9.27425925540116e-12,3.759966303759449e-15,4.314450369867008e-15
2473,9.23386543757993e-12,3.741852996865956e-15,4.293526964311324e-15
2474,9.200094775395851e-12,3.723830758781972e-15,4.272694191580759e-15
2475,9.147926225292508e-12,3.705896602236059e-15,4.251972554844373e-15
2476,9.110212663107778e-12,3.688050673743113e-15,4.231348045708806e-15
2477,9.076752896210302e-12,3.670286221202561e-15,4.210820022274462e-15
2478,9.030164680597348e-12,3.65260107305829e-15,4.190388354714772e-15
2479,8.991120272181578e-12,3.635010649409462e-15,4.170064568703556e-15
2480,8.95089728752341e-12,3.617501836191647e-15,4.149836424711183e-15
2481,8.90993089116027e-12,3.600086083682643e-15,4.129704435959795e-15
2482,8.871424193563123e-12,3.582743632647748e-15,4.109669265804942e-15
2483,8.833624436514085e-12,3.565484664372977e-15,4.089731721792967e-15
2484,8.793445063244079e-12,3.548311657767307e-15,4.069896721360712e-15
2485,8.74956223827707e-12,3.53122061654668e-15,4.050150635378923e-15
2486,8.715696166908441e-12,3.51421788063305e-15,4.030500229537392e-15
2487,8.676791139192275e-12,3.497285607157511e-15,4.010950768609269e-15
2488,8.633599539934991e-12,3.480445837968222e-15,3.991490635305443e-15
2489,8.600318528103013e-12,3.46368131831033e-15,3.972127923850961e-15
2490,8.56102152714447e-12,3.446998631497087e-15,3.952856598526981e-15
2491,8.520692021903165e-12,3.430397885798791e-15,3.933679032391502e-15
2492,8.484164139678894e-12,3.413878408756856e-15,3.914594749945908e-15
2493,8.444240440091298e-12,3.397431518904242e-15,3.895604102157628e-15
2494,8.4076389405931e-12,3.381068438618386e-15,3.876702309231623e-15
2495,8.36968073338587e-12,3.364783927762482e-15,3.857893098991906e-15
2496,8.332529228614534e-12,3.348582491110122e-15,3.839175192010288e-15
2497,8.29393424293375e-12,3.332454883152215e-15,3.820552358962316e-15
2498,8.254102200234178e-12,3.316411576288566e-15,3.802014298244133e-15
2499,8.22212999962588e-12,3.300436318711447e-15,3.783566211903206e-15
2500,8.189408514632936e-12,3.284541211879142e-15,3.765214768016746e-15
2501,8.147147922473029e-12,3.268726013581424e-15,3.74694211455173e-15
2502,8.10864969563163e-12,3.252981192198126e-15,3.728764130626107e-15
2503,8.077115912783758e-12,3.237313239615707e-15,3.710673911258138e-15
2504,8.039540752213203e-12,3.221724027277405e-15,3.692665570280007e-15
2505,8.009160022790666e-12,3.206209606757587e-15,3.674745860815934e-15
2506,7.969824632813843e-12,3.19077131486675e-15,3.656917482515527e-15
2507,7.937552175478338e-12,3.175404008569765e-15,3.639174461577336e-15
2508,7.904109951267319e-12,3.160108659571746e-15,3.621515815965622e-15
2509,7.861950870163987e-12,3.144887378283466e-15,3.603948937330405e-15
2510,7.830218573204239e-12,3.129745123530042e-15,3.586458395422518e-15
2511,7.8034831650103e-12,3.114678003882239e-15,3.569057579044289e-15
2512,7.763423859249097e-12,3.099681598627758e-15,3.551735213382407e-15
2513,7.725278152365409e-12,3.084759511126781e-15,3.534497760342387e-15
2514,7.697124389401016e-12,3.069896892336863e-15,3.517351763333594e-15
2515,7.655310496653856e-12,3.055121645369486e-15,3.500278371300828e-15
2516,7.617425028169232e-12,3.040401179749588e-15,3.483295255193846e-15
2517,7.598746556216836e-12,3.025767045357175e-15,3.46639504879502e-15
2518,7.569558365294219e-12,3.01119706397507e-15,3.449572478100238e-15
2519,7.525970911880101e-12,2.99669574568768e-15,3.432839363658099e-15
2520,7.492780691912204e-12,2.982262658498953e-15,3.41618056894853e-15
2521,7.46217500610481e-12,2.967904833134168e-15,3.399599658900081e-15
2522,7.426986866278912e-12,2.953617780025767e-15,3.383100646119588e-15
2523,7.393467076396766e-12,2.939395125697852e-15,3.366680170987629e-15
2524,7.362458889192785e-12,2.925238146639476e-15,3.35034453393669e-15
2525,7.331760163506629e-12,2.911155519141631e-15,3.334083971577785e-15
2526,7.298964451398266e-12,2.897130024727269e-15,3.317906195072219e-15
2527,7.257920435463167e-12,2.883184879334572e-15,3.301802210853635e-15
2528,7.23385777954567e-12,2.869302779145719e-15,3.28578516205782e-15
2529,7.197320741905102e-12,2.85548137035298e-15,3.269836290760532e-15
2530,7.170732201146735e-12,2.841736606216261e-15,3.253962596708463e-15
2531,7.142642017569153e-12,2.828051506043207e-15,3.2381691209311e-15
2532,7.112823841022285e-12,2.814435539669589e-15,3.222456881851054e-15
2533,7.076375613927837e-12,2.800888534115817e-15,3.206821403631008e-15
2534,7.037337401724778e-12,2.787397313894501e-15,3.191257196375754e-15
2535,7.022356604505654e-12,2.773973331179231e-15,3.175767160920743e-15
2536,6.995444472464886e-12,2.760621227948161e-15,3.160358002590778e-15
2537,6.955143890796188e-12,2.747320406662931e-15,3.145017538829242e-15
2538,6.92407796812073e-12,2.734098085640555e-15,3.129750927883898e-15
2539,6.892403130429816e-12,2.720929678725856e-15,3.114561330779565e-15
2540,6.860372354204134e-12,2.707830831398646e-15,3.099441392323186e-15
2541,6.825312329495647e-12,2.69479246545003e-15,3.084404266490588e-15
2542,6.807197721767933e-12,2.681812905525888e-15,3.069430546939146e-15
2543,6.779587919230652e-12,2.668895041749225e-15,3.054534655608289e-15
2544,6.749307203243394e-12,2.656047051338081e-15,3.039708160341243e-15
2545,6.721087080709933e-12,2.643265536586171e-15,3.024954789730597e-15
2546,6.68325367519141e-12,2.630531245684742e-15,3.010271615813011e-15
2547,6.653153662780469e-12,2.617865752151221e-15,2.99565998054417e-15
2548,6.625342769663467e-12,2.605265356768129e-15,2.981117754907257e-15
2549,6.596795658589497e-12,2.592716053663618e-15,2.966649861129007e-15
2550,6.574340950103496e-12,2.580232084903312e-15,2.952247852174614e-15
2551,6.541046652558124e-12,2.567808189269996e-15,2.937919531920406e-15
2552,6.508087088644277e-12,2.555445557157314e-15,2.92365958464925e-15
2553,6.485240334098087e-12,2.543144848933181e-15,2.909467044804567e-15
2554,6.457511066184902e-12,2.530895813256987e-15,2.895345951448647e-15
2555,6.427541746701285e-12,2.518707577518059e-15,2.881288644459567e-15
2556,6.409625118240854e-12,2.506576177479921e-15,2.867300758336079e-15
2557,6.376921395080183e-12,2.494506048056872e-15,2.853383177699527e-15
2558,6.350588757846273e-12,2.482498853081356e-15,2.839533303220466e-15
2559,6.324121037135982e-12,2.47054683475268e-15,2.825746158937011e-15
2560,6.295439191909595e-12,2.458642044828459e-15,2.812031250593082e-15
2561,6.261905288225411e-12,2.446805306294758e-15,2.798380334255583e-15
2562,6.235919328622543e-12,2.43502657704735e-15,2.784797970507959e-15
2563,6.213002213662761e-12,2.423299071203254e-15,2.771276503150491e-15
2564,6.1841369762395e-12,2.411637724776417e-15,2.757823798191654e-15
2565,6.166571381264598e-12,2.400020267468321e-15,2.744436915814829e-15
2566,6.131142291120021e-12,2.38846428640991e-15,2.731112144069275e-15
2567,6.107783357041997e-12,2.3769700864391e-15,2.717852914667281e-15
2568,6.081054677036278e-12,2.365513246930645e-15,2.70465961009628e-15
2569,6.057604346310335e-12,2.354124642729889e-15,2.691525590133429e-15
2570,6.029894756440528e-12,2.342791677951096e-15,2.678461526119676e-15
2571,5.991561323689898e-12,2.331507284518666e-15,2.665459482662581e-15
2572,5.960670305976119e-12,2.320272083022953e-15,2.652516093421926e-15
2573,5.955470525799324e-12,2.309112008653069e-15,2.639639343040375e-15
2574,5.920350072986831e-12,2.297993064249821e-15,2.626828225681835e-15
2575,5.896896112398352e-12,2.2869263069509e-15,2.61407164784261e-15
2576,5.864663325356928e-12,2.27591481225742e-15,2.601379798411769e-15
2577,5.845352270719058e-12,2.264960560403595e-15,2.588754780490631e-15
2578,5.817872579012359e-12,2.254050294901831e-15,2.576183714111364e-15
2579,5.799912756802743e-12,2.243195353088528e-15,2.563671359236106e-15
2580,5.772631270781442e-12,2.232397004561251e-15,2.551224503402845e-15
2581,5.760846459939988e-12,2.22163995702879e-15,2.538839981793129e-15
2582,5.719198879028787e-12,2.210952039472526e-15,2.526517134267016e-15
2583,5.70043636182906e-12,2.200300797067827e-15,2.514249079860616e-15
2584,5.672265346880395e-12,2.189707894767843e-15,2.502039402458811e-15
2585,5.65727045986943e-12,2.17916874286522e-15,2.489891465530063e-15
2586,5.631427175406751e-12,2.168676147038498e-15,2.477801330627054e-15
2587,5.605141535202877e-12,2.158231559594114e-15,2.465769550684094e-15
2588,5.585577720576826e-12,2.147839920785669e-15,2.453800720093846e-15
2589,5.562675876577382e-12,2.137495653523969e-15,2.441881208744374e-15
2590,5.543181456662229e-12,2.127205752010845e-15,2.430022904823998e-15
2591,5.509305069129093e-12,2.116957212667224e-15,2.418227642170344e-15
2592,5.479266411664184e-12,2.106771578729616e-15,2.406483621969705e-15
2593,5.454637942285618e-12,2.096625721617563e-15,2.39479973808716e-15
2594,5.442757249271038e-12,2.086537072621583e-15,2.383170030262476e-15
2595,5.421794137055349e-12,2.076486892468213e-15,2.371597253459883e-15
2596,5.380608758682997e-12,2.066487179969367e-15,2.360079930729029e-15
2597,5.36461193157735e-12,2.056536296153076e-15,2.348623174055349e-15
2598,5.359643392567443e-12,2.046640741746318e-15,2.337217718922863e-15
2599,5.329832543963442e-12,2.036783983611999e-15,2.325866342016154e-15
2600,5.303341284248489e-12,2.026969236410604e-15,2.314570706556339e-15
2601,5.283125073411194e-12,2.017215705001447e-15,2.303333542142073e-15
2602,5.25826898313226e-12,2.007493327247716e-15,2.292144963584513e-15
2603,5.232362641183292e-12,1.997834006027308e-15,2.281016302991538e-15
2604,5.203934486476609e-12,1.988215714794318e-15,2.269938315881494e-15
2605,5.180572395977515e-12,1.978642136576079e-15,2.258913311408368e-15
2606,5.173750079105507e-12,1.969112053660581e-15,2.247944987907757e-15
2607,5.158162095820978e-12,1.959630567911412e-15,2.237030937392015e-15
2608,5.137125897175838e-12,1.950194486501598e-15,2.226165141875107e-15
2609,5.104128789923867e-12,1.940814732495509e-15,2.215353373077576e-15
2610,5.088297385999421e-12,1.931463156942156e-15,2.204595203285605e-15
2611,5.072364059888213e-12,1.922162238416052e-15,2.19388636854062e-15
2612,5.045893424800802e-12,1.91290679504153e-15,2.183234073968976e-15
2613,5.016831649381333e-12,1.903708242066051e-15,2.172632895528477e-15
2614,4.995346741473519e-12,1.894545278254032e-15,2.162075620646332e-15
2615,4.981938871102099e-12,1.885417779755931e-15,2.151580080504251e-15
2616,4.962073592599726e-12,1.876341214117195e-15,2.141127998425012e-15
2617,4.936130650776376e-12,1.867306370076364e-15,2.130727338425363e-15
2618,4.921907669998819e-12,1.858312930299805e-15,2.12038137732734e-15
2619,4.905815835399288e-12,1.84936379326569e-15,2.110081879733013e-15
2620,4.873098042779332e-12,1.840465949085098e-15,2.099833412701246e-15
2621,4.848210327503057e-12,1.831607325410737e-15,2.089632103397343e-15
2622,4.827227794724084e-12,1.822789173819914e-15,2.079486622018032e-15
2623,4.810330697989934e-12,1.814008954807367e-15,2.06938202212045e-15
2624,4.778489434607866e-12,1.80527342400867e-15,2.059332137216264e-15
2625,4.768118785819417e-12,1.796582964419652e-15,2.049331496070135e-15
2626,4.754542130611406e-12,1.787937199650282e-15,2.03937740753971e-15
2627,4.729879731024093e-12,1.77932444707913e-15,2.029475596368381e-15
2628,4.701375897353247e-12,1.770762408930629e-15,2.019615277517966e-15
2629,4.69992559942069e-12,1.762229257175654e-15,2.009804888592326e-15
2630,4.679282313875155e-12,1.753750274199354e-15,2.000041358971226e-15
2631,4.655293284211105e-12,1.745307206843987e-15,1.990325693276379e-15
2632,4.64759594934947e-12,1.736900976380146e-15,1.980657549679343e-15
2633,4.634581984375095e-12,1.728537583810308e-15,1.971039956282948e-15
2634,4.61091424957898e-12,1.720215621580561e-15,1.961462257127662e-15
2635,4.597296232391728e-12,1.711936438224738e-15,1.951935202920063e-15
2636,4.560333089778929e-12,1.703690866653512e-15,1.942448608018915e-15
2637,4.545733926485827e-12,1.695488222978686e-15,1.933018873328926e-15
2638,4.542694479653519e-12,1.687328566704265e-15,1.923631779387043e-15
2639,4.520860406718822e-12,1.679207459469773e-15,1.914283875516551e-15
2640,4.496431150801917e-12,1.67111395927795e-15,1.904984146255746e-15
2641,4.470842072141602e-12,1.663075314883569e-15,1.895732662079256e-15
2642,4.453189084815687e-12,1.655070621625131e-15,1.886523500250382e-15
2643,4.435119382482603e-12,1.647103150442599e-15,1.877357628900563e-15
2644,4.403725786283612e-12,1.639160027586033e-15,1.868241169748977e-15
2645,4.384427843037414e-12,1.631274873909146e-15,1.859162959559058e-15
2646,4.369385269126461e-12,1.623423368585396e-15,1.850132203403048e-15
2647,4.367393773191558e-12,1.61560368667476e-15,1.841141494991944e-15
2648,4.343267617790042e-12,1.607831699135387e-15,1.83219435459839e-15
2649,4.33223676324217e-12,1.600081926550457e-15,1.823300692283005e-15
2650,4.320199731141065e-12,1.592388116334954e-15,1.814438616341129e-15
2651,4.287930389758325e-12,1.584718044807319e-15,1.805622279000425e-15
2652,4.269128082962807e-12,1.577079388070286e-15,1.796855082733945e-15
2653,4.249535648315557e-12,1.56948699243638e-15,1.788121951820943e-15
2654,4.226727078994984e-12,1.561936596052602e-15,1.77943498340453e-15
2655,4.227359196341191e-12,1.554411990541254e-15,1.770795395733123e-15
2656,4.212949669961783e-12,1.546930877832933e-15,1.762190326616221e-15
2657,4.18615349795735e-12,1.539484284979703e-15,1.753624944577606e-15
2658,4.183505221332273e-12,1.532069304484934e-15,1.745105074242294e-15
2659,4.157702354507773e-12,1.524693089204482e-15,1.736627778534219e-15
2660,4.13653532658982e-12,1.51735024967234e-15,1.728189943268532e-15
2661,4.111939264830562e-12,1.510039487421743e-15,1.719794833380419e-15
2662,4.09703597744925e-12,1.502774664975344e-15,1.711435660803756e-15
2663,4.076751660024723e-12,1.495541236745859e-15,1.70312696611248e-15
2664,4.074304132812139e-12,1.488339508577297e-15,1.694845627987875e-15
2665,4.062764403089143e-12,1.481176282682071e-15,1.686609670216044e-15
2666,4.037024835479516e-12,1.474044055424173e-15,1.678416487187096e-15
2667,4.0469418894018e-12,1.466947794709096e-15,1.670262513640109e-15
2668,4.003938183456865e-12,1.459886075825217e-15,1.662147643586015e-15
2669,3.98515247195982e-12,1.452857413018553e-15,1.654070662783464e-15
2670,3.96663185052953e-12,1.44585296425471e-15,1.646035762085897e-15
2671,3.945864342079541e-12,1.438896336196674e-15,1.638035315230558e-15
2672,3.932063304822662e-12,1.431969572153087e-15,1.63007414008118e-15
2673,3.928307686692348e-12,1.425063804847646e-15,1.622153139808339e-15
2674,3.906256082570482e-12,1.418209819566124e-15,1.614273462365495e-15
2675,3.888607224306297e-12,1.411382767889102e-15,1.60642892324931e-15
2676,3.871659250813224e-12,1.404586025640039e-15,1.598623994015288e-15
2677,3.863230678621687e-12,1.397826732669152e-15,1.590854948652367e-15
2678,3.838357147992474e-12,1.391097089746578e-15,1.583121041315589e-15
2679,3.836876585515599e-12,1.384393485266612e-15,1.575434199792602e-15
2680,3.82698513059996e-12,1.377728005911541e-15,1.567777497073495e-15
2681,3.81734433950584e-12,1.37109260686629e-15,1.560157689917655e-15
2682,3.783209589359116e-12,1.36450327188675e-15,1.552572724021414e-15
2683,3.776288067744522e-12,1.357926538552123e-15,1.545033195186347e-15
2684,3.764663511925841e-12,1.351387515292479e-15,1.537520506377273e-15
2685,3.743385348209855e-12,1.344879971791029e-15,1.530051151803843e-15
2686,3.723756937097395e-12,1.338414222655043e-15,1.52261038085695e-15
2687,3.721805679155732e-12,1.331966046922284e-15,1.515217727597471e-15
2688,3.717926276550123e-12,1.32555309347388e-15,1.507854829338003e-15
2689,3.705241252337914e-12,1.319167333839144e-15,1.500524895633953e-15
2690,3.678160624571702e-12,1.312824380541893e-15,1.493231168337161e-15
2691,3.666543938732161e-12,1.306505399621997e-15,1.485976132818157e-15
2692,3.64011991803863e-12,1.300206623601694e-15,1.478750776260341e-15
2693,3.627146677627981e-12,1.293954887382918e-15,1.471561436863871e-15
2694,3.607178677441448e-12,1.28772516820057e-15,1.464411912954849e-15
2695,3.606427408061199e-12,1.281525325368139e-15,1.457297731157416e-15
2696,3.581897441441096e-12,1.275351565873971e-15,1.450214228002506e-15
2697,3.562974172641886e-12,1.269214444821217e-15,1.443166616021499e-15
2698,3.566772287663674e-12,1.263099619608657e-15,1.436155240157648e-15
2699,3.537428420261075e-12,1.257020427035147e-15,1.429171702345436e-15
2700,3.527922652470828e-12,1.250966427610271e-15,1.422226179038205e-15
2701,3.508835164004569e-12,1.244948349964592e-15,1.415313134274105e-15
2702,3.506838557084249e-12,1.238949540193299e-15,1.408436495376532e-15
2703,3.483958396240564e-12,1.232987622994517e-15,1.401587728919462e-15
2704,3.468334828981452e-12,1.227052754646185e-15,1.394776612041884e-15
2705,3.46505398754458e-12,1.221149421316873e-15,1.387997160372543e-15
2706,3.449956346388503e-12,1.215269124025812e-15,1.381249361836025e-15
2707,3.450687319426016e-12,1.209417142753299e-15,1.374535366994286e-15
2708,3.43224039041593e-12,1.203589832205927e-15,1.367854238953742e-15
2709,3.415792806034131e-12,1.197794424982919e-15,1.361210851028927e-15
2710,3.393307085524561e-12,1.192028434479834e-15,1.354589007571928e-15
2711,3.376285958546101e-12,1.186289060980505e-15,1.348008409423269e-15
2712,3.365635945149047e-12,1.180584355832653e-15,1.341457589988953e-15
2713,3.373321917104911e-12,1.174900488800948e-15,1.334935827062265e-15
2714,3.349986495149898e-12,1.169244904554355e-15,1.328440811741739e-15
2715,3.328775786978667e-12,1.163610804174932e-15,1.321985623691153e-15
2716,3.315861931634488e-12,1.158013220717477e-15,1.315560193779034e-15
2717,3.299041964513447e-12,1.152437764245361e-15,1.309165338762817e-15
2718,3.294747005728255e-12,1.146887047020384e-15,1.302803812036215e-15
2719,3.296425910418595e-12,1.141366617092299e-15,1.296471538558002e-15
2720,3.268214127796445e-12,1.135868009970709e-15,1.290165620290574e-15
2721,3.254398346338226e-12,1.130400001416552e-15,1.2838955524904e-15
2722,3.249561202204197e-12,1.124962156652031e-15,1.277656761361815e-15
2723,3.233355333856793e-12,1.119548860961639e-15,1.271443952389279e-15
2724,3.22963409171256e-12,1.114157188180578e-15,1.265263135129056e-15
2725,3.203927326733396e-12,1.108793681478055e-15,1.259111961610611e-15
2726,3.205768615270928e-12,1.103460012035999e-15,1.252991138433895e-15
2727,3.180987910567466e-12,1.098137531766007e-15,1.246899243321807e-15
2728,3.181588801612244e-12,1.092861602871101e-15,1.240837003428483e-15
2729,3.162524071458791e-12,1.087597787541355e-15,1.234803223641449e-15
2730,3.150849642078772e-12,1.082362046034118e-15,1.228804842724803e-15
2731,3.148573611534458e-12,1.077144621403185e-15,1.222830915200861e-15
2732,3.134721227622052e-12,1.071963261103838e-15,1.216885210926271e-15
2733,3.126510927479076e-12,1.066805277628668e-15,1.21096788735889e-15
2734,3.108681264196316e-12,1.061665974162602e-15,1.205080374922895e-15
2735,3.093158584473164e-12,1.056558678623614e-15,1.199222704329809e-15
2736,3.072484601727886e-12,1.051472517751649e-15,1.193390983565389e-15
2737,3.064773997627561e-12,1.046402587658388e-15,1.187593488153186e-15
2738,3.063682322136495e-12,1.041367858500737e-15,1.181820096278197e-15
2739,3.04052613131093e-12,1.036361034753618e-15,1.176074202521568e-15
2740,3.028748033216812e-12,1.03137003856695e-15,1.170353865132972e-15
2741,3.030438961197706e-12,1.026392344157012e-15,1.164663504861505e-15
2742,3.024896578555511e-12,1.021455320725176e-15,1.159002004117924e-15
2743,3.001770380206897e-12,1.016545958367464e-15,1.153367803778398e-15
2744,2.989530699300717e-12,1.011652990407978e-15,1.147758098697109e-15
2745,2.987319481920269e-12,1.006780341124949e-15,1.142178522781585e-15
2746,2.968771852144448e-12,1.001937814742588e-15,1.136623662837548e-15
2747,2.954516822987665e-12,9.971065200972324e-16,1.131095878630382e-15
2748,2.943845174754012e-12,9.923003052030056e-16,1.125599721254591e-15
2749,2.928144620755038e-12,9.875270209291459e-16,1.120127454065538e-15
2750,2.922741273910665e-12,9.827873644687663e-16,1.114678289652106e-15
2751,2.908173695895879e-12,9.780557526459826e-16,1.109255733869102e-15
2752,2.899004133650517e-12,9.733439508446752e-16,1.103861180743562e-15
2753,2.883044671748474e-12,9.686536525189755e-16,1.098499946629731e-15
2754,2.887598388492739e-12,9.6398841659086e-16,1.093163866178515e-15
2755,2.87012783899981e-12,9.593496604998613e-16,1.087838162075835e-15
2756,2.879118472737645e-12,9.547295346891442e-16,1.082553029740611e-15
2757,2.855305734589842e-12,9.501334290881489e-16,1.077286152717957e-15
2758,2.839759361666571e-12,9.455578139065358e-16,1.072048836961656e-15
2759,2.823665180694954e-12,9.409989473004404e-16,1.066838221118819e-15
2760,2.81801781275179e-12,9.36476795866505e-16,1.061645627254327e-15
2761,2.818921606947463e-12,9.319714870215578e-16,1.056490587136891e-15
2762,2.805921062578461e-12,9.274824724319227e-16,1.051352152143383e-15
2763,2.790612023415818e-12,9.230128974552709e-16,1.046236964932684e-15
2764,2.775872184434991e-12,9.185657580931008e-16,1.041151587275622e-15
2765,2.776351127485879e-12,9.141509381636583e-16,1.03608974680736e-15
2766,2.755574173152151e-12,9.09748438368204e-16,1.031049216485989e-15
2767,2.758032449877044e-12,9.05370953322911e-16,1.026032143121225e-15
2768,2.756866956570225e-12,9.010102868995183e-16,1.021043439775533e-15
2769,2.733970754559541e-12,8.966687092153566e-16,1.01608002507525e-15
2770,2.721995787156457e-12,8.923566936288755e-16,1.011138886007614e-15
2771,2.727000384108805e-12,8.880599031380463e-16,1.006222008588574e-15
2772,2.70000058678656e-12,8.837759131676961e-16,1.001326062903212e-15
2773,2.689725980344346e-12,8.795318347252484e-16,9.964597804387949e-16
2774,2.683663398621822e-12,8.753008370843055e-16,9.916121573878807e-16
2775,2.669596748062714e-12,8.710862049126868e-16,9.867864061510544e-16
2776,2.666435010440311e-12,8.668884315908125e-16,9.81992998177617e-16
2777,2.65055425672114e-12,8.627199137612625e-16,9.772144236140033e-16
2778,2.640014954934047e-12,8.585615375336371e-16,9.72464190485614e-16
2779,2.644151706771597e-12,8.544274516725537e-16,9.67729958665673e-16
2780,2.626762083327138e-12,8.503223381789997e-16,9.63024749340822e-16
2781,2.628732520589582e-12,8.462233567226709e-16,9.583424069581226e-16
2782,2.610545471127344e-12,8.421525203886403e-16,9.536887907541855e-16
2783,2.601459819730533e-12,8.380993550625975e-16,9.490438903725747e-16
2784,2.588788463780143e-12,8.340609788478868e-16,9.444313683492833e-16
2785,2.577478654829106e-12,8.300478615783144e-16,9.398357462370671e-16
2786,2.570605720357038e-12,8.260588241153192e-16,9.352666194328184e-16
2787,2.555634181419156e-12,8.220748980731782e-16,9.307170768466056e-16
2788,2.558174640694613e-12,8.181161884333059e-16,9.261912503561716e-16
2789,2.565256507921514e-12,8.141738058437389e-16,9.216818539501142e-16
2790,2.544149201243633e-12,8.102680401377512e-16,9.172012003199965e-16
2791,2.533560887632742e-12,8.063655761851033e-16,9.127391490361495e-16
2792,2.519309454805784e-12,8.024766997027907e-16,9.082988815629514e-16
2793,2.509459607294588e-12,7.986212192637951e-16,9.038832416829941e-16
2794,2.506524271527411e-12,7.94773088746949e-16,8.994840188619743e-16
2795,2.490653288187698e-12,7.909387740178499e-16,8.951100976455816e-16
2796,2.485535013329711e-12,7.871376578029939e-16,8.907564950339586e-16
2797,2.480785736844766e-12,7.833513028729813e-16,8.864220421004813e-16
2798,2.467334105228921e-12,7.795750337171263e-16,8.821090717469763e-16
2799,2.480340812754523e-12,7.758257804183598e-16,8.778232260061123e-16
2800,2.454135080875908e-12,7.720909967469364e-16,8.735537118072725e-16
2801,2.442795151114527e-12,7.683781113644068e-16,8.693065945323477e-16
2802,2.445669693628724e-12,7.646693846518499e-16,8.650702981717205e-16
2803,2.422561247573273e-12,7.609879623827663e-16,8.608681222974004e-16
2804,2.420141026934414e-12,7.573259440378297e-16,8.566819160682112e-16
2805,2.408100502089255e-12,7.53689584416536e-16,8.525158167348272e-16
2806,2.396198963326154e-12,7.500587180132932e-16,8.483640033124728e-16
2807,2.413046269268469e-12,7.464548544859982e-16,8.442373040708756e-16
2808,2.399187599267532e-12,7.428540076529359e-16,8.401362389280872e-16
2809,2.375461762636941e-12,7.392896723451569e-16,8.360429153480348e-16
2810,2.384619495776539e-12,7.357247175269633e-16,8.319824323316291e-16
2811,2.363970181850198e-12,7.321780975312546e-16,8.279345771978799e-16
2812,2.353731946310532e-12,7.286541740462869e-16,8.239041323400598e-16
2813,2.353853555366067e-12,7.251458204169306e-16,8.198949965530091e-16
2814,2.336221876085764e-12,7.216503488697605e-16,8.159072040733145e-16
2815,2.331510416893739e-12,7.181834180643208e-16,8.119400887514442e-16
2816,2.317184387128868e-12,7.147257355160219e-16,8.079866950371255e-16
2817,2.342290004107184e-12,7.112942680218889e-16,8.040614071159007e-16
2818,2.311640443475226e-12,7.078608899909022e-16,8.001474410326919e-16
2819,2.297051573500666e-12,7.04458005287779e-16,7.962551051341039e-16
2820,2.29474234136441e-12,7.010596467885094e-16,7.923842443352456e-16
2821,2.283799015403968e-12,6.976905602935665e-16,7.885218692581402e-16
2822,2.287294235244274e-12,6.943304080303918e-16,7.846855952569327e-16
2823,2.272792991472376e-12,6.909922372604987e-16,7.808737504117066e-16
2824,2.270869810662028e-12,6.876729934603494e-16,7.770757262273507e-16
2825,2.256226481514959e-12,6.843563373290498e-16,7.732893129516586e-16
2826,2.246486844190395e-12,6.810613529862769e-16,7.695305088298678e-16
2827,2.241298464381067e-12,6.77781650518467e-16,7.657874694420303e-16
2828,2.253881392905207e-12,6.745180047878724e-16,7.620599200541932e-16
2829,2.230223907734573e-12,6.712800253456829e-16,7.583535372946172e-16
2830,2.221090330279505e-12,6.68045862824027e-16,7.546649057299254e-16
2831,2.214472424984613e-12,6.64827725041722e-16,7.509914557657829e-16
2832,2.205625884743312e-12,6.616327595688979e-16,7.473397480105348e-16
2833,2.199841407340582e-12,6.58443942111915e-16,7.43704671825965e-16
2834,2.197223219294898e-12,6.552758061415372e-16,7.400818696368066e-16
2835,2.193786597884748e-12,6.521268015609394e-16,7.364831073125451e-16
2836,2.178181728357704e-12,6.489882877873986e-16,7.328992785502229e-16
2837,2.169545675312244e-12,6.458556159825012e-16,7.293318544397345e-16
2838,2.176032597504024e-12,6.427493433411422e-16,7.257898787175607e-16
2839,2.159720438164186e-12,6.396605122676403e-16,7.222559552714449e-16
2840,2.150104366958689e-12,6.365770723173622e-16,7.187390961424152e-16
2841,2.14011699908537e-12,6.33510135470139e-16,7.152482201777418e-16
2842,2.129413553016991e-12,6.304707808709905e-16,7.117656547191766e-16
2843,2.129832230866167e-12,6.274376345205028e-16,7.083036024915095e-16
2844,2.119106980531137e-12,6.244118858784397e-16,7.04853008464999e-16
2845,2.112285466774891e-12,6.214084835975894e-16,7.014274323141731e-16
2846,2.10516340182625e-12,6.184222517338719e-16,6.980175958521127e-16
2847,2.101511560624278e-12,6.154366926734082e-16,6.946117434544584e-16
2848,2.095561482904078e-12,6.124818988531046e-16,6.912336673914431e-16
2849,2.088585671165275e-12,6.095353445594923e-16,6.878683875765196e-16
2850,2.078157110660631e-12,6.065953820320008e-16,6.845274458066128e-16
2851,2.069135253011479e-12,6.036783236522946e-16,6.81193143691409e-16
2852,2.07374924871483e-12,6.007769262769535e-16,6.778834415000294e-16
2853,2.060134179698236e-12,5.978925750334885e-16,6.745825061568679e-16
2854,2.05672308929745e-12,5.950072096861818e-16,6.712984685657468e-16
2855,2.048023297640529e-12,5.921505958584087e-16,6.68027870187116e-16
2856,2.041793451491772e-12,5.892876636288081e-16,6.647775659410577e-16
2857,2.03862688617394e-12,5.864534037071121e-16,6.615484416417619e-16
2858,2.033574330505578e-12,5.836389623012485e-16,6.583298923811131e-16
2859,2.038632774180686e-12,5.80837158425381e-16,6.551238603408435e-16
2860,2.017885516547479e-12,5.780301831884375e-16,6.519429267658039e-16
2861,2.018069278756541e-12,5.752479247282701e-16,6.4876560248034e-16
2862,2.016052014090918e-12,5.724837425504235e-16,6.456083287081249e-16
2863,2.01445935288281e-12,5.697319103609708e-16,6.424655332911444e-16
2864,2.005522373876252e-12,5.669828972124968e-16,6.393412758034704e-16
2865,1.993213029945328e-12,5.642625726024708e-16,6.362291517340902e-16
2866,1.982515541787375e-12,5.615363033214799e-16,6.331326371786389e-16
2867,1.981054872632358e-12,5.588381316661831e-16,6.300511236808926e-16
2868,1.981656501795114e-12,5.561502232095945e-16,6.269856971974933e-16
2869,1.977361985451057e-12,5.534715188205795e-16,6.239355762257158e-16
2870,1.97843427639888e-12,5.508123029707758e-16,6.209042311471655e-16
2871,1.963651483026311e-12,5.4815842059417e-16,6.178754206113117e-16
2872,1.963435077501542e-12,5.455210732467887e-16,6.148710077434722e-16
2873,1.945033517053386e-12,5.428890530258305e-16,6.118756058439796e-16
2874,1.949610413514808e-12,5.402833976512224e-16,6.089029955895642e-16
2875,1.935436367328164e-12,5.376951849646003e-16,6.059362377856522e-16
2876,1.928648230853731e-12,5.350939383581242e-16,6.029903232184842e-16
2877,1.924250477153985e-12,5.325257889713546e-16,6.000539491991068e-16
2878,1.92653329622975e-12,5.299619088835354e-16,5.971324844145621e-16
2879,1.913110945773911e-12,5.274131732442216e-16,5.942261270186148e-16
2880,1.923227342397028e-12,5.248705954365349e-16,5.913375470198868e-16
2881,1.91145834599384e-12,5.223443102916651e-16,5.88464102678174e-16
2882,1.894025183509548e-12,5.198320709440815e-16,5.8559278236788e-16
2883,1.899542546405952e-12,5.173400782332206e-16,5.827484270569773e-16
2884,1.891245018711173e-12,5.148441948416635e-16,5.799143250973912e-16
2885,1.883000254524963e-12,5.123617641767167e-16,5.770818985218602e-16
2886,1.871698225681989e-12,5.099046585887986e-16,5.742811438956997e-16
2887,1.874633045059181e-12,5.074477933827013e-16,5.714841363796181e-16
2888,1.863491086353813e-12,5.050084639856799e-16,5.6870361575527e-16
2889,1.886810092581785e-12,5.025741899309698e-16,5.659328520095547e-16
2890,1.858493013116504e-12,5.00165023840985e-16,5.631793755089183e-16
2891,1.850295704352148e-12,4.977475581767397e-16,5.60443426826967e-16
2892,1.858338200055204e-12,4.953542013912539e-16,5.577159414159576e-16
2893,1.851379735871981e-12,4.929751282317965e-16,5.549960043798882e-16
2894,1.832118419483778e-12,4.906070915285078e-16,5.522953474925993e-16
2895,1.84798405642147e-12,4.88246957725412e-16,5.496066464172743e-16
2896,1.825792539297272e-12,4.858948398046149e-16,5.469317021874475e-16
2897,1.81699476166074e-12,4.835607982661389e-16,5.44270285634037e-16
2898,1.805473762792313e-12,4.812256105557053e-16,5.416206184802386e-16
2899,1.800004753974007e-12,4.78924289070239e-16,5.389827216873688e-16
2900,1.805534773211207e-12,4.76609417444966e-16,5.363657880886644e-16
2901,1.792365948675038e-12,4.743266539046469e-16,5.337516021298569e-16
2902,1.792936962212497e-12,4.720368438802701e-16,5.311555667662314e-16
2903,1.778835862543615e-12,4.697697660217387e-16,5.285693005457083e-16
2904,1.77739643675179e-12,4.675115027585615e-16,5.259946296316167e-16
2905,1.794539789859262e-12,4.652660001149185e-16,5.234351113740714e-16
2906,1.776351228985156e-12,4.630136626827564e-16,5.208883838941543e-16
2907,1.766483201981369e-12,4.607974751993067e-16,5.183535222699212e-16
2908,1.76226276914917e-12,4.585816947805757e-16,5.158315828341608e-16
2909,1.745584036715287e-12,4.563752509043869e-16,5.133199156459674e-16
2910,1.744597076809997e-12,4.541803600783194e-16,5.108188625720374e-16
2911,1.739297619554104e-12,4.519958279281607e-16,5.083361775467261e-16
2912,1.736485497399958e-12,4.498269393539177e-16,5.058587944649514e-16
2913,1.738691931909072e-12,4.476530136157581e-16,5.034016720866929e-16
2914,1.732266849804011e-12,4.455027978231577e-16,5.009457822423298e-16
2915,1.721875693709825e-12,4.433657496556869e-16,4.985099562761212e-16
2916,1.724316032630405e-12,4.412338242943841e-16,4.960836523094842e-16
2917,1.713614359681737e-12,4.390985911669172e-16,4.936698987013871e-16
2918,1.708509495664754e-12,4.369929805941485e-16,4.912684166120838e-16
2919,1.725156890140064e-12,4.348943424488476e-16,4.888797331024222e-16
2920,1.702080846798027e-12,4.327956525577465e-16,4.864992171815339e-16
2921,1.702307423999309e-12,4.307220662037455e-16,4.841275445306618e-16
2922,1.695226696007233e-12,4.286472037050736e-16,4.817685170859776e-16
2923,1.692974484667971e-12,4.265846290129591e-16,4.794266305104806e-16
2924,1.681373243975334e-12,4.245322547388383e-16,4.770875219426431e-16
2925,1.677107850455811e-12,4.224923792310993e-16,4.74765556521301e-16
2926,1.688983615013222e-12,4.204559682589348e-16,4.724623806126583e-16
2927,1.687787897279461e-12,4.184390314059486e-16,4.701615548775257e-16
2928,1.668030676629414e-12,4.164190518206124e-16,4.678752307526073e-16
2929,1.658059535562283e-12,4.144193674249452e-16,4.655922688216648e-16
2930,1.661900713811295e-12,4.124245119493537e-16,4.633240606838738e-16
2931,1.652405935715958e-12,4.104450092634647e-16,4.610723668291639e-16
2932,1.644727013961448e-12,4.0846899283651e-16,4.588331508102763e-16
2933,1.646435497954626e-12,4.065052489679347e-16,4.565982495594721e-16
2934,1.636768341014222e-12,4.045445837585952e-16,4.543678526062476e-16
2935,1.654567440995708e-12,4.026042800276293e-16,4.521628739155003e-16
2936,1.643276785818754e-12,4.006751746832097e-16,4.499544841811442e-16
2937,1.632298773895022e-12,3.987336658290542e-16,4.477672369514047e-16
2938,1.623147390784208e-12,3.968294252374062e-16,4.455850262558991e-16
2939,1.614447590266323e-12,3.949197685572773e-16,4.434175165117464e-16
2940,1.613535412236277e-12,3.930219210696856e-16,4.412641331613859e-16
2941,1.613686765066643e-12,3.911286563316326e-16,4.391183245393061e-16
2942,1.604866185803628e-12,3.89251973136222e-16,4.369732878584436e-16
2943,1.605609779996541e-12,3.873831050797767e-16,4.348456346138315e-16
2944,1.596728112387004e-12,3.855177892744136e-16,4.327270073881623e-16
2945,1.591426037841662e-12,3.836620983638372e-16,4.306199031238973e-16
2946,1.600605797118173e-12,3.818148472924313e-16,4.28528101289785e-16
2947,1.579339935456218e-12,3.799854770137435e-16,4.26447887737124e-16
2948,1.590450109242478e-12,3.781545904971662e-16,4.243731560316024e-16
2949,1.58102128609007e-12,3.763336549410166e-16,4.223048030540056e-16
2950,1.568325809972506e-12,3.74529497317895e-16,4.202446557030573e-16
2951,1.563987703865117e-12,3.727276893771563e-16,4.181974341201913e-16
2952,1.564687358437227e-12,3.709404847626659e-16,4.1616424930478e-16
2953,1.5586168100925e-12,3.691605864850563e-16,4.141365857766784e-16
2954,1.55364134263234e-12,3.673775912592317e-16,4.121241504769134e-16
2955,1.568138389200588e-12,3.656118662424018e-16,4.101183175554587e-16
2956,1.550452175554076e-12,3.638541400966817e-16,4.081193095354147e-16
2957,1.555578553000372e-12,3.621121666463085e-16,4.061375463192355e-16
2958,1.542580444931441e-12,3.603747849882749e-16,4.041562255562806e-16
2959,1.541888022429755e-12,3.586364433125672e-16,4.021911199882482e-16
2960,1.533339189732566e-12,3.569107206457754e-16,4.002283780143683e-16
2961,1.5332073770707e-12,3.551978593634163e-16,3.982810933906177e-16
2962,1.536144290222069e-12,3.534953235998942e-16,3.963472497130866e-16
2963,1.531135233032759e-12,3.517923349286956e-16,3.944169032705961e-16
2964,1.525626705023857e-12,3.501008119720169e-16,3.924873574988103e-16
2965,1.516620723830227e-12,3.484194682274826e-16,3.905786235298325e-16
2966,1.52103009956141e-12,3.467324443063773e-16,3.88685557806157e-16
2967,1.506134100577035e-12,3.450809529197709e-16,3.867892112567029e-16
2968,1.506938941933285e-12,3.434158046629895e-16,3.849078598018003e-16
2969,1.498355627425883e-12,3.417631872364677e-16,3.830369828154359e-16
2970,1.506521989437135e-12,3.40123951727067e-16,3.811671101213036e-16
2971,1.510989541705667e-12,3.384952622894722e-16,3.793156587698982e-16
2972,1.49438542357121e-12,3.368655640238633e-16,3.7747190593204e-16
2973,1.488053508046962e-12,3.35250074259177e-16,3.756268510955911e-16
2974,1.487080398986276e-12,3.336444991492314e-16,3.738030463312352e-16
2975,1.496885936935616e-12,3.320397139218349e-16,3.71974416805226e-16
2976,1.483885091988618e-12,3.304340228698006e-16,3.70164764298708e-16
2977,1.476499388499493e-12,3.288518606568489e-16,3.68368608727661e-16
2978,1.475223076392804e-12,3.272683573936738e-16,3.665796190868962e-16
2979,1.482133875834374e-12,3.256941441989875e-16,3.647965720853708e-16
2980,1.466816538464089e-12,3.241379841922708e-16,3.63020202056628e-16
2981,1.461339642452142e-12,3.225761106445655e-16,3.612490298171449e-16
2982,1.460043732572395e-12,3.210186661736011e-16,3.594901823116087e-16
2983,1.46097789542218e-12,3.194866293689525e-16,3.577385650633956e-16
2984,1.448689184960791e-12,3.179516706026982e-16,3.56003609523247e-16
2985,1.463779229653865e-12,3.164178887184115e-16,3.542642854688201e-16
2986,1.445566893969624e-12,3.149116847898495e-16,3.525436437300998e-16
2987,1.438299188021407e-12,3.133857248463636e-16,3.50823122585518e-16
2988,1.441781045309045e-12,3.118879318863349e-16,3.49120327143314e-16
2989,1.43684690736006e-12,3.103852945933424e-16,3.474191516798712e-16
2990,1.429220830875886e-12,3.088886728499842e-16,3.457257878351549e-16
2991,1.42303176537551e-12,3.074088263004402e-16,3.440371822670285e-16
2992,1.420253638098306e-12,3.059283926929002e-16,3.423696531773588e-16
2993,1.438032444765006e-12,3.044620534259254e-16,3.407050060334077e-16
2994,1.420885987809455e-12,3.030075053930923e-16,3.390436609972159e-16
2995,1.418069755567468e-12,3.015414628670089e-16,3.37403153655533e-16
2996,1.410250323953518e-12,3.000897499849635e-16,3.357506253175655e-16
2997,1.403322462446778e-12,2.986564828308992e-16,3.341195717431054e-16
2998,1.4356529300432e-12,2.972201239885201e-16,3.324930322906446e-16
2999,1.410122879452373e-12,2.957990443499632e-16,3.308726913130087e-16
3000,1.402180010669249e-12,2.943798117864219e-16,3.292613957844713e-16
3001,1.394178693786461e-12,2.929640310617294e-16,3.276556552054918e-16
3002,1.38793426285782e-12,2.915558183098337e-16,3.260570955863029e-16
3003,1.390854146461879e-12,2.901563871656445e-16,3.244791392504089e-16
3004,1.390159662023359e-12,2.887663373323085e-16,3.228975317179625e-16
3005,1.411144195340779e-12,2.873754895451178e-16,3.213221907582737e-16
3006,1.386750418551236e-12,2.859923404302349e-16,3.197614177075602e-16
3007,1.386318249557542e-12,2.846179595740482e-16,3.182031976709725e-16
3008,1.374038640519144e-12,2.832596295871306e-16,3.166586622731451e-16
3009,1.371796466528749e-12,2.818894819314928e-16,3.151169621907173e-16
3010,1.371161304816967e-12,2.805405240640849e-16,3.135850102692973e-16
3011,1.376845267522329e-12,2.791944476673406e-16,3.120527401512016e-16
3012,1.361968466033549e-12,2.778522373526396e-16,3.105376327351143e-16
3013,1.35642228035473e-12,2.765132749764646e-16,3.090173171976059e-16
3014,1.357705597890841e-12,2.751932895768944e-16,3.075239030574478e-16
3015,1.352021367545037e-12,2.738776535835197e-16,3.060240817671771e-16
3016,1.351430535630449e-12,2.725556965604389e-16,3.045272905096813e-16
3017,1.355942216874554e-12,2.712529126450014e-16,3.03046417258117e-16
3018,1.345706224536152e-12,2.699566216064887e-16,3.0157622072475e-16
3019,1.349484583539512e-12,2.686496895035457e-16,3.001050779415984e-16
3020,1.33752349882786e-12,2.673567342737323e-16,2.986420883234033e-16
3021,1.334600425549814e-12,2.660840169033918e-16,2.971964657356447e-16
3022,1.34416724352303e-12,2.648122992350551e-16,2.957453463334634e-16
3023,1.327331372675948e-12,2.635325014692211e-16,2.943047042940197e-16
3024,1.334060542533817e-12,2.622621147044319e-16,2.928752144633845e-16
3025,1.326686293436289e-12,2.610023551087336e-16,2.91453151548673e-16
3026,1.321362116611877e-12,2.597588523564526e-16,2.900303568568625e-16
3027,1.326642253423646e-12,2.585106057816907e-16,2.886110172076971e-16
3028,1.319100975235871e-12,2.572668157835809e-16,2.872161575207144e-16
3029,1.314484844770758e-12,2.560349950742026e-16,2.858169229975183e-16
3030,1.325459057593963e-12,2.548013014817653e-16,2.844257602544857e-16
3031,1.315572246456014e-12,2.535846830814163e-16,2.830384405700021e-16
3032,1.335105182862118e-12,2.523605876906131e-16,2.816605531300524e-16
3033,1.313437361311081e-12,2.51164237689226e-16,2.802900290683389e-16
3034,1.315835438960709e-12,2.499614038013988e-16,2.789349950363117e-16
3035,1.299493875830069e-12,2.487423313898107e-16,2.775679951884144e-16
3036,1.302561495542836e-12,2.47557487992875e-16,2.762203600793634e-16
3037,1.298327350869573e-12,2.463674163729579e-16,2.748658248872214e-16
3038,1.302295295558073e-12,2.451908117828332e-16,2.735400564349759e-16
3039,1.315534006596882e-12,2.440072788980499e-16,2.722005206233361e-16
3040,1.307067439746154e-12,2.428440068584363e-16,2.708841822687375e-16
3041,1.320543405743011e-12,2.416812869156417e-16,2.695676825011937e-16
3042,1.294853608768129e-12,2.405229676154494e-16,2.682480152592403e-16
3043,1.286823193787093e-12,2.39367313238863e-16,2.669454664366152e-16
3044,1.273464168097571e-12,2.382203683873546e-16,2.656421086333669e-16
3045,1.272301945206914e-12,2.370788939155772e-16,2.643540856136927e-16
3046,1.280903969294987e-12,2.359523985571659e-16,2.63069050340528e-16
3047,1.268658624763363e-12,2.348064517549633e-16,2.61782350260041e-16
3048,1.276484972120607e-12,2.336789983253285e-16,2.605174078916772e-16
3049,1.272486879223199e-12,2.325626821123119e-16,2.592390987835103e-16
3050,1.269602521588441e-12,2.314341309883373e-16,2.579825286692136e-16
3051,1.265387167572356e-12,2.303424385559964e-16,2.567402530561017e-16
3052,1.255475563042708e-12,2.292285743055504e-16,2.554747598246182e-16
3053,1.267664356197344e-12,2.281323413288679e-16,2.542276004246127e-16
3054,1.270240373047072e-12,2.270385457107848e-16,2.529986956084487e-16
3055,1.252197945485937e-12,2.259522595266795e-16,2.517591312428019e-16
3056,1.245322673588107e-12,2.24867006438087e-16,2.505347934112381e-16
3057,1.248267908457005e-12,2.23792537373886e-16,2.493190679654425e-16
3058,1.242632420860014e-12,2.227112836617134e-16,2.481069191474119e-16
3059,1.24287280973461e-12,2.21652414555843e-16,2.469027426250387e-16
3060,1.249447387441127e-12,2.205926360811987e-16,2.456995945483416e-16
3061,1.238388302567106e-12,2.195364561803033e-16,2.445041378852518e-16
3062,1.244272508858419e-12,2.184790766062636e-16,2.433124494719531e-16
3063,1.235253409242677e-12,2.174391924642613e-16,2.421242647053657e-16
3064,1.251088485890446e-12,2.163934984416995e-16,2.409471618506431e-16
3065,1.234281444481579e-12,2.153568963247377e-16,2.397826709792504e-16
3066,1.22720480004425e-12,2.143294634309946e-16,2.386151178323474e-16
3067,1.220992614235716e-12,2.132989335817874e-16,2.374446441924351e-16
3068,1.222485776546668e-12,2.122883717909724e-16,2.362994452286415e-16
3069,1.218586612864983e-12,2.11266200763706e-16,2.351473776915107e-16
3070,1.215717267219019e-12,2.102491185726936e-16,2.339992829228446e-16
3071,1.216833501301678e-12,2.09240104517268e-16,2.328488287991765e-16
3072,1.208136893175109e-12,2.082443824692976e-16,2.317348533643606e-16
3073,1.213347583144022e-12,2.072351685217284e-16,2.306077174932901e-16
3074,1.21909163680288e-12,2.062532876093636e-16,2.29479133430215e-16
3075,1.203474799142819e-12,2.052542010516325e-16,2.283581613012769e-16
3076,1.20116542260393e-12,2.042656339306706e-16,2.272519262953778e-16
3077,1.208971539647669e-12,2.033031790340521e-16,2.261454244837356e-16
3078,1.205274870186734e-12,2.023395166313078e-16,2.250470205129288e-16
3079,1.222597780410824e-12,2.013596843294935e-16,2.239514572054959e-16
3080,1.239903727064671e-12,2.00386535201928e-16,2.228700422917197e-16
3081,1.207939184113846e-12,1.994279973453559e-16,2.217671194840626e-16
3082,1.201516762038094e-12,1.984869356709615e-16,2.20699547804552e-16
3083,1.199151050579157e-12,1.975302910264404e-16,2.196314669996257e-16
3084,1.189231550509443e-12,1.965865786870851e-16,2.185607575549255e-16
3085,1.212458773126003e-12,1.956474440522306e-16,2.174969612678854e-16
3086,1.192619953378426e-12,1.947106346597733e-16,2.16430696217712e-16
3087,1.190750024942399e-12,1.937657458606271e-16,2.153822024187017e-16
3088,1.190083094975905e-12,1.928544555724177e-16,2.143359885763039e-16
3089,1.194322247001391e-12,1.919258810966059e-16,2.132852015988611e-16
3090,1.197925705204429e-12,1.910112193910788e-16,2.122510424895906e-16
3091,1.201777697271159e-12,1.901006189200851e-16,2.112279969059698e-16
3092,1.1809015587574e-12,1.891893328587522e-16,2.101991504298722e-16
3093,1.183330679734433e-12,1.882734222481859e-16,2.091697713130617e-16
3094,1.175923345752644e-12,1.873895045771716e-16,2.081532563122004e-16
3095,1.188166813519508e-12,1.864882857801045e-16,2.071398286192089e-16
3096,1.169431662240854e-12,1.855838167089319e-16,2.061332242120074e-16
3097,1.163904561409348e-12,1.847120303861306e-16,2.051286909819589e-16
3098,1.157341618215968e-12,1.838110058979936e-16,2.04125072723711e-16
3099,1.172218642452332e-12,1.82932880878218e-16,2.031422794812692e-16
3100,1.178765031306369e-12,1.820653911027347e-16,2.021548637794288e-16
3101,1.177502740470218e-12,1.811904920867157e-16,2.011701590038039e-16
3102,1.155986024292277e-12,1.803145543522395e-16,2.001926696008838e-16
3103,1.151461044046889e-12,1.794600562919415e-16,1.992116561354028e-16
3104,1.153815482286184e-12,1.786056073153978e-16,1.982504714039799e-16
3105,1.16564231478032e-12,1.777546839009232e-16,1.972877409134421e-16
3106,1.149869475231669e-12,1.769077890889228e-16,1.963200355175718e-16
3107,1.148110637319063e-12,1.760506323302346e-16,1.953788617771783e-16
3108,1.143152450486589e-12,1.752000049453075e-16,1.944175039620233e-16
3109,1.14418630467553e-12,1.743880493603969e-16,1.934770946522305e-16
3110,1.142259574550388e-12,1.73541707186179e-16,1.925326478076386e-16
3111,1.1441834884922e-12,1.727117719393897e-16,1.916003572183153e-16
3112,1.14736809672476e-12,1.718949668374249e-16,1.906672649218607e-16
3113,1.137078873852639e-12,1.710688063950146e-16,1.897301189343604e-16
3114,1.143128563317453e-12,1.702586412532505e-16,1.88822753500905e-16
3115,1.142481326076456e-12,1.694389947422913e-16,1.879085741778237e-16
3116,1.131090201272827e-12,1.686262782644545e-16,1.869837525259003e-16
3117,1.13653461226186e-12,1.678335805295781e-16,1.860686180161336e-16
3118,1.125467178086799e-12,1.670329909243172e-16,1.851782490656669e-16
3119,1.141115626197234e-12,1.66218671475924e-16,1.842702190325716e-16
3120,1.133566998887539e-12,1.654178009864043e-16,1.83379919190695e-16
3121,1.120119257106395e-12,1.64632728872037e-16,1.824729018510778e-16
3122,1.129390072342568e-12,1.638589734394585e-16,1.816063210843662e-16
3123,1.145034768471839e-12,1.631815148255496e-16,1.806389232794987e-16
3124,1.162830472165014e-12,1.623821638201461e-16,1.797881878708403e-16
3125,1.17124153117186e-12,1.615699028428652e-16,1.789488333569751e-16
3126,1.157350903822266e-12,1.607613789659542e-16,1.781181144843729e-16
3127,1.146385084493471e-12,1.599493767742288e-16,1.772602100088491e-16
3128,1.136520248109757e-12,1.591754139506041e-16,1.764066061170729e-16
3129,1.137344696749722e-12,1.583961695830944e-16,1.755571649561147e-16
3130,1.149277761097604e-12,1.576528738934724e-16,1.747182666129572e-16
3131,1.141351675241532e-12,1.568879432482526e-16,1.73869260687999e-16
3132,1.148810340044354e-12,1.561338960084476e-16,1.730235414451577e-16
3133,1.142177622373005e-12,1.553923209456446e-16,1.721791499255096e-16
3134,1.146950425468647e-12,1.546537954821462e-16,1.713499203061835e-16
3135,1.132263843805975e-12,1.539125989089573e-16,1.704965134836444e-16
3136,1.127990242070816e-12,1.531672818019284e-16,1.696841749152505e-16
3137,1.122729264486759e-12,1.524494897139189e-16,1.688649814636849e-16
3138,1.131882395981515e-12,1.517188181806782e-16,1.68049425417106e-16
3139,1.142670313754483e-12,1.509903914636714e-16,1.672264111881512e-16
3140,1.123720860999401e-12,1.502708792427835e-16,1.664115539158767e-16
3141,1.116360581813444e-12,1.495595510671939e-16,1.655977826032096e-16
3142,1.133834516642372e-12,1.488425845176521e-16,1.648021811917965e-16
3143,1.132438495626753e-12,1.481434170720886e-16,1.639988854719346e-16
3144,1.130253649228485e-12,1.474266633968953e-16,1.631989137324046e-16
3145,1.12155579923452e-12,1.467108787216077e-16,1.624077705884101e-16
3146,1.116854898912501e-12,1.460280494495661e-16,1.616307231697909e-16
3147,1.134177101146362e-12,1.453267265714919e-16,1.608384264818071e-16
3148,1.120881384722992e-12,1.446296501650533e-16,1.600499218813216e-16
3149,1.113030878292853e-12,1.439354348550777e-16,1.592697736729464e-16
3150,1.100454942220869e-12,1.432605439661176e-16,1.584974043084906e-16
3151,1.115160208662052e-12,1.425811966875252e-16,1.577292990185227e-16
3152,1.114631931987636e-12,1.419020590766845e-16,1.569635331801982e-16
3153,1.098691436733778e-12,1.412088876990356e-16,1.561902514831561e-16
3154,1.100786342340104e-12,1.405526959990662e-16,1.554419035043616e-16
3155,1.093827777907309e-12,1.398841452302943e-16,1.546824847418402e-16
3156,1.089502069128865e-12,1.39198420761487e-16,1.539345874830796e-16
3157,1.095179138251639e-12,1.385481231162724e-16,1.531993027310175e-16
3158,1.097618550968031e-12,1.37887452363755e-16,1.52445010063458e-16
3159,1.08943156155737e-12,1.372417175794767e-16,1.517060026360045e-16
3160,1.08829837728483e-12,1.36574393452798e-16,1.509579087546885e-16
3161,1.08306446817613e-12,1.359322645338489e-16,1.50226508482822e-16
3162,1.091254804168821e-12,1.352856814598711e-16,1.495150922858127e-16
3163,1.101858644401476e-12,1.346385652916564e-16,1.487900850752998e-16
3164,1.08062354276271e-12,1.339891335858177e-16,1.480438402806144e-16
3165,1.086528261301223e-12,1.333696384092048e-16,1.473437407266902e-16
3166,1.079082934720766e-12,1.327270528669618e-16,1.466320129352195e-16
3167,1.072564646206796e-12,1.320894254714083e-16,1.458991663123333e-16
3168,1.083507749853573e-12,1.314678127194908e-16,1.452134926575125e-16
3169,1.07387276008668e-12,1.308422847422363e-16,1.444960250045724e-16
3170,1.083867003934476e-12,1.302164139679996e-16,1.438015375551323e-16
3171,1.073458223792789e-12,1.295909439789462e-16,1.430904556974895e-16
3172,1.067737911318881e-12,1.289690074851301e-16,1.423907755392271e-16
3173,1.084568242672249e-12,1.283665918175869e-16,1.417169804937316e-16
3174,1.075459640878675e-12,1.277640069172544e-16,1.410338742967151e-16
3175,1.06621472623725e-12,1.271474864522622e-16,1.403464733604524e-16
3176,1.066908117305972e-12,1.265581807815643e-16,1.396679168939506e-16
3177,1.057193334622112e-12,1.259382754391773e-16,1.389782259087181e-16
3178,1.067045537394811e-12,1.253445257505198e-16,1.383137796730581e-16
3179,1.059124100383562e-12,1.24748126337804e-16,1.376362185093432e-16
3180,1.061729084399371e-12,1.241526597592957e-16,1.369608042938081e-16
3181,1.054366466519091e-12,1.235721782637839e-16,1.363082787488791e-16
3182,1.069192593471914e-12,1.229895946568356e-16,1.356381456343916e-16
3183,1.061544761554787e-12,1.223956433442291e-16,1.349826741023771e-16
3184,1.053864934808338e-12,1.218136656485636e-16,1.343151583546855e-16
3185,1.055335779488233e-12,1.212405303486237e-16,1.336848043125689e-16
3186,1.047141069231498e-12,1.206601670748599e-16,1.330198776158503e-16
3187,1.047528702541616e-12,1.200806477045546e-16,1.323728715856177e-16
3188,1.040448995893486e-12,1.195146654459856e-16,1.317374461364936e-16
3189,1.04757156103009e-12,1.189495192873957e-16,1.310999336675692e-16
3190,1.055182706554553e-12,1.183673810559918e-16,1.304517860822112e-16
3191,1.043565352085763e-12,1.178311672953678e-16,1.298355612192226e-16
3192,1.035264404405466e-12,1.1725334853721e-16,1.291976646314126e-16
3193,1.043136673754258e-12,1.166958905177421e-16,1.285739109125987e-16
3194,1.033979174900228e-12,1.161572349793317e-16,1.279395718598881e-16
3195,1.040093949695863e-12,1.156107806987225e-16,1.27337065479376e-16
3196,1.036819104755033e-12,1.150540510597617e-16,1.267179768997669e-16
3197,1.050378883164793e-12,1.14514843150573e-16,1.261121446317037e-16
3198,1.047529097460295e-12,1.13967818914616e-16,1.254950711339888e-16
3199,1.034827219798485e-12,1.134222413410624e-16,1.248770497687533e-16
3200,1.033832616194642e-12,1.128901709550145e-16,1.242729358874634e-16
3201,1.026620789160026e-12,1.123585481115696e-16,1.236697884572176e-16
3202,1.021924572095234e-12,1.118127064942552e-16,1.230501711230698e-16
3203,1.02956014540005e-12,1.112977945032481e-16,1.224824967585934e-16
3204,1.026407953486523e-12,1.107601591907182e-16,1.218755198192345e-16
3205,1.026706088618927e-12,1.102418245980794e-16,1.212858389489202e-16
3206,1.020884937829254e-12,1.097032024733539e-16,1.206938850327165e-16
3207,1.017733006352636e-12,1.092066080909182e-16,1.201211624136815e-16
3208,1.029798739537221e-12,1.086775062625493e-16,1.195390854124474e-16
3209,1.025512067312614e-12,1.081575077625573e-16,1.189545444498541e-16
3210,1.016214477331217e-12,1.076392542382976e-16,1.183653452515213e-16
3211,1.035253342810374e-12,1.071455683372767e-16,1.178142394663044e-16
3212,1.020440031174029e-12,1.066360720160182e-16,1.172420598362236e-16
3213,1.014984170979089e-12,1.061150456692046e-16,1.166648331948988e-16
3214,1.035492661158768e-12,1.056160364157472e-16,1.160995178220787e-16
3215,1.014061415769067e-12,1.051252347508304e-16,1.155433943917988e-16
3216,1.008908202091428e-12,1.046080668538049e-16,1.149488547903866e-16
3217,1.006253462751348e-12,1.041364724342587e-16,1.144257445138658e-16
3218,1.009012463527362e-12,1.036417152187709e-16,1.138556878798835e-16
3219,1.00886825081448e-12,1.031511836355381e-16,1.133216892744849e-16
3220,1.0136037559806e-12,1.026582297572066e-16,1.127643923898803e-16
3221,1.000333960228449e-12,1.021707504495769e-16,1.12197924099937e-16
3222,1.008702882916488e-12,1.01695936971956e-16,1.116573843355789e-16
3223,1.005608114517324e-12,1.012245942736626e-16,1.111487935364272e-16
3224,1.001404637333378e-12,1.00737776298368e-16,1.106029168072208e-16
3225,1.004420414572671e-12,1.002602211042287e-16,1.100661496202259e-16
3226,9.983465468690102e-13,9.977484951321232e-17,1.095240016332669e-16
3227,1.005248603183958e-12,9.931324473924642e-17,1.090011404239356e-16
3228,9.963491768127774e-13,9.884435946272663e-17,1.084614369216152e-16
3229,9.90850880920833e-13,9.837180895259309e-17,1.079417768120688e-16
3230,1.010849780544303e-12,9.790867034307114e-17,1.07432545820205e-16
3231,9.947934707498418e-13,9.745729804159411e-17,1.068945286088393e-16
3232,9.892764546521326e-13,9.69806249883376e-17,1.063852759711631e-16
3233,9.918521868223815e-13,9.652418479499758e-17,1.058615705847253e-16
3234,1.001709296847113e-12,9.607950798215544e-17,1.053650884557513e-16
3235,9.893923644605368e-13,9.560696545105396e-17,1.0484407667082e-16
3236,9.844254624263974e-13,9.515800606433838e-17,1.04323770890966e-16
3237,1.001729851594687e-12,9.471821950219229e-17,1.038446641065903e-16
3238,9.890821946679452e-13,9.427528738055175e-17,1.033362001147935e-16
3239,9.94258420022178e-13,9.382828961078681e-17,1.028377248151994e-16
3240,1.003039576367762e-12,9.338590478086305e-17,1.023318708041814e-16
3241,9.879409426391928e-13,9.295156274396401e-17,1.018503179230315e-16
3242,9.95937376818395e-13,9.249384486027641e-17,1.013491381370941e-16
3243,9.873620927928306e-13,9.20755700615704e-17,1.0086314173783e-16
3244,9.782565331620394e-13,9.163581293628413e-17,1.003617279335372e-16
3245,9.80585919858509e-13,9.118698731669353e-17,9.989689531766916e-17
3246,9.807886948226406e-13,9.076508698972153e-17,9.93973278397999e-17
3247,9.736063363655772e-13,9.035668934896894e-17,9.892162145294004e-17
3248,9.728467257106087e-13,8.992206156634837e-17,9.84276973663148e-17
3249,9.812907520380543e-13,8.950798269179647e-17,9.7964523263675e-17
3250,9.693629235518583e-13,8.908405483362309e-17,9.749203882780515e-17
3251,9.855113138865387e-13,8.866263788896922e-17,9.703271307630946e-17
3252,9.749874589820261e-13,8.824143760874441e-17,9.654893078140805e-17
3253,9.712860833230509e-13,8.781116898744971e-17,9.608376669497249e-17
3254,9.789789034351372e-13,8.741083580903449e-17,9.561482539996295e-17
3255,9.926888232841711e-13,8.698945659297867e-17,9.51656893383351e-17
3256,9.691021743658193e-13,8.658814917157118e-17,9.46973674682656e-17
3257,9.667165143184121e-13,8.617972115770986e-17,9.423434937770562e-17
3258,9.628475856674212e-13,8.577066075937903e-17,9.378059093576836e-17
3259,9.612083534810684e-13,8.5364049856056e-17,9.33103902723793e-17
3260,9.74195647001969e-13,8.496221979374976e-17,9.287769828180487e-17
3261,9.612243890758806e-13,8.456905078173537e-17,9.242596412611789e-17
3262,9.702114360870208e-13,8.415918234350201e-17,9.200149710641567e-17
3263,9.609503289213986e-13,8.37769450760135e-17,9.154169432453123e-17
3264,9.658805561672499e-13,8.337604261317502e-17,9.109262956846692e-17
3265,9.66900722485016e-13,8.298294179278681e-17,9.066106981334127e-17
3266,9.63957543845611e-13,8.258131981524862e-17,9.019877146836341e-17
3267,9.676863571219225e-13,8.221471238078534e-17,8.979646589759395e-17
3268,9.68738091904227e-13,8.182230006166236e-17,8.93604997686291e-17
3269,9.633593272538071e-13,8.143021010834511e-17,8.89226210568033e-17
3270,9.600697254852965e-13,8.106183263127604e-17,8.849685929674655e-17
3271,9.640145625156888e-13,8.066546997791893e-17,8.805983297194987e-17
3272,9.530957382370258e-13,8.029299962266654e-17,8.762825531177716e-17
3273,9.536958131792898e-13,7.991162252028196e-17,8.721223863508409e-17
3274,9.546235485136952e-13,7.953454508680194e-17,8.67932453876686e-17
3275,9.478606258109778e-13,7.91647226444359e-17,8.637515493727578e-17
3276,9.456707750244158e-13,7.879804802315674e-17,8.596179510775498e-17
3277,9.68852345530601e-13,7.844164182006792e-17,8.555576193348155e-17
3278,9.509988581748305e-13,7.806304870353338e-17,8.513351240241912e-17
3279,9.439600235233822e-13,7.769769468557754e-17,8.472128152156431e-17
3280,9.50259903375363e-13,7.734275338165434e-17,8.43210843136552e-17
3281,9.462216874733157e-13,7.698509960647011e-17,8.390734708753348e-17
3282,9.420573723170034e-13,7.661797623092079e-17,8.349108177042191e-17
3283,9.451868583318502e-13,7.624888802740219e-17,8.311542053401675e-17
3284,9.50298567398857e-13,7.58861979748779e-17,8.268390724612722e-17
3285,9.506628453256574e-13,7.55249039659407e-17,8.229443845983443e-17
3286,9.405971446025e-13,7.518279878557759e-17,8.190657764956524e-17
3287,9.409336491746533e-13,7.483183841559739e-17,8.150905028008563e-17
3288,9.362907951928697e-13,7.448092008686543e-17,8.111681228356114e-17
3289,9.421316849216244e-13,7.41354730228072e-17,8.072404185702934e-17
3290,9.425462527896609e-13,7.379432859845802e-17,8.033990175995321e-17
3291,9.41444083746476e-13,7.34503100227286e-17,7.994488383844878e-17
3292,9.354989343838561e-13,7.309876597127844e-17,7.95602633600675e-17
3293,9.506609111934533e-13,7.274778678802152e-17,7.917876724516304e-17
3294,9.346938560389348e-13,7.240263883112807e-17,7.878199233249944e-17
3295,9.33993253893892e-13,7.20727285539671e-17,7.839756796754342e-17
3296,9.274764537679876e-13,7.174235688710231e-17,7.803739912984011e-17
3297,9.271603833091156e-13,7.141224724804023e-17,7.764631194178266e-17
3298,9.275300472431458e-13,7.10836626399367e-17,7.72846469229734e-17
3299,9.272275800815045e-13,7.073930449220529e-17,7.693143870088787e-17
3300,9.215312736990603e-13,7.041922965731524e-17,7.654336701109845e-17
3301,9.215876481294708e-13,7.006682178584925e-17,7.615513490895261e-17
3302,9.274686521560262e-13,6.976072741252992e-17,7.58027518820945e-17
3303,9.242285112228872e-13,6.943345276875867e-17,7.545457015339774e-17
3304,9.389646004348275e-13,6.910341596313432e-17,7.50961029457584e-17
3305,9.26192589597956e-13,6.877826772346858e-17,7.471332819960996e-17
3306,9.299834922819748e-13,6.845177812016222e-17,7.437505136377369e-17
3307,9.27566439011755e-13,6.814072838287978e-17,7.40134744066385e-17
3308,9.229817691217831e-13,6.781536304863504e-17,7.363380427476861e-17
3309,9.15587020270611e-13,6.749958882720233e-17,7.328153875073047e-17
3310,9.21556107582775e-13,6.719369546152844e-17,7.293306023528849e-17
3311,9.279266733470603e-13,6.688375330158215e-17,7.258720360406328e-17
3312,9.282205834646727e-13,6.658734420473458e-17,7.223008216991415e-17
3313,9.19401074116106e-13,6.627624433514534e-17,7.189908717250648e-17
3314,9.140071604698532e-13,6.595381303477435e-17,7.154874251887356e-17
3315,9.327636471879396e-13,6.565048447747095e-17,7.120958713075495e-17
3316,9.192640765745094e-13,6.533641615972171e-17,7.085427662906963e-17
3317,9.205287193525623e-13,6.503956677858735e-17,7.053615723593367e-17
3318,9.178985860814791e-13,6.471766528481873e-17,7.017415794330432e-17
3319,9.242941452291836e-13,6.442978090973488e-17,6.985313190635698e-17
3320,9.15229093541568e-13,6.412485367759414e-17,6.95182172668506e-17
3321,9.078353796067671e-13,6.383458100068942e-17,6.917184736649874e-17
3322,9.210483277170442e-13,6.354300263245728e-17,6.886372668631425e-17
3323,9.156419826210931e-13,6.322540871499141e-17,6.851136528869725e-17
3324,9.102436117136637e-13,6.295466734076161e-17,6.819624270966456e-17
3325,9.112175274752804e-13,6.265325643215359e-17,6.785841432583443e-17
3326,9.272283816417958e-13,6.235237759182889e-17,6.753484820476611e-17
3327,9.071449520997947e-13,6.207488594476475e-17,6.719825877531993e-17
3328,9.097658786738614e-13,6.177098145710686e-17,6.688372454877384e-17
3329,9.132719675107638e-13,6.148208378495098e-17,6.65468239160174e-17
3330,9.30689041184671e-13,6.122465310944752e-17,6.624583506241622e-17
3331,9.246346609129095e-13,6.093048159472982e-17,6.59462445202095e-17
3332,9.219988116093709e-13,6.065215336156492e-17,6.560756845613495e-17
3333,9.065855164170003e-13,6.036734844011159e-17,6.528336287718898e-17
3334,9.061415274156193e-13,6.00975669968731e-17,6.499391981030007e-17
3335,9.131375637463577e-13,5.980970686185187e-17,6.467436399820974e-17
3336,9.016156156594257e-13,5.951786316827566e-17,6.434293594459351e-17
3337,9.15734177637745e-13,5.9260372526989e-17,6.406305461136858e-17
3338,9.01880342025975e-13,5.898067480156561e-17,6.374228908705561e-17
3339,9.019958371119102e-13,5.870687495219423e-17,6.343762081342618e-17
3340,8.964452758412072e-13,5.842970163771399e-17,6.313919092864696e-17
3341,8.962038782015804e-13,5.816028705338307e-17,6.284051478026703e-17
3342,8.986889885519298e-13,5.78967381746917e-17,6.252437148379117e-17
3343,8.940330649105979e-13,5.7634046356664e-17,6.223133494161942e-17
3344,9.06126711683994e-13,5.736697941758765e-17,6.193778519509279e-17
3345,8.972813347090575e-13,5.709375931998007e-17,6.163462401627717e-17
3346,8.996292937112211e-13,5.682637099929966e-17,6.133413497582754e-17
3347,8.953901077546725e-13,5.655545990050639e-17,6.103065312062324e-17
3348,8.96684139079446e-13,5.63004586544823e-17,6.075553141751012e-17
3349,8.90944633527383e-13,5.604870416863879e-17,6.046400691021009e-17
3350,9.129631085834724e-13,5.579223108269337e-17,6.017342488771566e-17
3351,8.979571091424721e-13,5.553258023154668e-17,5.98758474381279e-17
3352,9.04161467021724e-13,5.527152768456212e-17,5.961738704880134e-17
3353,8.926200089841435e-13,5.502408640189098e-17,5.933728311478068e-17
3354,9.001674504281062e-13,5.47578808047344e-17,5.902730366497052e-17
3355,8.957267052851327e-13,5.452541643477313e-17,5.875054831392682e-17
3356,8.891500270039992e-13,5.425515779713942e-17,5.846599864401244e-17
3357,8.90253995498442e-13,5.401096533110178e-17,5.819912907401283e-17
3358,9.071841388797945e-13,5.376384030343727e-17,5.790589059928572e-17
3359,8.926050262125775e-13,5.350479294435743e-17,5.762680855481102e-17
3360,8.865941198737924e-13,5.327653700440577e-17,5.737059966122998e-17
3361,8.899034665045015e-13,5.303071046302144e-17,5.70886898597014e-17
3362,8.808779954532926e-13,5.277994861471164e-17,5.678744549667443e-17
3363,8.856854854345994e-13,5.254536250442411e-17,5.655742193771221e-17
3364,8.944274411005408e-13,5.230098664475959e-17,5.625966529737877e-17
3365,8.929879775435139e-13,5.206181339167386e-17,5.600924399766502e-17
3366,8.824429944469887e-13,5.182066319317151e-17,5.573343096916472e-17
3367,8.863717741889776e-13,5.157884478180921e-17,5.546120866247423e-17
3368,8.845833599706595e-13,5.13363901894536e-17,5.51748872185454e-17
3369,8.866444412801017e-13,5.110894830156653e-17,5.494379903397076e-17
3370,8.821189018953844e-13,5.086923055714138e-17,5.46802517941833e-17
3371,8.830791183711423e-13,5.064067140676798e-17,5.441748623038282e-17
3372,8.93654956943606e-13,5.040847255218441e-17,5.416213785169092e-17
3373,8.796435081493308e-13,5.017333976356291e-17,5.387633214010095e-17
3374,8.785524902616962e-13,4.995188119085069e-17,5.362935873847543e-17
3375,8.835553088493651e-13,4.972743448542288e-17,5.338738409797981e-17
3376,8.940984909249355e-13,4.948463500165993e-17,5.314069743311583e-17
3377,8.791383546165898e-13,4.925482459886502e-17,5.286217152357876e-17
3378,8.870283047614584e-13,4.904384896391233e-17,5.263691844973956e-17
3379,8.81512910452344e-13,4.881923673797749e-17,5.237050032553488e-17
3380,8.968075907244516e-13,4.859304923095398e-17,5.213681433651094e-17
3381,8.781581809308844e-13,4.837243974450679e-17,5.187618949914012e-17
3382,8.816909449131312e-13,4.813326070893777e-17,5.162601118059989e-17
3383,8.728817272233051e-13,4.791466737154393e-17,5.136452460752604e-17
3384,8.783161735745845e-13,4.771164841710258e-17,5.114212636137102e-17
3385,8.793618646134433e-13,4.74936682257602e-17,5.090707716070561e-17
3386,8.807309819742548e-13,4.72729551334658e-17,5.065091181530183e-17
3387,8.697214976979121e-13,4.70352067358967e-17,5.039096335162283e-17
3388,8.756855218103117e-13,4.685591925581549e-17,5.01841273491786e-17
3389,8.740633076451402e-13,4.664134199039168e-17,4.993341033845948e-17
3390,8.93394808610052e-13,4.642584967162971e-17,4.969536700594276e-17
3391,8.719777025477489e-13,4.620647595342175e-17,4.945607443529417e-17
3392,8.648765712435449e-13,4.598791285159972e-17,4.919409264247552e-17
3393,8.726465093857046e-13,4.579346176174097e-17,4.899476184593426e-17
3394,8.687402585863333e-13,4.559557048783009e-17,4.876203592858784e-17
3395,8.680626135602447e-13,4.539484070465541e-17,4.854697462972425e-17
3396,8.686693127279466e-13,4.51609190507223e-17,4.829050777369162e-17
3397,8.648758829172077e-13,4.494940993119091e-17,4.804989839964844e-17
3398,8.626667791550366e-13,4.475089636320641e-17,4.780881158443553e-17
3399,8.70319129563377e-13,4.455705322664939e-17,4.762182688357658e-17
3400,8.619234269705062e-13,4.435946559111499e-17,4.73874857275605e-17
3401,8.671703648673552e-13,4.41537978507488e-17,4.716694197078909e-17
3402,8.810655056908229e-13,4.39566287232252e-17,4.69372175651654e-17
3403,8.712345897965388e-13,4.375826894073598e-17,4.673178358097043e-17
3404,8.652553310592036e-13,4.354555763121916e-17,4.646538343910356e-17
3405,8.715692761237517e-13,4.336894367549267e-17,4.627951372076842e-17
3406,8.635671784210648e-13,4.314736754698227e-17,4.603007903233828e-17
3407,8.683635324600776e-13,4.296892575748881e-17,4.583914524659647e-17
3408,8.845622090559794e-13,4.277744242437674e-17,4.562356971875669e-17
3409,8.743726775870348e-13,4.257833351999847e-17,4.538958526222208e-17
3410,8.746083287392399e-13,4.238511116855055e-17,4.519059558677417e-17
3411,8.625588132366837e-13,4.221093846845649e-17,4.497912930783999e-17
3412,8.602744616861839e-13,4.200748132478907e-17,4.473708363055698e-17
3413,8.669627427952439e-13,4.182203545113487e-17,4.455471223095886e-17
3414,8.619967619953753e-13,4.162579730077081e-17,4.434292809950303e-17
3415,8.603369447629776e-13,4.143431326314941e-17,4.410286578187011e-17
3416,8.65766068041916e-13,4.123832256911419e-17,4.392443535228634e-17
3417,8.555472397420783e-13,4.104630886047805e-17,4.367130162886204e-17
3418,8.606169664936724e-13,4.087836340777195e-17,4.350236745614383e-17
3419,8.717341383185014e-13,4.06770351481844e-17,4.328773037144145e-17
3420,8.581717440562056e-13,4.052049002837661e-17,4.308559966721507e-17
3421,8.540635837221133e-13,4.033772134889599e-17,4.287453851831292e-17
3422,8.629194601675421e-13,4.016691755265933e-17,4.269976586069245e-17
3423,8.545649213618907e-13,3.995577466600307e-17,4.246758289866933e-17
3424,8.650421742664895e-13,3.978773068102232e-17,4.230606598886778e-17
3425,8.555667297466684e-13,3.960518112146807e-17,4.206009275598861e-17
3426,8.686086762976494e-13,3.942907583260875e-17,4.187188824808071e-17
3427,8.636022952993621e-13,3.925462500411493e-17,4.168844489938515e-17
3428,8.624720834945859e-13,3.907523322987321e-17,4.14758910417287e-17
3429,8.581509519168655e-13,3.891759536365561e-17,4.129751277220859e-17
3430,8.538750632423303e-13,3.872639349318522e-17,4.107169015058484e-17
3431,8.500333361945444e-13,3.854481079156312e-17,4.088379598785239e-17
3432,8.587482337612519e-13,3.836903226017004e-17,4.072110967565171e-17
3433,8.520089116892154e-13,3.820980229833339e-17,4.052229777574013e-17
3434,8.637087947532412e-13,3.803821310115305e-17,4.033199622697066e-17
3435,8.476559685786734e-13,3.787098076151097e-17,4.014056203877114e-17
3436,8.623763774618491e-13,3.769558490716653e-17,3.994906199499668e-17
3437,8.659406733313758e-13,3.752359177034944e-17,3.97695562823864e-17
3438,8.525663590876322e-13,3.734530924791395e-17,3.956247655931362e-17
3439,8.682608092607573e-13,3.719338730571677e-17,3.938320678364974e-17
3440,8.51460161066309e-13,3.702903990029688e-17,3.920769561004431e-17
3441,8.494657540098645e-13,3.685926103968441e-17,3.900310159185004e-17
3442,8.531541253082102e-13,3.670246701626574e-17,3.883736680849531e-17
3443,8.489295301210548e-13,3.653832302798924e-17,3.864443615629319e-17
3444,8.42944781750409e-13,3.635645341308282e-17,3.84274795839351e-17
3445,8.632427065932145e-13,3.621554147716834e-17,3.829750859574804e-17
3446,8.55588957380978e-13,3.605221679092242e-17,3.811228674638081e-17
3447,8.556711966516646e-13,3.589861010141167e-17,3.792464614737881e-17
3448,8.488223350021496e-13,3.572030781810933e-17,3.772219575292729e-17
3449,8.635100016597417e-13,3.557772617407082e-17,3.756227570273013e-17
3450,8.485260611011449e-13,3.541639679093965e-17,3.740548388113123e-17
3451,8.50536022263276e-13,3.526505940135828e-17,3.722967121714118e-17
3452,8.458688576783059e-13,3.509363020220794e-17,3.702375596436196e-17
3453,8.415356563711872e-13,3.493937690681346e-17,3.687616053139411e-17
3454,8.391705486907263e-13,3.477244115777576e-17,3.667875333512243e-17
3455,8.422812450916981e-13,3.462675307721455e-17,3.651926073497639e-17
3456,8.507550181816144e-13,3.448267669122707e-17,3.637056592068207e-17
3457,8.553281323823704e-13,3.431961325348896e-17,3.618728923352022e-17
3458,8.439153854704411e-13,3.416189482793216e-17,3.601271048443352e-17
3459,8.418789992379777e-13,3.401578958092189e-17,3.584112119332125e-17
3460,8.381559514158641e-13,3.38678328317658e-17,3.566640187967611e-17
3461,8.553441396918126e-13,3.372610197961313e-17,3.551691465969251e-17
3462,8.419246722096721e-13,3.356512196664457e-17,3.534513153560722e-17
3463,8.528182412903727e-13,3.341830252082887e-17,3.517285816289441e-17
3464,8.517727075247148e-13,3.327405609549043e-17,3.501272452469499e-17
3465,8.426137372600058e-13,3.314748725448491e-17,3.484657877117665e-17
3466,8.344736375068945e-13,3.298042278364723e-17,3.466371756250085e-17
3467,8.571786139662464e-13,3.284284565818501e-17,3.453260823821938e-17
3468,8.516474275882338e-13,3.268102950765642e-17,3.435236640981956e-17
3469,8.447479299456985e-13,3.254952752602991e-17,3.420715924245324e-17
3470,8.388462200704541e-13,3.239898321333507e-17,3.403599274950394e-17
3471,8.370021125208177e-13,3.225631806631933e-17,3.386048042240833e-17
3472,8.329716555311812e-13,3.21123358412512e-17,3.371318284893657e-17
3473,8.318076331868953e-13,3.196575246363295e-17,3.355931668001282e-17
3474,8.428529532034572e-13,3.18233420446908e-17,3.341681757454469e-17
3475,8.402757154614661e-13,3.170636065455667e-17,3.325100196271318e-17
3476,8.420004183032755e-13,3.155023232895897e-17,3.3091660742327e-17
3477,8.325859204636414e-13,3.142772066190421e-17,3.294129380353465e-17
3478,8.362853359481442e-13,3.129126218080719e-17,3.279090700331337e-17
3479,8.575457532324321e-13,3.115523478657557e-17,3.263847668457474e-17
3480,8.533625524925858e-13,3.101157950490053e-17,3.249445601712503e-17
3481,8.389843409270197e-13,3.087139825536253e-17,3.231133930328568e-17
3482,8.326900192509925e-13,3.074126123782371e-17,3.216266616062431e-17
3483,8.447842563513683e-13,3.061861098183347e-17,3.20292093477322e-17
3484,8.333183535872531e-13,3.047881920023235e-17,3.187879444521938e-17
3485,8.355865802124835e-13,3.033508202354e-17,3.171693828967316e-17
3486,8.362688705551333e-13,3.020104909059476e-17,3.158716630870386e-17
3487,8.538965260714429e-13,3.008764219669875e-17,3.145067137171898e-17
3488,8.344808292702524e-13,2.995726150217778e-17,3.129116594374102e-17
3489,8.282788491736235e-13,2.980850760129208e-17,3.113697348228823e-17
3490,8.244858747931438e-13,2.968416715762371e-17,3.098763161960358e-17
3491,8.492471262233981e-13,2.956789134808384e-17,3.087530648665851e-17
3492,8.531959874706726e-13,2.943398212183922e-17,3.072375858854359e-17
3493,8.308069110821975e-13,2.929943005969597e-17,3.055477159880106e-17
3494,8.273264345256009e-13,2.916768682456444e-17,3.043196465982765e-17
3495,8.346975142627278e-13,2.906349686700119e-17,3.029717556876038e-17
3496,8.291137398976672e-13,2.893950067206038e-17,3.015945808067337e-17
3497,8.454121201484437e-13,2.877892223877021e-17,2.99996963745299e-17
3498,8.530187274846054e-13,2.867520760480268e-17,2.987908072229675e-17
3499,8.357511220918397e-13,2.853417383017328e-17,2.972652128512331e-17
3500,8.258958116630055e-13,2.842774678079515e-17,2.958196986608861e-17
3501,8.514965945788983e-13,2.831485210904879e-17,2.946662266709653e-17
3502,8.43793118567246e-13,2.818838893916232e-17,2.933744029922692e-17
3503,8.276930890707926e-13,2.806521164026776e-17,2.917060968690155e-17
3504,8.236199075646564e-13,2.792626409323588e-17,2.903270044462085e-17
3505,8.488029416192828e-13,2.783265156892676e-17,2.891848559358112e-17
3506,8.296639225607872e-13,2.77051788985671e-17,2.880642253297087e-17
3507,8.303750095368829e-13,2.759449705645018e-17,2.865220803225727e-17
3508,8.259635285528173e-13,2.744215941863569e-17,2.848859827745957e-17
3509,8.235742109313216e-13,2.735105328473894e-17,2.837393683638214e-17
3510,8.394876269472021e-13,2.722979830009766e-17,2.827987837401069e-17
3511,8.27383912213478e-13,2.710753042678054e-17,2.812368892527677e-17
3512,8.218876487186635e-13,2.699225191552914e-17,2.798799834953015e-17
3513,8.202223018446523e-13,2.688965494060228e-17,2.786265325132902e-17
3514,8.256758141523457e-13,2.676421860011709e-17,2.773289097769856e-17
3515,8.185299502387321e-13,2.665788899125355e-17,2.761575868377242e-17
3516,8.153408089300552e-13,2.652289260095074e-17,2.743200838016298e-17
3517,8.180928839091267e-13,2.642348385085199e-17,2.735446098922932e-17
3518,8.159134459016824e-13,2.630574937306721e-17,2.722787728866294e-17
3519,8.322105010626694e-13,2.621159075976941e-17,2.711103442757552e-17
3520,8.209571687620367e-13,2.607731814710995e-17,2.69635522181805e-17
3521,8.326103720550156e-13,2.597579872832867e-17,2.685122501257717e-17
3522,8.22684824478852e-13,2.587065066826262e-17,2.674593469846125e-17
3523,8.330241306328332e-13,2.575288156959907e-17,2.661248687359747e-17
3524,8.185913708535816e-13,2.564772247144176e-17,2.649499537018839e-17
3525,8.173339940983563e-13,2.55120468072018e-17,2.633818193196066e-17
3526,8.22316136289309e-13,2.54236577494094e-17,2.623716117711514e-17
3527,8.181826484800605e-13,2.531127270880747e-17,2.610719407759902e-17
3528,8.347032448919424e-13,2.521137168851435e-17,2.599662876556758e-17
3529,8.193912686816754e-13,2.51000039141653e-17,2.586801921207086e-17
3530,8.177926763950009e-13,2.500817213259115e-17,2.576658664224018e-17
3531,8.153671338930834e-13,2.488754932255067e-17,2.562553881263017e-17
3532,8.216948773975947e-13,2.479138454536365e-17,2.554090280863202e-17
3533,8.158330479969561e-13,2.466966905437541e-17,2.539407457281888e-17
3534,8.262008077510645e-13,2.458492069032272e-17,2.530087567258218e-17
3535,8.512947491693799e-13,2.447818903902769e-17,2.518094336559908e-17
3536,8.252499954032089e-13,2.438190628485527e-17,2.504695178360055e-17
3537,8.205933264617057e-13,2.42668238178754e-17,2.494745909806779e-17
3538,8.148777353350729e-13,2.416206580917512e-17,2.481495880002245e-17
3539,8.155848423161111e-13,2.407421292332617e-17,2.472912456688914e-17
3540,8.134448769489753e-13,2.395768514678258e-17,2.458558071873665e-17
3541,8.123919863931196e-13,2.385965884581407e-17,2.446720585728684e-17
3542,8.137883823647608e-13,2.376945348891653e-17,2.439130568875503e-17
3543,8.1594322293417e-13,2.366806991263297e-17,2.4285639701735e-17
3544,8.117045016743091e-13,2.355090675834132e-17,2.414091388788102e-17
3545,8.145905312426038e-13,2.345282252927015e-17,2.403859857164718e-17
3546,8.282494242772742e-13,2.337745760263934e-17,2.394790987969134e-17
3547,8.234388675633967e-13,2.326511238354893e-17,2.383229995070811e-17
3548,8.145584787850126e-13,2.318536857101621e-17,2.372761513204266e-17
3549,8.192658550933244e-13,2.307516500082882e-17,2.361232306759349e-17
3550,8.315488840982704e-13,2.296233093570588e-17,2.349870027612887e-17
3551,8.162859854161853e-13,2.287711710259701e-17,2.339354342391799e-17
3552,8.107310130457259e-13,2.279179191004631e-17,2.329504898796424e-17
3553,8.211573576006575e-13,2.269150409619634e-17,2.319065389893158e-17
3554,8.134468749455564e-13,2.260732908187843e-17,2.307507924948924e-17
3555,8.185581837422136e-13,2.251539225461195e-17,2.299415905309873e-17
3556,8.091622014075328e-13,2.240740817285466e-17,2.284923408321845e-17
3557,8.097291641357361e-13,2.231696583722928e-17,2.275849463344812e-17
3558,8.068495556261974e-13,2.221559775256327e-17,2.264485441944662e-17
3559,8.287176353457174e-13,2.215708526187395e-17,2.257764759480349e-17
3560,8.127028730866976e-13,2.205662132263069e-17,2.248520588441583e-17
3561,8.226756826681752e-13,2.195531409442858e-17,2.235202787440053e-17
3562,8.178777515437348e-13,2.187665523724536e-17,2.227325280374761e-17
3563,8.156661425357551e-13,2.177498318158088e-17,2.215829726647441e-17
3564,8.232196154193002e-13,2.169144456137668e-17,2.203272905795638e-17
3565,8.089416885739021e-13,2.157617308429354e-17,2.193241144955597e-17
3566,8.094837354574473e-13,2.151034360899394e-17,2.184697313023842e-17
3567,8.04426118237265e-13,2.141034095472354e-17,2.173451817410701e-17
3568,8.000310095242946e-13,2.132899056387991e-17,2.163734940949571e-17
3569,8.03862874218341e-13,2.12488542324768e-17,2.155170096716602e-17
3570,8.136131385240064e-13,2.115698872929856e-17,2.146522998088284e-17
3571,8.056948923912848e-13,2.107847969858342e-17,2.13658074361488e-17
3572,8.024908088504811e-13,2.09651969137336e-17,2.122524391806665e-17
3573,8.064911550739358e-13,2.088654851135823e-17,2.113778499639484e-17
3574,8.108195811803699e-13,2.081895414941105e-17,2.108065901357664e-17
3575,8.040090268869559e-13,2.072109109739274e-17,2.098265449842314e-17
3576,8.205789899215679e-13,2.062443708950446e-17,2.086528592700212e-17
3577,8.102880704536482e-13,2.056152590413791e-17,2.07901006605793e-17
3578,8.046978298785185e-13,2.049160893163906e-17,2.070801873946327e-17
3579,8.068869163673081e-13,2.039547284827441e-17,2.0601380603053e-17
3580,8.020340470116565e-13,2.030976840485326e-17,2.051491193838136e-17
3581,8.045235414283561e-13,2.02338174216893e-17,2.040179095810302e-17
3582,8.237013564573639e-13,2.013754803819505e-17,2.033757713940318e-17
3583,8.062358384003623e-13,2.005123202611339e-17,2.021986684069367e-17
3584,8.166092898020876e-13,1.99870166238328e-17,2.014293977879313e-17
3585,8.188067551909004e-13,1.991084243309145e-17,2.006828263891932e-17
3586,8.076125568739897e-13,1.984277580460461e-17,1.99722762953826e-17
3587,8.001846560707641e-13,1.973594505679104e-17,1.986405317319052e-17
3588,8.211165988094769e-13,1.965783136141652e-17,1.979727816919667e-17
3589,8.014682756668364e-13,1.95869731697825e-17,1.969700423441764e-17
3590,8.138070997275247e-13,1.951477204887407e-17,1.961482429749878e-17
3591,8.049478872255706e-13,1.94403846471668e-17,1.953018398172779e-17
3592,8.053475507997749e-13,1.934297682054231e-17,1.94245858297351e-17
3593,8.011060846687223e-13,1.925652113734446e-17,1.931148306900197e-17
3594,8.011569536502954e-13,1.918013785495255e-17,1.92365693195045e-17
3595,8.128997246618813e-13,1.912919717312514e-17,1.92028395759755e-17
3596,8.285510639477996e-13,1.903914494260413e-17,1.908700505339418e-17
3597,8.167031514598833e-13,1.896387652912687e-17,1.900185330630627e-17
3598,8.034215532275377e-13,1.889167216009278e-17,1.891189006531841e-17
3599,8.024818879663502e-13,1.879970978355399e-17,1.880663366244416e-17
3600,8.029786926414551e-13,1.875194368325342e-17,1.874605559109113e-17
3601,8.061710169635762e-13,1.866741654678135e-17,1.867327067979407e-17
3602,8.132802919930567e-13,1.859919822130134e-17,1.858677920491535e-17
3603,8.058024525192661e-13,1.850381071103001e-17,1.850044345064659e-17
3604,8.021905537783317e-13,1.845366579882389e-17,1.841981299822864e-17
3605,8.102484821228812e-13,1.837182679171835e-17,1.834253497534236e-17
3606,8.13891753400773e-13,1.829672027510726e-17,1.825516248087752e-17
3607,8.004536338856122e-13,1.823155269586229e-17,1.81612269011989e-17
3608,7.948415635682659e-13,1.814257030293034e-17,1.807843867607315e-17
3609,7.984843720866942e-13,1.807678275353492e-17,1.799971027931377e-17
3610,8.028100693840623e-13,1.802451770887886e-17,1.794133317277616e-17
3611,7.966296914117372e-13,1.794023713452306e-17,1.784453021863512e-17
3612,7.948662668873391e-13,1.785800531547943e-17,1.775166969520097e-17
3613,7.928761696330329e-13,1.77967718339642e-17,1.766940857277611e-17
3614,7.945238393672704e-13,1.774267507760145e-17,1.76192529391932e-17
3615,7.918956096548681e-13,1.7648330811037e-17,1.751315143274201e-17
3616,7.911974671609171e-13,1.758727435721885e-17,1.746425292809994e-17
3617,8.087399925653884e-13,1.752699147731992e-17,1.738572355770907e-17
3618,8.232938041198219e-13,1.746171131202862e-17,1.730863695586234e-17
3619,8.020199681507876e-13,1.740477541282192e-17,1.723674493362636e-17
3620,7.978336568288152e-13,1.732438365252986e-17,1.714685087832651e-17
3621,7.964117662946546e-13,1.726222271895679e-17,1.705824686114109e-17
3622,7.949167458537575e-13,1.718462811613825e-17,1.698757860902795e-17
3623,8.088190560546182e-13,1.712602459388771e-17,1.693861218668828e-17
3624,8.155429880519276e-13,1.704581329318102e-17,1.684930017693299e-17
3625,7.991825624042369e-13,1.699438515595473e-17,1.676329924365069e-17
3626,7.961638341465436e-13,1.693289537996445e-17,1.66947259210114e-17
3627,8.097213923646146e-13,1.685955236929963e-17,1.663350363613406e-17
3628,7.982058428817105e-13,1.678897616016652e-17,1.65474012392996e-17
3629,7.944647282840516e-13,1.673032968703675e-17,1.647946985572209e-17
3630,7.98232196848565e-13,1.66686290617591e-17,1.640221723353821e-17
3631,7.899336213810756e-13,1.65994405488682e-17,1.630671376181863e-17
3632,8.091541044435758e-13,1.653995268694803e-17,1.628443562961695e-17
3633,7.937580825046355e-13,1.648081630480023e-17,1.618827602680791e-17
3634,7.948830925210566e-13,1.642361087312395e-17,1.612306189181332e-17
3635,7.877663610208801e-13,1.632883526559156e-17,1.60370334649025e-17
3636,8.048361787086684e-13,1.628432267524556e-17,1.597726708108585e-17
3637,7.999074013577406e-13,1.62191584746771e-17,1.591075102078327e-17
3638,8.216017392515334e-13,1.615591050352682e-17,1.582655872112045e-17
3639,8.060559441996246e-13,1.621118880360042e-17,1.565840206070293e-17
3640,7.999390930932831e-13,1.616658035800885e-17,1.555796132506572e-17
3641,8.060946412981985e-13,1.61112025922112e-17,1.549004277778695e-17
3642,8.003280791312375e-13,1.602463453350196e-17,1.539969180276412e-17
3643,8.022290381497734e-13,1.597372334066848e-17,1.534553735326843e-17
3644,8.093057011839805e-13,1.592406293904212e-17,1.533057426774971e-17
3645,8.028678157153756e-13,1.580661137318193e-17,1.521572138635594e-17
3646,8.002096873023746e-13,1.575235071370888e-17,1.514785472746104e-17
3647,8.04236015510075e-13,1.573218498920564e-17,1.513402710198919e-17
3648,8.181195706541047e-13,1.566023012172935e-17,1.507039943003636e-17
3649,8.035613749764137e-13,1.561246440067298e-17,1.4993891976324e-17
3650,8.083776159541674e-13,1.556274018252505e-17,1.492779403593624e-17
3651,8.186830103990623e-13,1.547479090825764e-17,1.486463516242001e-17
3652,8.174368795431651e-13,1.544420552187029e-17,1.481389651990536e-17
3653,8.147783120394542e-13,1.536857904122957e-17,1.474996590091055e-17
3654,8.145733084115384e-13,1.53133368265969e-17,1.467972578935348e-17
3655,8.019590878294204e-13,1.525731102071033e-17,1.459896182727635e-17
3656,8.120534650164754e-13,1.519418217083517e-17,1.450864381869561e-17
3657,8.103467851836462e-13,1.515495483214766e-17,1.450542145494495e-17
3658,8.000570570350889e-13,1.509594842586416e-17,1.439037932000872e-17
3659,8.037767256174132e-13,1.505677112564115e-17,1.437279464737051e-17
3660,8.046366528583461e-13,1.499308930761882e-17,1.431491905352256e-17
3661,8.211060265140565e-13,1.494342362383403e-17,1.425752762088301e-17
3662,8.039084507058386e-13,1.489920169883342e-17,1.419922205626177e-17
3663,7.952567645647917e-13,1.482494543409354e-17,1.410529283889682e-17
3664,8.05498720869519e-13,1.477102858035307e-17,1.408425964289667e-17
3665,7.979790565835171e-13,1.4721827475183e-17,1.397920958880613e-17
3666,7.960278004866034e-13,1.465018656664941e-17,1.390956462732504e-17
3667,7.92391172853814e-13,1.458727705135451e-17,1.384876838581931e-17
3668,8.026276672059588e-13,1.456474767018697e-17,1.382996019413545e-17
3669,8.136106627372836e-13,1.451471811646356e-17,1.37661242361572e-17
3670,8.010691010437459e-13,1.446692508944852e-17,1.37139989794109e-17
3671,7.954603625907431e-13,1.441180574762203e-17,1.36676709694508e-17
3672,8.003494998061624e-13,1.433247840138421e-17,1.357789103319659e-17
3673,7.957977355657209e-13,1.42857163684513e-17,1.352567023824795e-17
3674,7.898625355019275e-13,1.422778707463409e-17,1.345697672579794e-17
3675,7.918221637885287e-13,1.421214854182722e-17,1.34305309850757e-17
3676,7.869053175167588e-13,1.412628183170601e-17,1.333166387611062e-17
3677,7.975418964277666e-13,1.410575293911668e-17,1.330296187018022e-17
3678,8.095728166387645e-13,1.404828151848991e-17,1.328721511065947e-17
3679,8.051231569615822e-13,1.399079341539305e-17,1.317577242924265e-17
3680,8.012638532441114e-13,1.395186821620019e-17,1.314314399325003e-17
3681,7.939615294531838e-13,1.389932324114058e-17,1.308639389530565e-17
3682,7.976492009132911e-13,1.384569907652996e-17,1.303329269556415e-17
3683,7.915233968009388e-13,1.380896301001854e-17,1.29552592468316e-17
3684,8.082272332368232e-13,1.37550626694207e-17,1.292324434445912e-17
3685,8.031077847742871e-13,1.370530912029924e-17,1.288486134060829e-17
3686,7.971635496866322e-13,1.36666274601371e-17,1.280390437476795e-17
3687,7.893738409032028e-13,1.360142803048907e-17,1.274235648230599e-17
3688,7.901048838799629e-13,1.357361198535962e-17,1.272211927237021e-17
3689,7.990877242858688e-13,1.349624654411088e-17,1.266142379625215e-17
3690,7.96932026552855e-13,1.344471911850908e-17,1.255450602218949e-17
3691,7.931414275838548e-13,1.339759156902085e-17,1.251950176743758e-17
3692,7.886877732010412e-13,1.334434789555655e-17,1.247721526105676e-17
3693,7.989800436706057e-13,1.330946091628048e-17,1.245893471293928e-17
3694,8.012087021932937e-13,1.32723252836545e-17,1.239789523799747e-17
3695,7.905253719287902e-13,1.321690715193822e-17,1.232211758704181e-17
3696,7.900745374695479e-13,1.320700977554558e-17,1.229608896641497e-17
3697,7.908107328982818e-13,1.310783663598506e-17,1.219439259372411e-17
3698,7.823028243534439e-13,1.305210419840116e-17,1.211587573887353e-17
3699,7.897779272337045e-13,1.304542151572636e-17,1.213187726879569e-17
3700,7.936362913832235e-13,1.301378701970224e-17,1.2115425097774e-17
3701,8.023443297133554e-13,1.295005428655378e-17,1.202996630360997e-17
3702,8.021762025703006e-13,1.290541270976612e-17,1.197783079012559e-17
3703,7.918181917699976e-13,1.287130900525281e-17,1.193218591986354e-17
3704,8.118501767282469e-13,1.281620285688491e-17,1.190358604084526e-17
3705,8.019442294764921e-13,1.275585664338685e-17,1.185428372754063e-17
3706,7.893165803456711e-13,1.272691760563625e-17,1.176300508873501e-17
3707,7.894284164514298e-13,1.269362575107862e-17,1.175111560449038e-17
3708,7.840559860996283e-13,1.264655415933477e-17,1.166818953410476e-17
3709,7.818458128498151e-13,1.259598672406615e-17,1.16250391731614e-17
3710,7.938975142668108e-13,1.256379652095935e-17,1.159722432892792e-17
3711,7.836832540672488e-13,1.249499979905197e-17,1.150391009406673e-17
3712,7.819280086361024e-13,1.243525190774962e-17,1.143974117957635e-17
3713,7.908498645278568e-13,1.243573510653378e-17,1.147523873062767e-17
3714,7.852547448722495e-13,1.238892427449041e-17,1.140631361778364e-17
3715,7.847700601331336e-13,1.235194944401438e-17,1.134562859867209e-17
3716,7.921230666025244e-13,1.230252544238394e-17,1.129215210198593e-17
3717,7.868114831982466e-13,1.226149842162051e-17,1.125322003034142e-17
3718,7.815243412913855e-13,1.221031231417258e-17,1.119950534217814e-17
3719,7.98244325529331e-13,1.218601449614828e-17,1.119096562866955e-17
3720,7.954966114031157e-13,1.214453133970998e-17,1.113202111305205e-17
3721,7.935471585536603e-13,1.208258955570329e-17,1.106252998080178e-17
3722,7.796113464911117e-13,1.205792476744875e-17,1.10115551941899e-17
3723,7.866482068147325e-13,1.204601998767715e-17,1.101616386184042e-17
3724,7.791872220306509e-13,1.197458372974104e-17,1.091698427234256e-17
3725,7.817916301407745e-13,1.192366843477016e-17,1.089053445366157e-17
3726,7.798472430827434e-13,1.189633902681834e-17,1.085904586625708e-17
3727,7.784729860314519e-13,1.182321964326273e-17,1.075153478963028e-17
3728,7.860881285046481e-13,1.183629939355897e-17,1.07829108753729e-17
3729,7.81278881849882e-13,1.18061236452968e-17,1.074229959186053e-17
3730,7.854781488766209e-13,1.172731440662139e-17,1.064110196312636e-17
3731,7.786937164269761e-13,1.170779025395366e-17,1.063093722189596e-17
3732,7.830715292468387e-13,1.165891549172024e-17,1.061401215316355e-17
3733,7.938735914949558e-13,1.161662890542687e-17,1.055499378471783e-17
3734,7.906876686981112e-13,1.159254110473761e-17,1.053072563535455e-17
3735,7.794586972523074e-13,1.153616360894205e-17,1.043570060174282e-17
3736,7.767302507482539e-13,1.147729934520635e-17,1.037274886886372e-17
3737,7.783183288846871e-13,1.148087267683002e-17,1.037354463017941e-17
3738,7.758016454911214e-13,1.142430257685199e-17,1.03173610437812e-17
3739,7.838057917811053e-13,1.139113486744176e-17,1.029492607114843e-17
3740,7.782358936200277e-13,1.136933408560326e-17,1.0250970969194e-17
3741,7.728259468212405e-13,1.133077151162588e-17,1.022446140619029e-17
3742,7.931721857362114e-13,1.129997550725179e-17,1.016224861494074e-17
3743,7.826566587402829e-13,1.124574450410725e-17,1.01238823885709e-17
3744,7.817406026648618e-13,1.118848479706014e-17,1.006502374084117e-17
3745,7.760651125505131e-13,1.115911710372524e-17,1.00177442371557e-17
3746,7.741521527601719e-13,1.115584798246867e-17,1.000854975130971e-17
3747,7.871137494576479e-13,1.110440689787797e-17,9.954075740415784e-18
3748,7.768370283751947e-13,1.106076158268726e-17,9.910495627735021e-18
3749,7.742746156644535e-13,1.103774530414229e-17,9.884878612579686e-18
3750,7.818750428002368e-13,1.101513870560101e-17,9.84721881431421e-18
3751,7.766155508632034e-13,1.096792225332512e-17,9.811826254246944e-18
3752,7.808785307389312e-13,1.094935693765816e-17,9.766516479768778e-18
3753,7.81244898508553e-13,1.089169875914714e-17,9.740733695234037e-18
3754,7.734064129148351e-13,1.084994884782316e-17,9.660096396740042e-18
3755,7.704061771738595e-13,1.083173082033218e-17,9.643044822133056e-18
3756,7.834033157178124e-13,1.079955268200771e-17,9.61674690119075e-18
3757,7.739559895966866e-13,1.076252418562553e-17,9.565135635836536e-18
3758,7.833457900119099e-13,1.074427284192622e-17,9.561514636288424e-18
3759,7.850797407398681e-13,1.071374750334273e-17,9.517527311649857e-18
3760,7.749976770926625e-13,1.067310142674951e-17,9.467162520093331e-18
3761,7.725298448755566e-13,1.06355330330004e-17,9.41304569282917e-18
3762,7.698957065772549e-13,1.060439510779246e-17,9.385781103133804e-18
3763,7.670240212766545e-13,1.054357454317901e-17,9.318786387926913e-18
3764,7.763841341060336e-13,1.053981564883072e-17,9.335924217773926e-18
3765,7.706445405347556e-13,1.048927426960356e-17,9.261487864243943e-18
3766,7.709562221091139e-13,1.046174629779694e-17,9.248002786522649e-18
3767,7.865822412727919e-13,1.042577695973894e-17,9.229709806110087e-18
3768,7.832970306911752e-13,1.040282183719793e-17,9.180855870646205e-18
3769,7.716782583189285e-13,1.037392758337607e-17,9.122082001978238e-18
3770,7.711396516775793e-13,1.034632799962989e-17,9.104651558443494e-18
3771,7.713794426588776e-13,1.030688810415452e-17,9.051124859975086e-18
3772,7.732735858398759e-13,1.026731679661464e-17,9.01692804944718e-18
3773,7.687726689538083e-13,1.025684422366888e-17,9.012494165171914e-18
3774,7.663065037477444e-13,1.020495680253195e-17,8.93647137520961e-18
3775,7.684995200060316e-13,1.019641027925494e-17,8.946416135426943e-18
3776,7.643237841876364e-13,1.012736996624257e-17,8.847634004856113e-18
3777,7.755372050678707e-13,1.012862270684324e-17,8.892286655695036e-18
3778,7.66242582330609e-13,1.007266761697875e-17,8.800907264834684e-18
3779,7.665511627196827e-13,1.00708252613631e-17,8.782835807943422e-18
3780,7.651713095944524e-13,1.003097792181232e-17,8.767898480558025e-18
3781,7.642456558868566e-13,9.996255267140831e-18,8.70314718390347e-18
3782,7.694347634451521e-13,9.945850113362703e-18,8.659220914416197e-18
3783,7.651953349656831e-13,9.927557113773787e-18,8.643400046705428e-18
3784,7.652992192451736e-13,9.898622661652812e-18,8.585980242566332e-18
3785,7.641428801975345e-13,9.852269140597785e-18,8.538943182660948e-18
3786,7.795364960068323e-13,9.856940091608527e-18,8.575891378763714e-18
3787,7.633914734948854e-13,9.80598201332105e-18,8.494759244103196e-18
3788,7.681157803789803e-13,9.802995421791742e-18,8.498329391650374e-18
3789,7.711128228868835e-13,9.777517750336864e-18,8.484211720850301e-18
3790,7.823459610481757e-13,9.73762725232381e-18,8.417621324381112e-18
3791,7.740170347623157e-13,9.71308888160361e-18,8.40311576869497e-18
3792,7.907700545742243e-13,9.691978831307058e-18,8.380819391065886e-18
3793,7.755142344428834e-13,9.630303667400738e-18,8.309567739586565e-18
3794,7.753782903078343e-13,9.624213687899793e-18,8.30277219523619e-18
3795,7.656088001168735e-13,9.587291470112946e-18,8.257545078134052e-18
3796,7.71443949582458e-13,9.585812247496957e-18,8.247708653302428e-18
3797,7.642757702026402e-13,9.529692972732086e-18,8.173697927870991e-18
3798,7.598470967476294e-13,9.510184894250142e-18,8.144619943194066e-18
3799,7.59265832557984e-13,9.480772042356947e-18,8.12131790119191e-18
3800,7.595706318387679e-13,9.457850081002605e-18,8.093603549773692e-18
3801,7.602751864095838e-13,9.421541298832825e-18,8.052438484761251e-18
3802,7.593898813280375e-13,9.384718496103443e-18,8.01939456438602e-18
3803,7.682407470423635e-13,9.378302648871081e-18,8.035697769879807e-18
3804,7.61119946840283e-13,9.324496970854175e-18,7.95010520913399e-18
3805,7.693792022789969e-13,9.312272373440465e-18,7.932466023551094e-18
3806,7.623743541367252e-13,9.312381084764879e-18,7.955070360418591e-18
3807,7.599866920689066e-13,9.271502818359976e-18,7.86598088302612e-18
3808,7.589594475205007e-13,9.224718295651813e-18,7.849225847632722e-18
3809,7.56189089918327e-13,9.20934290512173e-18,7.812223087557279e-18
3810,7.622020518274267e-13,9.195770861308406e-18,7.799533411220081e-18
3811,7.77260483153619e-13,9.155013230904127e-18,7.778779855063192e-18
3812,7.644901626503563e-13,9.144113732168018e-18,7.748550053177437e-18
3813,7.596277934105465e-13,9.115453838980066e-18,7.712397968504368e-18
3814,7.589039799291496e-13,9.082063706328126e-18,7.666534997373113e-18
3815,7.635827538623113e-13,9.057734916474405e-18,7.658637618317432e-18
3816,7.608562158086076e-13,9.047455183592513e-18,7.606658505208916e-18
3817,7.547951255613778e-13,8.979478810302828e-18,7.55607379854528e-18
3818,7.54730492023481e-13,8.975775479578126e-18,7.583139923094727e-18
3819,7.626509148753479e-13,8.965084682287273e-18,7.51204504052881e-18
3820,7.61505442121202e-13,8.951473788014551e-18,7.507160124686767e-18
3821,7.557500778497704e-13,8.913022935567983e-18,7.474797500908373e-18
3822,7.651643695587935e-13,8.900245865895001e-18,7.454576611698372e-18
3823,7.557690802903656e-13,8.860768438080848e-18,7.432901625590722e-18
3824,7.720551405660094e-13,8.849630620703992e-18,7.435702060733585e-18
3825,7.698542083212868e-13,8.813308622665797e-18,7.365386572633769e-18
3826,7.608065562500769e-13,8.782020624751705e-18,7.331801941998893e-18
3827,7.54595932323199e-13,8.75167678986031e-18,7.29099481299065e-18
3828,7.518973834527298e-13,8.729854141579065e-18,7.275879754730385e-18
3829,7.636207341191772e-13,8.701900755171483e-18,7.251892179134334e-18
3830,7.567644067159396e-13,8.677772295272187e-18,7.204481681713998e-18
3831,7.551282048342812e-13,8.67589985907424e-18,7.198638117698581e-18
3832,7.516606571482209e-13,8.646556518065525e-18,7.149799874827718e-18
3833,7.68556858080984e-13,8.634441548524524e-18,7.169831376550232e-18
3834,7.568163625016152e-13,8.604512012484734e-18,7.121295939265124e-18
3835,7.552683900083093e-13,8.561399919145877e-18,7.116325537395283e-18
3836,7.591900768565075e-13,8.554035009675427e-18,7.069063095292524e-18
3837,7.536005071086766e-13,8.525060722092138e-18,7.042400067229548e-18
3838,7.555543778417296e-13,8.484139253538888e-18,7.00180958918562e-18
3839,7.623518294858771e-13,8.505359779591134e-18,7.012095463636182e-18
3840,7.533944062673386e-13,8.434312021089945e-18,6.948241823657103e-18
3841,7.660735638510307e-13,8.461585313200428e-18,6.969631953215331e-18
3842,7.537510237505723e-13,8.433739508609747e-18,6.914714725821704e-18
3843,7.498333900519485e-13,8.386630028535802e-18,6.871343557556506e-18
3844,7.497931358732839e-13,8.369322696179208e-18,6.859178849330776e-18
3845,7.571454069135735e-13,8.341088232729938e-18,6.81420286035925e-18
3846,7.491850802977301e-13,8.313047614837394e-18,6.780771354147215e-18
3847,7.642121657481017e-13,8.312761283165509e-18,6.802511538778601e-18
3848,7.536066830149143e-13,8.303223269923191e-18,6.79079136438549e-18
3849,7.67776811145509e-13,8.266879911809809e-18,6.739047785517953e-18
3850,7.550042949254999e-13,8.224439966642033e-18,6.723708206655359e-18
3851,7.46638111723786e-13,8.227734907769618e-18,6.678179088576247e-18
3852,7.601512163852034e-13,8.215869305181844e-18,6.668312027530534e-18
3853,7.53925139602834e-13,8.17119728713733e-18,6.618455256855981e-18
3854,7.564755845362306e-13,8.155303002613874e-18,6.628113441856001e-18
3855,7.554766124420793e-13,8.13648665026366e-18,6.607700500027879e-18
3856,7.558492890489813e-13,8.10457783144233e-18,6.563152352786313e-18
3857,7.541732311463192e-13,8.08143261021734e-18,6.525694204033757e-18
3858,7.519198522939751e-13,8.035269933215501e-18,6.481931601029932e-18
3859,7.443180600577282e-13,8.025059059348792e-18,6.444440865720982e-18
3860,7.601478600814846e-13,8.058429898644981e-18,6.529741390398408e-18
3861,7.45258872001503e-13,8.009435628913093e-18,6.441820034096172e-18
3862,7.696908649719402e-13,7.997877870613575e-18,6.446763568330573e-18
3863,7.532031841565355e-13,7.958653880796495e-18,6.400951204729788e-18
3864,7.470692637269536e-13,7.953278566678002e-18,6.390443868763898e-18
3865,7.452127357795183e-13,7.931328645786246e-18,6.348453888884623e-18
3866,7.427704631322e-13,7.915460576919734e-18,6.354702280154733e-18
3867,7.506667331235677e-13,7.892375051835618e-18,6.318956937990597e-18
3868,7.620642945050859e-13,7.86179442478448e-18,6.292197206942065e-18
3869,7.513971216244341e-13,7.845933503625331e-18,6.288973262232e-18
3870,7.440917388972553e-13,7.816217876042532e-18,6.225571793142075e-18
3871,7.581650905139618e-13,7.807370756944587e-18,6.229169059818019e-18
3872,7.462705679879556e-13,7.785070227294024e-18,6.190950136955778e-18
3873,7.532363185621275e-13,7.760848627375449e-18,6.165083589303729e-18
3874,7.524998766933444e-13,7.76152948098542e-18,6.182110321288331e-18
3875,7.4541858330212e-13,7.748168354915979e-18,6.160172037906273e-18
3876,7.415126647900455e-13,7.717741079803508e-18,6.114284393985158e-18
3877,7.393104348493534e-13,7.68353896120396e-18,6.069564323402456e-18
3878,7.588292677821197e-13,7.673822977030217e-18,6.045233383027756e-18
3879,7.476219048532225e-13,7.637831681405448e-18,6.052959798636429e-18
3880,7.509985033284976e-13,7.632941437696804e-18,6.028061907412496e-18
3881,7.559719209920773e-13,7.642420686222786e-18,6.02478674238186e-18
3882,7.457958286779603e-13,7.635283340326083e-18,6.012609976282048e-18
3883,7.396485327777208e-13,7.587185050074655e-18,5.959588222631661e-18
3884,7.395530472613221e-13,7.56880385602225e-18,5.930302551744835e-18
3885,7.538296755855927e-13,7.58886543706787e-18,5.956596414666769e-18
3886,7.471675128370924e-13,7.523832152639838e-18,5.878120708563352e-18
3887,7.613979328708451e-13,7.541088039397421e-18,5.912506748250594e-18
3888,7.461813467929904e-13,7.51150578673633e-18,5.869350994538552e-18
3889,7.4235628990779e-13,7.479799443297845e-18,5.851754583685985e-18
3890,7.495687813415356e-13,7.472301815555292e-18,5.834043906203948e-18
3891,7.497935215468748e-13,7.425136018899918e-18,5.793245665110809e-18
3892,7.638857263715229e-13,7.432962081516049e-18,5.801708814182319e-18
3893,7.486546786899417e-13,7.430029233954732e-18,5.784607767098388e-18
3894,7.438548866897731e-13,7.395641681557528e-18,5.733797879684598e-18
3895,7.514595659567443e-13,7.422428972692365e-18,5.755088336606102e-18
3896,7.400020665130585e-13,7.357516641069518e-18,5.673690694069436e-18
3897,7.405059334704926e-13,7.359130230655962e-18,5.687763411452743e-18
3898,7.380898127306709e-13,7.3171407943006e-18,5.638551220814571e-18
3899,7.346635889598876e-13,7.300909199826186e-18,5.628403672115054e-18
3900,7.380527543316867e-13,7.312041458500103e-18,5.648105661295545e-18
3901,7.357381808178632e-13,7.268117977340149e-18,5.58749461401496e-18
3902,7.490632375683815e-13,7.29087250623348e-18,5.633320332264795e-18
3903,7.408808207513136e-13,7.266185006388438e-18,5.583277858581629e-18
3904,7.370534920238073e-13,7.229322621960761e-18,5.562983581968896e-18
3905,7.409246994123893e-13,7.21317866400124e-18,5.539733623448389e-18
3906,7.374843854324446e-13,7.198897208802121e-18,5.534171711736092e-18
3907,7.347359033758651e-13,7.160471648829157e-18,5.469850324417243e-18
3908,7.321112661876027e-13,7.159106206658846e-18,5.440143870342403e-18
3909,7.336926547143182e-13,7.155747058933867e-18,5.47494751499402e-18
3910,7.548557121692095e-13,7.137598910396205e-18,5.428861454248225e-18
3911,7.534175854391321e-13,7.1459441562e-18,5.460262218534201e-18
3912,7.475521452541781e-13,7.113831106734874e-18,5.397540440111833e-18
3913,7.567016620617171e-13,7.09366509775045e-18,5.376666702834193e-18
3914,7.429137712657229e-13,7.064273883643119e-18,5.36829725853305e-18
3915,7.464491942078929e-13,7.05986472673414e-18,5.384137889810784e-18
3916,7.483732751991295e-13,7.07334933754735e-18,5.374802545920248e-18
3917,7.361219985883171e-13,7.05039776715257e-18,5.322592073890006e-18
3918,7.361522211230864e-13,7.027351933071542e-18,5.292846623344531e-18
3919,7.322792930953117e-13,6.995795060423556e-18,5.270174565724148e-18
3920,7.321848860840136e-13,6.985551125108705e-18,5.248334944890246e-18
3921,7.50575298006217e-13,6.981889775103845e-18,5.27491311026426e-18
3922,7.42323046735478e-13,6.96055023363736e-18,5.256086227734138e-18
3923,7.450866359324672e-13,6.916507407531068e-18,5.200798999602143e-18
3924,7.432799665346608e-13,6.936030027083811e-18,5.210324040612297e-18
3925,7.373613489485694e-13,6.904439031375998e-18,5.181240790670381e-18
3926,7.346960756639427e-13,6.899929270845011e-18,5.173574758436097e-18
3927,7.395445962263737e-13,6.872778377315222e-18,5.154003288247549e-18
3928,7.336084384245564e-13,6.880104387225709e-18,5.127138603441381e-18
3929,7.4386075203313e-13,6.847988306033382e-18,5.099115845727657e-18
3930,7.388870505247136e-13,6.846999164321458e-18,5.12350619517853e-18
3931,7.282230893032896e-13,6.823970574350146e-18,5.06965016960188e-18
3932,7.295491827101255e-13,6.816618988342884e-18,5.064845679205627e-18
3933,7.378726487601111e-13,6.7915847442897e-18,5.029154503786586e-18
3934,7.300183712136809e-13,6.790349651094787e-18,5.011640570665211e-18
3935,7.252123777937714e-13,6.746007331203372e-18,4.954745002856552e-18
3936,7.32310805975506e-13,6.771380017587341e-18,5.037582831059561e-18
3937,7.397547275989489e-13,6.740638098658364e-18,4.987742093897998e-18
3938,7.525200409633911e-13,6.731166644876645e-18,4.976394584863253e-18
3939,7.356846279793611e-13,6.717668005584854e-18,4.936242104327477e-18
3940,7.404522576905752e-13,6.712933019875243e-18,4.941706961951754e-18
3941,7.293861753612862e-13,6.690961204474318e-18,4.927511503053547e-18
3942,7.410584732066688e-13,6.675245401675387e-18,4.934671952455161e-18
3943,7.282292676589185e-13,6.649795785170901e-18,4.887096568326929e-18
3944,7.279347702138228e-13,6.647029922220972e-18,4.890336681327258e-18
3945,7.473505711034671e-13,6.634693182264089e-18,4.857729000600772e-18
3946,7.331009030616508e-13,6.598630257473395e-18,4.841508771104413e-18
3947,7.272987092553827e-13,6.619128573404484e-18,4.86405279113751e-18
3948,7.301339814921347e-13,6.614265261210622e-18,4.834418335008329e-18
3949,7.29832591097546e-13,6.579138799259653e-18,4.788090842882653e-18
3950,7.445634959300661e-13,6.583020893644187e-18,4.811699447984589e-18
3951,7.343936680227438e-13,6.561454645412872e-18,4.775209799277394e-18
3952,7.28238823608763e-13,6.552238538032797e-18,4.731364206382686e-18
3953,7.435862337239449e-13,6.53719039752755e-18,4.771634566056243e-18
3954,7.466696283243043e-13,6.536235588726651e-18,4.741726931600992e-18
3955,7.312173970126184e-13,6.491180072337531e-18,4.694172424206855e-18
3956,7.410481277466839e-13,6.477188840848089e-18,4.706533698298319e-18
3957,7.302846687117169e-13,6.45647225457298e-18,4.662906911898605e-18
3958,7.269790537817821e-13,6.46169414187341e-18,4.675578622137194e-18
3959,7.260776062024224e-13,6.44092988541522e-18,4.630969136872597e-18
3960,7.232200475341174e-13,6.45311906058995e-18,4.645631556148216e-18
3961,7.376822106417976e-13,6.440665469329955e-18,4.619265620065103e-18
3962,7.262780434443992e-13,6.41496337666103e-18,4.602162917410094e-18
3963,7.24586933279071e-13,6.400667476951872e-18,4.601009415220798e-18
3964,7.43819687563624e-13,6.378760205244297e-18,4.562834046251272e-18
3965,7.317232445197603e-13,6.370356248412152e-18,4.577289421970667e-18
3966,7.271022071843682e-13,6.35895496942925e-18,4.546771451538777e-18
3967,7.340689315207514e-13,6.351745916319968e-18,4.523362342393365e-18
3968,7.383121731165749e-13,6.333752121828747e-18,4.531382661641399e-18
3969,7.273684813503529e-13,6.347025668237474e-18,4.524029002081851e-18
3970,7.28047873513162e-13,6.323087670388302e-18,4.500738905482952e-18
3971,7.301208299475196e-13,6.301013951139354e-18,4.49665065436983e-18
3972,7.473858752570429e-13,6.271725428770223e-18,4.45083184495944e-18
3973,7.307138472738648e-13,6.270435619999528e-18,4.434856173534539e-18
3974,7.21352325020238e-13,6.264776397159302e-18,4.422255891585016e-18
3975,7.226477129710086e-13,6.275102797052245e-18,4.44003921718151e-18
3976,7.42050896423207e-13,6.250904840418879e-18,4.430617010096775e-18
3977,7.39103323654319e-13,6.259244847797733e-18,4.426692158062727e-18
3978,7.296322325727886e-13,6.234133966609843e-18,4.391300382580548e-18
3979,7.243645073595051e-13,6.202141081167427e-18,4.358161968067753e-18
3980,7.224545501219957e-13,6.221366726251679e-18,4.364569114211956e-18
3981,7.177205913634493e-13,6.189439398297133e-18,4.335269456794295e-18
3982,7.411587528502188e-13,6.181991873784733e-18,4.340665866715336e-18
3983,7.247323417856634e-13,6.158981205102138e-18,4.307225824891769e-18
3984,7.290399511402887e-13,6.151771567959657e-18,4.297981292871797e-18
3985,7.207773188850942e-13,6.139297547539774e-18,4.284875348078846e-18
3986,7.206515647934344e-13,6.116651191207314e-18,4.259687133055078e-18
3987,7.165012137251647e-13,6.125612546719765e-18,4.257202231170735e-18
3988,7.264896912912341e-13,6.121749453700106e-18,4.257949563557056e-18
3989,7.188872938016597e-13,6.082550665165079e-18,4.183701136692073e-18
3990,7.262738232619977e-13,6.10209987776637e-18,4.24619472099284e-18
3991,7.383082727136887e-13,6.094882913346587e-18,4.223805066583734e-18
3992,7.373697612342921e-13,6.091158215824029e-18,4.242063541111089e-18
3993,7.257527967640583e-13,6.085767326413944e-18,4.205801013879626e-18
3994,7.192606641553328e-13,6.056369032664817e-18,4.168471212052447e-18
3995,7.258789027926805e-13,6.064846217843162e-18,4.207858776422714e-18
3996,7.324477043132041e-13,6.056496818403533e-18,4.146639287632058e-18
3997,7.215273457221696e-13,6.034462832577328e-18,4.142304408509095e-18
3998,7.421032614682371e-13,6.031666959151733e-18,4.170966869512127e-18
3999,7.262813762832828e-13,5.984744801492687e-18,4.105475144977526e-18
4000,7.330819607010876e-13,6.005741413711749e-18,4.147757493844347e-18
4001,7.182170170112783e-13,5.988877665557529e-18,4.080338999703413e-18
4002,7.304725425119257e-13,5.973709159013144e-18,4.090717729164465e-18
4003,7.23956690729575e-13,5.984597738249541e-18,4.113600544132195e-18
4004,7.187787967329535e-13,5.931205618955193e-18,4.041433745317442e-18
4005,7.236382309216425e-13,5.929677019020656e-18,4.027889147276506e-18
4006,7.247867113076095e-13,5.957301166844827e-18,4.086898792579245e-18
4007,7.184421082738855e-13,5.919933543488022e-18,4.009790576781569e-18
4008,7.1237494207834e-13,5.895673329839687e-18,3.970224021569146e-18
4009,7.229911464723852e-13,5.91049217917556e-18,4.000332366966443e-18
4010,7.216897566667887e-13,5.920545081389706e-18,4.017810867697928e-18
4011,7.235797070924014e-13,5.904765713138292e-18,4.007248905272945e-18
4012,7.134902568046735e-13,5.854846250282059e-18,3.918835294740801e-18
4013,7.246587732719304e-13,5.881953578451026e-18,3.948787930470677e-18
4014,7.204784890195231e-13,5.86612574566811e-18,3.95493979999892e-18
4015,7.135883840214425e-13,5.851797240154499e-18,3.925980639636083e-18
4016,7.146972692050687e-13,5.838620908612891e-18,3.908535684537315e-18
4017,7.256236355432205e-13,5.862127070028913e-18,3.941561393935231e-18
4018,7.496788263448324e-13,5.817264400108501e-18,3.908089755378611e-18
4019,7.406934825805481e-13,5.841814935307876e-18,3.922602545604902e-18
4020,7.584268077335295e-13,5.821080240157137e-18,3.928646154479889e-18
4021,7.303183906487105e-13,5.809974210236903e-18,3.907212438576755e-18
4022,7.27378915991413e-13,5.806228213741842e-18,3.900457089385554e-18
4023,7.24382132322268e-13,5.781570070128275e-18,3.844526417281469e-18
4024,7.154842277580488e-13,5.771831721385604e-18,3.835325339273346e-18
4025,7.124799697872091e-13,5.782340174852044e-18,3.846399566075149e-18
4026,7.295694921154899e-13,5.767148928684855e-18,3.838617379705993e-18
4027,7.288018313076778e-13,5.756757367245111e-18,3.812816420970111e-18
4028,7.160963870904909e-13,5.745710902206881e-18,3.777366739255909e-18
4029,7.263576848856111e-13,5.725097964694408e-18,3.773827866394282e-18
4030,7.250833407354877e-13,5.739304754936896e-18,3.806616441036764e-18
4031,7.184125013092887e-13,5.696063583741349e-18,3.743568637660357e-18
4032,7.309211668639521e-13,5.725765752535225e-18,3.780977042401884e-18
4033,7.237024001042964e-13,5.699321021517999e-18,3.759174441067189e-18
4034,7.129348668829705e-13,5.688222227612143e-18,3.733483424670189e-18
4035,7.249533040315912e-13,5.705507508225371e-18,3.746646383186393e-18
4036,7.117645653549241e-13,5.669976328054829e-18,3.726235808765447e-18
4037,7.116750391194713e-13,5.66810273098802e-18,3.71664999382701e-18
4038,7.195988393663778e-13,5.638920116497709e-18,3.664982520273261e-18
4039,7.130734884776038e-13,5.659880937484418e-18,3.672825690868039e-18
4040,7.140534305381642e-13,5.64163864158431e-18,3.685519066617212e-18
4041,7.224094018179484e-13,5.618535245696998e-18,3.641368462382757e-18
4042,7.078459611686382e-13,5.622672081804813e-18,3.631014803293571e-18
4043,7.345944665629571e-13,5.616638617399813e-18,3.658088596358045e-18
4044,7.181977865710163e-13,5.589342688436613e-18,3.626433558099125e-18
4045,7.123684409982359e-13,5.596365438028826e-18,3.64461544307118e-18
4046,7.249448970382607e-13,5.588004742259957e-18,3.62183579495065e-18
4047,7.136294358954345e-13,5.573212098087346e-18,3.609278322513664e-18
4048,7.217005952155326e-13,5.553395681521912e-18,3.588728458281084e-18
4049,7.281731233432349e-13,5.570390887994073e-18,3.600858037097683e-18
4050,7.108591141307225e-13,5.545848203625219e-18,3.563027287362132e-18
4051,7.113231240214787e-13,5.538816920823278e-18,3.551935264601411e-18
4052,7.05359988805696e-13,5.515784790056766e-18,3.510763920843436e-18
4053,7.254659194720602e-13,5.529848551794787e-18,3.564897280723003e-18
4054,7.128851312368186e-13,5.523115000330561e-18,3.519999953806206e-18
4055,7.124163891768888e-13,5.506721371837652e-18,3.517499270160798e-18
4056,7.071422464591933e-13,5.48580983599802e-18,3.494268581980417e-18
4057,7.048595771258784e-13,5.486436183609623e-18,3.510728631030797e-18
4058,7.064054406317507e-13,5.470916609576206e-18,3.476168758135434e-18
4059,7.159253657914257e-13,5.493117231163571e-18,3.513126737458095e-18
4060,7.1034399480311e-13,5.494987623815891e-18,3.50309213704961e-18
4061,7.113252798318813e-13,5.479044432594323e-18,3.463004850888173e-18
4062,7.308606303939482e-13,5.462561501452844e-18,3.487653241392863e-18
4063,7.281222640596385e-13,5.485427909729455e-18,3.492011136647704e-18
4064,7.125358226846239e-13,5.45162935767105e-18,3.446837983131701e-18
4065,7.089267816267717e-13,5.438014612719127e-18,3.444775039915649e-18
4066,7.047311265367239e-13,5.412117302435627e-18,3.392712829868126e-18
4067,7.259753125143928e-13,5.432490195567126e-18,3.44513536721132e-18
4068,7.068713170415564e-13,5.417688332075008e-18,3.385163066568244e-18
4069,7.040777994216857e-13,5.418546936658852e-18,3.408390339779671e-18
4070,7.054414758240187e-13,5.423211810892168e-18,3.39629470816442e-18
4071,6.996701355493515e-13,5.401616840020198e-18,3.376404832114278e-18
4072,7.0325003318929e-13,5.40954685764765e-18,3.39313899286075e-18
4073,7.032159304964569e-13,5.418960715682473e-18,3.401562479880597e-18
4074,7.003098077924181e-13,5.387085572369738e-18,3.354520878137327e-18
4075,6.995459169034698e-13,5.371639336413118e-18,3.323291235748591e-18
4076,7.147686302293281e-13,5.361728990946463e-18,3.334883006220867e-18
4077,7.217691051722e-13,5.386714139111349e-18,3.376718447220147e-18
4078,7.046778788738646e-13,5.343304711413192e-18,3.323580996909445e-18
4079,7.010767274874981e-13,5.343166503123882e-18,3.305556931605019e-18
4080,7.29896052055227e-13,5.346115261592532e-18,3.303736556972549e-18
4081,7.114499065325766e-13,5.364087662598442e-18,3.340006423306061e-18
4082,7.13308745391648e-13,5.36155659255023e-18,3.323703980113226e-18
4083,7.149974638794528e-13,5.322738324229685e-18,3.29256859273947e-18
4084,7.055216843526335e-13,5.297439233558464e-18,3.260912907719483e-18
4085,7.011369503145061e-13,5.296593599400281e-18,3.265021717757857e-18
4086,7.015596498007606e-13,5.315272061947948e-18,3.260483409055877e-18
4087,7.116301566348283e-13,5.318927605834231e-18,3.285209661732185e-18
4088,7.030820673076992e-13,5.278609700448903e-18,3.216414935221492e-18
4089,7.037728583133292e-13,5.29371376851244e-18,3.25380899364762e-18
4090,7.117773902697906e-13,5.278400056927245e-18,3.240911730563956e-18
4091,7.097611793900982e-13,5.277067024744516e-18,3.260741299234963e-18
4092,7.033376570184375e-13,5.256915445949316e-18,3.206615383086293e-18
4093,7.124586696517313e-13,5.267758699179556e-18,3.255676306848932e-18
4094,6.991269531845004e-13,5.227890721898307e-18,3.170674009443802e-18
4095,6.960123231798922e-13,5.234056097056164e-18,3.181987055424927e-18
4096,6.918099411275044e-13,5.201293666201222e-18,3.136864392345296e-18
4097,6.954024847771672e-13,5.223828334170638e-18,3.194411095953037e-18
4098,7.233880651469441e-13,5.243189774747583e-18,3.202024747404899e-18
4099,7.050990418710379e-13,5.232561635708055e-18,3.186082958252021e-18
4100,7.103745157012272e-13,5.20976722633405e-18,3.177232643390999e-18
4101,7.020130380004368e-13,5.20775593832486e-18,3.1487327681381e-18
4102,6.952456788125016e-13,5.189723240356953e-18,3.107439651346938e-18
4103,6.987803696665115e-13,5.189583578187042e-18,3.127774865799097e-18
4104,6.953430820836169e-13,5.171373026899089e-18,3.095656091729427e-18
4105,6.900708423460434e-13,5.158719353630051e-18,3.071129262969505e-18
4106,7.11788590100173e-13,5.160825470733744e-18,3.105116918109788e-18
4107,7.010553421568372e-13,5.180141284945701e-18,3.101405509673504e-18
4108,6.917727110980458e-13,5.164559809749648e-18,3.08472405526051e-18
4109,7.010566880059874e-13,5.164042572692048e-18,3.094503343120916e-18
4110,6.969387391603038e-13,5.138988858973721e-18,3.049612064679817e-18
4111,7.114292719106651e-13,5.17549481919706e-18,3.121867093507282e-18
4112,7.000974825502171e-13,5.17253236373611e-18,3.070743760182179e-18
4113,6.963095060634698e-13,5.139078444659757e-18,3.049055272492744e-18
4114,7.042120282905531e-13,5.149323301466637e-18,3.089045580939467e-18
4115,6.975350721537119e-13,5.131047569115705e-18,3.055070079760475e-18
4116,7.064012725054319e-13,5.082595431663075e-18,2.982512520568671e-18
4117,7.021190510426968e-13,5.115229588985171e-18,3.069548087211723e-18
4118,7.040146795932954e-13,5.1212017669906e-18,3.048389093416195e-18
4119,7.09627971666001e-13,5.122416583292538e-18,3.059948526152777e-18
4120,6.967420520239165e-13,5.121744295919938e-18,3.031871392247235e-18
4121,7.196177909696579e-13,5.079900277387472e-18,2.989835561216627e-18
4122,7.008478395002508e-13,5.087894709713291e-18,3.02038614490623e-18
4123,7.037685244061469e-13,5.085146308678397e-18,2.992780073953617e-18
4124,6.942162116443561e-13,5.086664403529258e-18,2.980556934716022e-18
4125,7.077657027606504e-13,5.095190891012454e-18,3.015912437990706e-18
4126,7.06274571450224e-13,5.052239997808968e-18,2.955742341779865e-18
4127,7.017068522599293e-13,5.066614727002755e-18,2.976227423473242e-18
4128,6.93898479331679e-13,5.078008677534405e-18,2.955433236604457e-18
4129,7.176314763222041e-13,5.083393673508754e-18,2.990282970846084e-18
4130,7.01164723967917e-13,5.057355113000727e-18,2.968708192735238e-18
4131,6.906718314210037e-13,5.034739525031884e-18,2.93145940600657e-18
4132,6.900478778694309e-13,5.035872220019829e-18,2.938476277137002e-18
4133,6.917741261300477e-13,5.041250418561627e-18,2.93835450468271e-18
4134,6.914744459439919e-13,5.032407558350084e-18,2.925277758896557e-18
4135,6.864077366929178e-13,5.022404495490621e-18,2.892717579796641e-18
4136,6.850971644257617e-13,5.02398995300161e-18,2.893791353653171e-18
4137,6.891017683905297e-13,5.024404180552695e-18,2.909784879131164e-18
4138,6.907310192581352e-13,5.009522839257216e-18,2.894325779353402e-18
4139,6.879222557409131e-13,5.010524837640906e-18,2.90007829174952e-18
4140,6.876594208212441e-13,4.97770497688021e-18,2.862886418716216e-18
4141,6.865525359721463e-13,4.980829304402337e-18,2.859796019795678e-18
4142,7.158701974075495e-13,4.993119900879073e-18,2.899856591269131e-18
4143,6.994810870491246e-13,4.971325843464631e-18,2.87646052605111e-18
4144,6.917324888349717e-13,4.960549983273571e-18,2.870139134374788e-18
4145,6.902553026576673e-13,4.987603644070435e-18,2.868919506309083e-18
4146,6.871765150609338e-13,4.943614584106742e-18,2.807873685984616e-18
4147,6.922451112608291e-13,4.984480961003818e-18,2.8914789462197e-18
4148,6.883195947907469e-13,4.96413353619489e-18,2.830031894408183e-18
4149,6.893848479691209e-13,4.948518259884038e-18,2.821809344314303e-18
4150,6.899806502579506e-13,4.928863288800737e-18,2.806461606134375e-18
4151,7.025614247310758e-13,4.952441749579603e-18,2.84635347068552e-18
4152,6.944538014054841e-13,4.940833312093192e-18,2.799751923710875e-18
4153,6.878684982727337e-13,4.946165076569687e-18,2.81614498150533e-18
4154,7.106879481515992e-13,4.925371944588525e-18,2.798480682104645e-18
4155,6.944433857359425e-13,4.922795894080356e-18,2.780295745850811e-18
4156,7.082440500001044e-13,4.920305755456809e-18,2.822426091786968e-18
4157,7.088915777559647e-13,4.918706533158032e-18,2.798874947473252e-18
4158,6.915847767269784e-13,4.917728715975921e-18,2.782764339475943e-18
4159,6.853531760055953e-13,4.891948867754338e-18,2.731852218233173e-18
4160,6.847709678163311e-13,4.915422221486403e-18,2.780080566560947e-18
4161,6.932379350038007e-13,4.884745895923923e-18,2.737305339942919e-18
4162,6.900407481992058e-13,4.900405571464853e-18,2.786841344798186e-18
4163,6.850618224761598e-13,4.890220361630848e-18,2.741552935943843e-18
4164,7.011258935162372e-13,4.902612548620637e-18,2.745557313989186e-18
4165,6.889428531870895e-13,4.894548229993177e-18,2.753222509228135e-18
4166,6.857199178539167e-13,4.875828780193758e-18,2.718511341628322e-18
4167,6.926838730030325e-13,4.868680157356251e-18,2.724766333229403e-18
4168,6.866593251560402e-13,4.880012176181634e-18,2.71978875330686e-18
4169,6.971541910941792e-13,4.85745698886244e-18,2.686417674581986e-18
4170,6.88627890576218e-13,4.879184825270704e-18,2.726652236175324e-18
4171,6.844002514170974e-13,4.849412801463516e-18,2.700701355368697e-18
4172,6.996121726188289e-13,4.864431038231264e-18,2.739469791257084e-18
4173,7.151970084665503e-13,4.838166272566327e-18,2.689819188301079e-18
4174,6.940251535170897e-13,4.840279332269664e-18,2.67662346448677e-18
4175,6.895450304846989e-13,4.846518707219818e-18,2.734590274270641e-18
4176,6.949650204582519e-13,4.846015836506642e-18,2.690343247942843e-18
4177,6.923010655198829e-13,4.852564226130142e-18,2.723488574064847e-18
4178,7.0305209355804e-13,4.826446575638733e-18,2.692186842943865e-18
4179,6.953316121871122e-13,4.833884919622281e-18,2.697615089245617e-18
4180,6.909847558823515e-13,4.841401599372923e-18,2.686034935756011e-18
4181,6.83507280063714e-13,4.822725389302784e-18,2.673601740018686e-18
4182,6.824180877028015e-13,4.825084570540279e-18,2.668466435952579e-18
4183,6.784460843447051e-13,4.798469474384444e-18,2.612420564338635e-18
4184,6.944292764201075e-13,4.79707679467095e-18,2.608095209738228e-18
4185,6.881509043683455e-13,4.800026553759442e-18,2.626074042157941e-18
4186,6.840742468679128e-13,4.793960529811214e-18,2.637743653027021e-18
4187,6.891665087223551e-13,4.770351205212679e-18,2.61715135192684e-18
4188,7.194894317098346e-13,4.823137503918909e-18,2.647245271116122e-18
4189,7.188796225195965e-13,4.824733832124239e-18,2.65236921955902e-18
4190,6.979123284628943e-13,4.803119457809852e-18,2.625103759548445e-18
4191,6.955901953620897e-13,4.810504433253887e-18,2.651146896128929e-18
4192,6.887474243785775e-13,4.777980526154719e-18,2.583582393589563e-18
4193,7.105016474959779e-13,4.781102620974092e-18,2.597584298847504e-18
4194,7.07621284232519e-13,4.766611362314088e-18,2.617760339664706e-18
4195,7.039771355959942e-13,4.750203339868289e-18,2.588807433794242e-18
4196,7.180545258271659e-13,4.768528142064838e-18,2.595051844128761e-18
4197,6.955277641018931e-13,4.771459588358037e-18,2.619997431171276e-18
4198,6.847636303011582e-13,4.756717636498018e-18,2.583815933548742e-18
4199,6.955340658233719e-13,4.746164479155355e-18,2.563303783257084e-18
4200,6.848337223439948e-13,4.771489006027834e-18,2.614427811398015e-18
4201,6.968111727397063e-13,4.758726716977482e-18,2.564351697404746e-18
4202,6.871567785001086e-13,4.765429973197963e-18,2.561275147289477e-18
4203,6.752698821167081e-13,4.709794624392888e-18,2.484888829721944e-18
4204,7.222360220681927e-13,4.758017677986964e-18,2.596747069527922e-18
4205,6.911694049464765e-13,4.71794183513189e-18,2.534100362359842e-18
4206,6.803718218143648e-13,4.71505021581647e-18,2.516900151546046e-18
4207,6.941660403171984e-13,4.718364227475847e-18,2.524560873775104e-18
4208,7.114573584008833e-13,4.725340023699269e-18,2.540619677358342e-18
4209,6.966854388146214e-13,4.754544180274328e-18,2.570955797948354e-18
4210,6.853811506181534e-13,4.719985101191239e-18,2.521970742285563e-18
4211,7.000230756309954e-13,4.720589553754734e-18,2.515523797880282e-18
4212,6.895217823529413e-13,4.719526575673691e-18,2.509587713221427e-18
4213,6.994521291020494e-13,4.706567853439179e-18,2.554495659626225e-18
4214,6.906585312175519e-13,4.709961201528072e-18,2.537509538088295e-18
4215,6.986135657021046e-13,4.711868398685555e-18,2.486787627093595e-18
4216,6.978313124627277e-13,4.691652632099713e-18,2.473935791715433e-18
4217,6.903361090748381e-13,4.70226674515903e-18,2.488469158997778e-18
4218,6.932948731356211e-13,4.708488860373436e-18,2.534863718960093e-18
4219,6.84576897566298e-13,4.698647075632579e-18,2.474491537133591e-18
4220,6.781069471394338e-13,4.688668842477531e-18,2.46891965886004e-18
4221,6.929077634617036e-13,4.695027258775238e-18,2.507913957636501e-18
4222,7.205733983314724e-13,4.694123736346579e-18,2.488346583093808e-18
4223,7.051591892530045e-13,4.672352845860886e-18,2.495108963164751e-18
4224,6.857384847605171e-13,4.671668724987298e-18,2.456550901607256e-18
4225,6.985405465965292e-13,4.677447697172149e-18,2.442100410795895e-18
4226,6.803066586009659e-13,4.663140371930053e-18,2.443741546639759e-18
4227,6.889842408908667e-13,4.662144815530804e-18,2.438189629102353e-18
4228,6.75229928940474e-13,4.63258333326445e-18,2.38393811197831e-18
4229,6.920864296695523e-13,4.672659935639551e-18,2.482656487584776e-18
4230,6.809149447583616e-13,4.674055465823271e-18,2.453679129253331e-18
4231,6.721378198308226e-13,4.631990847587692e-18,2.418527259330962e-18
4232,6.866368253690021e-13,4.628215995016999e-18,2.438696322954602e-18
4233,6.969256247501658e-13,4.624945183973491e-18,2.446091200404357e-18
4234,6.816667484117598e-13,4.625013834313403e-18,2.426054992650727e-18
4235,6.866209262904012e-13,4.635497017753392e-18,2.427188914450333e-18
4236,6.769311119933663e-13,4.60895638268375e-18,2.372518234067338e-18
4237,6.741307228117164e-13,4.62336054188895e-18,2.389248916153395e-18
4238,6.716482782715235e-13,4.613809679250172e-18,2.399126690719966e-18
4239,6.858075001809411e-13,4.619899571440604e-18,2.41162990238819e-18
4240,7.207955969224051e-13,4.612642856136338e-18,2.442065787433283e-18
4241,6.876535093425496e-13,4.597963226742732e-18,2.370127699154229e-18
4242,6.79610782661671e-13,4.612121780379183e-18,2.369410505758033e-18
4243,6.750130650049181e-13,4.613201522565856e-18,2.359878319005599e-18
4244,6.713244122423637e-13,4.612049385078941e-18,2.362828871738342e-18
4245,6.739704172432794e-13,4.620806834226993e-18,2.387141061405722e-18
4246,6.85860548504144e-13,4.625804629664573e-18,2.396058783063515e-18
4247,6.764763252861868e-13,4.613913770957834e-18,2.355646970355316e-18
4248,6.9984124328845e-13,4.613054998126042e-18,2.361941625753929e-18
4249,6.763989251777784e-13,4.595409983793804e-18,2.34958771455036e-18
4250,6.869614668592775e-13,4.606460708023635e-18,2.342724685782853e-18
4251,6.750209352282854e-13,4.590960772280788e-18,2.333093880190725e-18
4252,6.717748768885934e-13,4.600246931804959e-18,2.352624155163069e-18
4253,6.85867912471793e-13,4.607504931997339e-18,2.358994446805969e-18
4254,6.762277574653493e-13,4.58026288858281e-18,2.343654290453993e-18
4255,6.734490455519096e-13,4.604111941844995e-18,2.347495049536386e-18
4256,6.672409435731746e-13,4.566037251331168e-18,2.312770768985596e-18
4257,7.061541703262815e-13,4.604395765045487e-18,2.383248163783745e-18
4258,7.019113050617437e-13,4.597738112196107e-18,2.371765131386838e-18
4259,6.793999589318148e-13,4.589688748718123e-18,2.340976951341475e-18
4260,6.714331692642654e-13,4.574341888430468e-18,2.311521693655535e-18
4261,6.646258824705067e-13,4.554381329250352e-18,2.278685215970126e-18
4262,6.652781034210562e-13,4.541173674108951e-18,2.272551922429559e-18
4263,6.694780574012403e-13,4.569854705427792e-18,2.312327212253774e-18
4264,6.939479152653024e-13,4.587138543749212e-18,2.32933943564102e-18
4265,6.783128116180822e-13,4.529003607302181e-18,2.284863559575184e-18
4266,6.707464410729904e-13,4.535340211449542e-18,2.267810227112731e-18
4267,6.884744160514614e-13,4.55855995216814e-18,2.32824995721191e-18
4268,6.830491532169004e-13,4.557344947605145e-18,2.315188225014234e-18
4269,6.858090572515472e-13,4.527264208226468e-18,2.287048674411945e-18
4270,6.758496370356275e-13,4.574340892704561e-18,2.326136881927663e-18
4271,6.790618342213824e-13,4.548311483087427e-18,2.318135675450332e-18
4272,6.716255557060764e-13,4.538975503851506e-18,2.276578867423139e-18
4273,6.910391474440758e-13,4.529602862755356e-18,2.257053818223668e-18
4274,6.904391987723123e-13,4.560418348986071e-18,2.33333180935669e-18
4275,6.703048624764234e-13,4.533251012746163e-18,2.266423174961599e-18
4276,6.651992381475607e-13,4.517210252560284e-18,2.224493109370148e-18
4277,6.659769789184288e-13,4.516796552522377e-18,2.234543038992959e-18
4278,6.788414377184191e-13,4.54757770703202e-18,2.294940540656552e-18
4279,6.928898629625907e-13,4.510444377507332e-18,2.251579244655901e-18
4280,6.779170525915228e-13,4.524602553569554e-18,2.285886841069635e-18
4281,6.783506536301732e-13,4.535953345252089e-18,2.273564472748855e-18
4282,6.724974929615317e-13,4.509565795734644e-18,2.237316645055242e-18
4283,6.659821598430929e-13,4.506425846969163e-18,2.231344483613515e-18
4284,6.622926870537822e-13,4.496710667368919e-18,2.241623865693546e-18
4285,6.922112617871443e-13,4.509623535437927e-18,2.257172282001026e-18
4286,6.746700963543535e-13,4.518022564021125e-18,2.253112774184393e-18
4287,7.16070880105551e-13,4.512432102678376e-18,2.280132347602577e-18
4288,6.879532971121247e-13,4.533678849349679e-18,2.257139296158762e-18
4289,6.745242827379076e-13,4.513100781292021e-18,2.222323581120552e-18
4290,6.820794062218112e-13,4.521689005930944e-18,2.271195454141335e-18
4291,6.924005175395331e-13,4.508064974079388e-18,2.256273952281912e-18
4292,6.796260662459759e-13,4.496882481339791e-18,2.232412315580408e-18
4293,6.81038217761422e-13,4.503774004088614e-18,2.229152382067539e-18
4294,6.733008085462684e-13,4.488456484050662e-18,2.221356983163205e-18
4295,6.813341392702048e-13,4.49833713256581e-18,2.227465574728996e-18
4296,6.693025062531851e-13,4.496237818872553e-18,2.195593248369297e-18
4297,6.648844457326217e-13,4.492839845844545e-18,2.191862490302794e-18
4298,6.627150373701989e-13,4.472571054506393e-18,2.163462393424683e-18
4299,6.800235130547936e-13,4.514916991026067e-18,2.256163263294532e-18
4300,7.008873299336194e-13,4.489890124459802e-18,2.228732820356271e-18
4301,6.881514791880471e-13,4.486885006659523e-18,2.202991580049091e-18
4302,6.774685449258353e-13,4.478506044985608e-18,2.162899011253219e-18
4303,6.764031353990065e-13,4.499776719958543e-18,2.212117136620333e-18
4304,6.884834184531319e-13,4.485011437469624e-18,2.22039699814648e-18
4305,6.732484866157391e-13,4.468386141693619e-18,2.201435879505637e-18
4306,6.76350035750033e-13,4.467856157483832e-18,2.175180050129221e-18
4307,6.715114005556597e-13,4.483997829638811e-18,2.201945317232535e-18
4308,6.651104952549042e-13,4.480418526618732e-18,2.169811144630911e-18
4309,6.721765757029284e-13,4.47955854412214e-18,2.15232676188265e-18
4310,6.677839779502224e-13,4.482438924276642e-18,2.201486087863129e-18
4311,6.745464122519314e-13,4.468382196536975e-18,2.153603394960632e-18
4312,6.67667773588898e-13,4.46793279215348e-18,2.168295149762257e-18
4313,6.681091647608043e-13,4.464181619765102e-18,2.191933449597181e-18
4314,6.946915765188934e-13,4.467027751287371e-18,2.183791859806415e-18
4315,6.739105407715621e-13,4.457093077284309e-18,2.177187741601946e-18
4316,6.817579858136875e-13,4.46728117453159e-18,2.185883201815356e-18
4317,6.676983672384375e-13,4.449904592964776e-18,2.172293157340847e-18
4318,6.753071187260896e-13,4.460802561608518e-18,2.140225322333298e-18
4319,6.693019614403035e-13,4.459982739479951e-18,2.137423741399151e-18
4320,6.899435191336265e-13,4.462299303229186e-18,2.151070503532691e-18
4321,6.706413284558466e-13,4.466250156767318e-18,2.16504839717118e-18
4322,6.722894268572475e-13,4.464037043717928e-18,2.165960555369954e-18
4323,6.666143688411067e-13,4.444534703252721e-18,2.133631009908523e-18
4324,6.786724895669546e-13,4.441460447994761e-18,2.180681082095095e-18
4325,6.660112541214304e-13,4.4261238906279e-18,2.11096005764611e-18
4326,6.99464902304649e-13,4.415768486785723e-18,2.122769258877801e-18
4327,6.717738632698325e-13,4.417159957868157e-18,2.099329741477815e-18
4328,6.764182317720537e-13,4.42460433454327e-18,2.112853148933555e-18
4329,6.740686537057392e-13,4.430649979645011e-18,2.115694713697766e-18
4330,6.64646985774998e-13,4.437574240661055e-18,2.146613798480599e-18
4331,6.742852940448416e-13,4.431938474475827e-18,2.121550975574878e-18
4332,6.635805476437819e-13,4.411039248572076e-18,2.068305500296897e-18
4333,6.570326886571121e-13,4.437863821467891e-18,2.097580402973794e-18
4334,6.573465327118995e-13,4.432027323132309e-18,2.0959687769529e-18
4335,6.58028973382671e-13,4.438895051375302e-18,2.117613329097045e-18
4336,6.57650396993925e-13,4.444081534657719e-18,2.092709680776664e-18
4337,6.592480571461823e-13,4.438963179812532e-18,2.082178663787029e-18
4338,6.766832758552235e-13,4.463709142098966e-18,2.134816214558436e-18
4339,6.790787019737204e-13,4.441245946676438e-18,2.146247046048795e-18
4340,6.644580317956614e-13,4.403096193618479e-18,2.072865425147265e-18
4341,6.713176560770214e-13,4.421531201002532e-18,2.109896318959614e-18
4342,6.619160871838002e-13,4.419155123089904e-18,2.097678450285007e-18
4343,6.552473856729845e-13,4.393053391775661e-18,2.057773361866278e-18
4344,6.569180006562324e-13,4.415318375252498e-18,2.077757758559714e-18
4345,6.580165006466235e-13,4.406664087184694e-18,2.070080083163889e-18
4346,6.559418378189027e-13,4.405630144150058e-18,2.054440085118581e-18
4347,6.532370085577609e-13,4.396527423410906e-18,2.032325752291308e-18
4348,6.693661953836263e-13,4.389592581229213e-18,2.023570101563145e-18
4349,6.995608546233107e-13,4.413872505229094e-18,2.125084650909982e-18
4350,6.746038356287684e-13,4.408652691570377e-18,2.126504133050976e-18
4351,6.618379095395259e-13,4.396385138629863e-18,2.071452325583854e-18
4352,6.84626737236883e-13,4.388475067522837e-18,2.055311013636613e-18
4353,6.797740728594667e-13,4.390121911134179e-18,2.095316660940644e-18
4354,6.565174152241464e-13,4.357922662888086e-18,2.009804356079825e-18
4355,6.584274533223888e-13,4.40988913168793e-18,2.087485707879164e-18
4356,6.710451998753932e-13,4.405381085095479e-18,2.04423199218435e-18
4357,6.71590807834603e-13,4.412963518431035e-18,2.080362511991686e-18
4358,6.61894471399339e-13,4.387975775299009e-18,2.039047445299424e-18
4359,6.615076197556199e-13,4.389505841357473e-18,2.033879261462542e-18
4360,6.545345144517737e-13,4.355451950406719e-18,1.998980803260416e-18
4361,6.646814815512451e-13,4.399824207906919e-18,2.042671728709477e-18
4362,6.651948969989065e-13,4.3968037916527e-18,2.086020476889606e-18
4363,6.556350603998637e-13,4.378846728523193e-18,1.99547517417047e-18
4364,6.841195972882254e-13,4.401392601648347e-18,2.025930561117208e-18
4365,6.84017849665041e-13,4.393486176517596e-18,2.06639645386374e-18
4366,6.621551837330671e-13,4.348937961069998e-18,1.976206070546838e-18
4367,6.668314532953721e-13,4.399946091670884e-18,2.046567894680089e-18
4368,6.575750506442777e-13,4.374680628869618e-18,1.988593082501151e-18
4369,6.579573664044467e-13,4.388642183829398e-18,2.026143093588392e-18
4370,6.717818760581981e-13,4.39202389391478e-18,2.044676044878644e-18
4371,6.615210850902419e-13,4.371571214875673e-18,2.037694607085858e-18
4372,7.026443005589252e-13,4.408956205150573e-18,2.05728410594738e-18
4373,6.723985807611351e-13,4.376861631328552e-18,2.031836570164981e-18
4374,6.801364045232931e-13,4.4051740134035e-18,2.083257711427875e-18
4375,6.703866212704627e-13,4.381706360503016e-18,2.045637109167669e-18
4376,6.676260177295375e-13,4.362974513110981e-18,2.007680087111719e-18
4377,6.561462430650647e-13,4.369779860415169e-18,2.00813013290348e-18
4378,6.515722970458562e-13,4.366770028755167e-18,2.011979745868314e-18
4379,6.460726351642695e-13,4.341686598053599e-18,1.955500919131784e-18
4380,6.677291042401949e-13,4.359646846370867e-18,2.008617020537014e-18
4381,6.570863670855967e-13,4.358754816456278e-18,1.996735396536825e-18
4382,6.507796997857785e-13,4.361979071479592e-18,1.968909733535372e-18
4383,6.520751918178895e-13,4.369766169219359e-18,2.018646644389756e-18
4384,6.821230970835854e-13,4.352913888339894e-18,1.97808619866063e-18
4385,6.604268320240078e-13,4.366787646778442e-18,1.969071385081929e-18
4386,6.526095111023441e-13,4.386251787716452e-18,2.02258542874076e-18
4387,6.521381682158143e-13,4.356111193990006e-18,1.96236506465399e-18
4388,6.680491208081138e-13,4.361476449985022e-18,2.022439235181586e-18
4389,6.800040048919873e-13,4.379592031507572e-18,2.046799231073519e-18
4390,6.653698861385479e-13,4.358522238319725e-18,2.023517007604374e-18
4391,6.605969464958695e-13,4.361181956292983e-18,1.985754582737587e-18
4392,6.83019899381951e-13,4.367759759973607e-18,1.985476367116538e-18
4393,6.657878175897135e-13,4.369020588914336e-18,1.974373543889288e-18
4394,6.720680215821405e-13,4.381794792127771e-18,2.019435147313808e-18
4395,6.574735659761565e-13,4.349013032713578e-18,1.989105619908513e-18
4396,6.749307640513066e-13,4.36703000338453e-18,2.015132132789027e-18
4397,6.572502431929318e-13,4.317966903751329e-18,1.925207109199991e-18
4398,6.55938038291571e-13,4.358364575131416e-18,1.977039918861872e-18
4399,6.513884033331796e-13,4.351887220304317e-18,1.970295246264394e-18
4400,6.777614419084003e-13,4.356054088247063e-18,1.990116348031098e-18
4401,6.748218521297186e-13,4.36000461936005e-18,2.007717815282142e-18
4402,6.603364712575145e-13,4.345892371386515e-18,1.972685021274829e-18
4403,6.636727486286019e-13,4.353509510022793e-18,1.980087383022687e-18
4404,6.566406883007123e-13,4.356835374647154e-18,1.986947711222325e-18
4405,6.680703303611706e-13,4.33426926870791e-18,1.970988028350962e-18
4406,6.574102417575743e-13,4.320483562781996e-18,1.937493398147972e-18
4407,6.561779875324658e-13,4.338364042052925e-18,1.976077984023977e-18
4408,6.612106978045201e-13,4.32364079698313e-18,1.950561755643884e-18
4409,6.519890148225193e-13,4.323856210735793e-18,1.951748131545915e-18
4410,6.511030724463845e-13,4.332112238501751e-18,1.953836898643732e-18
4411,6.638772628288041e-13,4.356302234567844e-18,1.980158174460143e-18
4412,6.572333769391564e-13,4.33555726311813e-18,1.959989834402752e-18
4413,6.91959425945e-13,4.325772802566867e-18,1.975494994220678e-18
4414,6.68419672005043e-13,4.342380013127151e-18,1.971355779113615e-18
4415,6.919313831549551e-13,4.342725133052711e-18,1.983314916468341e-18
4416,6.663645123109334e-13,4.342288367262132e-18,1.992991071519461e-18
4417,6.803751726407423e-13,4.348321498727547e-18,1.981871669055496e-18
4418,6.693653409492079e-13,4.336955195238213e-18,1.987861613146831e-18
4419,6.587030624618781e-13,4.316444445526988e-18,1.94228539888745e-18
4420,6.590352803766242e-13,4.336305191617957e-18,1.980961259167663e-18
4421,6.816798619208632e-13,4.340337185411376e-18,1.960083886252208e-18
4422,6.613843177724447e-13,4.310753893970286e-18,1.929430540337339e-18
4423,6.674544416990977e-13,4.310041447284566e-18,1.889645146516404e-18
4424,6.582245625516126e-13,4.343709737977874e-18,1.966181649971491e-18
4425,6.506227611651231e-13,4.325201703456587e-18,1.909403534405046e-18
4426,6.781656789274376e-13,4.31816025860699e-18,1.963956452283608e-18
4427,6.751649840026829e-13,4.313982842417445e-18,1.919385068251804e-18
4428,6.573046065854722e-13,4.294178071496333e-18,1.893162950733369e-18
4429,6.559154706708618e-13,4.319851393127721e-18,1.98880636270511e-18
4430,6.887815238585111e-13,4.337447520330534e-18,1.981952293278509e-18
4431,6.637073226786645e-13,4.305629207064545e-18,1.932386297286046e-18
4432,6.52815532832853e-13,4.280387011029984e-18,1.879170170591347e-18
4433,6.875604219294729e-13,4.33777569150881e-18,1.953814161080614e-18
4434,6.699504062738202e-13,4.327305592128674e-18,1.961010243580294e-18
4435,6.645072134478643e-13,4.327162560357588e-18,1.947825686453171e-18
4436,6.549090804924552e-13,4.350990762373994e-18,1.965898827524161e-18
4437,6.532922815683407e-13,4.314760713777289e-18,1.91903565781054e-18
4438,6.678992410861659e-13,4.323404714742723e-18,1.946778611243617e-18
4439,6.695472769557725e-13,4.299634673637715e-18,1.88468403636186e-18
4440,6.578736273001851e-13,4.316985118417455e-18,1.937193847316692e-18
4441,6.498894148217054e-13,4.293977446249956e-18,1.86546349689643e-18
4442,6.664689571737802e-13,4.32435661313851e-18,1.905847143729264e-18
4443,6.54313804284474e-13,4.320553973111312e-18,1.920195454626231e-18
4444,6.588182361274667e-13,4.306228529290628e-18,1.903746769522791e-18
4445,6.845794352778024e-13,4.306272866854472e-18,1.927410501035544e-18
4446,6.808990246714302e-13,4.331598520396685e-18,1.954575507092896e-18
4447,6.780832746133133e-13,4.313279368448889e-18,1.91556359866817e-18
4448,6.602706825886463e-13,4.299027943998703e-18,1.904189469235585e-18
4449,6.555539983022979e-13,4.305968132139317e-18,1.911680433798611e-18
4450,6.792456108635949e-13,4.289219497180197e-18,1.860036376294011e-18
4451,6.634385564788823e-13,4.311412531278328e-18,1.931881018821642e-18
4452,6.560117874034426e-13,4.323611920198832e-18,1.892870026351549e-18
4453,6.512284909596004e-13,4.324594445110181e-18,1.919092412273312e-18
4454,6.629471789147784e-13,4.310682179056924e-18,1.87232927516869e-18
4455,6.512912049976191e-13,4.306719382353171e-18,1.882037221385096e-18
4456,6.57989807596775e-13,4.325794072257396e-18,1.930651065991905e-18
4457,7.065173105191897e-13,4.313487542673694e-18,1.920053216175573e-18
4458,6.656633358844384e-13,4.289349576475515e-18,1.897894649274878e-18
4459,6.565360707119228e-13,4.300614823673204e-18,1.915650934799042e-18
4460,6.648407216629838e-13,4.294936525504716e-18,1.907056162744123e-18
4461,6.853086778263935e-13,4.317041284197581e-18,1.910020019065106e-18
4462,6.582410873346528e-13,4.300185842439061e-18,1.869740088107226e-18
4463,6.54080911782175e-13,4.291399349127433e-18,1.878191893783187e-18
4464,6.830616585087471e-13,4.311723555468329e-18,1.927347098779058e-18
4465,6.620922600243202e-13,4.301295916086776e-18,1.894930899513702e-18
4466,6.556336079275073e-13,4.306481453412332e-18,1.904467832934032e-18
4467,6.709790041570761e-13,4.307047739758989e-18,1.925681508649582e-18
4468,6.526323752226823e-13,4.285901865263321e-18,1.869164205135605e-18
4469,6.502286827504846e-13,4.299745205022939e-18,1.886242451956032e-18
4470,6.444823851244834e-13,4.302459963099471e-18,1.85911346285726e-18
4471,6.480475433243361e-13,4.29290898163713e-18,1.862996450603646e-18
4472,6.436445829089997e-13,4.268973935642401e-18,1.84055048416821e-18
4473,6.416739749242291e-13,4.280636872240097e-18,1.851186142648792e-18
4474,6.417781795973609e-13,4.285327901912425e-18,1.856089533424105e-18
4475,6.564613457962856e-13,4.279194168532315e-18,1.87752392174079e-18
4476,6.684577795330319e-13,4.288227493790757e-18,1.894525507221754e-18
4477,7.004247067468146e-13,4.278784667839483e-18,1.847115420690108e-18
4478,6.660140517885014e-13,4.283544910222178e-18,1.887809117037165e-18
4479,6.650255096168346e-13,4.291050950632757e-18,1.91204170122069e-18
4480,6.674073511962163e-13,4.2918823153087e-18,1.877960117136309e-18
4481,6.545002058891554e-13,4.278051559586904e-18,1.878851189013807e-18
4482,6.816414960852522e-13,4.293840786976511e-18,1.895059207985292e-18
4483,6.604368467569083e-13,4.271899214625346e-18,1.846628901548174e-18
4484,6.563849724712264e-13,4.282677970712662e-18,1.873825900173402e-18
4485,6.500773375978815e-13,4.286848446621256e-18,1.873999419506795e-18
4486,6.671452251014194e-13,4.275910737805278e-18,1.843875126871398e-18
4487,6.455956587065388e-13,4.299194309575465e-18,1.853072036579194e-18
4488,6.411952737916194e-13,4.267062167999655e-18,1.814361108370751e-18
4489,6.621472262871889e-13,4.288446945121273e-18,1.86807532638025e-18
4490,6.52429398777752e-13,4.262017667612385e-18,1.842690157622608e-18
4491,6.617866940129707e-13,4.280877654108509e-18,1.873399469932612e-18
4492,6.510200199470099e-13,4.270228729582141e-18,1.872090505330561e-18
4493,6.608333074427443e-13,4.269546145066365e-18,1.840121543322094e-18
4494,6.478176300238485e-13,4.257065346289782e-18,1.825383845926205e-18
4495,6.763987033027751e-13,4.253398272674158e-18,1.815095172518118e-18
4496,6.541578272857755e-13,4.27215183797669e-18,1.855987033146383e-18
4497,6.634715832250785e-13,4.270668473608353e-18,1.846574603067293e-18
4498,6.523117583523835e-13,4.263280051390492e-18,1.840743561285549e-18
4499,6.424388725722203e-13,4.284211978044769e-18,1.833623437858705e-18
4500,6.664553614073009e-13,4.267976047302584e-18,1.843428990597302e-18
4501,6.463561593203965e-13,4.243576492297097e-18,1.816063456817185e-18
4502,6.638231957011496e-13,4.278454587508899e-18,1.883837165762981e-18
4503,6.50293697907317e-13,4.264660488082205e-18,1.851672303301783e-18
4504,6.422026826772608e-13,4.250963079674058e-18,1.824480267838976e-18
4505,6.604956590547159e-13,4.264236753626925e-18,1.833745845401672e-18
4506,6.80158687677926e-13,4.282189876812705e-18,1.886092366126557e-18
4507,6.548515846866712e-13,4.258710445982181e-18,1.836433529563139e-18
4508,6.578357386026514e-13,4.277820995021149e-18,1.858196713082975e-18
4509,6.529646564469578e-13,4.252832616601247e-18,1.825349905489123e-18
4510,6.422655678620405e-13,4.26992480404243e-18,1.82716783938391e-18
4511,6.385806868583572e-13,4.264992709951723e-18,1.798656303368992e-18
4512,6.529636710732574e-13,4.282987827520339e-18,1.841514345045364e-18
4513,6.772397326823934e-13,4.272507942046103e-18,1.840788587893675e-18
4514,6.575328697052937e-13,4.28394084402166e-18,1.869937009496549e-18
4515,6.410321919533096e-13,4.266543359912057e-18,1.795002666290316e-18
4516,6.495426914228526e-13,4.255412046156752e-18,1.818480173256944e-18
4517,6.399464626734465e-13,4.247213726648797e-18,1.781896157124327e-18
4518,6.424467871620522e-13,4.233941684694965e-18,1.785063997091478e-18
4519,6.388477917259859e-13,4.249762928130553e-18,1.821323698278168e-18
4520,6.385831668609729e-13,4.260882095820857e-18,1.839043908161495e-18
4521,6.452878118046e-13,4.237571105036539e-18,1.804806241430023e-18
4522,6.429858737773662e-13,4.24636412060008e-18,1.815725592032555e-18
4523,6.559690492481259e-13,4.26856854548094e-18,1.839692425134898e-18
4524,6.436447766432729e-13,4.271453177267129e-18,1.826998960208489e-18
4525,6.443979868210102e-13,4.249962897958707e-18,1.778836712575894e-18
4526,6.411226395321059e-13,4.272341381730431e-18,1.81752905988591e-18
4527,6.498962123160775e-13,4.254934096822034e-18,1.806847646120672e-18
4528,6.782580734426126e-13,4.273861947691957e-18,1.83952541270477e-18
4529,6.641128418342283e-13,4.243719534209327e-18,1.790863538526668e-18
4530,6.511727244073733e-13,4.253251943701465e-18,1.816057441293812e-18
4531,6.630626485583447e-13,4.259456444838363e-18,1.83760752560003e-18
4532,6.474149662086772e-13,4.257665700341421e-18,1.793247448283311e-18
4533,6.397744285191287e-13,4.278799587022875e-18,1.798553478690125e-18
4534,6.535575883030672e-13,4.279914791685841e-18,1.83154670244166e-18
4535,6.452744172154131e-13,4.272733956334638e-18,1.803849075394515e-18
4536,6.373209798998729e-13,4.274189851936699e-18,1.800746893675599e-18
4537,6.538060173456225e-13,4.269126340434751e-18,1.807418678068588e-18
4538,6.406703219700765e-13,4.247783902456281e-18,1.77687053831043e-18
4539,6.507152995897347e-13,4.279530288198043e-18,1.839461976380178e-18
4540,6.388247276826901e-13,4.256866470277817e-18,1.776403866210393e-18
4541,6.430812713741379e-13,4.257718961931915e-18,1.793055445056265e-18
4542,6.510387115591563e-13,4.260579624763121e-18,1.8045078774193e-18
4543,6.451141780437342e-13,4.271146514317248e-18,1.813647909756342e-18
4544,6.371916664895658e-13,4.24023510631074e-18,1.775601823916299e-18
4545,6.326664671884648e-13,4.244412902864462e-18,1.772727844460253e-18
4546,6.490222134059538e-13,4.263621280243246e-18,1.785528941403088e-18
4547,6.475133951534466e-13,4.267365885073631e-18,1.825138569831965e-18
4548,6.726083884868602e-13,4.264440734544431e-18,1.796077359766494e-18
4549,6.468458534485478e-13,4.254774673115801e-18,1.785580470926542e-18
4550,6.556245549422343e-13,4.262468895105481e-18,1.766569886163457e-18
4551,6.456920420967035e-13,4.254907277857988e-18,1.807470304157066e-18
4552,6.554772526745256e-13,4.234701722423726e-18,1.760549374600708e-18
4553,6.794887511489966e-13,4.26232935305582e-18,1.787400844264704e-18
4554,6.58044575883395e-13,4.276959787511356e-18,1.835936479346456e-18
4555,6.630518529178121e-13,4.270320346650057e-18,1.826092395952581e-18
4556,6.467330101403424e-13,4.266112472001327e-18,1.795267012067697e-18
4557,6.441046836046698e-13,4.256136044998536e-18,1.791136456203439e-18
4558,6.921811340127508e-13,4.259137885306185e-18,1.832658009187073e-18
4559,6.825423909344823e-13,4.267929165956866e-18,1.864523249506706e-18
4560,6.623601922550229e-13,4.275348116496717e-18,1.843033204885144e-18
4561,6.571461445383647e-13,4.271677196400928e-18,1.82496116622646e-18
4562,6.518787947268789e-13,4.259579431263717e-18,1.806763202835785e-18
4563,6.63121443248041e-13,4.265016129637583e-18,1.822508128652821e-18
4564,6.564965491264719e-13,4.259729746680434e-18,1.812152517227362e-18
4565,6.883493505185109e-13,4.244736171833351e-18,1.797481714073436e-18
4566,6.716671698184832e-13,4.266365242226336e-18,1.826317343601436e-18
4567,6.484483627052877e-13,4.234468606157984e-18,1.777249400039427e-18
4568,6.528441273879721e-13,4.261198625124841e-18,1.825269656751694e-18
4569,6.404018812856055e-13,4.266998514485882e-18,1.785059677806155e-18
4570,6.884779001550683e-13,4.268981340444483e-18,1.825097970212317e-18
4571,6.734006140536086e-13,4.258322329970074e-18,1.804098879128645e-18
4572,6.840490114002349e-13,4.262070527549418e-18,1.786396679506577e-18
4573,6.579382071150854e-13,4.266238839587932e-18,1.806914941815747e-18
4574,6.429021014604987e-13,4.271287896106749e-18,1.77693574582343e-18
4575,6.591528073712337e-13,4.273039799100572e-18,1.807404491462287e-18
4576,6.446927433585766e-13,4.25898348569129e-18,1.757884290561645e-18
4577,6.391216585895985e-13,4.260046211768703e-18,1.767557379779875e-18
4578,6.55330392838468e-13,4.266561352458225e-18,1.792748197550247e-18
4579,6.41523867560657e-13,4.269805805600796e-18,1.782876780676695e-18
4580,6.367143841567048e-13,4.26865604059762e-18,1.774843189909307e-18
4581,6.381510720485005e-13,4.248012575867782e-18,1.778816384886616e-18
4582,6.483779219146766e-13,4.245385629649725e-18,1.772287652281103e-18
4583,6.379895532797896e-13,4.24579635256015e-18,1.773808233324884e-18
4584,6.502382440330306e-13,4.255597230914409e-18,1.764744280280281e-18
4585,6.385469702825189e-13,4.230892320120874e-18,1.732078023700301e-18
4586,6.345516107918244e-13,4.264384186902929e-18,1.791078455942497e-18
4587,6.330992877794849e-13,4.240667022132273e-18,1.755464813926627e-18
4588,6.85565150849706e-13,4.237666187457528e-18,1.778287991336223e-18
4589,6.513093320452591e-13,4.235237019800504e-18,1.767242642596371e-18
4590,6.494354536826443e-13,4.247820229881366e-18,1.749601557479945e-18
4591,6.402612826126183e-13,4.24673912432961e-18,1.761538637272422e-18
4592,6.484641800624305e-13,4.25124698405286e-18,1.804751619242405e-18
4593,6.324012616802219e-13,4.23303543714344e-18,1.731917780229935e-18
4594,6.322139077342392e-13,4.249925830122675e-18,1.755975068104032e-18
4595,6.279315806655185e-13,4.233630142763328e-18,1.735619513308315e-18
4596,6.417353843781065e-13,4.218843024929827e-18,1.71720797413384e-18
4597,6.296495176748337e-13,4.208949318133901e-18,1.671945475999292e-18
4598,6.6745126747074e-13,4.272244872066003e-18,1.813914957105795e-18
4599,6.59726962327539e-13,4.22708943988427e-18,1.733352851529644e-18
4600,6.437071217432309e-13,4.23684544817109e-18,1.784562628399399e-18
4601,6.502449933173147e-13,4.207461361176908e-18,1.697772323379551e-18
4602,6.425810021478748e-13,4.214338704640766e-18,1.744328615879757e-18
4603,6.327308377760407e-13,4.214335329418019e-18,1.734504656236465e-18
4604,6.468463396372795e-13,4.229257043348138e-18,1.770115328107597e-18
4605,6.314477699403003e-13,4.211240321736138e-18,1.703971308943732e-18
4606,6.421283124633391e-13,4.231367488712552e-18,1.777684730230016e-18
4607,6.396512288104826e-13,4.20834825652773e-18,1.731692156209784e-18
4608,6.582426357482144e-13,4.236064268855551e-18,1.788574262435472e-18
4609,6.532493626346783e-13,4.25220998934009e-18,1.793507414327552e-18
4610,6.744468002180385e-13,4.221569413970844e-18,1.766531203171119e-18
4611,6.403703896650831e-13,4.214852102611321e-18,1.739416073449978e-18
4612,6.512264456492235e-13,4.244486889698262e-18,1.787990618848242e-18
4613,6.473300226394342e-13,4.207537518621179e-18,1.727793940734039e-18
4614,6.380506954773498e-13,4.216691848760567e-18,1.747906049474206e-18
4615,6.298404896987691e-13,4.204816447504896e-18,1.712303487521458e-18
4616,6.289567011602456e-13,4.198702924701668e-18,1.714342352135696e-18
4617,6.518654464674632e-13,4.196215014694487e-18,1.700161326855611e-18
4618,6.5944353986264e-13,4.220172202598102e-18,1.768736269580173e-18
4619,6.409390424850384e-13,4.178820468514614e-18,1.713376738894033e-18
4620,6.264942299182083e-13,4.207036082628083e-18,1.719255206619509e-18
4621,6.234146856682688e-13,4.175009415889454e-18,1.669498983719694e-18
4622,6.271661039368809e-13,4.214406209090038e-18,1.740713994388342e-18
4623,6.573859731046574e-13,4.199705188472958e-18,1.69882975236872e-18
4624,6.364374775583604e-13,4.209345363371783e-18,1.714634459463176e-18
4625,6.312193428345709e-13,4.217329650495301e-18,1.719041647987247e-18
4626,6.498860676492598e-13,4.236364248333603e-18,1.757255306067564e-18
4627,6.341315371216503e-13,4.213868640962258e-18,1.72290137874249e-18
4628,6.293211114608696e-13,4.217306120020737e-18,1.737222682238536e-18
4629,6.309081916565422e-13,4.196899948854027e-18,1.729944262367789e-18
4630,6.321525330768915e-13,4.2082518451518e-18,1.725994756249641e-18
4631,6.281037501433625e-13,4.209336634713555e-18,1.735812681901399e-18
4632,6.2635267517174e-13,4.207626989872039e-18,1.689902327882469e-18
4633,6.50041563391205e-13,4.197800858707273e-18,1.727366462208183e-18
4634,6.419860651509292e-13,4.222306551107857e-18,1.769459426531868e-18
4635,6.365550954199281e-13,4.218575905811225e-18,1.745805638519125e-18
4636,6.35360079407094e-13,4.189234131980438e-18,1.662506653678776e-18
4637,6.573336238467002e-13,4.241354206781199e-18,1.799778141501574e-18
4638,6.348541548354198e-13,4.234587405741668e-18,1.722450782640483e-18
4639,6.36061798801721e-13,4.229720619712e-18,1.730553787139409e-18
4640,6.617673435904805e-13,4.242930397278579e-18,1.737963197460686e-18
4641,6.596131377975053e-13,4.225239173295482e-18,1.75022158208573e-18
4642,6.434485192742595e-13,4.218553447532607e-18,1.737856471939687e-18
4643,6.535644788529629e-13,4.222569042357431e-18,1.735383112220238e-18
4644,6.416542044275991e-13,4.246989552884021e-18,1.774491374637538e-18
4645,6.377278097263032e-13,4.212940862868259e-18,1.689051017836422e-18
4646,6.36362327850008e-13,4.217387649061402e-18,1.693413938835927e-18
4647,6.533661622976413e-13,4.25381919409583e-18,1.777887852786521e-18
4648,6.707221297655744e-13,4.22832088294457e-18,1.736852548597404e-18
4649,6.451812770609933e-13,4.21897674999139e-18,1.722396064748961e-18
4650,6.345541366310137e-13,4.226692892314768e-18,1.714753325382807e-18
4651,6.480079050051235e-13,4.215312914400728e-18,1.691318863718393e-18
4652,6.419753008403146e-13,4.225618565965161e-18,1.764694778782501e-18
4653,6.271302452558489e-13,4.210673266513211e-18,1.681949367831945e-18
4654,6.286592389536018e-13,4.228212229097861e-18,1.717812210650107e-18
4655,6.505141889430263e-13,4.210725456292705e-18,1.68853906775964e-18
4656,6.37090194905414e-13,4.221556592250043e-18,1.746762399852626e-18
4657,6.432781940172323e-13,4.239256512703601e-18,1.738287078601073e-18
4658,6.349461227249859e-13,4.210256461896804e-18,1.743624613501211e-18
4659,6.684933906832887e-13,4.208549875185014e-18,1.74435919843917e-18
4660,6.405786129975163e-13,4.215398410729162e-18,1.703380389642685e-18
4661,6.591788275949094e-13,4.205260654898345e-18,1.740383269937731e-18
4662,6.406642961880422e-13,4.208550115586809e-18,1.748989814533709e-18
4663,6.313243068948371e-13,4.208219486414218e-18,1.711391008646938e-18
4664,6.379287339466023e-13,4.216149431077649e-18,1.687742070794154e-18
4665,6.364242128627812e-13,4.210663708757908e-18,1.721549570242127e-18
4666,6.390457037713532e-13,4.219101946549527e-18,1.749075740341074e-18
4667,6.656869923602892e-13,4.230923552698207e-18,1.762086760812617e-18
4668,6.383198090022204e-13,4.199862703167422e-18,1.692619361756127e-18
4669,6.278877689584197e-13,4.197623336262782e-18,1.667551261852638e-18
4670,6.451911730446601e-13,4.25257497840963e-18,1.744105568773887e-18
4671,6.404542267165372e-13,4.233763521929108e-18,1.740148531917475e-18
4672,6.484476205611083e-13,4.235713626596948e-18,1.692176619427025e-18
4673,6.377935747690983e-13,4.227844602050163e-18,1.722597857381272e-18
4674,6.218747823396344e-13,4.213711970165966e-18,1.655574515037362e-18
4675,6.235391833289678e-13,4.206263936308107e-18,1.68387782057836e-18
4676,6.543483670763477e-13,4.238786703031308e-18,1.727463084787863e-18
4677,6.363181863358285e-13,4.207005130637845e-18,1.700757939041821e-18
4678,6.427115869273462e-13,4.219613821173192e-18,1.692497997210731e-18
4679,6.541063504189058e-13,4.225273769553783e-18,1.719984660727142e-18
4680,6.593247357346166e-13,4.242157480146452e-18,1.761824007817979e-18
4681,6.908921997452986e-13,4.246482415064001e-18,1.767235577120823e-18
4682,6.494113066053639e-13,4.201651682700541e-18,1.695106964477438e-18
4683,6.314043313776707e-13,4.211723231437669e-18,1.676491736762757e-18
4684,6.293471364102342e-13,4.226951916976196e-18,1.700395848723953e-18
4685,6.425810225634196e-13,4.227093959830843e-18,1.720891356368349e-18
4686,6.314314220564151e-13,4.222665019549686e-18,1.714702097200567e-18
4687,6.306384275515666e-13,4.224106304137168e-18,1.734596991178337e-18
4688,6.588332159848974e-13,4.213101555704319e-18,1.731355967965058e-18
4689,6.441322037615087e-13,4.203546713257057e-18,1.749344757650904e-18
4690,6.409620559708142e-13,4.196817021746804e-18,1.678703344732577e-18
4691,6.315538892263836e-13,4.225543279313507e-18,1.738693838076458e-18
4692,6.323812747883011e-13,4.19228258638334e-18,1.671990929949298e-18
4693,6.300088137700274e-13,4.22463564166391e-18,1.729687757462247e-18
4694,6.331334806895828e-13,4.212164574307453e-18,1.699090830032438e-18
4695,6.316191131505387e-13,4.205072025380274e-18,1.68787482014899e-18
4696,6.28829464665286e-13,4.192803890597844e-18,1.701112853591059e-18
4697,6.370749628958496e-13,4.206203480772649e-18,1.731127683084438e-18
4698,6.222104808534376e-13,4.172104285626734e-18,1.642069457710078e-18
4699,6.223277400107996e-13,4.195791318771508e-18,1.676750906571836e-18
4700,6.525353833568064e-13,4.187167791427004e-18,1.63810306867611e-18
4701,6.366016727694349e-13,4.222395737054901e-18,1.707523491053896e-18
4702,6.388620034633609e-13,4.224315861317563e-18,1.714591249512232e-18
4703,6.23066986657713e-13,4.187439281422228e-18,1.654096045472899e-18
4704,6.461648393027103e-13,4.220109252133316e-18,1.706494344178323e-18
4705,6.3806481961046e-13,4.226997273515645e-18,1.742888319705052e-18
4706,6.496581608672428e-13,4.218078480943743e-18,1.708179221263888e-18
4707,6.373018259977494e-13,4.221705084286172e-18,1.733709514951651e-18
4708,6.311236492906464e-13,4.227602346629914e-18,1.698314905526276e-18
4709,6.504128103764597e-13,4.236793168008167e-18,1.707031266065351e-18
4710,6.351764829954929e-13,4.230195651034516e-18,1.71567403974188e-18
4711,6.415173268065811e-13,4.241172885782824e-18,1.72418559803673e-18
4712,6.521581602744567e-13,4.209507863054842e-18,1.738395805334848e-18
4713,6.295547691264084e-13,4.212206037642216e-18,1.697301264264912e-18
4714,6.792305272212167e-13,4.218203804783644e-18,1.71632521107665e-18
4715,6.550119757893648e-13,4.221325951227625e-18,1.747669362266808e-18
4716,6.364259493649235e-13,4.206666976217868e-18,1.68833777629591e-18
4717,6.832069627561632e-13,4.240549997084426e-18,1.756801679789123e-18
4718,6.455249490496041e-13,4.239488839557598e-18,1.725685475118037e-18
4719,6.321800054433347e-13,4.240733570320847e-18,1.690511603796635e-18
4720,6.237555476740895e-13,4.215625646459658e-18,1.654353068583044e-18
4721,6.294480096078899e-13,4.215284780002312e-18,1.707914548299844e-18
4722,6.508653717204866e-13,4.216448277366271e-18,1.704173708982823e-18
4723,6.323510683607092e-13,4.2161321910293e-18,1.696788912510547e-18
4724,6.271963697213061e-13,4.20165753970255e-18,1.679722197882548e-18
4725,6.467783442851266e-13,4.207452574171896e-18,1.704482294850973e-18
4726,6.343899025877234e-13,4.221529733655143e-18,1.739275799231143e-18
4727,6.269980995929727e-13,4.214898685383538e-18,1.69086822804288e-18
4728,6.586961870280216e-13,4.230303653466199e-18,1.734994925214532e-18
4729,6.375857096713843e-13,4.184165344061339e-18,1.663671641273791e-18
4730,6.28975726321137e-13,4.217384399902906e-18,1.695215651215022e-18
4731,6.413875045228131e-13,4.197485112547458e-18,1.65499107961961e-18
4732,6.383155251807006e-13,4.229198790785258e-18,1.735494556536899e-18
4733,6.32148066409389e-13,4.219479313354292e-18,1.709758811319549e-18
4734,6.297078674621478e-13,4.233128024009115e-18,1.715138698648846e-18
4735,6.458331513456323e-13,4.240190471732456e-18,1.724856840159192e-18
4736,6.32849526934433e-13,4.217525198979194e-18,1.707967769843691e-18
4737,6.38328136261111e-13,4.216075438524233e-18,1.695832701159122e-18
4738,6.299609130237274e-13,4.189903358544204e-18,1.687771936965078e-18
4739,6.346056080727072e-13,4.213959745770229e-18,1.722350735047188e-18
4740,6.688170518409147e-13,4.21931463649324e-18,1.734620887150265e-18
4741,6.378074888544685e-13,4.187208161258733e-18,1.692174989184198e-18
4742,6.465104968986779e-13,4.207220204281285e-18,1.692965916671032e-18
4743,6.355885025103333e-13,4.225742426057831e-18,1.731057057390491e-18
4744,6.536638640680184e-13,4.179777944431663e-18,1.68821122824215e-18
4745,6.343696987456641e-13,4.205027150669624e-18,1.688329954436996e-18
4746,6.642327948642292e-13,4.208654544114844e-18,1.679206328347139e-18
4747,6.625271267319059e-13,4.221820272510144e-18,1.722693034725282e-18
4748,6.391031146878316e-13,4.233778169400057e-18,1.720823441403762e-18
4749,6.322219147038189e-13,4.195958747936943e-18,1.675588595548812e-18
4750,6.635478779562177e-13,4.214837560191412e-18,1.724152850620015e-18
4751,6.403284880539076e-13,4.220904090655361e-18,1.685005046398222e-18
4752,6.315985002862391e-13,4.225293913902931e-18,1.707086648376175e-18
4753,6.379479003659919e-13,4.202007914540204e-18,1.669693815045865e-18
4754,6.525355361912267e-13,4.201800594315333e-18,1.670182887661469e-18
4755,6.325400583292606e-13,4.206420712808665e-18,1.670794671009515e-18
4756,6.683093185847502e-13,4.232397956197344e-18,1.762387567215006e-18
4757,6.557474990653309e-13,4.193644539507684e-18,1.674713939234623e-18
4758,6.334505666214497e-13,4.183056502835865e-18,1.646240491245576e-18
4759,6.313752634356232e-13,4.195927882798765e-18,1.637955994806944e-18
4760,6.274165856569557e-13,4.214225833971897e-18,1.691590908824761e-18
4761,6.23864685605955e-13,4.210601290446149e-18,1.664288840857384e-18
4762,6.252463828049912e-13,4.204628676161016e-18,1.661123311955671e-18
4763,6.454535262452027e-13,4.234201874846153e-18,1.745731957593531e-18
4764,6.303185203573803e-13,4.206784572024225e-18,1.67583960203293e-18
4765,6.222871313438223e-13,4.207030053563466e-18,1.681657067530625e-18
4766,6.292472393980982e-13,4.198764833843622e-18,1.645081478285118e-18
4767,6.216204594312381e-13,4.195114709313465e-18,1.651407407684061e-18
4768,6.308324307432925e-13,4.208026920129281e-18,1.714580038307971e-18
4769,6.252778119767093e-13,4.20523395751048e-18,1.676408640400019e-18
4770,6.156924643214735e-13,4.204112759813712e-18,1.644595545478749e-18
4771,6.159034980231932e-13,4.191060258557642e-18,1.631421764740892e-18
4772,6.14379328253122e-13,4.163089254776317e-18,1.622665483198155e-18
4773,6.153240660777192e-13,4.200918589039847e-18,1.660307368640335e-18
4774,6.197372102955954e-13,4.216735596719276e-18,1.687611441749351e-18
4775,6.761991153498355e-13,4.188187199697308e-18,1.70641990365591e-18
4776,6.461817773120281e-13,4.200906184977006e-18,1.685682830357114e-18
4777,6.37591829284306e-13,4.199163951491765e-18,1.695579831303312e-18
4778,6.20230226609083e-13,4.177838657118042e-18,1.652825474888774e-18
4779,6.162962488298879e-13,4.189429006464893e-18,1.641654040863778e-18
4780,6.343988938711024e-13,4.188779843585144e-18,1.665213456218736e-18
4781,6.244501862227054e-13,4.18727222248729e-18,1.659452007558711e-18
4782,6.186782006769233e-13,4.194452239604457e-18,1.668067718437712e-18
4783,6.481921561297326e-13,4.194165078722852e-18,1.681370064118184e-18
4784,6.296836460234386e-13,4.212978156155511e-18,1.704722183415454e-18
4785,6.356110228433291e-13,4.198931289002092e-18,1.690026014291446e-18
4786,6.234232993043772e-13,4.19921773982243e-18,1.666053803683005e-18
4787,6.309648830780031e-13,4.208576777359734e-18,1.715677919153121e-18
4788,6.556767542348547e-13,4.187345234035243e-18,1.657593154123322e-18
4789,6.496990048844315e-13,4.200109930486009e-18,1.657629521151284e-18
4790,6.535215486753385e-13,4.236106010993551e-18,1.703945116542802e-18
4791,6.502683678950375e-13,4.22839551632662e-18,1.662015490460506e-18
4792,6.408441664046642e-13,4.238421447112083e-18,1.723098185866548e-18
4793,6.247572371531381e-13,4.248897055661988e-18,1.686707838452013e-18
4794,6.194941797277421e-13,4.217698391876041e-18,1.646703728931861e-18
4795,6.198391749424236e-13,4.228667064040672e-18,1.664199417124644e-18
4796,6.507160720964056e-13,4.240930284289497e-18,1.690206619227781e-18
4797,6.612044809344087e-13,4.217147327290457e-18,1.652427215363217e-18
4798,6.551008956120011e-13,4.219882134440579e-18,1.694737377653498e-18
4799,6.311544575405213e-13,4.205376982044734e-18,1.66780900991129e-18
4800,6.437195351034762e-13,4.209454392464184e-18,1.679151048240634e-18
4801,6.274687979576688e-13,4.203843751794899e-18,1.66458583709265e-18
4802,6.152457989204095e-13,4.189892283723454e-18,1.619685435456089e-18
4803,6.192757110046897e-13,4.218091346267992e-18,1.669856047754696e-18
4804,6.198756134225585e-13,4.227664451212407e-18,1.684700638234473e-18
4805,6.377891964361729e-13,4.230762109790003e-18,1.693207639753083e-18
4806,6.646611828207684e-13,4.205320553279876e-18,1.64048566703054e-18
4807,6.39151492690766e-13,4.220812945334003e-18,1.692513341667951e-18
4808,6.176910570412136e-13,4.214150139312239e-18,1.640083845600668e-18
4809,6.246672833934129e-13,4.233013208870237e-18,1.725052687017631e-18
4810,6.505251763474119e-13,4.2078554134081e-18,1.658701718321211e-18
4811,6.286364215850984e-13,4.224329477321646e-18,1.705538507355534e-18
4812,6.209757692867309e-13,4.217361982748239e-18,1.659991508881687e-18
4813,6.21778281354983e-13,4.215588046038478e-18,1.686902742968232e-18
4814,6.159503000598794e-13,4.196873198103888e-18,1.602707164669263e-18
4815,6.359493243011633e-13,4.193845715048966e-18,1.629437733873101e-18
4816,6.290830514190112e-13,4.219586871293951e-18,1.687471497057696e-18
4817,6.45744931055357e-13,4.208059493402699e-18,1.683297159359587e-18
4818,6.706603270741585e-13,4.227201618291466e-18,1.706364534247464e-18
4819,6.4713814551923e-13,4.232676342469045e-18,1.755455344060324e-18
4820,6.357141565990192e-13,4.229153862481793e-18,1.706567044365669e-18
4821,6.458327949058687e-13,4.208585882248822e-18,1.66618361241407e-18
4822,6.299036832222969e-13,4.206074651114938e-18,1.675911000168316e-18
4823,6.410075575325507e-13,4.212975306578977e-18,1.672289978471275e-18
4824,6.28077676820301e-13,4.206759193681843e-18,1.664067531156669e-18
4825,6.216075653145508e-13,4.211780971062109e-18,1.647911977551757e-18
4826,6.163799300000024e-13,4.207768990667776e-18,1.643042391291588e-18
4827,6.354325476794546e-13,4.206113992901888e-18,1.621644225723063e-18
4828,6.228271344511204e-13,4.213585407536401e-18,1.630629036175819e-18
4829,6.169956392542505e-13,4.213358295258323e-18,1.632992794594498e-18
4830,6.187669456135054e-13,4.212357073658679e-18,1.63456440693619e-18
4831,6.571276125302532e-13,4.216390932181352e-18,1.675734470732064e-18
4832,6.510560144993022e-13,4.203571931590556e-18,1.682185809076359e-18
4833,6.854006243756687e-13,4.228153457005715e-18,1.692570601297742e-18
4834,6.69092220253605e-13,4.228909034102792e-18,1.705303306925025e-18
4835,6.650432203011745e-13,4.233253732190052e-18,1.721428253183099e-18
4836,6.6667797168801e-13,4.248694613725202e-18,1.771672368797121e-18
4837,6.451682488608878e-13,4.238418222391428e-18,1.733592009548332e-18
4838,6.384504477797409e-13,4.212052620263835e-18,1.691442368669713e-18
4839,6.642714209944805e-13,4.230684913950679e-18,1.719848621453637e-18
4840,6.400924205644849e-13,4.204657406573668e-18,1.653182578283314e-18
4841,6.544407917074152e-13,4.22543208223658e-18,1.731192125576606e-18
4842,6.411104501785221e-13,4.232495626610279e-18,1.721619077140149e-18
4843,6.500247212116487e-13,4.222577695658203e-18,1.71419474705716e-18
4844,6.318360503994781e-13,4.226211723412912e-18,1.703564315895794e-18
4845,6.319401885952328e-13,4.251194389392751e-18,1.68278749058049e-18
4846,6.651978284032087e-13,4.239691726482603e-18,1.737050334576008e-18
4847,6.402767275864291e-13,4.244119799642558e-18,1.71499200249289e-18
4848,6.287045761500476e-13,4.239659745969521e-18,1.718163089604878e-18
4849,6.226554108122604e-13,4.217946547118402e-18,1.648843900295444e-18
4850,6.180674582994803e-13,4.213113358901161e-18,1.624111637651045e-18
4851,6.417961724667369e-13,4.226324032949106e-18,1.707353738697674e-18
4852,6.788474005845338e-13,4.201681290432644e-18,1.690269261917639e-18
4853,6.427711246907103e-13,4.21894751701945e-18,1.676382338077496e-18
4854,6.300953828197354e-13,4.215512183093297e-18,1.704435223979264e-18
4855,6.448188495650344e-13,4.236328736560421e-18,1.692868338611783e-18
4856,6.698563926091331e-13,4.226467151388886e-18,1.726415256971536e-18
4857,6.899657218567034e-13,4.209681243340629e-18,1.711721719088578e-18
4858,6.65392617365782e-13,4.221921465242075e-18,1.692163624317065e-18
4859,6.737143319256277e-13,4.222311842575021e-18,1.681495070179598e-18
4860,6.428204448176891e-13,4.21216421497306e-18,1.658257759481248e-18
4861,6.303557394250428e-13,4.197639261602346e-18,1.654690788901471e-18
4862,6.45156022624168e-13,4.230439574864063e-18,1.69694996246683e-18
4863,6.308914004873943e-13,4.232317100492721e-18,1.715955503802074e-18
4864,6.82397323746872e-13,4.223083347110318e-18,1.705453752378915e-18
4865,6.503317033718086e-13,4.214867701792302e-18,1.707117854523832e-18
4866,6.582204476764327e-13,4.235021446631306e-18,1.739614220636093e-18
4867,6.769512759551643e-13,4.246865290013165e-18,1.73765275990505e-18
4868,6.507306705388189e-13,4.247620377770509e-18,1.727777666193761e-18
4869,6.330725949714931e-13,4.238952523019551e-18,1.693373074320442e-18
4870,6.370880451034888e-13,4.2278023842328e-18,1.665547674209043e-18
4871,6.4176977502971e-13,4.219834519592984e-18,1.689620229959647e-18
4872,6.248203924894012e-13,4.199129868665228e-18,1.646470376132642e-18
4873,6.69774188227451e-13,4.212680660025706e-18,1.666567116113857e-18
4874,6.882697908556645e-13,4.216532203669402e-18,1.676759622691955e-18
4875,6.833206525554566e-13,4.215984073026516e-18,1.712841794634774e-18
4876,6.458915701450756e-13,4.21689481249297e-18,1.690452905952725e-18
4877,6.294192002532594e-13,4.214610261710814e-18,1.671262101878067e-18
4878,6.207276512718006e-13,4.188349396565579e-18,1.59970265092456e-18
4879,6.143805628055423e-13,4.22718311535888e-18,1.650122139825154e-18
4880,6.166602016326157e-13,4.199091631520507e-18,1.635799142065336e-18
4881,6.503001189684442e-13,4.177909082096671e-18,1.58571591884999e-18
4882,6.684686786953151e-13,4.220835493093988e-18,1.705075808750789e-18
4883,6.374950624921059e-13,4.207902879452381e-18,1.66463045888719e-18
4884,6.500021287366143e-13,4.217719138678553e-18,1.674535657205453e-18
4885,6.338833221008714e-13,4.226472357115668e-18,1.654362564734545e-18
4886,6.346172720591566e-13,4.224097919459107e-18,1.706963226536174e-18
4887,6.208514567151161e-13,4.215070060579291e-18,1.648482243080831e-18
4888,6.323019053267243e-13,4.202477716458961e-18,1.669758232195342e-18
4889,6.229964259180696e-13,4.226956637979056e-18,1.640285417170311e-18
4890,6.439772438221001e-13,4.234637483527233e-18,1.669888362195487e-18
4891,6.265031741723287e-13,4.213051578632848e-18,1.64462831672069e-18
4892,6.233817021053365e-13,4.226946312851492e-18,1.679483198892987e-18
4893,6.316695833816648e-13,4.219026506198491e-18,1.65570365079042e-18
4894,6.167471374531593e-13,4.189593703361945e-18,1.607418293866741e-18
4895,6.177319340742033e-13,4.219662289218342e-18,1.663137324823058e-18
4896,6.260790512625957e-13,4.211763449895685e-18,1.662371264793286e-18
4897,6.191621836239784e-13,4.195189794164213e-18,1.647924499740797e-18
4898,6.422841482770449e-13,4.197936726591905e-18,1.656564570960506e-18
4899,6.245654177418225e-13,4.190389719843843e-18,1.63396937903834e-18
4900,6.232738953405012e-13,4.198612739634442e-18,1.664147263599451e-18
4901,6.198611935414716e-13,4.18371005591241e-18,1.605367822808065e-18
4902,6.173211668597916e-13,4.199118196404011e-18,1.647871377387344e-18
4903,6.133510678950187e-13,4.1665896716316e-18,1.618549514785537e-18
4904,6.10363751938358e-13,4.1631929373501e-18,1.57823890034248e-18
4905,6.319529525906826e-13,4.194831589899443e-18,1.660054537147736e-18
4906,6.556900875702935e-13,4.183624745078386e-18,1.624725803356434e-18
4907,6.520222758732526e-13,4.190069933741948e-18,1.66820023937622e-18
4908,6.515029204172992e-13,4.171909482237447e-18,1.654657354302189e-18
4909,6.309675462514482e-13,4.178263395151627e-18,1.630249939514327e-18
4910,6.276860879070788e-13,4.189364173091892e-18,1.629379831184014e-18
4911,6.195814163847362e-13,4.194397265066831e-18,1.602554690391589e-18
4912,6.304248750031596e-13,4.20559522096497e-18,1.642760087663197e-18
4913,6.529614015831257e-13,4.210689092772975e-18,1.658268637737473e-18
4914,6.265030452935703e-13,4.190420533875349e-18,1.629000848606637e-18
4915,6.377897145974025e-13,4.204241684297141e-18,1.636106975584e-18
4916,6.215386598037379e-13,4.190255205106603e-18,1.604471498662464e-18
4917,6.216955456427406e-13,4.187377896500992e-18,1.605539021310959e-18
4918,6.143761375097503e-13,4.188072388614543e-18,1.600078102567793e-18
4919,6.40773498171605e-13,4.214450523318532e-18,1.655495811693446e-18
4920,6.550665422110607e-13,4.19056971946434e-18,1.625927325627625e-18
4921,6.340624937573012e-13,4.194949194377395e-18,1.667929383828671e-18
4922,6.294452280503672e-13,4.20378114341821e-18,1.668582843730774e-18
4923,6.538212319675921e-13,4.198356831035947e-18,1.646151869532999e-18
4924,6.292864262492323e-13,4.195434349959885e-18,1.619965825569545e-18
4925,6.397112633758164e-13,4.207136897401168e-18,1.628420501067002e-18
4926,6.482199604112031e-13,4.222776068130468e-18,1.697355419558146e-18
4927,6.301203738841763e-13,4.201614405346821e-18,1.645566930235389e-18
4928,6.32840712666395e-13,4.202297111406946e-18,1.642935614071815e-18
4929,6.26324383001428e-13,4.208121254681879e-18,1.65012366629763e-18
4930,6.31591046824524e-13,4.201404416428856e-18,1.655480154361764e-18
4931,6.432433769344536e-13,4.195625830809385e-18,1.637029984800791e-18
4932,6.408927609190755e-13,4.213349002857804e-18,1.70821837966862e-18
4933,6.31634037867029e-13,4.182656199387531e-18,1.636186613825901e-18
4934,6.232558686799602e-13,4.194019765849918e-18,1.660291752158089e-18
4935,6.210270803182008e-13,4.18230354997084e-18,1.603601751250874e-18
4936,6.078394874610248e-13,4.181464285809142e-18,1.577239850830486e-18
4937,6.113546297384599e-13,4.179130860748744e-18,1.608479991904789e-18
4938,6.101733493018348e-13,4.179925450548295e-18,1.587280228857932e-18
4939,6.461651950026772e-13,4.177575689599464e-18,1.587116449585986e-18
4940,6.254283454916616e-13,4.187466415474414e-18,1.611093909678324e-18
4941,6.32745195037601e-13,4.195212251144256e-18,1.636194594615491e-18
4942,6.131183363554198e-13,4.180930314240389e-18,1.568590920523542e-18
4943,6.259687728795078e-13,4.190912077855539e-18,1.592197846654483e-18
4944,6.255496352703643e-13,4.223584726969159e-18,1.657441000187972e-18
4945,6.364998669702467e-13,4.192496011665459e-18,1.631273316299187e-18
4946,6.217532394745675e-13,4.19963467407318e-18,1.640157703224125e-18
4947,6.134723805931938e-13,4.182327357092638e-18,1.594547191280519e-18
4948,6.101225858788246e-13,4.174391979406308e-18,1.589367072316076e-18
4949,6.263163837807451e-13,4.207660502955592e-18,1.652599712893646e-18
4950,6.486383952324055e-13,4.190013154266297e-18,1.62096766657645e-18
4951,6.276986824629907e-13,4.185571263660125e-18,1.629104621185632e-18
4952,6.184503364355904e-13,4.176492393545389e-18,1.595605039266831e-18
4953,6.348480318839282e-13,4.194048632600793e-18,1.654900085807009e-18
4954,6.200186545653321e-13,4.188350696346759e-18,1.594394217710089e-18
4955,6.181962154964483e-13,4.205064840328503e-18,1.63436044002544e-18
4956,6.165046364873025e-13,4.186475922055691e-18,1.582743351815836e-18
4957,6.138655835911658e-13,4.195093414117062e-18,1.606111871375761e-18
4958,6.111107048037618e-13,4.20640294858792e-18,1.626919996098408e-18
4959,6.069776981659055e-13,4.206641365307301e-18,1.613694856627879e-18
4960,6.628755658782826e-13,4.19983164942615e-18,1.677808770932578e-18
4961,6.481959551520107e-13,4.189391773088489e-18,1.646148751262294e-18
4962,6.267921375488861e-13,4.178937445668833e-18,1.637652956474317e-18
4963,6.345896514298575e-13,4.170177761169274e-18,1.617738706024615e-18
4964,6.206203795175399e-13,4.153689075128044e-18,1.576829578639708e-18
4965,6.081345568353985e-13,4.168682305992089e-18,1.576150330269449e-18
4966,6.235763968315568e-13,4.179980685376695e-18,1.548500987643457e-18
4967,6.353619266629744e-13,4.192787795648667e-18,1.6231547613093e-18
4968,6.199326402517409e-13,4.185788698283346e-18,1.590356409121659e-18
4969,6.191420434566045e-13,4.198339276294084e-18,1.613771754062876e-18
4970,6.20487139377541e-13,4.186509838968971e-18,1.629623070120234e-18
4971,6.769165590057722e-13,4.197631512307494e-18,1.65559607616457e-18
4972,6.390903228148487e-13,4.211438472328998e-18,1.676374088761185e-18
4973,6.352824272888206e-13,4.198221445842301e-18,1.630077893145756e-18
4974,6.325494987356573e-13,4.205924740071236e-18,1.633311936731754e-18
4975,6.197591967134848e-13,4.185988037455926e-18,1.61320012582137e-18
4976,6.343805765107491e-13,4.195652535002208e-18,1.595732394479916e-18
4977,6.239507564476054e-13,4.198101526965431e-18,1.595646978827771e-18
4978,6.256203902374787e-13,4.180437339090275e-18,1.593786372123433e-18
4979,6.132909063312434e-13,4.194844239848476e-18,1.609909155586433e-18
4980,6.07444338797607e-13,4.190626381623554e-18,1.589988717614907e-18
4981,6.518615765313988e-13,4.189943543250389e-18,1.616350471449106e-18
4982,6.293470414957342e-13,4.198761346389944e-18,1.677549048684078e-18
4983,6.283610629853655e-13,4.18743210283871e-18,1.625214487183707e-18
4984,6.182017456194041e-13,4.191083477507346e-18,1.639995210728427e-18
4985,6.340550116901118e-13,4.175075708270566e-18,1.579845188837713e-18
4986,6.364874951382074e-13,4.165040181024964e-18,1.592210343922204e-18
4987,6.396093579056145e-13,4.192040322381497e-18,1.649640362814479e-18
4988,6.254571464761558e-13,4.185065011839929e-18,1.60982179235256e-18
4989,6.138109819105673e-13,4.17458396530567e-18,1.570784608404353e-18
4990,6.500337237555878e-13,4.19935529619896e-18,1.613077263879464e-18
4991,6.210954582543448e-13,4.190126150112861e-18,1.580554013317582e-18
4992,6.280533477008557e-13,4.198188361285902e-18,1.62418151943738e-18
4993,6.239715428464074e-13,4.178830669703658e-18,1.597110303448649e-18
4994,6.113737504588023e-13,4.197802572919916e-18,1.606868709345223e-18
4995,6.051401128256323e-13,4.183294057511261e-18,1.563817253563033e-18
4996,6.023684111668928e-13,4.19237233716811e-18,1.579141103535562e-18
4997,6.314568166515279e-13,4.191607085575972e-18,1.603305308993495e-18
4998,6.342797132458131e-13,4.168828713714542e-18,1.611958224454997e-18
4999,6.193677306729146e-13,4.142036748037434e-18,1.611293742707339e-18
5000,6.089690966468138e-13,4.164937271972877e-18,1.586630477186421e-18
