{
  "uin": 0.2,
  "n_iter": 200,
  "inlet": "inlet",
  "outlet": "outlet",
  "p_in_Pa": 101326.1079556665,
  "p_out_Pa": 101325.0,
  "dp_Pa": 1.1079556665063137,
  "mdot_in_kgps": 0.00024500000000245,
  "mdot_out_kgps": -0.0002440520504441723,
  "mdot_in_abs_kgps": 0.00024500000000245,
  "mdot_out_abs_kgps": 0.0002440520504441723
}