iter,continuity,x-velocity,y-velocity
1,1.0,0.001305300109101309,0.0008777741754133597
2,0.5253774664468969,0.001049789459055632,0.000353346128405462
3,0.3115923313404927,0.0008660178463556498,0.0001842456539711837
4,0.2009816131022638,0.0006742589955548643,0.0001102546406369831
5,0.1741814566278208,0.0004970639549651265,7.039782674819345e-05
6,0.1496407321446593,0.0003663556964362725,4.707448936366086e-05
7,0.122462336677691,0.0002819089497732325,3.346525376289564e-05
8,0.1002410688014819,0.0002292006371383985,2.555815827910583e-05
9,0.08415841280819186,0.0001944929346031235,2.091339718119197e-05
10,0.07468327806908127,0.0001704912462506424,1.796786949522593e-05
11,0.06954137233059053,0.0001531372403462158,1.598623913487155e-05
12,0.06639379432052368,0.0001395971529169629,1.460799603974949e-05
13,0.06381940993427729,0.0001284025480884485,1.366041581210591e-05
14,0.062199544909538,0.0001187605135985985,1.29760620536955e-05
15,0.0598587635339999,0.0001100967151425697,1.23455552339004e-05
16,0.05787162469205419,0.0001020581618613475,1.175271795425451e-05
17,0.0564136002819682,9.439860830203675e-05,1.114785292038757e-05
18,0.05423705793186104,8.701635356501983e-05,1.048918330765892e-05
19,0.05154801157149196,7.988267412433684e-05,9.745575245206594e-06
20,0.04825260195061899,7.30594395662657e-05,8.904465790217755e-06
21,0.04462603900531224,6.657124527011312e-05,7.952190399344687e-06
22,0.04131365042711754,6.04381805110934e-05,6.988132047891054e-06
23,0.03813457840241043,5.472531772938741e-05,6.083435226257169e-06
24,0.03525116843293902,4.945555768185069e-05,5.299900941566784e-06
25,0.03211678241138195,4.456008015371853e-05,4.730766955146099e-06
26,0.02893176150849678,3.9998337557365e-05,4.418382187178198e-06
27,0.02603144658351605,3.573466771381739e-05,4.189880104874529e-06
28,0.02328772554800529,3.171929410089797e-05,3.947896894506648e-06
29,0.02076583624784758,2.793979053852011e-05,3.661317745049097e-06
30,0.01848942758872108,2.439577030803987e-05,3.335145947643169e-06
31,0.01646490974901713,2.109689866722134e-05,2.995649374414184e-06
32,0.014569621023808,1.805691645837546e-05,2.662746673047906e-06
33,0.01282415365435601,1.529647545726502e-05,2.354948298298736e-06
34,0.01117208594786367,1.284321222159524e-05,2.068954030859325e-06
35,0.009664925453746165,1.068419167030006e-05,1.800130673987158e-06
36,0.008349782003093177,8.74887440230524e-06,1.54906394154481e-06
37,0.007154466419133032,7.118391241466349e-06,1.318010629059613e-06
38,0.006087475807070944,5.747604660569881e-06,1.112741595512487e-06
39,0.005174487641047845,4.604559968199372e-06,9.358450796890987e-07
40,0.004376269160029493,3.684581678074787e-06,7.824383291258705e-07
41,0.0037214481598844,2.925712952206284e-06,6.53926668507909e-07
42,0.003175449904692298,2.314677363031869e-06,5.437461497739601e-07
43,0.002683024653988389,1.839431604507573e-06,4.511709618054417e-07
44,0.002239420739435837,1.475832280528798e-06,3.744114312025171e-07
45,0.001885334188503429,1.193365155076606e-06,3.130971782698191e-07
46,0.001581820852411708,9.85893316674625e-07,2.617430266093699e-07
47,0.001338232466574531,8.352743759257353e-07,2.197249330314786e-07
48,0.001104947625137747,7.255172264678562e-07,1.849348355746763e-07
49,0.0009330501717806221,6.425660248785414e-07,1.563784090593782e-07
50,0.0007842076979051324,5.777748418969701e-07,1.325546888990204e-07
51,0.0006632984608619133,5.261561817126075e-07,1.127694170377701e-07
52,0.000564203356812517,4.830657816332049e-07,9.710792114922856e-08
53,0.0004831845316678569,4.446618921402352e-07,8.502562085891617e-08
54,0.0004155318428920843,4.102630251956186e-07,7.495416637119006e-08
55,0.0003570667018377151,3.79831878560657e-07,6.636118069292521e-08
56,0.0003050926073293911,3.547956352610923e-07,5.839317473154082e-08
57,0.000265584300114763,3.318121971352659e-07,5.145618543898728e-08
58,0.0002345842367773195,3.104438133975051e-07,4.542937456419233e-08
59,0.0002108606081142268,2.905852790542196e-07,4.032827494082165e-08
60,0.0001939396376761822,2.724716956577248e-07,3.60032083242876e-08
61,0.0001806439272650549,2.562981983159451e-07,3.2279798546357e-08
62,0.0001691909174478839,2.422344930999703e-07,2.909909253955273e-08
63,0.0001592229946546284,2.304638674302654e-07,2.640320775244027e-08
64,0.0001501671712070168,2.209489390084455e-07,2.414725721106925e-08
65,0.0001426323341969992,2.133564128434826e-07,2.231045987081695e-08
66,0.0001366041463642419,2.074864124411271e-07,2.086252992377804e-08
67,0.0001317260818419258,2.031693397665585e-07,1.976621337193863e-08
68,0.0001279814369495648,2.002452299047479e-07,1.898930999146663e-08
69,0.0001253141363819425,1.985138170466742e-07,1.849276060987254e-08
70,0.000123516244039428,1.97775568585726e-07,1.822885363057164e-08
71,0.0001226708575684219,1.978757569750729e-07,1.816478016188473e-08
72,0.0001225949535820108,1.986567276639864e-07,1.82605666790231e-08
73,0.0001231012188198237,1.999121513044007e-07,1.843472099009041e-08
74,0.0001242521437379383,2.014913964517523e-07,1.863933851728696e-08
75,0.0001257438945857664,2.032805422916559e-07,1.884548349564363e-08
76,0.0001274137401533795,2.052145704013344e-07,1.903858997016817e-08
77,0.0001291223507297712,2.072676941192612e-07,1.921706998443974e-08
78,0.0001308763143854988,2.094169016228132e-07,1.938394955936654e-08
79,0.0001327066737357181,2.116406975449649e-07,1.953466131141221e-08
80,0.0001347365626697727,2.139469079501141e-07,1.967073346595496e-08
81,0.0001369172913386169,2.163391536299909e-07,1.979664555080058e-08
82,0.0001391605263292721,2.18826171694614e-07,1.991557450057888e-08
83,0.0001415432610747872,2.213836720161111e-07,2.00333071099492e-08
84,0.0001439134600978071,2.240356472397438e-07,2.015647187223569e-08
85,0.0001461930572555803,2.267924406863108e-07,2.0286438456522e-08
86,0.0001485466247852288,2.296556222843759e-07,2.042371006863181e-08
87,0.0001509198782913187,2.326308815124827e-07,2.05747862987132e-08
88,0.0001533730849914469,2.357453905057341e-07,2.073331572075126e-08
89,0.0001557231299014415,2.389540719527142e-07,2.091217046697099e-08
90,0.0001583541762684247,2.422832597276323e-07,2.11045085856933e-08
91,0.0001610573247366965,2.457364671954971e-07,2.130436661048034e-08
92,0.0001638084926864727,2.492931259773003e-07,2.152293466640259e-08
93,0.0001665370564579602,2.529290668289329e-07,2.174984422065808e-08
94,0.0001694471417062194,2.566396455725597e-07,2.199229102567241e-08
95,0.0001721934132861775,2.604552314906233e-07,2.224328012380108e-08
96,0.0001749539528552737,2.643084020510943e-07,2.250318682379694e-08
97,0.0001778831808723938,2.682510454462393e-07,2.27691855392412e-08
98,0.0001808076207088605,2.722507242317314e-07,2.304753112936841e-08
99,0.0001839870160714905,2.763191501677422e-07,2.33428369708763e-08
100,0.0001870341390957068,2.804437534137012e-07,2.364374959728306e-08
101,0.0001900762607266334,2.846097515881699e-07,2.394834066788325e-08
102,0.0001930699842887981,2.88813087250834e-07,2.426352699682504e-08
103,0.0001962558352723954,2.931142176786848e-07,2.457919924568091e-08
104,0.0001992889021186651,2.97438529633621e-07,2.490355198919126e-08
105,0.0002021994118016675,3.017922455908244e-07,2.523712220980349e-08
106,0.0002051946838757729,3.062029590513959e-07,2.557355084460107e-08
107,0.000208306015713101,3.106570156713761e-07,2.591409306240288e-08
108,0.0002114946985734306,3.151902926184927e-07,2.626335368606546e-08
109,0.0002148176947132067,3.197784327730693e-07,2.662237824432196e-08
110,0.0002181241347216175,3.244097410374269e-07,2.698736339828821e-08
111,0.0002215061364883589,3.290860749672995e-07,2.735965244547965e-08
112,0.000224809289390559,3.337998171060602e-07,2.773171863545923e-08
113,0.0002281368288736487,3.385872613388619e-07,2.810633226561594e-08
114,0.0002315933591875745,3.434240037558832e-07,2.848961475708019e-08
115,0.0002351009667421711,3.48306808904436e-07,2.888301775188981e-08
116,0.0002385229483950231,3.532676483343907e-07,2.927472294979172e-08
117,0.0002423559018176125,3.58346667701559e-07,2.968234106342491e-08
118,0.0002462957435884202,3.633881976195763e-07,3.009680585596849e-08
119,0.0002503278097489606,3.684780463340345e-07,3.052502382006999e-08
120,0.0002534456129845777,3.736007353829886e-07,3.093479697953147e-08
121,0.0002567589877364218,3.787693708344757e-07,3.134084075386906e-08
122,0.0002605402734816214,3.840180426371945e-07,3.175325052044636e-08
123,0.0002640627437171947,3.893083006096403e-07,3.21793647463527e-08
124,0.0002673694869602005,3.946255511679971e-07,3.261240994924613e-08
125,0.000270978606786209,3.999981902574695e-07,3.305845819654842e-08
126,0.0002746614053802326,4.054723229683838e-07,3.350383293547442e-08
127,0.0002781661016454255,4.110049557548904e-07,3.395287562220995e-08
128,0.0002814012471539305,4.165538674271861e-07,3.440902156496739e-08
129,0.0002844665811261679,4.222120707413645e-07,3.486064288706729e-08
130,0.0002877927684402546,4.279012699757825e-07,3.531599013315198e-08
131,0.0002915294215304664,4.336375058873316e-07,3.579227347403174e-08
132,0.0002955591116535877,4.394383728918237e-07,3.627050493911329e-08
133,0.0002994693892909202,4.453034544850692e-07,3.674842638424924e-08
134,0.0003029862565016093,4.512430707521189e-07,3.722734033682101e-08
135,0.0003065989768614844,4.572463616674614e-07,3.770654659218339e-08
136,0.000310595134785453,4.633396392961342e-07,3.818963365055031e-08
137,0.0003147607527704402,4.694508838578741e-07,3.869382979820815e-08
138,0.0003193473978504755,4.757319355325095e-07,3.920157159615728e-08
139,0.0003238396662326267,4.820297746622177e-07,3.972780791767171e-08
140,0.0003284236504079301,4.884140460473249e-07,4.024278094961688e-08
141,0.0003329685739903769,4.948653729720778e-07,4.077066344656606e-08
142,0.0003384291657231687,5.013918033670541e-07,4.13194671607708e-08
143,0.0003438011518682227,5.080068973736858e-07,4.187603536834956e-08
144,0.0003483476954572975,5.146274386716638e-07,4.242215347509844e-08
145,0.0003528206158043369,5.213358650533106e-07,4.297546749930285e-08
146,0.0003572889169628083,5.280291625667086e-07,4.35350382208485e-08
147,0.0003615980957773292,5.348584229338584e-07,4.408323076672711e-08
148,0.0003665913433001444,5.417857956198524e-07,4.465491156658399e-08
149,0.0003702166188228581,5.487474882092344e-07,4.523205169079322e-08
150,0.0003759119182984283,5.558094118145775e-07,4.582466948355918e-08
151,0.0003810643762413846,5.630126986774797e-07,4.642700462140223e-08
152,0.0003864449421017135,5.702353400777038e-07,4.703310805666217e-08
153,0.0003924045863533071,5.775807444406777e-07,4.764987444333256e-08
154,0.0003977734068110415,5.84984131623411e-07,4.827087520445532e-08
155,0.0004030702162977466,5.925264603599927e-07,4.889335296949065e-08
156,0.000407984534452929,6.000096543120767e-07,4.951307617689711e-08
157,0.0004126905656923587,6.07627899887398e-07,5.013504080853481e-08
158,0.000417572023350254,6.153755203713091e-07,5.0785267890955e-08
159,0.0004232715415792051,6.23234579133171e-07,5.144367012882925e-08
160,0.0004289372838478287,6.311696265746626e-07,5.212009010868866e-08
161,0.0004346959447585105,6.392384776973465e-07,5.279640393364504e-08
162,0.000441154863393157,6.474046204155937e-07,5.34775424471372e-08
163,0.000446689954404845,6.5568154333428e-07,5.416740450760575e-08
164,0.0004510776449532383,6.640490984622136e-07,5.484596155309618e-08
165,0.0004565308297448637,6.724727708006832e-07,5.553943741596591e-08
166,0.0004624481481674627,6.809076103617775e-07,5.622241284294362e-08
167,0.0004677422263235233,6.893972104290573e-07,5.690599257363134e-08
168,0.0004730297399600522,6.980597748089318e-07,5.761720647988371e-08
169,0.0004782511170136798,7.068711332300886e-07,5.833682352711635e-08
170,0.0004843282876049442,7.158394380928985e-07,5.908075504200724e-08
171,0.0004902578418822957,7.248181602144804e-07,5.980431029574706e-08
172,0.0004964813558755612,7.339928708113532e-07,6.055287436857479e-08
173,0.0005008165408376309,7.432707515417827e-07,6.127347439033763e-08
174,0.0005057154223697332,7.526685021300441e-07,6.202723072460513e-08
175,0.000511762029946212,7.622968411434432e-07,6.2794763327025e-08
176,0.0005181457651728717,7.719055037062493e-07,6.360601174315171e-08
177,0.0005243160968972349,7.815885426800284e-07,6.441314157970657e-08
178,0.0005298054472347907,7.912486070444696e-07,6.523049001508759e-08
179,0.0005353500288787379,8.011607422094482e-07,6.601612214241339e-08
180,0.0005416801695169851,8.113297847320177e-07,6.683809898087534e-08
181,0.0005490040009379069,8.216050204617713e-07,6.767634576360835e-08
182,0.0005566878841071037,8.319604163707408e-07,6.851666760996525e-08
183,0.0005641214226821483,8.423412854306869e-07,6.937233267640968e-08
184,0.0005707939816906573,8.528477669635493e-07,7.02491659805287e-08
185,0.0005782651808462356,8.635539645459299e-07,7.116940343468466e-08
186,0.0005864895280039607,8.742902293428498e-07,7.207446174685378e-08
187,0.0005946960729001304,8.851146653877028e-07,7.298474504987828e-08
188,0.0006034464551165858,8.960406566783699e-07,7.38984358762611e-08
189,0.0006106690464709398,9.069719065844859e-07,7.481953183799599e-08
190,0.0006176848506650673,9.181074246711163e-07,7.573234830810576e-08
191,0.0006258155718687535,9.295445669487271e-07,7.66982265133067e-08
192,0.0006345285552377848,9.410691176556648e-07,7.766982418251171e-08
193,0.0006427735369726958,9.52671071639089e-07,7.864038225641641e-08
194,0.0006501912303912489,9.6432655083241e-07,7.961880159909559e-08
195,0.0006578420447842381,9.76163104903426e-07,8.055785679226215e-08
196,0.0006652125561057491,9.879687524717584e-07,8.154775423728481e-08
197,0.0006727336002667092,1.000089542382359e-06,8.25428885634958e-08
198,0.0006809879127444134,1.012360581904542e-06,8.355602783432334e-08
199,0.0006903712225559347,1.024965579619764e-06,8.460274326285852e-08
200,0.0006989281122280311,1.037848880209655e-06,8.566981105933348e-08
201,0.0007075948066050653,1.050631811798529e-06,8.675509732064405e-08
202,0.0007163180432179733,1.063559418091389e-06,8.779914496589419e-08
203,0.0007259624776595429,1.076526078879083e-06,8.890002671603749e-08
204,0.0007353091580777748,1.089706592260536e-06,9.000678116579538e-08
205,0.0007454501134619362,1.103122986056776e-06,9.115892548232153e-08
206,0.0007539315291531881,1.116772501748899e-06,9.232873702686384e-08
207,0.0007628899313521524,1.130329429214898e-06,9.347296613005639e-08
208,0.0007704166085799552,1.144028674028766e-06,9.454812965564303e-08
209,0.0007773958835439885,1.157964150408074e-06,9.564268066777478e-08
210,0.0007865103791224723,1.172150514486718e-06,9.6833840764352e-08
211,0.0007956312855831362,1.18661264458293e-06,9.803178920114962e-08
212,0.0008053022817666491,1.20101490691255e-06,9.924949397106122e-08
213,0.0008149256259798478,1.215587389272075e-06,1.005102249752511e-07
214,0.0008254510322459086,1.230322262049424e-06,1.01740938348117e-07
215,0.0008370249484104663,1.245258363571483e-06,1.030497453100242e-07
216,0.0008441825177156623,1.260157756728429e-06,1.043436297567457e-07
217,0.0008549053996341205,1.27564933943677e-06,1.056530842329168e-07
218,0.0008658477219600654,1.291031214233399e-06,1.069593367338977e-07
219,0.0008773325652179288,1.306774045604715e-06,1.082456687547712e-07
220,0.000887259007559631,1.322675463555564e-06,1.095452002024319e-07
221,0.0008971439198511814,1.338604370562993e-06,1.108327597338696e-07
222,0.0009067777092578613,1.354650298764909e-06,1.121546312663733e-07
223,0.0009150231627487509,1.370946577705895e-06,1.134751104964846e-07
224,0.0009216733330768154,1.387096663051011e-06,1.148353476800558e-07
225,0.0009320486211897498,1.403306441848241e-06,1.160997753555532e-07
226,0.0009438367847622305,1.420671125725287e-06,1.174058966176014e-07
227,0.0009560586663529325,1.437983448137787e-06,1.188372662138397e-07
228,0.0009700314371423007,1.455202112182101e-06,1.203024571879679e-07
229,0.0009837849267305423,1.472780024008573e-06,1.217928998849347e-07
230,0.0009938821472380364,1.490360185101845e-06,1.232172439077414e-07
231,0.001003075645591745,1.508228202094568e-06,1.246112605124259e-07
232,0.001011862375319368,1.526073602579656e-06,1.260245217116685e-07
233,0.001022926797815357,1.544043377531441e-06,1.275616009171058e-07
234,0.001033890830219028,1.562383751826296e-06,1.290621480855395e-07
235,0.001044853652158713,1.581170867394422e-06,1.305810956315825e-07
236,0.001056599906519777,1.599904884174564e-06,1.32101568973407e-07
237,0.001070577408918643,1.619069048878132e-06,1.33606751832035e-07
238,0.001084489332437445,1.638365601851674e-06,1.3520157379985e-07
239,0.001095684366846292,1.657449737522427e-06,1.368392647488859e-07
240,0.001106127469535335,1.676954436029656e-06,1.384506916306584e-07
241,0.0011181167102152,1.696718241576876e-06,1.400500983454201e-07
242,0.00113398542414168,1.716678214337031e-06,1.416869872894839e-07
243,0.001151885551422886,1.73699513819388e-06,1.433683020792867e-07
244,0.001168806622652377,1.75719026128582e-06,1.45078005195665e-07
245,0.001183098070710696,1.777817053520552e-06,1.46791098777389e-07
246,0.001196811473066083,1.798678784591314e-06,1.484848593504304e-07
247,0.001209563363314315,1.819728745870551e-06,1.502624214260714e-07
248,0.001221580789784317,1.840868424894795e-06,1.520174747361756e-07
249,0.00123594973648917,1.86202471213695e-06,1.538036571344788e-07
250,0.001251642902223014,1.883821294318315e-06,1.556482142955526e-07
251,0.001267157029976125,1.905668916602901e-06,1.574134991818572e-07
252,0.001277499865134537,1.927481838874801e-06,1.591124395121252e-07
253,0.001288034046358928,1.949310293100684e-06,1.608262048223494e-07
254,0.001302382964074691,1.971468498411305e-06,1.626656215575591e-07
255,0.001316891276011893,1.994002333132189e-06,1.644779211653403e-07
256,0.001330779019655647,2.016753947111184e-06,1.663696494715762e-07
257,0.001347770522841518,2.039805446159397e-06,1.683723733149009e-07
258,0.001366602372016874,2.063007962544966e-06,1.703249922928393e-07
259,0.001384404225263341,2.086810308131961e-06,1.722556761296307e-07
260,0.001401238187594687,2.110558463373104e-06,1.742322686682873e-07
261,0.001413587075700862,2.134345736522591e-06,1.761773172258694e-07
262,0.001427972798917912,2.158221606902147e-06,1.781156400200908e-07
263,0.001440641997215776,2.182268441947449e-06,1.800831172728329e-07
264,0.001459279950661978,2.206734256112667e-06,1.820900484952463e-07
265,0.0014761015505311,2.231165027336043e-06,1.840400652506105e-07
266,0.001491257431729254,2.256131623715562e-06,1.86176867949386e-07
267,0.001508929725206272,2.280809286333556e-06,1.883239650628619e-07
268,0.00152488874334425,2.305882111415268e-06,1.904573527215129e-07
269,0.001538839465998747,2.331453661419794e-06,1.925421962107291e-07
270,0.001556990577188921,2.357189566676362e-06,1.945203537326069e-07
271,0.001572660498689542,2.383586759306638e-06,1.967337910752699e-07
272,0.001587465441503557,2.409503581317808e-06,1.989581485816242e-07
273,0.001602051510445666,2.435783510964587e-06,2.011781856586374e-07
274,0.001614188208624022,2.461361208383521e-06,2.034863524297464e-07
275,0.001632111362653407,2.487709163903352e-06,2.058139240565004e-07
276,0.001648692079363509,2.513704802866257e-06,2.07963394437186e-07
277,0.001666874525129027,2.54015043936671e-06,2.101456901372782e-07
278,0.001684604098507329,2.567376105016817e-06,2.123172344896981e-07
279,0.001704975747667851,2.595058702285096e-06,2.145868038468863e-07
280,0.001724185791363358,2.622433892274548e-06,2.168715201481769e-07
281,0.001738144475497026,2.649343137376925e-06,2.191970482969542e-07
282,0.001755996435619023,2.676777563089839e-06,2.214754246918749e-07
283,0.001777830551524173,2.70455270117342e-06,2.2371478798758e-07
284,0.001796428130319108,2.732402921176547e-06,2.261082422804095e-07
285,0.001809580270893781,2.759886529833882e-06,2.284087866207e-07
286,0.001828436788457113,2.788171858113459e-06,2.307799986124182e-07
287,0.001851179400665087,2.816629952736247e-06,2.331877370469254e-07
288,0.001876583758299731,2.845412983567532e-06,2.356210423314443e-07
289,0.001893190812685451,2.874623809164413e-06,2.379921278276102e-07
290,0.001908726175187717,2.903673087460644e-06,2.40462719443159e-07
291,0.001921740741401884,2.932961921441984e-06,2.429460493232168e-07
292,0.001938215580409757,2.962211289123952e-06,2.455265964449982e-07
293,0.001957154944342354,2.991196477095013e-06,2.48076582819139e-07
294,0.001978003604920087,3.020943941782423e-06,2.506052017112011e-07
295,0.001999496375314711,3.050347441219514e-06,2.529865581797217e-07
296,0.002024221123718085,3.079858391701079e-06,2.554982428043238e-07
297,0.002044440682296832,3.109227256641913e-06,2.580217646012104e-07
298,0.002058892139410808,3.13900561276235e-06,2.605062412373891e-07
299,0.002064416477997682,3.168729579779034e-06,2.629826102571827e-07
300,0.002080235977101164,3.199033104468449e-06,2.654625127435128e-07
301,0.002094193754858903,3.228942253806124e-06,2.680713321686276e-07
302,0.00212421776115479,3.258925594489674e-06,2.705950477675327e-07
303,0.002147683839886743,3.289548269864902e-06,2.730709784320774e-07
304,0.00217140213221292,3.320052390458268e-06,2.756500554601874e-07
305,0.002198758085839213,3.349920071036361e-06,2.784123745800404e-07
306,0.002216659194853058,3.379424645208921e-06,2.810348438291018e-07
307,0.002230067160154968,3.408218388231156e-06,2.834041882429336e-07
308,0.002237567139970994,3.437484617463231e-06,2.857957608758644e-07
309,0.002243411106263604,3.467066628762081e-06,2.881704917838163e-07
310,0.002269021439360746,3.497339827040462e-06,2.907797815568737e-07
311,0.002289131897733287,3.527344298807005e-06,2.933141716495079e-07
312,0.002306972374669659,3.557374281256866e-06,2.958734864390247e-07
313,0.002327043784684414,3.58621845206373e-06,2.983434083940598e-07
314,0.002343932299242875,3.615154266092098e-06,3.00571196212331e-07
315,0.002358573657315488,3.644325651989017e-06,3.027183733559086e-07
316,0.002368500415777198,3.67325902182407e-06,3.05067877285519e-07
317,0.002378323931335974,3.702614317103272e-06,3.074816146709335e-07
318,0.002400104755897531,3.730978162731723e-06,3.099057932846356e-07
319,0.002423802001265283,3.760416417211372e-06,3.12367519934132e-07
320,0.002447965276356422,3.788145455036716e-06,3.150015463339986e-07
321,0.002460308119024002,3.815957423362737e-06,3.1746235989071e-07
322,0.002475897823332024,3.844900249558185e-06,3.196622284968172e-07
323,0.002491324865506757,3.873062835065529e-06,3.218389132955878e-07
324,0.002506180834651535,3.90056639500676e-06,3.240942647202575e-07
325,0.002517253506905038,3.927618808324063e-06,3.264128963113409e-07
326,0.002539253864581915,3.955866864085952e-06,3.287361554747215e-07
327,0.002557408772617373,3.983226857300635e-06,3.31097916412862e-07
328,0.002581405054735766,4.010422282823717e-06,3.33392441040386e-07
329,0.002599874065940231,4.036859322334947e-06,3.356240240431315e-07
330,0.002608134494932628,4.062550081997808e-06,3.377806815666213e-07
331,0.002621868829082727,4.086885561175733e-06,3.399169272614361e-07
332,0.002633145146372052,4.112378976360184e-06,3.422235848225665e-07
333,0.002653913531147167,4.137260696069729e-06,3.445210582754355e-07
334,0.002671217913549838,4.161913733891594e-06,3.465010716472918e-07
335,0.002691752382939512,4.185726109122861e-06,3.483747790883509e-07
336,0.002708807576965091,4.209102234829634e-06,3.502926168125484e-07
337,0.002718190941714609,4.231730927001828e-06,3.521028405350409e-07
338,0.002727438597765918,4.253649975551357e-06,3.539589755336931e-07
339,0.002740152047459053,4.275441843596029e-06,3.557475372028459e-07
340,0.002760674266576516,4.298277591810638e-06,3.575731233277377e-07
341,0.00277456869156986,4.319238244110408e-06,3.594272643743894e-07
342,0.002787906297987039,4.339679163000241e-06,3.611148425705126e-07
343,0.002811380072881331,4.360625162739261e-06,3.627142791073854e-07
344,0.002821792180681419,4.379885880331939e-06,3.641225311597535e-07
345,0.002835054296294087,4.397312667470271e-06,3.65589722882011e-07
346,0.002843177762519394,4.414871518226897e-06,3.670237934355121e-07
347,0.002853411919659033,4.432061542199955e-06,3.683749147390009e-07
348,0.002871917785144376,4.448999615349649e-06,3.700680909201474e-07
349,0.002882733950108356,4.465444693194631e-06,3.713668789724545e-07
350,0.002896383247175603,4.480626410815245e-06,3.726206627155249e-07
351,0.002897282113209983,4.494399737372766e-06,3.73491059671383e-07
352,0.00290187384747699,4.507657218219913e-06,3.744556495941842e-07
353,0.002906218741687557,4.520981117479016e-06,3.753965171275765e-07
354,0.002920974851263077,4.533556598145992e-06,3.766430978760878e-07
355,0.002933204956914874,4.544838054067216e-06,3.77902484415446e-07
356,0.002943183614690694,4.555217082185183e-06,3.789904997987848e-07
357,0.002954151366547174,4.566189030405214e-06,3.798314817331279e-07
358,0.002947932412494581,4.574258081595032e-06,3.804370169302658e-07
359,0.002954819294915242,4.58312043602309e-06,3.812271616669971e-07
360,0.00295744088122328,4.591814208104463e-06,3.818531435423776e-07
361,0.002963985618372334,4.598933785383972e-06,3.826414751510882e-07
362,0.002973263435684081,4.603247264819501e-06,3.831594869324116e-07
363,0.002974538527206798,4.60818904611708e-06,3.836237451371031e-07
364,0.002975427907515156,4.612199553762894e-06,3.839635045547445e-07
365,0.002966328973972154,4.615666902978227e-06,3.839826368527821e-07
366,0.002968729189542271,4.617812568869457e-06,3.839340442649683e-07
367,0.002972675906063767,4.619593842676832e-06,3.838605507442904e-07
368,0.002979075948966649,4.620022700880356e-06,3.837284444982324e-07
369,0.002988726417394145,4.619001812809467e-06,3.836673980297364e-07
370,0.002995790237009546,4.617749905099799e-06,3.835434856443194e-07
371,0.002992253798661385,4.614266143439014e-06,3.831623691791497e-07
372,0.002974525027398864,4.610929128731515e-06,3.824754110212724e-07
373,0.002971537668961527,4.607795226562461e-06,3.820330661518427e-07
374,0.002966027281539226,4.600895841465966e-06,3.816538983137727e-07
375,0.002963016553097471,4.593810815311185e-06,3.811078692884106e-07
376,0.00296078493194163,4.586584749522059e-06,3.802009279653129e-07
377,0.002961562460816922,4.578224300464068e-06,3.793594811601417e-07
378,0.002958048363981473,4.56790085734439e-06,3.785519000217446e-07
379,0.002939408389707811,4.557201486524744e-06,3.776481058959737e-07
380,0.00292873541787885,4.546763486308496e-06,3.764313796270041e-07
381,0.002924806368963498,4.534591711306705e-06,3.753886882095063e-07
382,0.002924391555328442,4.521909844786448e-06,3.743428054574404e-07
383,0.002914085508911311,4.506929439784296e-06,3.730733767758851e-07
384,0.002901579761922102,4.490846251450966e-06,3.715356064490516e-07
385,0.002889051177452121,4.474118619520863e-06,3.699555930865936e-07
386,0.002870557451364274,4.456953604656451e-06,3.682451686775977e-07
387,0.002857026094633451,4.438952670429057e-06,3.666560456679789e-07
388,0.002844703696740188,4.419212839144978e-06,3.64921261180728e-07
389,0.002834227365822945,4.398771497037795e-06,3.631124980548414e-07
390,0.00282457112359822,4.377978719286748e-06,3.612783596307354e-07
391,0.00281191445056517,4.356509973614236e-06,3.591527802633464e-07
392,0.002798185361881633,4.333263955423983e-06,3.570640654396858e-07
393,0.00278738906680034,4.309194305958308e-06,3.549816750512793e-07
394,0.00276159709498668,4.283316028513367e-06,3.527045831279735e-07
395,0.002749911749179049,4.258116791078366e-06,3.504931445317081e-07
396,0.002733489017838063,4.231196513125144e-06,3.480693448377831e-07
397,0.002718626355756264,4.203313865997228e-06,3.453916987994594e-07
398,0.002704498187188345,4.174247518689223e-06,3.428973485616085e-07
399,0.00268709701890935,4.145193427237348e-06,3.402801836891141e-07
400,0.002670014213798856,4.115218346147988e-06,3.376292135155276e-07
401,0.002649871028515397,4.084684947855716e-06,3.347196161992966e-07
402,0.002625022910756016,4.053517296491872e-06,3.318687969672489e-07
403,0.002601961207812943,4.021287853800148e-06,3.29081119143387e-07
404,0.002592653287138615,3.98878683942981e-06,3.263746329074471e-07
405,0.002572496698629176,3.954039915200103e-06,3.235256114933125e-07
406,0.002554036887104833,3.920017771186417e-06,3.206829146258897e-07
407,0.002538028921997503,3.885036621034784e-06,3.176291612126661e-07
408,0.002515081020926947,3.850195172210736e-06,3.145451898330049e-07
409,0.002493493073697266,3.813618806626078e-06,3.11380946129337e-07
410,0.002470297794905436,3.776547494952236e-06,3.082888645729828e-07
411,0.00244591406578239,3.740479985758255e-06,3.050437923641624e-07
412,0.00242367745043751,3.702639158984674e-06,3.017868045305416e-07
413,0.002398270187351883,3.665380689578888e-06,2.985848676477483e-07
414,0.002376821548859608,3.627357983653505e-06,2.953258758921575e-07
415,0.002358816976342341,3.590090456362872e-06,2.921022238089969e-07
416,0.002342921004481659,3.551725374546993e-06,2.888978010032187e-07
417,0.002318247514762105,3.511948023429018e-06,2.8560831911248e-07
418,0.002290781382466072,3.471992895771302e-06,2.822360964487603e-07
419,0.002262561115727077,3.432343889296407e-06,2.787413199109692e-07
420,0.002237808748238765,3.392197096883613e-06,2.751377389241996e-07
421,0.002211702645328301,3.352039514409168e-06,2.716503485244706e-07
422,0.002185868754456741,3.311149663172124e-06,2.681748281826653e-07
423,0.002160067240308093,3.269850921918489e-06,2.646809261492056e-07
424,0.002136358801082539,3.22922060685615e-06,2.611323172530551e-07
425,0.002112493438841772,3.187609180270333e-06,2.576583092020655e-07
426,0.002085706871580923,3.145649079860688e-06,2.54288500469334e-07
427,0.002062302137465878,3.104078933326407e-06,2.50879453931093e-07
428,0.002035447715250505,3.062882503394339e-06,2.474030696172658e-07
429,0.002004547264267366,3.020439209550558e-06,2.437884437367272e-07
430,0.001976764353214742,2.978681001374216e-06,2.402229272120208e-07
431,0.001950819328990325,2.936913737626482e-06,2.366712005854994e-07
432,0.001923702611040373,2.895224818089309e-06,2.331754105267556e-07
433,0.001891060615337346,2.8534217065949e-06,2.296204501465532e-07
434,0.00185964898730211,2.811596666141176e-06,2.261112243211501e-07
435,0.001833819135034358,2.770337067873385e-06,2.226638209908232e-07
436,0.00180836708547039,2.728779840681908e-06,2.191329946203e-07
437,0.001783161567062684,2.688132422861214e-06,2.155650725719145e-07
438,0.001754958828101666,2.647206127542787e-06,2.120860260868176e-07
439,0.001733084436368033,2.606526740979701e-06,2.086519257352961e-07
440,0.00170843294777725,2.565964212650103e-06,2.052530998691522e-07
441,0.001683529686858345,2.525100494129285e-06,2.018829105825562e-07
442,0.001657532604798545,2.484331306389785e-06,1.985633133638594e-07
443,0.00163064624132313,2.44391464886431e-06,1.95352314294594e-07
444,0.001603709026977982,2.404061691986015e-06,1.921303404930671e-07
445,0.001577308949301833,2.364515112747195e-06,1.887909229187001e-07
446,0.00155173913602714,2.325520325309367e-06,1.85502711405244e-07
447,0.001528600980122573,2.286955134546917e-06,1.823778574360751e-07
448,0.001506305644324844,2.248117242993703e-06,1.793025930912351e-07
449,0.001481568855991031,2.209293894881399e-06,1.762698443601745e-07
450,0.001453338965761849,2.17109609755333e-06,1.731481662244431e-07
451,0.0014279016130984,2.133830811398101e-06,1.699856605834516e-07
452,0.001403286515558982,2.09669126505186e-06,1.669239239762944e-07
453,0.001378591342394584,2.059547902703934e-06,1.639302646708887e-07
454,0.001355433328818124,2.023192381153884e-06,1.609769071549635e-07
455,0.001329443209341597,1.986921609369518e-06,1.5803958374699e-07
456,0.001304821969948898,1.95104004430309e-06,1.55104078624404e-07
457,0.001278461800843257,1.915076048020863e-06,1.521632210892108e-07
458,0.001259881883807497,1.880464315222324e-06,1.492184917917243e-07
459,0.001240449126473299,1.846562888753948e-06,1.46375567603021e-07
460,0.001220000466909354,1.812347587381559e-06,1.437274291965116e-07
461,0.001199600153426909,1.778674238773013e-06,1.411016153376916e-07
462,0.001178503483353784,1.745387198535052e-06,1.384999142953916e-07
463,0.001156168098017422,1.712467376418539e-06,1.358470091958622e-07
464,0.001134465793990078,1.679878674399279e-06,1.332106584991667e-07
465,0.001112578684354221,1.647831723579978e-06,1.306115484438165e-07
466,0.001090296902257453,1.616133956267935e-06,1.280540317494519e-07
467,0.001069363128292316,1.584858896060931e-06,1.255228155274206e-07
468,0.001049161430356488,1.554022635236911e-06,1.230378969610738e-07
469,0.001029049385209991,1.523564099821686e-06,1.205871742492913e-07
470,0.001008869082383087,1.493506233057625e-06,1.181826958363008e-07
471,0.0009883363835026361,1.46392364260709e-06,1.158174600093681e-07
472,0.0009681160609520449,1.434767275354806e-06,1.134935894578175e-07
473,0.0009496419993326021,1.406272608432547e-06,1.112288344237949e-07
474,0.0009304266247448761,1.378071852714295e-06,1.089838707162523e-07
475,0.0009107359250746097,1.350216130740776e-06,1.067583312612531e-07
476,0.0008919723981086231,1.322864980304285e-06,1.045272520101722e-07
477,0.0008745845378256228,1.296145968244423e-06,1.02352449252177e-07
478,0.0008578028673950519,1.269617145099795e-06,1.002206306560876e-07
479,0.0008407723340460582,1.243582361088005e-06,9.811425143335742e-08
480,0.0008243099053365027,1.218095170624491e-06,9.605800635020893e-08
481,0.0008076797113914003,1.192763651729281e-06,9.403498870113809e-08
482,0.0007924372810734174,1.167963643832009e-06,9.205710758700678e-08
483,0.000776330513616242,1.143573397575004e-06,9.01159669879814e-08
484,0.0007595616067406672,1.119467266457872e-06,8.823457509059052e-08
485,0.000743893761541563,1.096030109407407e-06,8.640969784294872e-08
486,0.0007287562517545069,1.072913284061761e-06,8.459438931868092e-08
487,0.0007129789009781987,1.050046555082471e-06,8.28221940332273e-08
488,0.0006978237990560251,1.027689603859141e-06,8.105959435953566e-08
489,0.0006836320938507945,1.005802263601346e-06,7.932155636096447e-08
490,0.0006696501436640393,9.842712138367132e-07,7.760437526708784e-08
491,0.0006536423662517078,9.631093484262341e-07,7.589279696756988e-08
492,0.000639976445028739,9.424191737786321e-07,7.423390945231717e-08
493,0.0006270735324406912,9.222269940178902e-07,7.262426135979967e-08
494,0.0006154566009918368,9.024369158983809e-07,7.105667508407142e-08
495,0.0006036256245893621,8.829790755263189e-07,6.952718468341399e-08
496,0.0005916054409455899,8.637968901733182e-07,6.802543134115806e-08
497,0.000578898271944568,8.448865806509629e-07,6.655498217632622e-08
498,0.0005657497472967322,8.26299925519593e-07,6.510856112899223e-08
499,0.0005531199548081241,8.081346237399328e-07,6.36614982657588e-08
500,0.0005405243245801886,7.90337903998151e-07,6.225395452654913e-08
501,0.0005281028108036601,7.728907462842466e-07,6.086110629365693e-08
502,0.0005161804913238373,7.558194315237347e-07,5.949944598084363e-08
503,0.0005049926890963662,7.390764692062012e-07,5.817356147541659e-08
504,0.0004936850215095261,7.225423101605601e-07,5.686884035732939e-08
505,0.0004822826838263736,7.064810757084182e-07,5.557909422784142e-08
506,0.0004713404285173197,6.907448667560275e-07,5.429921232075202e-08
507,0.0004608768881129145,6.753660871964541e-07,5.306886643385603e-08
508,0.0004506108981818067,6.603254367845803e-07,5.187765057129793e-08
509,0.0004402864306545701,6.454497468454541e-07,5.071345976216717e-08
510,0.0004302756925341083,6.309746089638951e-07,4.956179196580644e-08
511,0.0004206137214261546,6.167981487072839e-07,4.843567304481732e-08
512,0.0004114619278694378,6.029035381753784e-07,4.734996087253122e-08
513,0.0004025615622169642,5.893255114780855e-07,4.628517242165765e-08
514,0.0003938552415675518,5.760327718075203e-07,4.52454563276343e-08
515,0.0003852747063968676,5.629956931679231e-07,4.423315272805125e-08
516,0.0003765201535321208,5.501874690248348e-07,4.323668186898306e-08
517,0.0003681929233712681,5.3770754976835e-07,4.224970713289416e-08
518,0.0003598377343338828,5.25375145272969e-07,4.127452780267692e-08
519,0.000351625502897497,5.133456618029454e-07,4.032203069084343e-08
520,0.0003436690701809025,5.016328970192508e-07,3.939712038586785e-08
521,0.0003359736516581643,4.901662470842895e-07,3.850207486809036e-08
522,0.0003282311588472398,4.788957679038323e-07,3.76291973302528e-08
523,0.0003205410481846224,4.678548377221244e-07,3.676446615855471e-08
524,0.0003131149287093018,4.57086862292165e-07,3.591187138961012e-08
525,0.0003057895559189114,4.465616443644493e-07,3.507808946860552e-08
526,0.0002983270590784056,4.362719572834122e-07,3.425993992350841e-08
527,0.0002912942369528178,4.262238127679997e-07,3.346217730813502e-08
528,0.0002843594126873308,4.163036316440629e-07,3.267860246824729e-08
529,0.0002776983368164984,4.066486235476928e-07,3.190918756340561e-08
530,0.0002712641241814032,3.972294552468561e-07,3.116031659234208e-08
531,0.0002650725127694954,3.88014881319022e-07,3.043552595540639e-08
532,0.0002590286948447716,3.790200151141724e-07,2.973029074248322e-08
533,0.0002527903754995287,3.702466117729881e-07,2.903753072330331e-08
534,0.0002468980312631431,3.616092391122256e-07,2.835863857567422e-08
535,0.0002410737730083914,3.531578025514632e-07,2.769585960767456e-08
536,0.0002353716415475672,3.449094195687084e-07,2.704891265969732e-08
537,0.0002298338815681026,3.368564010410839e-07,2.641705262036211e-08
538,0.0002244766613080473,3.289734539121336e-07,2.579846421662822e-08
539,0.0002191730095227743,3.212270369486855e-07,2.519606191498776e-08
540,0.0002139890683114697,3.136752525251029e-07,2.460069390763047e-08
541,0.0002088871378140239,3.062920938971471e-07,2.40184052014494e-08
542,0.0002039634170492822,2.990919915515083e-07,2.344979407305805e-08
543,0.0001990821945713368,2.920532557958674e-07,2.289578393542893e-08
544,0.0001942732402141044,2.851712507791742e-07,2.23524369493913e-08
545,0.0001896961959835787,2.784617366935756e-07,2.182321247431734e-08
546,0.000185208545101398,2.719210207726223e-07,2.130630741159281e-08
547,0.0001808996083080955,2.655164816750683e-07,2.080080111526203e-08
548,0.0001767593482208707,2.592684746691168e-07,2.030816991462943e-08
549,0.0001727471565055304,2.531563124862554e-07,1.982833555102015e-08
550,0.0001687330737270161,2.471864520521023e-07,1.936083024513796e-08
551,0.0001647927885794783,2.413606491771062e-07,1.890424011411056e-08
552,0.0001608162222796124,2.356277004524518e-07,1.846150327477237e-08
553,0.0001570668131812023,2.300479513166183e-07,1.802460739675481e-08
554,0.0001533680458347327,2.24597454489666e-07,1.75960252937257e-08
555,0.0001497749785138046,2.192740518252914e-07,1.717766285766305e-08
556,0.0001462647686319635,2.140713125731008e-07,1.67701456233226e-08
557,0.0001427866569975103,2.089870594924668e-07,1.637124357959705e-08
558,0.0001394944828743235,2.040241207352994e-07,1.598328364858666e-08
559,0.0001362730495388732,1.991762996746633e-07,1.560430702197867e-08
560,0.0001329853497256166,1.94436610975257e-07,1.523223725006808e-08
561,0.0001297271609564545,1.897953828736602e-07,1.486793914025007e-08
562,0.0001265720997351154,1.852665704827949e-07,1.451160980077011e-08
563,0.0001235140910800007,1.80858449931516e-07,1.416283763575622e-08
564,0.0001205836728598181,1.765492340734699e-07,1.38245555166769e-08
565,0.0001177103272847772,1.723378563388689e-07,1.349508911113631e-08
566,0.0001148855972354328,1.682186362676902e-07,1.317565751250855e-08
567,0.0001121924772539002,1.642077970175007e-07,1.286284740236543e-08
568,0.0001095203922799186,1.602880753897603e-07,1.255741031763712e-08
569,0.000106906852078667,1.564620274346862e-07,1.225925224731624e-08
570,0.000104360123872123,1.527260347639519e-07,1.196806007258035e-08
571,0.0001018830783559621,1.490783429822277e-07,1.168276176857053e-08
572,9.945185962756705e-05,1.455057542441168e-07,1.140430240967853e-08
573,9.707603402556149e-05,1.420228127562132e-07,1.113093494478375e-08
574,9.471628995009523e-05,1.386130276526369e-07,1.08631993784731e-08
575,9.240547939489874e-05,1.352856035727095e-07,1.060095802955845e-08
576,9.018227524086089e-05,1.320416587102003e-07,1.034541772269093e-08
577,8.801875237306521e-05,1.288777161475499e-07,1.009701240312189e-08
578,8.588384383285014e-05,1.257901025221422e-07,9.854390618479823e-09
579,8.381279843751111e-05,1.22767852396384e-07,9.616971283444061e-09
580,8.18297288118424e-05,1.198231056438497e-07,9.385296832387668e-09
581,7.988661478032454e-05,1.169478508560963e-07,9.15992685101103e-09
582,7.797752345758194e-05,1.141404613422963e-07,8.940884358407976e-09
583,7.611762447516445e-05,1.114010997702263e-07,8.727341653233768e-09
584,7.428508366832471e-05,1.087215336806162e-07,8.51864219688666e-09
585,7.249002178491478e-05,1.061057036191421e-07,8.314291075132419e-09
586,7.074504874437006e-05,1.035537129954425e-07,8.114592769262724e-09
587,6.904060476097371e-05,1.010621779282142e-07,7.919692992231694e-09
588,6.735572165877814e-05,9.863068912413054e-08,7.729408845809137e-09
589,6.573958108876517e-05,9.625686243837202e-08,7.543642856604226e-09
590,6.417380166830347e-05,9.394062694091518e-08,7.362327392543303e-09
591,6.26527024008633e-05,9.168249156278954e-08,7.185714119118586e-09
592,6.116210096055907e-05,8.94746858115357e-08,7.013469035345234e-09
593,5.969791846003193e-05,8.731858825412839e-08,6.845049430507685e-09
594,5.823372108313081e-05,8.521308403431817e-08,6.679877206622944e-09
595,5.682216241265732e-05,8.316087937722054e-08,6.518330303460332e-09
596,5.54457318580975e-05,8.115590810211153e-08,6.361102226590613e-09
597,5.411331314110029e-05,7.919899955468952e-08,6.208224366425514e-09
598,5.282129851264855e-05,7.728902879228396e-08,6.059491118934685e-09
599,5.155760971344758e-05,7.542568390273339e-08,5.913474943382164e-09
600,5.033216168809407e-05,7.360967875767708e-08,5.771033666764847e-09
601,4.913780483399353e-05,7.18361824258607e-08,5.632465818344518e-09
602,4.79574567597758e-05,7.010427988101726e-08,5.496901266033062e-09
603,4.680149552662881e-05,6.841330569356113e-08,5.364548832145309e-09
604,4.56846127204626e-05,6.676297532226189e-08,5.235770604728936e-09
605,4.459950929323571e-05,6.515210985354986e-08,5.110115198432616e-09
606,4.354018149321171e-05,6.357984499286435e-08,4.987449350709689e-09
607,4.250565769272013e-05,6.204536612254182e-08,4.867740749986625e-09
608,4.149730279379398e-05,6.054795995060671e-08,4.750933558252125e-09
609,4.051188278454934e-05,5.908653267481025e-08,4.636853449911651e-09
610,3.955122553017986e-05,5.766088971979626e-08,4.525383834908315e-09
611,3.86192144610451e-05,5.627025455990121e-08,4.416926432395631e-09
612,3.770692155649137e-05,5.491216307479204e-08,4.311050966296816e-09
613,3.682075587860827e-05,5.358750421018005e-08,4.207663164052749e-09
614,3.595079463527863e-05,5.229316232141653e-08,4.106735798712757e-09
615,3.510208092092367e-05,5.103004748573407e-08,4.008246781564896e-09
616,3.427202924114207e-05,4.979712414585139e-08,3.912132664040779e-09
617,3.345579496121948e-05,4.85924187431077e-08,3.81811867775636e-09
618,3.265551259672928e-05,4.741651790367488e-08,3.726255015865106e-09
619,3.187222157283037e-05,4.626892908593183e-08,3.636443771946177e-09
620,3.110642124195202e-05,4.514890027059013e-08,3.548630231271075e-09
621,3.035764518719186e-05,4.405578874327077e-08,3.462854431322989e-09
622,2.962230145385189e-05,4.298869010534365e-08,3.379166906801554e-09
623,2.889342281376657e-05,4.194471281464595e-08,3.2973369226451e-09
624,2.817432842448571e-05,4.092583507157778e-08,3.216892745798906e-09
625,2.747077987929543e-05,3.993225467006253e-08,3.138196379690528e-09
626,2.679439621274626e-05,3.896401619762557e-08,3.06158456339911e-09
627,2.613725468830159e-05,3.80196226604275e-08,2.987151196275338e-09
628,2.54978057625418e-05,3.709824914652723e-08,2.914631056166496e-09
629,2.487829379152761e-05,3.619908975962051e-08,2.843990233919684e-09
630,2.427557282630548e-05,3.532170308130261e-08,2.775129683578041e-09
631,2.368756596816339e-05,3.446538731475703e-08,2.707924909873219e-09
632,2.311328856547455e-05,3.362974994176661e-08,2.642224253140839e-09
633,2.255270517010994e-05,3.281426078274365e-08,2.578132363308474e-09
634,2.200518147735668e-05,3.201842547559442e-08,2.515584398476338e-09
635,2.146792458438681e-05,3.124100497783869e-08,2.454501904766184e-09
636,2.094437425081109e-05,3.048290200097755e-08,2.394928277962535e-09
637,2.043441042975809e-05,2.974325289479437e-08,2.33681818337183e-09
638,1.993715981597192e-05,2.902147209310187e-08,2.280103921138678e-09
639,1.945193944972386e-05,2.831712316380025e-08,2.224746372556606e-09
640,1.897850428952474e-05,2.762978627527412e-08,2.170719001596862e-09
641,1.85164630393007e-05,2.695905373799915e-08,2.117984612547668e-09
642,1.806558328472206e-05,2.630453473094788e-08,2.066512928688791e-09
643,1.76253472549778e-05,2.566616397353426e-08,2.016203810814561e-09
644,1.719676223203231e-05,2.504336392663241e-08,1.967013737981627e-09
645,1.677847809924383e-05,2.443550481551292e-08,1.919099657654341e-09
646,1.636955479686459e-05,2.384236784177722e-08,1.87251461086775e-09
647,1.597089756159585e-05,2.326353879786248e-08,1.827052416682477e-09
648,1.558059487613698e-05,2.269864220685584e-08,1.782660654491226e-09
649,1.52006804939821e-05,2.214744341856538e-08,1.739351745474151e-09
650,1.483045410721741e-05,2.160959257528657e-08,1.697097793384717e-09
651,1.446897153064162e-05,2.108470249132831e-08,1.655854569899922e-09
652,1.411549988062365e-05,2.057248048378375e-08,1.615553583146822e-09
653,1.377048889634267e-05,2.007257748906632e-08,1.576213486956462e-09
654,1.342522230990812e-05,1.958271323624944e-08,1.537659282751661e-09
655,1.309046454248586e-05,1.910639371049469e-08,1.499825108146569e-09
656,1.275617496030428e-05,1.864196800140762e-08,1.462988803621577e-09
657,1.245549180966229e-05,1.818880719309257e-08,1.427391074265517e-09
658,1.216059703192808e-05,1.774813090311955e-08,1.392680806699196e-09
659,1.186602669555406e-05,1.731647336149464e-08,1.358778593005751e-09
660,1.157966965655688e-05,1.6895822625745e-08,1.325746606515207e-09
661,1.129996002401567e-05,1.648523130406709e-08,1.293534602375364e-09
662,1.102644759338447e-05,1.608456927625323e-08,1.262084373050553e-09
663,1.075892660665003e-05,1.569331273738833e-08,1.231378881841117e-09
664,1.049729083236291e-05,1.531170854990686e-08,1.201422113984143e-09
665,1.024142000677645e-05,1.493942481769748e-08,1.172186963352096e-09
666,9.991819716248941e-06,1.457620078759016e-08,1.143663269478419e-09
667,9.748234365555704e-06,1.422180733112e-08,1.11583271945802e-09
668,9.510522389027442e-06,1.387602079811938e-08,1.088675468275064e-09
669,9.278425364988268e-06,1.353862341666187e-08,1.062175902722485e-09
670,9.051897134135947e-06,1.320941916902153e-08,1.036316523855825e-09
671,8.83110364804717e-06,1.288821807926618e-08,1.011080030032808e-09
672,8.61564043698746e-06,1.257481688038569e-08,9.864558375579027e-10
673,8.405404466916158e-06,1.226903556212102e-08,9.624302702625073e-10
674,8.200753835917062e-06,1.197069181977831e-08,9.38994841485994e-10
675,8.001024499588473e-06,1.167959700474033e-08,9.161310520284127e-10
676,7.805850944103202e-06,1.139555544137066e-08,8.938243956217739e-10
677,7.615410130247778e-06,1.111841143103207e-08,8.72058126544514e-10
678,7.429449331874641e-06,1.084800416695417e-08,8.50819248115618e-10
679,7.248556130560393e-06,1.058416934566042e-08,8.301030536903404e-10
680,7.073282370337833e-06,1.032698452399165e-08,8.099037671849923e-10
681,6.902488839896203e-06,1.007610677171643e-08,7.902139674201521e-10
682,6.734683618032933e-06,9.83102402700024e-09,7.710257714266014e-10
683,6.570958355830587e-06,9.591929653591166e-09,7.523092409202343e-10
684,6.411180488348043e-06,9.35864279833764e-09,7.34040473494638e-10
685,6.253292838657565e-06,9.130989197168381e-09,7.161819762270212e-10
686,6.099151153637132e-06,8.908868215952896e-09,6.987451924214197e-10
687,5.949255752291819e-06,8.692152926297081e-09,6.817282305928638e-10
688,5.803408076696432e-06,8.480711515833435e-09,6.651263996227137e-10
689,5.661390750884619e-06,8.27441770055723e-09,6.489318234990752e-10
690,5.523066474726965e-06,8.073141927327694e-09,6.331358607664138e-10
691,5.388275103018188e-06,7.876760105872176e-09,6.177255222154621e-10
692,5.256892408007439e-06,7.685153261930447e-09,6.026898820342964e-10
693,5.128767197538485e-06,7.49820495246111e-09,5.880198008640853e-10
694,5.003795822091702e-06,7.315801559626287e-09,5.737072223843144e-10
695,4.881897085391509e-06,7.137832565604197e-09,5.597430772502262e-10
696,4.762982072576681e-06,6.964190259109711e-09,5.461190155700616e-10
697,4.646968147698552e-06,6.794769593699173e-09,5.328265257747729e-10
698,4.533783395547391e-06,6.629467868093376e-09,5.19857568804133e-10
699,4.423358368109252e-06,6.468185064490902e-09,5.072043780179652e-10
700,4.31562669125887e-06,6.3108235740993e-09,4.948594258969116e-10
701,4.210520847747798e-06,6.157288176432365e-09,4.82814998947913e-10
702,4.107916015196365e-06,6.007484198445595e-09,4.710474431386872e-10
703,4.007805518196105e-06,5.861323089046341e-09,4.595731477636322e-10
704,3.91016926706985e-06,5.71871909593226e-09,4.483893138371451e-10
705,3.814933068316977e-06,5.579583658827554e-09,4.374840687805854e-10
706,3.722028966043257e-06,5.443831583196478e-09,4.268412361781741e-10
707,3.631393910678447e-06,5.311380497435825e-09,4.16455412946372e-10
708,3.542969107047602e-06,5.182150173320998e-09,4.063210665234889e-10
709,3.45670304170163e-06,5.056062396945787e-09,3.964325805001081e-10
710,3.372633614012621e-06,4.933030706268256e-09,3.867872221057166e-10
711,3.290564100192266e-06,4.812972382754548e-09,3.773744855930534e-10
712,3.21042595694748e-06,4.695852447741969e-09,3.681917540552097e-10
713,3.132218751726877e-06,4.581587638370066e-09,3.592330333213854e-10
714,3.055940674016139e-06,4.470104278841442e-09,3.504913589201991e-10
715,2.981535148818638e-06,4.361333192616997e-09,3.419617364654678e-10
716,2.908945819184077e-06,4.255207918395205e-09,3.336392729836889e-10
717,2.838126834183418e-06,4.151664185570697e-09,3.255191080971344e-10
718,2.769029293259907e-06,4.050639039761244e-09,3.17596433494276e-10
719,2.701611081152479e-06,3.952071216416219e-09,3.098665022148502e-10
720,2.635814153111081e-06,3.855898293418331e-09,3.023246867555591e-10
721,2.571493957210604e-06,3.762048081572895e-09,2.949655885698729e-10
722,2.508718535876926e-06,3.670487584235444e-09,2.877779419683375e-10
723,2.44751876375758e-06,3.581157072354393e-09,2.807752138052925e-10
724,2.387850135399239e-06,3.49400362986438e-09,2.739402262620053e-10
725,2.329669449937658e-06,3.408974090040145e-09,2.672720415217456e-10
726,2.272929736374579e-06,3.326015779078833e-09,2.607676794904496e-10
727,2.217586443768113e-06,3.245076690364852e-09,2.544215434971334e-10
728,2.16359733492236e-06,3.166106860198651e-09,2.482297192406465e-10
729,2.111001084908584e-06,3.08908584814499e-09,2.421918614371811e-10
730,2.059687421584799e-06,3.013950202627886e-09,2.363017510247534e-10
731,2.009566192532927e-06,2.940635844264302e-09,2.305531618252345e-10
732,1.960630605375419e-06,2.8691012793271e-09,2.249429112184902e-10
733,1.912867669693329e-06,2.799304876114072e-09,2.194679159906653e-10
734,1.866260698032962e-06,2.731205157054846e-09,2.141272920715873e-10
735,1.820793927075654e-06,2.664761129175557e-09,2.08916341002552e-10
736,1.776518253615419e-06,2.599932493742495e-09,2.038315831510755e-10
737,1.733327209439965e-06,2.536679774758345e-09,1.988700753493066e-10
738,1.691191075880254e-06,2.474964407588471e-09,1.940293772052989e-10
739,1.65007783071804e-06,2.41474883193079e-09,1.893065955377552e-10
740,1.609965762653399e-06,2.355996290282637e-09,1.846988203095229e-10
741,1.570828823868775e-06,2.298671091883257e-09,1.802031871674152e-10
742,1.532641788842339e-06,2.242738505322474e-09,1.758169730832085e-10
743,1.495380440464626e-06,2.188164735778792e-09,1.715378445640712e-10
744,1.459021539349092e-06,2.134916891478579e-09,1.673641606068965e-10
745,1.423542729342275e-06,2.082962944719733e-09,1.632919666648917e-10
746,1.388922502072414e-06,2.032271687218086e-09,1.593190486280877e-10
747,1.355140192467957e-06,1.982812687002316e-09,1.554426171094753e-10
748,1.322175581211322e-06,1.934556337326531e-09,1.516603464364685e-10
749,1.290009402832143e-06,1.887473759747218e-09,1.479699587724194e-10
750,1.25862455300517e-06,1.841536397218576e-09,1.443692336771446e-10
751,1.228001185293367e-06,1.79671656920363e-09,1.408560049292444e-10
752,1.198120961027893e-06,1.752987226085147e-09,1.374281586279887e-10
753,1.168965445343601e-06,1.710321936312091e-09,1.340836310380758e-10
754,1.140517429124453e-06,1.668694876406333e-09,1.308204075002675e-10
755,1.112760084204235e-06,1.62808082347142e-09,1.276365212692263e-10
756,1.085676938152626e-06,1.588455147131657e-09,1.245300711656201e-10
757,1.059251876711735e-06,1.549793802789152e-09,1.214992102223673e-10
758,1.033469047980439e-06,1.512073321354353e-09,1.185420530788321e-10
759,1.008312931448839e-06,1.47527080031387e-09,1.15656812321036e-10
760,9.837687084698445e-07,1.439363889487755e-09,1.128417661105783e-10
761,9.59821561241695e-07,1.404330788784367e-09,1.100952029183115e-10
762,9.36457049862032e-07,1.370150229982757e-09,1.074154552452778e-10
763,9.136610707450429e-07,1.336801479172914e-09,1.048009087999975e-10
764,8.914159754828372e-07,1.304264638449574e-09,1.022499904689072e-10
765,8.697053487251132e-07,1.272520068023827e-09,9.9761146933703e-11
766,8.485290710591729e-07,1.241547398664222e-09,9.73329184280064e-11
767,8.278672985902496e-07,1.211328415041216e-09,9.496382264406085e-11
768,8.077088269416042e-07,1.181844878282735e-09,9.265239528614217e-11
769,7.880423543509295e-07,1.153078868483253e-09,9.039721481473399e-11
770,7.688558517551931e-07,1.12501290079556e-09,8.819690643035772e-11
771,7.501375087202902e-07,1.097629934038943e-09,8.605013274323308e-11
772,7.318748226430014e-07,1.070913352263587e-09,8.395559504122053e-11
773,7.140573560608038e-07,1.04484694927963e-09,8.191203003122665e-11
774,6.966744415089595e-07,1.019414914406702e-09,7.991819871965711e-11
775,6.797152166831739e-07,9.94601820242823e-10,7.797289384591079e-11
776,6.631691731303862e-07,9.703926133279815e-10,7.607493647758759e-11
777,6.470261062367492e-07,9.467726049563718e-10,7.422317505042508e-11
778,6.312761072165413e-07,9.237274623026733e-10,7.24164854892946e-11
779,6.159095484564392e-07,9.012432002610995e-10,7.065377056064292e-11
780,6.009170423163872e-07,8.79306172988163e-10,6.893395972994082e-11
781,5.862894647222668e-07,8.579030674103961e-10,6.725600859011321e-11
782,5.720179350543997e-07,8.370208924049412e-10,6.561889819737696e-11
783,5.580937741742495e-07,8.166469710473149e-10,6.402163446192188e-11
784,5.445085334599574e-07,7.967689345762451e-10,6.246324728000819e-11
785,5.312550427670294e-07,7.77374715686974e-10,6.094210461096868e-11
786,5.183233671129627e-07,7.58452549856654e-10,5.945815240026222e-11
787,5.057061212340012e-07,7.39990935561857e-10,5.80105352340922e-11
788,4.933958453021553e-07,7.219786633953559e-10,5.659829494726721e-11
789,4.813852010045976e-07,7.044047986756649e-10,5.522051159919545e-11
790,4.696669476465644e-07,6.872586729308508e-10,5.387630687914677e-11
791,4.582339769364309e-07,6.705298762907702e-10,5.256484060386196e-11
792,4.470793322481788e-07,6.542082516662896e-10,5.128530406425743e-11
793,4.361962378299487e-07,6.382838892797083e-10,5.003691483589034e-11
794,4.255780723925958e-07,6.227471202927926e-10,4.881891284684545e-11
795,4.152183850276648e-07,6.075885119498743e-10,4.763055839675879e-11
796,4.051108757669513e-07,5.927988608292383e-10,4.64711298229828e-11
797,3.952494101099581e-07,5.783691879988146e-10,4.53399232962682e-11
798,3.856279929231558e-07,5.642907328923153e-10,4.423625202539588e-11
799,3.76240776221065e-07,5.505549484373369e-10,4.315944587753737e-11
800,3.67093493276053e-07,5.371546985801704e-10,4.2108953117647e-11
801,3.581661205638312e-07,5.240802330002301e-10,4.108393833636184e-11
802,3.494531707194831e-07,5.113236656644594e-10,4.008387612655788e-11
803,3.40950914844711e-07,4.988774218807243e-10,3.91082613467236e-11
804,3.32654290031817e-07,4.867340299575841e-10,3.81564129883558e-11
805,3.245590481696734e-07,4.748861597669953e-10,3.722770679247085e-11
806,3.166600992516478e-07,4.633266390213464e-10,3.632159089061273e-11
807,3.08952870188883e-07,4.520484610642907e-10,3.543752448485798e-11
808,3.014328576651727e-07,4.410447846332554e-10,3.457495371173402e-11
809,2.940956138490746e-07,4.303089335093757e-10,3.373336275667731e-11
810,2.869367830990402e-07,4.198343917323022e-10,3.291224627566361e-11
811,2.799520862112154e-07,4.096148017612495e-10,3.211110991340665e-11
812,2.731373336794219e-07,3.996439601344064e-10,3.132946939099648e-11
813,2.664884467424432e-07,3.899158138617458e-10,3.056685172416167e-11
814,2.600013897437045e-07,3.804244564416445e-10,2.982279492438581e-11
815,2.536722326997659e-07,3.711641256922828e-10,2.909684732237308e-11
816,2.474971440318757e-07,3.621291992681634e-10,2.838856871655423e-11
817,2.414723753054299e-07,3.533141914955835e-10,2.769752921014948e-11
818,2.355942735665235e-07,3.447137497990545e-10,2.702330939933222e-11
819,2.298592625452259e-07,3.363226525282391e-10,2.636550008537182e-11
820,2.242638577991044e-07,3.281358044441774e-10,2.57237018963149e-11
821,2.18804663083567e-07,3.201482345799686e-10,2.509752571444222e-11
822,2.13478360464166e-07,3.123550925899511e-10,2.448659123251456e-11
823,2.082817096250793e-07,3.047516463844997e-10,2.389052739335476e-11
824,2.032115571689608e-07,2.973332789348742e-10,2.330897238080957e-11
825,1.982648253175734e-07,2.900954858186242e-10,2.274157314057411e-11
826,1.934385061185672e-07,2.830338720611693e-10,2.218798521283797e-11
827,1.887296667377367e-07,2.761441491720445e-10,2.164787240100115e-11
828,1.841354505110536e-07,2.694221333866839e-10,2.112090699284802e-11
829,1.796530698014699e-07,2.628637426958992e-10,2.060676891690635e-11
830,1.752797990951787e-07,2.564649947826476e-10,2.01051458705293e-11
831,1.710129827025893e-07,2.502220035392746e-10,1.961573329289716e-11
832,1.66850032229911e-07,2.441309780012465e-10,1.913823417545375e-11
833,1.627884192828839e-07,2.38188219215717e-10,1.867235825877747e-11
834,1.588256727046973e-07,2.323901180874071e-10,1.821782286267973e-11
835,1.549593915016017e-07,2.267331539453001e-10,1.777435183010567e-11
836,1.511872244563273e-07,2.212138912973119e-10,1.73416759067883e-11
837,1.475068806394899e-07,2.158289782440075e-10,1.691953225499378e-11
838,1.439161292922721e-07,2.105751447125771e-10,1.6507664647211e-11
839,1.404127851599586e-07,2.054491999780736e-10,1.6105822819641e-11
840,1.36994720885135e-07,2.004480314030823e-10,1.571376274851264e-11
841,1.336598648584054e-07,1.955686014678483e-10,1.533124641115645e-11
842,1.30406186176493e-07,1.908079472649061e-10,1.495804142632504e-11
843,1.272317111317476e-07,1.861631775272753e-10,1.4593921033993e-11
844,1.241345137482833e-07,1.816314713551607e-10,1.423866428776589e-11
845,1.211127097258276e-07,1.772100770733411e-10,1.389205540156764e-11
846,1.181644623956192e-07,1.7289630917715e-10,1.355388379042133e-11
847,1.152879863946654e-07,1.686875480050083e-10,1.32239442115958e-11
848,1.124815320197869e-07,1.645812377403796e-10,1.290203607632032e-11
849,1.09743392719333e-07,1.605748843879287e-10,1.258796400461745e-11
850,1.070719114630857e-07,1.566660546036933e-10,1.228153726167001e-11
851,1.044654596874535e-07,1.528523748090456e-10,1.198256973847739e-11
852,1.019224560999761e-07,1.491315288028014e-10,1.169087981761911e-11
853,9.944135611227725e-08,1.455012570959354e-10,1.140629038211958e-11
854,9.70206537064523e-08,1.4195935495337e-10,1.112862868084934e-11
855,9.465887882281902e-08,1.385036711357372e-10,1.085772583969886e-11
856,9.235459517315066e-08,1.351321067736054e-10,1.059341756145702e-11
857,9.010640603278484e-08,1.318426147912881e-10,1.033554330522902e-11
858,8.791294543294169e-08,1.286331968775364e-10,1.008394626176382e-11
859,8.577287536996483e-08,1.255019042551061e-10,9.838473840883065e-12
860,8.368490526571341e-08,1.224468351422919e-10,9.598976846933821e-12
861,8.164775993139615e-08,1.19466133699639e-10,9.365309809539067e-12
862,7.966020637003107e-08,1.165579901841851e-10,9.137330957951543e-12
863,7.772103513445082e-08,1.137206382759861e-10,8.91490162560903e-12
864,7.582906790014173e-08,1.10952354713194e-10,8.697886908072786e-12
865,7.398315892428412e-08,1.082514584452283e-10,8.48615480244721e-12
866,7.218218328770066e-08,1.056163088638251e-10,8.279576880502766e-12
867,7.042504913791391e-08,1.030453054289745e-10,8.078027672288603e-12
868,6.87106900655735e-08,1.005368867135358e-10,7.881384773337475e-12
869,6.703806107388551e-08,9.808952974702941e-11,7.689528598286496e-12
870,6.540615088716294e-08,9.570174765524754e-11,7.5023427253661e-12
871,6.381396448539784e-08,9.337209061503195e-11,7.31971356073837e-12
872,6.226053837146087e-08,9.109914386291588e-11,7.141530055746928e-12
873,6.07449262414887e-08,8.888152649892823e-11,6.967684016799306e-12
874,5.926620979881703e-08,8.671789191294302e-11,6.798069963634022e-12
875,5.782348892413622e-08,8.460692578160555e-11,6.632584715999297e-12
876,5.641588886587938e-08,8.254734635845747e-11,6.471127926912243e-12
877,5.504255409542015e-08,8.053790252747974e-11,6.313601283531252e-12
878,5.370265018116034e-08,7.857737424922962e-11,6.159909391280568e-12
879,5.239536255929599e-08,7.66645703495566e-11,6.009958762459036e-12
880,5.111989597842278e-08,7.479832947751256e-11,5.863658402575015e-12
881,4.987548338216796e-08,7.297751785997946e-11,5.720919437744631e-12
882,4.866136026188859e-08,7.120103035812159e-11,5.581655080833739e-12
883,4.747679574646347e-08,6.946778721162002e-11,5.445780823350738e-12
884,4.632106323391083e-08,6.777673575946931e-11,5.313214194759608e-12
885,4.519346636378901e-08,6.612684916155889e-11,5.183874507221388e-12
886,4.40933181220111e-08,6.451712574637599e-11,5.057683443296395e-12
887,4.301995299207525e-08,6.294658730594318e-11,4.934564206241196e-12
888,4.197271387248145e-08,6.141428021076477e-11,4.814441958159119e-12
889,4.095096728942426e-08,5.99192738106364e-11,4.697243904252145e-12
890,3.995409588655103e-08,5.846066003238332e-11,4.582898793803514e-12
891,3.898149143686586e-08,5.703755308608019e-11,4.471337211621454e-12
892,3.803256053308638e-08,5.56490884668243e-11,4.362491324151341e-12
893,3.710672928012228e-08,5.4294422973345e-11,4.256295021240211e-12
894,3.620344000976312e-08,5.297273421424024e-11,4.152683888006049e-12
895,3.532213673484193e-08,5.168321911907535e-11,4.051594962494256e-12
896,3.446228482626723e-08,5.042509441057378e-11,3.952966826116309e-12
897,3.362336676956738e-08,4.919759595862774e-11,3.856739603961461e-12
898,3.280486857022838e-08,4.799997845920934e-11,3.762854846910666e-12
899,3.200629895420568e-08,4.683151451505484e-11,3.671255475030327e-12
900,3.122716418497368e-08,4.569149420410256e-11,3.581885985284656e-12
901,3.046699996500989e-08,4.457922533677961e-11,3.494691856867562e-12
902,2.972533803732138e-08,4.349403219419669e-11,3.409620467621613e-12
903,2.900173059392655e-08,4.243525599425959e-11,3.326619802756488e-12
904,2.82957403625706e-08,4.140225334791061e-11,3.245639733825982e-12
905,2.760693629060488e-08,4.039439716372255e-11,3.166630932178506e-12
906,2.693489566392721e-08,3.941107504168348e-11,3.089545500486735e-12
907,2.627921802278449e-08,3.845168981990438e-11,3.014336493039357e-12
908,2.563949948459045e-08,3.751565911012491e-11,2.940958308282079e-12
909,2.50153543909822e-08,3.660241397406334e-11,2.869366375552952e-12
910,2.440640354456625e-08,3.571139977753453e-11,2.799517158981754e-12
911,2.381227665912868e-08,3.484207534646149e-11,2.731368383943219e-12
912,2.32326100989976e-08,3.399391324342454e-11,2.664878444311692e-12
913,2.266705852522282e-08,3.31663977186437e-11,2.600007163827184e-12
914,2.211527081564863e-08,3.235902676184496e-11,2.536714962658994e-12
915,2.157691582241883e-08,3.157130938943649e-11,2.474963490898602e-12
916,2.105166915324136e-08,3.080276717174645e-11,2.414715258556891e-12
917,2.05392051009797e-08,3.005293372573438e-11,2.355933667444567e-12
918,2.003921640387426e-08,2.932135340061341e-11,2.298583019803979e-12
919,1.955140004004389e-08,2.860758198282842e-11,2.242628460861291e-12
920,1.907545650523376e-08,2.791118576556803e-11,2.188035932639744e-12
921,1.861110218302728e-08,2.723174219292188e-11,2.134772374508729e-12
922,1.815805007931405e-08,2.65688379650862e-11,2.082805471249352e-12
923,1.771602518297714e-08,2.592207097284834e-11,2.032103539843453e-12
924,1.728476260713708e-08,2.529104793871793e-11,1.982635854889357e-12
925,1.68639996059538e-08,2.46753863378634e-11,1.934372390878985e-12
926,1.645347512677612e-08,2.407471163275578e-11,1.88728377479913e-12
927,1.605294690198689e-08,2.34886591457752e-11,1.841341489511103e-12
928,1.566216786988927e-08,2.2916873004731e-11,1.796517560517654e-12
929,1.528090267541625e-08,2.235900583924577e-11,1.752784742266105e-12
930,1.490891817899444e-08,2.181471876115519e-11,1.710116469419526e-12
931,1.454598809497079e-08,2.128368134143795e-11,1.668486999543923e-12
932,1.419189403363175e-08,2.076557100741773e-11,1.627870880001953e-12
933,1.384641869072574e-08,2.026007287305893e-11,1.588243381760432e-12
934,1.350935299334292e-08,1.976688027789723e-11,1.549580718478894e-12
935,1.318049530733672e-08,1.928569340230466e-11,1.511859078023356e-12
936,1.285964060677634e-08,1.8816220236209e-11,1.475055775704355e-12
937,1.254659469647795e-08,1.83581752394139e-11,1.439148333411381e-12
938,1.224117127104984e-08,1.791128057695176e-11,1.404114997957711e-12
939,1.194318401449815e-08,1.747526456510599e-11,1.369934521892678e-12
940,1.165245325680217e-08,1.704986239517284e-11,1.336585967647659e-12
941,1.136879332322567e-08,1.663481619341713e-11,1.304049380105479e-12
942,1.109204160767488e-08,1.622987343642367e-11,1.272304754665376e-12
943,1.082202465579345e-08,1.583478792449456e-11,1.241332928046489e-12
944,1.055858516592538e-08,1.544932027581671e-11,1.21111499337544e-12
945,1.030155523625975e-08,1.507323603457042e-11,1.181632717432935e-12
946,1.005078523902801e-08,1.470630675995667e-11,1.152868100783594e-12
947,9.806116949782094e-09,1.434830972662027e-11,1.124803659636073e-12
948,9.567405395757052e-09,1.399902756556885e-11,1.097422519629195e-12
949,9.334504251698353e-09,1.365824782093237e-11,1.070707803631821e-12
950,9.107271457440517e-09,1.33257634135165e-11,1.044643475650675e-12
951,8.88557290621566e-09,1.300137316935067e-11,1.019213591131337e-12
952,8.669272677907611e-09,1.268487941069074e-11,9.94402749296601e-13
953,8.458232989936663e-09,1.237609029805795e-11,9.701959061649982e-13
954,8.252333466329144e-09,1.20748175987949e-11,9.465782865155892e-13
955,8.051448002835612e-09,1.178087898706525e-11,9.235356413982108e-13
956,7.855450055577562e-09,1.1494096026741e-11,9.010538953712869e-13
957,7.664223675932739e-09,1.121429381846061e-11,8.791194873875969e-13
958,7.477650898087066e-09,1.094130331710713e-11,8.577189602730388e-13
959,7.295624088251404e-09,1.067495790726664e-11,8.3683942960804e-13
960,7.118023490904351e-09,1.041509627771769e-11,8.16468143628407e-13
961,6.944749740365121e-09,1.016156036329732e-11,7.965926732482143e-13
962,6.775694093378212e-09,9.914196302284054e-12,7.772012360872162e-13
963,6.610752759706391e-09,9.672854002462137e-12,7.582817250048708e-13
964,6.449824024247783e-09,9.437386873862077e-12,7.398227366377047e-13
965,6.292816339384334e-09,9.207651571008809e-12,7.218131711353072e-13
966,6.139628207804247e-09,8.983508655084877e-12,7.042420118627199e-13
967,5.990171127900657e-09,8.764822093324496e-12,6.870985413728406e-13
968,5.84435403876403e-09,8.551458962125508e-12,6.703724529449522e-13
969,5.702081473789278e-09,8.34328994847292e-12,6.540534864494891e-13
970,5.563275400319207e-09,8.140188336244574e-12,6.381317699967389e-13
971,5.427847676986115e-09,7.942030750476375e-12,6.225976692729354e-13
972,5.295716602325464e-09,7.748696929675435e-12,6.074416723776893e-13
973,5.166801743430197e-09,7.56006952603865e-12,5.926546527817273e-13
974,5.041027741010128e-09,7.376033620035614e-12,5.782276345520277e-13
975,4.918314217037106e-09,7.196478124270417e-12,5.641517089118839e-13
976,4.798585686562599e-09,7.021293357474948e-12,5.504185181407747e-13
977,4.681773478733521e-09,6.850373157634439e-12,5.370196501436853e-13
978,4.56780594602397e-09,6.683613756944448e-12,5.239468912534795e-13
979,4.456609762073144e-09,6.520913851309569e-12,5.111923757735226e-13
980,4.348120613402251e-09,6.362174337914778e-12,4.987483042001239e-13
981,4.242273212774894e-09,6.207299263921628e-12,4.866072530779806e-13
982,4.139005072752613e-09,6.056194390232599e-12,4.747617522498336e-13
983,4.038249046811464e-09,5.908767584245413e-12,4.632045214136853e-13
984,3.939945213683311e-09,5.76492971103013e-12,4.519286679030366e-13
985,3.844034772215432e-09,5.624593193527574e-12,4.409273666954464e-13
986,3.750459438316989e-09,5.487673025655001e-12,4.301937666582631e-13
987,3.659161877113289e-09,5.354086032359169e-12,4.197215614395635e-13
988,3.570085168143881e-09,5.22375083496575e-12,4.095041982248347e-13
989,3.483178908387363e-09,5.096588506747946e-12,3.99535635405503e-13
990,3.398387084166069e-09,4.972521725549403e-12,3.898096240243353e-13
991,3.315656604864359e-09,4.851474914335167e-12,3.803204794116395e-13
992,3.234947003005075e-09,4.733374976189827e-12,3.710622365406323e-13
993,3.156198515576241e-09,4.618149803285148e-12,3.620294783302193e-13
994,3.079365987380175e-09,4.505729471977718e-12,3.532165624617376e-13
995,3.004405588255089e-09,4.39604602301424e-12,3.446181585245594e-13
996,2.931266838241217e-09,4.289032654388189e-12,3.362290695047236e-13
997,2.859911108394014e-09,4.184623899024078e-12,3.280442392730949e-13
998,2.790293959818287e-09,4.082757324558254e-12,3.200585488998775e-13
999,2.722368216731608e-09,3.983370249766031e-12,3.122673284047061e-13
1000,2.656096357075698e-09,3.88640262239804e-12,3.046657721340258e-13
1001,2.591440981714284e-09,3.791795465961309e-12,2.972492715943158e-13
1002,2.528354913663059e-09,3.69949125416805e-12,2.900133283883746e-13
1003,2.466808483414612e-09,3.609434091882468e-12,2.829534895814334e-13
1004,2.40675859051723e-09,3.521568971710851e-12,2.760655112634144e-13
1005,2.348171491854306e-09,3.435842896688054e-12,2.693452181902445e-13
1006,2.2910092272426e-09,3.35220390802323e-12,2.627885712498844e-13
1007,2.235238017917922e-09,3.270600940723185e-12,2.563914311704037e-13
1008,2.180823854902352e-09,3.190984330177705e-12,2.501500281389803e-13
1009,2.127738653030366e-09,3.113305656631797e-12,2.440606484058429e-13
1010,2.075942426166116e-09,3.037517979610084e-12,2.381193732704391e-13
1011,2.025407109652284e-09,2.963575298527614e-12,2.32322884268912e-13
1012,1.976102650825477e-09,2.891432663595676e-12,2.266674104972622e-13
1013,1.928000793817247e-09,2.821046281111263e-12,2.21149610951767e-13
1014,1.881063378954816e-09,2.75237292718777e-12,2.157661078842477e-13
1015,1.835274591198288e-09,2.685371830036413e-12,2.105137184873358e-13
1016,1.790597062112951e-09,2.620001517580197e-12,2.053891390085866e-13
1017,1.747008631071581e-09,2.55622242222763e-12,2.003893770512879e-13
1018,1.704481621136789e-09,2.493995917717853e-12,1.955112765562137e-13
1019,1.662991008994936e-09,2.43328421557356e-12,1.907519093072776e-13
1020,1.622508673783607e-09,2.374050438499743e-12,1.861084099182343e-13
1021,1.58300935077468e-09,2.316258686051316e-12,1.815779098609469e-13
1022,1.544474513404728e-09,2.259873576994587e-12,1.77157716189752e-13
1023,1.506878868715149e-09,2.204861245310185e-12,1.728451532944618e-13
1024,1.470195444914781e-09,2.151188178920289e-12,1.686376444975906e-13
1025,1.434407267543614e-09,2.098821410741372e-12,1.645324420434271e-13
1026,1.39948985451261e-09,2.047729623922789e-12,1.605272041904721e-13
1027,1.365421719377393e-09,1.997881452848283e-12,1.566194562730899e-13
1028,1.332183136208767e-09,1.949246683181124e-12,1.528068510151577e-13
1029,1.299752538173834e-09,1.90179593094168e-12,1.490871268208331e-13
1030,1.268110699533762e-09,1.855500200568349e-12,1.454578593047741e-13
1031,1.237243164892867e-09,1.810331671145241e-12,1.419169723337394e-13
1032,1.207127748049222e-09,1.766262611545614e-12,1.384623035942371e-13
1033,1.177740860646551e-09,1.723266398773698e-12,1.350916242116098e-13
1034,1.149070689794964e-09,1.681316590853182e-12,1.318031195233555e-13
1035,1.12110127645438e-09,1.640388104927226e-12,1.285946554126107e-13
1036,1.093807255400271e-09,1.600455842707331e-12,1.254642339126365e-13
1037,1.067181438011158e-09,1.561495754125468e-12,1.224100449076453e-13
1038,1.041203540038915e-09,1.523484063224747e-12,1.194301815842812e-13
1039,1.015857841470758e-09,1.486397865533988e-12,1.165228833835729e-13
1040,9.911291498200481e-10,1.450214205074797e-12,1.136863750779069e-13
1041,9.669993088588377e-10,1.414911338100167e-12,1.109189132381819e-13
1042,9.434621809607065e-10,1.380467872472917e-12,1.082187900948257e-13
1043,9.204959563637844e-10,1.346862992448524e-12,1.055844115987011e-13
1044,8.98089502413365e-10,1.314076213059848e-12,1.030141575801354e-13
1045,8.762259700743606e-10,1.282087331863869e-12,1.005064995296595e-13
1046,8.548970163702253e-10,1.250877380584442e-12,9.805984457862477e-14
1047,8.340865265489471e-10,1.220427157107066e-12,9.567278192241152e-14
1048,8.137812161730719e-10,1.190718103093011e-12,9.334379655593471e-14
1049,7.939708787539075e-10,1.161732400479059e-12,9.107156195793375e-14
1050,7.746444699711359e-10,1.133452174822354e-12,8.885461009766726e-14
1051,7.557869269640631e-10,1.105860338527587e-12,8.669160909009765e-14
1052,7.373905930455465e-10,1.078940321619064e-12,8.458128166842427e-14
1053,7.194406742009815e-10,1.052675439123656e-12,8.25222951027931e-14
1054,7.019268095934066e-10,1.027050046460256e-12,8.051341274938832e-14
1055,6.848396421239567e-10,1.002048410594771e-12,7.855351026461097e-14
1056,6.681684409286404e-10,9.776554883804624e-13,7.664130779572466e-14
1057,6.519055298239277e-10,9.53856205169748e-13,7.477560397729389e-14
1058,6.360349449031139e-10,9.30636369114008e-13,7.295537981990705e-14
1059,6.205525523734752e-10,9.079818629171042e-13,7.117936459282518e-14
1060,6.05448379432918e-10,8.858787755258648e-13,6.944663690065857e-14
1061,5.907083930094531e-10,8.643137831616176e-13,6.7756138390678e-14
1062,5.763286610412786e-10,8.432736230039057e-13,6.610675579953809e-14
1063,5.622989070625711e-10,8.227458375860556e-13,6.44974896341904e-14
1064,5.4861203607612e-10,8.027174359881827e-13,6.292741840169211e-14
1065,5.352577770697441e-10,7.831769074688989e-13,6.139558736107925e-14
1066,5.222269754340885e-10,7.641117797282854e-13,5.990104379271789e-14
1067,5.095173069686176e-10,7.455108524454542e-13,5.844293944220971e-14
1068,4.971121480980947e-10,7.27362944723721e-13,5.702023549038397e-14
1069,4.850132227233717e-10,7.09656689814185e-13,5.563219401018014e-14
1070,4.73205368601833e-10,6.923813582177214e-13,5.427790120379103e-14
1071,4.616873902357568e-10,6.755264619699124e-13,5.295668266717682e-14
1072,4.504496001978952e-10,6.590822359955883e-13,5.166753046381247e-14
1073,4.394853587880902e-10,6.430382990430956e-13,5.040979356178603e-14
1074,4.287855629686543e-10,6.273848214710346e-13,4.918271605303328e-14
1075,4.183495722294641e-10,6.121123089265622e-13,4.798547449559568e-14
1076,4.081634211738353e-10,5.972116446779792e-13,4.681731617414463e-14
1077,3.982295605493948e-10,5.826733720911446e-13,4.567761349961206e-14
1078,3.88535569870929e-10,5.684893715578617e-13,4.456573049026344e-14
1079,3.790795494810412e-10,5.546503446300802e-13,4.348089033935933e-14
1080,3.698499629051143e-10,5.41148648082168e-13,4.242239134801409e-14
1081,3.608504558077588e-10,5.279755339836894e-13,4.138973325566053e-14
1082,3.52064835528836e-10,5.151230131334896e-13,4.038223553373122e-14
1083,3.434925983006778e-10,5.025831529625565e-13,3.939922067167915e-14
1084,3.351343116006197e-10,4.903488652984949e-13,3.84401260637358e-14
1085,3.269763285250468e-10,4.784121878425699e-13,3.750435709145671e-14
1086,3.19016274818102e-10,4.667661382746242e-13,3.659145699967088e-14
1087,3.112525841362371e-10,4.554037056952606e-13,3.57007066937656e-14
1088,3.036758503635082e-10,4.443177177422931e-13,3.483165760356274e-14
1089,2.962848629474434e-10,4.335015973205418e-13,3.398372643095964e-14
1090,2.890726081152449e-10,4.229488531550083e-13,3.315652733861877e-14
1091,2.820360156176604e-10,4.126529390501935e-13,3.234938154908072e-14
1092,2.751709183841426e-10,4.026078243625843e-13,3.156191863524282e-14
1093,2.684713791919962e-10,3.928070178346079e-13,3.07936085029741e-14
1094,2.619387443471269e-10,3.832449681241119e-13,3.004400172242615e-14
1095,2.555629303115809e-10,3.739155128641285e-13,2.931268936607225e-14
1096,2.493438060053308e-10,3.648133421946219e-13,2.85991086489285e-14
1097,2.432720201353073e-10,3.559325345237385e-13,2.790296537072707e-14
1098,2.373522511578619e-10,3.472679746117774e-13,2.722370916117064e-14
1099,2.315738868941668e-10,3.3881445131405e-13,2.656107794023325e-14
1100,2.25940415184715e-10,3.305667852264381e-13,2.591448717602106e-14
1101,2.204378660152492e-10,3.225197696135246e-13,2.528368738144763e-14
1102,2.150749692493363e-10,3.14668611417364e-13,2.466824038492272e-14
1103,2.0983923137837e-10,3.070086398807543e-13,2.406769872202947e-14
1104,2.047312987313679e-10,2.995352983541027e-13,2.348190469845018e-14
1105,1.997487620230972e-10,2.922434426644064e-13,2.291026994209044e-14
1106,1.948881647167465e-10,2.851295318639152e-13,2.235255280758511e-14
1107,1.901415091888153e-10,2.781885204540899e-13,2.180850023311448e-14
1108,1.855158010210521e-10,2.714167340056081e-13,2.127759592902567e-14
1109,1.810012987716592e-10,2.648094075433577e-13,2.075966312743137e-14
1110,1.765981293765603e-10,2.583631737353075e-13,2.025431904746055e-14
1111,1.722973777416854e-10,2.520739780412513e-13,1.976132496148283e-14
1112,1.681027539629728e-10,2.459377266330932e-13,1.928028865384605e-14
1113,1.640122039744087e-10,2.399507285931174e-13,1.881097283596317e-14
1114,1.600222736535854e-10,2.34109771157074e-13,1.835305587953835e-14
1115,1.561261935160158e-10,2.284109041921203e-13,1.790631000401312e-14
1116,1.523283704902368e-10,2.228506335219021e-13,1.747044840542352e-14
1117,1.486196845775783e-10,2.17425816242768e-13,1.704521792092062e-14
1118,1.450030404313112e-10,2.121329726877241e-13,1.663027820778595e-14
1119,1.414726812498213e-10,2.069688653029666e-13,1.622552065374482e-14
1120,1.380327922358057e-10,2.019307960003891e-13,1.583053275036752e-14
1121,1.346735836601365e-10,1.970151901504788e-13,1.544519682908918e-14
1122,1.31395082657748e-10,1.922192113369231e-13,1.506926303076896e-14
1123,1.281952738146163e-10,1.875399599024846e-13,1.470239074134279e-14
1124,1.250766431535419e-10,1.829747710834533e-13,1.43445704106524e-14
1125,1.220327889066998e-10,1.785206082605531e-13,1.399535818838055e-14
1126,1.190652701501726e-10,1.741749253571328e-13,1.365479186447553e-14
1127,1.161646674174068e-10,1.699350149126453e-13,1.332237433199579e-14
1128,1.133410023415557e-10,1.657983259446888e-13,1.299811071845391e-14
1129,1.105820185553895e-10,1.617623041344799e-13,1.268173519848716e-14
1130,1.078926702195261e-10,1.578245878158492e-13,1.23730043974083e-14
1131,1.052654166371773e-10,1.539826405601968e-13,1.207182125887782e-14
1132,1.027043968287667e-10,1.502340935446894e-13,1.17780067316465e-14
1133,1.00204727726132e-10,1.465769045422684e-13,1.149133698048783e-14
1134,9.776553302878662e-11,1.43008816777081e-13,1.121163584810767e-14
1135,9.538987656419218e-11,1.395277489148606e-13,1.093875466469971e-14
1136,9.306887310282564e-11,1.361313502027333e-13,1.067249792906288e-14
1137,9.080324004526382e-11,1.328175806957144e-13,1.041271858058705e-14
1138,8.859412382966302e-11,1.295844333515899e-13,1.015931707974183e-14
1139,8.643538955730222e-11,1.264298745768638e-13,9.911974261913687e-15
1140,8.433384093773266e-11,1.233523530894961e-13,9.670752221278021e-15
1141,8.22835861568396e-11,1.203495533114149e-13,9.435426756786763e-15
1142,8.028411036169884e-11,1.174196191529094e-13,9.205690615350472e-15
1143,7.832817649600224e-11,1.145613707555652e-13,8.981648698432273e-15
1144,7.642502546929361e-11,1.117726783509714e-13,8.763089029064157e-15
1145,7.456460856010586e-11,1.090518258183278e-13,8.549765873357903e-15
1146,7.274849062476437e-11,1.063973127693606e-13,8.341683197651267e-15
1147,7.098060074917904e-11,1.038074684224309e-13,8.138641590498813e-15
1148,6.925153762361225e-11,1.012805225927048e-13,7.940602234141794e-15
1149,6.757197677776648e-11,9.881506024214619e-14,7.74733106854651e-15
1150,6.592788259811121e-11,9.640985537192875e-14,7.558712822924925e-15
1151,6.4321430421742e-11,9.40629868607014e-14,7.374835244507939e-15
1152,6.27591372357727e-11,9.17731555701795e-14,7.195273938517329e-15
1153,6.123033526644808e-11,8.953898956603659e-14,7.020157073610464e-15
1154,5.974006040496381e-11,8.735939348388132e-14,6.849338622383761e-15
1155,5.82891239389815e-11,8.523281755083027e-14,6.68264003189495e-15
1156,5.687013283887086e-11,8.315794778103244e-14,6.519972356558799e-15
1157,5.548749204131405e-11,8.113386533982887e-14,6.361312727650687e-15
1158,5.414058912767322e-11,7.915886129188477e-14,6.20646798181351e-15
1159,5.282213920949027e-11,7.723199704154154e-14,6.055454659204772e-15
1160,5.153775279476667e-11,7.535204400233956e-14,5.908084273792188e-15
1161,5.02866973083747e-11,7.351775924337815e-14,5.764314577973069e-15
1162,4.9062635713973e-11,7.172807059894214e-14,5.6240181888275e-15
1163,4.786965903338949e-11,6.998194275734142e-14,5.487188744993001e-15
1164,4.670492596103547e-11,6.827847430673238e-14,5.353610619863853e-15
1165,4.557005756142808e-11,6.66163392534957e-14,5.22338336054933e-15
1166,4.446049288785718e-11,6.49946979143115e-14,5.096208000304511e-15
1167,4.338014492410986e-11,6.341277592014714e-14,4.972239018510807e-15
1168,4.232413502535971e-11,6.186928393243951e-14,4.851215589289401e-15
1169,4.129667897499101e-11,6.03633403879317e-14,4.733277500547111e-15
1170,4.02936626678569e-11,5.889391383684623e-14,4.617996715027471e-15
1171,3.931540745106798e-11,5.746038698292996e-14,4.50564252011995e-15
1172,3.836043830289382e-11,5.606145320175397e-14,4.396013612656586e-15
1173,3.742600102219331e-11,5.46969257673667e-14,4.289042326798423e-15
1174,3.651754669912128e-11,5.336537740769783e-14,4.184679242156999e-15
1175,3.563032991915284e-11,5.206637603903993e-14,4.082895446204823e-15
1176,3.476414237813807e-11,5.079924366156801e-14,3.983497195143513e-15
1177,3.391822173137758e-11,4.956272054489065e-14,3.886545463324958e-15
1178,3.309327077264432e-11,4.83561590248497e-14,3.791971445319066e-15
1179,3.229129787902955e-11,4.717924640801351e-14,3.699757273463116e-15
1180,3.150785719077126e-11,4.603059584612789e-14,3.609727484466151e-15
1181,3.074116381866745e-11,4.491009366121161e-14,3.521862171312265e-15
1182,2.999346759444109e-11,4.38170440782018e-14,3.43625310990805e-15
1183,2.926438766079117e-11,4.275059892078434e-14,3.352535635346934e-15
1184,2.855346860458862e-11,4.170991449032109e-14,3.271057435238738e-15
1185,2.785885311850641e-11,4.069447472421263e-14,3.191486937752646e-15
1186,2.718453806695042e-11,3.9703990109974e-14,3.113835176134243e-15
1187,2.652607805697187e-11,3.87375012666322e-14,3.038028425479279e-15
1188,2.588063064482084e-11,3.779457768009988e-14,2.964193642294846e-15
1189,2.525181425074362e-11,3.687461124620492e-14,2.892058639239963e-15
1190,2.463952390472025e-11,3.597694757284355e-14,2.821684931709068e-15
1191,2.403896767144365e-11,3.510133876978173e-14,2.75306039745493e-15
1192,2.345681346511146e-11,3.424691997983103e-14,2.68599124685562e-15
1193,2.288962535374886e-11,3.341317566973132e-14,2.620722749942907e-15
1194,2.233079307809509e-11,3.259993023657572e-14,2.556960936861834e-15
1195,2.179154766306376e-11,3.180649328685059e-14,2.494784172580613e-15
1196,2.126168583141664e-11,3.103255843612793e-14,2.434150504578791e-15
1197,2.074549353555051e-11,3.027692691716619e-14,2.374874800790402e-15
1198,2.024234234809118e-11,2.953983245200638e-14,2.317071736372646e-15
1199,1.97514834185275e-11,2.882089541148619e-14,2.260781194279965e-15
1200,1.92716426793059e-11,2.811967861126408e-14,2.205788975822104e-15
1201,1.88063707189684e-11,2.743508890682648e-14,2.152117826815148e-15
1202,1.834958164262153e-11,2.676722730165056e-14,2.09971724700149e-15
1203,1.790436448816357e-11,2.611551542801603e-14,2.048622113068623e-15
1204,1.746895493956437e-11,2.548016697899338e-14,1.998990777664549e-15
1205,1.704790751694052e-11,2.485995670237924e-14,1.950281354218022e-15
1206,1.663314168005052e-11,2.425501951661305e-14,1.902889212804764e-15
1207,1.622910025111979e-11,2.366459809683305e-14,1.856652855394666e-15
1208,1.583656528069334e-11,2.308847843316823e-14,1.811425450605952e-15
1209,1.545139799971751e-11,2.252650924809524e-14,1.767339579436716e-15
1210,1.507839591329799e-11,2.197833513086519e-14,1.724492413401552e-15
1211,1.471344328338345e-11,2.144330775026499e-14,1.68252321027364e-15
1212,1.435383559790839e-11,2.092138585677151e-14,1.641562443541883e-15
1213,1.400693462122148e-11,2.041211912889524e-14,1.601788573780694e-15
1214,1.366964115349979e-11,1.991534601051294e-14,1.562691872688872e-15
1215,1.333937440942515e-11,1.943084961759305e-14,1.524851123443148e-15
1216,1.301608156331991e-11,1.89578012214269e-14,1.487673961763988e-15
1217,1.270273633531984e-11,1.849635292908823e-14,1.451507280556035e-15
1218,1.239598701243406e-11,1.804610043673651e-14,1.416221163119853e-15
1219,1.209640122712134e-11,1.760705587852065e-14,1.381810983317565e-15
1220,1.180038687255256e-11,1.71784456177897e-14,1.348162972106007e-15
1221,1.151607660804869e-11,1.676022652580392e-14,1.315477543858481e-15
1222,1.124062257298398e-11,1.635247751077907e-14,1.283460212918503e-15
1223,1.096677723689177e-11,1.595446728600036e-14,1.252332685074065e-15
1224,1.070333200227981e-11,1.556614864491788e-14,1.221843182177958e-15
1225,1.044299825898087e-11,1.518732957967235e-14,1.192094305898801e-15
1226,1.019249698001647e-11,1.481794866716443e-14,1.163268641111808e-15
1227,9.945427552588438e-12,1.445719239165804e-14,1.134918652151056e-15
1228,9.70344080110579e-12,1.410524188453582e-14,1.107338931479373e-15
1229,9.471487338496544e-12,1.376207900669914e-14,1.080410544487186e-15
1230,9.24356041590048e-12,1.342710443853634e-14,1.054278487863711e-15
1231,9.019192127204875e-12,1.310045373108142e-14,1.028630893689709e-15
1232,8.803413211097307e-12,1.278144957949753e-14,1.003657186644775e-15
1233,8.590342774189653e-12,1.247043584470073e-14,9.792061063245157e-16
1234,8.383965989590101e-12,1.216687188384504e-14,9.554624377862842e-16
1235,8.180071594473788e-12,1.187079083408359e-14,9.322254173305109e-16
1236,7.98439941557264e-12,1.158192001735223e-14,9.096287060017745e-16
1237,7.790086421287056e-12,1.130018443272873e-14,8.875636977780372e-16
1238,7.605087422813222e-12,1.10251099613308e-14,8.659279581871087e-16
1239,7.418938219075735e-12,1.075681580312603e-14,8.44914824191656e-16
1240,7.242867160985323e-12,1.049532921894613e-14,8.244370752816709e-16
1241,7.070500433770057e-12,1.023998873422678e-14,8.044947523986467e-16
1242,6.897956727663203e-12,9.990817047884704e-15,7.84893760743879e-16
1243,6.73333493534224e-12,9.747766515610067e-15,7.658708012236865e-16
1244,6.572321060924039e-12,9.510421697557718e-15,7.472233686648984e-16
1245,6.416505173534879e-12,9.279025158802957e-15,7.291204764858475e-16
1246,6.260173015542267e-12,9.053180708297324e-15,7.114122193092882e-16
1247,6.11037558774797e-12,8.832995960328132e-15,6.941661591276601e-16
1248,5.962377524930813e-12,8.617868441837348e-15,6.772221576171427e-16
1249,5.821849292573937e-12,8.408253918343871e-15,6.609207959385983e-16
1250,5.682576033220556e-12,8.203545374576949e-15,6.44775846081933e-16
1251,5.546867920699491e-12,8.003940384649391e-15,6.291048652069288e-16
1252,5.41326728095746e-12,7.809390921843539e-15,6.139449830729175e-16
1253,5.283783004715803e-12,7.619175336487722e-15,5.990073252326586e-16
1254,5.15629188290427e-12,7.433885950184722e-15,5.845090340050027e-16
1255,5.032702824647727e-12,7.252941952022248e-15,5.703022963966759e-16
1256,4.915364193561325e-12,7.076367842282525e-15,5.564876175379061e-16
1257,4.795400287064573e-12,6.904370104485005e-15,5.431096005940557e-16
1258,4.681551052058748e-12,6.736455326478067e-15,5.298664442460808e-16
1259,4.569610596337381e-12,6.57256080997703e-15,5.17003696520183e-16
1260,4.461574317643532e-12,6.412841729899116e-15,5.04529284476024e-16
1261,4.35694083069274e-12,6.256790808511005e-15,4.922818414690437e-16
1262,4.253316036455096e-12,6.104424853442545e-15,4.803776515727837e-16
1263,4.152479475403619e-12,5.955887905282449e-15,4.687227826511424e-16
1264,4.051469314516277e-12,5.810987423664693e-15,4.573302885218298e-16
1265,3.955966103371109e-12,5.669725401587243e-15,4.462401490296408e-16
1266,3.863758448511825e-12,5.531812120858079e-15,4.354651672241724e-16
1267,3.772322545949878e-12,5.397066818051883e-15,4.248743189272643e-16
1268,3.682901123650823e-12,5.26588806995214e-15,4.146908567310964e-16
1269,3.594564669324205e-12,5.137906411444989e-15,4.045924105236824e-16
1270,3.509668998499554e-12,5.012871271673869e-15,3.948392582999796e-16
1271,3.428483328712201e-12,4.890905759226376e-15,3.852153440160671e-16
1272,3.346178024731894e-12,4.771933873037826e-15,3.760309315693511e-16
1273,3.267964695658435e-12,4.655740763548316e-15,3.667499098905593e-16
1274,3.191858265798905e-12,4.542717403319036e-15,3.580768749714566e-16
1275,3.116560943737109e-12,4.432236219326002e-15,3.493054266844195e-16
1276,3.044067543464294e-12,4.324564278899045e-15,3.409096054820716e-16
1277,2.97074890026922e-12,4.219336408483226e-15,3.325991186526593e-16
1278,2.902118632162472e-12,4.116725060136025e-15,3.24645379047144e-16
1279,2.832802465824097e-12,4.01668845261288e-15,3.167674412070388e-16
1280,2.768035676812697e-12,3.918811503993248e-15,3.089889169513343e-16
1281,2.704989517721557e-12,3.823605140009641e-15,3.016726184004572e-16
1282,2.639248696889281e-12,3.730555843340403e-15,2.943863716476789e-16
1283,2.579260949298827e-12,3.639685988171593e-15,2.871725059241466e-16
1284,2.519029131035385e-12,3.551421925652308e-15,2.803156754698776e-16
1285,2.461128957512294e-12,3.464999338639395e-15,2.734662340368691e-16
1286,2.404113592870723e-12,3.381007705746984e-15,2.669967947077496e-16
1287,2.3468502824514e-12,3.298660862978559e-15,2.605591663335389e-16
1288,2.291391583209706e-12,3.2183772049783e-15,2.542953041824098e-16
1289,2.240080456369181e-12,3.140145807295745e-15,2.480689720415286e-16
1290,2.190749404642641e-12,3.063839297691815e-15,2.420682943942538e-16
1291,2.140255506354156e-12,2.989280223608489e-15,2.363411393366361e-16
1292,2.088486998738724e-12,2.916669160816398e-15,2.305319897456408e-16
1293,2.040970744990943e-12,2.845912874044461e-15,2.25002767916755e-16
1294,1.993694764458802e-12,2.776650872559118e-15,2.196232373529473e-16
1295,1.950116275309461e-12,2.709384199732236e-15,2.143158377680584e-16
1296,1.905641781714722e-12,2.643664970678409e-15,2.092177336680846e-16
1297,1.860289249860779e-12,2.579230553078654e-15,2.041587529496362e-16
1298,1.819539964134275e-12,2.516522263135007e-15,1.991720164998817e-16
1299,1.776803544762384e-12,2.455264317884109e-15,1.944018624969144e-16
1300,1.735739402980098e-12,2.395841364377402e-15,1.898662311988461e-16
1301,1.698429791749808e-12,2.337485912806831e-15,1.852751352758873e-16
1302,1.661695253675243e-12,2.28080139384582e-15,1.807246437859179e-16
1303,1.624106975838532e-12,2.225412357955934e-15,1.764671314700958e-16
1304,1.585640505013369e-12,2.171338033700158e-15,1.722748163360891e-16
1305,1.551898758312066e-12,2.118598440546369e-15,1.680983906322318e-16
1306,1.51819877004281e-12,2.06700498583839e-15,1.641566184081718e-16
1307,1.483807509650559e-12,2.016637429784422e-15,1.600916266336167e-16
1308,1.450454446588182e-12,1.967794442359058e-15,1.562969445034482e-16
1309,1.418733871478911e-12,1.920076476474468e-15,1.525814098616465e-16
1310,1.386961965165624e-12,1.873434756238101e-15,1.488825918322376e-16
1311,1.354674352793988e-12,1.827762852279773e-15,1.452568493497421e-16
1312,1.326064414366207e-12,1.783626831093413e-15,1.419805708257404e-16
1313,1.298160328735568e-12,1.74021754596626e-15,1.384773054298011e-16
1314,1.268713523373938e-12,1.698018395246744e-15,1.351163037177854e-16
1315,1.24239783804584e-12,1.656771286848033e-15,1.319283201292448e-16
1316,1.215181715353866e-12,1.616572729272602e-15,1.287091985856403e-16
1317,1.188500076213537e-12,1.577344168234334e-15,1.257120379683924e-16
1318,1.160892327029011e-12,1.539006664860216e-15,1.227170113615624e-16
1319,1.135286007025682e-12,1.501702158425093e-15,1.196817692749748e-16
1320,1.114015580031744e-12,1.465190206219645e-15,1.169491060251748e-16
1321,1.090652864005803e-12,1.429876360868746e-15,1.142153417474469e-16
1322,1.064837946962911e-12,1.39517321583244e-15,1.1151795447649e-16
1323,1.042572523204979e-12,1.361286791975403e-15,1.088285271253706e-16
1324,1.021433850068156e-12,1.32825098951028e-15,1.061123793547549e-16
1325,1.000844068934915e-12,1.29614099043517e-15,1.037892418828807e-16
1326,9.807588628470207e-13,1.26467102750926e-15,1.013465370084826e-16
1327,9.608071274173588e-13,1.233989503559692e-15,9.89280045244541e-17
1328,9.394098710029591e-13,1.203783616880384e-15,9.64855841592021e-17
1329,9.199274524808684e-13,1.174866294957675e-15,9.42437661465218e-17
1330,9.013504955958931e-13,1.146496232760524e-15,9.204696241428502e-17
1331,8.83006247041961e-13,1.118696370690399e-15,8.990911357218972e-17
1332,8.661681163824007e-13,1.09140252332382e-15,8.769200761567314e-17
1333,8.465511403947668e-13,1.064939989321635e-15,8.557890025642395e-17
1334,8.272365976813614e-13,1.039288931036366e-15,8.363119763769294e-17
1335,8.115872739444475e-13,1.014249239817149e-15,8.172099365489225e-17
1336,7.991479690533749e-13,9.89389018212595e-16,7.972884690825221e-17
1337,7.81453807944022e-13,9.655624308609082e-16,7.786887487843789e-17
1338,7.651889132683432e-13,9.421537193371467e-16,7.598330376483352e-17
1339,7.503131803048538e-13,9.192064475208441e-16,7.42550323091554e-17
1340,7.381339356735759e-13,8.971180769210018e-16,7.257914119383317e-17
1341,7.228963914347429e-13,8.751487733066624e-16,7.082232105202828e-17
1342,7.088473427979558e-13,8.540701487745723e-16,6.911046091816781e-17
1343,6.951001303289732e-13,8.335320153835252e-16,6.747087390319392e-17
1344,6.822025499954486e-13,8.135550168802784e-16,6.616626157328202e-17
1345,6.6928122952253e-13,7.938723604666731e-16,6.454541101745873e-17
1346,6.548594773253041e-13,7.746213442339491e-16,6.29001258198981e-17
1347,6.470979533610765e-13,7.55981866978482e-16,6.157715642783648e-17
1348,6.321880096585128e-13,7.377360788474124e-16,6.013134832926059e-17
1349,6.188007841299572e-13,7.197417141741628e-16,5.870615011332767e-17
1350,6.08014128954817e-13,7.021695522509166e-16,5.719676298536946e-17
1351,6.020795178608995e-13,6.854489475958806e-16,5.606677990656673e-17
1352,5.903940950465414e-13,6.688825581255521e-16,5.470048752900946e-17
1353,5.773254677289461e-13,6.52826845443514e-16,5.355293970370125e-17
1354,5.661461366351005e-13,6.369257487986826e-16,5.230348944638721e-17
1355,5.564593426912112e-13,6.214507260954883e-16,5.09827110123679e-17
1356,5.475777831864983e-13,6.065176144101936e-16,4.99099755333078e-17
1357,5.381924447283726e-13,5.92122932365702e-16,4.872396897564487e-17
1358,5.289896836816632e-13,5.777552977770393e-16,4.760019732590587e-17
1359,5.207936326277243e-13,5.637167485916484e-16,4.654077462587365e-17
1360,5.122954095890555e-13,5.501922353775533e-16,4.559776169980392e-17
1361,5.038836832660282e-13,5.368231815041354e-16,4.448307049837709e-17
1362,4.922693675241256e-13,5.241521264392031e-16,4.340895910145814e-17
1363,4.880833750430489e-13,5.113694908257472e-16,4.259119172376369e-17
1364,4.771095722059182e-13,4.990967679351856e-16,4.148629956665758e-17
1365,4.691049179528311e-13,4.871580419037008e-16,4.067021157888687e-17
1366,4.627392505408869e-13,4.753401873588146e-16,3.959578009975303e-17
1367,4.569946811012871e-13,4.639025137898389e-16,3.879406694797252e-17
1368,4.462534989805045e-13,4.528940061119067e-16,3.804601052224045e-17
1369,4.427462787992159e-13,4.419002134805431e-16,3.695833988875347e-17
1370,4.330685656578861e-13,4.313298026410581e-16,3.63495706941816e-17
1371,4.269388121541614e-13,4.208373305007689e-16,3.538695813435228e-17
1372,4.243073452296419e-13,4.109052896314142e-16,3.474606287666495e-17
1373,4.172789879394841e-13,4.011131541236513e-16,3.385584532438641e-17
1374,4.108377272325302e-13,3.915476916618066e-16,3.323376979982164e-17
1375,4.0484716391117e-13,3.819767711975487e-16,3.245262647441065e-17
1376,3.991004243694484e-13,3.727345486623865e-16,3.161295378018072e-17
1377,3.936913909804853e-13,3.640105705565624e-16,3.104488147838719e-17
1378,3.877305675808854e-13,3.552015392373782e-16,3.033444415257434e-17
1379,3.82306855003978e-13,3.47020124263726e-16,2.974118270516959e-17
1380,3.793222720754369e-13,3.385041273802511e-16,2.905820536681152e-17
1381,3.747131379876774e-13,3.30352555873157e-16,2.86422633274192e-17
1382,3.685339775209795e-13,3.225242579697909e-16,2.794015851751352e-17
1383,3.628919495422832e-13,3.14722309764494e-16,2.723819326082751e-17
1384,3.60563442246193e-13,3.073726947969464e-16,2.674684231212727e-17
1385,3.565988115009696e-13,2.998439719139666e-16,2.6061852521217e-17
1386,3.505319652092023e-13,2.928855441517816e-16,2.565994930114203e-17
1387,3.459380616667762e-13,2.858342952116135e-16,2.500935261692603e-17
1388,3.411233890567777e-13,2.788601859501623e-16,2.446011191087679e-17
1389,3.369438407596051e-13,2.722556867338341e-16,2.401692267563501e-17
1390,3.338702228405808e-13,2.657254573219854e-16,2.354727255896522e-17
1391,3.307349082208793e-13,2.59636237894883e-16,2.306942347452201e-17
1392,3.26133537369648e-13,2.532836019584658e-16,2.250349666147727e-17
1393,3.245809131788433e-13,2.474173469611843e-16,2.207951281450868e-17
1394,3.215023720331474e-13,2.416110339029175e-16,2.157798477098782e-17
1395,3.188414760129673e-13,2.360005691530746e-16,2.128228024572947e-17
1396,3.138353027940715e-13,2.301296121495447e-16,2.071745197097283e-17
1397,3.095878538345441e-13,2.248362634014767e-16,2.052194601163941e-17
1398,3.051929643080968e-13,2.194308123314226e-16,1.997063376124854e-17
1399,3.045913891651275e-13,2.142761128052346e-16,1.96221040708696e-17
1400,3.01106675336426e-13,2.093065444226311e-16,1.922466582815328e-17
1401,2.967206525045812e-13,2.043457212631192e-16,1.882626226228356e-17
1402,2.939689180887408e-13,1.996878870328573e-16,1.844720356675643e-17
1403,2.90928245948355e-13,1.948659671336868e-16,1.807529730820268e-17
1404,2.917245191274092e-13,1.901848022944226e-16,1.77566440419388e-17
1405,2.867755185403397e-13,1.859925130053521e-16,1.74542822983232e-17
1406,2.878954296273782e-13,1.814487162421729e-16,1.70391159445216e-17
1407,2.836720443682811e-13,1.77202249773536e-16,1.683510950943583e-17
1408,2.82451947854699e-13,1.73169238896905e-16,1.655440962327568e-17
1409,2.79906525987486e-13,1.691018605958616e-16,1.620035694780159e-17
1410,2.750691601901985e-13,1.652299819049174e-16,1.590053352097943e-17
1411,2.73149890867551e-13,1.612533409730264e-16,1.563616776586603e-17
1412,2.70472814377138e-13,1.575398926220519e-16,1.538110347324114e-17
1413,2.687537202043159e-13,1.539272199591667e-16,1.5027536303333e-17
1414,2.681276165735896e-13,1.5029046014582e-16,1.470765271416095e-17
1415,2.676925843576624e-13,1.467504903311877e-16,1.455554153469666e-17
1416,2.624091122067446e-13,1.434394147972952e-16,1.422530085832964e-17
1417,2.618516156541624e-13,1.400647528458635e-16,1.412678115443242e-17
1418,2.616080748525114e-13,1.369702783831601e-16,1.382472986143801e-17
1419,2.585033376222991e-13,1.33568887453373e-16,1.343315986507134e-17
1420,2.587260159243654e-13,1.306270668097649e-16,1.347863212609628e-17
1421,2.572627043923308e-13,1.276346306567329e-16,1.308178840756506e-17
1422,2.535558831208208e-13,1.245861081160757e-16,1.282187917524939e-17
1423,2.543315644914824e-13,1.216169373068221e-16,1.274604629310855e-17
1424,2.536600480242131e-13,1.189842313084389e-16,1.26174607903144e-17
1425,2.499040366993422e-13,1.162460179090956e-16,1.224812286784674e-17
1426,2.468734269282746e-13,1.137627031867168e-16,1.21182413958289e-17
1427,2.462504678518011e-13,1.111150677248754e-16,1.186207435350094e-17
1428,2.462845834041394e-13,1.085337334068809e-16,1.181142080355323e-17
1429,2.456548670769561e-13,1.063846798115396e-16,1.167019753201548e-17
1430,2.420150672595826e-13,1.039273199455236e-16,1.143127859326242e-17
1431,2.440849266144121e-13,1.015758357064309e-16,1.127100529246057e-17
1432,2.41098600422788e-13,9.786540661462464e-17,1.098433242635795e-17
1433,2.420285162983904e-13,9.643935419698739e-17,1.106952338977396e-17
1434,2.392690820626376e-13,9.370121243278871e-17,1.08481057356377e-17
1435,2.376505863619209e-13,9.127769945436909e-17,1.073196699307139e-17
1436,2.393657073195084e-13,8.932181179924486e-17,1.065395072549493e-17
1437,2.364775315282448e-13,8.757805581634423e-17,1.045882005261477e-17
1438,2.352827798163386e-13,8.562966726435409e-17,1.037346826707905e-17
1439,2.354047049355951e-13,8.374858085571741e-17,1.015843331729239e-17
1440,2.345088199491867e-13,8.226011126247266e-17,1.010390807331102e-17
1441,2.329009997939378e-13,8.056798638409633e-17,9.862999787515979e-18
1442,2.324565174576531e-13,7.919534426049341e-17,9.889246531598888e-18
1443,2.312366609545894e-13,7.736138495415521e-17,9.71236493753402e-18
1444,2.32344498834934e-13,7.588670636404641e-17,9.605172818434875e-18
1445,2.320053761928376e-13,7.425359568643568e-17,9.452616871903371e-18
1446,2.310825374882206e-13,7.275179713629111e-17,9.526426645829629e-18
1447,2.303595506520946e-13,7.106509088007548e-17,9.293113966792612e-18
1448,2.30550965652115e-13,6.968028677668771e-17,9.193986018419145e-18
1449,2.289158144654022e-13,6.836330524763557e-17,9.059823632216869e-18
1450,2.266822142512806e-13,6.696999605509369e-17,9.00836421779194e-18
1451,2.248410520670627e-13,6.55471418615819e-17,8.80422567017304e-18
1452,2.24741093994912e-13,6.421747261042343e-17,8.795561524858969e-18
1453,2.281044821333888e-13,6.306886744920177e-17,8.807828073430092e-18
1454,2.255111947188536e-13,6.17150087344544e-17,8.590409912407264e-18
1455,2.268071511544604e-13,6.059255244116516e-17,8.576857620576732e-18
1456,2.276049203431903e-13,5.92568871749584e-17,8.570125816632375e-18
1457,2.228680466091985e-13,5.808254620351257e-17,8.374384082200159e-18
1458,2.237951823574258e-13,5.701057517722997e-17,8.320773395251398e-18
1459,2.266206199029626e-13,5.589776760970453e-17,8.400906964949171e-18
1460,2.235524977542605e-13,5.467383814985606e-17,8.149593950573237e-18
1461,2.193556823866163e-13,5.360132540111798e-17,8.04708957207045e-18
1462,2.213335681114097e-13,5.238366433646659e-17,8.037144745217536e-18
1463,2.208215155829074e-13,5.14371096138092e-17,7.972124545981136e-18
1464,2.211548489098337e-13,5.050781033910198e-17,7.922329952769777e-18
1465,2.202948507878497e-13,4.936946121155616e-17,7.732244445465995e-18
1466,2.199088341731865e-13,4.839232805810482e-17,7.803547261672855e-18
1467,2.216261383958846e-13,4.760563180302126e-17,7.737800130714253e-18
1468,2.210003878293387e-13,4.663652984337912e-17,7.71124843314106e-18
1469,2.186062092450976e-13,4.565986826333271e-17,7.502074782952858e-18
1470,2.175034626196492e-13,4.502540500718134e-17,7.527929122074337e-18
1471,2.164907057386912e-13,4.406033409119326e-17,7.453819598283647e-18
1472,2.194868309672291e-13,4.294951031258561e-17,7.344592813300447e-18
1473,2.187955056406012e-13,4.250857330612122e-17,7.602457246014695e-18
1474,2.169046768141292e-13,4.169980501231015e-17,7.47742759287553e-18
1475,2.156489522979325e-13,4.105732172293935e-17,7.385199066657104e-18
1476,2.169133500739917e-13,4.028220658156776e-17,7.301334448918099e-18
1477,2.150911097169868e-13,3.964691581497488e-17,7.197710911529011e-18
1478,2.149469745251977e-13,3.881321170764242e-17,7.106474427841912e-18
1479,2.143863803727432e-13,3.795170969840706e-17,7.070717172261129e-18
1480,2.17121224495143e-13,3.760388499439725e-17,7.277831597721022e-18
1481,2.172255803283204e-13,3.669922942088432e-17,7.0926822949972e-18
1482,2.143931630577841e-13,3.622374897837073e-17,7.079684664737154e-18
1483,2.152816355615996e-13,3.551381348095162e-17,7.019835920952635e-18
1484,2.143454166866599e-13,3.475294667528657e-17,6.959879708962386e-18
1485,2.126010414022981e-13,3.413094250421886e-17,6.752198416385785e-18
1486,2.132195197776261e-13,3.396474065398613e-17,6.913787427970907e-18
1487,2.117014785318866e-13,3.273881440710273e-17,7.108564157699484e-18
1488,2.123616426090368e-13,3.175201206739791e-17,6.906549356389625e-18
1489,2.112034302242345e-13,3.11037388233345e-17,6.848965748908122e-18
1490,2.119636711773126e-13,3.08128706124784e-17,6.977496540534309e-18
1491,2.114525097250439e-13,3.025545466841063e-17,6.667897772725049e-18
1492,2.098466629580195e-13,3.009367124674431e-17,6.892562649715979e-18
1493,2.12058389329133e-13,2.962843942266435e-17,6.902216601417961e-18
1494,2.126314270429854e-13,2.938937038576298e-17,6.909875032844388e-18
1495,2.153467884044693e-13,2.902629548211787e-17,6.873979983582792e-18
1496,2.102435038453972e-13,2.861434596646253e-17,6.535732712117669e-18
1497,2.108772229434998e-13,2.842771843611583e-17,6.853766733342013e-18
1498,2.103083757655477e-13,2.807924609987473e-17,6.789120565037586e-18
1499,2.117114672746965e-13,2.759592886622799e-17,6.720133676907705e-18
1500,2.121154264786028e-13,2.731286985700001e-17,6.758221130035827e-18
1501,2.107356337608514e-13,2.688665756934764e-17,6.597313959002712e-18
1502,2.101212297539531e-13,2.668303017926221e-17,6.638924719369852e-18
1503,2.104115196302134e-13,2.634128930592747e-17,6.58200169730656e-18
1504,2.096863527880451e-13,2.624038897025744e-17,6.664210374347304e-18
1505,2.093285945248851e-13,2.590351467779017e-17,6.624032458792108e-18
1506,2.091078477500194e-13,2.577146870590829e-17,6.566154187701311e-18
1507,2.114858939835752e-13,2.538921590581914e-17,6.574297591003406e-18
1508,2.097802121823389e-13,2.51534217771637e-17,6.471472972869144e-18
1509,2.134547421792504e-13,2.480739088061466e-17,6.658312932201625e-18
1510,2.145392173586267e-13,2.447482124931298e-17,6.56566801865045e-18
1511,2.116203854610995e-13,2.453085415956823e-17,6.713608279316071e-18
1512,2.119275497944176e-13,2.427880398174128e-17,6.555113110420208e-18
1513,2.093039883078099e-13,2.408596900784157e-17,6.525923497389703e-18
1514,2.11485946020495e-13,2.365448675024792e-17,6.453086088225071e-18
1515,2.117010382269773e-13,2.336560358972951e-17,6.413332250926834e-18
1516,2.103456203664533e-13,2.328921671267243e-17,6.492518289046985e-18
1517,2.093948964265141e-13,2.299533766303243e-17,6.440310511758491e-18
1518,2.101646977380488e-13,2.285642552460678e-17,6.597307188564868e-18
1519,2.097664383926027e-13,2.264751999634289e-17,6.510931341660096e-18
1520,2.090379566669838e-13,2.241279582393898e-17,6.525304395217479e-18
1521,2.07550287776863e-13,2.216142313275465e-17,6.480785336596842e-18
1522,2.083418582208968e-13,2.210258640305214e-17,6.428100108904285e-18
1523,2.081018239294184e-13,2.180492374748073e-17,6.42393481216897e-18
1524,2.075295807730025e-13,2.169505024455559e-17,6.390347892055838e-18
1525,2.093545808947735e-13,2.150749386091177e-17,6.528282003230436e-18
1526,2.081774504625973e-13,2.116708629756719e-17,6.435305180570742e-18
1527,2.071123138941117e-13,2.117995615457218e-17,6.302703781677045e-18
1528,2.071996540454864e-13,2.08659869368918e-17,6.067314387738319e-18
1529,2.101212694654446e-13,2.084292254875691e-17,6.381880733877573e-18
1530,2.109766005445367e-13,2.045993702029902e-17,6.401103195654073e-18
1531,2.117673641798808e-13,2.048892318106587e-17,6.530942951056627e-18
1532,2.098441675069326e-13,2.022864753621263e-17,6.397633019317968e-18
1533,2.066459290028758e-13,2.019541789390936e-17,6.411608974510209e-18
1534,2.066340680853038e-13,1.989433353978547e-17,6.208005607915749e-18
1535,2.071475127876204e-13,1.979994249632745e-17,6.19127240934729e-18
1536,2.066773181476063e-13,1.970172542040118e-17,6.280470785181233e-18
1537,2.070625892376614e-13,1.980306933863323e-17,6.363823788566482e-18
1538,2.076677704384168e-13,1.964145904493374e-17,6.329333327584672e-18
1539,2.085197412064485e-13,1.946968249542895e-17,6.241168093110851e-18
1540,2.071902309294995e-13,1.933341742029089e-17,6.045892543247834e-18
1541,2.05701855252714e-13,1.914530096273539e-17,6.065578208292691e-18
1542,2.095409337088083e-13,1.910617298693579e-17,6.314276362630738e-18
1543,2.097288079112185e-13,1.908783207264969e-17,6.519650390443866e-18
1544,2.047496484042754e-13,1.893407464920576e-17,6.23213249379267e-18
1545,2.051577011230578e-13,1.913376289684419e-17,6.174779278741506e-18
1546,2.066596908086982e-13,1.886936995061801e-17,6.284493710703792e-18
1547,2.036755873788774e-13,1.873877514765827e-17,6.272336722152902e-18
1548,2.042009533278434e-13,1.87240445089452e-17,6.174660788495487e-18
1549,2.039725018915949e-13,1.863890431963677e-17,6.089820443118075e-18
1550,2.096254841333145e-13,1.842461315779931e-17,6.375495852565833e-18
1551,2.063525825641144e-13,1.842252009593074e-17,6.314406174865218e-18
1552,2.040220571877596e-13,1.838329143957472e-17,6.242518341172011e-18
1553,2.036298863890887e-13,1.84792720511847e-17,6.333685728431082e-18
1554,2.071880295285782e-13,1.829348557504861e-17,6.295302503514087e-18
1555,2.072163920126428e-13,1.806055322307371e-17,6.244054648029873e-18
1556,2.083977238257364e-13,1.804614080103846e-17,6.42654515144744e-18
1557,2.050274962412725e-13,1.796611921959735e-17,6.227272823553111e-18
1558,2.049098295590346e-13,1.807896697390788e-17,6.313909958184305e-18
1559,2.036235278820552e-13,1.787465116105529e-17,6.080868800660771e-18
1560,2.041102912139324e-13,1.819683184412856e-17,6.251824399291333e-18
1561,2.037489151686854e-13,1.788168396592583e-17,6.245136652940596e-18
1562,2.083817816306336e-13,1.776833345245925e-17,6.307361961434223e-18
1563,2.0669645400242e-13,1.782355432960489e-17,6.337140523135025e-18
1564,2.047332676751938e-13,1.772639506051515e-17,6.328353561339652e-18
1565,2.024362900500969e-13,1.754729072304419e-17,5.908907536823928e-18
1566,2.023550375430337e-13,1.76864351618098e-17,6.228388735687947e-18
1567,2.055591365409908e-13,1.748512799429085e-17,6.186924383156504e-18
1568,2.039144808620305e-13,1.735169529165001e-17,5.949400367509126e-18
1569,2.039216575064541e-13,1.744577162332412e-17,6.17345153203609e-18
1570,2.078758479633407e-13,1.750433338551712e-17,6.480225987044078e-18
1571,2.039545564558826e-13,1.744188623167693e-17,6.229528976526792e-18
1572,2.01206460994483e-13,1.743432440684519e-17,6.066323781187799e-18
1573,2.02532367645971e-13,1.740662838612668e-17,6.220535843313981e-18
1574,2.05251855627603e-13,1.731756032611979e-17,6.211718553075505e-18
1575,2.066605297784728e-13,1.717615466501617e-17,6.090950300404588e-18
1576,2.075816032518163e-13,1.718796724325211e-17,6.328484863366957e-18
1577,2.013884490229568e-13,1.721187758985692e-17,6.091925445410338e-18
1578,2.057003579866978e-13,1.714608163971129e-17,6.152999370410196e-18
1579,2.023437649112308e-13,1.712260318493813e-17,5.959403805467733e-18
1580,2.02015187536865e-13,1.726235326609863e-17,6.255865897804557e-18
1581,2.049367871498013e-13,1.696501163579443e-17,6.059681436276362e-18
1582,2.025678018182451e-13,1.720293784741212e-17,6.079034930162607e-18
1583,2.040982197271735e-13,1.713337261024747e-17,6.3208545949132e-18
1584,2.035093652081258e-13,1.718757552726466e-17,6.247996196617243e-18
1585,2.033578349849802e-13,1.719358895094057e-17,6.333912102747516e-18
1586,2.004043700463831e-13,1.708870997434231e-17,6.118940005728439e-18
1587,2.06304959206204e-13,1.688583489215267e-17,6.167919743116626e-18
1588,2.030125159872439e-13,1.712951125748313e-17,6.321373314799281e-18
1589,2.089753774402981e-13,1.708935135632833e-17,6.292519348551348e-18
1590,2.057215250554038e-13,1.692902244587877e-17,6.151891471467483e-18
1591,2.028203162147183e-13,1.726563533908052e-17,6.303824942688695e-18
1592,2.002472539332655e-13,1.714285032772701e-17,6.057993225764394e-18
1593,1.999252336326625e-13,1.706917763049045e-17,5.955253634093893e-18
1594,2.008297730832734e-13,1.719197729036971e-17,6.247984030095163e-18
1595,1.978487417247297e-13,1.713892763804381e-17,6.015492085975966e-18
1596,1.989906944651118e-13,1.708807202340787e-17,6.108390265992621e-18
1597,1.9939637569948e-13,1.694478465429272e-17,5.999053912860706e-18
1598,2.05048413780323e-13,1.679873601165881e-17,6.255491305761738e-18
1599,2.010195975699113e-13,1.672773934977149e-17,6.007645541903521e-18
1600,2.002618184063348e-13,1.699878737561156e-17,6.090812546120771e-18
1601,2.042356512443058e-13,1.684962409834343e-17,6.290550511895884e-18
1602,1.974927298801848e-13,1.682319935820981e-17,5.995726167612147e-18
1603,1.970840143358441e-13,1.691791255627102e-17,5.913296862370725e-18
1604,2.014993868048243e-13,1.694159262375196e-17,6.093277236852595e-18
1605,1.984482783058363e-13,1.673198518094423e-17,5.989286142973576e-18
1606,1.986985099730325e-13,1.687093325774323e-17,6.046934221176904e-18
1607,1.98737982041224e-13,1.683639128158303e-17,6.133172693755583e-18
1608,1.957936510300076e-13,1.683627809379466e-17,5.918988398639078e-18
1609,1.972427117306356e-13,1.687321870332387e-17,5.939383267627706e-18
1610,1.971542537497618e-13,1.707766937057096e-17,6.144813229131346e-18
1611,1.994939273507469e-13,1.686762308271493e-17,6.096175105624155e-18
1612,1.989179221880435e-13,1.693966052402912e-17,6.106160777108313e-18
1613,1.998949393787829e-13,1.683969621832388e-17,6.209952740335436e-18
1614,2.016088935513088e-13,1.681836977795075e-17,6.127524129683369e-18
1615,1.987739028314824e-13,1.691338102624214e-17,6.103972675844832e-18
1616,1.989624950349044e-13,1.698274565645237e-17,6.113391045398538e-18
1617,1.973364245858479e-13,1.672584074254157e-17,5.856326797721615e-18
1618,2.049295689194198e-13,1.678289368315085e-17,6.354345192697084e-18
1619,1.982276672373976e-13,1.694364736324754e-17,6.219393693760104e-18
1620,1.980780692677504e-13,1.689207458961294e-17,6.148736041039965e-18
1621,2.010040207304203e-13,1.681494895900365e-17,6.12241614708237e-18
1622,1.997518251561812e-13,1.692400384767786e-17,6.139284620436628e-18
1623,2.037263442312249e-13,1.661189684173546e-17,6.114583640125229e-18
1624,1.98278375736855e-13,1.675825310393224e-17,6.049246804401424e-18
1625,1.969298840500025e-13,1.671606446205185e-17,5.916939339515568e-18
1626,1.992100049010752e-13,1.687206383538413e-17,6.34811720079234e-18
1627,2.009793612772612e-13,1.660994756925986e-17,6.068412970516735e-18
1628,1.959568814332943e-13,1.672706465479014e-17,5.916273806339499e-18
1629,1.946521030229408e-13,1.695498388393458e-17,6.11980813692511e-18
1630,1.948891702287172e-13,1.702331639166289e-17,5.934055000310016e-18
1631,2.003468172100184e-13,1.677818889609884e-17,6.143339118797209e-18
1632,1.980368029457341e-13,1.680942924771506e-17,6.034661151122993e-18
1633,2.022637711122611e-13,1.678381496425913e-17,6.287183921673067e-18
1634,2.036323208311601e-13,1.649889555510784e-17,6.048996518446301e-18
1635,1.99528538383448e-13,1.674003620451817e-17,6.135635356731237e-18
1636,1.999609342897827e-13,1.680639353660368e-17,6.14724719518302e-18
1637,2.006104165953931e-13,1.679562007335145e-17,6.281144385696985e-18
1638,2.03493496651894e-13,1.675619031383117e-17,6.181778114141688e-18
1639,1.959313195968357e-13,1.657133508592424e-17,5.76396774141998e-18
1640,1.969863039529645e-13,1.672290706538513e-17,6.141544399515458e-18
1641,2.011584095597367e-13,1.670440235714184e-17,6.199580350540973e-18
1642,1.979859191797991e-13,1.673749257924903e-17,6.113796589017805e-18
1643,1.94379026237772e-13,1.669646834998719e-17,5.948633624590553e-18
1644,2.050161043297356e-13,1.682476542577781e-17,6.361794813584197e-18
1645,1.994307907260379e-13,1.6705577050879e-17,6.012027597170954e-18
1646,2.000542548715504e-13,1.684669812693633e-17,6.248921729559173e-18
1647,1.994510531846462e-13,1.67490576257554e-17,6.22759472457771e-18
1648,1.957920088212198e-13,1.657877072510391e-17,5.808690090458128e-18
1649,1.937748475597851e-13,1.683453186247577e-17,5.953726050290094e-18
1650,1.982416320620004e-13,1.677784288415369e-17,6.177206435241718e-18
1651,1.934480155176783e-13,1.686512820104545e-17,5.966718574920893e-18
1652,1.996539954487534e-13,1.669915243163159e-17,6.214727864272912e-18
1653,1.964771729141153e-13,1.667406102280113e-17,6.061946123663844e-18
1654,1.92628233603892e-13,1.679358469257176e-17,5.963919412851067e-18
1655,2.017848368272197e-13,1.66242690093365e-17,6.022337345142955e-18
1656,1.948918984968836e-13,1.661827397896722e-17,5.849543096500896e-18
1657,1.955384469008751e-13,1.663680101672733e-17,5.972036883633968e-18
1658,2.041214379335115e-13,1.656666177985849e-17,6.093954632225119e-18
1659,1.990788324206287e-13,1.664019840410049e-17,6.118925877290833e-18
1660,1.972430594866607e-13,1.66945739489223e-17,5.930720084307436e-18
1661,1.942034538636065e-13,1.676657764617845e-17,6.100869197765962e-18
1662,1.93846982583159e-13,1.682148949188243e-17,5.961424197876842e-18
1663,1.962095043463862e-13,1.680717436455828e-17,6.111410342706094e-18
1664,1.91198846819581e-13,1.678749640497194e-17,5.817200875107634e-18
1665,1.925152432287063e-13,1.676242242473984e-17,5.776129212295246e-18
1666,1.955428676948142e-13,1.68641380965886e-17,6.088310348287063e-18
1667,1.967313129597863e-13,1.659974981844856e-17,5.999928705931589e-18
1668,2.031243862118683e-13,1.671126264797659e-17,6.330299436217183e-18
1669,1.98380430677129e-13,1.680426210324826e-17,6.117969592158716e-18
1670,1.979961466087929e-13,1.659777512808317e-17,6.108757748729696e-18
1671,1.98678176060628e-13,1.670842826492723e-17,6.299997425826706e-18
1672,1.931033143722131e-13,1.671722045961095e-17,6.014469467500663e-18
1673,1.893072915067753e-13,1.669437927013165e-17,5.655678768416788e-18
1674,1.9366901757386e-13,1.680936649228039e-17,6.040779456949019e-18
1675,1.937905585155745e-13,1.668964144885372e-17,5.860508486324263e-18
1676,1.948699862790809e-13,1.670423669124911e-17,5.957921244666805e-18
1677,1.920003700979522e-13,1.695538000398931e-17,5.994670885591741e-18
1678,1.925382293828956e-13,1.707589233661315e-17,6.143783780462743e-18
1679,1.993284744251806e-13,1.658965383593275e-17,5.995227567923434e-18
1680,1.990373225817755e-13,1.658001912373399e-17,6.090400747513378e-18
1681,1.962931687972872e-13,1.672428932469248e-17,6.014191535528946e-18
1682,1.921747529122113e-13,1.691364727106298e-17,6.00303763856753e-18
1683,1.98843452080138e-13,1.672862995690938e-17,6.277542598578312e-18
1684,1.93007892445546e-13,1.660745521976689e-17,5.997183440191087e-18
1685,1.9436918979034e-13,1.659955338204301e-17,6.085176544651077e-18
1686,1.963031261068553e-13,1.674779509946328e-17,6.103339368335163e-18
1687,1.923946926481354e-13,1.67505185854627e-17,5.894133566009703e-18
1688,1.891178925827466e-13,1.687193927835028e-17,5.770405437407132e-18
1689,1.902375653452049e-13,1.696671331445083e-17,5.991120502239154e-18
1690,1.908665604679395e-13,1.70977428462589e-17,6.015123900260046e-18
1691,2.050505339316996e-13,1.680078130644836e-17,6.316882704541575e-18
1692,1.948138853166649e-13,1.693033066328217e-17,6.107899171652797e-18
1693,1.902953229820976e-13,1.667014424168388e-17,5.840010388122051e-18
1694,1.983334313944711e-13,1.671525307440279e-17,6.187741208359955e-18
1695,1.993469681724671e-13,1.670978847286074e-17,6.133754355807535e-18
1696,2.004842155245238e-13,1.669704962548169e-17,6.206461358620751e-18
1697,1.940368685609507e-13,1.669320067766476e-17,5.974341188618424e-18
1698,1.893956952641093e-13,1.680175387138672e-17,5.801500062092833e-18
1699,1.96519438289669e-13,1.684004765740555e-17,6.100822117863734e-18
1700,2.013243400941039e-13,1.661047823323119e-17,6.139407453972813e-18
1701,1.937748231391804e-13,1.666114753810937e-17,5.90755543195811e-18
1702,1.902783724105751e-13,1.686313650917712e-17,5.942109170267418e-18
1703,1.887886452125632e-13,1.689957757380278e-17,5.949249511227635e-18
1704,1.939344930575503e-13,1.683591601115386e-17,5.929703299168677e-18
1705,1.898261150238332e-13,1.687413489074208e-17,5.806034937704985e-18
1706,1.888349739121841e-13,1.677519904657302e-17,5.706536107900164e-18
1707,1.921420653092629e-13,1.684412646809387e-17,6.031287028018878e-18
1708,2.023266220253214e-13,1.654246481775913e-17,6.251816865791062e-18
1709,1.952239410241707e-13,1.647772204393388e-17,5.81925338854955e-18
1710,1.964023879190236e-13,1.677092830445886e-17,6.143960514250799e-18
1711,1.9797619144215e-13,1.688386810616969e-17,6.180996317459344e-18
1712,1.928550092145814e-13,1.685506002492328e-17,5.949058975498198e-18
1713,1.929727017051165e-13,1.662467872282605e-17,5.91904235229279e-18
1714,1.918331959315796e-13,1.669393527242082e-17,5.971961351683656e-18
1715,1.907375109884295e-13,1.682899654160724e-17,5.992642479669829e-18
1716,1.950513172073865e-13,1.669796868748654e-17,6.066583806330905e-18
1717,1.90975303164586e-13,1.68793930534846e-17,5.910103670211264e-18
1718,1.941587917841063e-13,1.662233915665222e-17,6.043639883340749e-18
1719,1.858430337274989e-13,1.687553327609327e-17,5.897374084819077e-18
1720,1.897759512106422e-13,1.686558652029364e-17,5.835212637874022e-18
1721,1.977281110597813e-13,1.671897739851746e-17,6.075961690487199e-18
1722,1.949141261875466e-13,1.668351010888414e-17,5.928734772173209e-18
1723,1.909702287845238e-13,1.692078910735681e-17,5.887285312491576e-18
1724,1.90349372041951e-13,1.68627245844143e-17,6.024938237373822e-18
1725,1.91973625482427e-13,1.688939304713999e-17,6.011035858599841e-18
1726,1.936201874582383e-13,1.655383928367285e-17,5.797741674635125e-18
1727,1.912222171034076e-13,1.675051879841383e-17,5.864247071609314e-18
1728,1.878746204887811e-13,1.694403342183144e-17,5.898272943194098e-18
1729,1.95285710603424e-13,1.669614198554996e-17,6.017750187143711e-18
1730,1.924604221714625e-13,1.669864428704036e-17,5.973660451092987e-18
1731,2.000868440116961e-13,1.663406813928205e-17,6.122536200299854e-18
1732,1.955918565034158e-13,1.669290038846484e-17,5.942092221927683e-18
1733,1.957223880940429e-13,1.678981196286774e-17,6.146331646744959e-18
1734,1.907355444675825e-13,1.656700268208034e-17,5.810905485223404e-18
1735,1.95762223478031e-13,1.678884862507566e-17,6.097134384913519e-18
1736,1.888717873765312e-13,1.679397889643924e-17,5.847737001985442e-18
1737,1.922707506230534e-13,1.66969540533361e-17,5.99852403211639e-18
1738,1.902953972900896e-13,1.67866747527744e-17,5.749131069132235e-18
1739,1.893521541773668e-13,1.672997444303035e-17,5.637064025666588e-18
1740,1.87008309040123e-13,1.697762534801864e-17,5.866298968927754e-18
1741,1.870667611552505e-13,1.69431687788765e-17,5.756180314536555e-18
1742,1.943465654112688e-13,1.674528089681195e-17,5.974858411485542e-18
1743,1.985220828885191e-13,1.671807196627947e-17,6.072639914059707e-18
1744,1.941272002309947e-13,1.672023669679089e-17,6.061841480945781e-18
1745,1.991013266409519e-13,1.669722890850859e-17,6.194639249263406e-18
1746,1.929366657858387e-13,1.664406947312157e-17,5.850708678985937e-18
1747,1.920205753273841e-13,1.653578527341978e-17,5.893790649402667e-18
1748,1.882507189737794e-13,1.688427891855446e-17,5.952037602933763e-18
1749,1.874993842506294e-13,1.680178869964906e-17,5.815136162376193e-18
1750,1.956525452232737e-13,1.685912522797806e-17,6.108376156287795e-18
1751,1.919800721465609e-13,1.659274194094047e-17,5.822200092168501e-18
1752,1.898105603657862e-13,1.669752150514369e-17,5.731220363099133e-18
1753,2.027317395876895e-13,1.657187058927626e-17,6.107106472791605e-18
1754,1.92357620210716e-13,1.684139925701581e-17,5.965907792612022e-18
1755,1.928942009380014e-13,1.672105667965326e-17,6.057903543839747e-18
1756,1.910169952933711e-13,1.641205403698063e-17,5.751076576863723e-18
1757,1.85085659957087e-13,1.654461985289429e-17,5.566842565404959e-18
1758,1.853270605538154e-13,1.697084826208628e-17,5.787259665460187e-18
1759,1.857908787596028e-13,1.69763550511731e-17,5.73170710196353e-18
1760,1.906892816678976e-13,1.68688455185491e-17,5.933685244344291e-18
1761,1.892742956862181e-13,1.687303470257495e-17,5.994891453171894e-18
1762,1.849407859813515e-13,1.679915041902188e-17,5.715735347316183e-18
1763,1.829561702451067e-13,1.696862031442791e-17,5.744836938957579e-18
1764,1.846537702988663e-13,1.689111640179875e-17,5.717347035404539e-18
1765,1.859739322700476e-13,1.696724394750413e-17,5.810552734929262e-18
1766,1.852527614890431e-13,1.702769155531112e-17,5.771134564376832e-18
1767,1.851982479354728e-13,1.690234074722202e-17,5.68925296366365e-18
1768,1.888593716107048e-13,1.683313045370483e-17,5.72376927637209e-18
1769,1.928047333027328e-13,1.677004255931223e-17,5.89791313269319e-18
1770,1.898200527937635e-13,1.673227719567002e-17,5.830061051255757e-18
1771,1.979296308619103e-13,1.669666242458608e-17,6.06337697397926e-18
1772,1.895629043159562e-13,1.68756659592603e-17,5.852968226022915e-18
1773,1.953774085632649e-13,1.667405878398055e-17,6.152650291144064e-18
1774,1.883943466642045e-13,1.664125895299224e-17,5.790568544779776e-18
1775,1.893057630439504e-13,1.669872747030161e-17,5.879386435262625e-18
1776,1.862938885930006e-13,1.688469338350292e-17,5.86758234307979e-18
1777,1.874390342018927e-13,1.688770934259954e-17,5.821010142857657e-18
1778,1.908970330217491e-13,1.662402823761943e-17,5.839105691197823e-18
1779,1.887567770110723e-13,1.695276588813941e-17,5.986845026660579e-18
1780,1.999727368377362e-13,1.668050852342169e-17,6.208421175383666e-18
1781,1.943210795053825e-13,1.666773764220078e-17,5.963731647126864e-18
1782,1.880509646702633e-13,1.687279935192414e-17,5.798525961248274e-18
1783,1.871212453787519e-13,1.69413474911007e-17,5.916728596382905e-18
1784,1.898829997002139e-13,1.673394984719993e-17,5.84338131263405e-18
1785,1.978268304093907e-13,1.661583400451851e-17,6.08143061675815e-18
1786,1.897570413874321e-13,1.675841678816248e-17,5.880167266036077e-18
1787,1.890847189737586e-13,1.681974808380659e-17,5.916493864614776e-18
1788,2.064102318481918e-13,1.66945090212758e-17,6.222360422040746e-18
1789,1.938305142872871e-13,1.685889665987576e-17,6.043960530074588e-18
1790,1.900560018393436e-13,1.691562342006454e-17,5.953171862990009e-18
1791,1.902763539733429e-13,1.689775805945138e-17,5.846979592107051e-18
1792,1.857955161046411e-13,1.707157979944768e-17,5.763150520635722e-18
1793,1.936445930965848e-13,1.683420993123411e-17,6.07652458572538e-18
1794,1.986551663543008e-13,1.661417939808329e-17,6.150987207955019e-18
1795,1.965509616511433e-13,1.645711958646619e-17,5.750775471863227e-18
1796,2.018224268260005e-13,1.669684244836313e-17,6.381648879753554e-18
1797,1.929322813407869e-13,1.67154733723413e-17,6.009576919981861e-18
1798,1.991923932347466e-13,1.665548611174e-17,6.108529217638055e-18
1799,1.921572397334104e-13,1.670129098642582e-17,5.87344820706292e-18
1800,1.891255908712524e-13,1.694096540741555e-17,5.827195787012097e-18
1801,1.923045231202132e-13,1.678193081118749e-17,5.969914038064348e-18
1802,2.021709074552599e-13,1.669678260893301e-17,6.154953423883137e-18
1803,1.953825967495572e-13,1.659566287314063e-17,5.917025306391657e-18
1804,1.987991357879323e-13,1.655764938518066e-17,5.985701141073296e-18
1805,1.921506379475184e-13,1.674152561958461e-17,5.84214983015048e-18
1806,1.98992564689687e-13,1.672827399747103e-17,6.18828357043696e-18
1807,1.942445552480271e-13,1.660889472027094e-17,5.908731142142408e-18
1808,1.887862390682907e-13,1.68521169502358e-17,5.898576851183534e-18
1809,1.850227316129541e-13,1.671796960327793e-17,5.684924224270405e-18
1810,1.915106543361355e-13,1.673478831103714e-17,5.916105193650942e-18
1811,1.910930413222545e-13,1.683096758847703e-17,6.002659701045843e-18
1812,1.864653409238764e-13,1.65943304693039e-17,5.698344241468064e-18
1813,1.857606292333055e-13,1.688172674324844e-17,5.86327537256232e-18
1814,1.928262382343607e-13,1.677354322113505e-17,5.951592450524615e-18
1815,1.931567074197997e-13,1.680897762473423e-17,5.961168719944214e-18
1816,1.923333412974287e-13,1.665701930502662e-17,5.923807178601147e-18
1817,1.886225036345976e-13,1.670245843048819e-17,5.86437460794543e-18
1818,1.880804182607037e-13,1.682281760234827e-17,5.806041796325575e-18
1819,1.876582400447909e-13,1.663049812595369e-17,5.621085091085263e-18
1820,1.889970813756169e-13,1.680259752424834e-17,5.845785530131002e-18
1821,1.933633690966914e-13,1.688063609673245e-17,6.096380170726344e-18
1822,1.976698140710477e-13,1.66372291511305e-17,6.104330449685537e-18
1823,1.944352496215464e-13,1.663541419677888e-17,5.910114357910233e-18
1824,1.923780349137068e-13,1.67328700338677e-17,6.048041619674029e-18
1825,1.916816959471477e-13,1.672318502515773e-17,5.924518619881503e-18
1826,1.914594867917401e-13,1.674997590578607e-17,5.916363397583181e-18
1827,1.900822896351837e-13,1.694702550773185e-17,5.832084767942598e-18
1828,1.910693526047451e-13,1.683935019862312e-17,5.837192839718185e-18
1829,1.956986801172791e-13,1.678605188403849e-17,6.066433617173481e-18
1830,1.953791712401336e-13,1.65677860625699e-17,5.924792709470984e-18
1831,1.906283702249543e-13,1.685078171223108e-17,5.923224306495217e-18
1832,1.870795830590831e-13,1.657706148356543e-17,5.557023614196028e-18
1833,1.886600616855469e-13,1.684412295871064e-17,5.832173911732381e-18
1834,1.857920507091055e-13,1.676963369167624e-17,5.557898945342116e-18
1835,1.875804584515813e-13,1.691606297176812e-17,5.982140387792907e-18
1836,1.914102374415721e-13,1.656628959406048e-17,5.953055610923253e-18
1837,1.884342414408093e-13,1.65926884677169e-17,5.825836760675436e-18
1838,1.88525340028795e-13,1.673893921031963e-17,5.945214977318372e-18
1839,1.951369973680397e-13,1.663889657232248e-17,5.993878273876749e-18
1840,1.927907773729602e-13,1.661695214283379e-17,5.911615182372342e-18
1841,1.914621966382127e-13,1.674708181170668e-17,5.889594933886322e-18
1842,1.845944581945966e-13,1.700538436475976e-17,5.700221964945993e-18
1843,1.853822056356899e-13,1.716607893849545e-17,5.805211768450677e-18
1844,1.844587481145255e-13,1.705350876491702e-17,5.715635156750191e-18
1845,1.963051460260441e-13,1.670780637779786e-17,6.091574876731703e-18
1846,1.878407313775547e-13,1.687671793085122e-17,5.80538877751065e-18
1847,1.884194316753368e-13,1.680418952117365e-17,5.819123240198905e-18
1848,1.935841810050171e-13,1.679720560347103e-17,6.098393605712887e-18
1849,1.916660034501398e-13,1.684046446808269e-17,5.952666257182449e-18
1850,1.884294443210711e-13,1.678341495182833e-17,5.717636111537555e-18
1851,1.842326693494927e-13,1.690442897157423e-17,5.646197538078901e-18
1852,1.959354184894062e-13,1.675688688118093e-17,6.009653608494818e-18
1853,1.902463748817154e-13,1.666661639885288e-17,5.887648986322318e-18
1854,1.985826453685466e-13,1.659178594496578e-17,6.153506806877044e-18
1855,1.93078879827214e-13,1.666428922906544e-17,5.947756793643921e-18
1856,1.92352130569111e-13,1.67961560922874e-17,6.057676925020271e-18
1857,1.888148793550846e-13,1.66143525242156e-17,5.803342584047367e-18
1858,1.921019256868507e-13,1.656003710651225e-17,5.895407900126984e-18
1859,1.864273229317068e-13,1.678915656382659e-17,5.695888649281101e-18
1860,1.894312605903139e-13,1.668387296513201e-17,5.858774652637151e-18
1861,2.035228976954608e-13,1.674377881386805e-17,6.262777516639056e-18
1862,1.949873760687798e-13,1.679037735515846e-17,6.076368405300369e-18
1863,1.984095006262515e-13,1.660562054785331e-17,6.104141722981722e-18
1864,1.967660710739742e-13,1.66216482433502e-17,5.958664512975262e-18
1865,1.979105296020518e-13,1.652115853619735e-17,6.146733426365847e-18
1866,1.96994780225409e-13,1.659541650361889e-17,6.041949985245557e-18
1867,1.947968841422745e-13,1.658396656116272e-17,5.954128142924381e-18
1868,1.896740169872446e-13,1.669451156055166e-17,5.875656987919439e-18
1869,2.009419018343742e-13,1.648527598478641e-17,6.250727485296207e-18
1870,2.046394929904038e-13,1.65492106805494e-17,6.205965159293015e-18
1871,1.919601344589701e-13,1.668238732360186e-17,5.876474721461311e-18
1872,1.948137653214503e-13,1.677523555434231e-17,6.195660318667675e-18
1873,1.877405110361758e-13,1.672988986994905e-17,5.730426792872902e-18
1874,1.896103733433096e-13,1.684316221973364e-17,5.865925924979062e-18
1875,1.905465745522142e-13,1.681543317913709e-17,5.864444548795209e-18
1876,1.94389300968842e-13,1.670211441101864e-17,5.907194613250408e-18
1877,1.85717819194665e-13,1.704329665413336e-17,5.843127434869984e-18
1878,1.954219148086171e-13,1.683561399516761e-17,6.127372563398255e-18
1879,1.913897553551434e-13,1.673781721033749e-17,5.825282867096666e-18
1880,1.87884875396557e-13,1.670536799287612e-17,5.775231747610615e-18
1881,1.866599765756159e-13,1.696323827623533e-17,5.92340759244545e-18
1882,1.911942400578616e-13,1.661117169551849e-17,5.778130883850027e-18
1883,1.909282758066546e-13,1.683324893585965e-17,5.863172763767621e-18
1884,1.896944684795373e-13,1.680349580841e-17,5.804213298018432e-18
1885,1.871134279016856e-13,1.693583637747141e-17,5.775242475482146e-18
1886,2.073934435819171e-13,1.677231902437495e-17,6.438986567650495e-18
1887,1.957842624471633e-13,1.663205210196058e-17,5.936992712799293e-18
1888,1.934819217942579e-13,1.670866006635783e-17,6.088960481664959e-18
1889,1.863869172617726e-13,1.684258507169965e-17,5.778075885381555e-18
1890,1.858284515744866e-13,1.693351437329242e-17,5.794351881278349e-18
1891,1.988397582855771e-13,1.670647666293516e-17,6.15672511049026e-18
1892,1.961030275536327e-13,1.668784934835774e-17,5.971209447251065e-18
1893,1.909533155138023e-13,1.672635815548823e-17,5.835482252708307e-18
1894,1.881334882772968e-13,1.685685422202883e-17,5.885032075925153e-18
1895,1.953395238374707e-13,1.674300311460819e-17,6.020371991225731e-18
1896,1.893859039058631e-13,1.658993249663342e-17,5.707226670372732e-18
1897,1.870775931390842e-13,1.672897210736666e-17,5.786096145631553e-18
1898,1.959510743330999e-13,1.678939868293158e-17,6.121809332867172e-18
1899,1.912215059064154e-13,1.672622262556526e-17,5.889893285861894e-18
1900,1.88996748765219e-13,1.680433635920701e-17,5.95415376262407e-18
1901,1.916517048870596e-13,1.669206857913402e-17,5.841783933353403e-18
1902,1.879753975451543e-13,1.687062379136105e-17,5.663302274501534e-18
1903,1.88401206151375e-13,1.706765839181138e-17,5.863985088376284e-18
1904,1.871509009108884e-13,1.700353276086034e-17,5.7533072572482e-18
1905,2.075425575652507e-13,1.675244382511079e-17,6.359869677943316e-18
1906,1.970530649876144e-13,1.662288980113047e-17,5.91175183976696e-18
1907,2.028969272306644e-13,1.671286963204947e-17,6.362982935792888e-18
1908,1.957386479362634e-13,1.669941115601739e-17,5.991176435668661e-18
1909,1.897414233931258e-13,1.678908865802624e-17,5.864767757415494e-18
1910,1.992111750951007e-13,1.669259723754963e-17,6.243868445523218e-18
1911,1.912324012435068e-13,1.679847153971052e-17,5.952434186072923e-18
1912,1.96334345330351e-13,1.668446638435904e-17,6.082608772569335e-18
1913,1.88278431999256e-13,1.65415224922086e-17,5.593224938011474e-18
1914,1.873034656525388e-13,1.685673344230468e-17,5.858228474517158e-18
1915,1.855137291111406e-13,1.687626493177181e-17,5.714014065783891e-18
1916,1.885600488412698e-13,1.692141519550567e-17,5.89312081142364e-18
1917,1.851778744212941e-13,1.693163635217807e-17,5.613739663888821e-18
1918,2.00244308525235e-13,1.679538817518455e-17,6.289334663534277e-18
1919,1.925793844206349e-13,1.675903393066383e-17,5.969242170971923e-18
1920,1.983234066102916e-13,1.648900663048304e-17,6.084662227132025e-18
1921,1.914597434082079e-13,1.654639336353861e-17,5.795126446936643e-18
1922,1.959790638122462e-13,1.657215550718732e-17,5.992474898410146e-18
1923,1.88716845608969e-13,1.695013770374906e-17,5.925978562582378e-18
1924,1.892399499963757e-13,1.677181586268789e-17,5.851390907512284e-18
1925,1.864017649152656e-13,1.676057774185639e-17,5.691682837915694e-18
1926,1.996778092702872e-13,1.658562282087005e-17,6.172705990976248e-18
1927,1.925534783761932e-13,1.662118435667847e-17,5.796336303627965e-18
1928,1.856214103760854e-13,1.685856830139688e-17,5.745745234931805e-18
1929,1.84361089445595e-13,1.690533816825058e-17,5.771958595227096e-18
1930,1.860565400735405e-13,1.712299990372586e-17,5.962742833538927e-18
1931,1.871734863186737e-13,1.68751866910981e-17,5.787213193731932e-18
1932,1.848553129546512e-13,1.706425617430462e-17,5.796409658988995e-18
1933,2.014534480452232e-13,1.670325055667968e-17,6.135717286991836e-18
1934,1.965985706144493e-13,1.644650995997614e-17,5.869676763395464e-18
1935,1.860568152214195e-13,1.691663546190268e-17,5.823118374824134e-18
1936,1.829522727997317e-13,1.685468130642668e-17,5.573507560975077e-18
1937,1.890380505212963e-13,1.670042414612788e-17,5.946798002048129e-18
1938,1.884580326312125e-13,1.671071755734957e-17,5.769981108733493e-18
1939,1.893888533811613e-13,1.68126236784229e-17,5.986761735991595e-18
1940,1.999798885778717e-13,1.67240575620101e-17,6.16168744710245e-18
1941,1.892813564351464e-13,1.68054327096751e-17,5.924468690613281e-18
1942,1.974591104726945e-13,1.650591392674535e-17,6.162872580806542e-18
1943,2.03789015717821e-13,1.655751732525139e-17,6.236772765610109e-18
1944,1.940455559125359e-13,1.671196971355728e-17,6.003485135959622e-18
1945,1.896424783920602e-13,1.68628068848188e-17,5.915020765127328e-18
1946,1.876205007160907e-13,1.692951993697774e-17,5.956006700793974e-18
1947,1.867407072222528e-13,1.696779269703356e-17,5.802594565077925e-18
1948,1.995194777132455e-13,1.672170281986944e-17,6.193045523844034e-18
1949,1.912469822452598e-13,1.659355898530699e-17,5.808356942659544e-18
1950,1.938092573276378e-13,1.651834623397823e-17,5.943412340745576e-18
1951,1.939555802999464e-13,1.645396240805119e-17,5.85136535965638e-18
1952,1.909046695486711e-13,1.667035042544318e-17,5.935668726945279e-18
1953,1.849383880226097e-13,1.675468593002183e-17,5.715258979945627e-18
1954,2.007271673635579e-13,1.665643965293021e-17,6.187598373182813e-18
1955,1.924953033529503e-13,1.654590886105626e-17,5.867543075298072e-18
1956,1.882667330970899e-13,1.659434025527164e-17,5.771953192416341e-18
1957,1.889708818805915e-13,1.663340395328509e-17,5.886207710484806e-18
1958,1.920346289797538e-13,1.653893860139864e-17,5.77556188476383e-18
1959,1.980531353281069e-13,1.669991050729919e-17,6.181680474253799e-18
1960,1.96149648547942e-13,1.64700495242797e-17,5.998452942459576e-18
1961,1.982623973381246e-13,1.674403029421678e-17,6.0539271327684e-18
1962,1.956328684403984e-13,1.652137234216915e-17,5.89980582573434e-18
1963,1.89547255855775e-13,1.674206969874599e-17,5.835179697043527e-18
1964,1.901374017276846e-13,1.692288122526336e-17,5.862641930246747e-18
1965,1.866478796189837e-13,1.699104221972773e-17,5.789498362989173e-18
1966,1.840816391452985e-13,1.699225167404464e-17,5.726856317899383e-18
1967,1.837748961697888e-13,1.715820767007108e-17,5.740947446905012e-18
1968,1.835587134518769e-13,1.691085836935061e-17,5.610213454023658e-18
1969,1.983024702585826e-13,1.660090338010511e-17,5.976709834201996e-18
1970,1.899489953081506e-13,1.679168099651394e-17,5.884214387529873e-18
1971,1.863714947806543e-13,1.694969947148337e-17,5.911170073782387e-18
1972,1.960005592231916e-13,1.678366966781712e-17,6.059255210342132e-18
1973,1.873754121969963e-13,1.670306415324311e-17,5.717404019614659e-18
1974,1.91162691609752e-13,1.678664113598293e-17,5.933035016608975e-18
1975,1.883500166743312e-13,1.680960837876185e-17,5.905827754949317e-18
1976,1.893489841331517e-13,1.67687304749771e-17,5.825087073951772e-18
1977,1.870395817407715e-13,1.680194804011186e-17,5.686073255756437e-18
1978,1.980025570353022e-13,1.663845743594667e-17,6.094646471994286e-18
1979,2.013173405875338e-13,1.669908841477695e-17,6.142088293534037e-18
1980,1.975979638599496e-13,1.658032308491647e-17,6.118154323568027e-18
1981,1.921931251189687e-13,1.667499348415668e-17,5.859946117587531e-18
1982,1.873304772288669e-13,1.686897935436368e-17,5.834426901387061e-18
1983,1.843365608357582e-13,1.681900184914922e-17,5.684877083695449e-18
1984,1.977582736961361e-13,1.676285806673655e-17,6.162365428381407e-18
1985,1.947827756606018e-13,1.676829442224633e-17,6.013206355667531e-18
1986,1.889309180037044e-13,1.683386988640976e-17,5.769215247217514e-18
1987,1.940673258192375e-13,1.663223833714518e-17,5.928423127568592e-18
1988,1.938392069516635e-13,1.680736285901143e-17,6.137161480034547e-18
1989,1.947888028800266e-13,1.668539036133193e-17,6.01683623470557e-18
1990,1.882238690620709e-13,1.686468638680701e-17,5.876853021155026e-18
1991,1.974086579963041e-13,1.655090650643552e-17,6.113452570458051e-18
1992,1.926153450073771e-13,1.650221921572326e-17,5.911153103272051e-18
1993,1.986104287722805e-13,1.668787950689335e-17,6.07150202117182e-18
1994,1.92165138541923e-13,1.665468658211876e-17,5.731418395280882e-18
1995,1.965597982553822e-13,1.680574414704091e-17,6.208199325264428e-18
1996,2.011698752955823e-13,1.669319332516849e-17,6.184160791486215e-18
1997,1.934854724648824e-13,1.659769435577228e-17,5.96255695884845e-18
1998,1.872049911641899e-13,1.654240945974361e-17,5.712311638972221e-18
1999,2.003358652495137e-13,1.655530253452127e-17,6.087571004995362e-18
2000,1.941164336000555e-13,1.665738689268814e-17,5.896080966706365e-18
