{
  "uin": 0.1,
  "n_iter": 200,
  "inlet": "inlet",
  "outlet": "outlet",
  "p_in_Pa": 101325.5206525109,
  "p_out_Pa": 101325.0,
  "dp_Pa": 0.520652510895161,
  "mdot_in_kgps": 0.000122500000001225,
  "mdot_out_kgps": -9.809749027047902e-05,
  "mdot_in_abs_kgps": 0.000122500000001225,
  "mdot_out_abs_kgps": 9.809749027047902e-05
}