iter,continuity,x-velocity,y-velocity
1,1.0,0.000367143292538085,4.384063589490731e-05
2,0.5398875589337321,0.0002173664182045976,2.022260808138929e-05
3,0.367582381696797,0.000130516164883947,1.030304374352488e-05
4,0.2479765189512105,8.454703933427594e-05,5.919342994333197e-06
5,0.1597886350051542,5.722397695888031e-05,3.817257019464268e-06
6,0.1148514781769148,3.943125179729349e-05,2.699602651606246e-06
7,0.09773459508199481,2.828357801246411e-05,2.064068045093689e-06
8,0.08447752624540733,2.114576875287738e-05,1.68217489674732e-06
9,0.07081672884783625,1.673451393400666e-05,1.439411967624775e-06
10,0.05917893939283803,1.401729610114286e-05,1.28699556000593e-06
11,0.04888836968121098,1.215064457997392e-05,1.170782226530791e-06
12,0.04102087975435222,1.079426878759861e-05,1.082623721111718e-06
13,0.03449614290017097,9.752102368952354e-06,1.002841889630965e-06
14,0.02972656713352374,8.93729091323443e-06,9.364850647803081e-07
15,0.02563935399968208,8.259559599428473e-06,8.769071807887079e-07
16,0.02222611765250217,7.683411502342962e-06,8.243535846279049e-07
17,0.01947196236017854,7.18136558718308e-06,7.791437968275058e-07
18,0.01728262494710663,6.736840843043322e-06,7.395460113216996e-07
19,0.01547568154224684,6.338902556846503e-06,7.045934167116732e-07
20,0.01394456337996977,5.978192774007971e-06,6.726295830461219e-07
21,0.01269868044485338,5.648777091706851e-06,6.431625969383516e-07
22,0.01163540798722792,5.347416717279969e-06,6.156424431125215e-07
23,0.01072617746037443,5.068790476579298e-06,5.89782770004623e-07
24,0.009916720717588813,4.811131075520935e-06,5.655033715606884e-07
25,0.009797063611769663,4.57004864449725e-06,5.458704703285018e-07
26,0.00888825315566476,4.34854566457007e-06,5.228494052848886e-07
27,0.008761476607847582,4.139136915860494e-06,5.045007243144155e-07
28,0.008490069942139735,3.94367424582696e-06,4.860915355727122e-07
29,0.008142294151425332,3.760186864096807e-06,4.678148290165593e-07
30,0.007757660294555993,3.587525894918259e-06,4.498538504581152e-07
31,0.00737969621544683,3.424430231639743e-06,4.324333857363867e-07
32,0.007005378972993875,3.26987405071304e-06,4.155350927293177e-07
33,0.006635024479371501,3.1231267942142e-06,3.994641034190024e-07
34,0.006296279888334114,2.983931127288447e-06,3.840132443828621e-07
35,0.005983070497055158,2.852090628544885e-06,3.69286157635778e-07
36,0.005685719504624051,2.7260530699803e-06,3.551374568456647e-07
37,0.005405992326989443,2.606286856123283e-06,3.415350060146347e-07
38,0.005146086226697537,2.492097839176804e-06,3.284949882696244e-07
39,0.004917670112832908,2.383493774433127e-06,3.160478315981989e-07
40,0.004717552281767106,2.280021242615889e-06,3.039921839915079e-07
41,0.004531338618505184,2.181794159083157e-06,2.924473705321386e-07
42,0.004351991894674475,2.08806486300582e-06,2.812765215444082e-07
43,0.004186642051306158,1.998587432738926e-06,2.705611517936901e-07
44,0.004034044216899397,1.912994712799431e-06,2.60283598479091e-07
45,0.003893843555676145,1.83165757126058e-06,2.504439052820209e-07
46,0.003762693032171148,1.754200086599758e-06,2.410194890984778e-07
47,0.003635127813155567,1.680425597372606e-06,2.320127918186887e-07
48,0.003513202230515608,1.610133439344553e-06,2.234268278876225e-07
49,0.003399569079333965,1.543348196719186e-06,2.152567139543893e-07
50,0.00328914880385197,1.47963253208561e-06,2.075077440245054e-07
51,0.003182794655250271,1.419055025565101e-06,2.001306831603734e-07
52,0.003082982694238251,1.36137518966147e-06,1.93122173133748e-07
53,0.002989884452785735,1.306497357241096e-06,1.864602289631579e-07
54,0.002896114302493274,1.254157871064697e-06,1.800994139475619e-07
55,0.002819680173346759,1.204293060215094e-06,1.739820859376592e-07
56,0.002737625099849078,1.156719348660525e-06,1.681558729658521e-07
57,0.002665480370758045,1.111319950550665e-06,1.626061868444605e-07
58,0.002594701179085726,1.067861826057e-06,1.572898979705645e-07
59,0.002526446571252034,1.026519360442264e-06,1.521758220747443e-07
60,0.002452312847334317,9.86896282153418e-07,1.472656265153846e-07
61,0.002388122585856869,9.489573570041846e-07,1.425526499927831e-07
62,0.002321858979234166,9.125850580927726e-07,1.38028471303212e-07
63,0.002256665390265451,8.777258888411853e-07,1.336656251405104e-07
64,0.002197637666004913,8.443306182251281e-07,1.294384443409267e-07
65,0.002142682485448437,8.123160180634372e-07,1.25335049517629e-07
66,0.002088806428058792,7.816280530723409e-07,1.213692859843212e-07
67,0.002026223516877545,7.521284955683411e-07,1.175379508062091e-07
68,0.001979057830704045,7.238347096657304e-07,1.138392402903316e-07
69,0.001930938192729953,6.967087776114433e-07,1.102564437126595e-07
70,0.001875276554277426,6.706652643235152e-07,1.067953365854012e-07
71,0.001824035300612461,6.456765808219257e-07,1.034359000146991e-07
72,0.00178123773090631,6.21668694729625e-07,1.001682442363147e-07
73,0.001740392960298571,5.986263362580373e-07,9.696647678442746e-08
74,0.001689367990026198,5.765046769849851e-07,9.383650116627468e-08
75,0.001639125337905581,5.552614587660683e-07,9.07725769746451e-08
76,0.001594945902000433,5.348640010426652e-07,8.776472338327323e-08
77,0.001549094208382391,5.152332646816161e-07,8.482763474149806e-08
78,0.001497722312121994,4.963823767853949e-07,8.194684406469038e-08
79,0.001451081988410172,4.782787823391095e-07,7.913748115552409e-08
80,0.001406920963478324,4.609199924505272e-07,7.638070144995575e-08
81,0.001370825284473814,4.442336201747724e-07,7.368403060035205e-08
82,0.001326109052272978,4.281717129210195e-07,7.10361596549291e-08
83,0.00128751621774313,4.127473652669899e-07,6.845069074206767e-08
84,0.00124199887988107,3.979038295588782e-07,6.590131271929047e-08
85,0.001201058197442878,3.836175417265813e-07,6.339207360184116e-08
86,0.00115871242332452,3.698919173440067e-07,6.094717449330336e-08
87,0.001118468385092027,3.567136809172639e-07,5.85451281632703e-08
88,0.001079205692515253,3.440375564894197e-07,5.621504213264512e-08
89,0.001035534234035324,3.318569240499186e-07,5.394233491860656e-08
90,0.0009985858917098988,3.201609515443395e-07,5.17203587992883e-08
91,0.0009635552125108765,3.089363407412131e-07,4.95629236001574e-08
92,0.0009321518269701259,2.981452832402634e-07,4.747147261212795e-08
93,0.0008975391657874559,2.87752443652621e-07,4.544008920931725e-08
94,0.0008658518104736406,2.777872179188964e-07,4.347923266512201e-08
95,0.0008308732065792189,2.682059490067609e-07,4.157715379351514e-08
96,0.0008011458150558376,2.590466490750553e-07,3.975930011825714e-08
97,0.0007715967763891125,2.502178379962556e-07,3.801364509040083e-08
98,0.0007430993202694244,2.417251339857074e-07,3.632325095453086e-08
99,0.0007184822960767859,2.33550342202436e-07,3.470161233509869e-08
100,0.0006906822462325392,2.256485068091943e-07,3.311922254795691e-08
101,0.0006640843139764613,2.180258234893438e-07,3.162841207895666e-08
102,0.0006396079311451552,2.106712468813647e-07,3.020869501540249e-08
103,0.000614351480305748,2.035536106869439e-07,2.885332088285583e-08
104,0.0005894202925873696,1.966764176663552e-07,2.755198377387798e-08
105,0.0005680761567642632,1.900479564390646e-07,2.632734561301134e-08
106,0.0005475313304652635,1.836370036964012e-07,2.516279466553054e-08
107,0.0005277027874429178,1.774359149366884e-07,2.405718267555936e-08
108,0.0005053915662379774,1.713830904133512e-07,2.299649801102516e-08
109,0.0004852648665733525,1.655724519459845e-07,2.199202577325608e-08
110,0.0004655893384357525,1.599381670746549e-07,2.106162280372706e-08
111,0.0004486389826051972,1.545191914515647e-07,2.019172888753344e-08
112,0.0004320372916710566,1.492368921390836e-07,1.937794128819764e-08
113,0.0004134302626017904,1.441028968111825e-07,1.861114401512675e-08
114,0.0003977110139340206,1.391567851891569e-07,1.790419587223158e-08
115,0.0003820401837997009,1.343640749385828e-07,1.723767273465571e-08
116,0.0003682711757379531,1.297199316382584e-07,1.660910229607951e-08
117,0.000356209603192071,1.252205610047317e-07,1.603133121721375e-08
118,0.0003432003054240933,1.208760858000729e-07,1.54918058175791e-08
119,0.0003296184196592887,1.166683613904704e-07,1.497675104896275e-08
120,0.0003157055846290557,1.125917305231108e-07,1.44904461485724e-08
121,0.0003036948275457326,1.086483631019735e-07,1.403095170333829e-08
122,0.0002939669956674879,1.0484031721033e-07,1.361351998285741e-08
123,0.0002823195035228953,1.011467426952377e-07,1.321722003645108e-08
124,0.0002716194653646864,9.758849849874164e-08,1.284666254821559e-08
125,0.0002622927649504992,9.415873678584855e-08,1.249630500916073e-08
126,0.0002529823730633243,9.083501285831267e-08,1.216813792158777e-08
127,0.0002452433092181049,8.761663142200144e-08,1.185950052254886e-08
128,0.0002364119491058815,8.449444689545657e-08,1.155490850354124e-08
129,0.0002291482624495017,8.147370122283873e-08,1.126268200813244e-08
130,0.0002220702128537674,7.856208800370245e-08,1.097089199569912e-08
131,0.0002135072391202836,7.57486735853263e-08,1.068609766192041e-08
132,0.0002055224152963569,7.303652324670603e-08,1.039825620645748e-08
133,0.0001978770805225003,7.04221509964223e-08,1.011406398482663e-08
134,0.0001894055015662142,6.7894923286227e-08,9.835423884347559e-09
135,0.0001827581795384379,6.545771017195539e-08,9.556238141521576e-09
136,0.0001750158514907303,6.310234813625663e-08,9.283460110287595e-09
137,0.0001686875379770557,6.083021269244329e-08,9.022344528861698e-09
138,0.0001620308387813823,5.863803764325023e-08,8.758981978977784e-09
139,0.0001560010024575465,5.652420957443221e-08,8.508334521448542e-09
140,0.0001500758851990852,5.448325383401816e-08,8.257946614727095e-09
141,0.0001441627131640677,5.251283259740147e-08,8.011850279010058e-09
142,0.0001393122922428167,5.061560673143408e-08,7.774721894862734e-09
143,0.0001340703319231247,4.878301855052899e-08,7.543331957938104e-09
144,0.0001288429219897992,4.701475102166474e-08,7.313929290221786e-09
145,0.0001243837702085345,4.531045849224698e-08,7.092449693309364e-09
146,0.0001205638323725438,4.36666739992392e-08,6.878665640389571e-09
147,0.0001161572242139467,4.207952428150845e-08,6.663351675940033e-09
148,0.0001124390109811469,4.055188011969382e-08,6.457166763517332e-09
149,0.0001088541406952251,3.90783025684348e-08,6.259378711865171e-09
150,0.0001053421131614509,3.765590468215711e-08,6.062113814798486e-09
151,0.0001018846267147104,3.628307109476423e-08,5.872678286905359e-09
152,9.869013125248659e-05,3.495989469346408e-08,5.688406405274301e-09
153,9.548553251613577e-05,3.36812154845235e-08,5.506381286808424e-09
154,9.202677636514072e-05,3.244862868359604e-08,5.327778261371385e-09
155,8.861857227219485e-05,3.126015892454949e-08,5.15722720269889e-09
156,8.58571029795044e-05,3.011558057787128e-08,4.997432542593056e-09
157,8.294609881051305e-05,2.901119265989637e-08,4.837686462007845e-09
158,7.946198840612247e-05,2.794354416865938e-08,4.680978196903144e-09
159,7.60871456082677e-05,2.691275359708908e-08,4.528659192423276e-09
160,7.30966391717236e-05,2.591906398060176e-08,4.382184475059732e-09
161,7.064170357858674e-05,2.496219410751679e-08,4.238210043044829e-09
162,6.79711981983595e-05,2.40398327106906e-08,4.097140220397739e-09
163,6.528183502430892e-05,2.315010496669689e-08,3.963264928821164e-09
164,6.282598197582481e-05,2.22905252868465e-08,3.833725957625608e-09
165,6.056462825970918e-05,2.146374061348923e-08,3.707724542873085e-09
166,5.809943360197668e-05,2.066673436648107e-08,3.584295903131535e-09
167,5.566727720372048e-05,1.989843253347327e-08,3.465646682005929e-09
168,5.327346258538841e-05,1.91570817377032e-08,3.351435289370426e-09
169,5.111871438779936e-05,1.844168607010641e-08,3.240628197507362e-09
170,4.930458793645161e-05,1.775298311229972e-08,3.131962879897946e-09
171,4.75131697964897e-05,1.708798050573468e-08,3.026561508500092e-09
172,4.57569686861672e-05,1.644636938984892e-08,2.926768196761608e-09
173,4.433385998615192e-05,1.582901560729025e-08,2.831661632119131e-09
174,4.281142980616335e-05,1.52338924531202e-08,2.737720655188238e-09
175,4.135940398779808e-05,1.465958816882126e-08,2.646518274383806e-09
176,3.997032275401161e-05,1.410575327305898e-08,2.557980957190918e-09
177,3.860291062759228e-05,1.3571362321243e-08,2.472607651158076e-09
178,3.735666703954072e-05,1.305615879919536e-08,2.389205495050917e-09
179,3.598545399516486e-05,1.255885235363668e-08,2.308051942781383e-09
180,3.459205090424041e-05,1.207940764895684e-08,2.229968981837235e-09
181,3.339718875322729e-05,1.161786039367051e-08,2.154827063068459e-09
182,3.213607791733403e-05,1.117233379067391e-08,2.081197288274895e-09
183,3.085204344042543e-05,1.074365828939435e-08,2.009946837667796e-09
184,2.953778545956751e-05,1.033081224639403e-08,1.941430239399709e-09
185,2.846547812386039e-05,9.933568952036478e-09,1.876279068071778e-09
186,2.745031860444744e-05,9.5507976491756e-09,1.812530057793567e-09
187,2.64162351854052e-05,9.181722396393757e-09,1.749758511432841e-09
188,2.542839598640461e-05,8.826154993723627e-09,1.689744323546816e-09
189,2.450270770313284e-05,8.483541777461037e-09,1.631874461008244e-09
190,2.362900124095121e-05,8.153553384632235e-09,1.575913760922696e-09
191,2.27413223955831e-05,7.83568609414866e-09,1.52132852345088e-09
192,2.191553210274646e-05,7.529460474766297e-09,1.469036238936977e-09
193,2.11270646025708e-05,7.234698859059576e-09,1.418474158586089e-09
194,2.038796976601693e-05,6.95095801502604e-09,1.369710524670985e-09
195,1.964891721731997e-05,6.677618488342324e-09,1.322198307640475e-09
196,1.883243073487555e-05,6.414030142964373e-09,1.275725217120155e-09
197,1.809339371257049e-05,6.160375935950239e-09,1.231068749366872e-09
198,1.740405606841326e-05,5.916234855237492e-09,1.187862998724927e-09
199,1.668150494814248e-05,5.680930862020795e-09,1.145643668116074e-09
200,1.604461486872636e-05,5.454662880545186e-09,1.104708440603495e-09
201,1.54462842101036e-05,5.237005784165532e-09,1.065467648067294e-09
202,1.488472363326529e-05,5.027760879614911e-09,1.027907557791054e-09
203,1.434916694721861e-05,4.826443988059015e-09,9.91561731232877e-10
204,1.382692850037304e-05,4.632741974992459e-09,9.563387333909162e-10
205,1.332736630107708e-05,4.446407954632383e-09,9.221995738619187e-10
206,1.285349807520054e-05,4.267187030698565e-09,8.892224121895376e-10
207,1.239234718669371e-05,4.095506923753973e-09,8.573728352133732e-10
208,1.195586298732375e-05,3.929875343765688e-09,8.267168314311857e-10
209,1.152224879053098e-05,3.770664887087911e-09,7.969038138136415e-10
210,1.10787731855318e-05,3.617411810810229e-09,7.678807657860137e-10
211,1.065245162253113e-05,3.469920935353705e-09,7.39897236336701e-10
212,1.02516700537308e-05,3.328005309015814e-09,7.128918070835894e-10
213,9.857919536358096e-06,3.191455060651087e-09,6.868364384283769e-10
214,9.490207270247773e-06,3.060028324315508e-09,6.616088799958986e-10
215,9.133094623490535e-06,2.933899356733834e-09,6.371706957666488e-10
216,8.781750932455525e-06,2.812908104589232e-09,6.135106902078969e-10
217,8.438518374891402e-06,2.696742627092682e-09,5.906251823386301e-10
218,8.095254520615548e-06,2.584865986681658e-09,5.684571428427841e-10
219,7.733729151631899e-06,2.4775438283025e-09,5.469402702482918e-10
220,7.351762097915639e-06,2.374392783194087e-09,5.260280114111311e-10
221,6.997681643669602e-06,2.275427160831253e-09,5.059533578796646e-10
222,6.679335653687373e-06,2.180418586965621e-09,4.866540426007403e-10
223,6.390997733670186e-06,2.089217452563858e-09,4.680558963138404e-10
224,6.125669587861172e-06,2.001683019779842e-09,4.501372661852509e-10
225,5.876277058292402e-06,1.917683711505519e-09,4.328734738272148e-10
226,5.638075079275543e-06,1.837082560972767e-09,4.162282612720319e-10
227,5.409287157862053e-06,1.759726630627595e-09,4.001757098150308e-10
228,5.189973436953238e-06,1.685524525306565e-09,3.847069057134561e-10
229,4.989045552954401e-06,1.61435028857201e-09,3.697460953292256e-10
230,4.797769548436251e-06,1.546047102458011e-09,3.553598139235252e-10
231,4.605837653793164e-06,1.480466798522895e-09,3.415154878487063e-10
232,4.42589060181195e-06,1.417543900129456e-09,3.28175716265057e-10
233,4.252930968659547e-06,1.357173713283962e-09,3.152890680661814e-10
234,4.090007036589201e-06,1.299271986161846e-09,3.028794521460238e-10
235,3.930911647101542e-06,1.243743602466034e-09,2.909242147867521e-10
236,3.776045825622853e-06,1.19049969867227e-09,2.79399692897715e-10
237,3.625236991341984e-06,1.139453057729985e-09,2.682933104754474e-10
238,3.478754135054004e-06,1.090517351952764e-09,2.575898441486454e-10
239,3.336775960949889e-06,1.043610123891656e-09,2.472780682178397e-10
240,3.197232827417963e-06,9.986447113385543e-10,2.373303706037279e-10
241,3.051302288112944e-06,9.555415176363483e-10,2.276920829501027e-10
242,2.910646888725669e-06,9.142229158259523e-10,2.184257001345902e-10
243,2.778942657892026e-06,8.746451643056281e-10,2.095419808139887e-10
244,2.658513668640985e-06,8.36733382820525e-10,2.010187241550831e-10
245,2.545730677855506e-06,8.004154096622247e-10,1.928235683795118e-10
246,2.437827674659502e-06,7.656274878765206e-10,1.849434540414815e-10
247,2.334574556623247e-06,7.323072494011927e-10,1.773663073987679e-10
248,2.235505475470877e-06,7.003917928431465e-10,1.700873513422015e-10
249,2.143988196842842e-06,6.698512219863723e-10,1.631211530426504e-10
250,2.057580176635429e-06,6.406120173870221e-10,1.564218113986245e-10
251,1.975548246897861e-06,6.126102420076285e-10,1.49977544604939e-10
252,1.896310787044418e-06,5.857933622020491e-10,1.437792891025669e-10
253,1.819606942190569e-06,5.601143411845652e-10,1.37819096283469e-10
254,1.74548933396272e-06,5.35527513529627e-10,1.320892441897374e-10
255,1.674116309308514e-06,5.1198921514206e-10,1.265836356972117e-10
256,1.605093696227023e-06,4.894570367185304e-10,1.212932424871785e-10
257,1.538433661308469e-06,4.678899680128077e-10,1.162106057512848e-10
258,1.474098005641467e-06,4.472485806027724e-10,1.113286850521208e-10
259,1.41206787240468e-06,4.274951446501496e-10,1.066405957788585e-10
260,1.352322878561423e-06,4.085930783882903e-10,1.021396175085446e-10
261,1.294835289861269e-06,3.905069892380792e-10,9.781905429072953e-11
262,1.239566224364034e-06,3.732029679215121e-10,9.367236590397015e-11
263,1.186464768625034e-06,3.566484164371568e-10,8.969321014869557e-11
264,1.135470281150305e-06,3.408120710268086e-10,8.587541788528884e-11
265,1.086522677106336e-06,3.256637280856373e-10,8.221304574593195e-11
266,1.039568434368794e-06,3.111744778577955e-10,7.870022008063144e-11
267,9.94537687922705e-07,2.97316558799668e-10,7.533127698371796e-11
268,9.513650029645526e-07,2.840633044835782e-10,7.210076404966572e-11
269,9.099855081182743e-07,2.713893491739457e-10,6.900336920436848e-11
270,8.703334467846935e-07,2.592701127558329e-10,6.603396619981078e-11
271,8.323438393552079e-07,2.476818313158659e-10,6.31876165374624e-11
272,7.959504980070076e-07,2.366019402326007e-10,6.045952452780242e-11
273,7.610917702320178e-07,2.260087018571163e-10,5.784504887234664e-11
274,7.277044300826382e-07,2.15881216904865e-10,5.533973169300105e-11
275,6.957402567088246e-07,2.061997035672912e-10,5.293930543763261e-11
276,6.65143303996539e-07,1.96944948126095e-10,5.063959977061067e-11
277,6.358558430872719e-07,1.880986025218572e-10,4.843660788796658e-11
278,6.078243002675919e-07,1.796430819558366e-10,4.632646961995872e-11
279,5.809976124977133e-07,1.7156152950042e-10,4.430547728352509e-11
280,5.553270373674196e-07,1.638378066643939e-10,4.237003520085901e-11
281,5.307632858311434e-07,1.56456425085602e-10,4.051670241832968e-11
282,5.072612771520758e-07,1.494025892268092e-10,3.874215323998301e-11
283,4.847766596060026e-07,1.42662035337677e-10,3.704317946142059e-11
284,4.632666236961805e-07,1.362211504217493e-10,3.541670240679432e-11
285,4.426904258844321e-07,1.300668890129136e-10,3.385975953196811e-11
286,4.230075198963392e-07,1.24186760481183e-10,3.236950058517718e-11
287,4.041788215575466e-07,1.185687901986318e-10,3.09431842102857e-11
288,3.861732549673209e-07,1.132015204084312e-10,2.95781735657562e-11
289,3.689561201075103e-07,1.080739821125013e-10,2.827193370181834e-11
290,3.52492256746715e-07,1.031756694142317e-10,2.70220279662976e-11
291,3.367493760914347e-07,9.849651922041791e-11,2.582611437218398e-11
292,3.216967622874238e-07,9.402689927633365e-11,2.468194595703749e-11
293,3.073048946625896e-07,8.97575958587127e-11,2.358736437459105e-11
294,2.935454985627081e-07,8.567978848295316e-11,2.254028540721902e-11
295,2.803915608602268e-07,8.178502803003569e-11,2.153871361818263e-11
296,2.678170693963366e-07,7.806523268903356e-11,2.058073385121598e-11
297,2.557969365599205e-07,7.451266790879787e-11,1.966450737500411e-11
298,2.443074063870098e-07,7.11199381112064e-11,1.878826914297729e-11
299,2.333256637119555e-07,6.787996253135125e-11,1.795032549895712e-11
300,2.22829784260536e-07,6.478596778646063e-11,1.714905332330747e-11
301,2.127986829241441e-07,6.183147609962293e-11,1.638289021310765e-11
302,2.032122519066024e-07,5.901029136483391e-11,1.565033925820606e-11
303,1.940512159418978e-07,5.631648637400001e-11,1.494996480943203e-11
304,1.852972091477291e-07,5.37443978630079e-11,1.428039239474362e-11
305,1.769324047883691e-07,5.128859344980008e-11,1.364030221815677e-11
306,1.689398674524237e-07,4.89438879755608e-11,1.302842525396713e-11
307,1.613033547007713e-07,4.670532376601927e-11,1.244354790860922e-11
308,1.540073086635357e-07,4.456815821626306e-11,1.188450689635177e-11
309,1.470368586570332e-07,4.252785749861478e-11,1.13501871437164e-11
310,1.403777483244174e-07,4.058008686954324e-11,1.083952004604345e-11
311,1.340163241233365e-07,3.872070230293049e-11,1.03514827405887e-11
312,1.2793950521753e-07,3.694574319026928e-11,9.885093427298988e-12
313,1.22134787072986e-07,3.525142141892081e-11,9.439412603114004e-12
314,1.165901994609777e-07,3.36341173185004e-11,9.013538621880044e-12
315,1.112942790728485e-07,3.209037202056769e-11,8.606608750975144e-12
316,1.062360610633947e-07,3.061687909928518e-11,8.217797371815546e-12
317,1.014050475838868e-07,2.921047455064956e-11,7.84631349430839e-12
318,9.679119922499252e-08,2.786813784032326e-11,7.491398865896301e-12
319,9.238490680492206e-08,2.658698215475672e-11,7.152328146610008e-12
320,8.817697724923057e-08,2.536424869509988e-11,6.828406905384667e-12
321,8.415861141437104e-08,2.419730137484188e-11,6.518970283527201e-12
322,8.032139009953976e-08,2.308362141987692e-11,6.223381879887848e-12
323,7.66572765111086e-08,2.202080275980296e-11,5.941032578814166e-12
324,7.315860242763566e-08,2.100654634075674e-11,5.671339320252407e-12
325,6.981796236941437e-08,2.003865414408977e-11,5.413744148233883e-12
326,6.662831816353915e-08,1.91150273919357e-11,5.167713113072988e-12
327,6.358293856868522e-08,1.823366102040537e-11,4.932735320831355e-12
328,6.067538316282524e-08,1.73926397061309e-11,4.708321881463123e-12
329,5.789950141922875e-08,1.65901337873752e-11,4.494005408551319e-12
330,5.524940418737456e-08,1.582439560097269e-11,4.289338096318262e-12
331,5.271947776033058e-08,1.509375577100834e-11,4.093891885938008e-12
332,5.030433149757629e-08,1.439662003848657e-11,3.907257326685335e-12
333,4.799881788289051e-08,1.3731465924866e-11,3.72904278077591e-12
334,4.579802357749108e-08,1.309683834392233e-11,3.558873667332636e-12
335,4.369725084225729e-08,1.249134818218897e-11,3.396391745075117e-12
336,4.169199928869434e-08,1.191366893485649e-11,3.241254426126228e-12
337,3.977798409581392e-08,1.136253377728763e-11,3.093134104847642e-12
338,3.795107479304744e-08,1.083673297673565e-11,2.951717489584205e-12
339,3.620735835672109e-08,1.033511128731131e-11,2.816705078448821e-12
340,3.454312226102082e-08,9.856565666648002e-12,2.687810481533592e-12
341,3.2954774620789e-08,9.400042883951743e-12,2.564759896115832e-12
342,3.143890909012039e-08,8.964537204344904e-12,2.447291588094e-12
343,2.999220356116721e-08,8.549088451620134e-12,2.335155319391484e-12
344,2.861155016325979e-08,8.152779842261534e-12,2.22811192493065e-12
345,2.729396485769861e-08,7.774736082827065e-12,2.125932767000471e-12
346,2.603659691457109e-08,7.414121546891925e-12,2.028399294807662e-12
347,2.483671728730704e-08,7.070138468931368e-12,1.935302687915924e-12
348,2.369172685182063e-08,6.742025266837045e-12,1.846443308203522e-12
349,2.259913847402962e-08,6.429054899527629e-12,1.761630392284358e-12
350,2.15565810183405e-08,6.130533357376614e-12,1.680681637703334e-12
351,2.056177121078073e-08,5.845798146091688e-12,1.603422846894709e-12
352,1.961256385915585e-08,5.574216942994865e-12,1.529687571047766e-12
353,1.870686361851187e-08,5.315186044148974e-12,1.459316720412031e-12
354,1.784270783028434e-08,5.068129287816968e-12,1.392158341921704e-12
355,1.701819871678729e-08,4.832496722074123e-12,1.328067251158707e-12
356,1.62315448817321e-08,4.607763469777888e-12,1.266904762893353e-12
357,1.548101286306785e-08,4.393428572102381e-12,1.208538316099224e-12
358,1.476496425509112e-08,4.189013911332355e-12,1.15284126643691e-12
359,1.408182169004984e-08,3.994063150094778e-12,1.099692670739237e-12
360,1.343008631217406e-08,3.808140818118399e-12,1.048977016417445e-12
361,1.280832992000784e-08,3.630831305018412e-12,1.00058396313376e-12
362,1.221518370341885e-08,3.461738020571685e-12,9.544080381278746e-13
363,1.16493353548193e-08,3.300482446416744e-12,9.103485635373891e-13
364,1.110954142627904e-08,3.146703426086183e-12,8.683093717467783e-13
365,1.059461533352786e-08,3.000056266719388e-12,8.281986225339412e-13
366,1.010341960660046e-08,2.860212100496054e-12,7.8992859174916e-13
367,9.634856948340666e-09,2.726857107844961e-12,7.534155178412267e-13
368,9.187906077014033e-09,2.599691834638692e-12,7.185794108496631e-13
369,8.7615731560754e-09,2.478430556755733e-12,6.853438543624643e-13
370,8.354912055223214e-09,2.36280063854182e-12,6.53635912275319e-13
371,7.96702110027385e-09,2.252541969648253e-12,6.233859018904982e-13
372,7.597039459761914e-09,2.147406334041277e-12,5.945273367597352e-13
373,7.24414759358842e-09,2.047156955495259e-12,5.669966704359408e-13
374,6.907564639227511e-09,1.951567918975515e-12,5.407333112863055e-13
375,6.586532446616396e-09,1.860423677207199e-12,5.156793096009463e-13
376,6.280347186043276e-09,1.773518600686091e-12,4.917793930044906e-13
377,5.98832088870751e-09,1.690656489001573e-12,4.689808160245594e-13
378,5.709803910420058e-09,1.611650191984147e-12,4.472331710216324e-13
379,5.444175997508674e-09,1.536321197675157e-12,4.264883659336873e-13
380,5.190848956599469e-09,1.464499120301841e-12,4.067004591234896e-13
381,4.949246346170913e-09,1.396021506085235e-12,3.87825638299619e-13
382,4.718838073580682e-09,1.330733355958593e-12,3.69822041586541e-13
383,4.499099202057774e-09,1.268486794487928e-12,3.52649719648141e-13
384,4.289547457937141e-09,1.209140786784177e-12,3.362705872957816e-13
385,4.089714968801159e-09,1.152560774060192e-12,3.206481959463038e-13
386,3.899137573141835e-09,1.09861843915556e-12,3.057478347123313e-13
387,3.717409856866265e-09,1.047191375800492e-12,2.915363346713217e-13
388,3.544112985274382e-09,9.981628050145672e-13,2.779820604460938e-13
389,3.378859114465724e-09,9.514213482144391e-13,2.65054806456441e-13
390,3.221266912111686e-09,9.068607928267872e-13,2.52725738729933e-13
391,3.071002382369887e-09,8.643798084717114e-13,2.409673522708492e-13
392,2.927712436180088e-09,8.238817786781126e-13,2.29753389440511e-13
393,2.791078486018666e-09,7.852744986339841e-13,2.190587968692196e-13
394,2.660796263085994e-09,7.484700747770485e-13,2.08859661746092e-13
395,2.536570140913697e-09,7.133846867784596e-13,1.991331516763879e-13
396,2.418119690441284e-09,6.799383752271518e-13,1.898575105379176e-13
397,2.305174899762367e-09,6.480548212534088e-13,1.810119319833426e-13
398,2.197487368626885e-09,6.176613563105584e-13,1.725766114261127e-13
399,2.09480578072598e-09,5.886885809416074e-13,1.645326072037877e-13
400,1.996908501552213e-09,5.610703728378757e-13,1.568618817238222e-13
401,1.90356750639123e-09,5.347436361023794e-13,1.495471925804811e-13
402,1.814566412144362e-09,5.09648208653005e-13,1.425720994164334e-13
403,1.729717512235549e-09,4.857267148733061e-13,1.359209455868418e-13
404,1.648820134469309e-09,4.629244526705356e-13,1.295787337590321e-13
405,1.571683708850164e-09,4.411892762113228e-13,1.235312066699279e-13
406,1.498148626846887e-09,4.204714040449315e-13,1.177647379766951e-13
407,1.428041131066009e-09,4.007233949509993e-13,1.122663258850396e-13
408,1.361201923371062e-09,3.819000341238803e-13,1.070235855586153e-13
409,1.297480375726044e-09,3.639581745991977e-13,1.020246808956674e-13
410,1.236729701812694e-09,3.468566956704529e-13,9.725831899974345e-14
411,1.178812394794798e-09,3.305563463550419e-13,9.271375251634272e-14
412,1.123602193599869e-09,3.150197341929479e-13,8.838069148022758e-14
413,1.070962964365813e-09,3.002112370080701e-13,8.424934680076454e-14
414,1.020788095855297e-09,2.860967768823161e-13,8.031036991806585e-14
415,9.729492160313993e-10,2.726440236618064e-13,7.655484418826011e-14
416,9.273466798154096e-10,2.598219939758109e-13,7.297427956637144e-14
417,8.838799842732509e-10,2.476012474418776e-13,6.956055084987425e-14
418,8.424373457406672e-10,2.35953671521238e-13,6.630591695444031e-14
419,8.02936066585763e-10,2.24852485061672e-13,6.320299673509244e-14
420,7.652740883789402e-10,2.142721338899984e-13,6.024475478535372e-14
421,7.293824998366913e-10,2.041882419638311e-13,5.74244608659358e-14
422,6.951617651413681e-10,1.945776053042309e-13,5.473574124792331e-14
423,6.625444258035902e-10,1.854180939473361e-13,5.217244854472163e-14
424,6.314503129186631e-10,1.76688568462055e-13,4.972877957141761e-14
425,6.018152514142896e-10,1.683689380252333e-13,4.739916955012793e-14
426,5.735644828848843e-10,1.604400256637652e-13,4.517830555811936e-14
427,5.466377224488367e-10,1.528834914688534e-13,4.306115395746283e-14
428,5.209686309673497e-10,1.456819302472127e-13,4.104286374333753e-14
429,4.965057683410915e-10,1.388187127215929e-13,3.911886785661911e-14
430,4.731826326951146e-10,1.322780002237626e-13,3.728476355828057e-14
431,4.509583396390666e-10,1.260446719357619e-13,3.553635338664328e-14
432,4.297721944284787e-10,1.201043305157881e-13,3.386967603269849e-14
433,4.095796512516963e-10,1.14443240937749e-13,3.228089850472137e-14
434,3.903331336617528e-10,1.090483143171713e-13,3.076643691327582e-14
435,3.719900348910071e-10,1.039070682638129e-13,2.932276897113858e-14
436,3.545029371480927e-10,9.900761770321178e-14,2.794664551719441e-14
437,3.378449742924194e-10,9.433862142962375e-14,2.663489869394881e-14
438,3.219574451588072e-10,8.988927616450167e-14,2.538451398427382e-14
439,3.068227459419384e-10,8.56492408344266e-14,2.419267958529193e-14
440,2.923941768226495e-10,8.160874802458668e-14,2.305660492129896e-14
441,2.786419558605721e-10,7.775841086404826e-14,2.197372935429363e-14
442,2.655445338842221e-10,7.40893010912265e-14,2.094155542458425e-14
443,2.530535030116543e-10,7.059290081263373e-14,1.995773076421259e-14
444,2.411498076812228e-10,6.726112851675874e-14,1.901999717729396e-14
445,2.298060780350146e-10,6.408623532485467e-14,1.812617976038292e-14
446,2.18996492628851e-10,6.106087174636527e-14,1.727423611418094e-14
447,2.086922769862366e-10,5.81779843555477e-14,1.646223215695146e-14
448,1.988765218149176e-10,5.543089702504312e-14,1.568829660925299e-14
449,1.895160680181368e-10,5.281324137603559e-14,1.495064134915734e-14
450,1.805982627585044e-10,5.031892123191104e-14,1.424755313381407e-14
451,1.720996401089119e-10,4.794215365959827e-14,1.357746055114189e-14
452,1.640101127424605e-10,4.567739452203897e-14,1.293879229637036e-14
453,1.562866175355013e-10,4.351938835987437e-14,1.233006380929563e-14
454,1.489318984490576e-10,4.146312533821903e-14,1.174993687079512e-14
455,1.41920216772784e-10,3.950378612476694e-14,1.119700992159258e-14
456,1.352447492426157e-10,3.763685704301401e-14,1.067003698025515e-14
457,1.288841794849361e-10,3.585795336658092e-14,1.016779789687833e-14
458,1.228164445697867e-10,3.416294856605274e-14,9.689119924353293e-15
459,1.170435683297067e-10,3.254791198450131e-14,9.23296116141245e-15
460,1.115339819550727e-10,3.10090655839323e-14,8.798189386662208e-15
461,1.062822128733504e-10,2.954281822240976e-14,8.383862541124636e-15
462,1.0128243281507e-10,2.814575268250963e-14,7.988973915751314e-15
463,9.653311369835312e-11,2.681463780484958e-14,7.612652340305867e-15
464,9.198206488099718e-11,2.554633785059717e-14,7.254032377834244e-15
465,8.766341623446591e-11,2.433789130947014e-14,6.912226296501359e-15
466,8.354084065502814e-11,2.318651286487265e-14,6.586504862195156e-15
467,7.960909028183372e-11,2.20895003024565e-14,6.276118759377834e-15
468,7.586890596663914e-11,2.104427897375307e-14,5.980297748885558e-15
469,7.229546514279559e-11,2.004842595362774e-14,5.698402237028624e-15
470,6.890361499485017e-11,1.909961933692152e-14,5.4297732926904e-15
471,6.567514341711039e-11,1.81955858853775e-14,5.173755482906005e-15
472,6.259242695440151e-11,1.733428262910904e-14,4.929782227629115e-15
473,5.965189617857318e-11,1.651368286155724e-14,4.697292392661989e-15
474,5.685086164704508e-11,1.573185305748246e-14,4.475774133622717e-15
475,5.418517415218459e-11,1.498698502650228e-14,4.264648927500472e-15
476,5.163792806663855e-11,1.427727419724636e-14,4.063457973422196e-15
477,4.922402667583433e-11,1.360113798726401e-14,3.871758545118302e-15
478,4.691892293260172e-11,1.295698954697249e-14,3.689101178240732e-15
479,4.471933192936918e-11,1.234325769112624e-14,3.515003506932439e-15
480,4.262135985235311e-11,1.175856078585574e-14,3.349124246505851e-15
481,4.062684734206187e-11,1.120152572201091e-14,3.19105588132727e-15
482,3.87216505344334e-11,1.067078931994308e-14,3.040416867733136e-15
483,3.690614976120969e-11,1.016517517577691e-14,2.89688498819951e-15
484,3.517804891996648e-11,9.683476869236072e-15,2.760127240491468e-15
485,3.354036369972074e-11,9.22461376894795e-15,2.629844232279195e-15
486,3.198685858850364e-11,8.78737923631959e-15,2.505627922480362e-15
487,3.049508301031919e-11,8.370896087308023e-15,2.387326817345055e-15
488,2.90828716877323e-11,7.974077161942399e-15,2.27456658302531e-15
489,2.772589319954967e-11,7.596061319932978e-15,2.167151334586979e-15
490,2.643217760812277e-11,7.23596032869385e-15,2.064785146684227e-15
491,2.520592185864902e-11,6.89291381343909e-15,1.967296552362787e-15
492,2.403464371654681e-11,6.566046619097904e-15,1.874320991215971e-15
493,2.292088130413215e-11,6.25467738092705e-15,1.785788239439043e-15
494,2.186167712681583e-11,5.958062117059366e-15,1.701419052625895e-15
495,2.085263433343164e-11,5.675468362763097e-15,1.621001203934147e-15
496,1.988538256473731e-11,5.406296442927235e-15,1.544426525512349e-15
497,1.896697004087874e-11,5.149834065455476e-15,1.471398732834716e-15
498,1.809332889849115e-11,4.905576601576721e-15,1.401944798318394e-15
499,1.725926024737227e-11,4.672785308151235e-15,1.33559795825926e-15
500,1.646862815580268e-11,4.451165424119069e-15,1.272548036577148e-15
501,1.571671279475868e-11,4.239923908591253e-15,1.21238025042173e-15
502,1.499739102182967e-11,4.038716042379261e-15,1.155036754061369e-15
503,1.431170933681288e-11,3.847117983902681e-15,1.100484363013444e-15
504,1.36585659952131e-11,3.664518874111671e-15,1.048456986858491e-15
505,1.303549585204971e-11,3.49065591668251e-15,9.98916934422766e-16
506,1.244742914161133e-11,3.32497104015104e-15,9.516751647877773e-16
507,1.188059816786442e-11,3.167189017409093e-15,9.067368639480485e-16
508,1.134491081139508e-11,3.016836029589025e-15,8.638601218345983e-16
509,1.083480679855011e-11,2.873626194901013e-15,8.230148326987719e-16
510,1.034659620405183e-11,2.737198386565778e-15,7.840796273885448e-16
511,9.8807196712187e-12,2.60727344471257e-15,7.470436163953649e-16
512,9.441242037347119e-12,2.48349013836086e-15,7.117272416872204e-16
513,9.020063906454616e-12,2.365598832029915e-15,6.78130090152786e-16
514,8.618539720818007e-12,2.253270351592295e-15,6.460307434898228e-16
515,8.237251849777051e-12,2.146256768809969e-15,6.154724633037119e-16
516,7.869403151171287e-12,2.044355446771419e-15,5.863529981130775e-16
517,7.5269865569818e-12,1.947343463565649e-15,5.587128728053996e-16
518,7.199733486900079e-12,1.854873611521233e-15,5.32336396572364e-16
519,6.8860482640253e-12,1.766786859361118e-15,5.071592772472987e-16
520,6.58719479577425e-12,1.682888115913551e-15,4.832035906544398e-16
521,6.29553644214708e-12,1.602973013847469e-15,4.603400659012502e-16
522,6.032023105611639e-12,1.526896811894435e-15,4.386494421486731e-16
523,5.767620304706252e-12,1.454338425085258e-15,4.178712414273489e-16
524,5.522714658286577e-12,1.385245756155194e-15,3.980956261660992e-16
525,5.293510325712675e-12,1.319545925035589e-15,3.793865451846602e-16
526,5.065435051161671e-12,1.256854676663503e-15,3.614302518759978e-16
527,4.854696881424553e-12,1.197139494141337e-15,3.443710439180326e-16
528,4.653429444735084e-12,1.140306578036811e-15,3.28109371190459e-16
529,4.455681650406121e-12,1.086123493997414e-15,3.125729894767463e-16
530,4.275982971772062e-12,1.034587999353134e-15,2.978547922227051e-16
531,4.101584184084635e-12,9.855430867308834e-16,2.838847136074407e-16
532,3.93450101172852e-12,9.386709488437874e-16,2.703715550619382e-16
533,3.774049549797169e-12,8.9417949198486e-16,2.576945271074927e-16
534,3.618585300025337e-12,8.516683002441708e-16,2.455006862056028e-16
535,3.48266757008813e-12,8.113076918606934e-16,2.339970606797532e-16
536,3.350674745385856e-12,7.727765721889824e-16,2.229654205603491e-16
537,3.214474379597319e-12,7.361202700142155e-16,2.124474526668809e-16
538,3.09125500350073e-12,7.011890506992976e-16,2.024743315947337e-16
539,2.974908400934423e-12,6.678854491831574e-16,1.928725469192903e-16
540,2.857107098527698e-12,6.362231748522461e-16,1.837758605597207e-16
541,2.750004588068842e-12,6.06035709903978e-16,1.751758217881072e-16
542,2.650088280830398e-12,5.772880877755836e-16,1.669480757396171e-16
543,2.550307527870784e-12,5.499697470428429e-16,1.591317255304636e-16
544,2.464329165142728e-12,5.238847179382852e-16,1.516660432772961e-16
545,2.369431546365851e-12,4.990417835136059e-16,1.445083388011511e-16
546,2.292134983396647e-12,4.753778126284716e-16,1.377560584032903e-16
547,2.217966000307927e-12,4.52888600838923e-16,1.312860843779008e-16
548,2.127291686515503e-12,4.313743882128105e-16,1.250789639877674e-16
549,2.056193610235944e-12,4.110229630813416e-16,1.193253593734226e-16
550,1.99183595140872e-12,3.915259420979772e-16,1.136578829050543e-16
551,1.925496974813304e-12,3.730359128717809e-16,1.083936019509091e-16
552,1.865015700607483e-12,3.553555746367918e-16,1.033075176566039e-16
553,1.795903809321394e-12,3.384743799009638e-16,9.842192964199774e-17
554,1.728103183561114e-12,3.224695205924708e-16,9.376136601647561e-17
555,1.698618614336506e-12,3.072748017418795e-16,8.949336654402481e-17
556,1.634120736551473e-12,2.927470400881518e-16,8.528219035253416e-17
557,1.592666045780903e-12,2.789279115862077e-16,8.130532638944896e-17
558,1.539517159669191e-12,2.657456979442542e-16,7.750286294089465e-17
559,1.486304099965654e-12,2.531847221452607e-16,7.387648040437161e-17
560,1.457614220950333e-12,2.413364057064858e-16,7.056551506541264e-17
561,1.414526126085113e-12,2.299597024958686e-16,6.72878342693908e-17
562,1.378455476251638e-12,2.191015434473289e-16,6.415851700568863e-17
563,1.335982265342536e-12,2.087423865513891e-16,6.11032272475705e-17
564,1.302814429322882e-12,1.990046115654764e-16,5.833932233654733e-17
565,1.272009875984301e-12,1.896250989363652e-16,5.56277706226339e-17
566,1.234490925255594e-12,1.806694814316016e-16,5.30393403991631e-17
567,1.2049108838704e-12,1.721720396984538e-16,5.055154234748764e-17
568,1.174373834891533e-12,1.641798338187948e-16,4.841614102349742e-17
569,1.156783903333054e-12,1.564719879662908e-16,4.611623423532842e-17
570,1.13068904867038e-12,1.491460535616521e-16,4.405610706165124e-17
571,1.10459853911694e-12,1.42135941467164e-16,4.197849445653623e-17
572,1.077354852349237e-12,1.35469042171516e-16,3.998436594502267e-17
573,1.05659808125462e-12,1.291276951528432e-16,3.824574871038819e-17
574,1.034113590008435e-12,1.232217280781169e-16,3.661523412569874e-17
575,1.015388489438718e-12,1.174127460272698e-16,3.491675492553807e-17
576,9.973222928721804e-13,1.119351072725267e-16,3.332729357578518e-17
577,9.75803132806666e-13,1.067185827775624e-16,3.17850197530178e-17
578,9.53560421173848e-13,1.017629655577831e-16,3.038870898499919e-17
579,9.396728016254402e-13,9.706399929316943e-17,2.900260002784377e-17
580,9.260722125309972e-13,9.25409398509887e-17,2.762521891377554e-17
581,9.093663215944648e-13,8.832724067386414e-17,2.654680242021044e-17
582,8.904885009281203e-13,8.417885768525488e-17,2.524692259654189e-17
583,9.06314808315792e-13,8.04431730035545e-17,2.421912160209706e-17
584,9.096333136234647e-13,7.665197485870419e-17,2.305958578274682e-17
585,8.94426229379292e-13,7.3129564339848e-17,2.20910240065772e-17
586,8.720881704894182e-13,6.97498570181316e-17,2.105175495237026e-17
587,8.574360093072329e-13,6.6599493090608e-17,2.017152214318296e-17
588,8.383298380937691e-13,6.363477623838929e-17,1.935490847897554e-17
589,8.266112766231369e-13,6.070403345032592e-17,1.846377304227886e-17
590,8.211525201822592e-13,5.805000439104848e-17,1.782461970570427e-17
591,8.057873233256598e-13,5.540598768720806e-17,1.699666588282382e-17
592,7.885266662184961e-13,5.289201586253758e-17,1.619234065880173e-17
593,8.019295632795301e-13,5.053024436127539e-17,1.555379875309586e-17
594,7.807131253773936e-13,4.827002916095798e-17,1.487076006891003e-17
595,7.782666919116422e-13,4.613739315279591e-17,1.436757824037467e-17
596,7.62458999264343e-13,4.417768709569864e-17,1.377264785363912e-17
597,7.637001742980696e-13,4.222496044180625e-17,1.324338814721827e-17
598,7.449933882724569e-13,4.032507428108218e-17,1.253599747485686e-17
599,7.359254359194019e-13,3.857582034941771e-17,1.216300324683363e-17
600,7.434719604523834e-13,3.690081944660777e-17,1.162242333730971e-17
601,7.303249638308928e-13,3.538421382018231e-17,1.132164073362168e-17
602,7.17850975634799e-13,3.382686798249488e-17,1.078497042054416e-17
603,7.086378060849329e-13,3.229434287641345e-17,1.034470439381645e-17
604,7.144252581433297e-13,3.09599185759416e-17,9.921065217828615e-18
605,7.005762108980505e-13,2.967332959681691e-17,9.577018954240401e-18
606,6.944594038278786e-13,2.840544128922038e-17,9.17288781876602e-18
607,6.940076214709063e-13,2.727075176983033e-17,8.885803142636613e-18
608,6.978888488403414e-13,2.613176636542567e-17,8.602041671606026e-18
609,6.831788366638467e-13,2.503003759840506e-17,8.270336853456216e-18
610,6.79046308812475e-13,2.399815055207796e-17,7.995233676729752e-18
611,6.745684505162695e-13,2.300152849988714e-17,7.622873329298598e-18
612,6.670275373041455e-13,2.205097794311991e-17,7.325781576189795e-18
613,6.668520735646182e-13,2.120327855330213e-17,7.053363549911749e-18
614,6.610435547000462e-13,2.03455167364015e-17,6.804544816101947e-18
615,6.567043550930175e-13,1.953254357962227e-17,6.617804799008322e-18
616,6.569449050580472e-13,1.880415109345608e-17,6.474789054250125e-18
617,6.494753639160911e-13,1.802662378456291e-17,6.18967636743328e-18
618,6.558201531388893e-13,1.739660647726358e-17,6.050458935825214e-18
619,6.43583456641169e-13,1.668318350486379e-17,5.856650640446112e-18
620,6.468500376220917e-13,1.608120259851399e-17,5.668762623074005e-18
621,6.486644623102936e-13,1.546205119700538e-17,5.47826218577692e-18
622,6.386210332500108e-13,1.483275140597671e-17,5.267830315050658e-18
623,6.380623609303878e-13,1.433832665364995e-17,5.109610957806862e-18
624,6.281295742126645e-13,1.380040648641649e-17,4.915535909473194e-18
625,6.36311765161043e-13,1.3390796863403e-17,4.930695952988187e-18
626,6.385047765578489e-13,1.288362958459379e-17,4.734291422092068e-18
627,6.352616414225089e-13,1.240309789881586e-17,4.588766049359082e-18
628,6.249727184021944e-13,1.201789346332603e-17,4.441725162859225e-18
629,6.252703481603832e-13,1.162974919630777e-17,4.403753580729635e-18
630,6.19023623683728e-13,1.121603960235949e-17,4.237393846901181e-18
631,6.152851600973081e-13,1.080151951837725e-17,4.080285314584103e-18
632,6.174354058385163e-13,1.04616520297313e-17,3.949025525137066e-18
633,6.156836117090942e-13,1.015925243105523e-17,3.953606040512897e-18
634,6.157303798633165e-13,9.855807761960518e-18,3.838906189592902e-18
635,6.158598611736943e-13,9.515132343342572e-18,3.691610464650139e-18
636,6.188923381976904e-13,9.273777342689521e-18,3.689900989457495e-18
637,6.1360356321696e-13,8.997379092519125e-18,3.623619442480257e-18
638,6.054609041705432e-13,8.726226956701996e-18,3.428793594585536e-18
639,6.201741264331085e-13,8.538046463608013e-18,3.530328910450565e-18
640,6.093883609417102e-13,8.21327889934977e-18,3.273642037549784e-18
641,6.06388489557197e-13,8.077103099193453e-18,3.408361756227328e-18
642,6.014998046366193e-13,7.79586783408068e-18,3.214852616640126e-18
643,6.00072890365535e-13,7.650856874297293e-18,3.198423367841063e-18
644,6.061393550742546e-13,7.477140753109397e-18,3.160261415073411e-18
645,6.02925867145372e-13,7.27468913182237e-18,3.081498977566161e-18
646,6.106804395780422e-13,7.108750711312305e-18,3.07144062679428e-18
647,6.02967223018115e-13,6.985541900104017e-18,3.041421061160148e-18
648,5.925166261710287e-13,6.791955974791563e-18,2.86213540209089e-18
649,5.959305554584817e-13,6.591823318259105e-18,2.760474158215662e-18
650,6.044456241613468e-13,6.541907252545998e-18,2.891275264886558e-18
651,5.939450277759966e-13,6.388167384425969e-18,2.781411337483475e-18
652,5.96910840372212e-13,6.25348306789773e-18,2.720056694619162e-18
653,6.107677581581498e-13,6.157595157164468e-18,2.786305015133123e-18
654,5.964363000521549e-13,6.051489611691963e-18,2.692063159647288e-18
655,5.900734673360409e-13,5.934310540059144e-18,2.719465183303106e-18
656,5.887720225221812e-13,5.855833948832877e-18,2.623882347038966e-18
657,5.851669690232552e-13,5.749742076677948e-18,2.65671982746756e-18
658,5.908532610841999e-13,5.716374391474783e-18,2.629051696650641e-18
659,5.935414217068919e-13,5.619905533334132e-18,2.596809939850167e-18
660,5.864338049077524e-13,5.507342740274903e-18,2.519233992106842e-18
661,5.880355638644588e-13,5.503967443989153e-18,2.646561499076835e-18
662,5.832304035719015e-13,5.371359284469594e-18,2.505045029073679e-18
663,5.792473344576693e-13,5.312537443500854e-18,2.445296317780291e-18
664,5.826781339985159e-13,5.28419515901071e-18,2.539895885402728e-18
665,5.79041815299477e-13,5.207508703828088e-18,2.493708767717249e-18
666,5.730892901460837e-13,5.089498731271863e-18,2.329173462487395e-18
667,5.852855604091214e-13,5.103426316640915e-18,2.481174312450734e-18
668,5.825907190118056e-13,5.020614186893221e-18,2.365213181434313e-18
669,5.797842658725295e-13,4.946490841118586e-18,2.357948560116957e-18
670,5.722015613857929e-13,4.872925895746637e-18,2.252640286842888e-18
671,5.754482647246453e-13,4.836772404502049e-18,2.252814285736461e-18
672,5.749732297631181e-13,4.843412768776561e-18,2.317541832554067e-18
673,5.728264451756188e-13,4.800097893125929e-18,2.328462386025629e-18
674,5.783929977806571e-13,4.765709109356213e-18,2.386100433982224e-18
675,5.76843345754234e-13,4.724494828065995e-18,2.314821060224924e-18
676,5.782276275776777e-13,4.674691456856288e-18,2.299032688325499e-18
677,5.733855665051267e-13,4.66232725859966e-18,2.306608252449237e-18
678,5.711982883802784e-13,4.568332862053257e-18,2.186690966859815e-18
679,5.781212428522281e-13,4.675579718021738e-18,2.375843835005122e-18
680,5.682857133906206e-13,4.562665643004964e-18,2.213227219929513e-18
681,5.777991931284292e-13,4.611299022906751e-18,2.364138786398445e-18
682,5.743310121440777e-13,4.494680633476604e-18,2.243123745620058e-18
683,5.637774523587485e-13,4.450343575693629e-18,2.141528332757638e-18
684,5.700517814411634e-13,4.501307381484478e-18,2.285749287137015e-18
685,5.678331273792243e-13,4.421476198438039e-18,2.204971928496092e-18
686,5.68719928614512e-13,4.476479976308535e-18,2.254885017833651e-18
687,5.811232833593568e-13,4.475833511069432e-18,2.323004559318308e-18
688,5.776343433565096e-13,4.435305535488736e-18,2.241199261628896e-18
689,5.657565329652517e-13,4.345338293127134e-18,2.15088494514069e-18
690,5.678288380000979e-13,4.420624430005676e-18,2.273623255984969e-18
691,5.682569606094719e-13,4.377924574426417e-18,2.221795097996793e-18
692,5.661439435045259e-13,4.370240499782633e-18,2.290362278923429e-18
693,5.670798152750255e-13,4.380311956351036e-18,2.266678673429957e-18
694,5.616640389969205e-13,4.294891668976146e-18,2.142914286423012e-18
695,5.722433441504225e-13,4.390201236010001e-18,2.355324545603964e-18
696,5.633191744918075e-13,4.317777942403544e-18,2.203067428753731e-18
697,5.629107971695893e-13,4.307035985747925e-18,2.172571474943939e-18
698,5.586624304350941e-13,4.277571203263298e-18,2.130081720902106e-18
699,5.613624879745169e-13,4.265502974529855e-18,2.118695658651664e-18
700,5.595135260697489e-13,4.269545718745594e-18,2.137427758375664e-18
701,5.565980630542588e-13,4.29448184701222e-18,2.181582322757934e-18
702,5.717932140510921e-13,4.241439962066951e-18,2.179861376213572e-18
703,5.608410044776743e-13,4.173862651379164e-18,2.013483997434862e-18
704,5.563861935811733e-13,4.223113790121398e-18,2.085735925187318e-18
705,5.58791639053344e-13,4.269660687515821e-18,2.213110982210827e-18
706,5.633675425282939e-13,4.266572136452935e-18,2.205689811912129e-18
707,5.623428346393174e-13,4.26444943732946e-18,2.280446413666765e-18
708,5.515960098867398e-13,4.179150886164036e-18,2.064653174369813e-18
709,5.552116336634286e-13,4.259983961466406e-18,2.222104861353819e-18
710,5.466379194550027e-13,4.16875340521552e-18,2.031803862080661e-18
711,5.455869582376697e-13,4.116602903645652e-18,1.949923113657293e-18
712,5.586693959759082e-13,4.274830863632473e-18,2.26726194343508e-18
713,5.520504166636507e-13,4.198155811074949e-18,2.106230194599942e-18
714,5.531875982886015e-13,4.21318959112184e-18,2.135270780967178e-18
715,5.499432173667514e-13,4.170362579250131e-18,2.035186536859861e-18
716,5.470146095338029e-13,4.139065731594102e-18,2.010175918642433e-18
717,5.513558552326168e-13,4.207695716039508e-18,2.146413959947916e-18
718,5.436691297911068e-13,4.130960537759617e-18,2.021075827181163e-18
719,5.529810670668401e-13,4.180514872779647e-18,2.174115596320508e-18
720,5.51427347825939e-13,4.176774941644138e-18,2.088085517198622e-18
721,5.463964200287295e-13,4.165532841551445e-18,2.072232697157675e-18
722,5.458001892262056e-13,4.145286842125866e-18,2.03787022647846e-18
723,5.387434905444071e-13,4.100912697847642e-18,1.992827808564391e-18
724,5.471686349554681e-13,4.238109316415641e-18,2.188810625391627e-18
725,5.429221713487869e-13,4.186299747751704e-18,2.133170130718809e-18
726,5.494047313438731e-13,4.212080510152757e-18,2.179312888629646e-18
727,5.438125388052437e-13,4.16694549188193e-18,2.108424846595922e-18
728,5.355230612376655e-13,4.110053452408457e-18,1.962205502577453e-18
729,5.430471840210138e-13,4.156286455373938e-18,2.072127884580357e-18
730,5.432752464888192e-13,4.180265383313593e-18,2.100352255915388e-18
731,5.356835741350789e-13,4.144231640535591e-18,2.016522805065496e-18
732,5.475582888443834e-13,4.200095049941244e-18,2.201427047409406e-18
733,5.330184817303183e-13,4.119933178066716e-18,1.977325279396587e-18
734,5.450198664799399e-13,4.191811028156401e-18,2.198553501565743e-18
735,5.396573000810132e-13,4.155167466012566e-18,2.051738965738988e-18
736,5.36954508381787e-13,4.144226187889378e-18,2.054185893840481e-18
737,5.365282010423294e-13,4.143748604400024e-18,2.027701476456966e-18
738,5.404493409801554e-13,4.20624371981417e-18,2.161560257589796e-18
739,5.350686578338267e-13,4.157439635323496e-18,2.104536525782592e-18
740,5.279650036542379e-13,4.062488306785962e-18,1.906549781497188e-18
741,5.331600942160476e-13,4.137182790609609e-18,2.012141071860538e-18
742,5.33248423499785e-13,4.188907865159213e-18,2.106638167896086e-18
743,5.39710238341335e-13,4.126980794123465e-18,2.082590890877819e-18
744,5.376786266208768e-13,4.184592180169307e-18,2.145220383876718e-18
745,5.31997153154541e-13,4.118556864600864e-18,1.987016550484263e-18
746,5.272582507097097e-13,4.141009189653687e-18,1.991561430883116e-18
747,5.269540363263047e-13,4.190385212333392e-18,2.084328689994329e-18
748,5.2641554609302e-13,4.131638948270783e-18,1.984010696859963e-18
749,5.238694084746497e-13,4.145907441576111e-18,1.969616469455179e-18
750,5.287058884328668e-13,4.20930895574579e-18,2.102530617845582e-18
751,5.271817313030765e-13,4.187393803114925e-18,2.083772121156308e-18
752,5.329435927928258e-13,4.163376529462168e-18,2.073378760624209e-18
753,5.330846116715428e-13,4.159414039261528e-18,2.061220197892833e-18
754,5.342523443568456e-13,4.129409370306722e-18,2.033625473603171e-18
755,5.221941247119673e-13,4.104983516959384e-18,1.93669920268056e-18
756,5.298783829700688e-13,4.231244666772624e-18,2.157428852280627e-18
757,5.321523657065161e-13,4.210120933890348e-18,2.159547632633701e-18
758,5.221912796697358e-13,4.124025565713341e-18,1.983696522371441e-18
759,5.278454135156153e-13,4.158680271550661e-18,2.071263123773133e-18
760,5.223525068321998e-13,4.167822576691943e-18,2.049302963839437e-18
761,5.337286575456404e-13,4.200172343353141e-18,2.166356215990132e-18
762,5.239762425891456e-13,4.127989129025841e-18,1.982420162099885e-18
763,5.353157351502295e-13,4.124169950554033e-18,2.087164454373117e-18
764,5.259657790920888e-13,4.216384497361736e-18,2.098055255999685e-18
765,5.214995523582764e-13,4.162779837721773e-18,2.045253902211352e-18
766,5.299718534258655e-13,4.156831140763595e-18,2.082039545222886e-18
767,5.224053838007842e-13,4.127467940481024e-18,1.967969883179899e-18
768,5.240460835703691e-13,4.158722568374406e-18,2.05804381008524e-18
769,5.334837895463775e-13,4.112395175462511e-18,2.041832236179602e-18
770,5.327728113138518e-13,4.178811398231547e-18,2.113678774332362e-18
771,5.235800739457127e-13,4.109067867657005e-18,1.96865857547672e-18
772,5.199913962638268e-13,4.133112205462706e-18,2.089756901653301e-18
773,5.324874680819903e-13,4.142555993226218e-18,2.077819789934102e-18
774,5.216128259002165e-13,4.135755827791177e-18,1.995611332038558e-18
775,5.243569400122987e-13,4.105343083687699e-18,1.935292320382242e-18
776,5.183625363585188e-13,4.069051511252305e-18,1.856340034834742e-18
777,5.218692388470898e-13,4.169630377260469e-18,2.053203583190226e-18
778,5.281089541985914e-13,4.168134939072342e-18,2.052045325182384e-18
779,5.230401339671925e-13,4.163170010326901e-18,2.034872811245137e-18
780,5.200452389479928e-13,4.079553103346341e-18,1.911053783525622e-18
781,5.258498699280023e-13,4.193414388108593e-18,2.123638645766537e-18
782,5.145495181523266e-13,4.125844249719288e-18,1.911850284260959e-18
783,5.194746358381327e-13,4.219550670397265e-18,2.130534649307482e-18
784,5.204199020530754e-13,4.15011271667134e-18,2.022435636625176e-18
785,5.104033559422221e-13,4.05227814447316e-18,1.798439435171795e-18
786,5.08118534713456e-13,4.169699404517825e-18,1.970339309486418e-18
787,5.127263832598723e-13,4.115062237512934e-18,1.927971631078175e-18
788,5.12864802402988e-13,4.175166831786609e-18,1.998911657451105e-18
789,5.104123651338976e-13,4.137931444259998e-18,1.914356498885346e-18
790,5.11725262344027e-13,4.181058356129536e-18,1.99739430143716e-18
791,5.140115004311949e-13,4.141300971290735e-18,1.960957612807541e-18
792,5.057821998688253e-13,4.086741117090299e-18,1.853919797280828e-18
793,5.116046682486085e-13,4.111243452637979e-18,1.941066146547941e-18
794,5.091363685813881e-13,4.092539538712353e-18,1.88309467418545e-18
795,5.152107504184537e-13,4.227760845383276e-18,2.133392781050448e-18
796,5.097932913035434e-13,4.116580807149513e-18,1.90750232844003e-18
797,5.101739880038035e-13,4.181951168689554e-18,2.03085170706558e-18
798,5.132636319065811e-13,4.104855333368885e-18,1.926753606264059e-18
799,5.081919539547634e-13,4.133343727349382e-18,1.93757702842285e-18
800,5.195857081307648e-13,4.160786558536131e-18,2.049324849907464e-18
801,5.19182071468701e-13,4.173486020995917e-18,2.030202192814931e-18
802,5.193800541792737e-13,4.165840320476601e-18,2.015449543445206e-18
803,5.224575686945558e-13,4.150987410255857e-18,1.952299541050439e-18
804,5.094357476927895e-13,4.173723207693289e-18,1.99586925628389e-18
805,5.129781774711972e-13,4.206720117910191e-18,2.105127697499048e-18
806,5.058447377599732e-13,4.108079832066164e-18,1.861051620379012e-18
807,5.123701425184016e-13,4.14463805280832e-18,1.958163655170958e-18
808,5.104643418051731e-13,4.166226177451809e-18,1.989852475366957e-18
809,5.141243109232738e-13,4.204389521314832e-18,2.011311954801677e-18
810,5.100859601497613e-13,4.123498208232349e-18,1.903735375711782e-18
811,5.256736957912907e-13,4.164408159077304e-18,2.098158884027828e-18
812,5.274981345743466e-13,4.125372725735384e-18,2.038367607745389e-18
813,5.152915523031814e-13,4.115925005941276e-18,2.000430027503729e-18
814,5.178183792942154e-13,4.22926220296564e-18,2.0981672809175e-18
815,5.130399734654502e-13,4.147611266054173e-18,2.019373422878246e-18
816,5.172652653427862e-13,4.151256738992551e-18,2.017261407065056e-18
817,5.022272151370186e-13,4.033971629635957e-18,1.777704261817959e-18
818,5.118142465715065e-13,4.172237165199407e-18,1.988026194520185e-18
819,5.144652862066599e-13,4.179108350446715e-18,2.013862968523219e-18
820,5.184186822984764e-13,4.146775106954135e-18,1.990459716994877e-18
821,5.147585850092796e-13,4.214594111111319e-18,2.047231418671568e-18
822,5.077803309635598e-13,4.106477102037332e-18,1.815035161741576e-18
823,5.113077586522403e-13,4.140392330361191e-18,2.017756921624935e-18
824,5.127800904356848e-13,4.15467067643283e-18,1.939374601614617e-18
825,5.195389113383983e-13,4.0833277890983e-18,1.915344283529609e-18
826,5.074583429543667e-13,4.1261737842816e-18,1.886758955001128e-18
827,5.10087336090683e-13,4.143043597272624e-18,1.948792802445776e-18
828,5.262244471263649e-13,4.106168352693719e-18,2.09879506705453e-18
829,5.168146424520476e-13,4.141045849777404e-18,2.017725570134531e-18
830,5.185821080900749e-13,4.130664662852932e-18,1.9699937986161e-18
831,5.419026401523905e-13,4.182106168800164e-18,2.248260653160844e-18
832,5.257606476191226e-13,4.093419430967808e-18,1.929448691467525e-18
833,5.241249300033879e-13,4.228813326549937e-18,2.122115933133837e-18
834,5.183906629823419e-13,4.168496735151382e-18,2.020555493083104e-18
835,5.06572591786546e-13,4.05781261120589e-18,1.807364287090108e-18
836,5.092281990745555e-13,4.205766136167463e-18,2.046059278905406e-18
837,5.022461192473212e-13,4.113373016362572e-18,1.869426536644257e-18
838,5.140581333166066e-13,4.177827147194718e-18,2.053758819318979e-18
839,5.078081056191717e-13,4.112699357980553e-18,1.872382994582822e-18
840,5.170142075251703e-13,4.175259525142677e-18,2.074558708402681e-18
841,5.023658588887479e-13,4.114883143758663e-18,1.912301995849963e-18
842,5.025474352907196e-13,4.1033685382091e-18,1.872376495263303e-18
843,5.100164053922091e-13,4.148683419766777e-18,2.011907755780883e-18
844,5.021708108709888e-13,4.004620860359878e-18,1.74737999746479e-18
845,5.265544231915391e-13,4.212828104716825e-18,2.240741718286734e-18
846,5.295511673762657e-13,4.169432785729668e-18,2.084005314241322e-18
847,5.232141755431627e-13,4.122820592878915e-18,1.941274922669247e-18
848,5.067096614250015e-13,4.097021360350103e-18,1.814549650477455e-18
849,5.180399792514772e-13,4.184832319641239e-18,2.056977094793667e-18
850,5.112690449827101e-13,4.14358125299485e-18,1.92457354666347e-18
851,5.115764959411217e-13,4.081862615896158e-18,1.875777765515308e-18
852,5.118202211354296e-13,4.199155382063092e-18,2.039590608295124e-18
853,5.201551851664912e-13,4.124620306058786e-18,1.983356046442287e-18
854,5.116372978653067e-13,4.17355065763695e-18,1.985661586153053e-18
855,5.205438209970868e-13,4.15943132936105e-18,2.020011900143217e-18
856,5.11392026715592e-13,4.166883965970963e-18,1.959788412538444e-18
857,5.110762264573143e-13,4.11849372289757e-18,1.931452576799374e-18
858,5.089762556566884e-13,4.148929832272092e-18,1.960709576937198e-18
859,5.160727237859499e-13,4.128378009475044e-18,1.949963360338873e-18
860,5.062589081168245e-13,4.125451737457248e-18,1.974588442521901e-18
861,5.073475593072354e-13,4.099634600765504e-18,1.886130734842971e-18
862,5.096734796926268e-13,4.161532625255144e-18,1.995730554834699e-18
863,5.093972887325775e-13,4.203470103872757e-18,2.014782879802431e-18
864,5.172064999894944e-13,4.155871713678787e-18,2.050324202698718e-18
865,5.275752433754849e-13,4.141353886736039e-18,2.064880989807651e-18
866,5.197677447344195e-13,4.106904441492228e-18,1.959691797851493e-18
867,5.278213795641682e-13,4.117691266252002e-18,1.943436047975956e-18
868,5.142153727438797e-13,4.18238285719329e-18,1.980398957860607e-18
869,5.129032320511058e-13,4.152299769118546e-18,1.94888321868454e-18
870,5.099489240476018e-13,4.110895363427797e-18,1.881825080410664e-18
871,5.072950340536487e-13,4.120215638333832e-18,1.90503900360133e-18
872,5.036981932134859e-13,4.12785676154124e-18,1.870807674847794e-18
873,5.071074086058848e-13,4.175599138881834e-18,1.971851007900431e-18
874,5.07285766520726e-13,4.140224062070705e-18,1.90966848531594e-18
875,5.045593915824484e-13,4.165750727037748e-18,1.938564578893018e-18
876,5.148160737472275e-13,4.184717690855344e-18,2.082548610288593e-18
877,5.108722430611608e-13,4.135011942155147e-18,2.010100368576338e-18
878,5.156249977535944e-13,4.148222374777086e-18,1.999653832880423e-18
879,5.289383227853536e-13,4.12867073684705e-18,2.121753484986171e-18
880,5.236351574474402e-13,4.124013628487688e-18,1.996755079255564e-18
881,5.266225848650145e-13,4.140558420958507e-18,2.012097215120339e-18
882,5.257309184907925e-13,4.126140346148414e-18,1.964047449205539e-18
883,5.223898867420968e-13,4.179066444352049e-18,1.999518688399917e-18
884,5.148694047507688e-13,4.127441647436108e-18,1.938655977029037e-18
885,5.222136834517845e-13,4.163887877805826e-18,2.009511424646966e-18
886,5.111064283240463e-13,4.12498134751696e-18,1.865127679399094e-18
887,5.278353756416078e-13,4.229813134502232e-18,2.128723141650821e-18
888,5.134271510265612e-13,4.144327147655378e-18,1.99418142610752e-18
889,5.091581224312217e-13,4.178677915744108e-18,1.96930457061506e-18
890,5.10663034319779e-13,4.166888944058361e-18,1.965697944513475e-18
891,5.1568541701148e-13,4.163236631948768e-18,2.077451781048233e-18
892,5.142177045422495e-13,4.142465827968908e-18,1.993542480124732e-18
893,5.068152639584176e-13,4.127297474539387e-18,1.916518898909564e-18
894,5.012666431052986e-13,4.161149127409044e-18,1.912161045799464e-18
895,5.062600474875049e-13,4.153724795426005e-18,1.926887086509017e-18
896,5.041716360006391e-13,4.1206654632081e-18,1.888180693690981e-18
897,5.19757105280852e-13,4.194463993807021e-18,2.103328822446288e-18
898,5.376725458934592e-13,4.158100085000305e-18,2.089921964723542e-18
899,5.239703540221475e-13,4.191462410241588e-18,2.077492392088991e-18
900,5.37466490596554e-13,4.159692496360334e-18,2.130164841598949e-18
901,5.42341626389633e-13,4.231034034427312e-18,2.164452854265848e-18
902,5.358772826890412e-13,4.175240462205935e-18,2.161331945158981e-18
903,5.245449908355859e-13,4.158463715863012e-18,2.033566441438086e-18
904,5.277878808837407e-13,4.169321733270415e-18,2.072056254676121e-18
905,5.209835225708642e-13,4.143642844968426e-18,1.956470291529485e-18
906,5.073067144155825e-13,4.164216410676567e-18,1.928081731703608e-18
907,5.053195573374791e-13,4.199010294156385e-18,2.024313738124768e-18
908,5.002658727833337e-13,4.148720298111271e-18,1.914006614035255e-18
909,5.09920819416644e-13,4.156706185623326e-18,2.014236968368886e-18
910,5.063949102087024e-13,4.185951920520915e-18,1.981942917342908e-18
911,5.043123766560434e-13,4.155048842008656e-18,1.920843090001825e-18
912,5.061449194489528e-13,4.153638232156736e-18,1.973786322906114e-18
913,5.027852110333584e-13,4.134646709643734e-18,1.901613005588706e-18
914,5.17688125919329e-13,4.154995690970062e-18,2.014021499633547e-18
915,5.036491858656614e-13,4.077327647578183e-18,1.819069425738524e-18
916,5.142576476283192e-13,4.216285796319797e-18,2.069694825765127e-18
917,5.065028072277535e-13,4.075570070020085e-18,1.852208859962472e-18
918,5.144411230655575e-13,4.068198238307852e-18,1.896102327855135e-18
919,5.016906521918693e-13,4.082845046046064e-18,1.81946788412472e-18
920,5.011130134291037e-13,4.077282784680398e-18,1.846092309846291e-18
921,5.041072225263268e-13,4.157692471856281e-18,1.947727732679056e-18
922,5.161390916336829e-13,4.178400853892257e-18,2.043304831668407e-18
923,5.067294327222583e-13,4.105626278458698e-18,1.894939807964179e-18
924,4.9558925870211e-13,4.094998153120655e-18,1.838169983524538e-18
925,5.083047241183433e-13,4.119440412234447e-18,1.923195139732099e-18
926,5.106665227176114e-13,4.136372046112948e-18,1.967566212451751e-18
927,5.060296306819678e-13,4.117266234196434e-18,1.893534119540314e-18
928,5.202129733329159e-13,4.192774504620146e-18,2.102465865505254e-18
929,5.055584114266028e-13,4.133557827239521e-18,1.932516544053438e-18
930,5.06020793211521e-13,4.134748526970592e-18,1.915609434541086e-18
931,5.010958208403424e-13,4.127384843178936e-18,1.891110753945336e-18
932,5.164510588498176e-13,4.141444391362552e-18,2.021603755145449e-18
933,5.133492498449438e-13,4.164458456571872e-18,1.991940357993168e-18
934,5.081465715380801e-13,4.156472798285677e-18,1.954773625458654e-18
935,5.244533025499795e-13,4.177923202479523e-18,2.045214878747352e-18
936,5.105196872714232e-13,4.175742840577422e-18,1.96437994057344e-18
937,5.030844528699339e-13,4.081824458473588e-18,1.846620611117989e-18
938,5.085484402949561e-13,4.161147231879257e-18,1.988600323322059e-18
939,5.10801960054611e-13,4.177441159187523e-18,2.027246712769776e-18
940,5.108892737972363e-13,4.133304340521124e-18,1.940966696174164e-18
941,5.342343131301045e-13,4.173829867159451e-18,2.131419370527177e-18
942,5.211680410384305e-13,4.16751227710701e-18,2.032082179097364e-18
943,5.211914706066931e-13,4.126366872987376e-18,2.013662342540806e-18
944,5.191032005008398e-13,4.175079155186617e-18,2.094421524122474e-18
945,5.089790555155686e-13,4.116375437568504e-18,1.916136182283808e-18
946,5.019058222486614e-13,4.078365943481937e-18,1.838296849665414e-18
947,5.113537662460358e-13,4.144184031149385e-18,2.049739093425786e-18
948,5.086609829171829e-13,4.164601402236734e-18,2.019983152663416e-18
949,4.976660388699507e-13,4.044929854565533e-18,1.801732961165426e-18
950,5.014144528487258e-13,4.066762158422378e-18,1.830996357021509e-18
951,5.168910479055252e-13,4.18399708912993e-18,2.100412425795655e-18
952,5.136121622156795e-13,4.105153663027357e-18,1.950015698604193e-18
953,5.108488707617561e-13,4.123465265686403e-18,1.95845449100604e-18
954,5.03284473502905e-13,4.168154026337794e-18,1.998097265414019e-18
955,5.013679608790675e-13,4.120280225292045e-18,1.912485598527845e-18
956,4.956346668116566e-13,4.110735366492182e-18,1.868271511934374e-18
957,5.041316678313177e-13,4.169973444969003e-18,2.010154317211769e-18
958,5.126351294411342e-13,4.096901751200552e-18,1.980903255627045e-18
959,5.086640220143867e-13,4.139461997336699e-18,1.949487632784085e-18
960,5.076008477182969e-13,4.15623846971643e-18,1.971123342472713e-18
961,5.096793770677511e-13,4.154970568026704e-18,2.056786165185152e-18
962,5.012420387049682e-13,4.11886528608619e-18,1.933963713326071e-18
963,4.984489274330054e-13,4.09045184758634e-18,1.84670924397031e-18
964,5.007287038976004e-13,4.088591882069801e-18,1.886331451592097e-18
965,4.915667552239517e-13,3.974853589315947e-18,1.69253520529804e-18
966,5.037718128318183e-13,4.140956117678113e-18,1.950224043297534e-18
967,5.094045161835783e-13,4.153300254476003e-18,2.044826033733547e-18
968,5.001116442107421e-13,4.115010670163689e-18,1.902542934327892e-18
969,5.114924015401117e-13,4.109226219609027e-18,1.942942712903561e-18
970,5.106551142523913e-13,4.133841768181847e-18,1.96941942377222e-18
971,5.073769363130309e-13,4.110639496152585e-18,1.950435443055146e-18
972,5.004601004050929e-13,4.095531365191547e-18,1.887796817861922e-18
973,5.111101214670825e-13,4.072799343702608e-18,1.867692446617805e-18
974,5.14787274610315e-13,4.188350947639893e-18,2.046948749075613e-18
975,5.053229133295725e-13,4.101289894010903e-18,1.860330159002117e-18
976,4.990106097297175e-13,4.098632046503833e-18,1.83431467449428e-18
977,5.145182756938389e-13,4.198856419904303e-18,2.07757116374331e-18
978,5.04424685687736e-13,4.119140917407274e-18,1.915264581648223e-18
979,5.101152777963105e-13,4.124178973062792e-18,1.97828465234162e-18
980,5.133876265875539e-13,4.160207833501575e-18,2.099113523016719e-18
981,5.128791240062316e-13,4.128936719756063e-18,1.991412907125115e-18
982,5.041996834156643e-13,4.085401272189196e-18,1.862979798390344e-18
983,5.117744111073216e-13,4.148563203110455e-18,1.982047535177683e-18
984,5.202440514309477e-13,4.163344641637309e-18,2.07160883280821e-18
985,5.224947366893583e-13,4.16728079569898e-18,2.082213866925727e-18
986,5.148816721909464e-13,4.14260846375571e-18,1.946298393913173e-18
987,4.988739923484587e-13,4.068698054116216e-18,1.788680992433991e-18
988,5.117444839678294e-13,4.133722237981901e-18,1.952048543861804e-18
989,5.115832947540805e-13,4.117638546922027e-18,1.97150452206297e-18
990,5.09045572585364e-13,4.125676471167627e-18,1.9225409208569e-18
991,5.044886834113235e-13,4.150893059186004e-18,1.897403733539089e-18
992,5.111847883249268e-13,4.137219531509924e-18,1.921110505674475e-18
993,5.055413638784997e-13,4.171934063803111e-18,1.938561957491506e-18
994,5.034468956180418e-13,4.093520374198588e-18,1.861150544482318e-18
995,5.076957198142749e-13,4.208327221150983e-18,2.041360623831839e-18
996,5.030366316757173e-13,4.148436930407148e-18,1.95943741904004e-18
997,5.046131762908538e-13,4.157364725488048e-18,1.950522291823234e-18
998,5.067058409273533e-13,4.115612983164048e-18,1.934748965369023e-18
999,4.998520887480066e-13,4.119245972327023e-18,1.876886822693647e-18
1000,5.051969579625322e-13,4.072189697376174e-18,1.845144269254218e-18
1001,5.085585385537612e-13,4.18259468412952e-18,1.998649098161339e-18
1002,5.004804522039478e-13,4.113963759402127e-18,1.858256123474334e-18
1003,5.011936642813072e-13,4.111992212162866e-18,1.899382347390719e-18
1004,5.06192745545648e-13,4.127054185455062e-18,1.937152661433023e-18
1005,5.046864288758552e-13,4.108581272944899e-18,1.881289581534429e-18
1006,4.987672192713581e-13,4.138786772211644e-18,1.873812351628808e-18
1007,4.963444816763456e-13,4.103030005566148e-18,1.837411062169504e-18
1008,5.010197264062735e-13,4.115691326807675e-18,1.882241246246358e-18
1009,4.936278759214123e-13,4.061262980653459e-18,1.761771641359863e-18
1010,4.999494995957743e-13,4.174902348777301e-18,1.982938226127188e-18
1011,4.977604503323473e-13,4.128935556031273e-18,1.878575185711957e-18
1012,5.005902252881024e-13,4.115271333456005e-18,1.883240306400524e-18
1013,5.024744860343557e-13,4.134579697142577e-18,1.943884855204788e-18
1014,4.997445770200062e-13,4.109698533399024e-18,1.932534375295874e-18
1015,5.112311108951673e-13,4.184614340717619e-18,2.05531746424953e-18
1016,4.965157055282968e-13,4.094545626493376e-18,1.906200863834206e-18
1017,5.034969610752667e-13,4.127528681622835e-18,1.944866468195316e-18
1018,4.957562266914153e-13,4.12864083019388e-18,1.902354364286766e-18
1019,5.000866245971222e-13,4.176138225672518e-18,2.020075529933543e-18
1020,5.053225502997441e-13,4.096664990185711e-18,1.913882837182457e-18
1021,5.054851290811795e-13,4.055851668570339e-18,1.84399930787524e-18
1022,5.072898303745479e-13,4.158057411545792e-18,2.022673316301795e-18
1023,4.972530281783668e-13,4.112988572351744e-18,1.88321704789894e-18
1024,5.002738109134205e-13,4.103557873732551e-18,1.887336597370344e-18
1025,5.005497545753094e-13,4.104875199367519e-18,1.921044584883557e-18
1026,4.938608652597202e-13,4.06992125738927e-18,1.785360328974772e-18
1027,5.089780507582165e-13,4.168485894065462e-18,2.064502588939236e-18
1028,5.035879604645192e-13,4.159730598344212e-18,1.983493295465889e-18
1029,5.031362979307905e-13,4.112679400276033e-18,1.89879637791049e-18
1030,5.033353239538128e-13,4.079336397351956e-18,1.830006911666069e-18
1031,5.176640983541159e-13,4.138274929981971e-18,2.021898429241803e-18
1032,5.052576092027531e-13,4.109754832007995e-18,1.870299321961655e-18
1033,5.028447866639354e-13,4.109136310927018e-18,1.849160711901082e-18
1034,5.053350111076817e-13,4.129143876440391e-18,1.938226120877004e-18
1035,5.077075457999532e-13,4.143303452829699e-18,1.936422218977821e-18
1036,5.031653624861592e-13,4.09154119349184e-18,1.869387686311652e-18
1037,5.002438098408444e-13,4.108102768995608e-18,1.831458619158754e-18
1038,5.182134249799874e-13,4.225449423204813e-18,2.093019935063263e-18
1039,5.211101110567435e-13,4.122104287067098e-18,1.897945195186465e-18
1040,5.134238436385805e-13,4.196709365361536e-18,2.035891288451092e-18
1041,5.101484830353614e-13,4.124177627630197e-18,1.91087426398584e-18
1042,5.089651246188963e-13,4.163087249771744e-18,1.928534149962088e-18
1043,5.075750547158471e-13,4.165393994305474e-18,1.95036164917901e-18
1044,5.168250914377986e-13,4.166892056450654e-18,2.084107750706422e-18
1045,5.176543852762784e-13,4.157190927076962e-18,1.982699871876108e-18
1046,5.217425051932874e-13,4.165810463975289e-18,2.020447941731767e-18
1047,5.095516322557829e-13,4.162689268669889e-18,1.928723576860243e-18
1048,5.157901042729855e-13,4.198392843132758e-18,2.138762652390248e-18
1049,5.31334350464478e-13,4.188226071161985e-18,2.13822527154567e-18
1050,5.358366366683969e-13,4.164071871860322e-18,2.09434050084529e-18
1051,5.220820563857362e-13,4.152510927514366e-18,2.004698271719258e-18
1052,5.217702195513593e-13,4.142757293697688e-18,2.005281387723838e-18
1053,5.14865446557558e-13,4.176904303850544e-18,2.048485223349653e-18
1054,5.076150827509354e-13,4.11244495707738e-18,1.847690016494581e-18
1055,5.087303090023252e-13,4.16135365401796e-18,1.959957324078663e-18
1056,5.004237659283216e-13,4.134053434007277e-18,1.926571357910164e-18
1057,5.111199844346612e-13,4.213442084016854e-18,2.096678328410557e-18
1058,4.986684703880841e-13,4.128451930144803e-18,1.865202905168072e-18
1059,5.086896752403544e-13,4.165812345531987e-18,2.005249220399059e-18
1060,5.000083437868232e-13,4.064114939655225e-18,1.789170238285354e-18
1061,5.062480429180685e-13,4.059296784604146e-18,1.844929960483681e-18
1062,5.086395571563883e-13,4.201386758754527e-18,2.01050271655128e-18
1063,5.032080332403555e-13,4.136667499276137e-18,1.937118325446244e-18
1064,5.125187690640887e-13,4.143999135995928e-18,1.995702488597764e-18
1065,5.120518302385378e-13,4.150379596638946e-18,1.989319634220394e-18
1066,5.14144558102244e-13,4.195837893210911e-18,2.080574874667162e-18
1067,5.061214160712658e-13,4.123848508432142e-18,1.883769348473235e-18
1068,5.047860576876992e-13,4.136364226488663e-18,1.907436196156329e-18
1069,5.001715531578816e-13,4.114478499588841e-18,1.853717285203751e-18
1070,4.920008178750325e-13,4.038995584684065e-18,1.744513808618765e-18
1071,5.072479924057703e-13,4.131660476654904e-18,1.9711523039212e-18
1072,4.987206864430081e-13,4.057563487666498e-18,1.770618671766617e-18
1073,5.208280008273751e-13,4.177724770196868e-18,2.087370613715457e-18
1074,5.082618031519341e-13,4.10434831268508e-18,1.924195757687655e-18
1075,5.162629268594688e-13,4.178928802485678e-18,2.056445243575939e-18
1076,5.043392677536332e-13,4.165882917090256e-18,1.958928908632281e-18
1077,4.981734490843137e-13,4.068505706903474e-18,1.7673022177937e-18
1078,5.034107244789033e-13,4.070572701921866e-18,1.828178257669319e-18
1079,4.999753863658724e-13,4.052789573534924e-18,1.798600612625829e-18
1080,5.00109052417777e-13,4.1622412072823e-18,1.964923232283901e-18
1081,4.9710355933496e-13,4.088602790451886e-18,1.834356235237868e-18
1082,5.058095777145057e-13,4.134104837443856e-18,1.961947484211296e-18
1083,5.050628607650977e-13,4.134360119151332e-18,1.968874226416087e-18
1084,5.075585985793638e-13,4.135407360117192e-18,1.983979378737401e-18
1085,5.051844718574162e-13,4.142297247929705e-18,1.95455804294301e-18
1086,5.004514656649298e-13,4.14404045523932e-18,1.935667047373561e-18
1087,4.9445442579996e-13,4.054003683599786e-18,1.794750212250594e-18
1088,4.984932287490868e-13,4.049746284650871e-18,1.806700386772771e-18
1089,4.925695665057447e-13,4.103956017933671e-18,1.835071923139785e-18
1090,5.090258088572256e-13,4.230092463876987e-18,2.092627454431318e-18
1091,4.987767146816526e-13,4.134242800049469e-18,1.890420231807317e-18
1092,5.273370489875708e-13,4.16049745302557e-18,2.119017509628956e-18
1093,5.087013666164044e-13,4.101149046454976e-18,1.945882899456828e-18
1094,5.189715080509142e-13,4.109931761576169e-18,2.038979821201746e-18
1095,5.066662187619369e-13,4.060116150129426e-18,1.828128262070386e-18
1096,5.058013036163917e-13,4.203106523557073e-18,2.05360389962605e-18
1097,4.955628007791419e-13,4.106461591878969e-18,1.858379062108301e-18
1098,4.979447872417469e-13,4.103470526943612e-18,1.847513852555375e-18
1099,5.025060697933664e-13,4.156455939117621e-18,1.980651748247026e-18
1100,4.978259168213828e-13,4.115574796574653e-18,1.878612993403111e-18
1101,5.108294548821291e-13,4.181252408459329e-18,2.067894961609566e-18
1102,5.010816676325681e-13,4.059549656078576e-18,1.814990707176604e-18
1103,5.041970707083102e-13,4.093157957265805e-18,1.868213935742316e-18
1104,5.065055602572083e-13,4.186728041987832e-18,2.08604829667468e-18
1105,5.02153125925571e-13,4.171453822643127e-18,1.925017456445572e-18
1106,4.910805126499606e-13,4.011910684298194e-18,1.691683360216497e-18
1107,4.958697899258533e-13,4.126605496600521e-18,1.926246928485636e-18
1108,5.132475769231563e-13,4.152566222246955e-18,2.009249346369676e-18
1109,5.194139994378802e-13,4.157470828077397e-18,2.076916606731643e-18
1110,5.095363800423546e-13,4.103135556942283e-18,1.89278855648241e-18
1111,4.982936354588384e-13,4.070164323125259e-18,1.782221024000475e-18
1112,5.054450503340634e-13,4.186563960435882e-18,1.991530998515563e-18
1113,4.98300733466312e-13,4.109983010727707e-18,1.872409595598891e-18
1114,5.057615523127088e-13,4.10912014245837e-18,1.848470865403293e-18
1115,5.110569070402565e-13,4.163133650444832e-18,2.045513904279199e-18
1116,5.056038043671231e-13,4.150388646446346e-18,1.925679602385116e-18
1117,5.076442677370586e-13,4.096785133751551e-18,1.927154682483733e-18
1118,4.996077781689044e-13,4.084688918965711e-18,1.847736431925325e-18
1119,4.981542198672191e-13,4.126626500796006e-18,1.885562803997453e-18
1120,5.06596448166304e-13,4.203209612713345e-18,2.012815138874698e-18
1121,5.031309664825806e-13,4.146814747185925e-18,1.936761915271418e-18
1122,5.01099881544394e-13,4.143343878309842e-18,1.93656703723467e-18
1123,5.085460775369761e-13,4.161741638914267e-18,2.068578828815825e-18
1124,5.048114724909181e-13,4.137179280416426e-18,1.958502215103487e-18
1125,5.06603141261964e-13,4.15344889316109e-18,1.964732051443486e-18
1126,4.984293083922307e-13,4.07481018192666e-18,1.781894046888012e-18
1127,4.916055986066202e-13,4.066129359151682e-18,1.729984221853076e-18
1128,5.08977547153419e-13,4.147277803370371e-18,1.930024641572085e-18
1129,5.253674247085177e-13,4.094343515377151e-18,1.975186535552915e-18
1130,5.139580445203615e-13,4.10007279601372e-18,1.891208696191755e-18
1131,5.14230253287692e-13,4.112637019014285e-18,1.95742412186648e-18
1132,5.132861006895832e-13,4.173008394725292e-18,1.99481081179e-18
1133,5.043194137143199e-13,4.121977279365605e-18,1.905797058339071e-18
1134,5.054132416126742e-13,4.137944367951901e-18,1.919457585392316e-18
1135,4.976045199615264e-13,4.075321650881873e-18,1.799817018203708e-18
1136,5.131429960691406e-13,4.184916608908402e-18,2.120089490079999e-18
1137,5.076435645489887e-13,4.175838508223907e-18,1.987276959825195e-18
1138,5.255106157299414e-13,4.122274886203018e-18,2.083966069114006e-18
1139,5.20358052855736e-13,4.089532620966171e-18,1.980280611653748e-18
1140,5.162074966086508e-13,4.096224991660622e-18,1.931452435023738e-18
1141,5.182422664115638e-13,4.157318529285911e-18,2.02365811944268e-18
1142,5.124686258930772e-13,4.127689562436211e-18,1.948340668306192e-18
1143,5.133477675303002e-13,4.147631468574007e-18,1.991014600742758e-18
1144,5.065571547764806e-13,4.177980559040393e-18,1.966636040397183e-18
1145,5.076911757451441e-13,4.141810395664953e-18,1.948222592593349e-18
1146,5.098873131176845e-13,4.144279119930315e-18,1.929291883086496e-18
1147,5.0699899087892e-13,4.206759465862713e-18,2.047626944550127e-18
1148,5.066896901708605e-13,4.171302694527414e-18,2.010648946409334e-18
1149,5.044585059824569e-13,4.136462968594173e-18,1.911338703450745e-18
1150,5.098948150567895e-13,4.128177356795666e-18,1.978231632080722e-18
1151,5.158282588579391e-13,4.153106075549483e-18,2.027310954786357e-18
1152,5.121867744086362e-13,4.093072968305137e-18,1.940860170721453e-18
1153,5.101540560690398e-13,4.190927658524734e-18,2.03313197363033e-18
1154,5.047990512933838e-13,4.120195690986307e-18,1.919041729449511e-18
1155,5.078091515243602e-13,4.164133558165626e-18,1.979479078852162e-18
1156,5.055302078491032e-13,4.122075616977105e-18,1.915644123901461e-18
1157,5.120861804763371e-13,4.140976695100582e-18,1.97886035192937e-18
1158,5.199621895377066e-13,4.130826859909836e-18,2.010889338428557e-18
1159,5.138060290885046e-13,4.192686728794564e-18,2.090234313852536e-18
1160,5.036177909380502e-13,4.140623678594434e-18,1.916267308252053e-18
1161,4.960061820988884e-13,4.118256647896472e-18,1.878191185181544e-18
1162,5.116860134755196e-13,4.177266951706839e-18,2.028705089536113e-18
1163,5.07670890130221e-13,4.084586916098835e-18,1.881069759237825e-18
1164,5.025022298403777e-13,4.138154610159375e-18,1.904817296097609e-18
1165,4.97769075111662e-13,4.126081439384669e-18,1.898133933739461e-18
1166,4.957519035355719e-13,4.103670569386024e-18,1.852659828771058e-18
1167,5.03702108066133e-13,4.069783561049196e-18,1.845750415889459e-18
1168,4.990048017534669e-13,4.135625917501586e-18,1.907962798073161e-18
1169,5.013691137201513e-13,4.13675208749482e-18,1.91851538360901e-18
1170,4.985464062139015e-13,4.100722017963955e-18,1.811357496494759e-18
1171,5.020665758533235e-13,4.103452068819697e-18,1.843280254996667e-18
1172,5.073182685287836e-13,4.14370475117898e-18,1.985562734424316e-18
1173,5.012189253276397e-13,4.09553533891787e-18,1.892437740489697e-18
1174,5.075674132081354e-13,4.177256424235625e-18,2.06760704551513e-18
1175,5.068372321462099e-13,4.123735322562843e-18,1.956568087224763e-18
1176,5.1311420766786e-13,4.101497794015261e-18,1.968049993766472e-18
1177,5.033936801607735e-13,4.03150971388988e-18,1.778350578921684e-18
1178,5.214599265673272e-13,4.218493441386505e-18,2.111273282197586e-18
1179,5.154421046090397e-13,4.093008896034807e-18,1.947576225532465e-18
1180,5.091489563376553e-13,4.133392756841256e-18,1.942095119344293e-18
1181,5.120233028013118e-13,4.174731196432562e-18,1.999036497922698e-18
1182,5.004676221166192e-13,4.157993836594404e-18,1.934290010505293e-18
1183,5.038820386238178e-13,4.165595868433378e-18,1.966443420153559e-18
1184,5.064360683255657e-13,4.174658020951841e-18,1.989789856198037e-18
1185,5.127937348739713e-13,4.093657949579996e-18,1.952024925571686e-18
1186,5.131937419177845e-13,4.119321463823576e-18,2.020040094948868e-18
1187,5.071655756828012e-13,4.120875428317136e-18,1.95408261043201e-18
1188,5.228788337270389e-13,4.188307134190095e-18,2.079124407039591e-18
1189,5.242484684811326e-13,4.151130311881177e-18,2.040315324024762e-18
1190,5.268133371710281e-13,4.137249337534512e-18,2.039035968550803e-18
1191,5.113035681016088e-13,4.109147402142544e-18,1.902820543944652e-18
1192,5.242637786384972e-13,4.169621693395935e-18,2.080359330500823e-18
1193,5.212399663939154e-13,4.117186514641288e-18,1.971081048676842e-18
1194,5.132754660701744e-13,4.143290917382459e-18,1.94080090985996e-18
1195,5.111524785096457e-13,4.10181935422722e-18,1.858736646370955e-18
1196,5.101534612201667e-13,4.158724480879064e-18,1.948778205133455e-18
1197,5.053244642198463e-13,4.161852743744519e-18,1.893151235133156e-18
1198,5.124386804168539e-13,4.211525514002025e-18,2.099811688428075e-18
1199,5.104862135715323e-13,4.1990220589888e-18,2.037462218226119e-18
1200,5.12087284158315e-13,4.116547552976502e-18,1.955039190948214e-18
1201,5.060506029770336e-13,4.128472672116489e-18,1.915173197393022e-18
1202,5.161942731279818e-13,4.147005524698606e-18,2.082628850498392e-18
1203,5.108229511697579e-13,4.12637340568627e-18,1.958760763125259e-18
1204,5.072183570693249e-13,4.126816446592121e-18,1.917948686677488e-18
1205,5.092841367123785e-13,4.177188873354152e-18,1.977881895869373e-18
1206,5.031858883695347e-13,4.1073359136409e-18,1.910387623038668e-18
1207,5.15310908562385e-13,4.155329356697107e-18,2.015138664518542e-18
1208,5.093593735940427e-13,4.11122361762218e-18,1.927348600701215e-18
1209,5.04675333635438e-13,4.122548044622651e-18,1.883142454092039e-18
1210,5.085721397139095e-13,4.153650207100909e-18,1.98053101940289e-18
1211,5.05873447108096e-13,4.139310607006525e-18,1.964659762343342e-18
1212,5.128516792875885e-13,4.166862608115738e-18,1.999030294634748e-18
1213,5.083002208701228e-13,4.152125483201505e-18,1.978880274008737e-18
1214,4.945650668025212e-13,4.06563165295548e-18,1.791375851491373e-18
1215,5.070722657160825e-13,4.137145922485627e-18,1.984501325666645e-18
1216,4.963981496803317e-13,4.093410650786102e-18,1.820821372959079e-18
1217,5.122953821485053e-13,4.195723998473042e-18,2.066255383538309e-18
1218,5.044720608949807e-13,4.092909848308e-18,1.854785057229044e-18
1219,5.119555062652979e-13,4.177851008668403e-18,2.080519388239675e-18
1220,5.003016965108133e-13,4.110607436986528e-18,1.856158427798409e-18
1221,5.041258696449747e-13,4.044959629108864e-18,1.798415965150516e-18
1222,5.133228693053247e-13,4.122888574053382e-18,1.937708355582629e-18
1223,5.058662778264341e-13,4.090427386355161e-18,1.866696644560992e-18
1224,5.07795278211526e-13,4.127666254428107e-18,1.953021120664319e-18
1225,5.102403444529602e-13,4.142078192564005e-18,1.988187285078163e-18
1226,5.034665694825803e-13,4.112320483697904e-18,1.898451104735069e-18
1227,4.978230784921545e-13,4.094283782650512e-18,1.845721725832421e-18
1228,4.932291267356007e-13,4.118848148728114e-18,1.848841420597996e-18
1229,5.104686825675493e-13,4.169355164063767e-18,2.033741167573699e-18
1230,5.008582851973786e-13,4.115271204164784e-18,1.895015170280453e-18
1231,5.117369398311003e-13,4.164227956612931e-18,2.087924651692124e-18
1232,4.999831411191787e-13,4.088484680557801e-18,1.861987841562811e-18
1233,5.107992062650147e-13,4.166428370713301e-18,2.014944451580765e-18
1234,5.028530242665198e-13,4.155698012414475e-18,1.946187898005043e-18
1235,5.030044990659444e-13,4.148344552319226e-18,1.91651625881548e-18
1236,5.019887033902102e-13,4.163014281017089e-18,1.961727287177923e-18
1237,4.970897026215749e-13,4.106329304712089e-18,1.856924807071027e-18
1238,5.125876453676041e-13,4.13521102783555e-18,2.112481641427038e-18
1239,4.978533621288815e-13,4.061364870129977e-18,1.787356426726273e-18
1240,5.133642638513687e-13,4.097112059691698e-18,1.982237692002213e-18
1241,5.017796197335829e-13,4.080492199501599e-18,1.865711896424912e-18
1242,4.999576633699965e-13,4.070967296857171e-18,1.823696059832216e-18
1243,5.046503846518115e-13,4.106695082356803e-18,1.869823744094352e-18
1244,5.019365076217529e-13,4.182648240213271e-18,1.98840297725905e-18
1245,4.936482853671264e-13,4.134726385518805e-18,1.866150792443936e-18
1246,4.958771769256319e-13,4.093377680263772e-18,1.857663735859534e-18
1247,4.854733504561593e-13,4.022838902722344e-18,1.698056720956196e-18
1248,5.03903339237119e-13,4.213253668998651e-18,2.032911738749369e-18
1249,5.057811907033497e-13,4.108858413624701e-18,1.913915930765882e-18
1250,4.98823332130841e-13,4.069308117282671e-18,1.795586602062417e-18
1251,5.070104429760746e-13,4.120222356174556e-18,1.937820659872395e-18
1252,5.00378958548898e-13,4.038946120226672e-18,1.801155193526408e-18
1253,5.093448508158514e-13,4.079181819228971e-18,1.900425645162728e-18
1254,5.085514725290348e-13,4.131797131638438e-18,1.982057029209422e-18
1255,5.057901649621997e-13,4.086367315169106e-18,1.921643794117464e-18
1256,5.059137000484989e-13,4.09584826702281e-18,1.903555902283765e-18
1257,5.029889959032697e-13,4.117067128157663e-18,1.895500409239217e-18
1258,5.006161109621347e-13,4.03573184876967e-18,1.789301334682269e-18
1259,5.090295197425879e-13,4.119016941713347e-18,1.97257831741604e-18
1260,5.022714586628913e-13,4.082934138234629e-18,1.821392472410262e-18
1261,4.989017390832697e-13,4.097145389512928e-18,1.846119157558217e-18
1262,5.06414484959552e-13,4.130516966370745e-18,1.929508727973913e-18
1263,4.933991931225993e-13,4.052588455664848e-18,1.735521841725317e-18
1264,5.041884494647624e-13,4.110164119367246e-18,1.901918261166706e-18
1265,5.188896517345857e-13,4.184412162541394e-18,2.078109594969555e-18
1266,5.1445594155561e-13,4.12875236702329e-18,1.929956584766974e-18
1267,5.08440969270164e-13,4.164368274598648e-18,1.934146282409322e-18
1268,5.010361736372772e-13,4.074987403454454e-18,1.816512414191882e-18
1269,5.034082215491951e-13,4.126013644732782e-18,1.893959190098421e-18
1270,5.097239422270744e-13,4.142505466504968e-18,1.94629771157021e-18
1271,5.09443347771233e-13,4.168037758528212e-18,1.997430587326372e-18
1272,5.184745023828509e-13,4.162614711807378e-18,2.053068236561712e-18
1273,4.987197249226894e-13,4.078712699344926e-18,1.814174155120385e-18
1274,5.062334070474144e-13,4.093559804486682e-18,1.892012981504006e-18
1275,5.014340180968687e-13,4.109678848991485e-18,1.877023408208009e-18
1276,4.957447216019343e-13,4.062000943752043e-18,1.75538386226074e-18
1277,5.059870724611335e-13,4.221580120868801e-18,2.049380250305021e-18
1278,4.98855459214477e-13,4.168420376193654e-18,1.941639046937673e-18
1279,5.08884767044528e-13,4.133669099775381e-18,1.972608161474129e-18
1280,5.032368868968687e-13,4.146410207132809e-18,1.937875157965719e-18
1281,4.956422255795064e-13,4.082261498562441e-18,1.813143116552595e-18
1282,5.059166434592966e-13,4.077790206217132e-18,1.841067498739452e-18
1283,5.112677520022868e-13,4.167248658285501e-18,1.994221929803231e-18
1284,5.035038047085627e-13,4.141104327558329e-18,1.93559334186595e-18
1285,5.058450989446936e-13,4.123421692259936e-18,1.925110808827838e-18
1286,5.128910735261882e-13,4.158030444666495e-18,2.029443040306261e-18
1287,5.096022140488236e-13,4.107375274786062e-18,1.930216466343546e-18
1288,5.119985027487844e-13,4.147859957759997e-18,2.024833893483029e-18
1289,5.087384980709041e-13,4.07423089905195e-18,1.862065685057345e-18
1290,5.090695775657521e-13,4.099765350419882e-18,1.951532778932855e-18
1291,4.995598252776072e-13,4.122586207016523e-18,1.893069947520956e-18
1292,5.101142218666568e-13,4.161320038083876e-18,1.99998687541046e-18
1293,5.161138055317528e-13,4.168492395918826e-18,2.128233059466113e-18
1294,5.012611593629191e-13,4.074135879037184e-18,1.856211805409835e-18
1295,5.075840036817827e-13,4.191893885758651e-18,1.980459228566627e-18
1296,5.017999582272062e-13,4.1130612855197e-18,1.883063906444576e-18
1297,5.074655513077112e-13,4.125269954102097e-18,1.892652838842515e-18
1298,5.053030033475725e-13,4.140518692274709e-18,1.91738030252813e-18
1299,5.177152217964864e-13,4.149615117064177e-18,1.996835177228654e-18
1300,5.041124845921735e-13,4.119546579119824e-18,1.89419225559783e-18
1301,5.044629100233972e-13,4.088106342574183e-18,1.868445248971031e-18
1302,5.015037172104377e-13,4.161350118206215e-18,1.935264347891562e-18
1303,5.016413167607435e-13,4.140179930106846e-18,1.919778150515753e-18
1304,5.06170386680412e-13,4.126255901940724e-18,1.926537881321124e-18
1305,5.075774458224192e-13,4.169782416303235e-18,2.014716754937375e-18
1306,4.97371510095704e-13,4.078165817495383e-18,1.79001363917886e-18
1307,4.970342148878153e-13,4.114048557698516e-18,1.877225994774441e-18
1308,4.950110522083644e-13,4.07032471020091e-18,1.785578283903061e-18
1309,5.021943303484082e-13,4.144134429040755e-18,1.925661196549267e-18
1310,5.044435956511329e-13,4.121339983780938e-18,1.902133001378389e-18
1311,5.062236375751135e-13,4.122906266506314e-18,1.925030212861909e-18
1312,5.023766844551844e-13,4.079839353095108e-18,1.832224061318682e-18
1313,5.13790148807364e-13,4.104016699605211e-18,1.909703221603404e-18
1314,5.093593232307317e-13,4.103733290491506e-18,1.895443959497477e-18
1315,5.07176815613686e-13,4.095797882602804e-18,1.869339058634674e-18
1316,5.072528364451401e-13,4.09190996872616e-18,1.858422091393364e-18
1317,5.112064908934104e-13,4.120423990432089e-18,1.942584728678546e-18
1318,5.163267889528935e-13,4.174082129319612e-18,2.027936025090188e-18
1319,5.128903571530969e-13,4.106026821682925e-18,1.930884677951932e-18
1320,5.275102413633157e-13,4.166143061132009e-18,2.124600432713119e-18
1321,5.294333279453709e-13,4.130913596352788e-18,2.037296804033827e-18
1322,5.166947253777038e-13,4.160773510838742e-18,1.970157937143197e-18
1323,5.152321169020547e-13,4.156189084191619e-18,1.970700529586352e-18
1324,5.204722101707539e-13,4.186233791147524e-18,2.073901990454677e-18
1325,5.038712271584663e-13,4.119907961908754e-18,1.823715790279847e-18
1326,5.061783323462256e-13,4.15589648450847e-18,1.931895000583735e-18
1327,5.078676209890809e-13,4.178324332224115e-18,1.981870512201302e-18
1328,5.090100494433786e-13,4.140928671257439e-18,1.924510497314422e-18
1329,5.064599580716196e-13,4.151704774722034e-18,1.920454163165148e-18
1330,5.133246911229469e-13,4.104666330665961e-18,1.918447227099112e-18
1331,5.096599082966316e-13,4.131667774177604e-18,1.965892430857529e-18
1332,5.178913983022277e-13,4.14390868602958e-18,2.039532333325119e-18
1333,5.349134449791935e-13,4.183685704497947e-18,2.173547832993588e-18
1334,5.285186281678706e-13,4.130029561255268e-18,2.021787796137194e-18
1335,5.231126153559971e-13,4.119152967095643e-18,1.973971145587241e-18
1336,5.224130197289008e-13,4.156146363924804e-18,2.024217520011465e-18
1337,5.150900053392663e-13,4.145476838430287e-18,1.993428156313972e-18
1338,5.174966923672862e-13,4.144599173447293e-18,1.976535762789756e-18
1339,5.091190079242715e-13,4.205821580621863e-18,2.005505877011051e-18
1340,5.158985970616138e-13,4.120861455206904e-18,1.921259012816796e-18
1341,5.05601302238034e-13,4.156508667296421e-18,1.894029999491362e-18
1342,5.030665504873294e-13,4.121646753654359e-18,1.891150896059297e-18
1343,5.062086097885097e-13,4.184657644841062e-18,2.004453462673441e-18
1344,5.074054351637523e-13,4.191533483768254e-18,2.012772306487333e-18
1345,5.08122474088216e-13,4.165407277517339e-18,1.933296780620007e-18
1346,5.05155265668449e-13,4.109821032038501e-18,1.960149864246771e-18
1347,4.985800568716997e-13,4.16403287973066e-18,1.915045728609303e-18
1348,5.150035159601807e-13,4.108059168835654e-18,1.996603773904104e-18
1349,5.284294309678272e-13,4.174345347764644e-18,2.134863954062859e-18
1350,5.202180287709205e-13,4.142530734217509e-18,1.987376678125914e-18
1351,5.198335359915947e-13,4.109366981886364e-18,1.973000011237227e-18
1352,5.121344246145278e-13,4.180372777281991e-18,2.015421527080026e-18
1353,5.104861655003716e-13,4.184972384994535e-18,2.01442511923469e-18
1354,5.048001744206375e-13,4.102186391889731e-18,1.890194512205175e-18
1355,4.97903630676614e-13,4.065566987978048e-18,1.78825437572491e-18
1356,5.007593303064405e-13,4.094262092950183e-18,1.851891965594067e-18
1357,5.053720792147643e-13,4.144197028882201e-18,1.933132290117092e-18
1358,5.149965124401129e-13,4.127097072524011e-18,1.975356863765051e-18
1359,4.98307991369462e-13,4.041768679884322e-18,1.760349541605903e-18
1360,5.009023229593942e-13,4.116831232933256e-18,1.885834166930685e-18
1361,4.965336608303613e-13,4.076757570620711e-18,1.776607155995986e-18
1362,5.064887778875482e-13,4.158998359836358e-18,1.969975325572236e-18
1363,5.015085550549256e-13,4.147696607497869e-18,1.92099958080989e-18
1364,5.127310711614743e-13,4.149442863124535e-18,2.030353028475074e-18
1365,5.009204311988512e-13,4.03786157233965e-18,1.775712743271542e-18
1366,5.089803112700758e-13,4.185362569464552e-18,2.072115115284438e-18
1367,4.988269614168354e-13,4.078719428138552e-18,1.825337709476091e-18
1368,5.001331546201545e-13,4.15068482475354e-18,1.885903470034247e-18
1369,4.965152258843793e-13,4.12157572853082e-18,1.865787073507911e-18
1370,5.033467501073051e-13,4.076429546556485e-18,1.86512444277064e-18
1371,5.070553636887894e-13,4.197696661181158e-18,2.053405584793617e-18
1372,4.997951292713805e-13,4.126127096968677e-18,1.865720506518475e-18
1373,5.033262647318037e-13,4.112400370515161e-18,2.003768849730017e-18
1374,5.02875230653571e-13,4.140961038461379e-18,1.921781869795982e-18
1375,5.169765671928554e-13,4.172056989294143e-18,2.117678644044578e-18
1376,5.159753614292956e-13,4.141754566726427e-18,1.98969298396146e-18
1377,5.061767200577056e-13,4.18638396284916e-18,1.950923830062386e-18
1378,5.065812784163852e-13,4.128810814677347e-18,1.906825466054848e-18
1379,5.059627112480111e-13,4.109787739312697e-18,1.874791956010329e-18
1380,5.096931847060899e-13,4.104680877002587e-18,1.865637082055065e-18
1381,5.085501847744104e-13,4.125860173269094e-18,1.923490483082853e-18
1382,5.092909406185411e-13,4.113463782759498e-18,1.922233682995032e-18
1383,5.17870133975389e-13,4.194010891373916e-18,2.052768192273899e-18
1384,5.127719018039269e-13,4.179349006968742e-18,2.01510269381317e-18
1385,5.194596015207224e-13,4.164676528333054e-18,2.10401719266623e-18
1386,5.044220680883754e-13,4.047328431942938e-18,1.867756931870405e-18
1387,5.10320724891892e-13,4.135197004015723e-18,2.00073249994495e-18
1388,4.995941003572674e-13,4.05412756027216e-18,1.798637538593553e-18
1389,5.059795097493532e-13,4.122418879410332e-18,1.927438683109154e-18
1390,5.101534031801624e-13,4.126858574753233e-18,1.98263224769023e-18
1391,5.062416927471205e-13,4.142263082021733e-18,1.968744602976683e-18
1392,4.972722500330586e-13,4.087077018050536e-18,1.809746302091428e-18
1393,4.954598375572726e-13,4.045593455217361e-18,1.734312405944762e-18
1394,5.012874542558666e-13,4.138966461633611e-18,1.905606510549022e-18
1395,4.990241825834444e-13,4.067851573011934e-18,1.814797321903766e-18
1396,5.043234282181853e-13,4.102183777952451e-18,1.908839405233598e-18
1397,5.001531945019732e-13,4.144130585508028e-18,1.901937499187335e-18
1398,4.964140844829855e-13,4.127864463673286e-18,1.895491072739807e-18
1399,5.078145192480277e-13,4.172407142277685e-18,1.989023879585021e-18
1400,4.989031448273798e-13,4.130481285160899e-18,1.873968559231886e-18
1401,5.082201881250026e-13,4.135476811199329e-18,1.948961591043805e-18
1402,5.028394256416076e-13,4.099357328735439e-18,1.874345658106398e-18
1403,4.988860969686861e-13,4.06377823302236e-18,1.802047362631833e-18
1404,4.999090939536654e-13,4.114677013201988e-18,1.84413316542047e-18
1405,5.008957637389628e-13,4.13285434100647e-18,1.926210127649857e-18
1406,4.997875480928762e-13,4.111709544174764e-18,1.904758609107025e-18
1407,5.068567479789609e-13,4.177492831902685e-18,2.008062150209241e-18
1408,5.094211732567204e-13,4.114877273411794e-18,1.910450628024681e-18
1409,5.165844990223079e-13,4.159419420096677e-18,2.037086044256417e-18
1410,5.174220910953943e-13,4.112670707908409e-18,2.027693878893363e-18
1411,5.148911431584219e-13,4.166790101607117e-18,2.025697780003045e-18
1412,5.196700611064511e-13,4.158283990461094e-18,2.034557244256603e-18
1413,5.170254285260477e-13,4.12369901498971e-18,1.97601081196746e-18
1414,5.131712158722894e-13,4.179133085435399e-18,2.003762734746058e-18
1415,5.132053090595829e-13,4.172094936332539e-18,1.984900787598317e-18
1416,5.282957377343812e-13,4.171192712687092e-18,2.114548922966358e-18
1417,5.132985550166296e-13,4.168430164906145e-18,1.978883457521444e-18
1418,5.127874623242534e-13,4.192413268789332e-18,2.018963469300157e-18
1419,5.171312696846326e-13,4.148524445763703e-18,2.058064697775717e-18
1420,5.094953006833589e-13,4.145683045014146e-18,1.957344068115275e-18
1421,5.098183430146028e-13,4.159314849232653e-18,2.000674360123642e-18
1422,5.122882414372321e-13,4.118799672276998e-18,1.971920837428522e-18
1423,5.116703474677176e-13,4.083935938266206e-18,1.943992104845579e-18
1424,5.076924460851523e-13,4.089185453138622e-18,1.889613481667486e-18
1425,5.114946314698604e-13,4.144315054202077e-18,2.007222973793385e-18
1426,5.238336683127653e-13,4.167529816763847e-18,2.177845740020749e-18
1427,5.225389851160479e-13,4.101293384002521e-18,1.976473262825005e-18
1428,5.17385360143017e-13,4.09458219986411e-18,1.944379134887882e-18
1429,5.195731069463904e-13,4.131570634568252e-18,1.961655341828417e-18
1430,5.142976534106507e-13,4.236735112870065e-18,2.090860346373544e-18
1431,5.052072776224896e-13,4.14888431905496e-18,1.923317314494066e-18
1432,5.088073161619693e-13,4.183701812430279e-18,2.040725975265599e-18
1433,5.069035612060124e-13,4.138414073170812e-18,2.005620799615964e-18
1434,5.103145178399596e-13,4.098097769311744e-18,1.937022673102519e-18
1435,5.135729384113607e-13,4.149342854801311e-18,1.995937769146101e-18
1436,5.057968275285488e-13,4.063891186959223e-18,1.852834479779118e-18
1437,5.076382742712523e-13,4.120568573652012e-18,1.910042775315378e-18
1438,5.122586781632722e-13,4.112923279694262e-18,1.972381486957568e-18
1439,5.060910487314259e-13,4.114323862663991e-18,1.894704901450428e-18
1440,5.140195660262279e-13,4.126805062170235e-18,1.971074408363233e-18
1441,5.203547395859096e-13,4.117317828378851e-18,1.945220418999105e-18
1442,5.13607669437587e-13,4.143609285694508e-18,1.975657076891522e-18
1443,5.096912141898881e-13,4.122180897280341e-18,1.916829603325182e-18
1444,5.093650840877538e-13,4.176445594524358e-18,2.037472640660676e-18
1445,5.078797072192129e-13,4.112064346683584e-18,1.947626363911015e-18
1446,5.109548864703713e-13,4.122386574764126e-18,1.95807828595272e-18
1447,5.081570346644845e-13,4.094442461978602e-18,1.923266488878141e-18
1448,5.081622418995441e-13,4.132667497376642e-18,2.017473529873853e-18
1449,5.033542181755377e-13,4.097057929953982e-18,1.871097408267433e-18
1450,5.145492141906248e-13,4.075794652022384e-18,1.920380064506929e-18
1451,5.158798462067876e-13,4.121884990656233e-18,2.009303725086374e-18
1452,5.084482892078853e-13,4.213712084026347e-18,2.024069025849234e-18
1453,5.069640401638346e-13,4.139280982572757e-18,1.908201556421712e-18
1454,5.050790239878575e-13,4.186165559378257e-18,2.033380564838561e-18
1455,4.942955653889143e-13,4.085795479582845e-18,1.800249304691492e-18
1456,5.171897982791525e-13,4.155989553185406e-18,2.03198413478669e-18
1457,5.124486217110916e-13,4.129746584894805e-18,1.977378975309249e-18
1458,5.0425216266396e-13,4.129468893583417e-18,1.893473240525104e-18
1459,5.16212373081165e-13,4.198828585958996e-18,2.134680859029334e-18
1460,5.215573816225594e-13,4.152863254955322e-18,2.070221232226798e-18
1461,5.128656419023506e-13,4.058545219038732e-18,1.874449978832026e-18
1462,5.245641238391858e-13,4.14551785290313e-18,2.117656335820863e-18
1463,5.089470599766338e-13,4.203954784531391e-18,2.018708141960939e-18
1464,5.070831250690185e-13,4.096706351103686e-18,1.892488181466615e-18
1465,5.079981200929644e-13,4.051672153501787e-18,1.850148295611671e-18
1466,5.183482548397163e-13,4.188598698778682e-18,2.079439834146763e-18
1467,5.015536629182258e-13,4.109396116121607e-18,1.896828233146718e-18
1468,5.180077129484218e-13,4.079636516858769e-18,1.944961508829606e-18
1469,4.974116528986135e-13,4.020583080170045e-18,1.768428184964205e-18
1470,4.979211643704387e-13,4.060286753979886e-18,1.845774919328792e-18
1471,5.048636469064724e-13,4.18499321443951e-18,2.004132879810062e-18
1472,4.981879042266732e-13,4.097707692101915e-18,1.854424511643157e-18
1473,5.000341974106349e-13,4.122987895461627e-18,1.885185916281796e-18
1474,5.13072911418237e-13,4.142493671721161e-18,1.974527812487321e-18
1475,5.01111893086098e-13,4.091858658335848e-18,1.827376002581891e-18
1476,5.092070481295123e-13,4.165826054338783e-18,2.030955715397702e-18
1477,5.075601076765403e-13,4.115743366048429e-18,1.898645723024745e-18
1478,4.998297537326582e-13,4.118582549633997e-18,1.907441406091032e-18
1479,5.159066000639467e-13,4.113452415989953e-18,2.00635011552089e-18
1480,5.066918080095865e-13,4.090065195553634e-18,1.888525043732566e-18
1481,5.037223364353059e-13,4.137348815933002e-18,1.952708246441568e-18
1482,4.979473823167955e-13,4.105571593791167e-18,1.869309299805195e-18
1483,5.028197572670236e-13,4.073600868045317e-18,1.870379102614148e-18
1484,5.011976804675229e-13,4.145526817799645e-18,1.905669204956989e-18
1485,5.031748473279062e-13,4.17384905593197e-18,1.965342960095283e-18
1486,5.091814587138378e-13,4.143704961834195e-18,1.970093557004693e-18
1487,5.077333573830354e-13,4.135337824159595e-18,1.935679254676367e-18
1488,5.040591008374792e-13,4.195256280365955e-18,1.997236685736103e-18
1489,5.152467812450857e-13,4.115488232059195e-18,1.948470747454488e-18
1490,4.972232646994514e-13,4.092598796653621e-18,1.818593350770596e-18
1491,5.101308333142965e-13,4.127862449388047e-18,1.983060620940499e-18
1492,5.056047459845575e-13,4.09852521161711e-18,1.920854163869831e-18
1493,5.143439299844108e-13,4.141544157444677e-18,2.048868994402936e-18
1494,5.121586331419033e-13,4.139182148445557e-18,1.943074955759856e-18
1495,5.072726880318658e-13,4.108522318122114e-18,1.947669691194418e-18
1496,5.140130641002389e-13,4.131066359022326e-18,1.987133110089795e-18
1497,5.08775152594091e-13,4.093797120190228e-18,1.900927856618391e-18
1498,5.212462966175193e-13,4.155128077175795e-18,2.027262958239931e-18
1499,5.065913807418708e-13,4.165331466336603e-18,1.9544463628784e-18
1500,5.15672756143849e-13,4.178788256016653e-18,2.007540339051789e-18
1501,5.005166640718166e-13,4.131460302539011e-18,1.882105420139627e-18
1502,5.14011611435307e-13,4.149618085597077e-18,2.045494741259804e-18
1503,5.092380544781891e-13,4.141536844486307e-18,1.990946353997246e-18
1504,5.01929788025117e-13,4.11916822305245e-18,1.877311369408305e-18
1505,5.049436751165489e-13,4.148354344189756e-18,1.917933642461712e-18
1506,5.043936112381254e-13,4.135153446958334e-18,1.910286678906612e-18
1507,5.140520834515085e-13,4.173803398671455e-18,1.988205105214187e-18
1508,5.037914704944112e-13,4.077284801941883e-18,1.821964698848628e-18
1509,4.979855109861797e-13,4.087474831476713e-18,1.831296921837654e-18
1510,5.070457527622274e-13,4.154220651209815e-18,1.961878452624954e-18
1511,5.040217236066695e-13,4.113926956276632e-18,1.888495790027055e-18
1512,5.055419723278945e-13,4.090230037477378e-18,1.859542259408264e-18
1513,5.127454936797762e-13,4.15142474096944e-18,1.998364401074873e-18
1514,5.035524479393975e-13,4.153544231435351e-18,1.929634721434336e-18
1515,5.024565214827662e-13,4.132600233509298e-18,1.96769623950723e-18
1516,5.18741054025387e-13,4.118548053425887e-18,2.049630661089726e-18
1517,5.08243712065634e-13,4.132209674948948e-18,1.92695886818724e-18
1518,4.978990645940811e-13,4.040985459620773e-18,1.76380156897047e-18
1519,5.032956758761506e-13,4.114692775503138e-18,1.918973052746032e-18
1520,5.113711465880338e-13,4.178906550506365e-18,1.982357220807952e-18
1521,5.007765206360671e-13,4.156938576195673e-18,1.872771327035066e-18
1522,4.930783253952407e-13,4.094341620253517e-18,1.772151262385456e-18
1523,5.104581707467648e-13,4.161501161061462e-18,1.974427037495447e-18
1524,4.963445145124803e-13,4.127029563248468e-18,1.890912598483486e-18
1525,5.003029834556007e-13,4.215083701819181e-18,2.006902777414132e-18
1526,4.981204357416349e-13,4.130197965557281e-18,1.878457616519208e-18
1527,5.00549043313419e-13,4.172331659535216e-18,1.993289171934682e-18
1528,5.022887047378324e-13,4.155925783847646e-18,1.952900831124298e-18
1529,4.994988861897454e-13,4.117431590885501e-18,1.905936089797586e-18
1530,4.95377513563859e-13,4.083836047625249e-18,1.803477567789826e-18
1531,5.160906667917477e-13,4.194615045764835e-18,2.047608974092813e-18
1532,5.121891704947546e-13,4.143573412828757e-18,1.941496855103894e-18
1533,5.100125671616409e-13,4.128276519967477e-18,1.961613023005772e-18
1534,5.196424383163081e-13,4.154131973394156e-18,2.060523113917105e-18
1535,5.045309995322367e-13,4.066181288724172e-18,1.855114183226494e-18
1536,5.147984967824759e-13,4.150631565449675e-18,2.004478321040399e-18
1537,5.032464640455536e-13,4.115106986808912e-18,1.880243108357085e-18
1538,5.08411065266665e-13,4.14162350544471e-18,1.959608206808109e-18
1539,5.059084859538572e-13,4.163162240999746e-18,1.988915938518747e-18
1540,5.103997959311102e-13,4.075477139499123e-18,1.902475701219576e-18
1541,5.099445342035948e-13,4.079466785293046e-18,1.91457804427154e-18
1542,4.975551551026737e-13,4.090045238702334e-18,1.850360655019114e-18
1543,5.002106287508276e-13,4.115073998079525e-18,1.870551418892384e-18
1544,4.976382855909766e-13,4.148192205448106e-18,1.932697933162278e-18
1545,5.029584661268109e-13,4.131781925508348e-18,1.955507742300084e-18
1546,5.092540265960233e-13,4.139468855566817e-18,1.975836997709607e-18
1547,5.022227531322321e-13,4.143619129538947e-18,1.947011637356039e-18
1548,5.005854254893383e-13,4.10393900901085e-18,1.916595127168959e-18
1549,4.9792819873022e-13,4.110824140307289e-18,1.87430793887494e-18
1550,4.910627097447176e-13,4.080372753023743e-18,1.795250285095058e-18
1551,5.083283518323384e-13,4.14377547094732e-18,1.967387877948031e-18
1552,5.11978182601706e-13,4.084924096748707e-18,1.868521888239333e-18
1553,5.1530542521406e-13,4.110749013406355e-18,1.98180506877299e-18
1554,5.136210704845836e-13,4.129625989682134e-18,2.021916926025609e-18
1555,5.077642079148504e-13,4.141988959359931e-18,1.966786149242857e-18
1556,5.037098462182343e-13,4.105016234693313e-18,1.899150013115501e-18
1557,5.039157394927042e-13,4.098362591653455e-18,1.91189515839587e-18
1558,4.978655411703399e-13,4.149757956065031e-18,1.931668024217124e-18
1559,5.101812221630731e-13,4.147938140206322e-18,1.979212781985178e-18
1560,5.030148473885961e-13,4.112972067863887e-18,1.913243170890211e-18
1561,4.991625283699471e-13,4.08891118714688e-18,1.855710052300714e-18
1562,4.946810668205483e-13,4.118228532672858e-18,1.860397540279038e-18
1563,5.126182158790638e-13,4.159824041717549e-18,2.045339359985402e-18
1564,5.080620717769914e-13,4.091255390985673e-18,1.877700084118669e-18
1565,5.05072717835593e-13,4.073459191397841e-18,1.879375926715415e-18
1566,4.945479633562539e-13,4.041593086787054e-18,1.737465359965044e-18
1567,4.905991210808346e-13,4.070182984082888e-18,1.774298715315959e-18
1568,5.044511390381928e-13,4.206396739490975e-18,1.995541163173669e-18
1569,5.095870369074055e-13,4.134656125069958e-18,1.9660751680995e-18
1570,4.973810130517271e-13,4.082246417638992e-18,1.823406346708059e-18
1571,5.082438670677361e-13,4.143508726311303e-18,2.006601877761533e-18
1572,5.125542427146493e-13,4.195878460565552e-18,2.048966856162197e-18
1573,5.101415005560071e-13,4.125650219659989e-18,1.953353579742506e-18
1574,5.038301883167509e-13,4.11721155857243e-18,1.881785365159242e-18
1575,4.951761595832122e-13,4.063479128584845e-18,1.773121904335106e-18
1576,5.008808474114146e-13,4.212414518864548e-18,2.024776200619001e-18
1577,5.139257237806987e-13,4.116786673135007e-18,1.97746266829139e-18
1578,5.283474934600123e-13,4.183615409749498e-18,2.089880265083901e-18
1579,5.231493608980769e-13,4.114826064000473e-18,2.022121236249255e-18
1580,5.197334894517305e-13,4.148077883920197e-18,2.039500884949919e-18
1581,5.159630924342522e-13,4.152984797502019e-18,1.990138683033617e-18
1582,5.188531328960545e-13,4.162700600702102e-18,2.006816875407504e-18
1583,5.06658146196925e-13,4.125473697679055e-18,1.872472173856925e-18
1584,5.228458585961505e-13,4.199599859983026e-18,2.099558421959017e-18
1585,5.042963152082196e-13,4.12237087745954e-18,1.915992494766992e-18
1586,5.073136988763083e-13,4.13687347790257e-18,1.980808868074699e-18
1587,5.114486089960264e-13,4.172972988003146e-18,2.039387173604602e-18
1588,5.133769008524946e-13,4.12453735155444e-18,1.99137400022791e-18
1589,5.139046654299824e-13,4.199953892552842e-18,2.087938953369141e-18
1590,5.126640418277485e-13,4.152025592855483e-18,1.988782990028539e-18
1591,5.061520408454133e-13,4.130074688325497e-18,1.913649026534925e-18
1592,5.118634624203112e-13,4.135955054348686e-18,1.964060958935589e-18
1593,5.25125950153231e-13,4.182099835289509e-18,2.148985643814427e-18
1594,5.212539347300543e-13,4.138442903478016e-18,1.997956196118434e-18
1595,5.151388765466762e-13,4.179509508385457e-18,1.967567434643929e-18
1596,5.119899853144692e-13,4.150786716044971e-18,1.98224359425324e-18
1597,5.113428270110734e-13,4.137691063823639e-18,1.996030637905155e-18
1598,4.983793894346811e-13,4.06656416085672e-18,1.789040069929317e-18
1599,5.102241926860602e-13,4.152356733187329e-18,1.967746451664167e-18
1600,5.008905020926925e-13,4.143455347393274e-18,1.911909375918285e-18
1601,5.022918904155416e-13,4.056765220475104e-18,1.814154356632939e-18
1602,5.088840158852845e-13,4.198107247042621e-18,2.044785319459785e-18
1603,5.051868961763685e-13,4.142240760832481e-18,1.943398154124706e-18
1604,4.979481075871517e-13,4.111664694013215e-18,1.877620449341771e-18
1605,5.008380751892046e-13,4.073706838452054e-18,1.825349914150586e-18
1606,4.972238380826105e-13,4.088302839712059e-18,1.816421877453878e-18
1607,4.994961820017198e-13,4.16071365889997e-18,1.935226234383586e-18
1608,5.053794852409634e-13,4.145982529467573e-18,1.962923282011894e-18
1609,5.031572584163259e-13,4.148000927355463e-18,1.964189998825107e-18
1610,4.992163078999918e-13,4.079067094300008e-18,1.851071233557791e-18
1611,4.876341509988054e-13,4.021743501886709e-18,1.690884607345046e-18
1612,5.003487245837233e-13,4.096184225747977e-18,1.88306190128607e-18
1613,5.129012865133713e-13,4.144942556406398e-18,1.979862375800014e-18
1614,5.071207895306459e-13,4.085471489008773e-18,1.872680694702669e-18
1615,5.136745637663444e-13,4.14321677785537e-18,2.013281090047354e-18
1616,5.04169023055686e-13,4.125606205073854e-18,1.924363130680911e-18
1617,5.078047429691638e-13,4.139393134381409e-18,2.06282474917959e-18
1618,5.113227959498598e-13,4.174098042281474e-18,1.983020616732066e-18
1619,5.105026951773264e-13,4.142871994715628e-18,1.948857569327638e-18
1620,5.009778186583191e-13,4.17042442923578e-18,1.942026482557057e-18
1621,5.042950413115629e-13,4.142328011640098e-18,1.924663247206534e-18
1622,5.015522176156343e-13,4.111585686119993e-18,1.865129268269549e-18
1623,5.177130196514005e-13,4.178045604408858e-18,2.118081907851969e-18
1624,5.091251255276029e-13,4.125960247219943e-18,1.960354259609505e-18
1625,5.200732324694269e-13,4.155287790412945e-18,2.044203265622949e-18
1626,5.069534582259107e-13,4.142138482259179e-18,1.980066724620116e-18
1627,5.012389572360015e-13,4.082386020190714e-18,1.811741868170838e-18
1628,4.949518692316799e-13,4.102157629959842e-18,1.836643696461118e-18
1629,4.930551458213761e-13,4.080650629578567e-18,1.770274319352108e-18
1630,5.067902061870156e-13,4.117820934285116e-18,1.970899708529967e-18
1631,5.048861520035284e-13,4.104620497305495e-18,1.872541903309227e-18
1632,5.032023620985984e-13,4.067066556795965e-18,1.846363507368847e-18
1633,5.047819368865212e-13,4.154783966573991e-18,1.969658037347195e-18
1634,5.028923118804732e-13,4.05040784967543e-18,1.799724468683417e-18
1635,5.006258272474336e-13,4.088770909529417e-18,1.822568359652034e-18
1636,4.986043172149132e-13,4.132126207198982e-18,1.86121927170179e-18
1637,5.040703743877164e-13,4.17832097605976e-18,1.986581802009212e-18
1638,5.21026456337709e-13,4.119138013750384e-18,2.00910760272234e-18
1639,5.092049556865412e-13,4.136006004740385e-18,1.943934017890945e-18
1640,5.069768601755287e-13,4.139231382292221e-18,1.957338276088876e-18
1641,5.067344172959626e-13,4.120512461559029e-18,1.94015076990839e-18
1642,5.120118762415371e-13,4.15356644147563e-18,1.991626714731317e-18
1643,5.158997883128776e-13,4.16561680654044e-18,2.053511664791727e-18
1644,5.097526626585112e-13,4.083094511347079e-18,1.894227399715567e-18
1645,5.06722880134972e-13,4.058645196434593e-18,1.822669093714623e-18
1646,5.023593749250945e-13,4.038491023491577e-18,1.778830300077297e-18
1647,5.07916832263399e-13,4.205571115410413e-18,2.049410810118127e-18
1648,5.123562969667776e-13,4.159930858551547e-18,1.984888214091488e-18
1649,5.031955208906434e-13,4.146719813178295e-18,1.886795196863429e-18
1650,4.98898606354932e-13,4.087570070085731e-18,1.792964661453773e-18
1651,5.049857723515734e-13,4.14249555579056e-18,1.957483812861417e-18
1652,5.170189771152161e-13,4.1425168895299e-18,2.085343417761472e-18
1653,5.156706805491193e-13,4.114519262964069e-18,1.979886375532928e-18
1654,5.110926376078811e-13,4.115045143301362e-18,1.912545297088345e-18
1655,5.269003935834404e-13,4.144317011712637e-18,2.117700681402178e-18
1656,5.302049626837984e-13,4.130362605634817e-18,2.076690975784448e-18
1657,5.22475991271154e-13,4.107594627576987e-18,1.993417169112447e-18
1658,5.245069376685113e-13,4.131326543956017e-18,1.997874851490994e-18
1659,5.251440807244249e-13,4.090674725226771e-18,1.9459009359243e-18
1660,5.267639712599109e-13,4.202772847097913e-18,2.13334873985138e-18
1661,5.163822747669231e-13,4.143758654873042e-18,1.950162667096296e-18
1662,5.171776222698565e-13,4.206729992682544e-18,2.032004843445457e-18
1663,5.275697572601567e-13,4.173301966649511e-18,2.021341172180825e-18
1664,5.210317765026619e-13,4.145166397277052e-18,1.984250680152306e-18
1665,5.197733824336284e-13,4.145875422767873e-18,1.977281449096317e-18
1666,5.164955710450016e-13,4.198625002026961e-18,2.091179817533825e-18
1667,5.135004603122584e-13,4.19112238156245e-18,1.986898783090781e-18
1668,5.108288029771336e-13,4.152571240828378e-18,1.951036142304095e-18
1669,5.056126984770945e-13,4.167187961647328e-18,1.950722436919494e-18
1670,5.020444881969303e-13,4.19547574962811e-18,1.983348557969988e-18
1671,5.053117210173818e-13,4.17970199890974e-18,1.991286360372665e-18
1672,5.099642400755874e-13,4.120307773879681e-18,1.915248157337764e-18
1673,5.123871669614265e-13,4.188476089746789e-18,2.061171468330647e-18
1674,5.163402120983864e-13,4.179626932430607e-18,2.069948385033844e-18
1675,5.171123576276805e-13,4.096668477612177e-18,1.923624087855885e-18
1676,5.102388186534002e-13,4.008094646737693e-18,1.776871592282517e-18
1677,5.126119582672949e-13,4.111882690396672e-18,1.913460366681362e-18
1678,5.161732225794366e-13,4.173427168656446e-18,2.029960702245705e-18
1679,5.123780501922005e-13,4.109750066912489e-18,1.898518519959813e-18
1680,5.164607577686597e-13,4.138234014549629e-18,2.002430132472147e-18
1681,5.242392054070324e-13,4.18678344641038e-18,2.184352548395219e-18
1682,5.140316803096933e-13,4.12638370261486e-18,1.942326525817271e-18
1683,5.157108274752402e-13,4.146592730388519e-18,1.991104800847795e-18
1684,5.171323676035956e-13,4.114896377667772e-18,1.950942763112548e-18
1685,5.185007567973654e-13,4.160411749261417e-18,1.966556828228258e-18
1686,5.209395194074424e-13,4.101243056983034e-18,1.903367430727874e-18
1687,5.234223611350275e-13,4.203259021811958e-18,2.054538590564134e-18
1688,5.150834351332505e-13,4.172731600159441e-18,2.058955811298595e-18
1689,5.095346746633655e-13,4.109719214843731e-18,1.918177754466503e-18
1690,5.134146958111992e-13,4.180246277280876e-18,2.032840112469189e-18
1691,5.200424729947563e-13,4.186698400626701e-18,2.062953885878934e-18
1692,5.160050044484229e-13,4.121106342450438e-18,2.056541372371382e-18
1693,5.101391082340365e-13,4.127625784636554e-18,1.924466561497198e-18
1694,5.165305988345697e-13,4.15857589863308e-18,2.040717461877235e-18
1695,5.203705691463373e-13,4.182374008105092e-18,2.070325128396904e-18
1696,5.298528071261644e-13,4.077467971282696e-18,2.010568512865477e-18
1697,5.13984008658257e-13,4.163576054501883e-18,1.975741638765842e-18
1698,5.192042237521849e-13,4.176548009748761e-18,2.044150763992539e-18
1699,5.095194330107089e-13,4.175655726004868e-18,1.987254279536137e-18
1700,4.952368511828784e-13,4.099925859786891e-18,1.826095166912744e-18
1701,4.962653978321453e-13,4.168418474743231e-18,1.951829601692584e-18
1702,5.037480192229753e-13,4.146004445737988e-18,1.950354193776598e-18
1703,5.037135973901756e-13,4.131315705779339e-18,1.930475497991551e-18
1704,4.934501670383054e-13,4.03732113194666e-18,1.724234967008899e-18
1705,5.133738803744569e-13,4.216211441085178e-18,2.12067234673597e-18
1706,5.141019003571114e-13,4.105517408970933e-18,1.962322505946526e-18
1707,5.173904912215387e-13,4.200943713720707e-18,2.037874992076232e-18
1708,5.113809551146158e-13,4.10565367428484e-18,1.943810295854291e-18
1709,5.039663990932795e-13,4.111172079324423e-18,1.882317066874574e-18
1710,4.996847537552504e-13,4.14164566835249e-18,1.888393130829574e-18
1711,4.993112907363026e-13,4.105917131299133e-18,1.874875529774845e-18
1712,4.973762420953144e-13,4.117591085586068e-18,1.842722079949456e-18
1713,4.9623879790551e-13,4.128237709259476e-18,1.870904068602996e-18
1714,5.052391549786111e-13,4.127607853666812e-18,1.989755824732184e-18
1715,5.021326793773493e-13,4.159748713573455e-18,1.986754105279347e-18
1716,4.911579512751313e-13,4.080315440697389e-18,1.767854517205837e-18
1717,4.976070993570461e-13,4.186180230419532e-18,1.940024583555759e-18
1718,4.947647071755022e-13,4.095829603007651e-18,1.841164312678351e-18
1719,4.95716394091399e-13,4.148829662504413e-18,1.904682222897891e-18
1720,5.055444183006523e-13,4.12786825577666e-18,1.945837816200135e-18
1721,5.0211999111425e-13,4.129222464694197e-18,1.913101074489079e-18
1722,4.970589982047243e-13,4.121226924489418e-18,1.872429840901917e-18
1723,5.003585005224612e-13,4.109305061590681e-18,1.89866873122152e-18
1724,5.00230605601338e-13,4.14925662885154e-18,1.962609754621793e-18
1725,5.020757404953035e-13,4.155289487568444e-18,1.946295829367625e-18
1726,4.987598297416421e-13,4.095539386565377e-18,1.849045008932065e-18
1727,5.061804328346733e-13,4.166330752417989e-18,1.972149389949675e-18
1728,5.11042704281642e-13,4.223540908976279e-18,2.083162173032001e-18
1729,5.050083313590573e-13,4.169985263147564e-18,1.951427198573336e-18
1730,5.088050956547243e-13,4.13106980447406e-18,1.931053001466911e-18
1731,5.185936574360262e-13,4.129236897550668e-18,1.918628767297606e-18
1732,5.266489647736386e-13,4.181010252825185e-18,2.052298583160162e-18
1733,5.182664498635574e-13,4.157788723565629e-18,2.00035259964724e-18
1734,5.086331767426403e-13,4.129662985776453e-18,1.905914971369236e-18
1735,5.0561170839109e-13,4.166532748742237e-18,2.007715222395964e-18
1736,5.108026834951914e-13,4.091210910503362e-18,1.866449508329497e-18
1737,5.059684598122155e-13,4.202088987445683e-18,1.997537079175899e-18
1738,5.09512599156033e-13,4.111813361616329e-18,1.940059068179633e-18
1739,5.127591959319435e-13,4.195355704382462e-18,2.055835368710451e-18
1740,5.065047458043821e-13,4.125078753272393e-18,1.905252674000343e-18
1741,5.05945886107611e-13,4.093154526089783e-18,1.846827549149299e-18
1742,5.08328575166985e-13,4.17530336584553e-18,1.987121439494367e-18
1743,4.982848900773266e-13,4.117653242195074e-18,1.863908549013967e-18
1744,5.032540187121708e-13,4.118887535926825e-18,1.895518446336375e-18
1745,5.065487754751446e-13,4.14044526167935e-18,1.965875655755102e-18
1746,5.082783393368384e-13,4.155776193574243e-18,1.981130632936108e-18
1747,5.091847799806678e-13,4.176325152735544e-18,2.007618573706543e-18
1748,5.060602277930426e-13,4.103440241941425e-18,1.88164778526376e-18
1749,5.134975381546901e-13,4.133601597234426e-18,1.972774597929731e-18
1750,5.004034862546282e-13,4.067173638036653e-18,1.806915582595585e-18
1751,5.054021043727889e-13,4.079333559816442e-18,1.866157682401088e-18
1752,5.076153364680002e-13,4.159519465249229e-18,1.962032320416787e-18
1753,5.124759480652263e-13,4.146360420715249e-18,1.984735599816561e-18
1754,5.103590356692002e-13,4.144234507346128e-18,1.962345868656811e-18
1755,5.213816045519085e-13,4.165200642283765e-18,2.035527028527584e-18
1756,5.153444248649908e-13,4.189853688227829e-18,2.038463776112435e-18
1757,5.047024639810084e-13,4.133217161141488e-18,1.893887823207219e-18
1758,5.021246758456704e-13,4.137622663450232e-18,1.879861558779201e-18
1759,5.015410419560687e-13,4.150161160380731e-18,1.908286427362613e-18
1760,5.124421245980977e-13,4.140598731166378e-18,1.973608448617122e-18
1761,5.277780225512555e-13,4.160486728193937e-18,2.079599556508175e-18
1762,5.178303322343375e-13,4.114316851742406e-18,1.955636193270773e-18
1763,5.193058117902011e-13,4.056255167494293e-18,1.891991015824557e-18
1764,5.264790096033623e-13,4.186032589700627e-18,2.103930821114379e-18
1765,5.19588179265096e-13,4.147771504448242e-18,2.015466399014745e-18
1766,5.106864241712864e-13,4.197636988806569e-18,2.030485987903082e-18
1767,5.103938381501499e-13,4.120554468285573e-18,1.95306952611997e-18
1768,5.062670236167447e-13,4.153556145744074e-18,1.964530910392578e-18
1769,5.139973397752023e-13,4.170255182301369e-18,2.031937561752219e-18
1770,5.06186224359402e-13,4.093029108156453e-18,1.856154050173435e-18
1771,5.222682420739451e-13,4.153581800204917e-18,2.081852602671738e-18
1772,5.107545843854623e-13,4.098127651923724e-18,1.905473970499824e-18
1773,5.009908983528892e-13,4.133170369999652e-18,1.901038484631966e-18
1774,5.207779247302413e-13,4.141076364445104e-18,2.169877707450154e-18
1775,5.20514703473597e-13,4.151524474930739e-18,2.053885868495686e-18
1776,5.251839958363296e-13,4.151578775630689e-18,2.060872229348856e-18
1777,5.284642963691868e-13,4.18569787445557e-18,2.093354175017938e-18
1778,5.267648646732443e-13,4.171723367509703e-18,2.039656361781092e-18
1779,5.365396293692036e-13,4.20620159259333e-18,2.111718458693628e-18
1780,5.167136679840019e-13,4.129655305568887e-18,1.942078703342222e-18
1781,5.100212199628725e-13,4.046730000982515e-18,1.801395173322115e-18
1782,5.212621767888902e-13,4.151646221806414e-18,2.064977702563252e-18
1783,5.11666190390173e-13,4.176000942329818e-18,2.016325081062368e-18
1784,5.139849600786734e-13,4.142708730222822e-18,1.961016690732615e-18
1785,5.013272045668572e-13,4.183464419406126e-18,1.967709165158217e-18
1786,5.00051405463211e-13,4.077119382391635e-18,1.810932350405967e-18
1787,5.128909370057971e-13,4.069362653701958e-18,2.035465180990927e-18
1788,5.180146889924421e-13,4.12672663592631e-18,2.005080343506924e-18
1789,5.156146423355172e-13,4.135996313871911e-18,1.960614287772367e-18
1790,5.060358667351842e-13,4.087364649194824e-18,1.850193273680397e-18
1791,5.080239052243275e-13,4.135097463557095e-18,1.945887021819695e-18
1792,5.109201292242558e-13,4.190723981636501e-18,2.015702977829402e-18
1793,5.067488899065534e-13,4.157951553919498e-18,1.902515496429528e-18
1794,5.071647820779252e-13,4.143866931878338e-18,2.011937577699745e-18
1795,5.024330911774074e-13,4.058650846186112e-18,1.832460788206929e-18
1796,5.11204223800798e-13,4.204136290341309e-18,2.031740456170595e-18
1797,4.995871908215966e-13,4.156976027069871e-18,1.949938027092077e-18
1798,5.002645533765877e-13,4.090144937892247e-18,1.868631146008285e-18
1799,4.953780832640138e-13,4.12112903910116e-18,1.863674440406815e-18
1800,5.018722342856513e-13,4.159263065458865e-18,1.988039938089852e-18
1801,4.973732977797404e-13,4.071333936922281e-18,1.84007635646468e-18
1802,5.15919949673326e-13,4.164432914075874e-18,2.099106806534776e-18
1803,5.14043079890817e-13,4.150924554599785e-18,2.031610597186782e-18
1804,5.077780269405721e-13,4.166603008688819e-18,1.96852591644469e-18
1805,5.061546912154733e-13,4.146119999848024e-18,1.956012175973423e-18
1806,4.916619700304325e-13,4.068126651254638e-18,1.782030123993771e-18
1807,5.090940072521974e-13,4.154528741998189e-18,2.00326169448848e-18
1808,5.118260536256096e-13,4.150177098605533e-18,2.064350841850323e-18
1809,5.139182780983512e-13,4.137254206390278e-18,1.978394713749149e-18
1810,5.071356775834402e-13,4.108124286930463e-18,1.903213085852167e-18
1811,5.064466094104102e-13,4.141270751929077e-18,1.926503293891268e-18
1812,5.095204553422681e-13,4.126704981077825e-18,1.91888699205288e-18
1813,5.026758972343527e-13,4.052023779121544e-18,1.781414077681606e-18
1814,5.258235939487584e-13,4.217179048653242e-18,2.086530148728735e-18
1815,5.088151266100791e-13,4.093544463142812e-18,1.840055527243787e-18
1816,5.02055653468076e-13,4.08200193421502e-18,1.814942419165958e-18
1817,5.104497466222698e-13,4.177854598537266e-18,1.992115285116279e-18
1818,5.053633221158394e-13,4.165679287077758e-18,2.040973683704129e-18
1819,5.136085638786978e-13,4.182901434879778e-18,2.024989280084631e-18
1820,5.120494527566611e-13,4.106420983334984e-18,1.913344635745849e-18
1821,5.022976405129464e-13,4.106886773140902e-18,1.848564144641252e-18
1822,5.055910580165186e-13,4.185604136015926e-18,2.017214986628684e-18
1823,5.01898141606309e-13,4.126595712645136e-18,1.882175466307281e-18
1824,5.237896855947425e-13,4.211979733810615e-18,2.140665625933578e-18
1825,5.082488102208889e-13,4.071849509127359e-18,1.834272240711595e-18
1826,5.119450226545531e-13,4.169222717325839e-18,1.979126925111597e-18
1827,5.174172641023592e-13,4.20566697876278e-18,2.049867850478023e-18
1828,5.085037702267603e-13,4.150006088269574e-18,1.920699903067167e-18
1829,5.090240393201986e-13,4.092206982255069e-18,1.896102657586276e-18
1830,5.259411055378701e-13,4.157895795923439e-18,2.076243086473469e-18
1831,5.160725882353943e-13,4.134794144300036e-18,1.968427678029123e-18
1832,5.042894196894802e-13,4.180650119911804e-18,1.930051885558332e-18
1833,5.044376267591419e-13,4.135143369053491e-18,1.914944127887132e-18
1834,5.020524884715775e-13,4.151659081591412e-18,1.937755853067975e-18
1835,5.048067755438732e-13,4.10339208079635e-18,1.908219093793227e-18
1836,5.089327889788779e-13,4.132553365661163e-18,1.947638854868898e-18
1837,5.058850249299673e-13,4.062343310519236e-18,1.863828085778226e-18
1838,5.144837400552463e-13,4.172947469665049e-18,2.057076211561526e-18
1839,5.092734726515413e-13,4.064731529786398e-18,1.873151277295153e-18
1840,5.354579092415683e-13,4.182144339792691e-18,2.127001564060487e-18
1841,5.189863450073772e-13,4.153605039176363e-18,1.979675043417768e-18
1842,5.059042030123223e-13,4.117226104708313e-18,1.869535636387952e-18
1843,5.019926034866663e-13,4.159696651629145e-18,1.897758925631856e-18
1844,5.084222560051775e-13,4.111241596885755e-18,1.909227808441847e-18
1845,5.233778405431418e-13,4.138694380368952e-18,1.984326996167566e-18
1846,5.160979978761176e-13,4.160106617166316e-18,1.991369790749022e-18
1847,5.071231908524084e-13,4.160042101750598e-18,1.958088365949559e-18
1848,5.008731977882762e-13,4.15691904833488e-18,1.929829584248786e-18
1849,5.034936646836559e-13,4.118072354731731e-18,1.912699900908432e-18
1850,5.113554645819917e-13,4.182701597112903e-18,1.995500647549907e-18
1851,5.145515712988714e-13,4.1776387817786e-18,2.033969157667303e-18
1852,5.027184813815735e-13,4.131432128291646e-18,1.889388728524731e-18
1853,5.043774873708626e-13,4.206109382256327e-18,2.008445187634654e-18
1854,5.135331267263919e-13,4.167690773963599e-18,2.03464106520606e-18
1855,5.024720878185938e-13,4.107608864346413e-18,1.835209226175742e-18
1856,4.969814340087839e-13,4.137341907020751e-18,1.902065609078813e-18
1857,5.015988942593989e-13,4.110835113992681e-18,1.881657967107911e-18
1858,5.064362305961662e-13,4.161087248150019e-18,1.947769888982142e-18
1859,4.965604082818783e-13,4.141447269645009e-18,1.872946801670443e-18
1860,4.963095267956583e-13,4.095338611515827e-18,1.810756962484304e-18
1861,4.976286754990839e-13,4.14428572877173e-18,1.930934344858032e-18
1862,5.134368809858123e-13,4.170779554726874e-18,2.035506712733006e-18
1863,5.082887419618405e-13,4.077806445899837e-18,1.908073274059007e-18
1864,4.987899462920146e-13,4.065655461041278e-18,1.791234295772355e-18
1865,5.091531547811645e-13,4.18228360612199e-18,2.02210694412407e-18
1866,5.208103940476773e-13,4.17677045232948e-18,2.114975092542682e-18
1867,5.177377463329235e-13,4.148611159430878e-18,2.025064759550153e-18
1868,5.129379651453027e-13,4.082751475968627e-18,1.872980177127261e-18
1869,5.107996324295561e-13,4.107508833562939e-18,1.915549692683046e-18
1870,5.096240628699776e-13,4.109645929210057e-18,1.916619649834983e-18
1871,5.118270544917056e-13,4.199925456421374e-18,2.023961019089979e-18
1872,4.999883238289586e-13,4.13552775856233e-18,1.8968276158676e-18
1873,4.967394783647344e-13,4.135133645634146e-18,1.842952790615241e-18
1874,5.14533059148257e-13,4.203097887129857e-18,2.064064933526229e-18
1875,4.9937657124265e-13,4.130978001095436e-18,1.887402723407718e-18
1876,5.011944093095051e-13,4.052092144895198e-18,1.800432246234979e-18
1877,5.047214039216699e-13,4.169618877421864e-18,1.997764938467641e-18
1878,4.986151137495899e-13,4.122103305874497e-18,1.843440208385668e-18
1879,4.981827157425598e-13,4.118161150621255e-18,1.876941363823081e-18
1880,4.982822069022036e-13,4.053637327950427e-18,1.82940545633669e-18
1881,5.00426019501117e-13,4.049066845446627e-18,1.8366881400806e-18
1882,4.951581566453969e-13,4.150967745647302e-18,1.913599246479303e-18
1883,4.954399508891985e-13,4.106343468182878e-18,1.835796879322248e-18
1884,5.060754558139491e-13,4.127619755318115e-18,1.94741240397913e-18
1885,5.058723443414608e-13,4.134212538674633e-18,1.945404502220425e-18
1886,5.115365371714157e-13,4.178268596187411e-18,2.056453805947961e-18
1887,5.291185063403145e-13,4.132937172234973e-18,2.121484099160917e-18
1888,5.226879664135044e-13,4.109666506768184e-18,1.955633119276392e-18
1889,5.151035633136444e-13,4.157653780518589e-18,1.958836998691807e-18
1890,5.124766277714081e-13,4.192807326744568e-18,2.046472334899405e-18
1891,5.207241136252994e-13,4.165392640768799e-18,1.962077199453799e-18
1892,5.021362160829694e-13,4.126032714693552e-18,1.891347106434312e-18
1893,5.005654992101712e-13,4.157052695001909e-18,1.943515030498316e-18
1894,5.175550221018028e-13,4.133347227476932e-18,1.993691788754044e-18
1895,5.01967316070103e-13,4.099240276439002e-18,1.853034791954047e-18
1896,5.086200156497742e-13,4.151868038368484e-18,2.057542135079645e-18
1897,5.042957809915254e-13,4.187205336518528e-18,1.941186828947757e-18
1898,5.037247873353745e-13,4.14189226695089e-18,1.917197633116446e-18
1899,5.059531984994782e-13,4.160918232329976e-18,2.021219953629445e-18
1900,5.234590179510544e-13,4.191908521168732e-18,2.147006180437911e-18
1901,5.145224777248488e-13,4.139471644749181e-18,1.975651241234203e-18
1902,5.149310215852946e-13,4.084135191015392e-18,1.903327780563365e-18
1903,5.168483297497909e-13,4.136369503757154e-18,1.963843512324182e-18
1904,5.191404036622102e-13,4.122488327118859e-18,1.966834834137463e-18
1905,5.123612443309639e-13,4.132824379989165e-18,1.928948816208663e-18
1906,5.129296616762435e-13,4.186347239724761e-18,1.990968522177579e-18
1907,5.020967362401197e-13,4.143773855954389e-18,1.87384224379015e-18
1908,5.184499137391796e-13,4.09484770467895e-18,1.930253410598789e-18
1909,5.17708607119352e-13,4.16105996370929e-18,2.03681714386709e-18
1910,5.213081127598119e-13,4.16901698662937e-18,2.025886326521998e-18
1911,5.103946338845127e-13,4.134266530554604e-18,1.89567320351963e-18
1912,5.132100684080072e-13,4.149928302869505e-18,1.941081828310306e-18
1913,5.273188036718201e-13,4.170389864222509e-18,2.083586785668941e-18
1914,5.129427542316681e-13,4.140218382034142e-18,1.920640365535083e-18
1915,5.053732990605281e-13,4.173612425550104e-18,1.91598069449314e-18
1916,5.029289344370601e-13,4.149146686575134e-18,1.865037619029051e-18
1917,5.068654495171511e-13,4.214623019971589e-18,2.015350666127565e-18
1918,5.046097986764031e-13,4.147552144039029e-18,1.859606784360712e-18
1919,5.059860884892435e-13,4.099010811492239e-18,1.85470251778386e-18
1920,5.053226559722384e-13,4.145013332764328e-18,1.894739620008111e-18
1921,5.208036785785484e-13,4.168441892462439e-18,2.036847897362737e-18
1922,5.202426368008283e-13,4.180168756236968e-18,2.065902086313788e-18
1923,5.271748977760476e-13,4.164948540551994e-18,2.073997437875165e-18
1924,5.112891375318731e-13,4.110500347110113e-18,1.919280134073511e-18
1925,5.133597846802881e-13,4.152133531354958e-18,2.000096432574704e-18
1926,5.167506429174652e-13,4.178248705046393e-18,2.077792004808785e-18
1927,5.241439270989677e-13,4.120196199240028e-18,2.019556724205873e-18
1928,5.055837123723265e-13,4.095361347345731e-18,1.831379373306184e-18
1929,5.144355396997078e-13,4.172976075445556e-18,2.059622737910192e-18
1930,5.053216336823171e-13,4.048352781814038e-18,1.823916926098295e-18
1931,4.991631000229414e-13,4.154860293502061e-18,1.921854394918909e-18
1932,4.972294551334359e-13,4.091774433713471e-18,1.82254522853092e-18
1933,4.999331595987464e-13,4.146297037063592e-18,1.894133382125584e-18
1934,4.968474447165472e-13,4.120814177493347e-18,1.862278523782905e-18
1935,5.055274349317823e-13,4.175611743049654e-18,1.964446493114161e-18
1936,5.104963714277785e-13,4.115229325266876e-18,1.963653342561304e-18
1937,5.12634899749538e-13,4.132218949192696e-18,1.966334372703697e-18
1938,5.013569605835707e-13,4.138117240367146e-18,1.907150134940852e-18
1939,5.020914380998248e-13,4.144311511747191e-18,1.941256368907275e-18
1940,5.040256846572765e-13,4.101396978843792e-18,1.896803984352987e-18
1941,5.022776047603591e-13,4.154786920065562e-18,1.952687765427719e-18
1942,4.939933929935539e-13,4.061329211780215e-18,1.790822975552004e-18
1943,5.109652144539762e-13,4.1769314539049e-18,2.040824530128771e-18
1944,5.018165665010899e-13,4.116417930741273e-18,1.883268202125314e-18
1945,5.0390183435524e-13,4.133595965368943e-18,1.909346035060081e-18
1946,4.947847832704783e-13,4.103579073778364e-18,1.811948537884707e-18
1947,5.064182957014998e-13,4.148579085716145e-18,1.966416005997333e-18
1948,4.965586896613998e-13,4.070227730672563e-18,1.804752407413085e-18
1949,5.182505610665707e-13,4.144651584746524e-18,2.047570200919067e-18
1950,5.036446610837832e-13,4.097862929755013e-18,1.897440984403959e-18
1951,5.053304083014264e-13,4.122844334192233e-18,1.944087416002995e-18
1952,5.02993307126425e-13,4.090741676577031e-18,1.875839182185033e-18
1953,4.972170491025452e-13,4.089634436788703e-18,1.839510117754751e-18
1954,4.959313470798818e-13,4.087901416690807e-18,1.875239472429384e-18
1955,4.970534458271737e-13,4.160306775124309e-18,1.912803499680501e-18
1956,4.918594342541627e-13,4.076317321467595e-18,1.771689667197517e-18
1957,5.004549486457679e-13,4.139840199986531e-18,1.944217768002851e-18
1958,5.026657734207037e-13,4.105869147594118e-18,1.936283322036122e-18
1959,4.988427645332884e-13,4.060218821153901e-18,1.841174411815654e-18
1960,4.998160255782469e-13,4.110708855992655e-18,1.908224296780519e-18
1961,5.078457776327985e-13,4.131111879899488e-18,1.988502663409832e-18
1962,5.068055993767415e-13,4.154439403858241e-18,1.992314413789677e-18
1963,5.179612434710633e-13,4.196024677924361e-18,2.096624663914892e-18
1964,5.044503892969557e-13,4.071840080022709e-18,1.793067852306594e-18
1965,5.01486095461688e-13,4.101122729880197e-18,1.811585526555408e-18
1966,5.164023667182007e-13,4.163735100516214e-18,2.028005605351504e-18
1967,5.022507869237532e-13,4.103383385984131e-18,1.869348523314773e-18
1968,5.087050578870549e-13,4.124790272362109e-18,1.98617656205169e-18
1969,5.058412845537603e-13,4.149618367919735e-18,1.935945279675177e-18
1970,5.036197264971901e-13,4.098737410720563e-18,1.888801489891458e-18
1971,4.971562246591274e-13,4.14688849984306e-18,1.914090218744436e-18
1972,4.957385945306989e-13,4.101320493532095e-18,1.836154566991736e-18
1973,4.921151532209472e-13,4.106790457709191e-18,1.848221622962629e-18
1974,5.063731791040995e-13,4.148114018032949e-18,1.970885316570927e-18
1975,5.086378140631165e-13,4.102652515945533e-18,1.897258753069423e-18
1976,5.278327512982664e-13,4.150590652674206e-18,2.187589938235728e-18
1977,5.075232485043116e-13,4.100557385573362e-18,1.916607149248376e-18
1978,5.023980815247527e-13,4.062686220447191e-18,1.873113868491254e-18
1979,5.115091678669154e-13,4.089836685264253e-18,1.967047380805093e-18
1980,5.016129941269767e-13,4.087578804514042e-18,1.83728340737069e-18
1981,5.143363206481335e-13,4.081680899502422e-18,2.021781610955518e-18
1982,5.158778490616238e-13,4.100850120254993e-18,1.974711720726909e-18
1983,5.113584886399737e-13,4.123926307743786e-18,1.973149814413547e-18
1984,5.04382598575659e-13,4.096486056694785e-18,1.874296085364786e-18
1985,5.30360284560514e-13,4.238617988311791e-18,2.224330105285106e-18
1986,5.168735509904802e-13,4.055498392688121e-18,1.859487254482062e-18
1987,5.298107289469704e-13,4.202369512995866e-18,2.079812470958021e-18
1988,5.142015064328485e-13,4.15559388730191e-18,1.915608850656722e-18
1989,5.121747652575017e-13,4.13197812127647e-18,1.971211663349213e-18
1990,5.124259438909908e-13,4.157644635384268e-18,2.006648422755911e-18
1991,5.14517463647949e-13,4.129103848773494e-18,1.9304743843788e-18
1992,5.070081555234396e-13,4.12535485695622e-18,1.942599552054018e-18
1993,5.04864581854548e-13,4.144599639431347e-18,2.000803316558267e-18
1994,5.022237952892945e-13,4.100343948931033e-18,1.891329581485973e-18
1995,5.196413309035743e-13,4.197741613716451e-18,2.113621324791953e-18
1996,5.091814100860845e-13,4.082136209296688e-18,1.891866005930481e-18
1997,5.064601280994613e-13,4.072382009257872e-18,1.831880105021691e-18
1998,5.107860916967525e-13,4.153579338701792e-18,1.984143747903236e-18
1999,5.121914238989606e-13,4.179090949750464e-18,1.959723548345313e-18
2000,5.078015649459495e-13,4.185536493659789e-18,1.996040047914104e-18
