iter,continuity,x-velocity,y-velocity,energy
1,1.0,0.0006159931496528295,4.119539845799684e-05,1.231863367992088e-05
2,0.672450535017879,0.0006557305482641749,2.526148137767125e-05,1.01297690757577e-05
3,0.4515641938770399,0.0005971293318040909,1.622034712602731e-05,7.098315814005271e-06
4,0.2860752436766875,0.0004825062815960903,1.077585972586896e-05,4.52333084845835e-06
5,0.1841304519993229,0.0003546655560268532,7.31025122217725e-06,3.316090250026811e-06
6,0.1429381661049721,0.0002525370544608406,5.269713436478628e-06,2.847586052890097e-06
7,0.1154738884111133,0.0001854629666015209,4.022230482517247e-06,2.557491561440653e-06
8,0.09218230883786754,0.0001415596614441772,3.219628599742202e-06,2.335448222326939e-06
9,0.07300885233984859,0.0001127727822643278,2.674624154798353e-06,2.130596259839198e-06
10,0.057823888214066,9.328090222486624e-05,2.275513424847685e-06,1.921560029073531e-06
11,0.04604413205565072,7.950975737292428e-05,1.969317503717787e-06,1.702986742236875e-06
12,0.03729287706244715,6.856555223209202e-05,1.724495629352446e-06,1.477690190382099e-06
13,0.03078546571592903,5.95378522724648e-05,1.522222151948767e-06,1.253279475705629e-06
14,0.02589508163183013,5.193812933621716e-05,1.353016093378654e-06,1.037991663886027e-06
15,0.02212653530695228,4.54845604609171e-05,1.210555947282761e-06,8.390529127137842e-07
16,0.0191206526734539,3.995051065983383e-05,1.087113634744691e-06,6.628176923809013e-07
17,0.01665665068525503,3.514552172246747e-05,9.798860491339109e-07,5.131066958699178e-07
18,0.01464488011430772,3.095294790157556e-05,8.854171584286381e-07,3.907878095695131e-07
19,0.01290704368400846,2.729747776786442e-05,8.0174396667164e-07,2.941052429939027e-07
20,0.01139565115330324,2.408842663796325e-05,7.2665191223935e-07,2.19948745186623e-07
21,0.01007216301143658,2.125830782194966e-05,6.590479193868452e-07,1.646509922587174e-07
22,0.00893129825680269,1.875304703447069e-05,5.981003544417139e-07,1.243179027592879e-07
23,0.007940404418908881,1.65340993775612e-05,5.428670862071703e-07,9.583868960469887e-08
24,0.00706989415734039,1.457109659604784e-05,4.92525393757521e-07,7.586475743806284e-08
25,0.006305268860299313,1.283338497231624e-05,4.465555525912749e-07,6.17409615693132e-08
26,0.005623086229400213,1.129479539931619e-05,4.044410706011009e-07,5.150031727154801e-08
27,0.005021771152241195,9.929903108887081e-06,3.659044453531549e-07,4.360060944699344e-08
28,0.004485066844371412,8.71924371734721e-06,3.306563393478727e-07,3.720105679725252e-08
29,0.004013769815188539,7.64576376621642e-06,2.98411444685638e-07,3.187144987278017e-08
30,0.003588683269713658,6.694819488663496e-06,2.688850047058301e-07,2.735987511248968e-08
31,0.003213912980364665,5.853231120538641e-06,2.419568139737022e-07,2.350615070761685e-08
32,0.002878044142378428,5.109294985910412e-06,2.173646275387992e-07,2.020206064372465e-08
33,0.002576479426014974,4.452539927672331e-06,1.948459069450676e-07,1.735672972532743e-08
34,0.002300760253020344,3.873699987427519e-06,1.742493138828027e-07,1.490447096830382e-08
35,0.002052415098562008,3.364188977213132e-06,1.554561699741007e-07,1.278875464616746e-08
36,0.001831003258133764,2.916344802764208e-06,1.384137836931199e-07,1.096058324124456e-08
37,0.001629867869104489,2.523338978956272e-06,1.22969704365444e-07,9.382771104052548e-09
38,0.001444590018780752,2.179003664405611e-06,1.08972421149548e-07,8.022445816374722e-09
39,0.001278719336428702,1.877854727937151e-06,9.635238581887577e-08,6.848232350081669e-09
40,0.001130455829717764,1.614973210170883e-06,8.498984693292593e-08,5.83722346862583e-09
41,0.0009973829356820724,1.385976335512691e-06,7.479536631886694e-08,4.967609749828149e-09
42,0.0008780896793294746,1.186862957824289e-06,6.565524320366463e-08,4.220336934199467e-09
43,0.0007717704443938099,1.014107382026908e-06,5.746511472725257e-08,3.578924329217552e-09
44,0.000675230810085296,8.647207091323082e-07,5.017140646932944e-08,3.029801719796958e-09
45,0.0005892356850918042,7.357848499309974e-07,4.370139264990455e-08,2.560315567571823e-09
46,0.0005141439662270238,6.247006849912728e-07,3.797018722666122e-08,2.159608541321749e-09
47,0.000448310252486093,5.292477268231485e-07,3.29110762187241e-08,1.818200517232794e-09
48,0.0003902720129944176,4.474077357467573e-07,2.845175789329705e-08,1.527933459844708e-09
49,0.0003390315061930104,3.774012652126071e-07,2.453624449356931e-08,1.281473600619647e-09
50,0.0002939500963505141,3.176497548023166e-07,2.110811860629458e-08,1.07272106990466e-09
51,0.0002544709036222518,2.667749651101998e-07,1.811321607785933e-08,8.961107165492142e-10
52,0.0002284226877019237,2.228438884777588e-07,1.545129735850958e-08,7.467946322264396e-10
53,0.0001948095854896571,1.867441067633747e-07,1.322782298535328e-08,6.220618893478468e-10
54,0.0001723482707906679,1.555279273199124e-07,1.124102746735483e-08,5.166780496206253e-10
55,0.0001457862258438078,1.298526375605258e-07,9.57772015516175e-09,4.289166509331779e-10
56,0.0001278160970035046,1.077308414382425e-07,8.101033040935183e-09,3.54980492838597e-10
57,0.000111138809983131,8.931414287338896e-08,6.848782985719463e-09,2.93497875001543e-10
58,9.599028380205278e-05,7.395362636686275e-08,5.78124168215094e-09,2.423295482252638e-10
59,8.254430081713177e-05,6.113281842916623e-08,4.872066453850069e-09,1.997952385791228e-10
60,7.076885234716213e-05,5.04407138002184e-08,4.098820715882798e-09,1.644942307564895e-10
61,6.057766570076701e-05,4.153897587337361e-08,3.441991577844896e-09,1.35245904324372e-10
62,5.19660580204341e-05,3.414368406248366e-08,2.885171610827801e-09,1.110539606558771e-10
63,4.449167457386333e-05,2.800991104257245e-08,2.413598880771182e-09,9.10782395189002e-11
64,3.800850194471331e-05,2.293151446842067e-08,2.0149042586974e-09,7.461337378736023e-11
65,3.244656435640534e-05,1.873680397833215e-08,1.678417565191222e-09,6.106342013571584e-11
66,2.762347086874424e-05,1.528066044339312e-08,1.394457874768618e-09,4.993009505565331e-11
67,2.343947831172298e-05,1.243761151433714e-08,1.155235296165532e-09,4.079653668184803e-11
68,1.987001127635921e-05,1.010458422726471e-08,9.547722329493489e-10,3.331438017645982e-11
69,1.683991301473655e-05,8.19479227886857e-09,7.877972126572129e-10,2.719351782035281e-11
70,1.42957317815661e-05,6.635695173925302e-09,6.491775652437964e-10,2.219262624380625e-11
71,1.213215977895583e-05,5.364665884460192e-09,5.342087281970097e-10,1.81113960445879e-11
72,1.029377580263635e-05,4.332387783916226e-09,4.38980540328666e-10,1.478394306026462e-11
73,8.727647746271617e-06,3.494439503860684e-09,3.604528161660412e-10,1.207335328703104e-11
74,7.39491747345825e-06,2.816273102117712e-09,2.958532760957129e-10,9.86701034085477e-12
75,6.289311978168241e-06,2.268826096355015e-09,2.427129251573588e-10,8.071929055506905e-12
76,5.360925604272831e-06,1.827652629174707e-09,1.990836602165347e-10,6.61172175617349e-12
77,4.599243548835383e-06,1.473601298150917e-09,1.635286661291769e-10,5.423893333441327e-12
78,3.973711097020603e-06,1.189360888984369e-09,1.346270302205512e-10,4.45734112309142e-12
79,3.464490945045482e-06,9.618710381322899e-10,1.111646471834128e-10,3.667351599146715e-12
80,3.093050022413343e-06,7.762216948644084e-10,9.174455521730969e-11,3.013542469229724e-12
81,2.766198712437857e-06,6.309608109200345e-10,7.627600681805053e-11,2.492043908551926e-12
82,2.472250309241269e-06,5.165586974041656e-10,6.376873819381319e-11,2.068849030569965e-12
83,2.211858933470835e-06,4.259794005034514e-10,5.361798545135366e-11,1.723032423917927e-12
84,1.990793145231619e-06,3.543110589825426e-10,4.539120242791514e-11,1.439381426272248e-12
85,1.797447359718398e-06,2.973693472479114e-10,3.870122684841439e-11,1.2060365153815e-12
86,1.626501857147178e-06,2.522968747444185e-10,3.32149640389513e-11,1.013551388372386e-12
87,1.473866097417804e-06,2.162149268495333e-10,2.875367414176422e-11,8.54390348588973e-13
88,1.338684521688801e-06,1.871929409555982e-10,2.508385152940881e-11,7.224214651252119e-13
89,1.221605043761989e-06,1.637725300825992e-10,2.202919231751316e-11,6.126341410816312e-13
90,1.118301326340174e-06,1.446779241956799e-10,1.94626745795837e-11,5.210139784409349e-13
91,1.024305254290555e-06,1.286500533485181e-10,1.730045093425768e-11,4.443074480559605e-13
92,9.403178159453561e-07,1.147094564581469e-10,1.545851439422087e-11,3.798751824836075e-13
93,8.647713868285553e-07,1.024183929489986e-10,1.385911349491663e-11,3.255874290163634e-13
94,7.965915598757063e-07,9.163369189095305e-11,1.244516600703073e-11,2.797054711241034e-13
95,7.33222650763261e-07,8.199044295723569e-11,1.119022810538355e-11,2.408123656029725e-13
96,6.735751358691004e-07,7.333365506404008e-11,1.006356911384718e-11,2.077510465179999e-13
97,6.175345026197158e-07,6.571883909257168e-11,9.059158684093373e-12,1.795659780107327e-13
98,5.659887085490443e-07,5.901107700243979e-11,8.165673093511162e-12,1.554707808663007e-13
99,5.203559225423509e-07,5.306731500848683e-11,7.367660348429734e-12,1.348193013803149e-13
100,4.800706569796972e-07,4.787889018997469e-11,6.682172046191651e-12,1.170798582834735e-13
101,4.455939962900232e-07,4.32834414730173e-11,6.097130119930572e-12,1.018109947531484e-13
102,4.143262354525464e-07,3.920877093717378e-11,5.581693333167354e-12,8.863417918444e-14
103,3.860817501590802e-07,3.558865638665328e-11,5.120284021032186e-12,7.724876323678276e-14
104,3.603842867840921e-07,3.237796235794166e-11,4.699382815623348e-12,6.738828352286318e-14
105,3.361061009718932e-07,2.952668864363016e-11,4.317853313701887e-12,5.883539642961774e-14
106,3.13345051572693e-07,2.698330108150023e-11,3.973002645830333e-12,5.140302555470032e-14
107,2.926468200027218e-07,2.476644160327502e-11,3.662452425194875e-12,4.494929387543412e-14
108,2.74092726591195e-07,2.276467315014924e-11,3.376857366090033e-12,3.934206926032232e-14
109,2.593942413307225e-07,2.104037110710298e-11,3.127137657091652e-12,3.446710622728265e-14
110,2.474696077194215e-07,1.947957451720468e-11,2.916683420173553e-12,3.023935916942109e-14
111,2.368793503780252e-07,1.80922472557167e-11,2.738373749133153e-12,2.656976741463782e-14
112,2.270682332063081e-07,1.687768787309078e-11,2.579239141136484e-12,2.338506084474125e-14
113,2.178594294951636e-07,1.579534364705225e-11,2.434212339773745e-12,2.061893326159625e-14
114,2.091783749128028e-07,1.482520711722512e-11,2.29866441070061e-12,1.820590076785389e-14
115,2.0077984507855e-07,1.394642827822019e-11,2.172102080084478e-12,1.610455868662044e-14
116,1.927277490905423e-07,1.313606513514995e-11,2.053770999386523e-12,1.426192230144123e-14
117,1.848419026571371e-07,1.237764209447473e-11,1.942320756254411e-12,1.265052819658325e-14
118,1.77188555355848e-07,1.167541116152194e-11,1.834390614900057e-12,1.123468689456491e-14
119,1.695027602315322e-07,1.102171211238648e-11,1.731331737595521e-12,9.98813331106665e-15
120,1.619548509834138e-07,1.040446336866145e-11,1.631453657679104e-12,8.887789339872152e-15
121,1.545984483853007e-07,9.817710428462187e-12,1.535035345553209e-12,7.91833368179495e-15
122,1.474485000923902e-07,9.264783633366402e-12,1.442599415815495e-12,7.063179842059568e-15
123,1.404535356146999e-07,8.739705197215881e-12,1.354241424346039e-12,6.29485998482586e-15
124,1.338414984705132e-07,8.238862312953509e-12,1.269435564911596e-12,5.61833395326093e-15
125,1.272525205460982e-07,7.763810770073386e-12,1.189108198954043e-12,5.014990039551936e-15
126,1.207610024932005e-07,7.323064982775932e-12,1.113423159000715e-12,4.470693542547993e-15
127,1.144915968886162e-07,6.91086718406167e-12,1.043745625339275e-12,3.992930999777011e-15
128,1.083742862143909e-07,6.539319018352252e-12,9.78923219498498e-13,3.557050425176796e-15
129,1.02524172258519e-07,6.189982602369566e-12,9.18096494209912e-13,3.171780085110138e-15
130,9.721136666014614e-08,5.86706337347787e-12,8.620401808018196e-13,2.824155240783201e-15
131,9.227436646816714e-08,5.562818731429677e-12,8.12468966096605e-13,2.512308034997056e-15
132,8.788047435366287e-08,5.279184875966764e-12,7.68357755487183e-13,2.233375443368615e-15
133,8.371296664135938e-08,5.015314538164486e-12,7.275089091641774e-13,1.981839724758335e-15
134,7.970896935505981e-08,4.766975236205058e-12,6.889320562045589e-13,1.764082309373652e-15
135,7.585991857926092e-08,4.530634647072995e-12,6.5264166167692e-13,1.56298837900621e-15
136,7.221038291135869e-08,4.30794124264836e-12,6.184800948103475e-13,1.387436885512648e-15
137,6.87370535281863e-08,4.096189417052638e-12,5.861365488663195e-13,1.232161632071183e-15
138,6.542043241481308e-08,3.896082747521592e-12,5.56358781623746e-13,1.097537765287299e-15
139,6.225616136147982e-08,3.716406647603909e-12,5.287775723435267e-13,9.79780065555555e-16
140,5.923380840110195e-08,3.544303909125298e-12,5.025924199057746e-13,8.834958121702149e-16
141,5.658754400595375e-08,3.390559606617011e-12,4.792485890826796e-13,8.009633982329689e-16
142,5.429237869214751e-08,3.246093359500129e-12,4.592725915848937e-13,7.291118131964093e-16
143,5.222719678519875e-08,3.11349558348121e-12,4.422567260565893e-13,6.707660685163846e-16
144,5.028171739685856e-08,2.98977334514416e-12,4.26310543864999e-13,6.1887593148957e-16
145,4.843664883438081e-08,2.872597132536042e-12,4.109735938995784e-13,5.806687605944573e-16
146,4.667028993920586e-08,2.760904273923559e-12,3.960809543724874e-13,5.39945101769296e-16
147,4.494432272034732e-08,2.654459180348315e-12,3.814665009805669e-13,5.100761829961196e-16
148,4.328945964529878e-08,2.550838317698412e-12,3.671190190030977e-13,4.877517453460887e-16
149,4.167276752070663e-08,2.450142750439759e-12,3.531361907917141e-13,4.731661931976705e-16
150,4.009533351309742e-08,2.352755585808399e-12,3.393141781820061e-13,4.547198777828926e-16
151,3.855406153794741e-08,2.258230846897715e-12,3.257933417842846e-13,4.390445681429648e-16
152,3.704781444939421e-08,2.166248860035613e-12,3.124956202189959e-13,4.296394627246187e-16
153,3.55826176901518e-08,2.076903610103109e-12,2.994969558188421e-13,4.188407374935767e-16
154,3.414166781911434e-08,1.99037312325763e-12,2.868103805261636e-13,4.095814956332734e-16
155,3.273654328931667e-08,1.907135850148688e-12,2.744729096160273e-13,4.029716663999916e-16
156,3.139815890614931e-08,1.827011428062865e-12,2.625480427781617e-13,3.932430894548501e-16
157,3.009637650315421e-08,1.750117419141707e-12,2.509970363131347e-13,3.86923701488109e-16
158,2.882631832578671e-08,1.677278021854837e-12,2.399463648705771e-13,3.820969437492187e-16
159,2.759258119524765e-08,1.608450241650178e-12,2.294103718632071e-13,3.741074783170641e-16
160,2.640340565627809e-08,1.542180464199677e-12,2.192397426740091e-13,3.659518971964887e-16
161,2.529691523038752e-08,1.479825279257403e-12,2.096007484691732e-13,3.567321148441632e-16
162,2.424684311295179e-08,1.419939244846318e-12,2.005667626147762e-13,3.486329503724818e-16
163,2.325261335432401e-08,1.362664130034666e-12,1.921045239718067e-13,3.384806860014275e-16
164,2.229982494003424e-08,1.307897161135719e-12,1.840302863409411e-13,3.300936519622936e-16
165,2.138228415144483e-08,1.255364261227177e-12,1.763018894937554e-13,3.202725742153118e-16
166,2.049912800813942e-08,1.204772261899194e-12,1.688665969244858e-13,3.090549834941451e-16
167,1.964762480075788e-08,1.156094271952328e-12,1.617561996948631e-13,3.003693912631956e-16
168,1.882844786331499e-08,1.109395388268832e-12,1.54952806121802e-13,2.912049808069958e-16
169,1.804185685323916e-08,1.064592673562397e-12,1.484761600738899e-13,2.810552077694252e-16
170,1.728784582322779e-08,1.021619291226292e-12,1.42330347812365e-13,2.726392421154612e-16
171,1.656407045919625e-08,9.81852202078425e-13,1.365389978592492e-13,2.638425042642424e-16
172,1.586909646885382e-08,9.435005659911831e-13,1.309881002493319e-13,2.557838440532878e-16
173,1.522535172226547e-08,9.075688066823671e-13,1.25772972150957e-13,2.471889845810242e-16
174,1.463673211671453e-08,8.733441355078029e-13,1.210265481137046e-13,2.369334504181615e-16
175,1.409121458968514e-08,8.409180144778125e-13,1.166852156475375e-13,2.318034732828277e-16
176,1.357560395581361e-08,8.101470445708957e-13,1.125411185807582e-13,2.237836296550815e-16
177,1.307811199317825e-08,7.807700032447276e-13,1.085410353312014e-13,2.176963375316289e-16
178,1.259894085112707e-08,7.525455116526097e-13,1.046740764856548e-13,2.132706041203379e-16
179,1.21359892610459e-08,7.253369798737141e-13,1.009112667870053e-13,2.121222601088318e-16
180,1.169224734613243e-08,6.989528770771862e-13,9.725046359006778e-14,2.065935892481702e-16
181,1.126353963283072e-08,6.733745964126781e-13,9.369993071692625e-14,2.047912300105652e-16
182,1.084778043734845e-08,6.486094090640577e-13,9.023793348709845e-14,2.019204905301805e-16
183,1.044389445484771e-08,6.246244339202247e-13,8.68770630409648e-14,1.969853999668818e-16
184,1.005242317309586e-08,6.013774054013599e-13,8.361678436614836e-14,1.958302248796518e-16
185,9.67475652186897e-09,5.788622970583458e-13,8.044002338041636e-14,1.914825264627704e-16
186,9.307828406911218e-09,5.570681023125357e-13,7.735698567833792e-14,1.842803224160323e-16
187,8.952122814545012e-09,5.359819336207844e-13,7.436835257759472e-14,1.812654070551325e-16
188,8.611105713769822e-09,5.155809411379903e-13,7.147494890052407e-14,1.794005233832781e-16
189,8.28158105276909e-09,4.95950965913153e-13,6.868287210332494e-14,1.84880814154728e-16
190,7.962517043354597e-09,4.771278662781776e-13,6.59866836381353e-14,1.834368854784859e-16
191,7.65452377586377e-09,4.589890710839464e-13,6.338430338740426e-14,1.829755869533233e-16
192,7.360089268702464e-09,4.415774850723987e-13,6.089487077137817e-14,1.802810892265399e-16
193,7.078212486356508e-09,4.248055520049735e-13,5.851484334138829e-14,1.798618219084622e-16
194,6.808024467828387e-09,4.086534609713875e-13,5.623223529611663e-14,1.761351888230182e-16
195,6.54733317279842e-09,3.93091448295537e-13,5.403515266313895e-14,1.782235692193562e-16
196,6.295682836848049e-09,3.780856400330176e-13,5.192139850312767e-14,1.770545712494862e-16
197,6.052734350220382e-09,3.636276716278342e-13,4.989133989853476e-14,1.766448674374184e-16
198,5.818845422292332e-09,3.496892958528822e-13,4.793606382697269e-14,1.75816298135249e-16
199,5.593576783534584e-09,3.36262190327527e-13,4.605755705945527e-14,1.72698514810547e-16
200,5.376540410537863e-09,3.23345905379143e-13,4.42564665211207e-14,1.70810405481238e-16
201,5.167770760778948e-09,3.109181413412086e-13,4.25263192217988e-14,1.693335269103388e-16
202,4.966608177316598e-09,2.989535918626162e-13,4.087036286185982e-14,1.669584824305105e-16
203,4.773118484735793e-09,2.876185488184406e-13,3.929147522496776e-14,1.666008555251145e-16
204,4.587140518834526e-09,2.767060013681126e-13,3.777331735257988e-14,1.668145476467921e-16
205,4.410569114842843e-09,2.662995272483952e-13,3.632337733136919e-14,1.712410043484675e-16
206,4.244272221795775e-09,2.563336219148352e-13,3.496169801943008e-14,1.740204485109893e-16
207,4.087038281543917e-09,2.468029094122e-13,3.367750614309153e-14,1.690594802255406e-16
208,3.936465182188694e-09,2.376799075717249e-13,3.244809206102552e-14,1.750383591590328e-16
209,3.791407904724701e-09,2.289181306934289e-13,3.12649011366604e-14,1.683479232321957e-16
210,3.651773467294912e-09,2.204892568375879e-13,3.012489653020692e-14,1.750750058711398e-16
211,3.517140017007266e-09,2.123721954547047e-13,2.902457972483862e-14,1.722543341575052e-16
212,3.38776568991354e-09,2.045400707143183e-13,2.796132638217641e-14,1.705175532468166e-16
213,3.26316539418e-09,1.969806716041009e-13,2.693590050318107e-14,1.732818886771548e-16
214,3.14282105175982e-09,1.896906046547923e-13,2.594433984806016e-14,1.735683920294588e-16
215,3.026573276915461e-09,1.826557966999296e-13,2.498728361954996e-14,1.724441576969611e-16
216,2.914318024929866e-09,1.758684153758606e-13,2.406185505011031e-14,1.729823660981877e-16
217,2.806191409103838e-09,1.693227110118844e-13,2.316724787616994e-14,1.713883144872724e-16
218,2.701762567988755e-09,1.630105667802439e-13,2.230311025043533e-14,1.705537981309455e-16
219,2.600916340897225e-09,1.569246742066787e-13,2.146872138915972e-14,1.738368131225069e-16
220,2.503930824894809e-09,1.510686248898044e-13,2.066395985777366e-14,1.705807206058487e-16
221,2.410472222612237e-09,1.454268452742733e-13,1.988740272847969e-14,1.725332831437292e-16
222,2.320405804227379e-09,1.400008294427421e-13,1.913804515394998e-14,1.723109115376095e-16
223,2.233717739829661e-09,1.347820076679631e-13,1.841839347664504e-14,1.718832058318733e-16
224,2.150341704702294e-09,1.297564086815467e-13,1.7726587844687e-14,1.731203538277643e-16
225,2.070047091400546e-09,1.249198873553983e-13,1.706030625495775e-14,1.711576652246986e-16
226,1.992721346155278e-09,1.202603938508423e-13,1.641817818257941e-14,1.706147956188642e-16
227,1.918154041259512e-09,1.157706473203344e-13,1.579950068718703e-14,1.705241432257665e-16
228,1.846252070205059e-09,1.114454692457368e-13,1.520387302707651e-14,1.70999344999166e-16
229,1.776985612615744e-09,1.072789741039535e-13,1.463075036347692e-14,1.719991733879449e-16
230,1.710258081013686e-09,1.032656184489787e-13,1.407882526420631e-14,1.712980639221712e-16
231,1.645993211759986e-09,9.940036433629805e-14,1.354784208676195e-14,1.701135553921337e-16
232,1.584111963149546e-09,9.56803504486579e-14,1.303706764377069e-14,1.697961916506918e-16
233,1.524495035993218e-09,9.210018956552877e-14,1.254591577773096e-14,1.681936212865228e-16
234,1.467090637042841e-09,8.865360442709662e-14,1.207388511526053e-14,1.703965226581825e-16
235,1.411840285342214e-09,8.535445113302362e-14,1.162115906947986e-14,1.683054901971563e-16
236,1.35868531784396e-09,8.218004481552435e-14,1.118556638948575e-14,1.707186279698327e-16
237,1.307760872795706e-09,7.913365746422677e-14,1.076709597034908e-14,1.699594141776317e-16
238,1.259160157146566e-09,7.620729210122363e-14,1.036809347082108e-14,1.697099593654161e-16
239,1.21268241904404e-09,7.339605454956973e-14,9.986991170876031e-15,1.67793882808447e-16
240,1.16803192374116e-09,7.069414379049693e-14,9.620903086472196e-15,1.684187253229366e-16
241,1.125032385653368e-09,6.809531628747545e-14,9.268520831449328e-15,1.648731559268965e-16
242,1.083644166744107e-09,6.559424657449941e-14,8.929098434710685e-15,1.61874715513319e-16
243,1.043793421605681e-09,6.318518494191968e-14,8.601796646646856e-15,1.703945135182699e-16
244,1.005423399009635e-09,6.086300393043397e-14,8.286237133767886e-15,1.675523038247138e-16
245,9.684845596043248e-10,5.862414758962539e-14,7.982132921054835e-15,1.666533342598174e-16
246,9.328706125503572e-10,5.646642723088656e-14,7.688851457561647e-15,1.695684355495989e-16
247,8.9851370296082e-10,5.438637459593569e-14,7.405960997858067e-15,1.641362034049874e-16
248,8.654041164805747e-10,5.238126026154247e-14,7.13319852638709e-15,1.614019247078244e-16
249,8.33519841449036e-10,5.044848728093328e-14,6.87006203110049e-15,1.648046040728989e-16
250,8.027903584319788e-10,4.85855621221671e-14,6.616349363082125e-15,1.672260998676344e-16
251,7.731418817989376e-10,4.679153276458682e-14,6.371721360404515e-15,1.663617678749238e-16
252,7.446097857514231e-10,4.506243421209322e-14,6.135933717637879e-15,1.672284304699394e-16
253,7.171411709809634e-10,4.339712231640982e-14,5.908528836983675e-15,1.676056665809377e-16
254,6.906814414883962e-10,4.179332853548311e-14,5.689615682451937e-15,1.665684681896855e-16
255,6.651870986298026e-10,4.024889472009571e-14,5.478858096750703e-15,1.623089308323959e-16
256,6.406289437807294e-10,3.876111447743505e-14,5.275761555461705e-15,1.647498751015365e-16
257,6.169777734045591e-10,3.732814501149447e-14,5.080040149597019e-15,1.690692044627857e-16
258,5.941746607664864e-10,3.59476748841355e-14,4.891458682114895e-15,1.638338680301364e-16
259,5.72181816310213e-10,3.461773508006519e-14,4.709777204773974e-15,1.599441731489464e-16
260,5.510127086831997e-10,3.333658259160756e-14,4.534721759856285e-15,1.602831552359057e-16
261,5.306266692021531e-10,3.210246901140278e-14,4.366279702244111e-15,1.601368094842813e-16
262,5.10986243380211e-10,3.091380158032273e-14,4.204041879827576e-15,1.647960049540543e-16
263,4.920671202988124e-10,2.97690428633034e-14,4.047788080968719e-15,1.646029667907359e-16
264,4.738515115195969e-10,2.866666475671516e-14,3.897425215289066e-15,1.657857876432434e-16
265,4.562811478052976e-10,2.760526132241988e-14,3.752641797650519e-15,1.628131445862119e-16
266,4.393762792893235e-10,2.65832596933744e-14,3.613384317308602e-15,1.614832546917093e-16
267,4.230976736318788e-10,2.560098173298225e-14,3.479468813013749e-15,1.624432217445155e-16
268,4.074250821616525e-10,2.465567018862363e-14,3.35051218127227e-15,1.624523834225416e-16
269,3.92372239388009e-10,2.374613773976289e-14,3.226451250179731e-15,1.69368887772953e-16
270,3.778818973588584e-10,2.287141837748792e-14,3.107409838679362e-15,1.608247389921955e-16
271,3.639833702575548e-10,2.202962722083893e-14,2.993063648149798e-15,1.57628840307479e-16
272,3.506232517328419e-10,2.121955697947345e-14,2.883192607555125e-15,1.627406548179724e-16
273,3.377706945023196e-10,2.043960787199142e-14,2.777321966283307e-15,1.652585893287697e-16
274,3.253685630664365e-10,1.968858324186576e-14,2.675374380536535e-15,1.5915474189238e-16
275,3.134305869546509e-10,1.896525209636513e-14,2.577150775137718e-15,1.599449768049161e-16
276,3.019298279395029e-10,1.826840796996981e-14,2.48249875067289e-15,1.576985172798356e-16
277,2.908734103919945e-10,1.75969071217379e-14,2.391348327167022e-15,1.62175363210654e-16
278,2.802095607855416e-10,1.694992982484862e-14,2.303472052277707e-15,1.605124382833484e-16
279,2.699358515758031e-10,1.632678199299035e-14,2.218801429767586e-15,1.596870032394497e-16
280,2.600394337827349e-10,1.572634173962985e-14,2.137278236609465e-15,1.610300730918143e-16
281,2.504926453016515e-10,1.514784733430031e-14,2.05862924771501e-15,1.568887535272971e-16
282,2.413178330647813e-10,1.459052999135613e-14,1.982914749225588e-15,1.650924736403531e-16
283,2.324834070054457e-10,1.405361019602098e-14,1.909878035411531e-15,1.647833875553728e-16
284,2.239427146677312e-10,1.353643178419342e-14,1.839559055458565e-15,1.577061520115243e-16
285,2.157132987143352e-10,1.303815420098644e-14,1.771807336614402e-15,1.56215530923584e-16
286,2.078162901309995e-10,1.255823539115351e-14,1.706582660659195e-15,1.573555169130404e-16
287,2.002182267613426e-10,1.209600688807711e-14,1.643668273024801e-15,1.615251251676019e-16
288,1.928697887655918e-10,1.165074015047744e-14,1.583086909420868e-15,1.575299102579205e-16
289,1.858076499829064e-10,1.122180772880141e-14,1.524733056190039e-15,1.61846346457688e-16
290,1.789910305394666e-10,1.080853455795434e-14,1.468555309502919e-15,1.602995498176409e-16
291,1.72463433462213e-10,1.041056414615412e-14,1.414367371142926e-15,1.666823462402427e-16
292,1.661096718814007e-10,1.002702318253112e-14,1.362261805851994e-15,1.584841713533604e-16
293,1.600178922144333e-10,9.657736622427852e-15,1.311992418314945e-15,1.595256291212394e-16
294,1.541438530184663e-10,9.301855842645795e-15,1.263646184810729e-15,1.566455672316277e-16
295,1.485110673913411e-10,8.959229795606365e-15,1.217066399965967e-15,1.620602796761542e-16
296,1.430845635312466e-10,8.629121775341821e-15,1.172196400573907e-15,1.632062930853642e-16
297,1.37833497098301e-10,8.311406095907157e-15,1.128989218146754e-15,1.571926962140893e-16
298,1.327998654345344e-10,8.005279737681803e-15,1.087381375593571e-15,1.595798758990248e-16
299,1.279200989337054e-10,7.710647427487069e-15,1.047349464073513e-15,1.574514734355241e-16
300,1.232359109756296e-10,7.42681700517063e-15,1.008780167950386e-15,1.560048926945855e-16
301,1.187419290015986e-10,7.153650842740726e-15,9.716651554310442e-16,1.576446723300366e-16
302,1.144110138395544e-10,6.890688938998788e-15,9.35943818795668e-16,1.574877183196447e-16
303,1.102409171983985e-10,6.637420414325845e-15,9.01579999405532e-16,1.577636937787771e-16
304,1.062452007160144e-10,6.393485965166127e-15,8.685210192936242e-16,1.610413242753569e-16
305,1.023778096426003e-10,6.15870265009683e-15,8.366329493910078e-16,1.572131894412534e-16
306,9.864612960487241e-11,5.93245525702274e-15,8.05952778791099e-16,1.573740010002879e-16
307,9.50727553692538e-11,5.714568581600045e-15,7.764672904503523e-16,1.595422647997612e-16
308,9.160024894946179e-11,5.50469479130788e-15,7.479649793816333e-16,1.568509013312449e-16
309,8.82820453468294e-11,5.30253637055869e-15,7.20574880634199e-16,1.56642272242163e-16
310,8.507688871238126e-11,5.107824984728822e-15,6.941103929248398e-16,1.572663914662818e-16
311,8.200094543993773e-11,4.920188182241011e-15,6.686649809192297e-16,1.600724366413156e-16
312,7.901849530843014e-11,4.739483751822294e-15,6.441517056306086e-16,1.585557771000378e-16
313,7.615638088750376e-11,4.565392221641974e-15,6.205135673411418e-16,1.559533783470894e-16
314,7.340012075399248e-11,4.39774219218083e-15,5.977503119995605e-16,1.575778081535669e-16
315,7.074090980881727e-11,4.236162941757854e-15,5.758377769568183e-16,1.568202820388955e-16
316,6.819841781725528e-11,4.08053529586217e-15,5.547511739653892e-16,1.599553439668961e-16
317,6.572148824172422e-11,3.930611260853245e-15,5.344120093626098e-16,1.566309406930258e-16
318,6.336126866256228e-11,3.78608680726236e-15,5.148446244228474e-16,1.5823463617555e-16
319,6.106918462511021e-11,3.647011055634655e-15,4.959199412617502e-16,1.558530820823848e-16
320,5.885625308229414e-11,3.513083591673363e-15,4.777388316521785e-16,1.565462353540845e-16
321,5.674565873988396e-11,3.384016795472128e-15,4.6022295418813e-16,1.580547779700933e-16
322,5.469498653242606e-11,3.259715116403411e-15,4.433681979035264e-16,1.555864290324719e-16
323,5.273175593260109e-11,3.13993751048578e-15,4.271662411267612e-16,1.56082525861017e-16
324,5.083394494731328e-11,3.024533209059965e-15,4.114868982593774e-16,1.555898043875339e-16
325,4.901169196650563e-11,2.913604532920249e-15,3.964100887812659e-16,1.570363851284726e-16
326,4.726654900464438e-11,2.806549103825773e-15,3.819148165934293e-16,1.593669070677216e-16
327,4.556441983774384e-11,2.703483126622244e-15,3.678741409365913e-16,1.566627654693269e-16
328,4.392505398226671e-11,2.604168191595206e-15,3.544707540403031e-16,1.556084492059728e-16
329,4.235855528846572e-11,2.508610480615574e-15,3.414630812953687e-16,1.585975672103322e-16
330,4.084905426239017e-11,2.416494234074586e-15,3.289827570361389e-16,1.567886983593852e-16
331,3.939539204942043e-11,2.327794796251811e-15,3.169930538280477e-16,1.580624127017815e-16
332,3.797997617020972e-11,2.242504694509508e-15,3.054240257911422e-16,1.560216891043006e-16
333,3.663374502052968e-11,2.160254793194373e-15,2.942127384374511e-16,1.558118545312677e-16
334,3.533565767381661e-11,2.081003085014089e-15,2.835025933864934e-16,1.589665256648679e-16
335,3.40884065710248e-11,2.004695710503125e-15,2.731640178672266e-16,1.581511363205591e-16
336,3.28804619722524e-11,1.931251349856438e-15,2.632185277520093e-16,1.564408760567861e-16
337,3.170730491416704e-11,1.860439446397162e-15,2.536570816295848e-16,1.564324376691306e-16
338,3.058183763813323e-11,1.792330861604655e-15,2.444312552280624e-16,1.564095334740658e-16
339,2.950999943943167e-11,1.726674573172727e-15,2.355478329170526e-16,1.558077558858352e-16
340,2.84805998140976e-11,1.663412715863185e-15,2.269873604912753e-16,1.558014070036942e-16
341,2.747127690499811e-11,1.60244440958312e-15,2.187022908809067e-16,1.560477275576372e-16
342,2.651397921865679e-11,1.5437788408556e-15,2.10816488944522e-16,1.557016732981661e-16
343,2.558948631368204e-11,1.487206603308491e-15,2.031511956607635e-16,1.589015902627189e-16
344,2.469038984546669e-11,1.432866967349491e-15,1.957971366374814e-16,1.563449195343034e-16
345,2.383806962749656e-11,1.380437336183537e-15,1.887023709962867e-16,1.564117033451768e-16
346,2.300767440595087e-11,1.329729531567695e-15,1.81844292495061e-16,1.564346879058384e-16
347,2.22039357829585e-11,1.281152494831968e-15,1.752761892923943e-16,1.556561060048266e-16
348,2.143148457653725e-11,1.23434803091059e-15,1.689526117652871e-16,1.553992575577134e-16
349,2.06981620408364e-11,1.189113428800003e-15,1.628406266716327e-16,1.561135469813502e-16
350,1.997995582561209e-11,1.145686972026172e-15,1.569516706656535e-16,1.568354711366753e-16
351,1.929896949614642e-11,1.103783921551062e-15,1.513284322917497e-16,1.552637611616455e-16
352,1.86427844264804e-11,1.063395409677569e-15,1.458718212512857e-16,1.560547997301486e-16
353,1.799540838905533e-11,1.024558659563233e-15,1.406468459477304e-16,1.556920294265599e-16
354,1.738077227423081e-11,9.870817605350577e-16,1.355566220871422e-16,1.564166860121733e-16
355,1.679222368699352e-11,9.510597757100633e-16,1.307113648301823e-16,1.55349350522151e-16
356,1.62181819164558e-11,9.163539925688887e-16,1.260202569189963e-16,1.560202425235596e-16
357,1.568251432236214e-11,8.828921941238527e-16,1.215115025198066e-16,1.558435989419715e-16
358,1.514968393627035e-11,8.506613167699607e-16,1.171447009400355e-16,1.563492592765263e-16
359,1.463812207271071e-11,8.197610288913281e-16,1.130058945700159e-16,1.551750375428678e-16
360,1.415375799513375e-11,7.897338016615765e-16,1.089517877264717e-16,1.560460398801063e-16
361,1.368388222298378e-11,7.609063901186322e-16,1.050532704938087e-16,1.562217190745337e-16
362,1.322861555897096e-11,7.332455961254085e-16,1.01347763806628e-16,1.552148988788404e-16
363,1.278049151899136e-11,7.064989113562422e-16,9.772011803862887e-17,1.558685122769545e-16
364,1.236631680573422e-11,6.807077231777464e-16,9.430729166191169e-17,1.554965802953398e-16
365,1.195388788660467e-11,6.560335925787456e-16,9.095625237645711e-17,1.557037628036809e-16
366,1.157428137991907e-11,6.321180250219508e-16,8.771893004279822e-17,1.553429212744134e-16
367,1.119376272741596e-11,6.09166831889031e-16,8.463248243745322e-17,1.556524895529743e-16
368,1.083395815870303e-11,5.870418579941466e-16,8.1667992055866e-17,1.551013422906768e-16
369,1.048089143658896e-11,5.656945289917075e-16,7.88022590963721e-17,1.552379638050988e-16
370,1.014271258141855e-11,5.45207154908298e-16,7.601887569466821e-17,1.551408017986659e-16
371,9.815641779434706e-12,5.253659965652309e-16,7.3402732522668e-17,1.554490038620825e-16
372,9.511418604606101e-12,5.062953502613722e-16,7.083088187675222e-17,1.558317048336575e-16
373,9.217201381418139e-12,4.879917994336736e-16,6.834068826894183e-17,1.565955798304699e-16
374,8.931258487902885e-12,4.702649758536645e-16,6.599965986213449e-17,1.555050186829955e-16
375,8.642467949088987e-12,4.531977871437682e-16,6.376187529140338e-17,1.552788698938287e-16
376,8.365220623404731e-12,4.369515637038878e-16,6.150989059337095e-17,1.554330111083354e-16
377,8.111248379966807e-12,4.212388543764608e-16,5.938925296575687e-17,1.553540117267607e-16
378,7.875436247424213e-12,4.059542613395789e-16,5.734884829334906e-17,1.564025416671511e-16
379,7.630919317786281e-12,3.912302552459245e-16,5.539786724024393e-17,1.554400029152499e-16
380,7.396158438494311e-12,3.771702032254225e-16,5.35007670473516e-17,1.547937027864372e-16
381,7.165978673824938e-12,3.635390836739093e-16,5.169276340582266e-17,1.556571507575841e-16
382,6.95078210116628e-12,3.505122449646427e-16,4.991538654139185e-17,1.548086507874268e-16
383,6.746314713257231e-12,3.379358589291785e-16,4.82273868679203e-17,1.558057467459171e-16
384,6.542331919705922e-12,3.25821272284577e-16,4.660884573768443e-17,1.555536398690102e-16
385,6.363266705883676e-12,3.140499746861207e-16,4.504119761524838e-17,1.548915077176438e-16
386,6.167696610238569e-12,3.028573959516734e-16,4.352836193077491e-17,1.557332569776766e-16
387,6.001062643516863e-12,2.920525189822849e-16,4.208782907110754e-17,1.556430064125614e-16
388,5.825791713519218e-12,2.815488403439841e-16,4.070005378937354e-17,1.546029952254234e-16
389,5.657478363973908e-12,2.714979000552413e-16,3.934198129143258e-17,1.550421932114917e-16
390,5.500409973032097e-12,2.617662971432555e-16,3.804616899109845e-17,1.553010507985229e-16
391,5.344942141807213e-12,2.524199171383828e-16,3.681305267894011e-17,1.551843599520871e-16
392,5.197289350995383e-12,2.43445551578329e-16,3.563159987251414e-17,1.563334272539727e-16
393,5.058830232577603e-12,2.348493020983008e-16,3.444590699553272e-17,1.550290936192265e-16
394,4.921907125812078e-12,2.2655861214711e-16,3.334994365745642e-17,1.557573666566924e-16
395,4.79038885996264e-12,2.185668661131949e-16,3.223767206495095e-17,1.558202929189232e-16
396,4.658383144703638e-12,2.108816692774963e-16,3.123310561081708e-17,1.554771318209338e-16
397,4.544365601614651e-12,2.034493271143776e-16,3.025972571649739e-17,1.551330867013806e-16
398,4.417844210495577e-12,1.962228899340265e-16,2.92447128216234e-17,1.55321624391283e-16
399,4.317326044821147e-12,1.892969272887139e-16,2.836301529278648e-17,1.555381293088434e-16
400,4.216637054139466e-12,1.826244453482981e-16,2.746979438695921e-17,1.562237282144516e-16
401,4.101489361406211e-12,1.762941862431033e-16,2.663896422477248e-17,1.543344134011891e-16
402,3.991172617098748e-12,1.702119141770846e-16,2.582013816932364e-17,1.555229402110636e-16
403,3.896997933317445e-12,1.642915612414838e-16,2.505560730258612e-17,1.549018748796206e-16
404,3.805935259215679e-12,1.58530880994169e-16,2.425723957662399e-17,1.552598232474062e-16
405,3.718906600580812e-12,1.53016759568325e-16,2.353777483595504e-17,1.543397978961692e-16
406,3.627404462362959e-12,1.477415735809463e-16,2.282111898676598e-17,1.547309372553996e-16
407,3.544046785386129e-12,1.426197661774885e-16,2.214285554359928e-17,1.546846466716895e-16
408,3.460560657048274e-12,1.376594982129215e-16,2.15089569388523e-17,1.545874846652565e-16
409,3.384954997299825e-12,1.330731331641564e-16,2.087534151170514e-17,1.543873743294267e-16
410,3.305213761311926e-12,1.285047565751224e-16,2.024411971711359e-17,1.546114336130786e-16
411,3.234545818696085e-12,1.240852621371857e-16,1.968239094839097e-17,1.546094244731607e-16
412,3.160975904511945e-12,1.198968596811864e-16,1.910869815736952e-17,1.544516668068016e-16
413,3.102819253046166e-12,1.158503766961207e-16,1.855855637909756e-17,1.554468339909707e-16
414,3.039552732826162e-12,1.119147743931063e-16,1.807067428179126e-17,1.531773899052282e-16
415,2.969234910698477e-12,1.080974011948113e-16,1.753725288268308e-17,1.540301492520115e-16
416,2.910089413492751e-12,1.045554967994435e-16,1.708320184614924e-17,1.548580756294087e-16
417,2.849703603570198e-12,1.008991070318448e-16,1.658578123159454e-17,1.53599871847179e-16
418,2.800307002128667e-12,9.76073157301252e-17,1.616161439884742e-17,1.527548275976808e-16
419,2.74390856536155e-12,9.435270743174301e-17,1.572439931960989e-17,1.547490195146613e-16
420,2.698442078024365e-12,8.875201294042371e-17,1.548956381796372e-17,1.535245692830535e-16
421,2.649008949175645e-12,8.491204077887222e-17,1.528058679970229e-17,1.544420229351955e-16
422,2.611029414651776e-12,8.194753862133223e-17,1.486210295363399e-17,1.537798104182324e-16
423,2.57108824312031e-12,7.939423145621959e-17,1.453489034790866e-17,1.539390146653324e-16
424,2.520071134161151e-12,7.714596190931861e-17,1.421955910803702e-17,1.5306198490834e-16
425,2.483747410562847e-12,7.500794232909127e-17,1.389510508988648e-17,1.541255432153168e-16
426,2.438569632157666e-12,7.294034687940932e-17,1.354681582301613e-17,1.532913483213756e-16
427,2.391616399096349e-12,7.08833276793215e-17,1.325727787586258e-17,1.52968841181743e-16
428,2.35409874785342e-12,6.895619902096741e-17,1.286601646386688e-17,1.528741705088082e-16
429,2.325327214762134e-12,6.707769517008004e-17,1.265218324375048e-17,1.522083415399928e-16
430,2.277460361893315e-12,6.519942480712426e-17,1.231941357525392e-17,1.525284377117239e-16
431,2.236446535462765e-12,6.3361120343238e-17,1.204383214988476e-17,1.523050213528456e-16
432,2.21743276240152e-12,6.155785061098438e-17,1.168652600595737e-17,1.525310094108188e-16
433,2.178674627333061e-12,5.979268461440695e-17,1.149301322705749e-17,1.524221140272648e-16
434,2.150794757387321e-12,5.81132571650341e-17,1.121738668716834e-17,1.528766618423064e-16
435,2.121661745680719e-12,5.652868977037574e-17,1.094585094033852e-17,1.50887291861129e-16
436,2.075663775274459e-12,5.494058940380369e-17,1.078663894208005e-17,1.536489752267742e-16
437,2.075789210696385e-12,5.334954562567282e-17,1.054970957853132e-17,1.523040569656849e-16
438,2.029738551620106e-12,5.18421193525796e-17,1.031292488308889e-17,1.518958800999501e-16
439,2.006267736567984e-12,5.033521062268148e-17,1.01094823083858e-17,1.504533980044441e-16
440,1.970051454286514e-12,4.896960670451216e-17,9.918878987635916e-18,1.510240741067444e-16
441,1.949162746191129e-12,4.759303697951438e-17,9.560989574157325e-18,1.519617798892595e-16
442,1.929124036948779e-12,4.628222971758405e-17,9.50855102115568e-18,1.522018319266586e-16
443,1.909352768904036e-12,4.504699505887567e-17,9.21145587797642e-18,1.507939874033385e-16
444,1.886885409235304e-12,4.375799612241823e-17,9.153435172288606e-18,1.518183272991165e-16
445,1.858036179983135e-12,4.253304618204904e-17,9.03302189013795e-18,1.524739498371485e-16
446,1.857638906529677e-12,4.141077010877932e-17,8.741040889161669e-18,1.506184689401046e-16
447,1.831251605164755e-12,4.028817886132345e-17,8.579006957267226e-18,1.516389512872401e-16
448,1.808741326489871e-12,3.928046401618351e-17,8.45781137201966e-18,1.52412630886852e-16
449,1.789894613877415e-12,3.823176449506868e-17,8.285178733107045e-18,1.500780103021706e-16
450,1.779217321060927e-12,3.725590324888225e-17,8.360366087410762e-18,1.508447784604648e-16
451,1.755572549303118e-12,3.625460443188096e-17,8.137064194628208e-18,1.506035209391149e-16
452,1.750519090720443e-12,3.533148941421418e-17,8.022941933637057e-18,1.507188455704064e-16
453,1.724670758401079e-12,3.437171236949819e-17,7.822371590805044e-18,1.51478059362609e-16
454,1.714256401721394e-12,3.359781605325854e-17,7.839364273758644e-18,1.517566065208365e-16
455,1.698956518768875e-12,3.281392398033671e-17,7.526866532874066e-18,1.506629111150902e-16
456,1.687902572709228e-12,3.205677740941568e-17,7.488910572307176e-18,1.524456611471036e-16
457,1.672791942578252e-12,3.121359396022696e-17,7.375469401747455e-18,1.503423327497788e-16
458,1.649570203707758e-12,3.052478905154123e-17,7.335197266920932e-18,1.508870507643389e-16
459,1.650034099407412e-12,2.970809709719073e-17,7.222212700867528e-18,1.498190723495426e-16
460,1.622010436038472e-12,2.908763228548821e-17,6.995078327343503e-18,1.506783413096602e-16
461,1.613067005235812e-12,2.852763748587292e-17,7.091477671307174e-18,1.497931946273992e-16
462,1.603955372257582e-12,2.783517102344804e-17,6.96307864746658e-18,1.484136387941241e-16
463,1.574664623580702e-12,2.724873032131296e-17,6.726198836567628e-18,1.536675396796163e-16
464,1.604625606546351e-12,2.669399562949825e-17,6.870703444378407e-18,1.51159409771619e-16
465,1.58682895216268e-12,2.611337544059231e-17,6.643328509250399e-18,1.494700445629929e-16
466,1.557097691706789e-12,2.564325564022583e-17,6.595619614897026e-18,1.496728873291112e-16
467,1.554624879051371e-12,2.508432659608391e-17,6.431487711808994e-18,1.494128242581291e-16
468,1.539242504184441e-12,2.444029424551069e-17,6.351248353480998e-18,1.516446572446072e-16
469,1.550704933647409e-12,2.413024791519639e-17,6.358045764841707e-18,1.496686279524851e-16
470,1.530259217246448e-12,2.36031032275503e-17,6.274084420374319e-18,1.490901563873031e-16
471,1.503957010585601e-12,2.322643825272825e-17,6.384515698215136e-18,1.50344582986487e-16
472,1.516384802225656e-12,2.278580587213873e-17,6.250684784856792e-18,1.493605062546652e-16
473,1.502371849516137e-12,2.238969035858114e-17,6.137720479415636e-18,1.487698994843786e-16
474,1.480296990528844e-12,2.188115208113616e-17,6.01523344766346e-18,1.476897858644778e-16
475,1.450707870597782e-12,2.154925422653263e-17,6.040291059473661e-18,1.475375734242923e-16
476,1.451058772190065e-12,2.122111527065472e-17,5.986575133049884e-18,1.492452619889703e-16
477,1.46523902752272e-12,2.086234683526756e-17,5.993441049224226e-18,1.488231818750031e-16
478,1.459632146528657e-12,2.049756431430031e-17,5.799131589876194e-18,1.492949279277426e-16
479,1.4581743872366e-12,2.018408756291952e-17,5.882821077351304e-18,1.492279833856758e-16
480,1.46656957822569e-12,1.977509503696618e-17,5.853479272436866e-18,1.484037538257277e-16
481,1.429305314084877e-12,1.953236387388798e-17,5.673328291924186e-18,1.485873088486334e-16
482,1.421683439262526e-12,1.919795979972931e-17,5.751814413320063e-18,1.496224177343717e-16
483,1.450768181012233e-12,1.899138137914548e-17,5.619029347249108e-18,1.510230293539871e-16
484,1.457618263278518e-12,1.87060791977033e-17,5.724363392216968e-18,1.515702387020455e-16
485,1.426166501066437e-12,1.856219373348817e-17,5.68190392550092e-18,1.480620393084793e-16
486,1.405673574179592e-12,1.824824915347636e-17,5.556492865534342e-18,1.489221922901607e-16
487,1.413577578725024e-12,1.796287194783943e-17,5.554315126615076e-18,1.492264564393381e-16
488,1.416004776289047e-12,1.77508804413966e-17,5.43260130626634e-18,1.482798300755872e-16
489,1.392670636972366e-12,1.753090324238916e-17,5.31275261623566e-18,1.499368883143324e-16
490,1.384412567085691e-12,1.748132321124994e-17,5.539995612292662e-18,1.499802857365605e-16
491,1.414888990823644e-12,1.712635486693547e-17,5.526702147791437e-18,1.50364272557683e-16
492,1.403097718544415e-12,1.690096325766156e-17,5.422028772079144e-18,1.490847718923228e-16
493,1.405160549605795e-12,1.671287921615429e-17,5.269191284126594e-18,1.491878809529131e-16
494,1.394221020185628e-12,1.663061274762256e-17,5.442336084999584e-18,1.508141591681149e-16
495,1.375205632456157e-12,1.647883588246965e-17,5.339993379888311e-18,1.484948884124068e-16
496,1.366120950960724e-12,1.619817330017198e-17,5.248351085036167e-18,1.497194190096113e-16
497,1.382206369362416e-12,1.606967951324738e-17,5.334887269693465e-18,1.470278144443049e-16
498,1.355315811066661e-12,1.596805654305659e-17,5.100572674156268e-18,1.476091791709688e-16
499,1.354795132781417e-12,1.575567947163221e-17,5.091422515243744e-18,1.498683364603312e-16
500,1.361908651917546e-12,1.572876922212147e-17,5.306816483214165e-18,1.498567638144037e-16
501,1.370174700630551e-12,1.548280336101049e-17,5.0965973231218e-18,1.479070944380054e-16
502,1.359819210288041e-12,1.542358138435151e-17,5.220730093352048e-18,1.504321011213137e-16
503,1.365744357008526e-12,1.530707220896331e-17,5.148138881940904e-18,1.481854004994426e-16
504,1.344236530313556e-12,1.531909574151037e-17,5.173478919642665e-18,1.488836168037356e-16
505,1.349327383270877e-12,1.511708724897447e-17,5.123272902512695e-18,1.512120492374697e-16
506,1.371280778428719e-12,1.508768552543827e-17,5.128459534393185e-18,1.485984796665773e-16
507,1.327337402500495e-12,1.492832994838622e-17,5.013809162780542e-18,1.511604545243762e-16
508,1.348597671196463e-12,1.477682794044853e-17,4.977160869105933e-18,1.487629880430607e-16
509,1.360673487342973e-12,1.456523656256864e-17,5.083264712064528e-18,1.519961763646551e-16
510,1.35419441599161e-12,1.448656895794068e-17,4.960686925278941e-18,1.488433536397795e-16
511,1.332212076373012e-12,1.452816713073153e-17,4.908181309616497e-18,1.501880308040786e-16
512,1.347767611425853e-12,1.450856144110922e-17,5.09195994550407e-18,1.486999010496365e-16
513,1.334159936917129e-12,1.446303431349739e-17,4.95992162687557e-18,1.486536104659264e-16
514,1.328360277076443e-12,1.438891977722753e-17,4.939332500201875e-18,1.472938245694441e-16
515,1.321583422102774e-12,1.425509216071942e-17,4.994854857417356e-18,1.510883665841194e-16
516,1.337789850215264e-12,1.412157944667415e-17,4.995264163210908e-18,1.489249247204491e-16
517,1.333025639644689e-12,1.405007297440944e-17,4.944728704416081e-18,1.503526999117555e-16
518,1.336553347468762e-12,1.397735690211451e-17,5.012809287352839e-18,1.484956117027772e-16
519,1.3230818008303e-12,1.39190954791291e-17,4.930300200392415e-18,1.463650393681648e-16
520,1.305384450605216e-12,1.398047466550334e-17,4.864638884076672e-18,1.485525105452541e-16
521,1.310576904151889e-12,1.382973536435424e-17,4.941130931701991e-18,1.47440491783456e-16
522,1.310539490186173e-12,1.376485260364897e-17,4.913445456427797e-18,1.506828417830764e-16
523,1.325823350265974e-12,1.367017634565324e-17,4.91320114865386e-18,1.484441777208772e-16
524,1.31354207854812e-12,1.35830749641608e-17,4.864004634601718e-18,1.484575987755292e-16
525,1.295558746190663e-12,1.352777508741786e-17,4.822893418442491e-18,1.49489975230979e-16
526,1.342455744882303e-12,1.35612346675449e-17,4.94150679675234e-18,1.493934561493197e-16
527,1.317115179548378e-12,1.35737529926638e-17,4.862884476126833e-18,1.49164735661058e-16
528,1.304688236637547e-12,1.349312679539346e-17,4.857774432720498e-18,1.506707869435685e-16
529,1.325225766894877e-12,1.340366061463277e-17,4.887770202476787e-18,1.485188373602289e-16
530,1.29267983499808e-12,1.339219453380978e-17,4.846676199614923e-18,1.489164059671969e-16
531,1.320074606195373e-12,1.329617840568028e-17,4.870733750269108e-18,1.490634750091923e-16
532,1.316121326728558e-12,1.334510877477533e-17,4.779169921517799e-18,1.476661583790423e-16
533,1.277985115306683e-12,1.333313348607284e-17,4.768495496932428e-18,1.478673938332263e-16
534,1.289506223229638e-12,1.330138752594984e-17,4.803132862446793e-18,1.48477368712322e-16
535,1.293113780762494e-12,1.317745993899019e-17,4.764458807800107e-18,1.48510800800557e-16
536,1.283483554336214e-12,1.319060738333639e-17,4.775958410499422e-18,1.480450018019748e-16
537,1.281046998103242e-12,1.319714115872758e-17,4.773415771740833e-18,1.480299734353884e-16
538,1.285409235668501e-12,1.316188679353217e-17,4.694483523188617e-18,1.483798852435021e-16
539,1.282010902290554e-12,1.317014839389763e-17,4.790134674422206e-18,1.483648568769157e-16
540,1.31747649418661e-12,1.300960649380352e-17,4.730167365184292e-18,1.491325894223705e-16
541,1.29912905435285e-12,1.307702058255952e-17,4.863999297465893e-18,1.476305564196959e-16
542,1.272920774561298e-12,1.312650296801334e-17,4.666804275981424e-18,1.476464688078462e-16
543,1.288318624669592e-12,1.299061847910211e-17,4.734603881610346e-18,1.463226063330973e-16
544,1.269102606350243e-12,1.291428653236553e-17,4.579274246777803e-18,1.484404809034281e-16
545,1.276030018943832e-12,1.301931168369107e-17,4.552264021959918e-18,1.469911677322011e-16
546,1.268524556361084e-12,1.297767464191669e-17,4.605270675644323e-18,1.482275120721232e-16
547,1.287308546368985e-12,1.284411371061067e-17,4.69367260122643e-18,1.481769621117871e-16
548,1.269080819694678e-12,1.283721079296635e-17,4.711255688510898e-18,1.464945887100756e-16
549,1.269342088085319e-12,1.279882512846523e-17,4.586302265440144e-18,1.497553424313445e-16
550,1.297261837147903e-12,1.287479635313178e-17,4.849603407726053e-18,1.495821545704155e-16
551,1.301925318773053e-12,1.286610523607729e-17,4.608078011529027e-18,1.464595493099062e-16
552,1.270075318685759e-12,1.280456645422139e-17,4.772129401506472e-18,1.496041747439164e-16
553,1.313551596400773e-12,1.272341224035542e-17,4.794595040679025e-18,1.465207878946059e-16
554,1.290211714462272e-12,1.270124809773963e-17,4.694269126024666e-18,1.498482450611515e-16
555,1.295781486580191e-12,1.278436882426549e-17,4.769851407239143e-18,1.485933362683873e-16
556,1.300005544240091e-12,1.271053773654319e-17,4.745895171937701e-18,1.488276823484193e-16
557,1.282494910051921e-12,1.270645786162575e-17,4.580093656207085e-18,1.482822410434888e-16
558,1.286718972538606e-12,1.278510094195702e-17,4.752704916711149e-18,1.495122365012701e-16
559,1.295755825368908e-12,1.275073539165942e-17,4.783807143766156e-18,1.484429722369264e-16
560,1.26436935745252e-12,1.278723928274336e-17,4.685303234826956e-18,1.474994801314476e-16
561,1.257907398841942e-12,1.27972290766982e-17,4.744304544541387e-18,1.480098820362087e-16
562,1.282518655630721e-12,1.257266593825002e-17,4.61340568093889e-18,1.506810737399486e-16
563,1.307144955955863e-12,1.266982270820148e-17,4.832654185066989e-18,1.490519827288616e-16
564,1.296491210870085e-12,1.268097711578246e-17,4.717545964057389e-18,1.488587034687528e-16
565,1.276176105156831e-12,1.268787570323552e-17,4.750794019362122e-18,1.503749611820465e-16
566,1.299270144926626e-12,1.264443130852067e-17,4.631680105248842e-18,1.478262466477062e-16
567,1.298783794203615e-12,1.250786966729209e-17,4.59738934571312e-18,1.510842679386868e-16
568,1.28964449547858e-12,1.269333547810805e-17,4.707061369589437e-18,1.4842794387034e-16
569,1.295435609036688e-12,1.248662252397899e-17,4.730630260987877e-18,1.507582247127986e-16
570,1.285845118343337e-12,1.264295932597686e-17,4.61051721955275e-18,1.479029957925727e-16
571,1.258918912969196e-12,1.272547873568529e-17,4.679306440112418e-18,1.482812766563281e-16
572,1.278837752123117e-12,1.251706772605133e-17,4.619593087305259e-18,1.479803878622129e-16
573,1.265217319084847e-12,1.267697056473136e-17,4.731190129441477e-18,1.461383280198211e-16
574,1.252394661371354e-12,1.273268169922854e-17,4.566494549504906e-18,1.515574605721671e-16
575,1.299708096722375e-12,1.260344092288939e-17,4.59613486366708e-18,1.484833157664792e-16
576,1.294480917011197e-12,1.2476666855858e-17,4.614607199677604e-18,1.475517177693148e-16
577,1.264552682864866e-12,1.258066536746251e-17,4.644868716741579e-18,1.499863935219111e-16
578,1.300529250706765e-12,1.252829505447251e-17,4.849467723992202e-18,1.46906301662066e-16
579,1.270304965486805e-12,1.255790068908143e-17,4.696063768279125e-18,1.502507159695193e-16
580,1.318393394621421e-12,1.236217929063441e-17,4.755232640667762e-18,1.485049341119966e-16
581,1.282583685104591e-12,1.251457428693458e-17,4.681169731055106e-18,1.483526413062144e-16
582,1.307725971411648e-12,1.240979099270677e-17,4.708361830436021e-18,1.492788548083987e-16
583,1.294691966175278e-12,1.244640858201227e-17,4.685452565653656e-18,1.523275237199268e-16
584,1.296480621755036e-12,1.27032409591976e-17,4.64663546593951e-18,1.503707018054205e-16
585,1.308461708282749e-12,1.258411791506134e-17,4.728378061980098e-18,1.498439053189287e-16
586,1.309043914868881e-12,1.240033690944494e-17,4.6946859619679e-18,1.502985334995669e-16
587,1.309081195421585e-12,1.249911735825301e-17,4.787330210688521e-18,1.5054461295672e-16
588,1.298284899801458e-12,1.245993594747517e-17,4.657618915100185e-18,1.517973518783728e-16
589,1.312615923044875e-12,1.249871603493005e-17,4.69628803644369e-18,1.513860407543659e-16
590,1.297654941060587e-12,1.261589386928995e-17,4.660518189547494e-18,1.498648003740756e-16
591,1.285239403776492e-12,1.248808117883175e-17,4.814289867384246e-18,1.532523710069668e-16
592,1.324488863845737e-12,1.246735146673452e-17,4.67659915296297e-18,1.5082725876038e-16
593,1.28720700563845e-12,1.24287118869639e-17,4.672672068780558e-18,1.480888814177833e-16
594,1.267306369995271e-12,1.241905312948659e-17,4.717022966240168e-18,1.501887540944491e-16
595,1.291028128810775e-12,1.238497435818968e-17,4.754377976634903e-18,1.514499314037573e-16
596,1.313337496675011e-12,1.255067498784513e-17,4.679222451290825e-18,1.491464926706028e-16
597,1.268612257846526e-12,1.251378373690562e-17,4.620785063165224e-18,1.522768130283972e-16
598,1.300655254219602e-12,1.250035736128049e-17,4.738553240620005e-18,1.472953515157818e-16
599,1.271330341890767e-12,1.249491443789259e-17,4.630018139214138e-18,1.519007020357531e-16
600,1.281854007702862e-12,1.251240562130572e-17,4.704265327787107e-18,1.477945022370023e-16
601,1.295966727274285e-12,1.250697573288703e-17,4.771614082361951e-18,1.496384104881186e-16
602,1.276908716525818e-12,1.252175209826459e-17,4.680445664141358e-18,1.491836215762869e-16
603,1.310964812773478e-12,1.243836756335726e-17,4.760234907439799e-18,1.474614672041995e-16
604,1.268087180322316e-12,1.240015921240681e-17,4.613874302661004e-18,1.527017059382496e-16
605,1.327157636199256e-12,1.248587907654111e-17,4.801088836408836e-18,1.484815477233514e-16
606,1.287938063450655e-12,1.241072106528048e-17,4.679603675052324e-18,1.499520774121122e-16
607,1.305514273207495e-12,1.241886203583108e-17,4.65101712931764e-18,1.474866216359726e-16
608,1.271432416022826e-12,1.243410688505039e-17,4.734730751200437e-18,1.478329169922339e-16
609,1.26818264947476e-12,1.238013466833303e-17,4.632300855634215e-18,1.495766093442419e-16
610,1.285679319539384e-12,1.250361966118765e-17,4.595974492902676e-18,1.485558055347196e-16
611,1.310878723751641e-12,1.228592086876889e-17,4.633709966648501e-18,1.525394477984743e-16
612,1.29523847621265e-12,1.246938088091627e-17,4.810050914939557e-18,1.499076352371267e-16
613,1.310637108978326e-12,1.234400275046103e-17,4.638381053469228e-18,1.499387367230568e-16
614,1.289157203048097e-12,1.242769963966848e-17,4.668061296772767e-18,1.483423545098344e-16
615,1.272184203524836e-12,1.251412950623681e-17,4.759510107414734e-18,1.465037503881015e-16
616,1.244478888254998e-12,1.260511768768498e-17,4.697930929683687e-18,1.504619167576963e-16
617,1.282337748137155e-12,1.256650973229458e-17,4.57057695437589e-18,1.467750646426242e-16
618,1.265868635198026e-12,1.247195926750155e-17,4.660326489200462e-18,1.483077169376486e-16
619,1.259582674522245e-12,1.252193163760921e-17,4.700475726253256e-18,1.46979755817467e-16
620,1.253174346522982e-12,1.247694736237345e-17,4.667778736410991e-18,1.459306633178997e-16
621,1.244436137935806e-12,1.256781694973842e-17,4.495195103157816e-18,1.495069323718867e-16
622,1.27844566576023e-12,1.256976415973402e-17,4.736388040574364e-18,1.482492107832373e-16
623,1.243264757257282e-12,1.255595181878631e-17,4.571479942922088e-18,1.484837979600595e-16
624,1.272731118644732e-12,1.249027043877021e-17,4.656526017203219e-18,1.469284022011637e-16
625,1.244551606580647e-12,1.251434837152126e-17,4.591083137111047e-18,1.503049627473045e-16
626,1.302622905952774e-12,1.239508829995914e-17,4.729373145683516e-18,1.475169998315322e-16
627,1.270477426857763e-12,1.239501430514945e-17,4.718107842385508e-18,1.479590106134857e-16
628,1.266710203995466e-12,1.238601606343691e-17,4.602286545207735e-18,1.500338092239752e-16
629,1.283901245442008e-12,1.253629760840188e-17,4.638060455538028e-18,1.484048789440816e-16
630,1.280936583637009e-12,1.235002236275857e-17,4.513383989359686e-18,1.505526495163918e-16
631,1.336295109330559e-12,1.241919027368183e-17,4.870484118001161e-18,1.479031565237661e-16
632,1.28315870482461e-12,1.243887484665662e-17,4.719636289286679e-18,1.497108198907623e-16
633,1.281190938985566e-12,1.237918850930094e-17,4.708799941246785e-18,1.469982399047123e-16
634,1.260586072284841e-12,1.243042951119942e-17,4.669071916721452e-18,1.479769321415539e-16
635,1.268937198549298e-12,1.245675946048041e-17,4.669590830107657e-18,1.498785428911144e-16
636,1.295116971965135e-12,1.240978681125849e-17,4.716610689888528e-18,1.477924127314876e-16
637,1.276926660926712e-12,1.244533739728679e-17,4.621178688084545e-18,1.487165367281572e-16
638,1.302602282168316e-12,1.244642387961738e-17,4.738607442880761e-18,1.475083203470866e-16
639,1.263147773480838e-12,1.248499026226895e-17,4.692465526312332e-18,1.496791558456551e-16
640,1.270559386873801e-12,1.254416541145563e-17,4.631175973841629e-18,1.473463033041015e-16
641,1.287411367917883e-12,1.245093618441067e-17,4.582445890619107e-18,1.514025157016933e-16
642,1.341450539663999e-12,1.244556571737275e-17,4.833962430693461e-18,1.519573597814399e-16
643,1.298886192214634e-12,1.252140456544641e-17,4.70426750763288e-18,1.478257644541259e-16
644,1.254477019367823e-12,1.245232079561354e-17,4.479325246296311e-18,1.479926034329142e-16
645,1.245218308046753e-12,1.252691387408827e-17,4.702634949906534e-18,1.487211175671701e-16
646,1.263534770792011e-12,1.247051746366417e-17,4.572304330299278e-18,1.473151214525746e-16
647,1.266224944326342e-12,1.237514505944757e-17,4.610882037317206e-18,1.466874661422007e-16
648,1.278307121591251e-12,1.246604125346525e-17,4.63172609674823e-18,1.483172000780615e-16
649,1.254854786111925e-12,1.243381287695089e-17,4.667801282215309e-18,1.49756065721715e-16
650,1.299979517963507e-12,1.22483660732098e-17,4.699262428021598e-18,1.473348110237707e-16
651,1.245318281642039e-12,1.2414510448143e-17,4.606557575622777e-18,1.457197036265128e-16
652,1.233053410772602e-12,1.242767765248126e-17,4.543569479217493e-18,1.465362180891759e-16
653,1.243271840021829e-12,1.235809384619428e-17,4.511587152838433e-18,1.447392433465433e-16
654,1.22173033733053e-12,1.243249364699507e-17,4.379318970952288e-18,1.453101605456337e-16
655,1.228668511417198e-12,1.239123996780518e-17,4.378794768884309e-18,1.453974375836704e-16
656,1.225450306132262e-12,1.238085803825238e-17,4.351740650297212e-18,1.461073068994876e-16
657,1.228691699093111e-12,1.2454942818713e-17,4.521038621688175e-18,1.487163759969638e-16
658,1.295497434978199e-12,1.226996159050174e-17,4.802998112403733e-18,1.48621142764852e-16
659,1.282842348851681e-12,1.235286374665478e-17,4.705999953229442e-18,1.487559158705494e-16
660,1.290617961995116e-12,1.233342271569938e-17,4.739652246138853e-18,1.492021056635322e-16
661,1.288327967856085e-12,1.225965160275627e-17,4.697824487873052e-18,1.499373705079127e-16
662,1.275521092828462e-12,1.249717227437669e-17,4.773696590860587e-18,1.495370694706563e-16
663,1.300327480945465e-12,1.238068533050705e-17,4.711893466739047e-18,1.501840928898394e-16
664,1.323988922081286e-12,1.230905960109512e-17,4.586837936443165e-18,1.490076209194727e-16
665,1.283021847408304e-12,1.22597754713658e-17,4.771302366718779e-18,1.464574598043915e-16
666,1.257111249475727e-12,1.239710979177718e-17,4.642254831959472e-18,1.461916907760424e-16
667,1.245661779764134e-12,1.251151032593146e-17,4.564157869113926e-18,1.459859548484422e-16
668,1.238337421069996e-12,1.246006301780278e-17,4.544048992263056e-18,1.464641301489192e-16
669,1.257571200689731e-12,1.234962363709677e-17,4.55622641947113e-18,1.474269099976105e-16
670,1.247426388550309e-12,1.247856514655574e-17,4.449530200861511e-18,1.472090388649058e-16
671,1.263487047213844e-12,1.245859197058069e-17,4.516634555953442e-18,1.460369870023587e-16
672,1.241190892482156e-12,1.249737795006389e-17,4.633123105710177e-18,1.456497051917707e-16
673,1.246035301676292e-12,1.254124882004122e-17,4.558404370992549e-18,1.44954542780153e-16
674,1.229318002337486e-12,1.254912277750736e-17,4.412302351310701e-18,1.480620393084792e-16
675,1.268398206104688e-12,1.251310154104597e-17,4.738700529130994e-18,1.47361331670688e-16
676,1.279755032220497e-12,1.246397027488021e-17,4.705053415449562e-18,1.484852445408005e-16
677,1.256253073747852e-12,1.250935073812086e-17,4.652062022837881e-18,1.475803279217467e-16
678,1.275164550644917e-12,1.247154855253565e-17,4.62598728339469e-18,1.483569810484373e-16
679,1.273960702303141e-12,1.22908857645467e-17,4.58917746065309e-18,1.518098085458642e-16
680,1.32656009242784e-12,1.229974035295729e-17,4.719613232494883e-18,1.468981847367974e-16
681,1.269762577139897e-12,1.240735287071921e-17,4.479042649728005e-18,1.516381476312728e-16
682,1.303555100833273e-12,1.243898664473118e-17,4.642591400801644e-18,1.485338657268154e-16
683,1.276307482652027e-12,1.245615605955384e-17,4.739816875253348e-18,1.465422455089298e-16
684,1.250634887570951e-12,1.246005745473868e-17,4.549739218494324e-18,1.456970405282381e-16
685,1.245942266860378e-12,1.245958401330399e-17,4.581609037741012e-18,1.501390077900801e-16
686,1.283445351149356e-12,1.253919888725412e-17,4.738461820011809e-18,1.486949183826398e-16
687,1.266389749213375e-12,1.242773553486138e-17,4.597166432433915e-18,1.481895795104719e-16
688,1.269343315274591e-12,1.247004224673773e-17,4.743503370386051e-18,1.460048407636711e-16
689,1.246414470943892e-12,1.244789442878545e-17,4.619691072802835e-18,1.479149702664838e-16
690,1.286497618137915e-12,1.224654434558365e-17,4.6146583856765e-18,1.480001577990057e-16
691,1.273316594233804e-12,1.233090036105421e-17,4.738039192490477e-18,1.470294217562392e-16
692,1.248914157853544e-12,1.241582732071528e-17,4.523881956645692e-18,1.455283531407253e-16
693,1.23062625031971e-12,1.252036108497464e-17,4.389308984590264e-18,1.488452824141007e-16
694,1.267420113189649e-12,1.22850693669352e-17,4.468167856352895e-18,1.46576481253132e-16
695,1.27279032282347e-12,1.23838653002107e-17,4.636778728733042e-18,1.488263964988718e-16
696,1.281458991381119e-12,1.241553718660023e-17,4.766369881873878e-18,1.469929357753289e-16
697,1.26944984369435e-12,1.248775489370908e-17,4.75358507620888e-18,1.48192713768744e-16
698,1.26697005008782e-12,1.239896053546669e-17,4.615680206087403e-18,1.464842215480988e-16
699,1.260829235754751e-12,1.238969254854486e-17,4.47251980131771e-18,1.457344105307123e-16
700,1.254947821128259e-12,1.247419042804817e-17,4.769744722029138e-18,1.49143599509121e-16
701,1.276490488628059e-12,1.252068022746923e-17,4.687301124154898e-18,1.462059958522583e-16
702,1.245948023060662e-12,1.244303479094694e-17,4.571748176631861e-18,1.474752900868352e-16
703,1.268443120076298e-12,1.235312561630067e-17,4.61055113466143e-18,1.476023480952476e-16
704,1.273181540615538e-12,1.238228033699347e-17,4.63459713468045e-18,1.522054483785109e-16
705,1.363744701217308e-12,1.239071603487316e-17,4.733730213166552e-18,1.491608781124155e-16
706,1.289010006240248e-12,1.23826530660293e-17,4.654708818448023e-18,1.486385017337432e-16
707,1.272418820795676e-12,1.260967057012577e-17,4.570203917292929e-18,1.500874934425834e-16
708,1.306254540743075e-12,1.240340437346468e-17,4.738696629033599e-18,1.531115704815155e-16
709,1.318544375795922e-12,1.242348256597392e-17,4.609501618897736e-18,1.494697231006059e-16
710,1.295384182462451e-12,1.24302952761438e-17,4.807922892547707e-18,1.508473501595597e-16
711,1.287457989502563e-12,1.237388693915708e-17,4.71569743733258e-18,1.488567746944315e-16
712,1.279231413203815e-12,1.256354159312067e-17,4.724190535430656e-18,1.466432650640053e-16
713,1.272346978957443e-12,1.23621507662186e-17,4.58937821762432e-18,1.48725457309393e-16
714,1.272762758138526e-12,1.245186468392463e-17,4.756026352016061e-18,1.478792075759439e-16
715,1.263270367112071e-12,1.246867919959679e-17,4.713353584668243e-18,1.501972728477012e-16
716,1.268068658460869e-12,1.242193640689368e-17,4.672261083415996e-18,1.486360907658417e-16
717,1.280636946729589e-12,1.243627817634498e-17,4.679146242864645e-18,1.478175671632606e-16
718,1.2500021299293e-12,1.248486997556723e-17,4.556869363319262e-18,1.547012019846136e-16
719,1.346879489286793e-12,1.237538848029192e-17,4.758418894436173e-18,1.497152399985819e-16
720,1.28858517620216e-12,1.238446885096862e-17,4.663783921760841e-18,1.496781110928978e-16
721,1.276295345608661e-12,1.2467218752516e-17,4.722333492724199e-18,1.502046664825994e-16
722,1.291436167448383e-12,1.241931518228648e-17,4.704954234800926e-18,1.465641049512374e-16
723,1.253123661904135e-12,1.249015115962731e-17,4.429628733674772e-18,1.489214689997902e-16
724,1.273381385257802e-12,1.252044305686028e-17,4.797959002698474e-18,1.491977659213095e-16
725,1.267991682426282e-12,1.249144399601812e-17,4.63649133612441e-18,1.471751245830905e-16
726,1.24226350601118e-12,1.24724429181865e-17,4.629385991718599e-18,1.524716192348436e-16
727,1.337153273851607e-12,1.234137694051914e-17,4.717683573834498e-18,1.47917783062369e-16
728,1.284498049078516e-12,1.225111452939416e-17,4.649784816327296e-18,1.497469844092858e-16
729,1.297240776230398e-12,1.231595805952638e-17,4.761117792318672e-18,1.489964501015288e-16
730,1.298240392966678e-12,1.236101148249826e-17,4.695261460427045e-18,1.487288326644552e-16
731,1.266563172868273e-12,1.233392533616104e-17,4.590166505120026e-18,1.504394143906151e-16
732,1.297470744405153e-12,1.236502126743002e-17,4.674712039069875e-18,1.468326064098749e-16
733,1.28193311002821e-12,1.227738723100906e-17,4.713611728424201e-18,1.498687382883148e-16
734,1.299009577505454e-12,1.238062416002283e-17,4.759670656215477e-18,1.472687505032679e-16
735,1.277325892535128e-12,1.237134995869088e-17,4.656721607207025e-18,1.464965978499936e-16
736,1.242697249384647e-12,1.252724576745254e-17,4.518732629785418e-18,1.506214424671832e-16
737,1.300811532198004e-12,1.238281819618596e-17,4.678576483821237e-18,1.468002994399939e-16
738,1.256731627592624e-12,1.247499711974957e-17,4.620141858686139e-18,1.502408310011229e-16
739,1.286986821424201e-12,1.244120776754174e-17,4.702831616133173e-18,1.487262609653602e-16
740,1.274486481364678e-12,1.236298480504851e-17,4.597929986823808e-18,1.485162656611339e-16
741,1.261241958929407e-12,1.243768534797848e-17,4.636303305713546e-18,1.489179329135346e-16
742,1.273485646524838e-12,1.241705016320408e-17,4.767362040167391e-18,1.487603359783689e-16
743,1.268437396243867e-12,1.23907355868284e-17,4.59661420669251e-18,1.470757123399492e-16
744,1.274112267435149e-12,1.225667727584079e-17,4.589914038476615e-18,1.48202438005947e-16
745,1.257454277144925e-12,1.231460685857744e-17,4.504638635889207e-18,1.479659220548035e-16
746,1.264638611834512e-12,1.24311968047565e-17,4.700610425947379e-18,1.494141904732732e-16
747,1.287658317691839e-12,1.249337503114245e-17,4.758705095165398e-18,1.495578037946097e-16
748,1.293345512768171e-12,1.229544167772577e-17,4.63052551550963e-18,1.498613446534167e-16
749,1.29150039317065e-12,1.24602899965625e-17,4.757358962788221e-18,1.466344248483663e-16
750,1.265992488870735e-12,1.236917461895836e-17,4.510221157245878e-18,1.503675675471484e-16
751,1.296646851646028e-12,1.240613163632684e-17,4.580665922217734e-18,1.479689759474788e-16
752,1.292008440143037e-12,1.228867363146086e-17,4.637478349429892e-18,1.463567617117028e-16
753,1.248207999205113e-12,1.236763002079625e-17,4.614908887225349e-18,1.478493919395613e-16
754,1.265784852511051e-12,1.239739913786665e-17,4.59113835440264e-18,1.473937190061656e-16
755,1.255982721347373e-12,1.246259596580481e-17,4.679496073858874e-18,1.497718977442686e-16
756,1.275857043194563e-12,1.243646633080336e-17,4.607949929021879e-18,1.497522885386692e-16
757,1.283611246639329e-12,1.247032814338882e-17,4.701548010264453e-18,1.486017746560427e-16
758,1.24088333229819e-12,1.248664664463041e-17,4.672624858685967e-18,1.493885538479199e-16
759,1.26611939546006e-12,1.252388683419592e-17,4.700948133494795e-18,1.474797101946547e-16
760,1.261396497160708e-12,1.23542595377205e-17,4.52759919269619e-18,1.522419343594212e-16
761,1.296117801710962e-12,1.240884385466137e-17,4.594198923447813e-18,1.477519084707413e-16
762,1.264395807066563e-12,1.246896027339236e-17,4.76619851957694e-18,1.500281836322049e-16
763,1.3151737093673e-12,1.231184993036532e-17,4.63183269902961e-18,1.513351693316429e-16
764,1.299916899761148e-12,1.246367408532356e-17,4.68453083782437e-18,1.488322631874323e-16
765,1.291263723747802e-12,1.230424615464627e-17,4.595450401525136e-18,1.49410815118211e-16
766,1.292253274031378e-12,1.229626201853548e-17,4.812394217216442e-18,1.497261697197356e-16
767,1.291419538404925e-12,1.232431816444524e-17,4.624666038695968e-18,1.512973975011851e-16
768,1.290539278397564e-12,1.243721540768995e-17,4.712042208902541e-18,1.487457898053629e-16
769,1.30402439631938e-12,1.227794200256371e-17,4.772351158128699e-18,1.504722839196731e-16
770,1.306661801633595e-12,1.245328257952048e-17,4.671086060264803e-18,1.490546347935533e-16
771,1.27387080740289e-12,1.240088467382585e-17,4.711557042556797e-18,1.48274445580607e-16
772,1.288629463109229e-12,1.228885137662229e-17,4.612000394088e-18,1.479022725022022e-16
773,1.293045699641335e-12,1.246686109530853e-17,4.611718998539531e-18,1.491079975497746e-16
774,1.277000719645614e-12,1.241049377014786e-17,4.728372262757279e-18,1.472579815133076e-16
775,1.243670815910837e-12,1.252797335596192e-17,4.58247270214777e-18,1.484283456983236e-16
776,1.26890754673903e-12,1.234697829094529e-17,4.564405606135832e-18,1.485505817709329e-16
777,1.268953099984107e-12,1.2498791917504e-17,4.706082804282644e-18,1.478661079836788e-16
778,1.261222722152587e-12,1.249439292464892e-17,4.664428762934011e-18,1.459933484833403e-16
779,1.265009703802682e-12,1.241873103088263e-17,4.527625622062034e-18,1.517733225649538e-16
780,1.305645396987485e-12,1.244575510049384e-17,4.549646772251742e-18,1.480235441876509e-16
781,1.305289795509311e-12,1.236013492422869e-17,4.851440428486489e-18,1.522428987465818e-16
782,1.290176481735841e-12,1.241118772040418e-17,4.663348722483147e-18,1.487299577828092e-16
783,1.261092607604958e-12,1.246942206239911e-17,4.641681656793815e-18,1.466304065685303e-16
784,1.248617631884373e-12,1.249321290218794e-17,4.528328056836402e-18,1.491873987593327e-16
785,1.281437326764723e-12,1.241772454346544e-17,4.73305700778926e-18,1.477867871397173e-16
786,1.260945964591382e-12,1.230873498329106e-17,4.584093454087366e-18,1.473816641666578e-16
787,1.257925811674828e-12,1.241092557466192e-17,4.59517473984786e-18,1.45429824919148e-16
788,1.253384739377883e-12,1.2305091899541e-17,4.420597264683092e-18,1.500931190343537e-16
789,1.293998320224379e-12,1.223747173347286e-17,4.579990005769537e-18,1.462746280718562e-16
790,1.237612917764932e-12,1.245526547365466e-17,4.422274802643327e-18,1.481219920436314e-16
791,1.263793671135087e-12,1.242583492438458e-17,4.748877605011215e-18,1.456477764174494e-16
792,1.246278977971257e-12,1.243948962027163e-17,4.470162414005728e-18,1.475391003706299e-16
793,1.24225949346619e-12,1.254272860987383e-17,4.671229466020774e-18,1.464805247306497e-16
794,1.263625246075609e-12,1.23900053962848e-17,4.529451099401889e-18,1.508673611931427e-16
795,1.32133980758732e-12,1.234602151790321e-17,4.676300478413583e-18,1.501884326320622e-16
796,1.283980267231859e-12,1.257617398162211e-17,4.746732627717541e-18,1.475235094448665e-16
797,1.26816007585278e-12,1.244371908514938e-17,4.510446094882539e-18,1.481723812727741e-16
798,1.27464169541272e-12,1.240949293763573e-17,4.739662673457611e-18,1.489861633051488e-16
799,1.279071738003682e-12,1.228500428284825e-17,4.60743994375619e-18,1.480323040376932e-16
800,1.282001882331655e-12,1.245480663581721e-17,4.692546703163104e-18,1.506085839717081e-16
801,1.29199003148557e-12,1.243180030357201e-17,4.726888732447514e-18,1.503717465581778e-16
802,1.310677790393727e-12,1.239692100709515e-17,4.724770139490442e-18,1.499336736904636e-16
803,1.314544259359573e-12,1.233226688905315e-17,4.689860115055312e-18,1.472763048693594e-16
804,1.244204861551933e-12,1.250660771322201e-17,4.65511056529058e-18,1.483561773924701e-16
805,1.266207764411404e-12,1.237797415275419e-17,4.54863740400258e-18,1.468713426274933e-16
806,1.250876553050564e-12,1.24390409721262e-17,4.484768612809297e-18,1.47406738232834e-16
807,1.251616799291503e-12,1.245546060764717e-17,4.572957760901766e-18,1.4768311551995e-16
808,1.265407668187901e-12,1.247414534598403e-17,4.789022071611998e-18,1.464506287286704e-16
809,1.244678710266487e-12,1.248873808961118e-17,4.636656557893918e-18,1.4827388302143e-16
810,1.257808627049375e-12,1.246817304056697e-17,4.682120512594601e-18,1.453143395566631e-16
811,1.226190276945812e-12,1.255083459949606e-17,4.579182402886261e-18,1.466971903794037e-16
812,1.240179991239717e-12,1.243632538262535e-17,4.479175258940756e-18,1.471340577631671e-16
813,1.263381439323829e-12,1.244615221953211e-17,4.702273672647485e-18,1.473052364841782e-16
814,1.279877323217306e-12,1.234581791577374e-17,4.678712290713007e-18,1.493657300184517e-16
815,1.284628440974228e-12,1.247478380051271e-17,4.696314178907586e-18,1.496106843572507e-16
816,1.300947784495776e-12,1.239127955676127e-17,4.739055898107724e-18,1.495345781371579e-16
817,1.272488468718049e-12,1.246895968369943e-17,4.707746486383273e-18,1.48990101219388e-16
818,1.292512575314961e-12,1.236621777302774e-17,4.716474014235606e-18,1.500023862756581e-16
819,1.268810545875599e-12,1.246711897736145e-17,4.604971772093778e-18,1.507633681109885e-16
820,1.275139036976267e-12,1.254886752436576e-17,4.543210469749483e-18,1.485320976836875e-16
821,1.252796494900947e-12,1.245443386561849e-17,4.647710419883165e-18,1.525265089374025e-16
822,1.311467214929078e-12,1.243650632496887e-17,4.694522005271296e-18,1.47672266164393e-16
823,1.286638057429715e-12,1.234067629089181e-17,4.651695557726912e-18,1.514700228029371e-16
824,1.321307780414151e-12,1.228768721034604e-17,4.696596503827543e-18,1.514209997889386e-16
825,1.301383934364074e-12,1.240946436258748e-17,4.696818458557575e-18,1.489150397520527e-16
826,1.297307428071968e-12,1.232922213106571e-17,4.645686303613233e-18,1.530231683251248e-16
827,1.313728978821255e-12,1.237798269743614e-17,4.64103985624558e-18,1.485131314028619e-16
828,1.288855234068528e-12,1.236882832899744e-17,4.8198678237726e-18,1.5085811914952e-16
829,1.27078903031781e-12,1.246647332872503e-17,4.700001506811613e-18,1.481788908861084e-16
830,1.265644047819916e-12,1.247280641566888e-17,4.638553997868586e-18,1.489733048096738e-16
831,1.256633415573533e-12,1.252105523304223e-17,4.554252186125159e-18,1.489291037314784e-16
832,1.258937796121364e-12,1.252039086281214e-17,4.671218153289316e-18,1.484780920026925e-16
833,1.263770692764615e-12,1.23696885719427e-17,4.632915205830643e-18,1.498595766102888e-16
834,1.265402670527774e-12,1.240891870591464e-17,4.727705020703658e-18,1.478092895067986e-16
835,1.260140306191001e-12,1.250927946848212e-17,4.656229161607425e-18,1.514054088631751e-16
836,1.304167318182159e-12,1.23037779217313e-17,4.709100488991131e-18,1.478179689912442e-16
837,1.265534346782606e-12,1.231800994352957e-17,4.616102902300448e-18,1.48100695160501e-16
838,1.269183465341492e-12,1.238906747294578e-17,4.708897939568662e-18,1.503427345777623e-16
839,1.304674809706806e-12,1.234659928491428e-17,4.604976506042728e-18,1.479671275387543e-16
840,1.259941394354214e-12,1.249053824768138e-17,4.763237053371072e-18,1.467229073703537e-16
841,1.253559967749413e-12,1.249694568583673e-17,4.577531087170719e-18,1.489185758383083e-16
842,1.290095501289982e-12,1.232405383116524e-17,4.550118130618417e-18,1.488267983268554e-16
843,1.268531191487229e-12,1.244265701870771e-17,4.710926013300738e-18,1.484905486701839e-16
844,1.277978872920521e-12,1.248219004581093e-17,4.550545413870412e-18,1.491587082413041e-16
845,1.280485807791027e-12,1.252816937094193e-17,4.690773695408891e-18,1.485311332965269e-16
846,1.267974088009073e-12,1.248761671233417e-17,4.485254233056382e-18,1.491851485226246e-16
847,1.308976289235913e-12,1.23815253058715e-17,4.83272353407341e-18,1.488450413173106e-16
848,1.285421309529415e-12,1.230785229955214e-17,4.646257314535391e-18,1.494223877641385e-16
849,1.299308122406993e-12,1.232696181421775e-17,4.563246370409231e-18,1.486691210260931e-16
850,1.279633533952183e-12,1.241721939449708e-17,4.733110472026332e-18,1.499756245319508e-16
851,1.274376422894734e-12,1.238225088522001e-17,4.627164766391847e-18,1.467091648533148e-16
852,1.241913498242656e-12,1.243719047464498e-17,4.636352787248832e-18,1.469311346314521e-16
853,1.262168574229877e-12,1.239611329929734e-17,4.560474438175757e-18,1.457319995628108e-16
854,1.235208334374567e-12,1.240956961884532e-17,4.397430599664118e-18,1.476066878374704e-16
855,1.270742788846643e-12,1.243998492086887e-17,4.503964665192401e-18,1.488390138975567e-16
856,1.285665011444757e-12,1.240904865284128e-17,4.782806734436357e-18,1.472153877470466e-16
857,1.251003437777392e-12,1.241824829347158e-17,4.614373682613961e-18,1.485892376229546e-16
858,1.27188548965241e-12,1.235142968957408e-17,4.670655543453121e-18,1.461642861075612e-16
859,1.25194121751565e-12,1.237642011527555e-17,4.475976066847291e-18,1.464955530972362e-16
860,1.246186937523209e-12,1.251326669297673e-17,4.651868182991682e-18,1.453858649377429e-16
861,1.226963529378944e-12,1.253706398453357e-17,4.400256037336654e-18,1.46330401795979e-16
862,1.242632444882395e-12,1.240552674678441e-17,4.393048746552832e-18,1.470510401017566e-16
863,1.26400947122539e-12,1.232601483993104e-17,4.636083087032925e-18,1.469599055150775e-16
864,1.247300092875e-12,1.240223492271679e-17,4.673137011057852e-18,1.481976160701439e-16
865,1.276744249864488e-12,1.235752210794323e-17,4.707318534876278e-18,1.470793287918017e-16
866,1.257758389785002e-12,1.241691420061056e-17,4.556520069044206e-18,1.480036938852614e-16
867,1.252139598639882e-12,1.246306054153133e-17,4.507247032506595e-18,1.475413506073381e-16
868,1.254541569553609e-12,1.24985133873221e-17,4.531246771637732e-18,1.479219620733984e-16
869,1.275815317573485e-12,1.239082491134714e-17,4.766325005356979e-18,1.469820060541752e-16
870,1.231832091555937e-12,1.249629831894296e-17,4.432060516254795e-18,1.457098186581164e-16
871,1.235478381084213e-12,1.246523882535542e-17,4.401994960678949e-18,1.506812344711419e-16
872,1.301462547463838e-12,1.244659808859596e-17,4.789502761027565e-18,1.481076066018188e-16
873,1.287055829555354e-12,1.234023745316762e-17,4.656597473808546e-18,1.481786497893182e-16
874,1.273100105716992e-12,1.238875615701798e-17,4.753826612044144e-18,1.480414657157192e-16
875,1.263747932701792e-12,1.247163365278783e-17,4.672418833692613e-18,1.464480570295754e-16
876,1.245592842414696e-12,1.240661400677165e-17,4.570586152117892e-18,1.479807093245998e-16
877,1.257745759975297e-12,1.23581771318969e-17,4.480420453290587e-18,1.50225641903343e-16
878,1.274719021798428e-12,1.241813836255375e-17,4.779695292325722e-18,1.469407785030584e-16
879,1.243784569393449e-12,1.248376457346021e-17,4.508880687434769e-18,1.481443336795193e-16
880,1.244460819292982e-12,1.254012306852292e-17,4.672024394155741e-18,1.48421353891409e-16
881,1.276067492350824e-12,1.236313565804346e-17,4.646179632375459e-18,1.46396703413272e-16
882,1.241619021536102e-12,1.241952718981796e-17,4.462373661571068e-18,1.523167547299664e-16
883,1.309375616728669e-12,1.24015666568585e-17,4.565281959298075e-18,1.484846819816234e-16
884,1.270575607227172e-12,1.246018621690925e-17,4.553209815627378e-18,1.51301415781021e-16
885,1.295302071196007e-12,1.246709400841953e-17,4.618221160341434e-18,1.493064202080733e-16
886,1.288762694223574e-12,1.246500900428388e-17,4.774032646015516e-18,1.494857158543529e-16
887,1.277696226230367e-12,1.233392550146432e-17,4.727120330048685e-18,1.519089796922152e-16
888,1.296119770170856e-12,1.229856328943415e-17,4.590404303652038e-18,1.48698293737702e-16
889,1.278583794191014e-12,1.235381628856765e-17,4.637861817204279e-18,1.497795324759569e-16
890,1.290104722019764e-12,1.234391654059004e-17,4.758030146001106e-18,1.471690167977398e-16
891,1.265199526852951e-12,1.231540198141496e-17,4.662177098449092e-18,1.505624541191916e-16
892,1.286476192739668e-12,1.234469487461923e-17,4.675605865402805e-18,1.468523763466677e-16
893,1.267922781770433e-12,1.240340612967843e-17,4.543482217837048e-18,1.491120158296105e-16
894,1.262946487801003e-12,1.24369011654822e-17,4.546822353437289e-18,1.47613679644385e-16
895,1.262664788981242e-12,1.24110236227413e-17,4.706539106367835e-18,1.473088529360305e-16
896,1.263850750743337e-12,1.237076942530685e-17,4.50938015399859e-18,1.499551313047875e-16
897,1.266144254940643e-12,1.239869709633902e-17,4.605016137649267e-18,1.483094046151797e-16
898,1.281389193627983e-12,1.237166942752324e-17,4.760404733131167e-18,1.494443275720427e-16
899,1.306732255445386e-12,1.228503338819781e-17,4.752387909792339e-18,1.478407928207123e-16
900,1.27250121158142e-12,1.250129971509806e-17,4.711173570070443e-18,1.47345580013731e-16
901,1.284711349261498e-12,1.239188849768092e-17,4.666706321193085e-18,1.473232383778432e-16
902,1.247851475794255e-12,1.25154334489369e-17,4.628006583169937e-18,1.464194468771435e-16
903,1.254395830802341e-12,1.234387249799313e-17,4.458223612685166e-18,1.483597134787257e-16
904,1.264491737803312e-12,1.240013722927331e-17,4.710413955261016e-18,1.476995101016806e-16
905,1.248498188757668e-12,1.238114901442094e-17,4.566872772797444e-18,1.469913284633945e-16
906,1.241294111146878e-12,1.25042921679119e-17,4.621936377621379e-18,1.457421256279973e-16
907,1.231220784398454e-12,1.250066975769503e-17,4.483676412884319e-18,1.523170761923533e-16
908,1.300027939220913e-12,1.240142601832109e-17,4.649145997791195e-18,1.48419344751491e-16
909,1.28685924346078e-12,1.23991091950258e-17,4.790223687113809e-18,1.484920756165216e-16
910,1.275543137725389e-12,1.243351915645721e-17,4.726684787498175e-18,1.492663981409073e-16
911,1.267865116183773e-12,1.239480868427875e-17,4.665449798265127e-18,1.483405864667066e-16
912,1.290052941921086e-12,1.234044998877804e-17,4.657045191894911e-18,1.478600001983281e-16
913,1.266502446314786e-12,1.240949381409374e-17,4.633588531364659e-18,1.490231314796394e-16
914,1.273386748333965e-12,1.241840321899869e-17,4.708214031952616e-18,1.497506812267349e-16
915,1.297548883411056e-12,1.243590978662455e-17,4.651370540546371e-18,1.504703551453518e-16
916,1.281878423987691e-12,1.23562568090104e-17,4.671617588007307e-18,1.494174854627387e-16
917,1.311292488259285e-12,1.239248486418516e-17,4.738779232138397e-18,1.484764846907581e-16
918,1.298395548842773e-12,1.234137403945438e-17,4.653826577586532e-18,1.505084484381965e-16
919,1.278852101571102e-12,1.241524631673437e-17,4.655196905037129e-18,1.472046991226829e-16
920,1.276859081574097e-12,1.239781363702245e-17,4.701798804688303e-18,1.464722470741877e-16
921,1.263663175906087e-12,1.244097940906924e-17,4.576599498082463e-18,1.514089449494308e-16
922,1.310313920198179e-12,1.240999689103593e-17,4.808234712088723e-18,1.474217665994205e-16
923,1.263520117406871e-12,1.241672269079668e-17,4.674382453246922e-18,1.498614250190133e-16
924,1.277581698791948e-12,1.240178056698095e-17,4.726461525815454e-18,1.486872836509515e-16
925,1.275886623538346e-12,1.238641503494857e-17,4.653759866209871e-18,1.481755958966429e-16
926,1.265348547283734e-12,1.23971560549021e-17,4.517712499708743e-18,1.497734246906062e-16
927,1.27565215948871e-12,1.248132860053913e-17,4.794303303805157e-18,1.464282870927825e-16
928,1.294019533878738e-12,1.233542390439159e-17,4.61752974363617e-18,1.517028419366315e-16
929,1.297473951394759e-12,1.237844085402647e-17,4.675926962043e-18,1.471465144306585e-16
930,1.276845136774392e-12,1.233341568753361e-17,4.496322473840446e-18,1.494723751652976e-16
931,1.274285342726426e-12,1.247686859680705e-17,4.708169772600443e-18,1.48730038148406e-16
932,1.280835194440809e-12,1.239028696668756e-17,4.714686825051426e-18,1.472670628257368e-16
933,1.266029180355218e-12,1.245421386976231e-17,4.56875743694141e-18,1.478845920709241e-16
934,1.259724462006983e-12,1.241193254105716e-17,4.69697666062069e-18,1.490106748121481e-16
935,1.283854553092314e-12,1.23374808255958e-17,4.583149468714556e-18,1.494915825429134e-16
936,1.288226019287249e-12,1.240324682676872e-17,4.767796376666758e-18,1.503430560401492e-16
937,1.311376087879156e-12,1.227747326683714e-17,4.725339986334111e-18,1.48948391474691e-16
938,1.296317565283276e-12,1.225784440817823e-17,4.763205126538775e-18,1.506332562099008e-16
939,1.288091450485323e-12,1.230857525641532e-17,4.67911049128566e-18,1.478943163081271e-16
940,1.290466531161309e-12,1.244431129709548e-17,4.704111741621285e-18,1.498013919182644e-16
941,1.285785590085218e-12,1.237208178233105e-17,4.633214930838585e-18,1.497110609875525e-16
942,1.285226496434985e-12,1.241333979425391e-17,4.574938091111286e-18,1.492251705897905e-16
943,1.307467664963578e-12,1.241080568907027e-17,4.57548038253546e-18,1.521826245490427e-16
944,1.300731010213235e-12,1.24797128356064e-17,4.589706296747692e-18,1.468569571856807e-16
945,1.270891809077006e-12,1.236622879003779e-17,4.499057616782473e-18,1.495524192996295e-16
946,1.275256028196276e-12,1.241730194075362e-17,4.854582404315558e-18,1.491759868445986e-16
947,1.278924536519362e-12,1.235854668815771e-17,4.619736582194266e-18,1.462882098577016e-16
948,1.260309685100071e-12,1.243992208131944e-17,4.591220190134987e-18,1.492581204844453e-16
949,1.311745794827187e-12,1.231783138373267e-17,4.79202871718766e-18,1.480955517623109e-16
950,1.287621667176575e-12,1.230088086616152e-17,4.672898234995205e-18,1.475954366539298e-16
951,1.289145951043406e-12,1.2220539186403e-17,4.598727123877957e-18,1.486673529829653e-16
952,1.2668000280973e-12,1.244303795771958e-17,4.751545596776916e-18,1.462852363306231e-16
953,1.252681466195034e-12,1.240511879247584e-17,4.602742482765758e-18,1.515542459482984e-16
954,1.285216651012301e-12,1.240808344534334e-17,4.59480221799673e-18,1.466378002034285e-16
955,1.262543233309257e-12,1.238493543072696e-17,4.701880145123432e-18,1.496984435888676e-16
956,1.269650338616488e-12,1.24904641513396e-17,4.718008585548704e-18,1.472806446115823e-16
957,1.251710899941769e-12,1.242311741848273e-17,4.633649219147846e-18,1.501959869981538e-16
958,1.279348751885555e-12,1.245857542584302e-17,4.635559865537504e-18,1.49613738249926e-16
959,1.286862880117782e-12,1.250923543592828e-17,4.704226925718218e-18,1.477028050911462e-16
960,1.261623265277053e-12,1.257624491814516e-17,4.624800415323979e-18,1.475081596158932e-16
961,1.259791248514191e-12,1.252477557506441e-17,4.634947777924843e-18,1.488993684606925e-16
962,1.264341012231306e-12,1.24651611933261e-17,4.698017648885141e-18,1.487780164096471e-16
963,1.283921822728992e-12,1.234712976863726e-17,4.700733601792195e-18,1.487900712491549e-16
964,1.301930677139343e-12,1.229144734088219e-17,4.667421525021857e-18,1.497790502823766e-16
965,1.29954256756703e-12,1.231339981230824e-17,4.714331957388959e-18,1.488705975770672e-16
966,1.287672969924563e-12,1.233095511977975e-17,4.692525577370928e-18,1.480459661891354e-16
967,1.279722530218592e-12,1.227550560847902e-17,4.727812116120166e-18,1.483228256698318e-16
968,1.269634886690669e-12,1.248440701116317e-17,4.580842154066209e-18,1.47355304250934e-16
969,1.247599964708239e-12,1.240158770167234e-17,4.377952822448984e-18,1.478170046040836e-16
970,1.266347091655307e-12,1.243868897563717e-17,4.745363235735312e-18,1.468170958497081e-16
971,1.256679117012608e-12,1.239069664718496e-17,4.617376786015803e-18,1.475366894027283e-16
972,1.246637250031211e-12,1.24199251365718e-17,4.487024705097438e-18,1.472677057505105e-16
973,1.260422711007438e-12,1.240277383123709e-17,4.675887298021337e-18,1.480016043797466e-16
974,1.290184411125202e-12,1.231549842194535e-17,4.628129312821677e-18,1.470833470716375e-16
975,1.249022714909347e-12,1.228843956460283e-17,4.42555455561549e-18,1.465046344096654e-16
976,1.247216282229414e-12,1.241106444455721e-17,4.683819870012733e-18,1.476256541182961e-16
977,1.269319663709542e-12,1.254286964377962e-17,4.532349330771419e-18,1.468727088426376e-16
978,1.248894718969706e-12,1.246087554310545e-17,4.710939096536627e-18,1.468966577904598e-16
979,1.258467102287179e-12,1.238593881495369e-17,4.500535416422637e-18,1.474969887979493e-16
980,1.259726525115292e-12,1.235709085072093e-17,4.642714028030066e-18,1.473386685724132e-16
981,1.265895538980828e-12,1.239057657562385e-17,4.72166638024798e-18,1.48189016951295e-16
982,1.265049851716349e-12,1.24459235266144e-17,4.596220631245561e-18,1.517332201321912e-16
983,1.346530645441581e-12,1.235010518034086e-17,4.716297229296653e-18,1.555363612657154e-16
984,1.341895496010334e-12,1.245418893575931e-17,4.80692198821885e-18,1.507644932293427e-16
985,1.294808861711368e-12,1.2424920809078e-17,4.655235054883935e-18,1.499875186402652e-16
986,1.279123791141409e-12,1.246666121450367e-17,4.760571900037818e-18,1.47678856143324e-16
987,1.265586156476659e-12,1.235836458762241e-17,4.593567788392507e-18,1.487789807968077e-16
988,1.271007863750362e-12,1.238627943593233e-17,4.726832615121791e-18,1.471371920214391e-16
989,1.276574962497321e-12,1.234791818470019e-17,4.643255290517243e-18,1.488254321117112e-16
990,1.26856877420671e-12,1.234571390580774e-17,4.714366233231772e-18,1.502185697308318e-16
991,1.289913778670969e-12,1.237341261942651e-17,4.658573139358786e-18,1.53230591930256e-16
992,1.301123906423838e-12,1.242874939360309e-17,4.726310889372101e-18,1.491389383045113e-16
993,1.297260852817746e-12,1.244704961902997e-17,4.63107586871432e-18,1.493932150525296e-16
994,1.272519815297797e-12,1.243218859329439e-17,4.631786890737992e-18,1.528537576472416e-16
995,1.303036334890282e-12,1.245250235487901e-17,4.801066790820627e-18,1.484601704746242e-16
996,1.259688820907797e-12,1.241471781025735e-17,4.636815759804326e-18,1.502989353275506e-16
997,1.266228214414892e-12,1.240270229080702e-17,4.586750525814661e-18,1.486996599528463e-16
998,1.291623542917691e-12,1.230544420009187e-17,4.745281484865575e-18,1.481435300235521e-16
999,1.252276171877119e-12,1.23813910571036e-17,4.54187387065605e-18,1.500449800419191e-16
1000,1.27071191021454e-12,1.239565788775555e-17,4.730251799050296e-18,1.472836985042576e-16
1001,1.280826524081457e-12,1.238364514247279e-17,4.693378390385369e-18,1.497676383676425e-16
1002,1.271158200841313e-12,1.2366085501773e-17,4.699697851616182e-18,1.486780416073289e-16
1003,1.265196838166551e-12,1.248906421212869e-17,4.710429122301368e-18,1.488596678559134e-16
1004,1.275159576350439e-12,1.232988794176882e-17,4.646296387140315e-18,1.502344821189821e-16
1005,1.272740620196545e-12,1.245615616746631e-17,4.647773706367007e-18,1.481422441740046e-16
1006,1.288322933051423e-12,1.239139345398677e-17,4.591549599919136e-18,1.495901107644907e-16
1007,1.29052475418321e-12,1.227965479141759e-17,4.615774779889569e-18,1.509236171108459e-16
1008,1.315093629108539e-12,1.233864042350174e-17,4.744242621967657e-18,1.489614107013594e-16
1009,1.290846350558469e-12,1.233132921997122e-17,4.699037488310826e-18,1.484174159771698e-16
1010,1.260812948494453e-12,1.240283661078229e-17,4.508078562011647e-18,1.494237539792828e-16
1011,1.279128754579796e-12,1.244382813096082e-17,4.696307103534186e-18,1.470677561458741e-16
1012,1.245821138500851e-12,1.237270741266459e-17,4.471332279553144e-18,1.496401785312465e-16
1013,1.281227353522807e-12,1.23831204453748e-17,4.769308656422852e-18,1.467551339746379e-16
1014,1.251291200993522e-12,1.24661896181453e-17,4.537657500012027e-18,1.487874191844632e-16
1015,1.264799941352658e-12,1.239478009529665e-17,4.743568484460459e-18,1.483236293257989e-16
1016,1.261859891492657e-12,1.247218444820031e-17,4.643881894886547e-18,1.487225641479111e-16
1017,1.262025859918863e-12,1.242240481735131e-17,4.643885238439326e-18,1.474130067493781e-16
1018,1.255175132834153e-12,1.243570131779157e-17,4.704924762517707e-18,1.457557074138428e-16
1019,1.239641058286488e-12,1.247764557984494e-17,4.474122743449985e-18,1.490462767714945e-16
1020,1.275199252324761e-12,1.240423564646908e-17,4.716808144243396e-18,1.477404161904105e-16
1021,1.271766278712447e-12,1.236568905919168e-17,4.670253914841447e-18,1.488048585189512e-16
1022,1.255039619819503e-12,1.250253017996202e-17,4.631340231641249e-18,1.500171735454544e-16
1023,1.290705801286112e-12,1.245479048870286e-17,4.682494749879483e-18,1.461879939585933e-16
1024,1.266295509337913e-12,1.24150408592183e-17,4.581841242209667e-18,1.50735240152137e-16
1025,1.307513737580769e-12,1.239314571821426e-17,4.777867577679216e-18,1.506058515414197e-16
1026,1.301308094477907e-12,1.248506746616773e-17,4.693515891236583e-18,1.490201579525609e-16
1027,1.26732583485022e-12,1.253446957415318e-17,4.674340418755099e-18,1.508960517111714e-16
1028,1.310488832473731e-12,1.237326395359782e-17,4.753170818176304e-18,1.47723700146293e-16
1029,1.268670455081034e-12,1.241993529520266e-17,4.648545963024083e-18,1.506338187690778e-16
1030,1.299830448864031e-12,1.233165967488282e-17,4.763104115713855e-18,1.4779088578515e-16
1031,1.269304692775378e-12,1.235000780182971e-17,4.619096128230057e-18,1.477910465163434e-16
1032,1.267966892524894e-12,1.232747725748637e-17,4.573554313764868e-18,1.494743039396188e-16
1033,1.27150199780655e-12,1.240596896685198e-17,4.743772264427491e-18,1.479309630202308e-16
1034,1.254565191456476e-12,1.24860712665789e-17,4.604603605344422e-18,1.504185997010649e-16
1035,1.266287847559555e-12,1.247795854001378e-17,4.575910416188279e-18,1.482939744206097e-16
1036,1.269471455383125e-12,1.251577563147887e-17,4.709955725079637e-18,1.495093433397882e-16
1037,1.25239684680276e-12,1.251394824136812e-17,4.576264153560891e-18,1.501318552519722e-16
1038,1.280421313155026e-12,1.243415195766453e-17,4.669312979649474e-18,1.47383592940979e-16
1039,1.255025692055511e-12,1.235779575448331e-17,4.503685590561885e-18,1.514250984343713e-16
1040,1.282877503046817e-12,1.23652204454874e-17,4.622473711784996e-18,1.505135114707898e-16
1041,1.313449834456499e-12,1.252640040495037e-17,4.746828186959012e-18,1.484086561271274e-16
1042,1.264446798862692e-12,1.248239807308785e-17,4.736822934081068e-18,1.506764929009355e-16
1043,1.280604831488466e-12,1.24114967030166e-17,4.718074327215419e-18,1.474111583406536e-16
1044,1.267842706588982e-12,1.245394014152862e-17,4.566279306610097e-18,1.49077860451005e-16
1045,1.320318860836081e-12,1.232678812498907e-17,4.778810154068686e-18,1.50319669651504e-16
1046,1.281460065399293e-12,1.241901694514982e-17,4.727170597771691e-18,1.479630288933216e-16
1047,1.26838508339503e-12,1.234300940915807e-17,4.671795080581687e-18,1.483505518006998e-16
1048,1.25711888097394e-12,1.243381386599423e-17,4.623770360122638e-18,1.474758526460122e-16
1049,1.262790534853978e-12,1.229626547005286e-17,4.695720044602101e-18,1.481770424773838e-16
1050,1.264547323596685e-12,1.236837670919903e-17,4.596217801738474e-18,1.464374487708085e-16
1051,1.238972891448465e-12,1.247248239040578e-17,4.51002324426304e-18,1.458236163430702e-16
1052,1.239732832275949e-12,1.247094982540879e-17,4.531181204968691e-18,1.479815933461637e-16
1053,1.27514171465626e-12,1.238854028888195e-17,4.737569246813824e-18,1.461867081090458e-16
1054,1.241649471519613e-12,1.242982747320375e-17,4.575594249483483e-18,1.47810575356346e-16
1055,1.255980599783187e-12,1.247974642258181e-17,4.654934536604033e-18,1.469342688897242e-16
1056,1.246902053148507e-12,1.25084705111534e-17,4.527317362881195e-18,1.473975765548081e-16
1057,1.266060581248825e-12,1.243756103862755e-17,4.626065145322917e-18,1.488100019171412e-16
1058,1.268487653416642e-12,1.245311616231967e-17,4.63725202011968e-18,1.488585427375594e-16
1059,1.304843880620212e-12,1.228314279198196e-17,4.763795874968523e-18,1.489466234315631e-16
1060,1.270146125036592e-12,1.239286254849379e-17,4.621406046245399e-18,1.464092404463602e-16
1061,1.265983634625896e-12,1.230590682956844e-17,4.471376669703068e-18,1.469662543972182e-16
1062,1.242198712832666e-12,1.248535191222452e-17,4.607693069897058e-18,1.473925938878115e-16
1063,1.276815796250019e-12,1.247128524403953e-17,4.719772261491503e-18,1.468220785167047e-16
1064,1.251040393933383e-12,1.246292951690081e-17,4.5859006727906e-18,1.505296649557302e-16
1065,1.286552555154565e-12,1.238714735693603e-17,4.705000030177004e-18,1.476888214773171e-16
1066,1.284506754945638e-12,1.232499356730721e-17,4.631421943730146e-18,1.459997777310778e-16
1067,1.246510921553805e-12,1.248669416319738e-17,4.618843549864855e-18,1.491135427759481e-16
1068,1.264533009923697e-12,1.240853527042829e-17,4.665357939167234e-18,1.469402963094781e-16
1069,1.252998418651729e-12,1.245884403297925e-17,4.630818946096919e-18,1.476044376007623e-16
1070,1.259141392445094e-12,1.247466000923024e-17,4.657840575524686e-18,1.46242401467572e-16
1071,1.252589389019994e-12,1.240558765697656e-17,4.515208724094239e-18,1.456531609124297e-16
1072,1.227612221808657e-12,1.241431390731947e-17,4.361481190699309e-18,1.487128399107081e-16
1073,1.266763396822369e-12,1.247029189930851e-17,4.794609772175471e-18,1.462352489294639e-16
1074,1.254153778428332e-12,1.239510951645012e-17,4.519234712441148e-18,1.474449118912755e-16
1075,1.270182490921842e-12,1.234711096428768e-17,4.630089671683399e-18,1.469793539894834e-16
1076,1.240640368196223e-12,1.234446899028011e-17,4.50278892496556e-18,1.482598994076009e-16
1077,1.279984254598475e-12,1.233876672153638e-17,4.598428977479196e-18,1.46753687393897e-16
1078,1.246109408863466e-12,1.227294211966617e-17,4.548824946197204e-18,1.459353245225093e-16
1079,1.221370847484349e-12,1.247267846221613e-17,4.473152830222738e-18,1.50047873203401e-16
1080,1.283921945686753e-12,1.246114864466739e-17,4.755155893391275e-18,1.492650319257631e-16
1081,1.322038823445369e-12,1.23144025886394e-17,4.731236205868652e-18,1.501971924821045e-16
1082,1.296851396625127e-12,1.237084456598425e-17,4.771266894449155e-18,1.490485270082026e-16
1083,1.283431286849138e-12,1.251835852278057e-17,4.705352607303264e-18,1.506132451763178e-16
1084,1.286037682924119e-12,1.23255079891027e-17,4.666999305595445e-18,1.515740158850912e-16
1085,1.302324650491334e-12,1.246490216238801e-17,4.629017653081923e-18,1.501623138131286e-16
1086,1.262889399858615e-12,1.245011109918044e-17,4.725365305711302e-18,1.527663198780115e-16
1087,1.309162306023629e-12,1.251198914060911e-17,4.618566697173337e-18,1.48112991096799e-16
1088,1.281799866020169e-12,1.242378321798921e-17,4.575128392583215e-18,1.50004716877963e-16
1089,1.320821361982533e-12,1.234143739472606e-17,4.81741368543587e-18,1.489016186974006e-16
1090,1.280962902710729e-12,1.245863623266522e-17,4.771535994735178e-18,1.49680039867219e-16
1091,1.293513887238263e-12,1.234881846328667e-17,4.55378916911883e-18,1.486016139248493e-16
1092,1.264475441975053e-12,1.243129107669476e-17,4.73356948781051e-18,1.50346833223195e-16
1093,1.276394621925549e-12,1.242079043771012e-17,4.683384287829256e-18,1.469558872352415e-16
1094,1.274710493303138e-12,1.248687541027401e-17,4.682639088711997e-18,1.48270186203981e-16
1095,1.252193701808504e-12,1.249235919228067e-17,4.667183289810313e-18,1.499863131563144e-16
1096,1.266572718128381e-12,1.253708217303003e-17,4.587590296435127e-18,1.467510353292053e-16
1097,1.256747075927582e-12,1.247620192726855e-17,4.666979145936879e-18,1.492501642903701e-16
1098,1.257557775345649e-12,1.247016575472881e-17,4.643740246178536e-18,1.480745763415673e-16
1099,1.295621094059645e-12,1.233907649268925e-17,4.706704838996104e-18,1.487437806654449e-16
1100,1.278737370238585e-12,1.234367423354856e-17,4.601589301379346e-18,1.527843217716765e-16
1101,1.311793548568586e-12,1.243270398274364e-17,4.776505304079284e-18,1.48857497984802e-16
1102,1.332728420939976e-12,1.239129617322118e-17,4.767390798964333e-18,1.525989183400462e-16
1103,1.32630972083058e-12,1.244704884609179e-17,4.707914100467099e-18,1.494543732716326e-16
1104,1.285360670058483e-12,1.246059214773856e-17,4.617232947787175e-18,1.503805064082202e-16
1105,1.318096626878744e-12,1.238506822500326e-17,4.811401817819257e-18,1.525882297156826e-16
1106,1.305418960299259e-12,1.238742255174429e-17,4.682981844101461e-18,1.466408540961038e-16
1107,1.269176927803258e-12,1.237880025015746e-17,4.730558510500636e-18,1.518056295348348e-16
1108,1.304872616543804e-12,1.242419969574004e-17,4.637795749814042e-18,1.501395703492572e-16
1109,1.283375344374706e-12,1.247697782149718e-17,4.743459398082464e-18,1.502473406144571e-16
1110,1.307055896323284e-12,1.243851212757386e-17,4.778676700907548e-18,1.51712405442641e-16
1111,1.29225208677582e-12,1.239096417739938e-17,4.655234104772958e-18,1.487582464728543e-16
1112,1.275868938648141e-12,1.235507552784874e-17,4.635244142484058e-18,1.491788800060805e-16
1113,1.2865832152619e-12,1.242004568881196e-17,4.747831590124848e-18,1.472014844988142e-16
1114,1.267252245982954e-12,1.243917441831553e-17,4.674130325144814e-18,1.484353375052381e-16
1115,1.274797654906804e-12,1.24691662275482e-17,4.607171008074474e-18,1.486607630040343e-16
1116,1.289312723037497e-12,1.241752002904617e-17,4.700593417563454e-18,1.470029011093221e-16
1117,1.246449401019197e-12,1.243021147851848e-17,4.458382761238927e-18,1.487592108600149e-16
1118,1.279546787919695e-12,1.24562921605931e-17,4.638447833944929e-18,1.472563742013732e-16
1119,1.270546954394434e-12,1.241895744307258e-17,4.58731768881482e-18,1.473713773702778e-16
1120,1.24666737910866e-12,1.240122850406301e-17,4.470946192811114e-18,1.470821415876868e-16
1121,1.240177790860308e-12,1.24430368866307e-17,4.43039603791523e-18,1.476151262251259e-16
1122,1.255409256052625e-12,1.235840333090141e-17,4.427374436738042e-18,1.489530526793007e-16
1123,1.256376068085769e-12,1.240085115488391e-17,4.772528243914865e-18,1.486724160155586e-16
1124,1.308585894769816e-12,1.235150138474299e-17,4.696378293411682e-18,1.492346537302034e-16
1125,1.285705108234583e-12,1.235406839708872e-17,4.736033166111154e-18,1.472442389962686e-16
1126,1.268796467195235e-12,1.242601232821858e-17,4.703483954473901e-18,1.498413336198337e-16
1127,1.305272114360283e-12,1.227830159040583e-17,4.638108353672333e-18,1.472138608007089e-16
1128,1.260120142587905e-12,1.233940448371257e-17,4.649712297473728e-18,1.454632570073831e-16
1129,1.240240610685336e-12,1.242172945848071e-17,4.440303269744054e-18,1.476143225691587e-16
1130,1.280945188308658e-12,1.236842347615876e-17,4.686384604596046e-18,1.499013667205826e-16
1131,1.279527049708365e-12,1.250440358484522e-17,4.725222977514196e-18,1.495690549781503e-16
1132,1.291113768791269e-12,1.242959281466503e-17,4.697373519907833e-18,1.469686653651198e-16
1133,1.249113872122501e-12,1.239392603157493e-17,4.4906697294242e-18,1.497327596986665e-16
1134,1.262676369658275e-12,1.241643019771439e-17,4.544597446906062e-18,1.475599150601801e-16
1135,1.261049111990039e-12,1.245607644287498e-17,4.735868344259058e-18,1.475749434267665e-16
1136,1.25659321040651e-12,1.234315349100113e-17,4.534552056835263e-18,1.506424178879268e-16
1137,1.286121245432859e-12,1.248887590306834e-17,4.63452757013749e-18,1.475002837874148e-16
1138,1.260526613455602e-12,1.239883795568053e-17,4.486373740077713e-18,1.50308820295947e-16
1139,1.316026732410063e-12,1.229811696841273e-17,4.811328585586947e-18,1.486753091770405e-16
1140,1.275196842205666e-12,1.237828702299816e-17,4.648183786418473e-18,1.466071005454819e-16
1141,1.274674578780764e-12,1.237569023709675e-17,4.529101315773334e-18,1.47281287536356e-16
1142,1.273118306238134e-12,1.231970436724371e-17,4.614418448818423e-18,1.459002047567432e-16
1143,1.218817741456745e-12,1.256087367206377e-17,4.520201477334657e-18,1.469460826324418e-16
1144,1.247972202829134e-12,1.247410044002224e-17,4.464005809604141e-18,1.485980778385937e-16
1145,1.28008749597748e-12,1.24037672147848e-17,4.783793695937925e-18,1.465211093569928e-16
1146,1.257794226009904e-12,1.236235418142059e-17,4.537702354360532e-18,1.469681028059428e-16
1147,1.258213008219689e-12,1.23213886045505e-17,4.632390064572954e-18,1.457121492604212e-16
1148,1.244344308997821e-12,1.237150274935258e-17,4.644137684315549e-18,1.457959705777989e-16
1149,1.239799439039687e-12,1.239358794479908e-17,4.574080295221904e-18,1.474854161520217e-16
1150,1.265133737987138e-12,1.235299214193732e-17,4.664534548906615e-18,1.471830807771656e-16
1151,1.249571823510858e-12,1.237412449965992e-17,4.542046419789679e-18,1.474783439795105e-16
1152,1.301153153969964e-12,1.230998373014128e-17,4.759729871596058e-18,1.467270863813831e-16
1153,1.257621521211975e-12,1.242817517844883e-17,4.551684079492435e-18,1.504971972546558e-16
1154,1.283916390023529e-12,1.24368058365714e-17,4.720315218415515e-18,1.475175623907093e-16
1155,1.255595789740606e-12,1.245142241893371e-17,4.529046100725302e-18,1.459341994041553e-16
1156,1.243767176214771e-12,1.246838994414257e-17,4.582764757382304e-18,1.481964105861931e-16
1157,1.270474778155182e-12,1.237035191948746e-17,4.72676599043094e-18,1.492692109367924e-16
1158,1.27238986838492e-12,1.241199706109001e-17,4.651144499526279e-18,1.488730889105654e-16
1159,1.262633148435242e-12,1.246611221106505e-17,4.685128254572101e-18,1.494084845159061e-16
1160,1.289764874751099e-12,1.234922122090431e-17,4.72292760688978e-18,1.473225954530694e-16
1161,1.246353376569328e-12,1.236454029493976e-17,4.575349554841279e-18,1.481076066018188e-16
1162,1.263265159862574e-12,1.242622082222766e-17,4.648574147749922e-18,1.454565062972587e-16
1163,1.228765877813577e-12,1.255465231203273e-17,4.51435315770711e-18,1.467171210473899e-16
1164,1.260051886666973e-12,1.236236535767941e-17,4.517120704515718e-18,1.471106713745219e-16
1165,1.253532628253208e-12,1.236720744445318e-17,4.660572240658785e-18,1.470636575004415e-16
1166,1.243171953592606e-12,1.24731621990981e-17,4.490166758714656e-18,1.461224959972675e-16
1167,1.244819111812493e-12,1.24230340034911e-17,4.392388196970088e-18,1.460639898428562e-16
1168,1.267357656743052e-12,1.232208872660072e-17,4.442353274693292e-18,1.475562986083277e-16
1169,1.261383514193999e-12,1.234649608352924e-17,4.593385853958849e-18,1.475523606940885e-16
1170,1.279455721263045e-12,1.234940420096724e-17,4.787663705482089e-18,1.492034718786765e-16
1171,1.267612310734331e-12,1.233440508730093e-17,4.615022929177565e-18,1.46630808396514e-16
1172,1.244000478662629e-12,1.236519177756848e-17,4.46253681448992e-18,1.475194911650306e-16
1173,1.257914462666785e-12,1.235723376414013e-17,4.688521173115042e-18,1.45682494355232e-16
1174,1.23952608344349e-12,1.240564375252492e-17,4.55794832351638e-18,1.489614910669562e-16
1175,1.29430135573977e-12,1.222740608902845e-17,4.738670537343895e-18,1.467961204289646e-16
1176,1.243872378504511e-12,1.240363132911426e-17,4.528557888687468e-18,1.519011038637368e-16
1177,1.311909258936828e-12,1.236091547546862e-17,4.686982063992595e-18,1.478886907163567e-16
1178,1.28083750266296e-12,1.242791513462733e-17,4.56911267447844e-18,1.500323626432343e-16
1179,1.265086643494415e-12,1.254249835532108e-17,4.643429442883817e-18,1.482665697521286e-16
1180,1.271346562594874e-12,1.24766208093466e-17,4.715347944943198e-18,1.49254182570206e-16
1181,1.279919819370346e-12,1.237131390881129e-17,4.748632496092491e-18,1.477136544467032e-16
1182,1.266094276285069e-12,1.231555398106618e-17,4.650666816112809e-18,1.459603985886856e-16
1183,1.249453725186649e-12,1.236669937164882e-17,4.541302269643411e-18,1.502281332368413e-16
1184,1.315786900657899e-12,1.242141484619146e-17,4.707188508409978e-18,1.505555426778737e-16
1185,1.313410713028028e-12,1.232745890384956e-17,4.78776997353984e-18,1.513771201731301e-16
1186,1.293592975717918e-12,1.224805296521691e-17,4.682111352898618e-18,1.501012359596223e-16
1187,1.295675568974239e-12,1.232888976849273e-17,4.727710186636472e-18,1.501786280292625e-16
1188,1.286587038844094e-12,1.229207986291049e-17,4.642361235127759e-18,1.510980104557257e-16
1189,1.281355176483157e-12,1.248527270160232e-17,4.629486060158731e-18,1.475420738977085e-16
1190,1.253513895883797e-12,1.243580590490481e-17,4.643817396095012e-18,1.469278396419867e-16
1191,1.240653268272499e-12,1.24881646982426e-17,4.664874784825516e-18,1.494000461282507e-16
1192,1.287075233783208e-12,1.22952558209139e-17,4.658128822066119e-18,1.490240958668001e-16
1193,1.306384846775455e-12,1.232097098830299e-17,4.703975594958085e-18,1.507330702810256e-16
1194,1.280483704782406e-12,1.242443562217525e-17,4.629712822272347e-18,1.466203608689405e-16
1195,1.272951725027323e-12,1.239095382225417e-17,4.733862046529551e-18,1.498676935355574e-16
1196,1.293323277288385e-12,1.233661260885277e-17,4.756618341188224e-18,1.518246761812571e-16
1197,1.298053356558157e-12,1.241806301716333e-17,4.661640963239345e-18,1.482855360329542e-16
1198,1.266589651559939e-12,1.227832477574856e-17,4.724182308957851e-18,1.517849755764781e-16
1199,1.279529089200501e-12,1.245966064632511e-17,4.5560875665109e-18,1.480122126385135e-16
1200,1.277848710405669e-12,1.23356703479906e-17,4.586047096631634e-18,1.524714585036501e-16
1201,1.29650923555595e-12,1.239289835632308e-17,4.662222338880538e-18,1.477429075239088e-16
1202,1.302627176354988e-12,1.223261347865789e-17,4.812876069323954e-18,1.499794017149966e-16
1203,1.28603713455789e-12,1.237965039778033e-17,4.674237128986511e-18,1.470637378660382e-16
1204,1.277556627567477e-12,1.240297486217844e-17,4.611065547787365e-18,1.464318231790381e-16
1205,1.261402481389017e-12,1.230135918987591e-17,4.676258497236043e-18,1.494403092922068e-16
1206,1.288909933487093e-12,1.232311910358754e-17,4.666542465606573e-18,1.478949592329008e-16
1207,1.278481651815895e-12,1.227991005883193e-17,4.712019681133055e-18,1.466805547008829e-16
1208,1.243422581293413e-12,1.239575756665697e-17,4.550484349648173e-18,1.493390486403411e-16
1209,1.273041654783978e-12,1.237746677705992e-17,4.683884082575224e-18,1.491337949063213e-16
1210,1.268316050294866e-12,1.236656281671637e-17,4.602764476988339e-18,1.475969636002675e-16
1211,1.256240418818821e-12,1.230116211446272e-17,4.517275187424465e-18,1.462042278091305e-16
1212,1.24211232421611e-12,1.230239667501459e-17,4.422632317017328e-18,1.477478098253087e-16
1213,1.250180982264556e-12,1.238883274449663e-17,4.638781030405312e-18,1.472552490830191e-16
1214,1.254819215694245e-12,1.230991972588281e-17,4.489320166847535e-18,1.464550488364899e-16
1215,1.233301864298934e-12,1.247197546329967e-17,4.561351875945264e-18,1.516866080860942e-16
1216,1.310935589745417e-12,1.240832813688007e-17,4.773352861603176e-18,1.490118802960988e-16
1217,1.271483999743162e-12,1.248794210126461e-17,4.638913613068452e-18,1.500530969671877e-16
1218,1.276925385235764e-12,1.245925298560518e-17,4.701810798968302e-18,1.458331798490797e-16
1219,1.26086619954341e-12,1.238202400535941e-17,4.573075160337361e-18,1.478508385203022e-16
1220,1.273319607984984e-12,1.231813087093466e-17,4.606288939880747e-18,1.47604517966359e-16
1221,1.269585665823676e-12,1.2404646032184e-17,4.686804959262441e-18,1.491251154218756e-16
1222,1.309160335659744e-12,1.230922597960959e-17,4.748269641724854e-18,1.48938667237488e-16
1223,1.27012880284005e-12,1.234352806201759e-17,4.655208684621313e-18,1.465760794251484e-16
1224,1.237053518156641e-12,1.249659896926378e-17,4.454052233341304e-18,1.456579828482328e-16
1225,1.251189900299519e-12,1.246696741128918e-17,4.490973404280517e-18,1.475163569067585e-16
1226,1.255620659826756e-12,1.246093369260768e-17,4.642091258202866e-18,1.495021104360836e-16
1227,1.300311949269128e-12,1.228955357722896e-17,4.568656054834204e-18,1.503866141935708e-16
1228,1.298595744938469e-12,1.242940906372989e-17,4.764104971054245e-18,1.485799955793319e-16
1229,1.262694346009481e-12,1.245953010306447e-17,4.670436183653518e-18,1.481883740265212e-16
1230,1.261729176018615e-12,1.251304623465067e-17,4.688554320577549e-18,1.464032130266063e-16
1231,1.245365560755123e-12,1.249300252226551e-17,4.576231564492267e-18,1.493886342135166e-16
1232,1.263782755652527e-12,1.243064218595943e-17,4.721988384280268e-18,1.470188938630691e-16
1233,1.237747269862572e-12,1.249435866729715e-17,4.517745285110858e-18,1.478329973578306e-16
1234,1.284343016310498e-12,1.233487820113351e-17,4.619562124382565e-18,1.477321385339485e-16
1235,1.284861572563909e-12,1.239871880114074e-17,4.691975080001625e-18,1.530358660894063e-16
1236,1.301602857484643e-12,1.247173540580747e-17,4.647674143050463e-18,1.504603898113586e-16
1237,1.299859623073085e-12,1.262519728826351e-17,4.722441535191835e-18,1.500696522801118e-16
1238,1.28367822733696e-12,1.251580865170203e-17,4.682668116987044e-18,1.514016316801294e-16
1239,1.298254428172571e-12,1.241606456129332e-17,4.75441729013169e-18,1.496853439966024e-16
1240,1.319248088450052e-12,1.235542315372009e-17,4.657272927210087e-18,1.522428183809851e-16
1241,1.308013354464159e-12,1.241952779053806e-17,4.772642620618606e-18,1.495417306752659e-16
1242,1.295347961547775e-12,1.240955478738581e-17,4.709331547841379e-18,1.494450508624132e-16
1243,1.290474169039564e-12,1.238715787704563e-17,4.699406107170909e-18,1.522905555454361e-16
1244,1.303632678545848e-12,1.24050860132146e-17,4.70550032049066e-18,1.468854869725159e-16
1245,1.286723340094487e-12,1.238143809239115e-17,4.623651400920832e-18,1.512021642690733e-16
1246,1.288593205968611e-12,1.236866460447262e-17,4.572802459615019e-18,1.505158420730946e-16
1247,1.290600763307491e-12,1.233894289321443e-17,4.803395649079789e-18,1.473311945719184e-16
1248,1.257175681981482e-12,1.241028599253989e-17,4.657133391640633e-18,1.483387380579821e-16
1249,1.268209162388167e-12,1.243294706163491e-17,4.67705127121294e-18,1.462779230613217e-16
1250,1.251921012726213e-12,1.243832867032511e-17,4.523086571692918e-18,1.487394409232221e-16
1251,1.259239640606618e-12,1.246627869693149e-17,4.671219764419525e-18,1.478503563267219e-16
1252,1.258944042265404e-12,1.242051740686024e-17,4.590054092300267e-18,1.493370395004232e-16
1253,1.282308216261644e-12,1.24630624422323e-17,4.721382849208447e-18,1.486094897533278e-16
1254,1.289959090476574e-12,1.237525549504745e-17,4.527337678239888e-18,1.469561283320317e-16
1255,1.260169058966587e-12,1.244563420086523e-17,4.731986158297584e-18,1.472076726497616e-16
1256,1.255973665312848e-12,1.247810641985679e-17,4.673618138498763e-18,1.468895856179485e-16
1257,1.249167011119892e-12,1.252328899613794e-17,4.598161631811831e-18,1.480085158210645e-16
1258,1.257229458231438e-12,1.243560551400207e-17,4.641283939109558e-18,1.480961946870847e-16
1259,1.258848820648546e-12,1.233174665960805e-17,4.602196580513526e-18,1.470710511353396e-16
1260,1.239494419414929e-12,1.241778255239081e-17,4.427348792901678e-18,1.495370694706562e-16
1261,1.292046006411364e-12,1.249091903415072e-17,4.78112568418059e-18,1.491255172498592e-16
1262,1.273395486735957e-12,1.2395068406872e-17,4.696319446835208e-18,1.466576505058181e-16
1263,1.251962944228888e-12,1.246855510146309e-17,4.616658939879522e-18,1.482445495786276e-16
1264,1.251948321591539e-12,1.247166324099972e-17,4.680025288525295e-18,1.493123672622304e-16
1265,1.282519033021861e-12,1.233437258285215e-17,4.655324344427901e-18,1.473079689144666e-16
1266,1.263427168955339e-12,1.24243233863116e-17,4.586936684099395e-18,1.530516177463633e-16
1267,1.308058343726938e-12,1.244951648497309e-17,4.775804995530096e-18,1.479090232123266e-16
1268,1.291750678386826e-12,1.241344288299497e-17,4.583746042553396e-18,1.518605192373938e-16
1269,1.304285224754391e-12,1.239979421047167e-17,4.621047638465301e-18,1.513582342579012e-16
1270,1.296285119248698e-12,1.249181386885387e-17,4.749496964405717e-18,1.476104650205163e-16
1271,1.268630252870209e-12,1.246625873061012e-17,4.629176860232191e-18,1.510583902165434e-16
1272,1.286309288401472e-12,1.248426216917528e-17,4.67273644183172e-18,1.484441777208772e-16
1273,1.258562757078786e-12,1.241330275351268e-17,4.638243124301729e-18,1.47521661036142e-16
1274,1.272031852345005e-12,1.243522694805422e-17,4.72256667368236e-18,1.538707842737181e-16
1275,1.312157158635482e-12,1.238676100725269e-17,4.646484627821788e-18,1.506474005549233e-16
1276,1.277750463814102e-12,1.238433746384269e-17,4.578740898225919e-18,1.492328053214788e-16
1277,1.294302553751208e-12,1.236282714708371e-17,4.692085368795773e-18,1.47480192388235e-16
1278,1.234566890790897e-12,1.249967759459179e-17,4.494430006445106e-18,1.482120818775532e-16
1279,1.274285418301523e-12,1.235583682841893e-17,4.671546008703527e-18,1.472878775152869e-16
1280,1.263550869356738e-12,1.242347578109672e-17,4.538521769163279e-18,1.513342049444823e-16
1281,1.298943566089768e-12,1.244123809002502e-17,4.685124268054472e-18,1.479311237514243e-16
1282,1.269826358063047e-12,1.245482310369056e-17,4.49882732870504e-18,1.503565574603979e-16
1283,1.299717081173504e-12,1.241151280658275e-17,4.803558112878698e-18,1.5058576014224e-16
1284,1.300764733492017e-12,1.232532457136798e-17,4.776985361488741e-18,1.4969177324434e-16
1285,1.294386636567357e-12,1.229412348349627e-17,4.649513370455564e-18,1.48787178087673e-16
1286,1.274176231408702e-12,1.244595853173476e-17,4.755158407134814e-18,1.488930999441484e-16
1287,1.309516236331796e-12,1.234898307553129e-17,4.595582042921198e-18,1.498053298325037e-16
1288,1.273480237719478e-12,1.239971397215236e-17,4.686099285884042e-18,1.497040691806379e-16
1289,1.278860456402333e-12,1.241592768208906e-17,4.715688591368393e-18,1.471704633784808e-16
1290,1.257948140550404e-12,1.253255737268646e-17,4.59264172752393e-18,1.491248743250855e-16
1291,1.278286928910532e-12,1.239043947646273e-17,4.691356501282887e-18,1.470468610907272e-16
1292,1.261483937131259e-12,1.235072774792995e-17,4.578701410391327e-18,1.472591869972583e-16
1293,1.260683748714488e-12,1.232446006808325e-17,4.452172721804023e-18,1.502725754118268e-16
1294,1.284584863370766e-12,1.246828398236089e-17,4.746953650381207e-18,1.492856055185231e-16
1295,1.28179196599236e-12,1.249025722920414e-17,4.731722672193636e-18,1.507026920854658e-16
1296,1.309174716573692e-12,1.236587870659338e-17,4.717425048342599e-18,1.48913512805715e-16
1297,1.267699390700191e-12,1.239274188839982e-17,4.68478212275201e-18,1.485737270627879e-16
1298,1.268726980076628e-12,1.243464734530603e-17,4.608611799903384e-18,1.467028963367707e-16
1299,1.248416948416981e-12,1.23689944966466e-17,4.567913997887e-18,1.475137048420668e-16
1300,1.262173026329657e-12,1.238526922561989e-17,4.647331192375155e-18,1.47439045202715e-16
1301,1.252083827825308e-12,1.242921787088198e-17,4.491141786763257e-18,1.495545088051442e-16
1302,1.285251302486898e-12,1.23716540659058e-17,4.772311752880574e-18,1.496222570031782e-16
1303,1.299740656695808e-12,1.232967034883214e-17,4.699817900777531e-18,1.504450399823854e-16
1304,1.276918218344859e-12,1.235711975200918e-17,4.618865993840554e-18,1.512601882299043e-16
1305,1.314342927599806e-12,1.239691608993517e-17,4.735025022681161e-18,1.503702196118401e-16
1306,1.273991541870017e-12,1.232899024447871e-17,4.644441770140887e-18,1.488336294025765e-16
1307,1.277018287523855e-12,1.235671638590289e-17,4.699411512033893e-18,1.477175119953457e-16
1308,1.264402376805635e-12,1.247250090135573e-17,4.504004344788639e-18,1.51093349251116e-16
1309,1.28421556170568e-12,1.240261973931714e-17,4.601409816077308e-18,1.488125736162362e-16
1310,1.289773320439464e-12,1.243613034080618e-17,4.740324673017137e-18,1.491650571234449e-16
1311,1.265998973715171e-12,1.237736053997698e-17,4.698982152071454e-18,1.501630371034991e-16
1312,1.292646450696576e-12,1.23716011543421e-17,4.702572709211644e-18,1.496710389203865e-16
1313,1.319498189914355e-12,1.23365950630344e-17,4.619371653884381e-18,1.488787145023358e-16
1314,1.280603385690917e-12,1.242720924570587e-17,4.677451934455149e-18,1.47101509696496e-16
1315,1.259206399321592e-12,1.252760553856597e-17,4.614831846783843e-18,1.464687913535288e-16
1316,1.244950965055017e-12,1.244897568080919e-17,4.529220260562263e-18,1.474798709258481e-16
1317,1.252253678272883e-12,1.238156287359027e-17,4.455900675376205e-18,1.483430778002049e-16
1318,1.257956727434764e-12,1.250955883722428e-17,4.734218136242989e-18,1.473485535408096e-16
1319,1.280925239823188e-12,1.229758326761704e-17,4.704585693742027e-18,1.478444092725647e-16
1320,1.272579079418862e-12,1.234363965447322e-17,4.516667805329293e-18,1.472501056848291e-16
1321,1.247609048634568e-12,1.249557653913898e-17,4.669281318383313e-18,1.483780368347775e-16
1322,1.284315271330929e-12,1.253411356372197e-17,4.610374091706564e-18,1.507811289078634e-16
1323,1.290109840733661e-12,1.235173259147756e-17,4.636930120446328e-18,1.491255976154559e-16
1324,1.280013849372509e-12,1.229159264603732e-17,4.663242789000957e-18,1.489172096231641e-16
1325,1.274646104706097e-12,1.231282078545598e-17,4.692461333344827e-18,1.496324634339615e-16
1326,1.267174758910392e-12,1.239858566959725e-17,4.641930728178292e-18,1.477934574842449e-16
1327,1.274600268300753e-12,1.245360948716992e-17,4.695607306006687e-18,1.490746458271362e-16
1328,1.292692099375047e-12,1.242334935175272e-17,4.550797177921113e-18,1.493363162100527e-16
1329,1.285545890242915e-12,1.239667405580312e-17,4.736278649456733e-18,1.478968880072221e-16
1330,1.282262444892638e-12,1.238134400043299e-17,4.753035193920417e-18,1.467910573963713e-16
1331,1.243713883010777e-12,1.241834959678209e-17,4.542157443679645e-18,1.500093780825727e-16
1332,1.304764847623534e-12,1.227395170092807e-17,4.692376966075245e-18,1.465307532285991e-16
1333,1.267076945994624e-12,1.24106075700123e-17,4.567889391829897e-18,1.498591747823052e-16
1334,1.280922452747197e-12,1.237508399768396e-17,4.701456544394025e-18,1.467681532013064e-16
1335,1.260734058163518e-12,1.234741174752761e-17,4.593031868233766e-18,1.466466404190675e-16
1336,1.255072276846393e-12,1.233619082047663e-17,4.477471761652706e-18,1.450541961200843e-16
1337,1.227743641325278e-12,1.241419303789826e-17,4.598467075064253e-18,1.460181010871297e-16
1338,1.23998334682288e-12,1.243713747649324e-17,4.437433165403236e-18,1.491217400668134e-16
1339,1.293147908505838e-12,1.246547427801334e-17,4.767775596213362e-18,1.480914531168783e-16
1340,1.284962888122406e-12,1.233431855049911e-17,4.684187064029769e-18,1.477777058272881e-16
1341,1.262918095397547e-12,1.238769849364334e-17,4.651982288856842e-18,1.472308983072133e-16
1342,1.245131923488705e-12,1.23872793682702e-17,4.556063543437227e-18,1.48665424208644e-16
1343,1.284543725899317e-12,1.236195860383998e-17,4.738284038399457e-18,1.471314056984754e-16
1344,1.250924957038434e-12,1.243130772942963e-17,4.623007403146975e-18,1.463456712593556e-16
1345,1.236925742278324e-12,1.243638153635312e-17,4.591709669129208e-18,1.463264638817398e-16
1346,1.244099699847274e-12,1.241853311380045e-17,4.571843389356558e-18,1.46549639143828e-16
1347,1.244399449758255e-12,1.245160099515406e-17,4.536392097257932e-18,1.45214927313522e-16
1348,1.222434694502455e-12,1.255443268849997e-17,4.350125301731411e-18,1.479657613236101e-16
1349,1.281452393750244e-12,1.235147710239231e-17,4.609338630382782e-18,1.47021787024551e-16
1350,1.240627390056299e-12,1.252662521855254e-17,4.597400360023409e-18,1.469486543315369e-16
1351,1.259045669310216e-12,1.236134854986043e-17,4.582641063081257e-18,1.483138247229992e-16
1352,1.273286909053581e-12,1.236174413492284e-17,4.621761623459361e-18,1.45758520209728e-16
1353,1.238007910804535e-12,1.250085539303804e-17,4.461819414776447e-18,1.467443649846776e-16
1354,1.239377777510537e-12,1.252216437113765e-17,4.512855699808997e-18,1.466656870654899e-16
1355,1.254313245943086e-12,1.250528212983681e-17,4.644485323263731e-18,1.478231927550309e-16
1356,1.268850791260265e-12,1.241256534225796e-17,4.536832527095021e-18,1.463254994945792e-16
1357,1.232921697874287e-12,1.251536703602377e-17,4.533499196371756e-18,1.481861237898131e-16
1358,1.266210308511368e-12,1.250487998485279e-17,4.657403592532115e-18,1.463768531108825e-16
1359,1.255941297575742e-12,1.248697990482288e-17,4.481961258026226e-18,1.483260402937005e-16
1360,1.286523347859486e-12,1.24159750661011e-17,4.604069100262642e-18,1.502642173897681e-16
1361,1.281563091577163e-12,1.23602695498886e-17,4.729047711267628e-18,1.486004084408986e-16
1362,1.266049125466948e-12,1.237336144833092e-17,4.626670632242111e-18,1.498521829753907e-16
1363,1.312763211478136e-12,1.238219087105062e-17,4.795787915393502e-18,1.490257031787345e-16
1364,1.259693006782813e-12,1.239544099733826e-17,4.608159984390628e-18,1.481088924513663e-16
1365,1.263188119459717e-12,1.248136529565808e-17,4.702406108429954e-18,1.478677956612099e-16
1366,1.249871668788427e-12,1.24434348726444e-17,4.580909311500715e-18,1.489029045469481e-16
1367,1.295061325912103e-12,1.238741664249742e-17,4.7710604926583e-18,1.498432623941549e-16
1368,1.287885128380764e-12,1.248466206755581e-17,4.642866265347122e-18,1.483945921477017e-16
1369,1.276021334388052e-12,1.247298213104888e-17,4.715864366848753e-18,1.483642139521419e-16
1370,1.261221398076874e-12,1.238093874645818e-17,4.612442590481701e-18,1.488814469326242e-16
1371,1.271812427572803e-12,1.225434954421695e-17,4.630561796013169e-18,1.484035930945342e-16
1372,1.273865305869808e-12,1.231423053532926e-17,4.739994379638596e-18,1.484998710794033e-16
1373,1.273440202709162e-12,1.234428430535276e-17,4.659846160965459e-18,1.465765616187288e-16
1374,1.262424321663383e-12,1.237143010202792e-17,4.527684053531037e-18,1.467821368151355e-16
1375,1.266287384939747e-12,1.23056463934156e-17,4.465063772247189e-18,1.492911507446967e-16
1376,1.286295935058328e-12,1.233854060124058e-17,4.553716343412413e-18,1.472457659426063e-16
1377,1.246608570158454e-12,1.236622757886735e-17,4.449802454590786e-18,1.475843462015826e-16
1378,1.276200922348763e-12,1.236373085741426e-17,4.727677487304289e-18,1.468731106706212e-16
1379,1.243163191758158e-12,1.238606573634281e-17,4.525581829541679e-18,1.480743352447772e-16
1380,1.274163822862841e-12,1.2307404003455e-17,4.654830622982402e-18,1.483407471979001e-16
1381,1.268875071910757e-12,1.241545868521668e-17,4.749046932457941e-18,1.478434448854041e-16
1382,1.262050732192933e-12,1.240474833435281e-17,4.520903062055612e-18,1.517871454475895e-16
1383,1.287109027392761e-12,1.244745116634396e-17,4.641523891377648e-18,1.482349057070214e-16
1384,1.276575179752762e-12,1.242227698282514e-17,4.718339808424187e-18,1.503437793305197e-16
1385,1.290333717739256e-12,1.237040744426244e-17,4.709142626390177e-18,1.488029297446299e-16
1386,1.292514070800006e-12,1.232966982574541e-17,4.79620803720542e-18,1.483372111116444e-16
1387,1.287253840303152e-12,1.241500985591806e-17,4.608536737292758e-18,1.472034936387322e-16
1388,1.251508239864062e-12,1.257911726196938e-17,4.657276410111236e-18,1.49035266684744e-16
1389,1.271241989507489e-12,1.240289884085896e-17,4.670369182593674e-18,1.477151813930408e-16
1390,1.271381046000474e-12,1.236215936290161e-17,4.638497538109141e-18,1.483388987891755e-16
1391,1.294339803622928e-12,1.241353216148896e-17,4.69030853013445e-18,1.476750789602782e-16
1392,1.25286329637286e-12,1.246396772800791e-17,4.499234980561521e-18,1.476681675189603e-16
1393,1.248348172906813e-12,1.239779595475915e-17,4.548199607311391e-18,1.478284968844144e-16
1394,1.258145529528094e-12,1.237191025752999e-17,4.555096289635021e-18,1.521041073610485e-16
1395,1.297749028800454e-12,1.248074247283431e-17,4.767231467922958e-18,1.477029658223396e-16
1396,1.257974438914042e-12,1.243245963012294e-17,4.468769668364896e-18,1.498293591459226e-16
1397,1.298866666264943e-12,1.229390035088587e-17,4.738398530002143e-18,1.465013394202e-16
1398,1.264658065265512e-12,1.22886090633373e-17,4.578312606419598e-18,1.478636970157772e-16
1399,1.277865059261759e-12,1.230476643814537e-17,4.561955195202666e-18,1.495975043993888e-16
1400,1.28434017435279e-12,1.241665631545543e-17,4.667710804081513e-18,1.476448614959119e-16
1401,1.276505359135027e-12,1.235738993392571e-17,4.590374439350301e-18,1.531478957312324e-16
1402,1.308714650535644e-12,1.237565305872443e-17,4.671404478280168e-18,1.486943558234628e-16
1403,1.318853796229604e-12,1.231160527960045e-17,4.804434405401281e-18,1.478553389937185e-16
1404,1.265809340195557e-12,1.241651307353474e-17,4.562684579412132e-18,1.5123310502381e-16
1405,1.289648743149809e-12,1.238562585468709e-17,4.729961081182778e-18,1.468108273331641e-16
1406,1.281836207671282e-12,1.230721217447883e-17,4.630097305154147e-18,1.467278096717536e-16
1407,1.281215225815679e-12,1.239553514628316e-17,4.581920912333157e-18,1.478151561953591e-16
1408,1.260680408495588e-12,1.240291144249687e-17,4.689483198415671e-18,1.503003015426948e-16
1409,1.312631311287192e-12,1.241169545180291e-17,4.774365383030014e-18,1.463370721405067e-16
1410,1.27146247343337e-12,1.234076826468173e-17,4.4781955089724e-18,1.483507125318932e-16
1411,1.274079800857506e-12,1.236533078169284e-17,4.744752572516007e-18,1.482696236448039e-16
1412,1.271713689784855e-12,1.234751267301416e-17,4.705404467846295e-18,1.470044280556597e-16
1413,1.24987416413619e-12,1.239507000584429e-17,4.567808354448066e-18,1.480088372834514e-16
1414,1.275941093125105e-12,1.240643439399729e-17,4.688274238935664e-18,1.465635423920603e-16
1415,1.239430145007268e-12,1.243443964782102e-17,4.423245675760668e-18,1.480042564444384e-16
1416,1.242427510420139e-12,1.249353563881668e-17,4.687370646646996e-18,1.473066830649191e-16
1417,1.261184391782442e-12,1.235057022946667e-17,4.639039987737691e-18,1.467423558447596e-16
1418,1.248190882305609e-12,1.245794358241583e-17,4.621615271430169e-18,1.479541083120859e-16
1419,1.270264040276996e-12,1.233403346579187e-17,4.662202140094091e-18,1.469963914959878e-16
1420,1.278215081560745e-12,1.236543135925e-17,4.678204748563524e-18,1.475200537242076e-16
1421,1.271518967864891e-12,1.234635909328425e-17,4.575811955383487e-18,1.471739190991397e-16
1422,1.265682339141535e-12,1.242702012124753e-17,4.590872744717885e-18,1.470929105776471e-16
1423,1.250034155849843e-12,1.250824529009989e-17,4.461199228339275e-18,1.475411095105479e-16
1424,1.26736019252558e-12,1.241100827030013e-17,4.496554401350833e-18,1.471025544492533e-16
1425,1.261284648270769e-12,1.248062747650234e-17,4.686417617430294e-18,1.471459518714815e-16
1426,1.245180011130071e-12,1.241188307708746e-17,4.690999203535433e-18,1.497420017422892e-16
1427,1.288374714553043e-12,1.241510742486296e-17,4.690976780911842e-18,1.495730732579863e-16
1428,1.262598649914622e-12,1.241083501880841e-17,4.636630241281216e-18,1.504068663239439e-16
1429,1.292909276318369e-12,1.248697212074197e-17,4.755004517537693e-18,1.470229925085017e-16
1430,1.256778076264821e-12,1.245691331291134e-17,4.633356286746546e-18,1.46452155675008e-16
1431,1.246019282778573e-12,1.249572072415648e-17,4.666434456200895e-18,1.492329660526723e-16
1432,1.273052289528015e-12,1.255861666036249e-17,4.683514634456609e-18,1.484457850328116e-16
1433,1.274657139922994e-12,1.234331688181718e-17,4.559933323147655e-18,1.49924994206018e-16
1434,1.289791961183463e-12,1.232687353280938e-17,4.783245483545627e-18,1.480728886640363e-16
1435,1.262193286101021e-12,1.234081715280111e-17,4.651971199107872e-18,1.455573651211408e-16
1436,1.254382341023181e-12,1.238863405405265e-17,4.529189710643601e-18,1.503770506875613e-16
1437,1.298957930051511e-12,1.242054179198778e-17,4.575901748428251e-18,1.489815824661358e-16
1438,1.293722128065115e-12,1.232310899719235e-17,4.80057411049936e-18,1.49110729980063e-16
1439,1.286419940465791e-12,1.236374134304765e-17,4.722247309627663e-18,1.51677526773665e-16
1440,1.293402342652916e-12,1.244818559860729e-17,4.6976179844882e-18,1.504746145219779e-16
1441,1.316947944917777e-12,1.23739021497831e-17,4.584818009676822e-18,1.5058576014224e-16
1442,1.294921959987111e-12,1.235554239897985e-17,4.656890334854213e-18,1.493969118699786e-16
1443,1.296979422861614e-12,1.232270956774029e-17,4.737690845346388e-18,1.474268296320137e-16
1444,1.254225862741542e-12,1.237442754568566e-17,4.643122851808534e-18,1.479714672809772e-16
1445,1.261089643541273e-12,1.238451401645343e-17,4.527849323899605e-18,1.504922145876593e-16
1446,1.289366377264986e-12,1.234038253685389e-17,4.700229530224649e-18,1.477684637836654e-16
1447,1.262431472153239e-12,1.241664983430118e-17,4.6890345168531e-18,1.474960244107887e-16
1448,1.254574640732034e-12,1.246710069957881e-17,4.636709840917493e-18,1.478269699380767e-16
1449,1.265241394187775e-12,1.234833074479455e-17,4.659820219068001e-18,1.470187331318756e-16
1450,1.269972022191213e-12,1.232291880154085e-17,4.567465023468982e-18,1.471490861297535e-16
1451,1.251649417086149e-12,1.228506697439115e-17,4.686226268447232e-18,1.487265824277471e-16
1452,1.261593869420017e-12,1.243497009069395e-17,4.578799989617633e-18,1.468283470332488e-16
1453,1.237179514704878e-12,1.239376062150932e-17,4.563309479656722e-18,1.485691462237749e-16
1454,1.278461740124225e-12,1.240243303039566e-17,4.733374590810924e-18,1.46108914211422e-16
1455,1.269768416046897e-12,1.249511099491146e-17,4.65000136601023e-18,1.477160654146048e-16
1456,1.271813034478417e-12,1.237727073579588e-17,4.659692210733563e-18,1.491110514424499e-16
1457,1.265884102539495e-12,1.243670053206644e-17,4.63045229766087e-18,1.473500804871473e-16
1458,1.252509890213487e-12,1.244050128698522e-17,4.597484895716402e-18,1.468804239399226e-16
1459,1.270342902532408e-12,1.233902684351914e-17,4.533406923201006e-18,1.479046834701038e-16
1460,1.277076891845088e-12,1.236476158532839e-17,4.603687846340985e-18,1.468735928642015e-16
1461,1.247120085919267e-12,1.249855434764239e-17,4.62897906986634e-18,1.502287761616151e-16
1462,1.297177863343614e-12,1.243805389700633e-17,4.717156299446615e-18,1.474555201500424e-16
1463,1.251376822501958e-12,1.247849802554446e-17,4.576220305441687e-18,1.472136197039187e-16
1464,1.262449218722744e-12,1.236984575381658e-17,4.662940655522458e-18,1.477008763168249e-16
1465,1.257519117438876e-12,1.235764440768359e-17,4.461265892347007e-18,1.486821402527615e-16
1466,1.282032511808111e-12,1.235863575850408e-17,4.675912211974048e-18,1.486392250241137e-16
1467,1.282604481601113e-12,1.231116137852155e-17,4.73491268106225e-18,1.461900030985112e-16
1468,1.248842825032383e-12,1.232714243521569e-17,4.557048378985713e-18,1.451548138471763e-16
1469,1.220651459085199e-12,1.249369743992794e-17,4.486914104267604e-18,1.47386164640074e-16
1470,1.254468850543192e-12,1.246732729546369e-17,4.611356247400093e-18,1.451849509459458e-16
1471,1.238429277565751e-12,1.247165511067739e-17,4.420173167357906e-18,1.503706214398237e-16
1472,1.304077188105565e-12,1.243839148035796e-17,4.821865214854269e-18,1.479922819705273e-16
1473,1.276223795849391e-12,1.242423773392534e-17,4.534419539647575e-18,1.486569054553918e-16
1474,1.27243837771028e-12,1.245318131878058e-17,4.752144636710123e-18,1.471207974397085e-16
1475,1.263424638467243e-12,1.239651944866926e-17,4.613831846733472e-18,1.474949796580313e-16
1476,1.246726053109299e-12,1.248457676139793e-17,4.576127936584816e-18,1.46376129820512e-16
1477,1.246201862527756e-12,1.244580561580517e-17,4.621631513547947e-18,1.464777119347646e-16
1478,1.24276363197845e-12,1.24673257181938e-17,4.564245418693247e-18,1.479705832594132e-16
1479,1.2567652911295e-12,1.250306889415124e-17,4.585002516105111e-18,1.468788969935849e-16
1480,1.246022304513156e-12,1.250079695142658e-17,4.544534084763581e-18,1.474859787111988e-16
1481,1.260992718102625e-12,1.246421454546841e-17,4.70352715048131e-18,1.472465695985734e-16
1482,1.265200754159135e-12,1.233142026356848e-17,4.56066160312156e-18,1.4741589991086e-16
1483,1.257399512005254e-12,1.233098810406033e-17,4.450534076031952e-18,1.466334604612057e-16
1484,1.253629492045958e-12,1.243546644076889e-17,4.597815933060723e-18,1.484602508402209e-16
1485,1.296444690931824e-12,1.225603134515777e-17,4.62065309565624e-18,1.473432494114262e-16
1486,1.266241074323629e-12,1.233974121917776e-17,4.562856374924689e-18,1.445990857458657e-16
1487,1.229518855844674e-12,1.244888136839887e-17,4.396118405100054e-18,1.472220580915742e-16
1488,1.238348994916043e-12,1.246721170049061e-17,4.412332355707032e-18,1.469847384844636e-16
1489,1.25082673872281e-12,1.255089191380093e-17,4.755397487619379e-18,1.476533802491641e-16
1490,1.278949664780067e-12,1.237911487889621e-17,4.546693929125332e-18,1.490162200383216e-16
1491,1.276971239194573e-12,1.229752060223434e-17,4.54416436818029e-18,1.469091948235479e-16
1492,1.257888292221307e-12,1.237046778497163e-17,4.551348979940887e-18,1.472508289751996e-16
1493,1.2526765798683e-12,1.24646643133539e-17,4.558899010270762e-18,1.480540027488073e-16
1494,1.288928161699619e-12,1.226803176470998e-17,4.631340651493268e-18,1.479550726992465e-16
1495,1.257527997821843e-12,1.238460154840525e-17,4.609516821945838e-18,1.498046065421332e-16
1496,1.288789775227893e-12,1.244900906163778e-17,4.770072306642245e-18,1.470336007672686e-16
1497,1.268061327709791e-12,1.248499981990599e-17,4.659651349838659e-18,1.481300286033033e-16
1498,1.249259060386427e-12,1.252586546797108e-17,4.633085910679794e-18,1.478763947800588e-16
1499,1.248461664156362e-12,1.255277991332668e-17,4.583315339625627e-18,1.469722818169722e-16
1500,1.244414189240551e-12,1.250271628649497e-17,4.460033568417475e-18,1.489360151727963e-16
1501,1.299361856952857e-12,1.233504672543628e-17,4.734842010349739e-18,1.501257474666215e-16
1502,1.285212773299965e-12,1.242646741357902e-17,4.651682158649268e-18,1.466332997300123e-16
1503,1.256614650602445e-12,1.246067850770159e-17,4.478021213598022e-18,1.513809777217726e-16
1504,1.292536994405671e-12,1.245569997256528e-17,4.635035494106005e-18,1.473274977544693e-16
1505,1.269116794794041e-12,1.236403496194408e-17,4.748792519054595e-18,1.517767782856128e-16
1506,1.27949606909581e-12,1.239500323472409e-17,4.613730308409648e-18,1.468624220462576e-16
1507,1.267850446230567e-12,1.247535450062605e-17,4.754636158036072e-18,1.49990733264134e-16
1508,1.269810826971269e-12,1.24074610799777e-17,4.677136592888363e-18,1.490769764294411e-16
1509,1.281963601031044e-12,1.241965836194014e-17,4.644574370029094e-18,1.466056539647409e-16
1510,1.252300355791486e-12,1.250673077700451e-17,4.620042666748012e-18,1.511835194506345e-16
1511,1.295531075366548e-12,1.243238129024965e-17,4.628829311999106e-18,1.474008715442735e-16
1512,1.268656344450358e-12,1.231197468989463e-17,4.522884088457912e-18,1.518073172123659e-16
1513,1.297442867782949e-12,1.236060530649038e-17,4.586424299202155e-18,1.504996885881541e-16
1514,1.320744682386048e-12,1.253869734591058e-17,4.740337132276154e-18,1.516753569025536e-16
1515,1.276690355483556e-12,1.244188705654281e-17,4.736691069384804e-18,1.502440456249916e-16
1516,1.277825600893614e-12,1.24535163682618e-17,4.616930540571554e-18,1.471821967556017e-16
1517,1.256258233096934e-12,1.255546120935722e-17,4.682421435798785e-18,1.510388613765407e-16
1518,1.283155940830339e-12,1.243850859945283e-17,4.679074897205557e-18,1.482479249336898e-16
1519,1.287092323375466e-12,1.239733852162157e-17,4.737205932615786e-18,1.476692122717177e-16
1520,1.269792823112398e-12,1.244600360414034e-17,4.608920181533388e-18,1.52388601573433e-16
1521,1.300694464668023e-12,1.241580716278052e-17,4.726762197410174e-18,1.474953011204181e-16
1522,1.256420588131577e-12,1.255350610732915e-17,4.673634420220181e-18,1.503044001881274e-16
1523,1.303279932737461e-12,1.229753066899819e-17,4.744119963324508e-18,1.505165653634651e-16
1524,1.291438730087211e-12,1.239328141725711e-17,4.622169319432669e-18,1.469699512146673e-16
1525,1.257078127023147e-12,1.240782773181737e-17,4.605707768092311e-18,1.501491338552667e-16
1526,1.289159146789507e-12,1.242663026439609e-17,4.665501695105928e-18,1.490369543622751e-16
1527,1.284809819338232e-12,1.245864707368372e-17,4.698962794756848e-18,1.505423627200118e-16
1528,1.292911388295791e-12,1.233988380805144e-17,4.745504578744025e-18,1.51449449210177e-16
1529,1.307392730592345e-12,1.231463590574107e-17,4.708597096243032e-18,1.497576730336494e-16
1530,1.263030053883903e-12,1.242352817176347e-17,4.618010673573743e-18,1.502896932839279e-16
1531,1.268598024441807e-12,1.249923677499441e-17,4.662983244825311e-18,1.46030879217008e-16
1532,1.25103565324529e-12,1.252595981077781e-17,4.596425551275052e-18,1.498587729543216e-16
1533,1.29828067292382e-12,1.224550275458364e-17,4.677242254137283e-18,1.495128794260439e-16
1534,1.287651315947137e-12,1.241348494918013e-17,4.573048044253174e-18,1.485697891485486e-16
1535,1.277862253279467e-12,1.23445917232866e-17,4.632579090603053e-18,1.514138472508306e-16
1536,1.307065387202725e-12,1.238725200067105e-17,4.784917757020971e-18,1.492688894744056e-16
1537,1.34268710337163e-12,1.235186195963417e-17,4.756004570100729e-18,1.517255854005029e-16
1538,1.292328550419594e-12,1.247357305596387e-17,4.673853386490897e-18,1.48953534872881e-16
1539,1.30447394487588e-12,1.243433222690095e-17,4.733641131472037e-18,1.481059992898844e-16
1540,1.263195896095521e-12,1.236282254341602e-17,4.68962138640396e-18,1.500798587108951e-16
1541,1.270262783542453e-12,1.243882958913534e-17,4.679224545430002e-18,1.45757957650551e-16
1542,1.262125326083736e-12,1.238603941459778e-17,4.508673443197747e-18,1.503711839990008e-16
1543,1.293365709607608e-12,1.235509582802227e-17,4.846187216802642e-18,1.48585138977522e-16
1544,1.283962983198654e-12,1.236145629725513e-17,4.709717404909347e-18,1.503557538044308e-16
1545,1.309831630354818e-12,1.220324778840188e-17,4.691186584508199e-18,1.507056656125445e-16
1546,1.306298375986638e-12,1.236613830874803e-17,4.614018272818125e-18,1.49207329427319e-16
1547,1.264825129154848e-12,1.240600202240511e-17,4.674047803112855e-18,1.497739068841866e-16
1548,1.272924504213249e-12,1.236662603425269e-17,4.773187172927177e-18,1.469982399047124e-16
1549,1.253894776472241e-12,1.241434719693276e-17,4.617836991667189e-18,1.495275059646467e-16
1550,1.283048455838613e-12,1.231217208392918e-17,4.739154192788066e-18,1.482432637290802e-16
1551,1.275737692561756e-12,1.236214884455168e-17,4.657549921358303e-18,1.501362753597917e-16
1552,1.287055098155425e-12,1.231448660370592e-17,4.624886147134213e-18,1.501505000704109e-16
1553,1.285414809035505e-12,1.248652036627783e-17,4.669679647065356e-18,1.47320425581958e-16
1554,1.260117640425857e-12,1.246695215603961e-17,4.611769465496201e-18,1.505954040138463e-16
1555,1.290631417585939e-12,1.246868756356869e-17,4.70477006397629e-18,1.508044349309119e-16
1556,1.30914685927533e-12,1.236528064676023e-17,4.648464274724743e-18,1.492980621860145e-16
1557,1.272086692959564e-12,1.247495151732943e-17,4.727642884103761e-18,1.500240849867723e-16
1558,1.280890496372446e-12,1.243082666231555e-17,4.595147895763953e-18,1.464314213510546e-16
1559,1.258863974750024e-12,1.237371369746729e-17,4.478792490032845e-18,1.494063146447948e-16
1560,1.284834130235465e-12,1.23386571594748e-17,4.720576263907504e-18,1.495023515328737e-16
1561,1.300621194485495e-12,1.235760969913676e-17,4.728849403744103e-18,1.480724868360527e-16
1562,1.278162523330839e-12,1.234449483439615e-17,4.672354142417647e-18,1.484928792724888e-16
1563,1.271048306598979e-12,1.247017902809214e-17,4.706692055224142e-18,1.472162717686105e-16
1564,1.246109532823328e-12,1.249309712409344e-17,4.67500216517361e-18,1.504370034227135e-16
1565,1.291218186502933e-12,1.24233640863139e-17,4.68319633062981e-18,1.468420895502877e-16
1566,1.278856749731893e-12,1.237735221538224e-17,4.71383617900632e-18,1.505675171517848e-16
1567,1.309142010694391e-12,1.239828523506226e-17,4.745079151031785e-18,1.499759459943377e-16
1568,1.300982987860655e-12,1.232934064910575e-17,4.621065365917519e-18,1.496648507694391e-16
1569,1.292831158222969e-12,1.229645671957468e-17,4.720243934515423e-18,1.47852044004253e-16
1570,1.254414309473246e-12,1.254679816615564e-17,4.649589647547387e-18,1.481717383480004e-16
1571,1.287234825491647e-12,1.231143530746017e-17,4.596756473086627e-18,1.470501560801927e-16
1572,1.254491531055918e-12,1.23701902287978e-17,4.678569360293579e-18,1.478604020263117e-16
1573,1.271874215584801e-12,1.230736028528631e-17,4.697682088862874e-18,1.466300851061435e-16
1574,1.241917841347278e-12,1.239113868460036e-17,4.57844922213672e-18,1.500802605388787e-16
1575,1.323918732874196e-12,1.226089372472103e-17,4.796215964427737e-18,1.476756415194552e-16
1576,1.272023577113976e-12,1.238620704079879e-17,4.623113608244927e-18,1.506179867465242e-16
1577,1.281977125700012e-12,1.253425112551589e-17,4.617104657542995e-18,1.481313948184475e-16
1578,1.278490480740988e-12,1.238571768155886e-17,4.698724477501393e-18,1.484135584285273e-16
1579,1.269862300026279e-12,1.239669755607845e-17,4.673472688266614e-18,1.47996059153573e-16
1580,1.256484792692816e-12,1.241326316261445e-17,4.639101946275184e-18,1.481149198711202e-16
1581,1.287417662713914e-12,1.232540464894607e-17,4.648244956527942e-18,1.506439448342644e-16
1582,1.276998542665257e-12,1.250839518317704e-17,4.587421934320392e-18,1.477169494361686e-16
1583,1.277974189920027e-12,1.24427137369132e-17,4.754756477086114e-18,1.498729976649408e-16
1584,1.287845042964781e-12,1.243952638558778e-17,4.726321073262158e-18,1.475887663094021e-16
1585,1.254012204808595e-12,1.247814165012825e-17,4.662177983513123e-18,1.4782174617429e-16
1586,1.244994959833018e-12,1.240792647505818e-17,4.492102620230102e-18,1.518708060337737e-16
1587,1.285886027703254e-12,1.243225125928319e-17,4.644411467411367e-18,1.478169242384868e-16
1588,1.262131418121384e-12,1.232687894034605e-17,4.560031345363362e-18,1.508068458988135e-16
1589,1.286722232138502e-12,1.239116339677605e-17,4.80345164941942e-18,1.491305802824525e-16
1590,1.287568695296184e-12,1.23881075375693e-17,4.702537344575872e-18,1.508913101409649e-16
1591,1.264411851851884e-12,1.241127145612875e-17,4.627612052484572e-18,1.485355534043464e-16
1592,1.279436373987917e-12,1.242242280116079e-17,4.737378476211391e-18,1.476410039472694e-16
1593,1.248459155063116e-12,1.24613632509484e-17,4.514766156059801e-18,1.503717465581779e-16
1594,1.26321301534996e-12,1.245354594304817e-17,4.523031711371755e-18,1.462869240081542e-16
1595,1.253187100576477e-12,1.243595102318458e-17,4.469459231307985e-18,1.504502637461721e-16
1596,1.25810967458061e-12,1.251894763282664e-17,4.740437768086038e-18,1.462448124354735e-16
1597,1.251443123691777e-12,1.247397190473634e-17,4.664417219042559e-18,1.491023719580042e-16
1598,1.279977638645858e-12,1.237724048923194e-17,4.552668936070424e-18,1.489890564666307e-16
1599,1.294397646464508e-12,1.243332376392578e-17,4.72578330416074e-18,1.473318374966921e-16
1600,1.259277096727372e-12,1.235834580303309e-17,4.542016322833874e-18,1.495965400122281e-16
1601,1.280224969568831e-12,1.237862305975003e-17,4.807033255855227e-18,1.488163507992819e-16
1602,1.289633648840342e-12,1.239546133183808e-17,4.586261737304118e-18,1.514355459619447e-16
1603,1.313148414310805e-12,1.241230033120453e-17,4.740975550612972e-18,1.50799532629512e-16
1604,1.308649622431312e-12,1.246321582603456e-17,4.675859414136194e-18,1.487427359126875e-16
1605,1.280996477695303e-12,1.23649902417626e-17,4.650593478983889e-18,1.527917154065746e-16
1606,1.350001177038189e-12,1.240954166786194e-17,4.836881631302909e-18,1.490215241677051e-16
1607,1.292446876938845e-12,1.240615937800906e-17,4.662326702255286e-18,1.510099297617219e-16
1608,1.29786172763884e-12,1.248394596566274e-17,4.602886489347735e-18,1.502309460327264e-16
1609,1.288914005790691e-12,1.233732902584137e-17,4.722554873715507e-18,1.469546817512907e-16
1610,1.251835094913288e-12,1.253437997845208e-17,4.578949979702283e-18,1.500809034636524e-16
1611,1.29293598263722e-12,1.24108869036526e-17,4.746660720699226e-18,1.466355499667203e-16
1612,1.256819761050293e-12,1.242897004732905e-17,4.583696694918066e-18,1.503220806194056e-16
1613,1.285526480002457e-12,1.2423479624965e-17,4.662833519956492e-18,1.500592851181351e-16
1614,1.296335831892962e-12,1.24362227624869e-17,4.591449231941755e-18,1.477421038679417e-16
1615,1.268327682429773e-12,1.238563738267484e-17,4.54860383480783e-18,1.497201422999817e-16
1616,1.266268232573214e-12,1.245683308862366e-17,4.697974166806733e-18,1.448756237641752e-16
1617,1.257564477762859e-12,1.241704058196812e-17,4.442309657657503e-18,1.469185172327673e-16
1618,1.253066995912966e-12,1.251769547577183e-17,4.595372869416513e-18,1.500136374591988e-16
1619,1.303273139730344e-12,1.251644169378004e-17,4.747750959474206e-18,1.463254191289825e-16
1620,1.289687726822832e-12,1.242383051120306e-17,4.657071989517415e-18,1.516027867687166e-16
1621,1.306206987121195e-12,1.228149277743995e-17,4.66617634988974e-18,1.474993194002542e-16
1622,1.268110613863647e-12,1.248158838882615e-17,4.781391873321318e-18,1.505818222280008e-16
1623,1.312318296251335e-12,1.245751480648936e-17,4.706662215740058e-18,1.475850694919531e-16
1624,1.271129934535533e-12,1.237986901908537e-17,4.654311603053984e-18,1.456637691711965e-16
1625,1.229394773075034e-12,1.254814885899446e-17,4.381524410322455e-18,1.477106005540279e-16
1626,1.252696772214985e-12,1.247749910392627e-17,4.577213396397894e-18,1.470195367878429e-16
1627,1.254723347572091e-12,1.240364627839895e-17,4.542074186744128e-18,1.503273847487891e-16
1628,1.29374589328509e-12,1.242004667501379e-17,4.772038815927827e-18,1.474646014624716e-16
1629,1.293646133454593e-12,1.240387345734874e-17,4.712626206049839e-18,1.527419691022057e-16
1630,1.296978679887421e-12,1.234989362241423e-17,4.627227215736181e-18,1.478152365609557e-16
1631,1.272862947001754e-12,1.245603538652967e-17,4.785608305411511e-18,1.481893384136818e-16
1632,1.277020665959865e-12,1.23686049803731e-17,4.558381294787524e-18,1.475239112728501e-16
1633,1.257627709334381e-12,1.246008307213949e-17,4.763577268201812e-18,1.478986560503499e-16
1634,1.289535338398256e-12,1.229619004184135e-17,4.708746785144834e-18,1.511674463312907e-16
1635,1.304584493957646e-12,1.228938844761975e-17,4.704693659733112e-18,1.500009396949172e-16
1636,1.319842685494126e-12,1.23432634150954e-17,4.762275958615032e-18,1.477899213979893e-16
1637,1.265649151268478e-12,1.253319648989465e-17,4.602929502007252e-18,1.50263092271414e-16
1638,1.279746280256741e-12,1.251296248729935e-17,4.718679582697637e-18,1.488865903308142e-16
1639,1.282024451227061e-12,1.234166390329948e-17,4.498056071865931e-18,1.514223660040828e-16
1640,1.298441291534996e-12,1.232942666832139e-17,4.585056118512562e-18,1.471618642596318e-16
1641,1.263109091623858e-12,1.250162758309543e-17,4.666690359802169e-18,1.501525092103289e-16
1642,1.289949428655448e-12,1.247808339622634e-17,4.720901726052621e-18,1.502629315402205e-16
1643,1.299924984242301e-12,1.247308785061733e-17,4.759850429763646e-18,1.486939539954792e-16
1644,1.286492209249046e-12,1.235834906643686e-17,4.643040983182044e-18,1.504366015947299e-16
1645,1.276815504388177e-12,1.247565556445924e-17,4.621111561168645e-18,1.476469510014266e-16
1646,1.264540011985732e-12,1.241065225698178e-17,4.51874795884762e-18,1.466944579491152e-16
1647,1.253811330257292e-12,1.241350964014221e-17,4.718676718696428e-18,1.456564559018951e-16
1648,1.228421779967591e-12,1.247452868639688e-17,4.387824009214459e-18,1.487484418700546e-16
1649,1.266798458490203e-12,1.251761293437715e-17,4.779896831100201e-18,1.482446299442243e-16
1650,1.280630594145748e-12,1.231823925798997e-17,4.63812534200271e-18,1.479335347193258e-16
1651,1.259329695508955e-12,1.228633508258689e-17,4.527919040507702e-18,1.499313430881587e-16
1652,1.279112752266845e-12,1.250235483486554e-17,4.756067261420415e-18,1.468224803446883e-16
1653,1.251658014008218e-12,1.24569705723606e-17,4.454286623643447e-18,1.501811997283575e-16
1654,1.268801235173872e-12,1.24909531048357e-17,4.702773372471479e-18,1.460598911974235e-16
1655,1.256480605665384e-12,1.240662570693186e-17,4.615061734344277e-18,1.471445856563373e-16
1656,1.253405277065186e-12,1.243103056942579e-17,4.490938311020997e-18,1.474334999765414e-16
1657,1.266821568352994e-12,1.242851644293324e-17,4.728953936586648e-18,1.465381468634972e-16
1658,1.24396604838507e-12,1.244690747154942e-17,4.44930642049934e-18,1.496506260588199e-16
1659,1.289446422500326e-12,1.234971468090257e-17,4.709802511157393e-18,1.490473215242518e-16
1660,1.295665660486015e-12,1.246263718371902e-17,4.584215705797295e-18,1.511831176226509e-16
1661,1.306620568545033e-12,1.237345272029879e-17,4.771537106266789e-18,1.496285255197223e-16
1662,1.300404101718636e-12,1.231653987326786e-17,4.655283157985444e-18,1.503975439147245e-16
1663,1.281480073994105e-12,1.237428245591229e-17,4.720388031608832e-18,1.490068172635055e-16
1664,1.288738464663518e-12,1.243355798681305e-17,4.774499738740938e-18,1.500152447711331e-16
1665,1.309836917054202e-12,1.230867469286237e-17,4.615943277470028e-18,1.513374999339477e-16
1666,1.292522508955914e-12,1.241315481403692e-17,4.702097025034928e-18,1.490593763637596e-16
1667,1.302762436522919e-12,1.232446843309792e-17,4.666206613137818e-18,1.48063807351607e-16
1668,1.29481545005611e-12,1.233546022370692e-17,4.552546527650197e-18,1.489571513247333e-16
1669,1.275337918633119e-12,1.235829474960627e-17,4.707061409171896e-18,1.48353605693375e-16
1670,1.289049569160903e-12,1.223140163150932e-17,4.600142803408467e-18,1.49236743235718e-16
1671,1.279064848778192e-12,1.232967341097049e-17,4.750829382837826e-18,1.491213382388299e-16
1672,1.283608501935498e-12,1.240331399997658e-17,4.66047312071987e-18,1.495948523346971e-16
1673,1.293182812125683e-12,1.246568142833693e-17,4.614306570718672e-18,1.500832340659573e-16
1674,1.28913318514842e-12,1.2353668377103e-17,4.765345459611233e-18,1.476659976478489e-16
1675,1.273952521369792e-12,1.235734499400258e-17,4.559500967755711e-18,1.485233378336452e-16
1676,1.268341557717089e-12,1.234964628887304e-17,4.696801257804271e-18,1.471486039361732e-16
1677,1.254711605222805e-12,1.231867023904422e-17,4.486995453088792e-18,1.476724268955865e-16
1678,1.26844390680889e-12,1.237859315237586e-17,4.520604233608113e-18,1.468988276615712e-16
1679,1.265040397981442e-12,1.23496433968477e-17,4.424425386634027e-18,1.486372962497925e-16
1680,1.286330699503082e-12,1.249921767785781e-17,4.754747435388025e-18,1.467644563838573e-16
1681,1.246506711728581e-12,1.24621765947643e-17,4.504325342778998e-18,1.480254729619722e-16
1682,1.273577862841567e-12,1.230511696250063e-17,4.553170582141122e-18,1.474566452683965e-16
1683,1.253259837791725e-12,1.235209536394956e-17,4.427389532282639e-18,1.503891858926658e-16
1684,1.301932399199366e-12,1.254359935179979e-17,4.756845091526817e-18,1.494387823458692e-16
1685,1.294867501573775e-12,1.242642951039183e-17,4.601219737571569e-18,1.462559028878207e-16
1686,1.254732516727089e-12,1.248312792967503e-17,4.68711134412084e-18,1.483366485524674e-16
1687,1.276271380970638e-12,1.24900650005191e-17,4.556408419639301e-18,1.467626883407295e-16
1688,1.251911930920998e-12,1.246665523405595e-17,4.507940467503391e-18,1.461415426436898e-16
1689,1.245612734515296e-12,1.244708982902691e-17,4.661903796990357e-18,1.47958367688712e-16
1690,1.255762693995293e-12,1.250970516425008e-17,4.671112729399913e-18,1.465505231653918e-16
1691,1.237805458195086e-12,1.245723086037005e-17,4.462068882130517e-18,1.472308179416166e-16
1692,1.257075890234077e-12,1.242875984273342e-17,4.462404923079491e-18,1.4653734320753e-16
1693,1.248648249870073e-12,1.246914277669962e-17,4.640169190618579e-18,1.458707105827474e-16
1694,1.238528251365126e-12,1.247232755162965e-17,4.451263219193142e-18,1.474450726224689e-16
1695,1.243971320938132e-12,1.24984165594982e-17,4.625920760734492e-18,1.469356351048684e-16
1696,1.266769569512425e-12,1.240826928842989e-17,4.544937308640874e-18,1.471010275029157e-16
1697,1.258941521447581e-12,1.242862649976415e-17,4.636218119279005e-18,1.451629307724448e-16
1698,1.243589872592811e-12,1.244595028710003e-17,4.531852861421197e-18,1.492794173675757e-16
1699,1.288877753359947e-12,1.232829040245475e-17,4.6916655247747e-18,1.467712874595784e-16
1700,1.268281246667974e-12,1.235933639674579e-17,4.568620790666578e-18,1.473909865758771e-16
1701,1.256199422226035e-12,1.234391574922763e-17,4.678778246254366e-18,1.515041781815425e-16
1702,1.280458772599414e-12,1.250661377578044e-17,4.630357749090201e-18,1.494550161964063e-16
1703,1.284297502614997e-12,1.236136908795232e-17,4.702201965257124e-18,1.501828874058886e-16
1704,1.276242293643719e-12,1.235944060944357e-17,4.735328695626298e-18,1.466386038593957e-16
1705,1.24797386553139e-12,1.235026074947803e-17,4.477803847513442e-18,1.487826776142568e-16
1706,1.263469578059228e-12,1.244041538850146e-17,4.670387887045373e-18,1.488971182239844e-16
1707,1.285347973809499e-12,1.241204196611983e-17,4.649608567775133e-18,1.47790001763586e-16
1708,1.270390099389722e-12,1.233380650174157e-17,4.527408967759469e-18,1.482210024587891e-16
1709,1.265859557184091e-12,1.236202183374603e-17,4.722081396036817e-18,1.471064923634926e-16
1710,1.26806714572299e-12,1.236204563933451e-17,4.681850379956549e-18,1.464795603434891e-16
1711,1.253857784758375e-12,1.247654259886007e-17,4.492065196198561e-18,1.49073842171169e-16
1712,1.30269597209089e-12,1.231990523973139e-17,4.588363210316777e-18,1.500191023197757e-16
1713,1.302652335797728e-12,1.233753627641967e-17,4.77946633594694e-18,1.509584154142251e-16
1714,1.327648199519969e-12,1.231434692082402e-17,4.717117381192747e-18,1.500857253994556e-16
1715,1.270640484715762e-12,1.240030252336464e-17,4.690008280045499e-18,1.489126287841511e-16
1716,1.26614244753504e-12,1.243570722716879e-17,4.674069214801696e-18,1.502125423110778e-16
1717,1.282255952966689e-12,1.238571920987776e-17,4.538615722388944e-18,1.508039527373315e-16
1718,1.289140527674182e-12,1.241339561061674e-17,4.652035469488059e-18,1.479419731069813e-16
1719,1.254151065273972e-12,1.233537195136403e-17,4.490441334269411e-18,1.504209303033698e-16
1720,1.311303253560347e-12,1.233078382407923e-17,4.866523568945464e-18,1.489014579662072e-16
1721,1.273852031475501e-12,1.237668937963635e-17,4.643966766486247e-18,1.494079219567292e-16
1722,1.279051888074821e-12,1.242545851398786e-17,4.659893287988048e-18,1.472606335779993e-16
1723,1.262458963634724e-12,1.235690372753759e-17,4.539769850324661e-18,1.471853310138737e-16
1724,1.265312838409135e-12,1.238228161254121e-17,4.615695472706299e-18,1.488705172114704e-16
1725,1.282179400737209e-12,1.243879843531942e-17,4.76203751372106e-18,1.466240576863896e-16
1726,1.241344404495489e-12,1.245868286042322e-17,4.466705270062961e-18,1.468587252288085e-16
1727,1.250212025207778e-12,1.245284585505705e-17,4.633696262891509e-18,1.460973415654945e-16
1728,1.238905540123874e-12,1.238347313963216e-17,4.575321481951282e-18,1.481634606915384e-16
1729,1.271343983170858e-12,1.242034495696951e-17,4.685780242467789e-18,1.476437363775578e-16
1730,1.251292895679492e-12,1.247219799577653e-17,4.58093731527701e-18,1.482069384793632e-16
1731,1.241478507671305e-12,1.246583294023139e-17,4.645399819217869e-18,1.473941208341492e-16
1732,1.271922703765835e-12,1.236614950265553e-17,4.564109981151404e-18,1.462788070828855e-16
1733,1.236707306228821e-12,1.238921129621082e-17,4.436797970615624e-18,1.506203173488291e-16
1734,1.301869337016273e-12,1.237459193214049e-17,4.813859314690269e-18,1.479872993035307e-16
1735,1.309056724772792e-12,1.230516011127108e-17,4.638490533048616e-18,1.500034310284155e-16
1736,1.28492001103747e-12,1.239297368935029e-17,4.681312559020259e-18,1.484832354008825e-16
1737,1.2784214692862e-12,1.241232811453191e-17,4.552583331755331e-18,1.479841650452587e-16
1738,1.280868221393188e-12,1.233505360931687e-17,4.768594648033529e-18,1.513178103627516e-16
1739,1.302136126798293e-12,1.243897683401667e-17,4.67369614740379e-18,1.475448866935937e-16
1740,1.286698401447945e-12,1.239513937579875e-17,4.67413768914723e-18,1.484895039174265e-16
1741,1.267044607902997e-12,1.24719394970102e-17,4.629420229358979e-18,1.483945117821049e-16
1742,1.258637969566378e-12,1.246432961013366e-17,4.472071714435388e-18,1.495031551888409e-16
1743,1.272297414085967e-12,1.241433748275812e-17,4.777605550901033e-18,1.48078112427823e-16
1744,1.288823554590914e-12,1.236149336688078e-17,4.712126043267168e-18,1.502604402067223e-16
1745,1.268574896958745e-12,1.237234353978917e-17,4.712805465283478e-18,1.493904022566444e-16
1746,1.297588164591087e-12,1.235775787984816e-17,4.709209243763797e-18,1.507262392053045e-16
1747,1.319553595813944e-12,1.241314892398333e-17,4.587509895005598e-18,1.496441968110824e-16
1748,1.313795002880113e-12,1.237336635640586e-17,4.849803801318783e-18,1.485457598351297e-16
1749,1.287826129916607e-12,1.243465901283441e-17,4.70660675832401e-18,1.489223530213541e-16
1750,1.280811778837082e-12,1.233386999653433e-17,4.663092535509011e-18,1.501058167986353e-16
1751,1.290993825131944e-12,1.239374544820753e-17,4.7085828777984e-18,1.493883127511298e-16
1752,1.26794284800274e-12,1.241911055015934e-17,4.650858813981633e-18,1.501048524114746e-16
1753,1.283515916879099e-12,1.251097377036949e-17,4.676455984467128e-18,1.476193856017521e-16
1754,1.252728852549598e-12,1.249939367788479e-17,4.629253243219391e-18,1.514017924113228e-16
1755,1.30497648797695e-12,1.234912472931786e-17,4.711651406122567e-18,1.478727783282064e-16
1756,1.282452772517333e-12,1.2393300287496e-17,4.697997255122419e-18,1.511901094295655e-16
1757,1.297938275175148e-12,1.231159666309851e-17,4.67619560463139e-18,1.49507414565467e-16
1758,1.276785830932533e-12,1.237043961100738e-17,4.678683837410069e-18,1.476147243971423e-16
1759,1.253862072313213e-12,1.237102288718498e-17,4.500052754222166e-18,1.490761727734739e-16
1760,1.267740604815645e-12,1.241630722291177e-17,4.752061899298039e-18,1.503690141278894e-16
1761,1.299088653325237e-12,1.242483146266134e-17,4.716481132283895e-18,1.506424178879268e-16
1762,1.274152043586142e-12,1.239050279869853e-17,4.598803581088376e-18,1.510309855480622e-16
1763,1.292650897702344e-12,1.239078204848149e-17,4.581429810047556e-18,1.476238860751683e-16
1764,1.269191218745261e-12,1.243305116602919e-17,4.648759326754143e-18,1.492345733646067e-16
1765,1.287745014137042e-12,1.239390804590802e-17,4.720408583517275e-18,1.471825985835853e-16
1766,1.274048512249287e-12,1.242736572825382e-17,4.739132109549759e-18,1.48375625866876e-16
1767,1.268461892329318e-12,1.230468943420203e-17,4.615958464876756e-18,1.51735550734496e-16
1768,1.324355618601772e-12,1.225978545166542e-17,4.799847328557109e-18,1.481613711860237e-16
1769,1.27492027910211e-12,1.23371832044361e-17,4.674636644490583e-18,1.495998350016936e-16
1770,1.283686676332258e-12,1.230020223142619e-17,4.667829279042595e-18,1.508774068927325e-16
1771,1.297353425832234e-12,1.238598388442001e-17,4.658799228275705e-18,1.478831454901832e-16
1772,1.284672361279442e-12,1.242248995436724e-17,4.68519256899254e-18,1.513037463833259e-16
1773,1.305267089342805e-12,1.237170022287791e-17,4.661385361984249e-18,1.481519684112076e-16
1774,1.29266884460849e-12,1.238313868875945e-17,4.699324298670846e-18,1.510442458715208e-16
1775,1.303850489568415e-12,1.232321250146613e-17,4.785920405218297e-18,1.493464422752393e-16
1776,1.299521574892586e-12,1.235686280460019e-17,4.74695621803047e-18,1.494546143684227e-16
1777,1.290854140087969e-12,1.236680204613454e-17,4.645517253357768e-18,1.501836106962591e-16
1778,1.304646914462229e-12,1.233998087890323e-17,4.702623824834119e-18,1.473020218603094e-16
1779,1.265740549286441e-12,1.240155521060997e-17,4.556303840377713e-18,1.505982168097314e-16
1780,1.290840356476169e-12,1.233943903570877e-17,4.584265984224871e-18,1.472438371682851e-16
1781,1.247914311736403e-12,1.239820043321495e-17,4.530971829478441e-18,1.519861306650653e-16
1782,1.313293556060555e-12,1.240672922414235e-17,4.8546705372335e-18,1.527932423529123e-16
1783,1.311422383396956e-12,1.235629798211858e-17,4.723819807458038e-18,1.488181188424098e-16
1784,1.301035958221193e-12,1.237024963821942e-17,4.634300460096114e-18,1.506680545132801e-16
1785,1.284459717773078e-12,1.245782076465263e-17,4.682573933205862e-18,1.496290880788993e-16
1786,1.301647878530717e-12,1.227804037161717e-17,4.652522864907551e-18,1.501575722429222e-16
1787,1.316239739779207e-12,1.234147722198504e-17,4.574157699336819e-18,1.502540109589848e-16
1788,1.293628415678783e-12,1.24298940588433e-17,4.637121798657553e-18,1.476887411117204e-16
1789,1.261195425345873e-12,1.241038513802476e-17,4.690517473391553e-18,1.480243478436181e-16
1790,1.269819694143207e-12,1.234334025958142e-17,4.627168856439094e-18,1.512284438192004e-16
1791,1.313727735765388e-12,1.226226391012349e-17,4.755001226341163e-18,1.492165714709416e-16
1792,1.26521013505802e-12,1.239690068329663e-17,4.589872266996167e-18,1.512273187008462e-16
1793,1.291739526892839e-12,1.241900366955758e-17,4.640230649128962e-18,1.479283913211358e-16
1794,1.257340216184402e-12,1.24600133163253e-17,4.700511487837837e-18,1.504266362607367e-16
1795,1.26592165992253e-12,1.253043914890661e-17,4.64855684457493e-18,1.467932272674827e-16
1796,1.259972548497216e-12,1.253333328554137e-17,4.618842750425957e-18,1.476042768695689e-16
1797,1.240376207458907e-12,1.245784924140786e-17,4.640615965978002e-18,1.495871372374121e-16
1798,1.296076193202058e-12,1.242844106267559e-17,4.732321572517781e-18,1.472296928232625e-16
1799,1.240991198088198e-12,1.249761140812044e-17,4.492496518335837e-18,1.49716927676113e-16
1800,1.250174712771569e-12,1.253377118774179e-17,4.672989988521954e-18,1.471277892466231e-16
1801,1.258996575208968e-12,1.237092625293615e-17,4.497232343160141e-18,1.485274364790778e-16
1802,1.273009506106094e-12,1.241571795147277e-17,4.740145037639349e-18,1.487879817436402e-16
1803,1.282161303566057e-12,1.234004338647747e-17,4.688088604855368e-18,1.481649072722793e-16
1804,1.250050891650433e-12,1.246014198965286e-17,4.624993446597365e-18,1.495705015588913e-16
1805,1.260768800127812e-12,1.253324836002943e-17,4.681421968544206e-18,1.46745409737435e-16
1806,1.23690863790508e-12,1.248327880223474e-17,4.390669351786643e-18,1.5061662053138e-16
1807,1.262263033014246e-12,1.244814498093741e-17,4.590399955579104e-18,1.486230715391732e-16
1808,1.27511679920835e-12,1.238624278163736e-17,4.713678061766716e-18,1.478909409530649e-16
1809,1.259824500538397e-12,1.231746322590867e-17,4.509160606966822e-18,1.490423388572553e-16
1810,1.271343634807236e-12,1.252361809843544e-17,4.6307915149726e-18,1.478039853774151e-16
1811,1.270093122675637e-12,1.256078272803691e-17,4.723565272348492e-18,1.504730072100435e-16
1812,1.280197416975903e-12,1.238028360476406e-17,4.637376103535815e-18,1.484826728417054e-16
1813,1.287444339437389e-12,1.252086391082711e-17,4.753077179743119e-18,1.484901468422003e-16
1814,1.258073526201326e-12,1.234780282505162e-17,4.646180417080507e-18,1.497805772287143e-16
1815,1.284537297222627e-12,1.239833786801394e-17,4.638791500390809e-18,1.473894596295395e-16
1816,1.26588631450987e-12,1.242180270200903e-17,4.696467976888605e-18,1.502840676921576e-16
1817,1.291009698825264e-12,1.233199156714568e-17,4.683741326185663e-18,1.490512594384911e-16
1818,1.259123234897372e-12,1.238015945535923e-17,4.661345834182683e-18,1.467978081064957e-16
1819,1.252420772575976e-12,1.24548745169668e-17,4.466018033469947e-18,1.497014171159462e-16
1820,1.299759837171267e-12,1.233364616830629e-17,4.704823056552541e-18,1.477765003433373e-16
1821,1.274643656941417e-12,1.244950198370304e-17,4.537848647265323e-18,1.483603564034995e-16
1822,1.268419406915457e-12,1.233996935442175e-17,4.662996833111472e-18,1.488800003518833e-16
1823,1.277562343416505e-12,1.240646351674136e-17,4.678934451415527e-18,1.499204937326017e-16
1824,1.301764871454298e-12,1.236401966928555e-17,4.725200287429584e-18,1.490246584259771e-16
1825,1.280476541248539e-12,1.231788521661254e-17,4.661347393614885e-18,1.479623859685479e-16
1826,1.269726252374181e-12,1.248007244309148e-17,4.43156927243266e-18,1.50221945085894e-16
1827,1.278505656203914e-12,1.243067696908956e-17,4.741423248626235e-18,1.484048789440816e-16
1828,1.2705606123428e-12,1.253285511880121e-17,4.7513933829985e-18,1.495186657490076e-16
1829,1.265625787105922e-12,1.245316515730875e-17,4.703646781304268e-18,1.509172682287051e-16
1830,1.319209501308293e-12,1.228854810547153e-17,4.717192635885996e-18,1.472323448879542e-16
1831,1.290585327064548e-12,1.235508724250329e-17,4.615355205941301e-18,1.522218429602415e-16
1832,1.334496619033893e-12,1.232596238110699e-17,4.739240618980917e-18,1.496992472448348e-16
1833,1.28967921153857e-12,1.24600793843917e-17,4.729641606740697e-18,1.520131335055628e-16
1834,1.318555056135542e-12,1.2277654372053e-17,4.775731019424874e-18,1.495866550438317e-16
1835,1.276350000734373e-12,1.240780126845923e-17,4.604107914724571e-18,1.476524962276002e-16
1836,1.290150409396026e-12,1.230451461563991e-17,4.537661229481556e-18,1.509776227918409e-16
1837,1.289835984872071e-12,1.245394149416879e-17,4.640773832782874e-18,1.476194659673487e-16
1838,1.269589524262274e-12,1.241492702551636e-17,4.71483369478737e-18,1.485068628863178e-16
1839,1.255890364051772e-12,1.236426768880538e-17,4.627068725045679e-18,1.480146236064152e-16
1840,1.277507985497173e-12,1.23172844526135e-17,4.666866560837134e-18,1.495611791496719e-16
1841,1.303510567058686e-12,1.217983785616621e-17,4.71265459225616e-18,1.497758356585078e-16
1842,1.275442635338242e-12,1.237957161245366e-17,4.69711620202796e-18,1.497567890120855e-16
1843,1.30564662848579e-12,1.235914339134258e-17,4.74927709054087e-18,1.478241571421915e-16
1844,1.284100597100811e-12,1.233891640057433e-17,4.703382055947097e-18,1.512364803788722e-16
1845,1.315938008548039e-12,1.226608350403099e-17,4.711968510694073e-18,1.487856511413354e-16
1846,1.277826937211657e-12,1.241797193695873e-17,4.677053562567063e-18,1.483698395439122e-16
1847,1.258430761554657e-12,1.231474982162543e-17,4.654067130955982e-18,1.496040943783197e-16
1848,1.276005901518849e-12,1.245916218364112e-17,4.699921354185874e-18,1.488943054280992e-16
1849,1.286108036208504e-12,1.24516988780996e-17,4.576530711091878e-18,1.491037381731484e-16
1850,1.265945945466614e-12,1.247643198889143e-17,4.68205426959081e-18,1.490830842147917e-16
1851,1.288913489959333e-12,1.236609598191235e-17,4.811499577243545e-18,1.484764846907581e-16
1852,1.266548697940573e-12,1.234361803858621e-17,4.63748679213821e-18,1.499945104471797e-16
1853,1.266674068860614e-12,1.243641638616113e-17,4.647409488719803e-18,1.494078415911324e-16
1854,1.287801206719118e-12,1.234198543115613e-17,4.610583255984464e-18,1.501656088025941e-16
1855,1.263271562584855e-12,1.249503376738769e-17,4.550292735820763e-18,1.466463189566807e-16
1856,1.250643536051103e-12,1.246494122981499e-17,4.644036621310345e-18,1.506611430719623e-16
1857,1.28221986053803e-12,1.24464899886707e-17,4.701056124039581e-18,1.478778413607997e-16
1858,1.260047294924454e-12,1.240109159161431e-17,4.673628107886891e-18,1.488038137661938e-16
1859,1.26077299358539e-12,1.231102860672972e-17,4.595053108991413e-18,1.510346823655113e-16
1860,1.307689113595143e-12,1.232701884240274e-17,4.747621140008489e-18,1.509696665977658e-16
1861,1.312114532844009e-12,1.230963201350253e-17,4.713411609976321e-18,1.513276149655513e-16
1862,1.313172964676713e-12,1.239045903803091e-17,4.665247867516124e-18,1.488648112541034e-16
1863,1.28040966421823e-12,1.240354733056243e-17,4.593244559316204e-18,1.506108342084163e-16
1864,1.289949265012396e-12,1.246197351528491e-17,4.650833766922438e-18,1.474180697819714e-16
1865,1.289113129304558e-12,1.227376499651653e-17,4.581974069849352e-18,1.48979814423008e-16
1866,1.272366061978605e-12,1.229919314775559e-17,4.780416468043449e-18,1.500965747550126e-16
1867,1.274146002204687e-12,1.246766767488082e-17,4.63212792534305e-18,1.486195354529176e-16
1868,1.269809418919514e-12,1.24448787968333e-17,4.574743154147984e-18,1.489631787444872e-16
1869,1.31078910279233e-12,1.226180642284069e-17,4.743094891055133e-18,1.49359943695488e-16
1870,1.293715596205451e-12,1.241610716535936e-17,4.688519590646026e-18,1.489168881607772e-16
1871,1.290501660019998e-12,1.247105328409447e-17,4.573895898842103e-18,1.537944369568352e-16
1872,1.311749449037654e-12,1.241852993037626e-17,4.680594102523252e-18,1.472131375103385e-16
1873,1.289100439602632e-12,1.238420526631748e-17,4.556583079478929e-18,1.507324273562519e-16
1874,1.292676524775395e-12,1.240387512252967e-17,4.752805144054631e-18,1.51163106589068e-16
1875,1.311154208077045e-12,1.235063138127248e-17,4.752894571975902e-18,1.493203234563056e-16
1876,1.291886815793748e-12,1.232170831845717e-17,4.689572301628482e-18,1.471996360900897e-16
1877,1.2653294028672e-12,1.248257497119053e-17,4.66231400570681e-18,1.465515679181492e-16
1878,1.243797252765439e-12,1.251747915006689e-17,4.593940677952848e-18,1.487401642135926e-16
1879,1.282041251429326e-12,1.246047248205163e-17,4.733434107789829e-18,1.489320772585571e-16
1880,1.291626744045008e-12,1.225889316915265e-17,4.637874894379136e-18,1.486524853475723e-16
1881,1.281637207215387e-12,1.222126085854217e-17,4.70426324139856e-18,1.494399878298199e-16
1882,1.28645329665837e-12,1.236958285289563e-17,4.691728069780716e-18,1.476278239894075e-16
1883,1.28071927104265e-12,1.236244339309331e-17,4.585956316767536e-18,1.507700384555162e-16
1884,1.306700873240957e-12,1.233484850163322e-17,4.766141044560185e-18,1.489871276923094e-16
1885,1.288193566221264e-12,1.239036921716567e-17,4.696215259890298e-18,1.482545952782175e-16
1886,1.273812829411323e-12,1.235742089905449e-17,4.58379613713614e-18,1.498948571072484e-16
1887,1.29056182053688e-12,1.234304576162008e-17,4.664583767094889e-18,1.47791448344327e-16
1888,1.28030421424259e-12,1.244177809781474e-17,4.629881178546006e-18,1.515978844673167e-16
1889,1.288013485160181e-12,1.258907767267954e-17,4.648983795136476e-18,1.47151818560042e-16
1890,1.274033573866695e-12,1.247215716913787e-17,4.546188815713398e-18,1.512752165964907e-16
1891,1.287734678636989e-12,1.249954033102025e-17,4.740603756546942e-18,1.479398836014666e-16
1892,1.287635148220756e-12,1.236334225855311e-17,4.793037582331945e-18,1.487857315069321e-16
1893,1.274334757850647e-12,1.245063822762613e-17,4.648640903551354e-18,1.496238643151126e-16
1894,1.271267000589214e-12,1.256155373512397e-17,4.652102769676195e-18,1.47392192059828e-16
1895,1.276197266050587e-12,1.246945241181814e-17,4.506630588109079e-18,1.500042346843827e-16
1896,1.263266321113618e-12,1.243715460452391e-17,4.556780990319226e-18,1.478945574049172e-16
1897,1.267520441111057e-12,1.246517907946823e-17,4.725185816932315e-18,1.493543984693144e-16
1898,1.261182490012353e-12,1.242101093628666e-17,4.618218048655768e-18,1.492069275993354e-16
1899,1.278073935654306e-12,1.239080388946747e-17,4.702821964955814e-18,1.498072586068249e-16
1900,1.27422311140176e-12,1.235590074109061e-17,4.650463910702387e-18,1.494176461939321e-16
1901,1.28038131714313e-12,1.239708540273276e-17,4.711385275842292e-18,1.462632161571221e-16
1902,1.245372505480292e-12,1.247063418200091e-17,4.633465056173225e-18,1.495441416431675e-16
1903,1.274133099489546e-12,1.254052867947304e-17,4.615610474579268e-18,1.483566595860504e-16
1904,1.293076886018576e-12,1.252089385783914e-17,4.740991894513751e-18,1.478735016185769e-16
1905,1.276448372421515e-12,1.236360105865708e-17,4.593015408818164e-18,1.526373330952778e-16
1906,1.2928712928588e-12,1.237614261638174e-17,4.740259997852788e-18,1.483419526818508e-16
1907,1.271966055078247e-12,1.24163059857571e-17,4.64470600845981e-18,1.50324813049694e-16
1908,1.277973102807737e-12,1.247824531646624e-17,4.677793766807885e-18,1.485185962634388e-16
1909,1.273334245954474e-12,1.24628121464034e-17,4.637732890145895e-18,1.497465022157055e-16
1910,1.264705375427017e-12,1.242172196025247e-17,4.724217077645773e-18,1.480045779068253e-16
1911,1.2780937391525e-12,1.248930915478773e-17,4.643919448811571e-18,1.47279278396438e-16
1912,1.247185790792336e-12,1.246795040140941e-17,4.601627380069292e-18,1.492194646324235e-16
1913,1.272707538596272e-12,1.247678648260444e-17,4.63921240926213e-18,1.492520930646913e-16
1914,1.278795268947281e-12,1.236172602084023e-17,4.64992391543717e-18,1.489716974977394e-16
1915,1.286404616073993e-12,1.24253295433047e-17,4.716389446731962e-18,1.467120580147967e-16
1916,1.264211939918556e-12,1.245195455091237e-17,4.613567050377485e-18,1.460546674336368e-16
1917,1.250041968394257e-12,1.250662430131889e-17,4.710279727278223e-18,1.476137600099817e-16
1918,1.274228281022375e-12,1.244582783476501e-17,4.641749847121282e-18,1.464137409197765e-16
1919,1.23785199368261e-12,1.246234466463295e-17,4.571549640089258e-18,1.49129294432905e-16
1920,1.278141571642315e-12,1.252626536420092e-17,4.770183437849976e-18,1.471875812505818e-16
1921,1.258850797192053e-12,1.237827349750235e-17,4.635833778627826e-18,1.470011330661942e-16
1922,1.238129583588693e-12,1.251549400401115e-17,4.405821376965473e-18,1.460830364892785e-16
1923,1.259587183040297e-12,1.232939198313887e-17,4.452636586841795e-18,1.481004540637108e-16
1924,1.259583412118497e-12,1.235940382576184e-17,4.651774070284264e-18,1.481884543921179e-16
1925,1.253998960210083e-12,1.237315601169609e-17,4.455855724320001e-18,1.467582682329099e-16
1926,1.257208348327908e-12,1.240207240191321e-17,4.48432968644413e-18,1.464106870271011e-16
1927,1.229136447553646e-12,1.243230755351614e-17,4.383293011296431e-18,1.499766692847081e-16
1928,1.306793022617356e-12,1.237588200783486e-17,4.665278063473696e-18,1.476699355620881e-16
1929,1.249240863222322e-12,1.244895633908708e-17,4.536201022724004e-18,1.458028016535201e-16
1930,1.246414680416351e-12,1.240040680638996e-17,4.485390242479538e-18,1.475320281981187e-16
1931,1.271047797481697e-12,1.249740353559539e-17,4.745752950724352e-18,1.47526241875155e-16
1932,1.272164427901745e-12,1.242319422370237e-17,4.576152570770328e-18,1.486315099268287e-16
1933,1.255200582218041e-12,1.249466182227158e-17,4.75950477854114e-18,1.478556604561053e-16
1934,1.290296194577962e-12,1.230601734447009e-17,4.723000385939276e-18,1.494718126061206e-16
1935,1.26701038841733e-12,1.228224504756569e-17,4.67811324286787e-18,1.486026586776067e-16
1936,1.276569915901275e-12,1.238666338070841e-17,4.580614068154469e-18,1.476718643364094e-16
1937,1.258074851813593e-12,1.237618315486714e-17,4.510538649286868e-18,1.498434231253484e-16
1938,1.285316207399645e-12,1.24287809434717e-17,4.806568590343946e-18,1.469791128926933e-16
1939,1.26707529892514e-12,1.238005129352019e-17,4.554161752279269e-18,1.497352510321649e-16
1940,1.269193731446068e-12,1.245304104070521e-17,4.717902559720477e-18,1.465845178128039e-16
1941,1.26812075022958e-12,1.243321003161254e-17,4.637697296103267e-18,1.511744381382053e-16
1942,1.311624128356263e-12,1.230442662353835e-17,4.801626517390649e-18,1.506246570910519e-16
1943,1.310037264667531e-12,1.238176047885509e-17,4.71980327675904e-18,1.480788357181935e-16
1944,1.283460517994215e-12,1.236543542850399e-17,4.648741364027923e-18,1.48547688609451e-16
1945,1.274717406746063e-12,1.243764280853088e-17,4.726917287497605e-18,1.471437820003701e-16
1946,1.257954423838978e-12,1.244942329055621e-17,4.539179701771029e-18,1.482218864803529e-16
1947,1.253664636671032e-12,1.242333764687403e-17,4.690195337399813e-18,1.480654950291381e-16
1948,1.28205377857381e-12,1.238360092838122e-17,4.725501101725795e-18,1.479590909790824e-16
1949,1.259448039949107e-12,1.23311442249992e-17,4.52930734453691e-18,1.534337561587612e-16
1950,1.299441774453756e-12,1.247245289655702e-17,4.717029197503876e-18,1.487604967095624e-16
1951,1.276808720583685e-12,1.243665580840489e-17,4.641452736636224e-18,1.50347395782372e-16
1952,1.273481827251678e-12,1.256719850634366e-17,4.637049967643293e-18,1.468959345000893e-16
1953,1.244737417870904e-12,1.257188829390126e-17,4.64070506067115e-18,1.490400886205471e-16
1954,1.271260673208207e-12,1.248677542636574e-17,4.661580013174717e-18,1.502962028972622e-16
1955,1.28417146259229e-12,1.250176008790852e-17,4.713678520898144e-18,1.481219920436315e-16
1956,1.26850258769062e-12,1.244466516471677e-17,4.528194100733319e-18,1.504745341563812e-16
1957,1.275321673628069e-12,1.249888456247841e-17,4.610302026420329e-18,1.48437668107543e-16
1958,1.311264658685711e-12,1.235640426854355e-17,4.807829309760346e-18,1.52071961122361e-16
1959,1.289642498859656e-12,1.237181162643134e-17,4.669575536681726e-18,1.494055109888276e-16
1960,1.298363133372267e-12,1.231570763137795e-17,4.715798870134141e-18,1.498136074889657e-16
1961,1.287698591369149e-12,1.237468532043874e-17,4.672201268556852e-18,1.500800998076852e-16
1962,1.297287684933643e-12,1.238486158466023e-17,4.703645150065114e-18,1.48794330625781e-16
1963,1.263848830902031e-12,1.248903662484641e-17,4.615894887417694e-18,1.487781771408406e-16
1964,1.285792271224489e-12,1.236026773935365e-17,4.667636164412077e-18,1.491145875287055e-16
1965,1.292347420627962e-12,1.24370677609947e-17,4.71708097031182e-18,1.499530417992728e-16
1966,1.278791305972874e-12,1.235498840923334e-17,4.598262735131055e-18,1.50773815638562e-16
1967,1.291524117755439e-12,1.243285390178548e-17,4.664688575294091e-18,1.487269842557307e-16
1968,1.283762979472897e-12,1.233050425559017e-17,4.580588765757947e-18,1.492500035591767e-16
1969,1.292085794871494e-12,1.237951462214036e-17,4.753390058412249e-18,1.481104997633007e-16
1970,1.264130903956315e-12,1.242628779738962e-17,4.623512835139533e-18,1.477449166638268e-16
1971,1.2469652744819e-12,1.241106160257775e-17,4.556576916015702e-18,1.489626161853102e-16
1972,1.260334977838911e-12,1.246232051924859e-17,4.70130064701279e-18,1.488057425405151e-16
1973,1.303014926177013e-12,1.221702120122211e-17,4.676321927253951e-18,1.488149845841378e-16
1974,1.28182623027193e-12,1.22552950538973e-17,4.656363530250186e-18,1.494748664987959e-16
1975,1.294989673554419e-12,1.219703333663894e-17,4.715072326150992e-18,1.509290016058261e-16
1976,1.291255457068033e-12,1.231827477623872e-17,4.752020825012395e-18,1.49311081412683e-16
1977,1.281003982444474e-12,1.248512401389525e-17,4.640890698405985e-18,1.46635951794704e-16
1978,1.254590050402606e-12,1.249345903811455e-17,4.610829476356592e-18,1.53871668295282e-16
1979,1.314649104600818e-12,1.244553279704584e-17,4.771583432369435e-18,1.497702904323343e-16
1980,1.315392077741599e-12,1.238657592181486e-17,4.800861851452854e-18,1.539509087736467e-16
1981,1.304935041223807e-12,1.22976396939349e-17,4.696873209548777e-18,1.504550856819752e-16
1982,1.309921662459362e-12,1.233427283953432e-17,4.73086868859324e-18,1.480738530511969e-16
1983,1.282928127305796e-12,1.240507758897776e-17,4.657300001970081e-18,1.520890789944621e-16
1984,1.294011597174042e-12,1.245055277355298e-17,4.614020658554921e-18,1.484042360193079e-16
1985,1.273088365455415e-12,1.244217170978267e-17,4.536390733466765e-18,1.514967041810477e-16
1986,1.284599411468522e-12,1.232879444388332e-17,4.598855212182189e-18,1.476235646127814e-16
1987,1.245217196950852e-12,1.245269856390332e-17,4.592095945648383e-18,1.514824794704285e-16
1988,1.286368121919848e-12,1.248829716241417e-17,4.612312345360365e-18,1.49564875967121e-16
1989,1.309954072618734e-12,1.248440693834605e-17,4.678934807005931e-18,1.500883774641473e-16
1990,1.283144090371083e-12,1.247723588279376e-17,4.62155781893211e-18,1.498764533855998e-16
1991,1.282828965712742e-12,1.245125934165558e-17,4.645645860851426e-18,1.458789078736127e-16
1992,1.253682418464379e-12,1.245584509146419e-17,4.527684893161758e-18,1.510125014608169e-16
1993,1.289026153206441e-12,1.24454550655113e-17,4.637100367035734e-18,1.475239916384468e-16
1994,1.279739356926422e-12,1.231434113030824e-17,4.720810700231139e-18,1.497707726259146e-16
1995,1.277878853479125e-12,1.2369995169356e-17,4.630767589370773e-18,1.512045752369748e-16
1996,1.294994899693515e-12,1.245941249535254e-17,4.592890546191012e-18,1.47870608457095e-16
1997,1.283472796417295e-12,1.238512749515146e-17,4.699393225527922e-18,1.512605096922912e-16
1998,1.300991388220663e-12,1.237223466308709e-17,4.632821620565103e-18,1.4926535338815e-16
1999,1.302562032641634e-12,1.234954499569032e-17,4.746804785638202e-18,1.49168753940894e-16
2000,1.267584504292583e-12,1.243064967301061e-17,4.603014510982231e-18,1.51456601748285e-16
