iter,continuity,x-velocity,y-velocity
1,1.0,0.003891408646819221,0.001743774490312686
2,1.0,0.002769112921612416,0.0006208064813750998
3,0.6454233636801037,0.002068724388984728,0.0003649371673176238
4,0.4276782904221851,0.001611615393220013,0.0002773584740707572
5,0.2961172739411634,0.001286252677504105,0.00022171014707623
6,0.2469649701994754,0.001078389209870072,0.0001837978453550778
7,0.2137462838704442,0.0009365333438089173,0.0001568101535085848
8,0.1852071031511079,0.0008321687257757233,0.0001361401524491728
9,0.16376112384841,0.0007525064563664753,0.0001209948230533179
10,0.1467168272517341,0.0006897986408998348,0.0001093169794031811
11,0.1329566428408807,0.000637424976889983,9.95819041174226e-05
12,0.1209843235932526,0.0005958792085314891,9.163482411400009e-05
13,0.110909822093162,0.0005567748691544144,8.508045114911514e-05
14,0.100112575118483,0.000525220313574536,7.912260473576688e-05
15,0.0891152107573814,0.0004981385139985206,7.437330502142728e-05
16,0.08228510586272489,0.0004737058882696034,6.961968984512314e-05
17,0.07601783472080623,0.0004498377719852647,6.57705129425943e-05
18,0.0695888909624925,0.0004304660749790538,6.223250074935932e-05
19,0.06488288550096312,0.000411620411509615,5.911955254948335e-05
20,0.0597004437845522,0.0003953961119798644,5.621650643095341e-05
21,0.05430099208603629,0.0003805530043208761,5.347395935669744e-05
22,0.05197813519095682,0.0003658877648018403,5.113359395783112e-05
23,0.04926940242191093,0.0003528405729252673,4.899212220213121e-05
24,0.04601531095199158,0.0003407063958286884,4.68978204146172e-05
25,0.04314460760205274,0.0003292529876926878,4.498444908300038e-05
26,0.04098581484465989,0.0003185608120710858,4.322154386811619e-05
27,0.03931783655659409,0.000308438852544446,4.160103725490689e-05
28,0.03735996739343705,0.0002990609672926572,4.000646130409966e-05
29,0.03539919373624882,0.000290124558770512,3.859560599866027e-05
30,0.03358308655593182,0.0002817285164478311,3.723559770953556e-05
31,0.03194613231471275,0.0002737868210635834,3.596139287203416e-05
32,0.03065635039822653,0.0002662351881179092,3.476448025641838e-05
33,0.02945872937458529,0.0002590634436232802,3.365218494185297e-05
34,0.02823660366767808,0.000252161547843024,3.257295069685948e-05
35,0.02662719631777604,0.0002457147214214919,3.155480028914335e-05
36,0.0252933271700043,0.0002394297450068735,3.058262143592546e-05
37,0.02431594466462438,0.0002334293662130894,2.967946660593873e-05
38,0.02363374745798956,0.000227670186853155,2.883117687542235e-05
39,0.02268708332891686,0.0002222180493761058,2.798967759220776e-05
40,0.02203616124469952,0.000216927637688956,2.721435957947602e-05
41,0.0214338814947953,0.0002118523920700607,2.647237447142756e-05
42,0.02062324829141547,0.000206990013567121,2.57579925534372e-05
43,0.01982841249366844,0.0002023156647470089,2.50874702738635e-05
44,0.01910269700119002,0.0001978082527835306,2.443669967512484e-05
45,0.01844203167624209,0.0001934820323600908,2.381717695548799e-05
46,0.01779814590727873,0.00018929282637236,2.322141908166695e-05
47,0.01720012779894995,0.0001852318699560125,2.264898419010106e-05
48,0.01662465957578588,0.0001813276970196875,2.210527285178875e-05
49,0.01611955723147925,0.0001775458722122656,2.158536084241849e-05
50,0.01565530785676764,0.0001738797454237181,2.108586146976314e-05
51,0.01522262332837485,0.000170328853627898,2.061108588244191e-05
52,0.0147550012660048,0.0001668857244370061,2.015017757488998e-05
53,0.01429430995957153,0.0001635592486115441,1.970586883960392e-05
54,0.01387972322542006,0.0001603254818381093,1.928227067864028e-05
55,0.01349509998059928,0.0001571839296955906,1.887168723535821e-05
56,0.01314131500079826,0.0001541381571142104,1.847713213821815e-05
57,0.01280230549531825,0.0001511742302425489,1.80997717570122e-05
58,0.01241291737593878,0.0001483058013504933,1.772912273997051e-05
59,0.01201852260294987,0.0001455198721884545,1.737187753448726e-05
60,0.01169055272439928,0.0001428084811047341,1.702963293603044e-05
61,0.01139787312499108,0.0001401766353578781,1.669686823133941e-05
62,0.01114411302955632,0.0001376147051071228,1.637968049909852e-05
63,0.0109184530004242,0.0001351214181705588,1.607458253699744e-05
64,0.01068158678448979,0.0001326897991330239,1.578174156351611e-05
65,0.01037287316945542,0.0001303265216488452,1.549273409926079e-05
66,0.01007719913639636,0.0001280249092833114,1.521500539489512e-05
67,0.009843641118662658,0.0001257779716019814,1.494696869674657e-05
68,0.009616818606485205,0.0001235867507782635,1.468464913134277e-05
69,0.009382413031772546,0.0001214480991972909,1.442736563093066e-05
70,0.009145191317573697,0.000119357858938953,1.418462521773124e-05
71,0.008905683518187858,0.0001173214734052877,1.394271440014857e-05
72,0.008660075247383943,0.0001153340923267006,1.37063209103414e-05
73,0.008450012530026018,0.0001133930606754851,1.347939941409037e-05
74,0.008258967362337532,0.0001114975334424853,1.325537776462604e-05
75,0.008062179277338176,0.0001096460344049451,1.304217971703609e-05
76,0.00785836909439564,0.0001078368382809442,1.283198015543476e-05
77,0.007669082216257115,0.0001060698444711335,1.262777271495866e-05
78,0.007502653884935234,0.0001043431987750041,1.242966325800172e-05
79,0.007345607767722447,0.0001026549213016303,1.223696988409965e-05
80,0.007185076816347622,0.0001010044264481984,1.205014918073809e-05
81,0.007019924299611971,9.939034138976052e-05,1.186559027203866e-05
82,0.006872446002616088,9.781012030213749e-05,1.168684204001887e-05
83,0.006725801427035384,9.626408490542081e-05,1.151270087205275e-05
84,0.006600183738812075,9.475218240086547e-05,1.134104061047548e-05
85,0.006470788344733983,9.327311553392905e-05,1.117528853416752e-05
86,0.006333925642983418,9.182565747021465e-05,1.100974678701414e-05
87,0.006196011409047008,9.040820518029824e-05,1.085052846671298e-05
88,0.006064091402420493,8.901956473904772e-05,1.069426094412456e-05
89,0.00593867430622599,8.765931270686815e-05,1.054222990872976e-05
90,0.005814013926226223,8.632698424547835e-05,1.039372628293005e-05
91,0.005694056430954417,8.502111374968983e-05,1.025015011752191e-05
92,0.005575852436112107,8.37430673094757e-05,1.010512183821088e-05
93,0.005462958077351719,8.24905359309278e-05,9.96484781550698e-06
94,0.005361716705647113,8.126057460052049e-05,9.832836270053304e-06
95,0.00525731054863031,8.005562701283283e-05,9.698524935898851e-06
96,0.005154456422387568,7.887454626821247e-05,9.568326247602014e-06
97,0.005061906508499946,7.771636758935632e-05,9.441587671621164e-06
98,0.004973996691673093,7.658057926365373e-05,9.317233926172418e-06
99,0.004892046170616352,7.546642384679878e-05,9.196483131950777e-06
100,0.004810491825205592,7.437350687662467e-05,9.07590349093594e-06
101,0.004733924637951708,7.330105597334684e-05,8.958031812987098e-06
102,0.004651073850552774,7.224887031408952e-05,8.842461038235246e-06
103,0.004566095871707988,7.12164322715763e-05,8.729080985868067e-06
104,0.004483875544309854,7.020304017778314e-05,8.617907672020114e-06
105,0.004410618957941503,6.920830638137988e-05,8.50938411957538e-06
106,0.004339192712787287,6.823176878763489e-05,8.403323682421267e-06
107,0.004267400534692097,6.727314159209644e-05,8.299343797883494e-06
108,0.00419915803809631,6.633177610277982e-05,8.197256871022951e-06
109,0.004128207227399813,6.540737329102272e-05,8.096952076371539e-06
110,0.004058113411183704,6.449970085602791e-05,7.998397527949994e-06
111,0.003986235560676356,6.360801786307955e-05,7.902206996967618e-06
112,0.00391186394311582,6.273181554336261e-05,7.807642843219838e-06
113,0.00384293218676654,6.187022314617195e-05,7.7134843870471e-06
114,0.003780427167996623,6.102451666842926e-05,7.622806717206908e-06
115,0.00371845822572192,6.019422908358409e-05,7.534567832819814e-06
116,0.003657414361982501,5.937834104657939e-05,7.447489425127802e-06
117,0.00359993970741501,5.85759354336157e-05,7.362199295388334e-06
118,0.003543817258811625,5.778825078463868e-05,7.278212398407616e-06
119,0.003489027370667204,5.701254957576275e-05,7.194432607678267e-06
120,0.003431477978370275,5.624957091591204e-05,7.111530546964593e-06
121,0.003372277823447649,5.549965690348592e-05,7.030918072160599e-06
122,0.00331583974709916,5.476246520552252e-05,6.952131664906481e-06
123,0.003266019350560989,5.40378822352213e-05,6.874932291080704e-06
124,0.003216276987327892,5.332538058234625e-05,6.799021834782172e-06
125,0.003165530360916807,5.26235521399484e-05,6.723829359323879e-06
126,0.003117021042874889,5.193446250411537e-05,6.650338565211618e-06
127,0.003070934171946131,5.125721079791532e-05,6.578468340808582e-06
128,0.003025435738212286,5.059075154963755e-05,6.507958013895813e-06
129,0.002981716670452311,4.993468314302936e-05,6.438577163954974e-06
130,0.002939271647875901,4.928888657002816e-05,6.37012948315512e-06
131,0.002897546438886374,4.865468367929291e-05,6.302148313102109e-06
132,0.002857289914298727,4.802891516350473e-05,6.236732149195102e-06
133,0.002818330173357472,4.741269172754599e-05,6.171297952866316e-06
134,0.002778154464030773,4.680672393292494e-05,6.107003342801762e-06
135,0.002738733802478427,4.621080360224434e-05,6.043885678753334e-06
136,0.002697153354591711,4.562448195479944e-05,5.981739671812731e-06
137,0.00266042449738135,4.504725141576575e-05,5.92071478135281e-06
138,0.002624248015714876,4.447896402082905e-05,5.860718635515949e-06
139,0.002587386218674525,4.391937534395378e-05,5.801450263377811e-06
140,0.002551224849848328,4.336836898567515e-05,5.743688215323906e-06
141,0.002516520403936763,4.28259392246094e-05,5.686656503217041e-06
142,0.002481121950403312,4.22918961231472e-05,5.6305404288734e-06
143,0.002446906939304514,4.176599946714542e-05,5.575332191326562e-06
144,0.002412191740962914,4.124803343882811e-05,5.520887113897722e-06
145,0.002377099407172153,4.073786052426284e-05,5.467269438222624e-06
146,0.002345593731301001,4.023543499540825e-05,5.414509028642906e-06
147,0.002315453451632326,3.974046830843452e-05,5.362311617223454e-06
148,0.002286124337551823,3.925294468071783e-05,5.311618082043434e-06
149,0.002254781673150941,3.877271480301567e-05,5.260852818278116e-06
150,0.002224127298675555,3.829954350316846e-05,5.210999493416008e-06
151,0.002194954133170356,3.783330475772271e-05,5.1619874630428e-06
152,0.002166015416076138,3.737396237777427e-05,5.113735135837059e-06
153,0.002138673257434619,3.692135940751544e-05,5.066130528290609e-06
154,0.002110490623742259,3.647534348784911e-05,5.019247819539382e-06
155,0.00208151284968502,3.603653912597904e-05,4.973883537630577e-06
156,0.002053074879876026,3.560334720169263e-05,4.927545195730899e-06
157,0.002024097073454592,3.517603311505191e-05,4.882561226801959e-06
158,0.001996434599462403,3.475493611661755e-05,4.838443225185687e-06
159,0.001970927144902911,3.434010104934207e-05,4.794915888793779e-06
160,0.001947459619979056,3.393137241827695e-05,4.751899337356626e-06
161,0.001924108632781718,3.352863883865129e-05,4.709607309717026e-06
162,0.001901241901858419,3.313148756098946e-05,4.667713719712968e-06
163,0.001879630040458584,3.273993869000841e-05,4.626458696141353e-06
164,0.001857734165143937,3.235399051591272e-05,4.585918646445248e-06
165,0.001836241035604658,3.197349135602575e-05,4.54606670385975e-06
166,0.001814679199559925,3.159833648895413e-05,4.506728808734496e-06
167,0.001792324152075367,3.122841019705056e-05,4.467891500856378e-06
168,0.001770335175885951,3.08636407183458e-05,4.42958747068682e-06
169,0.001748821830240142,3.050393341034822e-05,4.391838758532399e-06
170,0.001727069106546555,3.014877114216883e-05,4.354229134959998e-06
171,0.001706869646031377,2.979871009070745e-05,4.317934333193142e-06
172,0.001687583491240565,2.945407529482518e-05,4.281658832724307e-06
173,0.001668142818941507,2.911420258744942e-05,4.245880581277238e-06
174,0.001648653435202407,2.877876938499511e-05,4.2107077809509e-06
175,0.001629791960087613,2.844771547686531e-05,4.17598274912464e-06
176,0.00161010632416652,2.812110373341997e-05,4.141674860931627e-06
177,0.001590156079129819,2.779897640677384e-05,4.107625603103812e-06
178,0.00157044311186242,2.748091592153585e-05,4.074280438177175e-06
179,0.001552104766291803,2.716753393226052e-05,4.041207018208457e-06
180,0.001534519457707714,2.685847311725131e-05,4.008804032346546e-06
181,0.00151704089756151,2.655352822596184e-05,3.976896066121616e-06
182,0.001500605696685869,2.625261135108505e-05,3.945320733241953e-06
183,0.00148466665949481,2.595567118279471e-05,3.914055262295206e-06
184,0.00146910852833136,2.566265030390855e-05,3.883260047560893e-06
185,0.001454128295932032,2.537353416831337e-05,3.852830617390362e-06
186,0.001438440050819037,2.508824607024191e-05,3.822755965207473e-06
187,0.001422947644602339,2.480679471882087e-05,3.793363692756725e-06
188,0.001408093943824602,2.452889891766234e-05,3.764117952672433e-06
189,0.001390823189179451,2.425466733814545e-05,3.734997207732198e-06
190,0.001373619234228681,2.39840388409754e-05,3.706294333773557e-06
191,0.001357378293709426,2.371681199093199e-05,3.677405171926875e-06
192,0.001341690880674362,2.345323066303027e-05,3.649511199606097e-06
193,0.001326673664773277,2.319309607325085e-05,3.622344494015339e-06
194,0.001312068429027305,2.293636385246838e-05,3.595362885846477e-06
195,0.001297390358486142,2.268293370403185e-05,3.568480391942236e-06
196,0.00128361655891923,2.243273408102548e-05,3.541741963759276e-06
197,0.001270415201349277,2.21857278636052e-05,3.515209900791056e-06
198,0.001257821672605878,2.19418813252455e-05,3.488930862344646e-06
199,0.00124491038600608,2.170115249350329e-05,3.462937320527625e-06
200,0.001232621681503719,2.146350569383154e-05,3.437233241247392e-06
201,0.001220481657762265,2.122889196529928e-05,3.411797623422861e-06
202,0.001208697770950896,2.099726293393806e-05,3.386606580326963e-06
203,0.001196456787336386,2.076858533972374e-05,3.361291570800657e-06
204,0.001183958669470574,2.054277179750664e-05,3.336691955246389e-06
205,0.001171647146257709,2.031977294317986e-05,3.312385389948003e-06
206,0.001157942153851756,2.009958654303838e-05,3.288264576688371e-06
207,0.00114442911543075,1.98821869499656e-05,3.264304289284754e-06
208,0.001131770833102662,1.966750484149661e-05,3.240524749603922e-06
209,0.001119585601232637,1.945549308801098e-05,3.216935759834287e-06
210,0.001107910467381285,1.924612093528169e-05,3.193545549546735e-06
211,0.001096278697265892,1.903935158109827e-05,3.17037265442858e-06
212,0.001084311889018438,1.883515118612689e-05,3.147415532259733e-06
213,0.001073153988048788,1.863346511135814e-05,3.124767654450747e-06
214,0.001062545329646639,1.843467237874317e-05,3.102726157676428e-06
215,0.001051877001299968,1.823792671225674e-05,3.080580932778195e-06
216,0.001041514131690731,1.804342243577309e-05,3.058381033890383e-06
217,0.001031432420213129,1.785132769351361e-05,3.036017689931564e-06
218,0.00102180337068158,1.766165042421629e-05,3.013978202144748e-06
219,0.001011136206427134,1.747435416719012e-05,2.992408909253834e-06
220,0.001000411386251779,1.728940290219293e-05,2.971173883795222e-06
221,0.0009892808709664254,1.710672848644149e-05,2.950117789369385e-06
222,0.0009785598500235287,1.692640261696578e-05,2.929102255731242e-06
223,0.0009679620385317414,1.674816521376103e-05,2.908046205666487e-06
224,0.000957756793853911,1.657188799077484e-05,2.88756277591137e-06
225,0.000948092720130602,1.639776177684294e-05,2.867371217131271e-06
226,0.0009385869196522727,1.622582626561437e-05,2.847239035010036e-06
227,0.0009289240539373311,1.605600304864747e-05,2.827181355134256e-06
228,0.0009192840054385475,1.588822310013126e-05,2.807231519919303e-06
229,0.0009099296839290184,1.572244432461988e-05,2.787445009848046e-06
230,0.0009008941141222,1.555863570150092e-05,2.767869837740173e-06
231,0.0008919704016958725,1.539677977713585e-05,2.748482837523635e-06
232,0.0008831143546860542,1.523685974868979e-05,2.729260147984431e-06
233,0.0008744602575040502,1.50788410875985e-05,2.710205879804373e-06
234,0.0008660227561407176,1.492269825722343e-05,2.691310068027167e-06
235,0.000857798314977081,1.47684109794466e-05,2.672561740907185e-06
236,0.0008494939740951973,1.461594949584808e-05,2.653968621347133e-06
237,0.0008415047479087076,1.446528593547679e-05,2.635527948163242e-06
238,0.0008334553032684695,1.431639632366605e-05,2.617234911804125e-06
239,0.0008252376442756539,1.416925740210456e-05,2.59909769053254e-06
240,0.0008169568147231535,1.40238449502793e-05,2.581112568669515e-06
241,0.000809012406598404,1.388013513446962e-05,2.563280769028275e-06
242,0.0008011321564217488,1.373810810988065e-05,2.545586430960225e-06
243,0.0007932232480562444,1.359773891632673e-05,2.528031044618021e-06
244,0.000785319573436682,1.345896835177695e-05,2.510694282272185e-06
245,0.0007774751144226466,1.33218313180448e-05,2.493442417941157e-06
246,0.0007695486512121776,1.318631204184482e-05,2.476252636800685e-06
247,0.0007617427067799101,1.305237115814007e-05,2.459228640872294e-06
248,0.0007543367790111266,1.291997368876483e-05,2.442384153335467e-06
249,0.0007471726650294596,1.278909581780375e-05,2.425674439499542e-06
250,0.0007398726165594541,1.265972177728193e-05,2.409078326506612e-06
251,0.000733161981373408,1.253183211076802e-05,2.392597981845527e-06
252,0.0007265183876001023,1.240541168996136e-05,2.3762465497198e-06
253,0.0007197652292298567,1.228044642065395e-05,2.36002899189591e-06
254,0.0007129083270804778,1.215691735498538e-05,2.3439381223917e-06
255,0.0007063392408418052,1.203479694250523e-05,2.327976933606171e-06
256,0.000699853274459141,1.191406878684761e-05,2.312142514332306e-06
257,0.000693260247430118,1.179471513888698e-05,2.296438712171436e-06
258,0.0006866782487822147,1.167671574245738e-05,2.280849540462131e-06
259,0.0006800779815151152,1.156005497460383e-05,2.265391170943916e-06
260,0.0006737771401362291,1.144471535990235e-05,2.250052306805961e-06
261,0.0006676101101392888,1.133067726272612e-05,2.234827369503103e-06
262,0.0006613073047547317,1.12179226361676e-05,2.219711255959873e-06
263,0.0006552054781784342,1.110643592880055e-05,2.204705122765528e-06
264,0.0006490709541502702,1.099621165157077e-05,2.189812046241917e-06
265,0.0006431759780239184,1.088722874566046e-05,2.175031570064594e-06
266,0.0006373960435324445,1.0779463845912e-05,2.160364061451655e-06
267,0.0006315840101033946,1.067290743991559e-05,2.145809446905635e-06
268,0.0006260091878098834,1.05675429604264e-05,2.131359895130715e-06
269,0.0006200226499208414,1.046334213247496e-05,2.117024604174771e-06
270,0.0006135931846721686,1.036030079703705e-05,2.102792817318975e-06
271,0.0006077888695975064,1.025840864909216e-05,2.088648305428595e-06
272,0.0006024376815334694,1.015764842408776e-05,2.074635363814785e-06
273,0.0005974468626475881,1.005800831107679e-05,2.060737185638638e-06
274,0.0005922508839927988,9.959472630699904e-06,2.046933395678453e-06
275,0.0005869967115571179,9.86181001906119e-06,2.033127221743075e-06
276,0.0005815692239369075,9.7654889948654e-06,2.019546065849554e-06
277,0.0005761855095608228,9.670362230838332e-06,2.006049082945022e-06
278,0.000571076915540004,9.576173257839766e-06,1.992637133287231e-06
279,0.0005661266285027627,9.482942326169725e-06,1.979367011628305e-06
280,0.0005612568732412083,9.390711527203159e-06,1.966190126664822e-06
281,0.0005562849056071335,9.29949790683577e-06,1.953091446099639e-06
282,0.0005513970999879509,9.209296229318787e-06,1.940077168480064e-06
283,0.0005466083744634372,9.120088748938402e-06,1.92714776988592e-06
284,0.0005418622743116585,9.03185568713294e-06,1.914310257376376e-06
285,0.0005372137461838961,8.944580738105114e-06,1.901568156382347e-06
286,0.0005325585206470687,8.858250953493269e-06,1.888920621806966e-06
287,0.0005278438916748942,8.772854518077161e-06,1.876363872841207e-06
288,0.0005232081538247216,8.688381802606524e-06,1.8639048309488e-06
289,0.0005186879496422639,8.60482546679884e-06,1.851536795681924e-06
290,0.0005141617141099343,8.522174793552632e-06,1.839246140391034e-06
291,0.0005098836306053678,8.440415752284171e-06,1.827039103340702e-06
292,0.0005058689709329063,8.359530560901954e-06,1.814919985333012e-06
293,0.0005022509412203485,8.279514920231514e-06,1.802886421466075e-06
294,0.0004985841699200839,8.200360944045607e-06,1.790938060698626e-06
295,0.0004946920550720999,8.12205797162532e-06,1.7790789824393e-06
296,0.0004908293417771978,8.044595168741864e-06,1.767304180129524e-06
297,0.0004868055539693077,7.967961254692388e-06,1.755614648825968e-06
298,0.0004826541844504939,7.892146565097627e-06,1.744010716400997e-06
299,0.0004786586163193246,7.817136101959386e-06,1.732491525086367e-06
300,0.0004746976300154244,7.742926472697073e-06,1.721057046694339e-06
301,0.0004707741807437719,7.669508237575186e-06,1.709698644720402e-06
302,0.0004666327547532999,7.596870602937975e-06,1.698422576011273e-06
303,0.0004627428414629697,7.525003272128446e-06,1.687216244242942e-06
304,0.0004590371347186465,7.453896461702591e-06,1.676088086854318e-06
305,0.0004553798023924491,7.383541370114186e-06,1.665038269353506e-06
306,0.0004517419245525108,7.313929920319426e-06,1.6540640688609e-06
307,0.0004471646279591199,7.245045129993443e-06,1.643169516810021e-06
308,0.0004425753051904455,7.17688745555655e-06,1.632359395332391e-06
309,0.0004386327747539684,7.109440536285389e-06,1.621620897172565e-06
310,0.0004351108911249782,7.042705070566334e-06,1.610948604413477e-06
311,0.0004316407832610201,6.976674751784058e-06,1.600349494639908e-06
312,0.0004281416344515716,6.911336880384079e-06,1.589826231594604e-06
313,0.0004245385453367147,6.846682034294156e-06,1.579378543724733e-06
314,0.0004211676035101181,6.782705301682416e-06,1.568997462849587e-06
315,0.0004178701086797595,6.719396182061343e-06,1.558691639598959e-06
316,0.0004145589062525299,6.65674583621816e-06,1.548460742030949e-06
317,0.000411176777532839,6.594747540832028e-06,1.538302484815261e-06
318,0.0004077877061647847,6.533394017228577e-06,1.528211839012323e-06
319,0.0004045409120000396,6.472678894264321e-06,1.518187820974504e-06
320,0.0004013890377833537,6.412591300064615e-06,1.508234647029154e-06
321,0.0003984759254007765,6.353126466313432e-06,1.498352256665341e-06
322,0.0003954022190109391,6.294277987036111e-06,1.488535856037719e-06
323,0.000392361796663299,6.236037002781892e-06,1.478784344953515e-06
324,0.0004054170239693176,6.175408816366892e-06,1.468752336179542e-06
325,0.0003911557278715146,6.122001125913256e-06,1.458783003964101e-06
326,0.000385817623474487,6.066737508401278e-06,1.450060366461877e-06
327,0.0003977406858711589,6.007796746790341e-06,1.440658328733326e-06
328,0.0003824399661304351,5.954335055841055e-06,1.430993849329626e-06
329,0.000377361279939653,5.900235927907011e-06,1.421877191825235e-06
330,0.0003888261161519031,5.843135725786305e-06,1.412502466220019e-06
331,0.0003737875631195671,5.791659122170397e-06,1.402735561329915e-06
332,0.0003685858700621244,5.739361763018365e-06,1.393988007481125e-06
333,0.0003795267909349704,5.683988071937469e-06,1.384903540806451e-06
334,0.0003645157562993893,5.634068845429609e-06,1.375499330704407e-06
335,0.0003591113448124974,5.58333247341786e-06,1.366901325029087e-06
336,0.0003697059919081397,5.529637011832895e-06,1.357982297433749e-06
337,0.0003551555084778854,5.481209702354166e-06,1.348635214844812e-06
338,0.0003500434548783282,5.431989769190893e-06,1.340239314420976e-06
339,0.0003605837522357307,5.379910865536646e-06,1.33152916133068e-06
340,0.0003463382102455487,5.332944369114145e-06,1.322371325075696e-06
341,0.0003413886275304235,5.285202783265555e-06,1.314173899498206e-06
342,0.0003518077422120549,5.234683573059338e-06,1.30566010356445e-06
343,0.0003380344545377205,5.189135538768443e-06,1.296634217050938e-06
344,0.0003331645084672551,5.142821490068228e-06,1.288611078374062e-06
345,0.0003432617329016258,5.093810429255878e-06,1.280280426749565e-06
346,0.0003297082786230691,5.049620404627883e-06,1.271398911336386e-06
347,0.0003250651073254142,5.004684496418995e-06,1.263544441293867e-06
348,0.0003349980081857655,4.95713184930211e-06,1.255394060984038e-06
349,0.0003219186980442352,4.914263381954463e-06,1.246660968134311e-06
350,0.0003174797326468519,4.870661551166703e-06,1.238977833645417e-06
351,0.0003271812882669588,4.824519417186778e-06,1.231003638252109e-06
352,0.0003142313629523763,4.782924996193154e-06,1.222415297190887e-06
353,0.0003098658640620044,4.740611770654915e-06,1.214893220878153e-06
354,0.000319504461497307,4.695835011133907e-06,1.207092557171853e-06
355,0.0003063196196565878,4.655458836387183e-06,1.198624071097322e-06
356,0.000301661457578744,4.614390594629999e-06,1.191360933517273e-06
357,0.0003104947278054213,4.570933867594249e-06,1.183675755896449e-06
358,0.0002983274521930479,4.531769927255636e-06,1.175337786904932e-06
359,0.0002942066717023892,4.491904175582093e-06,1.168186437820757e-06
360,0.000303092118015984,4.449734097452465e-06,1.160672084325768e-06
361,0.0002914595393802647,4.411703508783615e-06,1.152491840611712e-06
362,0.0002875609496955923,4.37299697150891e-06,1.145541709903949e-06
363,0.0002965049633118473,4.332067601449005e-06,1.13818827554076e-06
364,0.0002850973757719645,4.295156406765639e-06,1.130135401854932e-06
365,0.0002812176134803194,4.257584216497869e-06,1.12331487525962e-06
366,0.0002898517911381462,4.217853080520229e-06,1.1161140426804e-06
367,0.0002786425703453462,4.182014022455847e-06,1.108194016074537e-06
368,0.0002748275399734017,4.145532730254786e-06,1.10152339913479e-06
369,0.0002832240253656604,4.106960228654878e-06,1.094480362228527e-06
370,0.0002722158978298917,4.072165086982718e-06,1.086700016293355e-06
371,0.0002683414394701214,4.036743253983679e-06,1.080176539033775e-06
372,0.0002764347101798399,3.999293557272796e-06,1.073280219258142e-06
373,0.0002656546032099852,3.965503684415069e-06,1.065630008072787e-06
374,0.0002619387923303216,3.931105810358307e-06,1.059244305836539e-06
375,0.0002698671110127192,3.894737453238444e-06,1.052489490240299e-06
376,0.0002593076363765094,3.861926270956595e-06,1.044970967024682e-06
377,0.0002557262044421846,3.828516568806942e-06,1.03872266124466e-06
378,0.0002635604704243898,3.79319480512493e-06,1.032106939454414e-06
379,0.000253365398719424,3.761329292205472e-06,1.02471293370209e-06
380,0.000249905211027163,3.728878646648669e-06,1.018593412828486e-06
381,0.000257530148645369,3.694571006926136e-06,1.012117362805424e-06
382,0.000247564408170613,3.663620055948106e-06,1.004847848063591e-06
383,0.000244195143726017,3.632098268427301e-06,9.988609096249107e-07
384,0.0002516205414820008,3.598772916643832e-06,9.925183322743275e-07
385,0.0002418904224666913,3.56870873834439e-06,9.853749613948489e-07
386,0.0002385878455849705,3.538086103725478e-06,9.795118240716643e-07
387,0.0002458817829658367,3.505712005575066e-06,9.732995666631406e-07
388,0.0002365360606916932,3.476505567760034e-06,9.662849472418568e-07
389,0.00023342063084802,3.446752306111313e-06,9.605447321846303e-07
390,0.00024045553970597,3.415297292631137e-06,9.544636337296238e-07
391,0.0002309185483348497,3.386920776457862e-06,9.475659947401514e-07
392,0.0002271695501187596,3.358010854054252e-06,9.419455760195274e-07
393,0.0002337082499037178,3.327448564221909e-06,9.359849456094718e-07
394,0.0002244789930485215,3.299890174362884e-06,9.291956397216676e-07
395,0.0002212528307209248,3.271792258822684e-06,9.236988649415977e-07
396,0.0002277848911164535,3.2420928816083e-06,9.178659977902117e-07
397,0.0002188621668869093,3.21531171425503e-06,9.11200956394061e-07
398,0.000215756925115585,3.188003345126255e-06,9.058190077043674e-07
399,0.0002222840311395052,3.159142093065851e-06,9.001009163296321e-07
400,0.0002138139752201254,3.133114018832408e-06,8.935497121930089e-07
401,0.0002109775970419838,3.106571044380653e-06,8.882754096814122e-07
402,0.0002174310479000141,3.078522934319228e-06,8.826726094096456e-07
403,0.0002090670715316978,3.053223977826054e-06,8.762474596532802e-07
404,0.0002062336515688595,3.027423832397173e-06,8.710855750880375e-07
405,0.0002124875214893392,3.000163490465128e-06,8.655966107270477e-07
406,0.0002042682065683517,2.975571570732986e-06,8.592889719864943e-07
407,0.0002015080199192387,2.950501275548558e-06,8.542194288902285e-07
408,0.0002076530072913368,2.924001329897291e-06,8.488511380555706e-07
409,0.0001996085395796672,2.900091135391043e-06,8.426485655833703e-07
410,0.0001969189646731727,2.875701317400335e-06,8.376957741428469e-07
411,0.0002028849352467655,2.849941705278735e-06,8.324484923168409e-07
412,0.0001949777901866195,2.826709820075177e-06,8.263804877457097e-07
413,0.000192327871376682,2.803000853689791e-06,8.215039774323032e-07
414,0.0001981550126528478,2.777957668667306e-06,8.163543598097699e-07
415,0.0001904922178408975,2.755364507351395e-06,8.103864797775672e-07
416,0.0001879941696440658,2.732310319745077e-06,8.05613740770936e-07
417,0.0001938140127911739,2.707961721065629e-06,8.005694907778051e-07
418,0.0001864546032645159,2.685993886711621e-06,7.947164700381545e-07
419,0.0001840340973468156,2.66357621457462e-06,7.900421395974047e-07
420,0.0001897235597174379,2.639900501689165e-06,7.851000594900909e-07
421,0.0001824541750057333,2.618538369132129e-06,7.793472160245191e-07
422,0.0001876978107175478,2.595314892826427e-06,7.745933616582006e-07
423,0.0001801900558419748,2.574980926596503e-06,7.694542313847513e-07
424,0.0001776533693193815,2.553610788506696e-06,7.649920455292451e-07
425,0.0001829661514347843,2.530976874699802e-06,7.601784780414251e-07
426,0.0001760415902794446,2.509695882814498e-06,7.537957961004907e-07
427,0.0001738114810798416,2.488747544103242e-06,7.49657614601438e-07
428,0.0001722622890705068,2.468726718152733e-06,7.455899554747146e-07
429,0.0001722861562066126,2.447260270885074e-06,7.404068271844328e-07
430,0.0001692442634266996,2.427292814139116e-06,7.354803634386721e-07
431,0.0001745710488223615,2.40591153986285e-06,7.307817287560942e-07
432,0.0001680733983180074,2.386227867722664e-06,7.249423698899182e-07
433,0.0001660851628659076,2.366556646382053e-06,7.209965256665094e-07
434,0.0001642092478967496,2.346967648573334e-06,7.166321666712393e-07
435,0.0001629780794955922,2.328075814046148e-06,7.125541294750706e-07
436,0.0001630726217436527,2.307759768542382e-06,7.073185770739367e-07
437,0.0001605504534977132,2.288826301736949e-06,7.027050230761652e-07
438,0.000160951840432873,2.269178816715202e-06,6.979899108797353e-07
439,0.0001584032763553833,2.250913493774365e-06,6.935476493434176e-07
440,0.0001587200757986715,2.231667900081241e-06,6.891862110861375e-07
441,0.0001559714733626422,2.213795743134955e-06,6.84622255053046e-07
442,0.0001561186250806593,2.194802010022457e-06,6.802131362421348e-07
443,0.0001535076987969555,2.177207199047197e-06,6.75792979454784e-07
444,0.0001537376531221829,2.158579219569627e-06,6.71403067076348e-07
445,0.0001511948881175326,2.141314939710032e-06,6.670511848622664e-07
446,0.0001514087933914842,2.123030576254493e-06,6.627446277403824e-07
447,0.000148883434807369,2.106074106504311e-06,6.584310074401574e-07
448,0.0001491287538012951,2.088110782515181e-06,6.541928702165345e-07
449,0.0001466851488324373,2.071455472960776e-06,6.499299425346859e-07
450,0.0001469328968434636,2.05381618168345e-06,6.45744761152123e-07
451,0.0001445428490338748,2.037462692004753e-06,6.415389890235637e-07
452,0.0001448206070821239,2.020140245231783e-06,6.374064119899332e-07
453,0.0001424766132858976,2.004079194379981e-06,6.332540342054021e-07
454,0.0001427424756966534,1.987066205243084e-06,6.291780916842697e-07
455,0.0001404106109094769,1.971291103476678e-06,6.250772002389864e-07
456,0.0001406561241523394,1.954581855523166e-06,6.210571966858664e-07
457,0.0001383520929760523,1.939088157929515e-06,6.170080749053186e-07
458,0.0001385939420079763,1.922676737790379e-06,6.130410138076856e-07
459,0.000136336537987919,1.907458907660915e-06,6.090436137223798e-07
460,0.0001365863609691288,1.891339213714774e-06,6.05127355893517e-07
461,0.0001343031226386017,1.87639182382752e-06,6.011823981252876e-07
462,0.0001345131493741069,1.860558888018153e-06,5.973151924984664e-07
463,0.0001323097636345451,1.845877120409045e-06,5.934223525767292e-07
464,0.0001325391521565339,1.830324248086773e-06,5.896064430530688e-07
465,0.000130374760131193,1.815902417441905e-06,5.857635260503049e-07
466,0.0001306184380301348,1.800624632387064e-06,5.819979897093971e-07
467,0.0001284805629492405,1.786457913087391e-06,5.782044648312808e-07
468,0.0001287085166080311,1.771449957443063e-06,5.74488295100066e-07
469,0.000126605106399161,1.75753265212419e-06,5.707442113984576e-07
470,0.0001268385852695644,1.742789450198552e-06,5.670761049585635e-07
471,0.0001247588851713912,1.729117340811802e-06,5.633794119456267e-07
472,0.0001249792616656824,1.714633710059087e-06,5.597595484797364e-07
473,0.0001229494352269626,1.701202107334344e-06,5.561097680560032e-07
474,0.0001232136847624395,1.686972836630558e-06,5.525367438397424e-07
475,0.0001212376212607955,1.673776900378867e-06,5.489320147284482e-07
476,0.0001214854264085348,1.659796914414997e-06,5.454074486918976e-07
477,0.0001195342798405575,1.646831897993372e-06,5.418499571704055e-07
478,0.0001197729829763185,1.633096884265691e-06,5.383714379754614e-07
479,0.0001178448898074529,1.620358656194708e-06,5.348600263431729e-07
480,0.0001180667067493929,1.606863802315199e-06,5.314264611041979e-07
481,0.0001161644981542775,1.594347991718154e-06,5.279603067333439e-07
482,0.0001163752002799745,1.581088835674728e-06,5.245713730472709e-07
483,0.0001144858038181032,1.568790978746509e-06,5.211497437986168e-07
484,0.0001146893555306301,1.555762867136278e-06,5.178056129667529e-07
485,0.0001128280363455274,1.543678823202483e-06,5.144280052769506e-07
486,0.0001130160625203335,1.53087740374976e-06,5.111281830555664e-07
487,0.0001111618689639302,1.519003063292597e-06,5.077940386296784e-07
488,0.0001113476851685711,1.506423997618009e-06,5.045388967643617e-07
489,0.0001095615435360622,1.494755428472297e-06,5.012468992312397e-07
490,0.0001097757324506714,1.482394645415368e-06,4.980347471035322e-07
491,0.0001080105608538481,1.470927764811757e-06,4.947847462262656e-07
492,0.0001082169596597256,1.458780637361309e-06,4.916147110560006e-07
493,0.0001064715931070365,1.447512017695222e-06,4.884061173527204e-07
494,0.0001066659482098187,1.43557479347841e-06,4.852778186720556e-07
495,0.0001049495326807004,1.424500462521562e-06,4.821104024800371e-07
496,0.000105135295773789,1.412769100004472e-06,4.790232905188708e-07
497,0.000103436333718916,1.401885443035624e-06,4.758954161368238e-07
498,0.000103614714795263,1.390355950096858e-06,4.728495149002368e-07
499,0.0001019316928174647,1.379659406975583e-06,4.697615902428809e-07
500,0.0001021059932417622,1.368328085826837e-06,4.667555173786367e-07
501,0.0001004617419566999,1.35781485658582e-06,4.637065173704712e-07
502,0.0001004790860795193,1.346677435864432e-06,4.607399185325505e-07
503,9.874225242372297e-05,1.336344971218658e-06,4.577292694321562e-07
504,9.889741139586976e-05,1.325400677152578e-06,4.54801237721862e-07
505,9.729600320805094e-05,1.315243156134289e-06,4.518275682048039e-07
506,9.746525045889261e-05,1.304485645455774e-06,4.489400476739462e-07
507,9.588945849355369e-05,1.294500675988186e-06,4.46005108840658e-07
508,9.60550853205608e-05,1.283927365160573e-06,4.431557713499888e-07
509,9.449633425484158e-05,1.274112705960475e-06,4.402589797640022e-07
510,9.466718558476675e-05,1.263719769006203e-06,4.374468101041602e-07
511,9.314545296384687e-05,1.254072108146359e-06,4.345866769071428e-07
512,9.327867195548765e-05,1.243856237506543e-06,4.318112871730692e-07
513,9.178126626803542e-05,1.234371973667924e-06,4.289878664730444e-07
514,9.195040209911885e-05,1.224329609861455e-06,4.26250265947545e-07
515,9.045679550139456e-05,1.215007140245432e-06,4.234625414054282e-07
516,9.064386585263527e-05,1.205134958962187e-06,4.207614224263488e-07
517,8.92251359294579e-05,1.195970108266678e-06,4.180102522689864e-07
518,8.946424043920894e-05,1.186265409785965e-06,4.153438292682557e-07
519,8.80850396130442e-05,1.177255396375201e-06,4.126294499744085e-07
520,8.829085103155408e-05,1.16771432295243e-06,4.099960878573989e-07
521,8.691050514380471e-05,1.15885648425889e-06,4.073171148961597e-07
522,8.709884890137817e-05,1.149476789492075e-06,4.047171053672169e-07
523,8.57315842643186e-05,1.140768230931763e-06,4.020731083790162e-07
524,8.590430310374169e-05,1.131546837891208e-06,3.995063232704359e-07
525,8.454342105477078e-05,1.122984666162025e-06,3.968966108928521e-07
526,8.470209704044835e-05,1.113918631300516e-06,3.943625950423501e-07
527,8.335626332505858e-05,1.105500191543227e-06,3.91786428731499e-07
528,8.349488489865779e-05,1.096586559861199e-06,3.892851287341347e-07
529,8.216727482546881e-05,1.088309029304442e-06,3.867428540474432e-07
530,8.231809441847775e-05,1.079545127163671e-06,3.842742790989866e-07
531,8.101842784817673e-05,1.071406321963499e-06,3.817646472215881e-07
532,8.118571870920833e-05,1.062789292363559e-06,3.793286807103696e-07
533,7.992717747986098e-05,1.054786741747205e-06,3.768513336609013e-07
534,8.009968313294883e-05,1.046313891020816e-06,3.744465545218358e-07
535,7.884659774115706e-05,1.038444860567528e-06,3.720006593860393e-07
536,7.899136709771581e-05,1.03011364178997e-06,3.696276669579904e-07
537,7.774234873838983e-05,1.022375822768506e-06,3.672132010652324e-07
538,7.787268326104357e-05,1.014183490908555e-06,3.648715338044343e-07
539,7.665292799167019e-05,1.006574455917453e-06,3.624882024395424e-07
540,7.67793725868723e-05,9.985185184672472e-07,3.601771958574841e-07
541,7.557070764826843e-05,9.91035779933273e-07,3.578248896193919e-07
542,7.569742436798512e-05,9.831139662796719e-07,3.55544989556308e-07
543,7.451408017570967e-05,9.757552240955032e-07,3.532222286821958e-07
544,7.464422008888786e-05,9.679650221528524e-07,3.509730762974606e-07
545,7.347836330485903e-05,9.607280200599976e-07,3.486793024771214e-07
546,7.35984122690351e-05,9.53067118164141e-07,3.464600130312627e-07
547,7.244552190282008e-05,9.459497119972113e-07,3.441950327719611e-07
548,7.256318094198133e-05,9.384162083486129e-07,3.420048960356971e-07
549,7.1425731145989e-05,9.314164173063749e-07,3.397689248064402e-07
550,7.153706813140722e-05,9.240075139163502e-07,3.376074417921372e-07
551,7.041338738874239e-05,9.171230661756207e-07,3.354001641109069e-07
552,7.052335053786518e-05,9.098364251502008e-07,3.332669467273975e-07
553,6.941882992163634e-05,9.030652844750677e-07,3.310876369726207e-07
554,6.952872110407008e-05,8.958986192723523e-07,3.289821354900012e-07
555,6.844088158180228e-05,8.892390394343287e-07,3.268309056617894e-07
556,6.854552274668332e-05,8.821905340700415e-07,3.247532509342115e-07
557,6.746957397588126e-05,8.756409078412157e-07,3.226297552229413e-07
558,6.758161931104657e-05,8.687074551072686e-07,3.205794848279509e-07
559,6.653159594813007e-05,8.622650815200838e-07,3.184831466163623e-07
560,6.66399692346145e-05,8.554449887116945e-07,3.164594001581332e-07
561,6.560043495837602e-05,8.491083021499596e-07,3.143895953701294e-07
562,6.570842276599333e-05,8.423997460126186e-07,3.123923642472241e-07
563,6.468771272123605e-05,8.36166942804067e-07,3.103488835040749e-07
564,6.479637687986097e-05,8.295679926610684e-07,3.083776660702206e-07
565,6.375813456313929e-05,8.23437019682057e-07,3.063604930631317e-07
566,6.384119666573772e-05,8.169459473934486e-07,3.04414270235762e-07
567,6.283624626395269e-05,8.109146294793752e-07,3.024229040150989e-07
568,6.293232991977058e-05,8.045296288183385e-07,3.005019466522288e-07
569,6.194635106719733e-05,7.985963512097442e-07,2.98536532280408e-07
570,6.204741510045772e-05,7.923154945920562e-07,2.96640641150279e-07
571,6.109317871542094e-05,7.864784953104537e-07,2.947005502300075e-07
572,6.12149858605075e-05,7.802998221353489e-07,2.928290424159489e-07
573,6.028972552327104e-05,7.745573295899005e-07,2.909139671404402e-07
574,6.040736091272357e-05,7.684790700362092e-07,2.890665582992529e-07
575,5.948323675809864e-05,7.628295862588116e-07,2.871762225190534e-07
576,5.958936516750028e-05,7.568499845706542e-07,2.853522889798071e-07
577,5.867054247325751e-05,7.512918460182154e-07,2.834870664858408e-07
578,5.877407126616349e-05,7.454091277545225e-07,2.816862310167612e-07
579,5.787087940471277e-05,7.399406792210758e-07,2.798451870430842e-07
580,5.795591517054554e-05,7.341529042474647e-07,2.780675391494328e-07
581,5.705261061236113e-05,7.287725031129747e-07,2.762503109705263e-07
582,5.717517417607771e-05,7.230785416809916e-07,2.744947544710298e-07
583,5.632454290519696e-05,7.177854992739393e-07,2.72700495365338e-07
584,5.643481418356791e-05,7.121835716861748e-07,2.709678296350498e-07
585,5.559277773478867e-05,7.06975567258593e-07,2.691973635487931e-07
586,5.570112609367549e-05,7.014637369927166e-07,2.674872794583587e-07
587,5.486215182993554e-05,6.963392012286677e-07,2.657405648349822e-07
588,5.495746020994988e-05,6.909159806595744e-07,2.64052784265105e-07
589,5.412597605824086e-05,6.858735839941473e-07,2.623287063378198e-07
590,5.421547333937564e-05,6.805373877267766e-07,2.606625572071819e-07
591,5.338544271966783e-05,6.755757069145615e-07,2.589608320243256e-07
592,5.346584354057727e-05,6.703250283793066e-07,2.573162847990857e-07
593,5.264699585311066e-05,6.65442779114768e-07,2.556367878931832e-07
594,5.272345528886189e-05,6.602761786287088e-07,2.540135211896335e-07
595,5.19126221364397e-05,6.554719291958043e-07,2.523557965211565e-07
596,5.198701876564311e-05,6.503880357614852e-07,2.507536884347099e-07
597,5.119031945717374e-05,6.456603799852811e-07,2.491173324075421e-07
598,5.126516391950443e-05,6.406577553422261e-07,2.475359332918467e-07
599,5.048531154075409e-05,6.360054572083192e-07,2.459208594729036e-07
600,5.055180928688576e-05,6.310827126638421e-07,2.443601047043712e-07
601,4.978878413485722e-05,6.265043765535474e-07,2.427661732529189e-07
602,4.987309762990747e-05,6.216600644956694e-07,2.412255867717444e-07
603,4.912617586282476e-05,6.171544772946971e-07,2.396517183464918e-07
604,4.920823042075878e-05,6.123873377967092e-07,2.381309337933431e-07
605,4.845806998027689e-05,6.079533393200947e-07,2.365771570278937e-07
606,4.853082650977013e-05,6.03262058355988e-07,2.350762441431637e-07
607,4.779850806555126e-05,5.988982396318864e-07,2.335426810905661e-07
608,4.78725433463997e-05,5.942815180062536e-07,2.320606789766696e-07
609,4.715250788483843e-05,5.899866575096886e-07,2.305472570878247e-07
610,4.721913159617892e-05,5.854432885018668e-07,2.290837503224897e-07
611,4.651058420661642e-05,5.812162112156765e-07,2.275905752103144e-07
612,4.658098119200092e-05,5.76744798821257e-07,2.261454364466056e-07
613,4.588047342575253e-05,5.725844080909607e-07,2.246721736075879e-07
614,4.595175715944503e-05,5.681838372021989e-07,2.232452348102341e-07
615,4.526553725565747e-05,5.640890844800655e-07,2.217913073999189e-07
616,4.533263510337314e-05,5.597580976837929e-07,2.203826453438475e-07
617,4.465210820127145e-05,5.557278449342066e-07,2.189474530526634e-07
618,4.471456385129817e-05,5.514651813223096e-07,2.175566911606927e-07
619,4.412869933618765e-05,5.47414826300899e-07,2.160509592498022e-07
620,4.373066104104917e-05,5.43367323129617e-07,2.147202346953974e-07
621,4.33916905682503e-05,5.393406443612054e-07,2.133815335382655e-07
622,4.371367632927391e-05,5.352916125483574e-07,2.121300915900528e-07
623,4.285558289304561e-05,5.315045761187629e-07,2.106689710171022e-07
624,4.287919735229002e-05,5.27392282200286e-07,2.092635969295834e-07
625,4.237373690146728e-05,5.23514402609014e-07,2.07844354191387e-07
626,4.260059850962591e-05,5.195746297959647e-07,2.066888117625799e-07
627,4.1746704014688e-05,5.15904293317179e-07,2.052925680057698e-07
628,4.174780229457112e-05,5.11942150101852e-07,2.039504220027256e-07
629,4.123191757663978e-05,5.081891665826802e-07,2.025546152873424e-07
630,4.145624740766929e-05,5.043741311369826e-07,2.01425679247947e-07
631,4.06276560228108e-05,5.008219104804105e-07,2.000622300651802e-07
632,4.062875058636816e-05,4.969756103687256e-07,1.987594041681467e-07
633,4.015412723437226e-05,4.933399818044675e-07,1.973990476926292e-07
634,4.037153715337913e-05,4.896385940413484e-07,1.962932851091576e-07
635,3.957314623116419e-05,4.861948384720219e-07,1.949688640542138e-07
636,3.956753045167812e-05,4.824709653899489e-07,1.936981188586496e-07
637,3.907679560500664e-05,4.789491005912889e-07,1.923726551689182e-07
638,3.926732576546364e-05,4.753626157476126e-07,1.912953365056021e-07
639,3.847331337115966e-05,4.720252298234819e-07,1.900046698786276e-07
640,3.846390621157322e-05,4.684155222871489e-07,1.887682199876792e-07
641,3.798894889309006e-05,4.650032206563155e-07,1.874766371595574e-07
642,3.81721340047297e-05,4.615257564515068e-07,1.864240994963773e-07
643,3.740686839794921e-05,4.582903087453131e-07,1.851681293317286e-07
644,3.739097561201437e-05,4.547930748130955e-07,1.839634326238858e-07
645,3.692813642623406e-05,4.514868209620347e-07,1.82705207780674e-07
646,3.709918373794889e-05,4.481158357017276e-07,1.816774375003156e-07
647,3.635520833811252e-05,4.449791236785524e-07,1.804546845949346e-07
648,3.634783855723538e-05,4.415896767760181e-07,1.792815183624753e-07
649,3.590011920407953e-05,4.383860145900753e-07,1.780562389185739e-07
650,3.606164823214565e-05,4.351172319971119e-07,1.770527225330713e-07
651,3.534164896323208e-05,4.320762176526766e-07,1.758630570587057e-07
652,3.53382524125217e-05,4.287913007635096e-07,1.747201709761818e-07
653,3.491233469496967e-05,4.25686704886571e-07,1.735266209915683e-07
654,3.507145321539131e-05,4.225171696776402e-07,1.725465240881643e-07
655,3.43788194593074e-05,4.195686747143308e-07,1.713885948899223e-07
656,3.438221082622271e-05,4.163844963012196e-07,1.702751769474461e-07
657,3.398075323103676e-05,4.133756536353994e-07,1.691128088018426e-07
658,3.413753747718989e-05,4.103019557652209e-07,1.681554288435716e-07
659,3.345786103769252e-05,4.074429823062843e-07,1.670286889035862e-07
660,3.344757786997897e-05,4.043564201052629e-07,1.659432792962661e-07
661,3.304373291154476e-05,4.014400515415985e-07,1.648108733558592e-07
662,3.318562817243495e-05,3.984591493499245e-07,1.638753687001388e-07
663,3.253261617802021e-05,3.956864485093416e-07,1.627791370884197e-07
664,3.25206624943477e-05,3.926943700819792e-07,1.617220610036005e-07
665,3.214034741858353e-05,3.898677895129948e-07,1.60619485761868e-07
666,3.228471029651166e-05,3.869767425851221e-07,1.597056301222756e-07
667,3.164951506921083e-05,3.842877065802662e-07,1.586396691447302e-07
668,3.164075048537895e-05,3.813869820593264e-07,1.576089116291431e-07
669,3.126707377998172e-05,3.786473897267831e-07,1.565353573626045e-07
670,3.139939612195023e-05,3.758433051375412e-07,1.556416401998069e-07
671,3.078570338231446e-05,3.73235460911314e-07,1.546048584964112e-07
672,3.07808018753332e-05,3.70422985987041e-07,1.53600255473776e-07
673,3.042114535272056e-05,3.677671181110626e-07,1.525550165408286e-07
674,3.054105581394935e-05,3.650470562918275e-07,1.516815484839756e-07
675,2.995562761226728e-05,3.625174005148708e-07,1.506733663357172e-07
676,2.995590970538916e-05,3.597907734590325e-07,1.496944966696242e-07
677,2.960812801595515e-05,3.572161153238311e-07,1.48676231069357e-07
678,2.97283922542903e-05,3.545775606731749e-07,1.478234737503747e-07
679,2.914696410300588e-05,3.521241364837867e-07,1.468414850095762e-07
680,2.913864266245979e-05,3.494801491439642e-07,1.458881337863486e-07
681,2.912973577052153e-05,3.469312245882165e-07,1.44939729058529e-07
682,2.859006657662936e-05,3.445372399030173e-07,1.440107913181972e-07
683,2.857653547552888e-05,3.419528543239717e-07,1.431082356739872e-07
684,2.854544215512701e-05,3.39462659748976e-07,1.42168941656526e-07
685,2.802164034009112e-05,3.371257257013514e-07,1.412613030187536e-07
686,2.800924409027361e-05,3.345965345361458e-07,1.40371867150091e-07
687,2.798625544454443e-05,3.321604813812314e-07,1.394497421494056e-07
688,2.746052985007172e-05,3.298754611641608e-07,1.385590385107921e-07
689,2.744552595042205e-05,3.274051136601048e-07,1.376874324327761e-07
690,2.742329393052595e-05,3.250253171959582e-07,1.367828945696646e-07
691,2.692063846519413e-05,3.227922047692614e-07,1.359097447690542e-07
692,2.690701852382551e-05,3.203767583344444e-07,1.35054873545216e-07
693,2.688585118293978e-05,3.180500358333285e-07,1.341672630965156e-07
694,2.638957369890273e-05,3.15867181278666e-07,1.3331101646298e-07
695,2.637306762852978e-05,3.135066859974293e-07,1.324726142809835e-07
696,2.635377872920557e-05,3.112326990170937e-07,1.316017282558297e-07
697,2.586937871654245e-05,3.090992355110693e-07,1.307624135672452e-07
698,2.585643111555664e-05,3.067915852399909e-07,1.299396855483885e-07
699,2.58354015888424e-05,3.04568459200298e-07,1.290854808217295e-07
700,2.536340669226186e-05,3.024829139033535e-07,1.282627459489605e-07
701,2.535054082645498e-05,3.002273333024703e-07,1.27455722096635e-07
702,2.533087031835633e-05,2.980542022415512e-07,1.266176964263127e-07
703,2.486748168892611e-05,2.960156096185014e-07,1.258108272174225e-07
704,2.485542301638438e-05,2.938106931903362e-07,1.250190332070538e-07
705,2.483650762899315e-05,2.916862195885096e-07,1.241969877859753e-07
706,2.438235277581336e-05,2.896934082532353e-07,1.234061722594405e-07
707,2.436718685017585e-05,2.87537891781798e-07,1.226295670667832e-07
708,2.434591645499166e-05,2.854609507464988e-07,1.218230106919112e-07
709,2.389912524447035e-05,2.835129273855628e-07,1.210477388270726e-07
710,2.388210929346377e-05,2.814056772168706e-07,1.202858863273793e-07
711,2.386050274651473e-05,2.793751249833723e-07,1.194945897251438e-07
712,2.342265558540361e-05,2.774706213628052e-07,1.187345457130396e-07
713,2.340519802354772e-05,2.754104884425661e-07,1.179871644972025e-07
714,2.338471936890998e-05,2.73425218214479e-07,1.172108660269892e-07
715,2.295667865393259e-05,2.715633036799556e-07,1.164656898706184e-07
716,2.293924109099556e-05,2.695491746267622e-07,1.157324123941913e-07
717,2.291838356523674e-05,2.676081351725307e-07,1.149708450757579e-07
718,2.249903440445017e-05,2.657878518052861e-07,1.142402281459382e-07
719,2.247836702386632e-05,2.638240107775623e-07,1.135289115278836e-07
720,2.243685221277406e-05,2.619169667075516e-07,1.127808919135627e-07
721,2.209579656237571e-05,2.601080222092621e-07,1.120107477534059e-07
722,2.217219290472566e-05,2.582093524464995e-07,1.113773755778783e-07
723,2.180638801514235e-05,2.564222840673534e-07,1.105980850784594e-07
724,2.184394486190456e-05,2.545429412533583e-07,1.099427359132719e-07
725,2.151764115523436e-05,2.527776594480524e-07,1.09183224109794e-07
726,2.155986251010977e-05,2.50926657395064e-07,1.08537416114573e-07
727,2.12406915054189e-05,2.491891164604553e-07,1.07787388649018e-07
728,2.129649137650354e-05,2.473682119795554e-07,1.071517331197033e-07
729,2.098053116957412e-05,2.456592099082569e-07,1.064114086416179e-07
730,2.102236959034404e-05,2.438645060668486e-07,1.057819057815284e-07
731,2.071031869521837e-05,2.421810895152215e-07,1.050523979555631e-07
732,2.074777220660478e-05,2.4041192923723e-07,1.044298442067233e-07
733,2.04417659795221e-05,2.387532459827886e-07,1.037105039340066e-07
734,2.047760662647658e-05,2.370101297431506e-07,1.030953940788182e-07
735,2.017536394482155e-05,2.35376310373188e-07,1.023857086034527e-07
736,2.020844520744586e-05,2.336587869265977e-07,1.017778577680153e-07
737,1.99081289489307e-05,2.320495569696771e-07,1.010778857009108e-07
738,1.993239348525743e-05,2.303571067315038e-07,1.004772596647775e-07
739,1.963890433978276e-05,2.287718477675926e-07,9.978666543390407e-08
740,1.967027133194591e-05,2.271041371278991e-07,9.919389029581083e-08
741,1.938420636045513e-05,2.255424799454502e-07,9.851201184941502e-08
742,1.941272933139553e-05,2.238991778223479e-07,9.792665868821983e-08
743,1.913035693208289e-05,2.223607549141921e-07,9.725373613014473e-08
744,1.915671065838444e-05,2.207414656793483e-07,9.667563379378081e-08
745,1.887876990825666e-05,2.192259941350923e-07,9.60116566960333e-08
746,1.890343814031209e-05,2.176302706327593e-07,9.544055510756837e-08
747,1.862973776629893e-05,2.161375240029754e-07,9.478549937351682e-08
748,1.865261172392782e-05,2.145650537125097e-07,9.422126708277404e-08
749,1.838358583367036e-05,2.130945976165434e-07,9.357504688413221e-08
750,1.840508758060959e-05,2.115449475678397e-07,9.301762259394794e-08
751,1.814066522559209e-05,2.100963696913484e-07,9.238013563006763e-08
752,1.816078510420781e-05,2.085693083190148e-07,9.182941722870824e-08
753,1.808919302165882e-05,2.070955151139928e-07,9.121542499665355e-08
754,1.781099110360502e-05,2.056921137013697e-07,9.061136701453076e-08
755,1.782590720289059e-05,2.041974102273736e-07,9.008351823100697e-08
756,1.772510346081747e-05,2.027530005379198e-07,8.947279629135879e-08
757,1.746395995083171e-05,2.013767609248077e-07,8.888443537255096e-08
758,1.746958213721448e-05,1.999110923376595e-07,8.836139389284363e-08
759,1.737737684388582e-05,1.984960900910821e-07,8.776585253332576e-08
760,1.711231096308941e-05,1.971506242911264e-07,8.718594296877045e-08
761,1.711431452563849e-05,1.957180564748641e-07,8.667463458214589e-08
762,1.701908209081212e-05,1.943352684243217e-07,8.60896611291305e-08
763,1.676634718769253e-05,1.930203948336957e-07,8.552225073931824e-08
764,1.677287651098596e-05,1.916181104743958e-07,8.501937696706678e-08
765,1.668766611745662e-05,1.902650077989977e-07,8.444633703121979e-08
766,1.644153560409555e-05,1.889791283499807e-07,8.38894408457715e-08
767,1.644347545488208e-05,1.876072100612054e-07,8.339597977172927e-08
768,1.635677426191496e-05,1.862836016496845e-07,8.28341481549022e-08
769,1.611444761769689e-05,1.850260808562374e-07,8.228833420067903e-08
770,1.611546372675455e-05,1.836837611740668e-07,8.180355978477164e-08
771,1.603188770658164e-05,1.823888270871222e-07,8.125300790678132e-08
772,1.579728454800815e-05,1.811592954933058e-07,8.071796653805008e-08
773,1.579940099220704e-05,1.798457913903798e-07,8.024178119477487e-08
774,1.572077803932612e-05,1.785789436232961e-07,7.97022580809154e-08
775,1.549354772540814e-05,1.773765801803706e-07,7.917775704048516e-08
776,1.549285942814314e-05,1.760913293201555e-07,7.87097052185943e-08
777,1.541488305250972e-05,1.748517926925867e-07,7.818106443110995e-08
778,1.519207098541391e-05,1.736759034117458e-07,7.766689386432579e-08
779,1.518858141901578e-05,1.724182089138026e-07,7.720689887547237e-08
780,1.511173312833652e-05,1.712054957951376e-07,7.668888565780679e-08
781,1.489414771068211e-05,1.70055585410284e-07,7.618475718981398e-08
782,1.488847248803484e-05,1.688249035791755e-07,7.573282484334014e-08
783,1.481369113305547e-05,1.676383427605618e-07,7.522520319355418e-08
784,1.460156207197592e-05,1.665137200365392e-07,7.473099869531135e-08
785,1.459464916371801e-05,1.653094525589146e-07,7.428707867114664e-08
786,1.45216084750714e-05,1.641483800128076e-07,7.378955205795781e-08
787,1.431583834372967e-05,1.63048379089471e-07,7.330492677513641e-08
788,1.430764330718505e-05,1.61869948264069e-07,7.286892953934047e-08
789,1.423622531842462e-05,1.607338733602577e-07,7.238131586276174e-08
790,1.403501868757258e-05,1.596580221054804e-07,7.190630355243261e-08
791,1.402231691836452e-05,1.585048291858858e-07,7.147805481154082e-08
792,1.395169505815736e-05,1.573931503915325e-07,7.100016742605228e-08
793,1.375622263764497e-05,1.563407480603715e-07,7.053448513474109e-08
794,1.374582948724551e-05,1.552122980137406e-07,7.011374049784429e-08
795,1.367785166729206e-05,1.541244356630908e-07,6.964535995107327e-08
796,1.348725899533454e-05,1.530950780554366e-07,6.918881903391224e-08
797,1.347558266326691e-05,1.519907897599892e-07,6.877554433779051e-08
798,1.340962223208784e-05,1.5092623687185e-07,6.831647372071561e-08
799,1.322386222263027e-05,1.499192694369806e-07,6.786890626332801e-08
800,1.32111141628955e-05,1.488385605056375e-07,6.746298725492693e-08
801,1.314666784612332e-05,1.477967493047296e-07,6.701298724995128e-08
802,1.296204970937264e-05,1.468116786626912e-07,6.657419934354693e-08
803,1.294154016858074e-05,1.457539774722594e-07,6.617548168081358e-08
804,1.287682589177887e-05,1.447344605606506e-07,6.57343528054209e-08
805,1.270210874629892e-05,1.437708120327801e-07,6.53040337048602e-08
806,1.268999207701274e-05,1.427356434230791e-07,6.491259475988716e-08
807,1.262963891964564e-05,1.417379185385127e-07,6.44800883873651e-08
808,1.245729442604553e-05,1.407952355992264e-07,6.405829179829126e-08
809,1.244357769218527e-05,1.397821113236472e-07,6.367383340338259e-08
810,1.235143904614101e-05,1.388051030951152e-07,6.324985600169804e-08
811,1.213812004449094e-05,1.378819661796778e-07,6.283632818722821e-08
812,1.209562026535394e-05,1.368900694230005e-07,6.24598453310042e-08
813,1.20156898268778e-05,1.359340207012661e-07,6.204382728479597e-08
814,1.183598825923813e-05,1.350311961790298e-07,6.163710489656672e-08
815,1.181844427341349e-05,1.340606349087188e-07,6.126812544352459e-08
816,1.175277457976294e-05,1.331254438461042e-07,6.085978819645859e-08
817,1.158568922596224e-05,1.322421031146982e-07,6.046117632773993e-08
818,1.157500669849967e-05,1.312923366973463e-07,6.009907964304559e-08
819,1.151597446445852e-05,1.303771661323931e-07,5.969866943061673e-08
820,1.13559619727079e-05,1.295129380075753e-07,5.930782676056826e-08
821,1.13460460195474e-05,1.285833743858702e-07,5.895233234614908e-08
822,1.128830000214534e-05,1.276876804241042e-07,5.855977734248847e-08
823,1.113197337171765e-05,1.268421104922444e-07,5.817662530169079e-08
824,1.112160630440941e-05,1.25932243314309e-07,5.782754877833652e-08
825,1.106519615701261e-05,1.250555516084869e-07,5.744273122523365e-08
826,1.091257643095069e-05,1.242282614594301e-07,5.706697382383172e-08
827,1.09015623281566e-05,1.233376271274045e-07,5.67242564839215e-08
828,1.084652667926488e-05,1.22479525031344e-07,5.634701718696321e-08
829,1.069751604415041e-05,1.216700576742122e-07,5.597865484543619e-08
830,1.068609337534629e-05,1.207982793483782e-07,5.564206866792229e-08
831,1.063249022619658e-05,1.199583715000758e-07,5.527230278964276e-08
832,1.048705452432006e-05,1.191662357387308e-07,5.491117415450376e-08
833,1.047511305883938e-05,1.183128938475323e-07,5.458066208600885e-08
834,1.042270590939509e-05,1.174907417909414e-07,5.421819229876992e-08
835,1.028072726719973e-05,1.167155922095119e-07,5.386407296004099e-08
836,1.026739745795338e-05,1.158802429370455e-07,5.353954008399697e-08
837,1.021540721419153e-05,1.150754511899439e-07,5.31841547625548e-08
838,1.00764670132057e-05,1.143169241833644e-07,5.283695681293708e-08
839,1.006352683963612e-05,1.134991922176038e-07,5.251812294336609e-08
840,1.001377436406704e-05,1.127113886384163e-07,5.216981718489781e-08
841,9.878797502792325e-06,1.119691156615206e-07,5.182950668786145e-08
842,9.865360009759659e-06,1.111686463613167e-07,5.151630951572548e-08
843,9.817021573563825e-06,1.103974459870585e-07,5.117489366216543e-08
844,9.685369707537614e-06,1.0967106369036e-07,5.084129574516598e-08
845,9.671419235409982e-06,1.088874629759216e-07,5.053365420874639e-08
846,9.624126380173648e-06,1.081324963435327e-07,5.019897266626516e-08
847,9.495613767729015e-06,1.074216238402368e-07,4.987193591834541e-08
848,9.481155795268074e-06,1.066545409735254e-07,4.956979287206639e-08
849,9.43490521210271e-06,1.059154769954451e-07,4.924169936139821e-08
850,9.309507636208929e-06,1.052197840663865e-07,4.892109448673456e-08
851,9.293297992664211e-06,1.044688193556146e-07,4.862436177086229e-08
852,9.24841265172985e-06,1.037453143458303e-07,4.830275434201778e-08
853,9.126911871920473e-06,1.030644079571904e-07,4.798842923110773e-08
854,9.112682738351641e-06,1.02329224668473e-07,4.769713247596836e-08
855,9.070613379724636e-06,1.016209048982211e-07,4.738177215302983e-08
856,8.953940630501245e-06,1.009544809113743e-07,4.707354267556561e-08
857,8.94080746225361e-06,1.002347065072629e-07,4.678760206955226e-08
858,8.899304411536411e-06,9.954125374537046e-08,4.647840353700839e-08
859,8.783996656963555e-06,9.888902007817177e-08,4.617617548950559e-08
860,8.76878156735483e-06,9.818433197973963e-08,4.589533292166897e-08
861,8.726917737455652e-06,9.750541860100118e-08,4.559220647917851e-08
862,8.613401321294019e-06,9.686704028779712e-08,4.529592000932931e-08
863,8.596951040665052e-06,9.617716043432018e-08,4.502009926516823e-08
864,8.55597157481489e-06,9.551246691415452e-08,4.472291539830188e-08
865,8.445092537307455e-06,9.488764358851873e-08,4.443243745494813e-08
866,8.428305926412122e-06,9.421224046395293e-08,4.416154159768769e-08
867,8.388581202918434e-06,9.356146449030254e-08,4.387018200951474e-08
868,8.280889051914045e-06,9.294987174630665e-08,4.358542730726011e-08
869,8.26435908920171e-06,9.228859415937179e-08,4.331938282213273e-08
870,8.225627541461983e-06,9.165141346653424e-08,4.303373020386281e-08
871,8.120315919255444e-06,9.105277289396137e-08,4.275461089239596e-08
872,8.10300443816246e-06,9.040531019458983e-08,4.249330061857684e-08
873,8.064390758956193e-06,8.978145776786753e-08,4.221325503173625e-08
874,7.9609825986895e-06,8.919547669794375e-08,4.193963885248002e-08
875,7.94318917459119e-06,8.856153424516463e-08,4.168299733424962e-08
876,7.905597071770094e-06,8.795071442879591e-08,4.140844563558897e-08
877,7.80494926955119e-06,8.73770989634257e-08,4.114022800206584e-08
878,7.787099530214796e-06,8.675639063416887e-08,4.088820170382798e-08
879,7.75046338962387e-06,8.615831115306407e-08,4.06190274233398e-08
880,7.652386799390317e-06,8.55967884600314e-08,4.03560816293258e-08
881,7.634370715529384e-06,8.498902934983007e-08,4.010857761325515e-08
882,7.598593518767086e-06,8.440341538488787e-08,3.984466691500586e-08
883,7.502982726934103e-06,8.385370513971572e-08,3.958690323976299e-08
884,7.484769860837009e-06,8.325862366400694e-08,3.934383546951506e-08
885,7.4498245216699e-06,8.268522409453112e-08,3.908508065725961e-08
886,7.356594242724394e-06,8.214707305592822e-08,3.883239860264757e-08
887,7.338043359847607e-06,8.156443416612389e-08,3.859369399515548e-08
888,7.303380109798997e-06,8.100297854638984e-08,3.833998495082268e-08
889,7.212224691006136e-06,8.047616526816243e-08,3.809230204974516e-08
890,7.193620588523663e-06,7.990563915009146e-08,3.785784816555692e-08
891,7.160253866509461e-06,7.935585036746203e-08,3.760911503022724e-08
892,7.070819891351755e-06,7.884010113987778e-08,3.736640829857827e-08
893,7.052197745425388e-06,7.828141213187061e-08,3.713618167942789e-08
894,7.020094735154328e-06,7.774303587594985e-08,3.689234483771404e-08
895,6.934653235954777e-06,7.723810320445522e-08,3.665441651346428e-08
896,6.916126550907012e-06,7.669103978276337e-08,3.642836370676904e-08
897,6.884798581153777e-06,7.616385646898512e-08,3.618923536193196e-08
898,6.797851214611092e-06,7.566876771190255e-08,3.595459068799604e-08
899,6.783557736455044e-06,7.513373094164525e-08,3.57349104471383e-08
900,6.751114240442596e-06,7.461787546862136e-08,3.549954383982028e-08
901,6.666932512207929e-06,7.413344448239853e-08,3.526976162934077e-08
902,6.65129332361302e-06,7.360919244349305e-08,3.50536642646962e-08
903,6.619627567771404e-06,7.310374221450043e-08,3.482296629789074e-08
904,6.536704427745523e-06,7.262927342201939e-08,3.45976100093992e-08
905,6.521290992227229e-06,7.211598511897236e-08,3.438557736578977e-08
906,6.490316703572344e-06,7.1621092794676e-08,3.415933252813682e-08
907,6.409555830919235e-06,7.115657119303599e-08,3.393844622548382e-08
908,6.393992340972799e-06,7.065391656550813e-08,3.37302289558529e-08
909,6.363723264181083e-06,7.016926231634586e-08,3.350839342381622e-08
910,6.284948471488973e-06,6.971444050018086e-08,3.329182745467061e-08
911,6.269226085526223e-06,6.922220431246876e-08,3.308736580153859e-08
912,6.239650437566177e-06,6.874758219719726e-08,3.286984874002685e-08
913,6.162766577286261e-06,6.830223693358426e-08,3.265753326127e-08
914,6.146903680281627e-06,6.782019473281296e-08,3.245677250481541e-08
915,6.118079062082368e-06,6.735538213021081e-08,3.224349564072735e-08
916,6.029638090841975e-06,6.691577170537052e-08,3.203091397403575e-08
917,6.036416669106342e-06,6.644722130724043e-08,3.18404964276807e-08
918,5.997477965358411e-06,6.599374364077224e-08,3.162894673468214e-08
919,5.97505767736387e-06,6.554650981984849e-08,3.14287832098172e-08
920,5.881659729734542e-06,6.512137609887604e-08,3.122005011527704e-08
921,5.881889127976446e-06,6.466404917694491e-08,3.103359943714906e-08
922,5.841524657672467e-06,6.42208281169668e-08,3.082841163185879e-08
923,5.82065967542342e-06,6.378460779640772e-08,3.063243762592275e-08
924,5.729485420974034e-06,6.337037844293547e-08,3.042943559077188e-08
925,5.730143485209342e-06,6.292591726546679e-08,3.024796172401003e-08
926,5.690666559272151e-06,6.249532923825662e-08,3.004777265111585e-08
927,5.669816083040162e-06,6.207137071717174e-08,2.985688700110382e-08
928,5.581726648543779e-06,6.166886771189214e-08,2.965905212988471e-08
929,5.582013712578546e-06,6.123648396354032e-08,2.948188278936075e-08
930,5.54361357919383e-06,6.081760663596279e-08,2.928699625783973e-08
931,5.52314583198125e-06,6.040527356363423e-08,2.910087700881468e-08
932,5.437368189505739e-06,6.001379670656713e-08,2.890823178153245e-08
933,5.437534717087956e-06,5.959327450232271e-08,2.87354028829623e-08
934,5.400449256307252e-06,5.918588097189783e-08,2.854554616710542e-08
935,5.380767213690591e-06,5.878485751668206e-08,2.836409696668376e-08
936,5.297520422788715e-06,5.84041991457045e-08,2.817642925155135e-08
937,5.297278363394268e-06,5.799514702716958e-08,2.800780277821179e-08
938,5.26116902671326e-06,5.759889439107359e-08,2.782286217561822e-08
939,5.241912914844415e-06,5.720887710984462e-08,2.764595755856446e-08
940,5.160978523387737e-06,5.683869990410798e-08,2.746317329759734e-08
941,5.16043810352628e-06,5.644080912076861e-08,2.729863986925739e-08
942,5.125311012989358e-06,5.605537391224258e-08,2.711850320584093e-08
943,5.106495061276759e-06,5.567603551505613e-08,2.694604748106406e-08
944,5.027900669409977e-06,5.531604344275736e-08,2.676801488627963e-08
945,5.027117273422796e-06,5.492899446781934e-08,2.660747630901355e-08
946,4.992983901208983e-06,5.455408010484176e-08,2.643201273499901e-08
947,4.97463188936954e-06,5.418514002687891e-08,2.626388887105838e-08
948,4.898300125295789e-06,5.383506852038885e-08,2.609049927256871e-08
949,4.897265638634437e-06,5.345859404400349e-08,2.59338329552073e-08
950,4.864066665370131e-06,5.309391339205818e-08,2.576292770371714e-08
951,4.846156995820591e-06,5.273507394347989e-08,2.559902394390016e-08
952,4.775377043048228e-06,5.239465771424637e-08,2.543016918959729e-08
953,4.77339511123361e-06,5.202840027154567e-08,2.527733550487848e-08
954,4.740937371939149e-06,5.167363382079168e-08,2.511087117566593e-08
955,4.723696638406397e-06,5.132460563302039e-08,2.495107610436887e-08
956,4.645930742374608e-06,5.099105831468177e-08,2.478503997970293e-08
957,4.656968211792321e-06,5.063724292766175e-08,2.463876082487266e-08
958,4.619195156683847e-06,5.029350882961486e-08,2.447511898144811e-08
959,4.600964044406542e-06,4.995357071953691e-08,2.431999975649781e-08
960,4.525493991586697e-06,4.962882720842404e-08,2.415776803159052e-08
961,4.535291549960154e-06,4.928426568535014e-08,2.401478359372849e-08
962,4.499534526789817e-06,4.894960843257253e-08,2.385570077830305e-08
963,4.482407905723719e-06,4.861894734422946e-08,2.370435462724472e-08
964,4.408853134286114e-06,4.830305319361087e-08,2.354646259058817e-08
965,4.418572568592306e-06,4.796793945409664e-08,2.340700524339825e-08
966,4.383624445380632e-06,4.764247223205609e-08,2.325195647350371e-08
967,4.366723379579561e-06,4.732084382350722e-08,2.310440470108445e-08
968,4.295326849913949e-06,4.701363329510902e-08,2.295061831296864e-08
969,4.304548635954089e-06,4.668760362829248e-08,2.281448716541515e-08
970,4.269213128961326e-06,4.63708954450065e-08,2.26624803098807e-08
971,4.25938249352543e-06,4.605816705218081e-08,2.252188602124063e-08
972,4.18502817383711e-06,4.575922917350951e-08,2.236982404304339e-08
973,4.19406983787963e-06,4.544227970868316e-08,2.223686369506715e-08
974,4.159325002411533e-06,4.513407778795901e-08,2.208895625650713e-08
975,4.149101435411436e-06,4.482983050796315e-08,2.195170251364463e-08
976,4.07720854189187e-06,4.453908441634151e-08,2.180381286788102e-08
977,4.085408463194362e-06,4.423059868505176e-08,2.167397970995328e-08
978,4.052169812535253e-06,4.393076490004539e-08,2.153006187595129e-08
979,4.042692437111039e-06,4.363482320331016e-08,2.139616530305878e-08
980,3.973194273676524e-06,4.335201555954606e-08,2.125218053289803e-08
981,3.978230320526431e-06,4.305162496641734e-08,2.112418707507114e-08
982,3.949197721097244e-06,4.276048327890982e-08,2.098683642605386e-08
983,3.933887660336128e-06,4.247237521697009e-08,2.085207223613912e-08
984,3.872591925303402e-06,4.219673390769764e-08,2.071527125592722e-08
985,3.877145999065301e-06,4.190511097918486e-08,2.059046855564764e-08
986,3.848900052573121e-06,4.162168313765007e-08,2.045345261344892e-08
987,3.794117119596396e-06,4.135026448827398e-08,2.032243749166128e-08
988,3.799949680535848e-06,4.10649087974264e-08,2.019948035440844e-08
989,3.773865610843403e-06,4.078738254246679e-08,2.006437086890127e-08
990,3.719952335042359e-06,4.052213324745421e-08,1.993551246904101e-08
991,3.725809374129114e-06,4.02426609516175e-08,1.98149251701013e-08
992,3.700714562648012e-06,3.997077165820508e-08,1.968244448325257e-08
993,3.647949075338075e-06,3.971087134676186e-08,1.955606390633373e-08
994,3.653391879342139e-06,3.943666842462457e-08,1.943715431891096e-08
995,3.629099124444625e-06,3.91708948471391e-08,1.930801439187706e-08
996,3.573396084175896e-06,3.891496420014818e-08,1.918307295719695e-08
997,3.590832590253104e-06,3.864857563989499e-08,1.906947859807447e-08
998,3.559037761354273e-06,3.838784496818177e-08,1.894038448640226e-08
999,3.504545894482145e-06,3.813628133685623e-08,1.881734135916898e-08
1000,3.514435759471789e-06,3.787437496430376e-08,1.870362957778958e-08
1001,3.488886890838313e-06,3.762046383443253e-08,1.858101107834208e-08
1002,3.438140198390977e-06,3.737401286520683e-08,1.846045032796697e-08
1003,3.445298209636426e-06,3.711724494454879e-08,1.834727299291448e-08
1004,3.421896689406854e-06,3.686795129786448e-08,1.82270006331957e-08
1005,3.371608501756256e-06,3.662702514570293e-08,1.81089148461575e-08
1006,3.379240360182404e-06,3.637532532655147e-08,1.799812524303319e-08
1007,3.355924353676842e-06,3.61311706868361e-08,1.788017638986858e-08
1008,3.306359708813097e-06,3.58951190139615e-08,1.776435829444681e-08
1009,3.313854745257376e-06,3.56485765743283e-08,1.765554659078791e-08
1010,3.291169662005029e-06,3.540941195824334e-08,1.753987828007667e-08
1011,3.280447591892973e-06,3.517257650606523e-08,1.742787959708864e-08
1012,3.2261289500814e-06,3.494398780089703e-08,1.731566372311477e-08
1013,3.229617500652549e-06,3.470349084602898e-08,1.720853458020687e-08
1014,3.206914245854089e-06,3.447021621700581e-08,1.709656296269705e-08
1015,3.195567504836804e-06,3.423926818492668e-08,1.698700760915033e-08
1016,3.145896780395169e-06,3.401752639538132e-08,1.687559914615845e-08
1017,3.152625707257722e-06,3.378306156362963e-08,1.677551622170889e-08
1018,3.12663773649559e-06,3.355550781353891e-08,1.666226007771443e-08
1019,3.081873332154881e-06,3.333717471738672e-08,1.65569808128844e-08
1020,3.087879541060941e-06,3.310832769358775e-08,1.645540285044545e-08
1021,3.065493704674307e-06,3.288665085197203e-08,1.63473329237922e-08
1022,3.054867809807377e-06,3.266638288062423e-08,1.624210311900105e-08
1023,3.007496610047043e-06,3.245519106617015e-08,1.613590138233775e-08
1024,3.014479206811234e-06,3.223181356003534e-08,1.604000824329178e-08
1025,2.989568760975975e-06,3.201502912161893e-08,1.593181178703991e-08
1026,2.946640586681113e-06,3.180675388102288e-08,1.5831222406799e-08
1027,2.951602421017817e-06,3.158850832702759e-08,1.573396622729778e-08
1028,2.934071112181986e-06,3.137664486070313e-08,1.562848743494073e-08
1029,2.889619916170173e-06,3.117311499258162e-08,1.553003703631297e-08
1030,2.894774260622327e-06,3.095943226714568e-08,1.543475267768281e-08
1031,2.876957451705048e-06,3.075192137919843e-08,1.533124257989389e-08
1032,2.831779009948577e-06,3.055159475461043e-08,1.523216423472493e-08
1033,2.843459127943172e-06,3.034401557773835e-08,1.51409293170471e-08
1034,2.821386399436635e-06,3.014176197548815e-08,1.504118707346478e-08
1035,2.809298656427958e-06,2.994033216375648e-08,1.494515963315822e-08
1036,2.768663812418064e-06,2.974486843568092e-08,1.484642031603605e-08
1037,2.776450079210448e-06,2.954088188109531e-08,1.476035821425337e-08
1038,2.749613215200908e-06,2.934265361012474e-08,1.466021525150193e-08
1039,2.70749491956983e-06,2.91512026019103e-08,1.456539990735311e-08
1040,2.718280529346557e-06,2.895035766623825e-08,1.447607218380513e-08
1041,2.701339148841127e-06,2.875776273581161e-08,1.438135836346744e-08
1042,2.660638927133204e-06,2.857218011850681e-08,1.429036838403343e-08
1043,2.663639338197298e-06,2.837557697199287e-08,1.420058094547937e-08
1044,2.646849698411004e-06,2.818617222678362e-08,1.410764253217177e-08
1045,2.605086762899846e-06,2.800244413601492e-08,1.401777099050633e-08
1046,2.611830756970514e-06,2.781098419369552e-08,1.393032827952316e-08
1047,2.594069243297629e-06,2.762587004069475e-08,1.383907167731292e-08
1048,2.584687678410441e-06,2.744207334143993e-08,1.375122805639314e-08
1049,2.542787703099016e-06,2.726331164177182e-08,1.366121652042881e-08
1050,2.551500478660767e-06,2.707671593671572e-08,1.358012318618213e-08
1051,2.532268106738937e-06,2.689665532534518e-08,1.349017851043165e-08
1052,2.518776444080364e-06,2.671564626967574e-08,1.340402119562177e-08
1053,2.478890356992747e-06,2.654266864245925e-08,1.331444320663756e-08
1054,2.486700859016755e-06,2.63603733917894e-08,1.32367052989656e-08
1055,2.465835220205626e-06,2.618532257466099e-08,1.31492888955177e-08
1056,2.453512203767e-06,2.601024817544901e-08,1.306539385330567e-08
1057,2.414704870746848e-06,2.58419149815494e-08,1.297826924418478e-08
1058,2.421693843494723e-06,2.566458408070318e-08,1.290149587325216e-08
1059,2.401163794293443e-06,2.54939047935631e-08,1.281663289121273e-08
1060,2.389978470622009e-06,2.53236575141806e-08,1.273473973456257e-08
1061,2.353149598897081e-06,2.515972789584845e-08,1.265015727194686e-08
1062,2.359856164034973e-06,2.498714549234655e-08,1.257532206302979e-08
1063,2.33851685298496e-06,2.482046521546704e-08,1.249020782826715e-08
1064,2.30818824403551e-06,2.465978711985148e-08,1.241040911166683e-08
1065,2.315553695913316e-06,2.449085930277259e-08,1.233677643774101e-08
1066,2.294158236718358e-06,2.432909861958983e-08,1.225378646264968e-08
1067,2.264114274466988e-06,2.417112548385484e-08,1.217567161077385e-08
1068,2.268709011081484e-06,2.4004482387827e-08,1.210122822054372e-08
1069,2.250252400683924e-06,2.384512645731253e-08,1.202045074242646e-08
1070,2.221045808153491e-06,2.369113085593221e-08,1.194367797323905e-08
1071,2.225923015101996e-06,2.352787175784213e-08,1.187127161841288e-08
1072,2.207087612953296e-06,2.337198241794953e-08,1.179191117275101e-08
1073,2.17818997522746e-06,2.322115841518245e-08,1.171663994520126e-08
1074,2.18272919231681e-06,2.306119331348689e-08,1.164530754938328e-08
1075,2.164872360359263e-06,2.290835660754943e-08,1.15675276533083e-08
1076,2.136443681878462e-06,2.276048750298887e-08,1.149367359860658e-08
1077,2.140977453406835e-06,2.26038263517535e-08,1.142380425075772e-08
1078,2.12318488106495e-06,2.245411619411374e-08,1.134748843982661e-08
1079,2.095430902689429e-06,2.230915026277301e-08,1.127505436429013e-08
1080,2.100484359279452e-06,2.215621380352027e-08,1.120730935236341e-08
1081,2.082388855354902e-06,2.200826776567743e-08,1.1130867386329e-08
1082,2.054169101520499e-06,2.186645241913759e-08,1.105967925223426e-08
1083,2.061289876416898e-06,2.171680966357737e-08,1.09945979833054e-08
1084,2.04251534790122e-06,2.157215005145967e-08,1.091919110515099e-08
1085,2.00992575674907e-06,2.143207466147299e-08,1.084960829944398e-08
1086,2.019138734963476e-06,2.128667427666783e-08,1.078312756147995e-08
1087,2.003033875870681e-06,2.114642144040797e-08,1.071244240653468e-08
1088,1.974821094943974e-06,2.10083753415027e-08,1.064299709370262e-08
1089,1.982597009972058e-06,2.086453428883639e-08,1.057860761423782e-08
1090,1.946666226922751e-06,2.0729822506182e-08,1.050843635337347e-08
1091,1.954056649794342e-06,2.058720623530249e-08,1.044248793563122e-08
1092,1.939867597874417e-06,2.045134108169184e-08,1.037560577767264e-08
1093,1.932615365250988e-06,2.031531069438609e-08,1.030686079401962e-08
1094,1.912532101883772e-06,2.01869553207235e-08,1.02432771174577e-08
1095,1.904351711414169e-06,2.004570960855586e-08,1.017974932181751e-08
1096,1.872751420728579e-06,1.991681507526351e-08,1.011402618425248e-08
1097,1.8786225170459e-06,1.977983415716359e-08,1.004898874696376e-08
1098,1.845625736917418e-06,1.965140311196789e-08,9.9838982816885e-09
1099,1.856973423437428e-06,1.951890344279533e-08,9.92062822150978e-09
1100,1.84449701049408e-06,1.939117097423618e-08,9.856257633435544e-09
1101,1.821424461088487e-06,1.926559973572985e-08,9.79334440138782e-09
1102,1.822815076148669e-06,1.913155184459489e-08,9.732761932412914e-09
1103,1.795744600117634e-06,1.901020845140428e-08,9.669583931450978e-09
1104,1.800557739574936e-06,1.887774031152954e-08,9.608995037694973e-09
1105,1.772982278796233e-06,1.875848799505465e-08,9.547251612583558e-09
1106,1.776763336953532e-06,1.862760817496832e-08,9.486645992158745e-09
1107,1.750276051100509e-06,1.851035893055615e-08,9.425806255896335e-09
1108,1.753083843715168e-06,1.838098012618117e-08,9.366006608903194e-09
1109,1.727792136803311e-06,1.826529183733468e-08,9.305775501692662e-09
1110,1.730431411750931e-06,1.81376968024283e-08,9.246990326092653e-09
1111,1.698595024746951e-06,1.802169013509595e-08,9.187388306379302e-09
1112,1.708732529921366e-06,1.789836274222393e-08,9.12897117204329e-09
1113,1.682726961233796e-06,1.778593743752224e-08,9.070547636465096e-09
1114,1.685508464544195e-06,1.766170323431788e-08,9.01238493930722e-09
1115,1.656170112886793e-06,1.754825026179938e-08,8.95492853860293e-09
1116,1.665511772900196e-06,1.742812421512455e-08,8.898541754806693e-09
1117,1.633500512095816e-06,1.731701791185327e-08,8.841145278850813e-09
1118,1.643263758392914e-06,1.719788832562712e-08,8.784249881638302e-09
1119,1.613605081254652e-06,1.708793653507974e-08,8.728642477721594e-09
1120,1.622090240780113e-06,1.697042069269979e-08,8.672886810129557e-09
1121,1.611596076769756e-06,1.685911487609239e-08,8.615994365223298e-09
1122,1.592474542564785e-06,1.675234084996218e-08,8.56238614524154e-09
1123,1.592404586266188e-06,1.663507255525384e-08,8.510205950949438e-09
1124,1.582150533984119e-06,1.652654906824986e-08,8.454543824532242e-09
1125,1.570861086219068e-06,1.641642249486851e-08,8.397472306578643e-09
1126,1.568829242682178e-06,1.630725263503469e-08,8.346737284825756e-09
1127,1.5473896676967e-06,1.620508785442844e-08,8.292194396092882e-09
1128,1.539560379773504e-06,1.609160790950486e-08,8.240532933241574e-09
1129,1.514552056135657e-06,1.598746184284408e-08,8.187008866151283e-09
1130,1.517054365508325e-06,1.587890082636047e-08,8.136500155568584e-09
1131,1.517613823503621e-06,1.577361225719305e-08,8.082075273208995e-09
1132,1.495250691809961e-06,1.567476673122183e-08,8.030431684308705e-09
1133,1.491095352988315e-06,1.556477151906853e-08,7.981827254260821e-09
1134,1.490814928167193e-06,1.546180177241743e-08,7.930286307982979e-09
1135,1.466262416778522e-06,1.536591428332722e-08,7.87871486427739e-09
1136,1.462950744798127e-06,1.525776582461294e-08,7.82914326149434e-09
1137,1.462707208495251e-06,1.515636004373e-08,7.779707441740313e-09
1138,1.432911694603644e-06,1.506090358218168e-08,7.728368000396093e-09
1139,1.4348781629218e-06,1.495737281999362e-08,7.6807447477828e-09
1140,1.434231969973556e-06,1.485770465532557e-08,7.630551878573048e-09
1141,1.41998635573891e-06,1.47604304368274e-08,7.580457061479508e-09
1142,1.403209987589808e-06,1.46684780657005e-08,7.533724264664017e-09
1143,1.395874377012819e-06,1.45664254390991e-08,7.48837041386589e-09
1144,1.394280782185562e-06,1.446820551199161e-08,7.43788975930086e-09
1145,1.388582288475701e-06,1.437299808540011e-08,7.390400861801612e-09
1146,1.376600871321917e-06,1.427823950740705e-08,7.342269630050579e-09
1147,1.356006072847091e-06,1.418717864591419e-08,7.294273066180198e-09
1148,1.354615722128347e-06,1.408997291790485e-08,7.252167646870271e-09
1149,1.348033477833287e-06,1.399581807716421e-08,7.203162685166408e-09
1150,1.326505503481847e-06,1.390672148115588e-08,7.156275646508093e-09
1151,1.327425795221939e-06,1.381222943400552e-08,7.114590536727623e-09
1152,1.321717814379326e-06,1.37199491761582e-08,7.065999567951491e-09
1153,1.300788931604425e-06,1.363243640144625e-08,7.020348710137757e-09
1154,1.296437098301176e-06,1.354005996945092e-08,6.978663759777325e-09
1155,1.30387035946585e-06,1.344860190779972e-08,6.933262975445389e-09
1156,1.288945969310321e-06,1.336104886624872e-08,6.885963949825663e-09
1157,1.285203109755365e-06,1.327370524600937e-08,6.845703469826946e-09
1158,1.260832211386235e-06,1.318730891662918e-08,6.799241848653273e-09
1159,1.256319332186301e-06,1.30989390526257e-08,6.758529272747889e-09
1160,1.256040741590426e-06,1.301060745531643e-08,6.713794357552464e-09
1161,1.233888424738624e-06,1.292629439419196e-08,6.669589423655145e-09
1162,1.231544064324298e-06,1.28404417033487e-08,6.630069048190216e-09
1163,1.232043725041594e-06,1.275419974040599e-08,6.586251122463148e-09
1164,1.209948294932561e-06,1.26717851717807e-08,6.542873528579321e-09
1165,1.20758654552358e-06,1.258775164568604e-08,6.504117266890034e-09
1166,1.207808426436678e-06,1.250308850474712e-08,6.461055406870487e-09
1167,1.185131667661808e-06,1.242160190632846e-08,6.418838504999432e-09
1168,1.18459185376536e-06,1.233997449634086e-08,6.38002067197417e-09
1169,1.184877918799629e-06,1.225700533621534e-08,6.338103674776659e-09
1170,1.181386316430417e-06,1.217572157237318e-08,6.296945460670859e-09
1171,1.159876541631926e-06,1.209779175713453e-08,6.256449976427207e-09
1172,1.157620992303399e-06,1.2016313813567e-08,6.218223581929296e-09
1173,1.15441126839508e-06,1.193690214548373e-08,6.178559798910402e-09
1174,1.134436942284018e-06,1.185871631721416e-08,6.137813119804751e-09
1175,1.135347710587891e-06,1.177953734693589e-08,6.100050764196423e-09
1176,1.13327234182338e-06,1.170182275509697e-08,6.060984709648224e-09
1177,1.130011390699472e-06,1.162435855715063e-08,6.021690828683393e-09
1178,1.108931040989452e-06,1.154888102790391e-08,5.982954896931814e-09
1179,1.107224087779754e-06,1.147156558226258e-08,5.945923903302099e-09
1180,1.104180292214306e-06,1.139584145802128e-08,5.907976697322574e-09
1181,1.101303675940614e-06,1.132021122003129e-08,5.869590155512953e-09
1182,1.095707013212094e-06,1.124566708699372e-08,5.832174945965001e-09
1183,1.088999495461793e-06,1.117173132537044e-08,5.795086058956715e-09
1184,1.081883873392781e-06,1.109814839214251e-08,5.758199917290485e-09
1185,1.074888385488771e-06,1.102487517016836e-08,5.721515682046103e-09
1186,1.068164644275311e-06,1.095198111527601e-08,5.6850208819587e-09
1187,1.061665657374728e-06,1.087955728365132e-08,5.648721446215327e-09
1188,1.055221234290019e-06,1.080767735118593e-08,5.612654237460003e-09
1189,1.048693473012426e-06,1.073635655618766e-08,5.576843168596477e-09
1190,1.042046645288994e-06,1.066555242360457e-08,5.541281006537638e-09
1191,1.03533904162581e-06,1.059521394529177e-08,5.505954663628994e-09
1192,1.028649573028582e-06,1.0525315161693e-08,5.470857341113517e-09
1193,1.022031932487222e-06,1.045585633257541e-08,5.435985138938514e-09
1194,1.015501040960877e-06,1.038684904472519e-08,5.401331339961736e-09
1195,1.009042867312588e-06,1.031830370845539e-08,5.3668928672134e-09
1196,1.002628743702848e-06,1.025022523754185e-08,5.332670815474975e-09
1197,9.94476792239379e-07,1.0182135251619e-08,5.297061143890227e-09
1198,9.87335191128143e-07,1.011644019555682e-08,5.265443059996011e-09
1199,9.817533124138687e-07,1.004849511223107e-08,5.230585268687719e-09
1200,9.794960741291512e-07,9.982870182178861e-09,5.199305188290207e-09
1201,9.67612675000723e-07,9.91627253401417e-09,5.1635878153414e-09
1202,9.682105878681707e-07,9.85068599982943e-09,5.132451037281349e-09
1203,9.595505446856493e-07,9.786808256745824e-09,5.099549192393915e-09
1204,9.518933786524455e-07,9.721814342222873e-09,5.065461162066946e-09
1205,9.301549756619412e-07,9.657803696902731e-09,5.034351743167332e-09
1206,9.364184777144744e-07,9.59453973703217e-09,5.002117093394646e-09
1207,9.161106511838025e-07,9.530629203527107e-09,4.970414075879908e-09
1208,9.233478149208741e-07,9.46835564755021e-09,4.938524394785724e-09
1209,9.032858888527076e-07,9.405398873385042e-09,4.907352061765796e-09
1210,9.105492824607553e-07,9.344019118472422e-09,4.875844004015478e-09
1211,9.061044720583025e-07,9.282172391169847e-09,4.8444366089052e-09
1212,8.868006421920783e-07,9.220385287589137e-09,4.814286263379366e-09
1213,8.937330542340272e-07,9.160246955494232e-09,4.783377125342254e-09
1214,8.892559721140399e-07,9.099749716085748e-09,4.752454457208802e-09
1215,8.700287511987233e-07,9.03933996261878e-09,4.722827516891173e-09
1216,8.767202371683739e-07,8.980421975211116e-09,4.69248978495411e-09
1217,8.722253440818737e-07,8.921054977076384e-09,4.662134522256924e-09
1218,8.676243869534013e-07,8.862206559884822e-09,4.632411254202809e-09
1219,8.488126018901137e-07,8.803389998640722e-09,4.603692590122759e-09
1220,8.551568335778328e-07,8.746004538485042e-09,4.574048937460031e-09
1221,8.505183088990633e-07,8.688307881081248e-09,4.544428664827214e-09
1222,8.457880346030936e-07,8.63106730245644e-09,4.515438719344685e-09
1223,8.410744999448234e-07,8.574189167307346e-09,4.4867680841452e-09
1224,8.360991602009305e-07,8.517720722714845e-09,4.458298015009145e-09
1225,8.309003733563014e-07,8.46163775889951e-09,4.42997359120773e-09
1226,8.2562383135998e-07,8.405915616620579e-09,4.40178583849788e-09
1227,8.203583361991326e-07,8.350527293698776e-09,4.373737507744132e-09
1228,8.151850720470887e-07,8.295463527732376e-09,4.345829119741783e-09
1229,8.101419468066257e-07,8.240750246765588e-09,4.318075116268693e-09
1230,8.05172893521199e-07,8.18643992247327e-09,4.290505534785324e-09
1231,8.001937019886056e-07,8.13255716761487e-09,4.263141549017751e-09
1232,7.951460925116592e-07,8.07907963722554e-09,4.235984511014784e-09
1233,7.900146151038066e-07,8.025960073956128e-09,4.209022953094948e-09
1234,7.848535116600671e-07,7.973163222751709e-09,4.182239482365917e-09
1235,7.797286710766267e-07,7.920679261639938e-09,4.155614239810853e-09
1236,7.746893955331123e-07,7.868512461055813e-09,4.129131568858793e-09
1237,7.697601837834555e-07,7.816676146367587e-09,4.102790078528727e-09
1238,7.64927377229757e-07,7.765193934097519e-09,4.076605032006943e-09
1239,7.601388186228049e-07,7.714085816155985e-09,4.05059661711812e-09
1240,7.553331607304252e-07,7.663350658024672e-09,4.024774997357875e-09
1241,7.504823302428499e-07,7.61296589076733e-09,3.999138336223352e-09
1242,7.456032180971846e-07,7.562904189186378e-09,3.973677659916208e-09
1243,7.407355954482757e-07,7.513151388777198e-09,3.948380365311191e-09
1244,7.359207125445529e-07,7.463706149131093e-09,3.923233882081297e-09
1245,7.311855493036239e-07,7.4145729940586e-09,3.898230129776516e-09
1246,7.265371200492968e-07,7.365761776672908e-09,3.873370564713617e-09
1247,7.219557999833974e-07,7.317286009034969e-09,3.84866517401307e-09
1248,7.174040810554579e-07,7.269154260761481e-09,3.824125411219848e-09
1249,7.128460852433756e-07,7.221362402468986e-09,3.799756096561924e-09
1250,7.082689465590366e-07,7.173895019391202e-09,3.775554480317385e-09
1251,7.036854106791627e-07,7.12673536010256e-09,3.751513502568451e-09
1252,6.991223078499699e-07,7.079873505099733e-09,3.727624384740977e-09
1253,6.946057648031348e-07,7.033307974905238e-09,3.703879336938497e-09
1254,6.90150633336292e-07,6.987041634205669e-09,3.680275160783544e-09
1255,6.857568630452839e-07,6.941081468487475e-09,3.656814459790595e-09
1256,6.788387245210523e-07,6.895841629376281e-09,3.633069591871446e-09
1257,6.752485170593121e-07,6.849765421728139e-09,3.609711742503435e-09
1258,6.721034929362758e-07,6.805278187084883e-09,3.587663287682058e-09
1259,6.668713291280304e-07,6.760055422878986e-09,3.563907689918655e-09
1260,6.635554492263646e-07,6.716581004989409e-09,3.542144952948001e-09
1261,6.582599390730641e-07,6.671673216027644e-09,3.518824084282776e-09
1262,6.539961087735039e-07,6.627751279710138e-09,3.496169534044242e-09
1263,6.511601221634114e-07,6.585183000480249e-09,3.475253100955706e-09
1264,6.458352192281453e-07,6.541081270359154e-09,3.452325768204826e-09
1265,6.413041688938862e-07,6.497801204877451e-09,3.430005209276769e-09
1266,6.384862136984626e-07,6.456067453298517e-09,3.409262203423124e-09
1267,6.31475203528347e-07,6.413251906042301e-09,3.386434381829428e-09
1268,6.288442879084394e-07,6.370541350618869e-09,3.365023094353697e-09
1269,6.25335908895502e-07,6.328568000160933e-09,3.343551682454756e-09
1270,6.219044597632667e-07,6.28727836436712e-09,3.32215662782677e-09
1271,6.221854294196868e-07,6.245856499807968e-09,3.301978443287651e-09
1272,6.167389582717231e-07,6.205797981603258e-09,3.280622722337697e-09
1273,6.108368369085092e-07,6.164835679460239e-09,3.259090608425817e-09
1274,6.060134489843874e-07,6.124138698863899e-09,3.238497482522608e-09
1275,6.019253824218411e-07,6.083678104112414e-09,3.218036798736752e-09
1276,5.981355551036047e-07,6.0435580643734e-09,3.197563685826899e-09
1277,5.944677566612368e-07,6.003837801025205e-09,3.177142803790467e-09
1278,5.907901182490892e-07,5.964482835937875e-09,3.156859425758973e-09
1279,5.870461506735608e-07,5.925415855652715e-09,3.136756155631644e-09
1280,5.832370735947755e-07,5.88656687936484e-09,3.116833430605761e-09
1281,5.793999466413752e-07,5.847929291809882e-09,3.097067239749876e-09
1282,5.725500276792967e-07,5.809258171688197e-09,3.076376635689598e-09
1283,5.73539158093979e-07,5.770646782011401e-09,3.057769238258235e-09
1284,5.702533005943757e-07,5.734365830111149e-09,3.039569443964235e-09
1285,5.605860710793835e-07,5.696287738430364e-09,3.018825135016477e-09
1286,5.583501322187501e-07,5.657865585541463e-09,2.998454790913804e-09
1287,5.540098707280702e-07,5.620369059320273e-09,2.979205931678172e-09
1288,5.458587668406281e-07,5.58501177746385e-09,2.963053358936116e-09
1289,5.499370527891644e-07,5.54848748693464e-09,2.943285175520485e-09
1290,5.411677453225129e-07,5.511945913085557e-09,2.923434705857375e-09
1291,5.378693489118937e-07,5.474475281946299e-09,2.90431810068674e-09
1292,5.405718296085981e-07,5.438294352348167e-09,2.885929255291907e-09
1293,5.278897038599132e-07,5.404502459822877e-09,2.869891044842286e-09
1294,5.291139736279089e-07,5.368929228775454e-09,2.849174160083711e-09
1295,5.251190841569547e-07,5.33271749915992e-09,2.831787018885314e-09
1296,5.2556413362648e-07,5.297117677365502e-09,2.813691729582945e-09
1297,5.145548814181243e-07,5.263763203386781e-09,2.797822106594665e-09
1298,5.133162500756935e-07,5.228814082651912e-09,2.778254662429367e-09
1299,5.108857257282992e-07,5.193915999533534e-09,2.759214723670663e-09
1300,5.172887319586851e-07,5.159459951847475e-09,2.743963001760787e-09
1301,5.027046645618176e-07,5.129219649134293e-09,2.728078796655644e-09
1302,5.002440661198961e-07,5.09510067037602e-09,2.70950086560038e-09
1303,4.968401201194489e-07,5.060671873537722e-09,2.690758301085895e-09
1304,4.965091943049393e-07,5.026411677141728e-09,2.672504875107616e-09
1305,4.920838432016258e-07,4.993099740817523e-09,2.655476413140329e-09
1306,4.922573037224661e-07,4.960485450360558e-09,2.639172755349027e-09
1307,4.91476475329506e-07,4.92854275773258e-09,2.623527133032256e-09
1308,4.876354710348806e-07,4.8970181892038e-09,2.606395074671341e-09
1309,4.811722159371985e-07,4.864543611947892e-09,2.588842113752698e-09
1310,4.796791592046266e-07,4.831960677430186e-09,2.572426347894102e-09
1311,4.708421763174527e-07,4.800239226962999e-09,2.559050916556354e-09
1312,4.679566878132521e-07,4.771213370494325e-09,2.542756868048683e-09
1313,4.66177799678683e-07,4.739916285716968e-09,2.524777796443367e-09
1314,4.636202455551638e-07,4.707649452207556e-09,2.507913371210856e-09
1315,4.62817885078985e-07,4.675751298661418e-09,2.491471027954835e-09
1316,4.602830154856747e-07,4.644778248677275e-09,2.476403592246806e-09
1317,4.581067785886723e-07,4.614655992600477e-09,2.460226730333634e-09
1318,4.533086459479133e-07,4.58411547394462e-09,2.444913313196763e-09
1319,4.5694555303504e-07,4.554806726621758e-09,2.42978602927275e-09
1320,4.549098152183253e-07,4.525472547386957e-09,2.41530419398346e-09
1321,4.50017915496234e-07,4.495392177595883e-09,2.398505903449672e-09
1322,4.441854849964655e-07,4.465405498617646e-09,2.382364296542284e-09
1323,4.387928785566425e-07,4.434779477282268e-09,2.36834122871955e-09
1324,4.337497148511884e-07,4.406607784763437e-09,2.354141110061602e-09
1325,4.330042308350109e-07,4.378286888868784e-09,2.337303441155928e-09
1326,4.292729524290349e-07,4.348731445318894e-09,2.323626367084731e-09
1327,4.24336479270819e-07,4.320618211513632e-09,2.309160532990118e-09
1328,4.253419949392738e-07,4.293229950697794e-09,2.291986964462729e-09
1329,4.214938137111946e-07,4.264002058278907e-09,2.27972986637686e-09
1330,4.177375328837766e-07,4.236202655701401e-09,2.267007601413657e-09
1331,4.194442406757021e-07,4.214066771341285e-09,2.254384834506311e-09
1332,4.144641002873622e-07,4.187121025274079e-09,2.237593034427876e-09
1333,4.101276820745955e-07,4.158843955401398e-09,2.22311346376513e-09
1334,4.078605192397e-07,4.130561756935138e-09,2.207592363586321e-09
1335,4.062178833736797e-07,4.101972433665892e-09,2.193002290449937e-09
1336,4.029212720196142e-07,4.073776205251792e-09,2.179603196530578e-09
1337,4.054486326613149e-07,4.047188793366287e-09,2.165351709117519e-09
1338,3.990643429759398e-07,4.020030330765852e-09,2.152589042264576e-09
1339,3.987054459330441e-07,3.994832223898524e-09,2.136892828980572e-09
1340,3.944776569514258e-07,3.968364584768113e-09,2.124443065652721e-09
1341,3.894403349328417e-07,3.943879727363458e-09,2.110825002021133e-09
1342,3.883636146264843e-07,3.918035057845379e-09,2.096818257873047e-09
1343,3.856892476246865e-07,3.891696505334204e-09,2.083759408741638e-09
1344,3.844298136581936e-07,3.866095991686851e-09,2.069222414976949e-09
1345,3.842722679409756e-07,3.841042837303575e-09,2.056824767270549e-09
1346,3.911227770087183e-07,3.822207314136535e-09,2.048645546258785e-09
1347,3.810505108317465e-07,3.796944536772303e-09,2.037292455654978e-09
1348,3.765246503628247e-07,3.771969672712806e-09,2.022189273666531e-09
1349,3.741459586463209e-07,3.746117527878981e-09,2.007611269759529e-09
1350,3.71009719747971e-07,3.720067374044098e-09,1.994297029529084e-09
1351,3.72162251209658e-07,3.693623426383789e-09,1.979818411361653e-09
1352,3.657870372814214e-07,3.668363665209678e-09,1.968531644724804e-09
1353,3.652085676942775e-07,3.643979926127974e-09,1.954628140088297e-09
1354,3.616863173364237e-07,3.620608206453852e-09,1.942811388635526e-09
1355,3.608131220199795e-07,3.597981601741853e-09,1.929467230836115e-09
1356,3.589441901802708e-07,3.575431829734707e-09,1.917310433547479e-09
1357,3.575574994190497e-07,3.552751257206453e-09,1.904721299351436e-09
1358,3.550886774454383e-07,3.529447202177227e-09,1.893289812471422e-09
1359,3.552351737510093e-07,3.506010448029586e-09,1.881068357047996e-09
1360,3.527677598318649e-07,3.483370374897189e-09,1.871892677806733e-09
1361,3.469904955415045e-07,3.460099447053333e-09,1.860197506793805e-09
1362,3.468369221612777e-07,3.436864268333167e-09,1.845847175517443e-09
1363,3.440002559592148e-07,3.413453494901921e-09,1.83499629921216e-09
1364,3.431073947411667e-07,3.390212960301378e-09,1.822718169750691e-09
1365,3.374111281260226e-07,3.368680889277717e-09,1.814534484439044e-09
1366,3.392778370177664e-07,3.354181749083507e-09,1.803608779622395e-09
1367,3.332362839259304e-07,3.33182624115196e-09,1.791160806841746e-09
1368,3.299549818446752e-07,3.309317093428725e-09,1.779225553339412e-09
1369,3.282167686601378e-07,3.286892037682827e-09,1.766327352937738e-09
1370,3.265150916576623e-07,3.26430894075805e-09,1.754692819044521e-09
1371,3.263031010836482e-07,3.241317587305703e-09,1.743068081849867e-09
1372,3.240293461369848e-07,3.21866851245212e-09,1.732872525013193e-09
1373,3.26522897726666e-07,3.198419400541808e-09,1.723347790095166e-09
1374,3.194148032587105e-07,3.176981243321615e-09,1.712164782443793e-09
1375,3.15517712451016e-07,3.155574402601429e-09,1.700381377941833e-09
1376,3.13611999244536e-07,3.13419791453982e-09,1.687661042120253e-09
1377,3.117930287305996e-07,3.112844994496473e-09,1.676113499967975e-09
1378,3.111795137641481e-07,3.091843086014479e-09,1.664964108318738e-09
1379,3.089515748387294e-07,3.071779769662975e-09,1.655316214489033e-09
1380,3.063204092798412e-07,3.054648884021017e-09,1.644280441292722e-09
1381,3.053822107327557e-07,3.035810136515576e-09,1.63471727465075e-09
1382,3.02637959100699e-07,3.018769106900502e-09,1.623720162652585e-09
1383,3.019576655352354e-07,2.999675858694713e-09,1.614167879688525e-09
1384,2.993950966332872e-07,2.98152030643355e-09,1.603215963530948e-09
1385,2.98847611740406e-07,2.96199105238403e-09,1.593802463893376e-09
1386,3.251110765700196e-07,2.968970557370126e-09,1.599671439846922e-09
1387,3.070673756592642e-07,2.949799662212484e-09,1.583466862661938e-09
1388,2.99548161665227e-07,2.929683499022073e-09,1.572549901323431e-09
1389,2.963444522745627e-07,2.909388484919588e-09,1.560960305747889e-09
1390,2.940212955596774e-07,2.888637431836164e-09,1.550214056583636e-09
1391,2.898443681940858e-07,2.866124212920883e-09,1.537891138458513e-09
1392,2.871496759000904e-07,2.843928163735198e-09,1.528498524010361e-09
1393,3.151772635806293e-07,2.829646413641438e-09,1.513494587870163e-09
1394,2.934566963298894e-07,2.811043223633362e-09,1.501162082842913e-09
1395,2.903074788413281e-07,2.792375782165576e-09,1.491575686790472e-09
1396,2.867828252733232e-07,2.77476034863813e-09,1.480596375049333e-09
1397,2.902398338440339e-07,2.751350189905279e-09,1.480680492284917e-09
1398,2.814577226216327e-07,2.731594396289716e-09,1.467925740571858e-09
1399,2.786942978692661e-07,2.711651836517349e-09,1.458279529199492e-09
1400,2.925059931793925e-07,2.695180103573408e-09,1.455485271229876e-09
1401,2.751205548930895e-07,2.676617910456507e-09,1.443744826096877e-09
1402,2.691966166172815e-07,2.65769143395563e-09,1.434548939621685e-09
1403,2.657587722477843e-07,2.637683630537465e-09,1.423530451458337e-09
1404,2.640019447294176e-07,2.618177448231815e-09,1.414501864807398e-09
1405,2.677157262594631e-07,2.596970437976206e-09,1.406159251579744e-09
1406,2.632373842847482e-07,2.579698416577453e-09,1.396726686640667e-09
1407,2.601951505742284e-07,2.562599447880427e-09,1.386884559800358e-09
1408,2.579923951000479e-07,2.545298240597802e-09,1.377377606952231e-09
1409,2.566633938599547e-07,2.527886969177636e-09,1.366854183424052e-09
1410,2.530806101862188e-07,2.510264465869398e-09,1.357892810177765e-09
1411,2.520865049764657e-07,2.492804367599212e-09,1.349094989290914e-09
1412,2.513383970424975e-07,2.475790108686003e-09,1.340680321917152e-09
1413,2.503793940827429e-07,2.460230945182011e-09,1.332284199211379e-09
1414,2.490374908487637e-07,2.446604615934778e-09,1.323874226140922e-09
1415,2.473898132839163e-07,2.433366080368787e-09,1.315497410682825e-09
1416,2.457138166646302e-07,2.419861408858684e-09,1.307179421910448e-09
1417,2.443118200645583e-07,2.405916933353046e-09,1.298924427064798e-09
1418,2.4305246386085e-07,2.391467711043987e-09,1.290725934992951e-09
1419,2.419340211181801e-07,2.376538009250901e-09,1.282576388812601e-09
1420,2.407545420154813e-07,2.36121098773787e-09,1.274475246269332e-09
1421,2.668868671813902e-07,2.365883977804128e-09,1.281718513879327e-09
1422,2.475420477034816e-07,2.349811638537359e-09,1.268168961626211e-09
1423,2.41906593590185e-07,2.333133788318082e-09,1.259490294656079e-09
1424,2.394479932581939e-07,2.316386790691439e-09,1.250356947022339e-09
1425,2.37886049715676e-07,2.29936455159834e-09,1.241234226955774e-09
1426,2.434853283376274e-07,2.275529101895359e-09,1.227085371312814e-09
1427,2.334725768764371e-07,2.259034486969968e-09,1.218419869570868e-09
1428,2.328603253884331e-07,2.242672269630077e-09,1.210994805979101e-09
1429,2.379661485825841e-07,2.220195509248784e-09,1.204941120859685e-09
1430,2.311684879669357e-07,2.204796081470436e-09,1.196377962270891e-09
1431,2.261087516202593e-07,2.189748075086911e-09,1.188527317893099e-09
1432,2.237982513910789e-07,2.175645907503795e-09,1.179475529644542e-09
1433,2.213434579943017e-07,2.16188190604759e-09,1.171924632474923e-09
1434,2.197061928007897e-07,2.149590004536676e-09,1.164111083525287e-09
1435,2.184029313885702e-07,2.136902956924487e-09,1.157244357332704e-09
1436,2.308076133104851e-07,2.144669985181854e-09,1.158611524137799e-09
1437,2.192938809672957e-07,2.12988185838263e-09,1.149396848014297e-09
1438,2.159148668309819e-07,2.11429907084944e-09,1.141698609080087e-09
1439,2.147506171753445e-07,2.098150951081601e-09,1.133565356340827e-09
1440,2.138766726851375e-07,2.080550429427613e-09,1.124793673952207e-09
1441,2.298554104029542e-07,2.062648906487919e-09,1.117268479523355e-09
1442,2.142122829480926e-07,2.049261655661233e-09,1.10761761013172e-09
1443,2.095400161024117e-07,2.035479042641676e-09,1.100838417184643e-09
1444,2.076320818857428e-07,2.021156235573989e-09,1.093466369442341e-09
1445,2.070124657633791e-07,2.005773429332216e-09,1.086306036060402e-09
1446,2.064746030612488e-07,1.9894162527751e-09,1.079921638632279e-09
1447,2.052912816014851e-07,1.973880820336672e-09,1.073548971861018e-09
1448,2.037554034387736e-07,1.959311862470532e-09,1.067005724808156e-09
1449,2.01951444407218e-07,1.946164262487443e-09,1.060357243955611e-09
1450,2.000614410065077e-07,1.933569659201921e-09,1.053650164915433e-09
1451,1.980976073601168e-07,1.921401463064479e-09,1.046934838610527e-09
1452,1.963779188626673e-07,1.909667111911278e-09,1.040351249861558e-09
1453,1.947150213976078e-07,1.898609167090683e-09,1.033720625894963e-09
1454,1.933027527153059e-07,1.887693690974558e-09,1.027290764960042e-09
1455,1.919805814278232e-07,1.87652768925866e-09,1.020953805603464e-09
1456,1.905907392977188e-07,1.865007597582755e-09,1.014630806498303e-09
1457,1.893139104396781e-07,1.852988367401936e-09,1.008307979472324e-09
1458,1.880219044306942e-07,1.840673369913764e-09,1.00186034980494e-09
1459,1.86702415007043e-07,1.828130222132109e-09,9.953805999294513e-10
1460,1.853781302838187e-07,1.815454140888495e-09,9.889337391202648e-10
1461,1.840794896667829e-07,1.802810801530007e-09,9.825478435618161e-10
1462,2.243332223047593e-07,1.846264801489913e-09,9.920076589179387e-10
1463,1.976528616790531e-07,1.834023415590067e-09,9.78937929067184e-10
1464,1.904226282604419e-07,1.820708125003936e-09,9.722349401098855e-10
1465,1.868819270007916e-07,1.806556239442471e-09,9.653708088738348e-10
1466,1.841230738229487e-07,1.790410145176126e-09,9.580039539130478e-10
1467,2.135070389935438e-07,1.751886818866097e-09,9.474246106747942e-10
1468,1.91049858707119e-07,1.736345941796604e-09,9.39499201551731e-10
1469,1.852995599429344e-07,1.722520273838099e-09,9.339364461500685e-10
1470,1.808913911312113e-07,1.711835823342476e-09,9.269348850894932e-10
1471,1.778354056974889e-07,1.701769338126053e-09,9.205776400658037e-10
1472,1.755353895214997e-07,1.690967839562055e-09,9.146547448350753e-10
1473,1.739088072583257e-07,1.679512499707469e-09,9.088255852516268e-10
1474,1.726030256989065e-07,1.667743785823478e-09,9.02963270865997e-10
1475,1.713078807621098e-07,1.655637769172508e-09,8.970241052069975e-10
1476,1.698323632436355e-07,1.643613551519906e-09,8.913372826673646e-10
1477,2.00820278559396e-07,1.661461820915628e-09,8.99096537117726e-10
1478,1.783851385553227e-07,1.649156611786227e-09,8.878239418116279e-10
1479,1.730543170182437e-07,1.63642836431379e-09,8.820044678613226e-10
1480,1.701593271263371e-07,1.62218924363367e-09,8.755919838706976e-10
1481,1.675385716637759e-07,1.6020620975716e-09,8.682561440491983e-10
1482,1.874390833169929e-07,1.585337933348632e-09,8.624468993597859e-10
1483,1.699921860659564e-07,1.574742377735299e-09,8.54467353020949e-10
1484,1.660919699779588e-07,1.564175725342582e-09,8.491176239082958e-10
1485,1.633130678338115e-07,1.553074028245842e-09,8.430410556595817e-10
1486,1.617789325723693e-07,1.541374905790948e-09,8.372638076251413e-10
1487,1.606145366967758e-07,1.528587459718283e-09,8.320170911113683e-10
1488,1.594090544382295e-07,1.515913541856473e-09,8.271493037365169e-10
1489,1.579966339537831e-07,1.503923705867081e-09,8.220989461638296e-10
1490,1.565047685375069e-07,1.492299253074254e-09,8.169048036139499e-10
1491,1.549592612828677e-07,1.481291856310519e-09,8.116751371833879e-10
1492,1.533909553520459e-07,1.471121874686564e-09,8.065552458570283e-10
1493,1.519422579025525e-07,1.461528395734791e-09,8.013648700117642e-10
1494,1.505188437498045e-07,1.452667958413894e-09,7.962367113910841e-10
1495,1.490571500504152e-07,1.44442844791378e-09,7.912377255385023e-10
1496,1.476048098329733e-07,1.436709911128514e-09,7.862151435171106e-10
1497,1.460774393692031e-07,1.428978532305378e-09,7.812425833515939e-10
1498,1.444814714296582e-07,1.421040136085514e-09,7.763190574349624e-10
1499,1.429790409081865e-07,1.412553125313114e-09,7.714882873661765e-10
1500,1.416413230054271e-07,1.404033720257646e-09,7.664894730160548e-10
1501,1.405072839012451e-07,1.395058908784321e-09,7.616812661241257e-10
1502,1.39574948813987e-07,1.385901823034576e-09,7.567306658048494e-10
1503,1.389874119192962e-07,1.37643005824734e-09,7.519168468471262e-10
1504,1.38504211860697e-07,1.366579507426061e-09,7.471263188643539e-10
1505,1.37963903043064e-07,1.356428626901916e-09,7.424645144990036e-10
1506,1.373875546895716e-07,1.345865403234519e-09,7.377999822377846e-10
1507,1.366727863051378e-07,1.335275590388905e-09,7.332013738308852e-10
1508,1.358536861503963e-07,1.324921592069553e-09,7.286135513859296e-10
1509,1.347878230402363e-07,1.315672084797562e-09,7.241158917576703e-10
1510,1.337486897981713e-07,1.306669223255088e-09,7.195005398197454e-10
1511,1.326558492625981e-07,1.298237134748967e-09,7.149955629553199e-10
1512,1.31653540025996e-07,1.290458789794334e-09,7.104781325857321e-10
1513,1.308723524923527e-07,1.282761611848656e-09,7.060077143058463e-10
1514,1.301825463055597e-07,1.275019498771405e-09,7.016035436293538e-10
1515,1.295275668355019e-07,1.267315637676048e-09,6.972613181144311e-10
1516,1.288082534476885e-07,1.259391948477953e-09,6.93047116649964e-10
1517,1.281472810877945e-07,1.25139729374234e-09,6.887955613373836e-10
1518,1.275430636613688e-07,1.243306748565587e-09,6.845553002620009e-10
1519,1.270082886524511e-07,1.235228068760081e-09,6.802237009628806e-10
1520,1.264553150410664e-07,1.227155035509153e-09,6.760165888412174e-10
1521,1.258886465195991e-07,1.219088707636464e-09,6.718850000803446e-10
1522,1.253313762167447e-07,1.21114039818837e-09,6.676825185241071e-10
1523,1.246633849876115e-07,1.203359627256191e-09,6.635847825753578e-10
1524,1.238772912128411e-07,1.195988951917569e-09,6.59532007345231e-10
1525,1.229783740740357e-07,1.188715195241043e-09,6.554933582551131e-10
1526,1.219811825447676e-07,1.181336306395684e-09,6.51465045327512e-10
1527,1.209585072967541e-07,1.173945896069846e-09,6.473536484024152e-10
1528,1.198908683416239e-07,1.166516529391582e-09,6.432290837210551e-10
1529,1.187741854983821e-07,1.159022810018436e-09,6.391276228150352e-10
1530,1.176288832151877e-07,1.151442053106002e-09,6.350592744589199e-10
1531,1.165486756847795e-07,1.143740151444567e-09,6.310721800632352e-10
1532,1.155243741125136e-07,1.135935361310365e-09,6.269333827495314e-10
1533,1.145721638275564e-07,1.12808130581925e-09,6.229602109900383e-10
1534,1.137335855303535e-07,1.120164691527181e-09,6.189305654319082e-10
1535,1.130921178276515e-07,1.112203648058443e-09,6.148900401137341e-10
1536,1.12543661297461e-07,1.10413475217473e-09,6.107916890888363e-10
1537,1.119708009399245e-07,1.096250953467416e-09,6.069238085463954e-10
1538,1.113478427822487e-07,1.088378475628643e-09,6.029477978905709e-10
1539,1.106715283958985e-07,1.080822430440654e-09,5.991314712854892e-10
1540,1.099884537629469e-07,1.073483322139758e-09,5.952514218645727e-10
1541,1.092971504843864e-07,1.066311711343784e-09,5.913490805579089e-10
1542,1.085834000188597e-07,1.05929200021562e-09,5.874601833385715e-10
1543,1.078082403467583e-07,1.052500374833119e-09,5.83528045029673e-10
1544,1.069703647279953e-07,1.045835567202658e-09,5.798326013654553e-10
1545,1.061566564543343e-07,1.039417722515572e-09,5.761089729616359e-10
1546,1.053801777109283e-07,1.033103220694735e-09,5.723785324802793e-10
1547,1.046289909611609e-07,1.026845148143729e-09,5.686633756334566e-10
1548,1.039048413918098e-07,1.020632591319716e-09,5.649778899614913e-10
1549,1.032174154497653e-07,1.014453517373976e-09,5.613303333355273e-10
1550,1.025575244075093e-07,1.008428537168541e-09,5.576636454856014e-10
1551,1.019367180896357e-07,1.002229925754034e-09,5.542002209108739e-10
1552,1.014540943197834e-07,9.960124084628535e-10,5.507036155811806e-10
1553,1.01053409045093e-07,9.89843923990819e-10,5.47141165691014e-10
1554,1.006179763302424e-07,9.835786705413255e-10,5.437011616262254e-10
1555,1.001436203175378e-07,9.772148481139863e-10,5.403126398387517e-10
1556,9.965336340027956e-08,9.707516151527526e-10,5.369413668512773e-10
1557,9.915448862002605e-08,9.642031644412198e-10,5.335779296161211e-10
1558,9.86525352417228e-08,9.57594532876669e-10,5.302256488745353e-10
1559,9.814286381980931e-08,9.50897291403793e-10,5.268713974212034e-10
1560,9.759720910186907e-08,9.44243823305499e-10,5.236429122050921e-10
1561,9.706966483312925e-08,9.37550832477987e-10,5.203692883341405e-10
1562,9.650407804540252e-08,9.3092881647829e-10,5.171787023125474e-10
1563,9.590843374645636e-08,9.244307686401422e-10,5.140269886500581e-10
1564,9.528667546958978e-08,9.181204953154628e-10,5.108982111905491e-10
1565,9.463625466483494e-08,9.121515423991313e-10,5.077867215785625e-10
1566,9.395661254380773e-08,9.064732932435876e-10,5.046919939445119e-10
1567,9.324907988782315e-08,9.009796033126083e-10,5.016130321919452e-10
1568,9.250797555184335e-08,8.955011967214453e-10,4.985547512149483e-10
1569,9.179473047748705e-08,8.901986207659509e-10,4.954319007823472e-10
1570,9.104006325020725e-08,8.847844543032489e-10,4.923948792956379e-10
1571,9.031353251657644e-08,8.794599231159405e-10,4.893112270654192e-10
1572,8.955976918400748e-08,8.740065000389223e-10,4.86313121539246e-10
1573,8.884494407570843e-08,8.68520017421136e-10,4.832762695773962e-10
1574,8.816330863380094e-08,8.629996136946028e-10,4.802327174982966e-10
1575,8.750597403341026e-08,8.574522487679828e-10,4.772011191849591e-10
1576,8.689497724177765e-08,8.518406664837551e-10,4.742247421461508e-10
1577,8.630508689092572e-08,8.462403262160395e-10,4.71142338482482e-10
1578,8.574940013977844e-08,8.406151971934287e-10,4.681867537929672e-10
1579,8.520263896634164e-08,8.349987090552228e-10,4.651495496015484e-10
1580,8.468199389887619e-08,8.293931318644672e-10,4.622419367199469e-10
1581,8.416191509228271e-08,8.237989806835023e-10,4.592521595975703e-10
1582,8.364401365360491e-08,8.182462244328446e-10,4.563823152397726e-10
1583,8.310822571567194e-08,8.127220249631976e-10,4.534258435366289e-10
1584,8.257141269424347e-08,8.072559726198297e-10,4.505869458131803e-10
1585,8.205315563717316e-08,8.018423661520591e-10,4.477068823402045e-10
1586,8.15559162816021e-08,7.965104904744631e-10,4.448176173829383e-10
1587,8.107171386819262e-08,7.912122982215332e-10,4.419435868358406e-10
1588,8.057044917762244e-08,7.85954661277992e-10,4.390479746542806e-10
1589,8.007401354437051e-08,7.80729557610208e-10,4.36315977837145e-10
1590,7.961683597673225e-08,7.75534561662084e-10,4.335574582464776e-10
1591,7.9194063329338e-08,7.703689375502725e-10,4.307874549922145e-10
1592,7.87488138149659e-08,7.652488187221753e-10,4.279765310122962e-10
1593,7.829207561301268e-08,7.601721569751797e-10,4.253098343054056e-10
1594,7.785278182071137e-08,7.551479936993281e-10,4.226133227991679e-10
1595,7.739199644706005e-08,7.502124613389654e-10,4.198635331954861e-10
1596,7.692709202354001e-08,7.453293768510589e-10,4.172462362585182e-10
1597,7.647680280214923e-08,7.405280219969446e-10,4.14597462433958e-10
1598,7.600169194003755e-08,7.358374365453734e-10,4.118967198937052e-10
1599,7.552396845519311e-08,7.311372219489306e-10,4.093289639618763e-10
1600,7.50214389902705e-08,7.265286206861634e-10,4.066934534126922e-10
1601,7.453099512548658e-08,7.218851569641964e-10,4.041643933231203e-10
1602,7.402197192224074e-08,7.173204380976285e-10,4.015607238938128e-10
1603,7.35295703333845e-08,7.127253975837795e-10,3.990604883462315e-10
1604,7.302162661553446e-08,7.082147832664606e-10,3.964873857292159e-10
1605,7.253337094841456e-08,7.037001980162946e-10,3.940197577925246e-10
1606,7.203387949894437e-08,6.992570075748343e-10,3.914834857494858e-10
1607,7.1555900281638e-08,6.947744345533929e-10,3.89051602350188e-10
1608,7.107141419133411e-08,6.903483386301943e-10,3.865527293171642e-10
1609,7.060964096060408e-08,6.858889340774364e-10,3.841554320602381e-10
1610,7.01440287568912e-08,6.814740929581514e-10,3.816920525868574e-10
1611,6.967406930264435e-08,6.770533920071984e-10,3.792995726481318e-10
1612,6.919891650609084e-08,6.726276142657273e-10,3.769406596369671e-10
1613,6.87548935334217e-08,6.681896737293902e-10,3.746204532265634e-10
1614,6.832273239986949e-08,6.637681884951911e-10,3.722137415715388e-10
1615,6.789620655899955e-08,6.593502239535218e-10,3.698681560650561e-10
1616,6.746804637419299e-08,6.54945902480265e-10,3.675583589877941e-10
1617,6.70485479867029e-08,6.505600193585953e-10,3.652688918100172e-10
1618,6.664032493361605e-08,6.462047776252114e-10,3.629928428508046e-10
1619,6.624170602726714e-08,6.41901027386316e-10,3.60728439052946e-10
1620,6.585049549615427e-08,6.376923700597329e-10,3.584772099356382e-10
1621,6.546433788496748e-08,6.335612175149555e-10,3.562412929727238e-10
1622,6.508170461591023e-08,6.295152028541852e-10,3.540211312705258e-10
1623,6.470140232675505e-08,6.255500372497417e-10,3.518168930112069e-10
1624,6.432217086027135e-08,6.21696123267293e-10,3.49617310880239e-10
1625,6.391437650584088e-08,6.178297205664742e-10,3.474943417505524e-10
1626,6.352158020574882e-08,6.139840611844571e-10,3.453449054639e-10
1627,6.313841766376166e-08,6.101533829314664e-10,3.431882592809699e-10
1628,6.275652318607716e-08,6.063333525985201e-10,3.410387800743909e-10
1629,6.23726633409192e-08,6.025212907347001e-10,3.38904296732873e-10
1630,6.198662867304822e-08,5.987146918545216e-10,3.36787192888498e-10
1631,6.159825396326168e-08,5.949123274206604e-10,3.346864161108234e-10
1632,6.120625881110895e-08,5.911160199481395e-10,3.325997515581946e-10
1633,6.080944369178272e-08,5.873320048919294e-10,3.305251156976435e-10
1634,6.040645312964891e-08,5.835839143400281e-10,3.284612351308448e-10
1635,6.002194682627207e-08,5.79829398211899e-10,3.264308833405723e-10
1636,5.963107180409439e-08,5.761123754730396e-10,3.243274477849012e-10
1637,5.922805404101906e-08,5.724049139007722e-10,3.222821019934247e-10
1638,5.883018378582042e-08,5.686811740634403e-10,3.202920656063501e-10
1639,5.842696411035825e-08,5.649810152148222e-10,3.182357598407444e-10
1640,5.803625855161767e-08,5.61271069637723e-10,3.162573206541234e-10
1641,5.76318933468562e-08,5.575785456152414e-10,3.142202020827877e-10
1642,5.723713216221856e-08,5.53888098294749e-10,3.122656362481666e-10
1643,5.683089560534155e-08,5.502115921320653e-10,3.102537774002582e-10
1644,5.643534088311941e-08,5.465486176125844e-10,3.08323023191357e-10
1645,5.605772215866484e-08,5.429002624495287e-10,3.063646720953668e-10
1646,5.56732351364967e-08,5.392663533795398e-10,3.043663971328806e-10
1647,5.529174827824847e-08,5.356647078616794e-10,3.024688676537885e-10
1648,5.49271052598798e-08,5.320904462947724e-10,3.005510729880009e-10
1649,5.4582459135134e-08,5.2854712944239e-10,2.986287251859472e-10
1650,5.422429938200589e-08,5.250462543718969e-10,2.966816672954047e-10
1651,5.386168252784665e-08,5.215871088137102e-10,2.948391161517284e-10
1652,5.351522525691341e-08,5.181758483787992e-10,2.929779347917416e-10
1653,5.318658357964051e-08,5.148128180963097e-10,2.911108168996445e-10
1654,5.286674452436018e-08,5.114989054421326e-10,2.892495271719829e-10
1655,5.253140458275441e-08,5.082884242363437e-10,2.873709210385674e-10
1656,5.219140087709969e-08,5.050862643599004e-10,2.855942616974201e-10
1657,5.187003995499822e-08,5.019115569188919e-10,2.837997740401235e-10
1658,5.157033799493575e-08,4.987545307601349e-10,2.819984043144693e-10
1659,5.126026943710511e-08,4.956522314917899e-10,2.801722392477371e-10
1660,5.095050658374253e-08,4.925141333854652e-10,2.784397664068377e-10
1661,5.065715614624813e-08,4.893881541785747e-10,2.766888155753345e-10
1662,5.036003142761756e-08,4.862997638739652e-10,2.749053801582218e-10
1663,5.006922479759716e-08,4.831821525396712e-10,2.732070253244183e-10
1664,4.977117086058298e-08,4.800953939202506e-10,2.714644586541006e-10
1665,4.948811064187568e-08,4.769868400920706e-10,2.697903737209782e-10
1666,4.919855780767245e-08,4.739018640962073e-10,2.680681087275437e-10
1667,4.890569117689535e-08,4.708141646913539e-10,2.663934029096463e-10
1668,4.860465430783619e-08,4.677268705044004e-10,2.647415270602101e-10
1669,4.832244714072514e-08,4.646405310135212e-10,2.631176455662968e-10
1670,4.804122456151061e-08,4.615695382960114e-10,2.614342505876385e-10
1671,4.775997414615221e-08,4.585104203495262e-10,2.597949684265113e-10
1672,4.746981591569564e-08,4.554701935064044e-10,2.581820391953529e-10
1673,4.717824234743212e-08,4.524545186344228e-10,2.565843043793826e-10
1674,4.688707208259665e-08,4.494700210489084e-10,2.549963661243141e-10
1675,4.659549944062699e-08,4.465244898999179e-10,2.534166254343656e-10
1676,4.630252798411503e-08,4.436373890796051e-10,2.518455983546259e-10
1677,4.60074923623703e-08,4.408117861650645e-10,2.502842453437267e-10
1678,4.571018621743861e-08,4.380335918436827e-10,2.487332779117659e-10
1679,4.541070117897834e-08,4.352899273701294e-10,2.471927196411102e-10
1680,4.510928645753486e-08,4.325710957019813e-10,2.456622013057463e-10
1681,4.480628834218541e-08,4.298718609810757e-10,2.441412775413626e-10
1682,4.450215184787691e-08,4.271892523776317e-10,2.426291579931304e-10
1683,4.419727388169618e-08,4.245198322480659e-10,2.411253706923275e-10
1684,4.389210261757527e-08,4.218602903043216e-10,2.39629676154777e-10
1685,4.358701109339048e-08,4.19209743852323e-10,2.381418037531564e-10
1686,4.328230975751686e-08,4.16567220964374e-10,2.366616298010761e-10
1687,4.299352738286522e-08,4.139022437534164e-10,2.352054923279908e-10
1688,4.270692748048932e-08,4.112665800280609e-10,2.336966864467555e-10
1689,4.241927169981785e-08,4.086371039067119e-10,2.322296464412081e-10
1690,4.213875496635008e-08,4.059939952452293e-10,2.308026879822767e-10
1691,4.186125521587367e-08,4.03371559091487e-10,2.293286072911617e-10
1692,4.15968817368888e-08,4.007407717921104e-10,2.279105748960627e-10
1693,4.132782459157284e-08,3.981281554433103e-10,2.264512118859809e-10
1694,4.106770021464384e-08,3.955156481930474e-10,2.25051007946371e-10
1695,4.080157995967465e-08,3.929204272307894e-10,2.23610774591124e-10
1696,4.054325350439727e-08,3.903321365052632e-10,2.222283506247665e-10
1697,4.029555729206095e-08,3.877560766608711e-10,2.208266628526897e-10
1698,4.004100195376907e-08,3.851967298136102e-10,2.193971575788432e-10
1699,3.978698001497056e-08,3.826531678515546e-10,2.180390587800125e-10
1700,3.954171521167557e-08,3.8012655521078e-10,2.166666912277767e-10
1701,3.929042532632602e-08,3.776216408018332e-10,2.152685385973017e-10
1702,3.903982827306006e-08,3.751358837017405e-10,2.139386622708298e-10
1703,3.879859830027649e-08,3.726728894984934e-10,2.125936276048078e-10
1704,3.855174873682208e-08,3.70241316381767e-10,2.11222295118124e-10
1705,3.830654106152418e-08,3.678249198258242e-10,2.09917436410404e-10
1706,3.807101761094095e-08,3.654310722250988e-10,2.085977506902681e-10
1707,3.783007795291508e-08,3.630729217666253e-10,2.072525013425375e-10
1708,3.759161492811804e-08,3.607241199916705e-10,2.059729087964522e-10
1709,3.736292372770781e-08,3.583988297451445e-10,2.046791291715966e-10
1710,3.712882916453077e-08,3.561162245216209e-10,2.033607401333382e-10
1711,3.689752220868261e-08,3.538354264859674e-10,2.021066628858954e-10
1712,3.667565859228957e-08,3.515761801490044e-10,2.008387928193471e-10
1713,3.644815328582401e-08,3.493567173548267e-10,1.99547146131041e-10
1714,3.622326977456589e-08,3.471289248102731e-10,1.983183657089036e-10
1715,3.599104380168287e-08,3.44936660500298e-10,1.970579362751653e-10
1716,3.576744310862199e-08,3.427316785203429e-10,1.958471771730855e-10
1717,3.553807428318264e-08,3.405563165292904e-10,1.946008564131627e-10
1718,3.531845032964484e-08,3.383691018460861e-10,1.934029082032835e-10
1719,3.509297867137362e-08,3.362079955393773e-10,1.921699213373035e-10
1720,3.487737690130152e-08,3.340389614356091e-10,1.909866550213532e-10
1721,3.465675950063842e-08,3.318945304416641e-10,1.897701142096841e-10
1722,3.443346515499535e-08,3.297556363586486e-10,1.885887827500385e-10
1723,3.421693197537522e-08,3.276151162697146e-10,1.874376971834049e-10
1724,3.400234647433251e-08,3.254952202652105e-10,1.862472770409398e-10
1725,3.378852324122114e-08,3.233830948251913e-10,1.850867259321261e-10
1726,3.358140705279506e-08,3.212751469298921e-10,1.839553682270431e-10
1727,3.337626427838241e-08,3.191894787268282e-10,1.827860705652527e-10
1728,3.317118377497406e-08,3.171169231318932e-10,1.816480852583471e-10
1729,3.296087355090136e-08,3.150594719837806e-10,1.805272870891682e-10
1730,3.275076082889381e-08,3.13018243664681e-10,1.794149709723503e-10
1731,3.254228388558842e-08,3.109972412450374e-10,1.783075692459225e-10
1732,3.23459432562558e-08,3.089875462976524e-10,1.772168701858584e-10
1733,3.215026010176085e-08,3.070157863442947e-10,1.760863710671921e-10
1734,3.19536133806109e-08,3.050674298891097e-10,1.749877121189974e-10
1735,3.175064409110595e-08,3.031404616908083e-10,1.739083388431616e-10
1736,3.154723436967654e-08,3.012299174218411e-10,1.728391929370581e-10
1737,3.13449461023549e-08,2.993338886275148e-10,1.717754063473361e-10
1738,3.11433674391313e-08,2.974516956277526e-10,1.70715322444693e-10
1739,3.095245191962871e-08,2.95561005826165e-10,1.696711111165856e-10
1740,3.076167606407762e-08,2.93700265356844e-10,1.685888941133714e-10
1741,3.056868294599859e-08,2.918505833820195e-10,1.675371546766987e-10
1742,3.036849560262749e-08,2.900112469059668e-10,1.665035091495772e-10
1743,3.017699498839785e-08,2.881608959887727e-10,1.654900709623717e-10
1744,2.998687732961646e-08,2.863336002694029e-10,1.644407871755928e-10
1745,2.979439320240868e-08,2.845142702137726e-10,1.634177112373186e-10
1746,2.960496996392391e-08,2.826878924499486e-10,1.62420345236848e-10
1747,2.941447127365598e-08,2.808818817236369e-10,1.613892196902678e-10
1748,2.92206530111878e-08,2.790842433806714e-10,1.603848381404157e-10
1749,2.902993642042807e-08,2.772827605794683e-10,1.59406027624537e-10
1750,2.883779461354172e-08,2.754996362138191e-10,1.583933510264079e-10
1751,2.865385834812795e-08,2.737140788054991e-10,1.574187570974763e-10
1752,2.846378921574157e-08,2.719460898813773e-10,1.564153536419637e-10
1753,2.828029094781067e-08,2.701778540228007e-10,1.554534685525253e-10
1754,2.809180138970081e-08,2.68425773767445e-10,1.544643084173556e-10
1755,2.790987386687937e-08,2.666754877142525e-10,1.535155142283928e-10
1756,2.77361487451485e-08,2.649342337129561e-10,1.525539523970957e-10
1757,2.755797813813941e-08,2.632083718539354e-10,1.515734563257744e-10
1758,2.73814465891995e-08,2.614890590332549e-10,1.506419993390748e-10
1759,2.720004395586322e-08,2.597886252705216e-10,1.496865814460108e-10
1760,2.702408175862955e-08,2.580946500553613e-10,1.487694429197793e-10
1761,2.685616209565902e-08,2.564141614680281e-10,1.478390932042135e-10
1762,2.668399202716569e-08,2.54754732415529e-10,1.468892974362867e-10
1763,2.651350770683815e-08,2.531025066306417e-10,1.459864014837523e-10
1764,2.634942751619828e-08,2.514656968337453e-10,1.450740776023596e-10
1765,2.618171885419601e-08,2.498538070763604e-10,1.441446531157222e-10
1766,2.601608381085144e-08,2.482460144297831e-10,1.432609494072882e-10
1767,2.585737079661777e-08,2.466544613677971e-10,1.423677871527834e-10
1768,2.569585088156597e-08,2.450913862155949e-10,1.414574925183064e-10
1769,2.553664395825242e-08,2.435268712079461e-10,1.40591291425769e-10
1770,2.538421282935563e-08,2.419757432018577e-10,1.397156906338088e-10
1771,2.52291349168492e-08,2.404498044841915e-10,1.388235505097042e-10
1772,2.507604143819732e-08,2.389174822404146e-10,1.379747187772883e-10
1773,2.491940307551469e-08,2.374079389034885e-10,1.371041204168154e-10
1774,2.476818264551677e-08,2.358900784165221e-10,1.362676909811891e-10
1775,2.461443658509314e-08,2.34391648537976e-10,1.354067287587863e-10
1776,2.446646919752234e-08,2.328864670091874e-10,1.345790244968669e-10
1777,2.431566059780352e-08,2.313991867521363e-10,1.337272425727823e-10
1778,2.417050880099657e-08,2.299077918241979e-10,1.329096913986467e-10
1779,2.402292360329913e-08,2.284340031032761e-10,1.320692536127627e-10
1780,2.387303028761575e-08,2.269653982796058e-10,1.312529067682471e-10
1781,2.372654602376053e-08,2.25496655693073e-10,1.304575675382236e-10
1782,2.358208887195628e-08,2.240446726937195e-10,1.296350368631928e-10
1783,2.343676086150264e-08,2.226002204253878e-10,1.288329220194475e-10
1784,2.328730603190335e-08,2.211650188636858e-10,1.280418826798994e-10
1785,2.314482422786406e-08,2.19733578595576e-10,1.272653372034613e-10
1786,2.300411442435932e-08,2.183232629052714e-10,1.264607251549198e-10
1787,2.286214796971549e-08,2.16926994335399e-10,1.256771710744273e-10
1788,2.271561635380219e-08,2.155458524671753e-10,1.249060041085613e-10
1789,2.256830861714957e-08,2.141792529508388e-10,1.24141304917374e-10
1790,2.242861715323121e-08,2.128134128579082e-10,1.233888373940612e-10
1791,2.229015774555832e-08,2.114716082836409e-10,1.226089153945072e-10
1792,2.215017945956237e-08,2.101402916437809e-10,1.218496240917055e-10
1793,2.200543438189356e-08,2.08818930026268e-10,1.211025816640364e-10
1794,2.185967175580472e-08,2.075061017579464e-10,1.203618883454359e-10
1795,2.172099646603896e-08,2.061874025913981e-10,1.196328833360192e-10
1796,2.158361568977151e-08,2.048883494775213e-10,1.188767303322327e-10
1797,2.144462697956033e-08,2.035965071300735e-10,1.181400976953714e-10
1798,2.130744741278042e-08,2.022994007034067e-10,1.174233826057214e-10
1799,2.11713046682194e-08,2.010194299036743e-10,1.166829923068842e-10
1800,2.103338736898141e-08,1.997451508381472e-10,1.159622798193007e-10
1801,2.08972717508491e-08,1.984663633185976e-10,1.152601132456405e-10
1802,2.076251629943808e-08,1.972024986496008e-10,1.145337921369905e-10
1803,2.063258154452366e-08,1.959349519792855e-10,1.138347130530885e-10
1804,2.050008483753808e-08,1.946818618308274e-10,1.131150694618115e-10
1805,2.037086255290486e-08,1.934266507572428e-10,1.12425139761044e-10
1806,2.023944472602142e-08,1.921851882219228e-10,1.117158407999432e-10
1807,2.01111466912486e-08,1.909429732488644e-10,1.110355425784323e-10
1808,1.998087936426934e-08,1.897143359081859e-10,1.103356224593701e-10
1809,1.985372140842314e-08,1.884862504868262e-10,1.09663582867932e-10
1810,1.972452379128293e-08,1.872720374088564e-10,1.08971660494377e-10
1811,1.959862988832146e-08,1.860592908326129e-10,1.08307362154353e-10
1812,1.947842985896009e-08,1.848547069562828e-10,1.076339726620947e-10
1813,1.935599644664995e-08,1.836641461686626e-10,1.069470903316976e-10
1814,1.923381143494332e-08,1.824762105400452e-10,1.062949797188109e-10
1815,1.910946961285207e-08,1.813038469971575e-10,1.056262481372628e-10
1816,1.898817117367517e-08,1.801332805801246e-10,1.049845379593627e-10
1817,1.887303684713044e-08,1.789718123278968e-10,1.043336410434103e-10
1818,1.875606849704155e-08,1.778265272218683e-10,1.036690617169891e-10
1819,1.863927522149896e-08,1.766831073818918e-10,1.030373163844064e-10
1820,1.852708659033702e-08,1.755492986225123e-10,1.023990548043081e-10
1821,1.841310382712673e-08,1.744324046990221e-10,1.017486818337294e-10
1822,1.829892956329106e-08,1.733151312499099e-10,1.01130378363203e-10
1823,1.818255192467792e-08,1.72215376652714e-10,1.004959221478273e-10
1824,1.806875597434252e-08,1.711138050660265e-10,9.98865040463534e-11
1825,1.796048032929262e-08,1.700208990199039e-10,9.926825829213991e-11
1826,1.78501261204908e-08,1.689442192127335e-10,9.863703385997876e-11
1827,1.773991195458562e-08,1.678651185110319e-10,9.803718467644656e-11
1828,1.762745087807248e-08,1.668021126884118e-10,9.742200984260703e-11
1829,1.751789904731642e-08,1.657356482306524e-10,9.6831907421297e-11
1830,1.740735842232502e-08,1.64684107050453e-10,9.622460542599704e-11
1831,1.730014609674431e-08,1.63629590836287e-10,9.56410886269427e-11
1832,1.719179938049335e-08,1.625895996852511e-10,9.504023060050773e-11
1833,1.708675419689811e-08,1.61547423888613e-10,9.446360637382118e-11
1834,1.698065587000206e-08,1.605195711672482e-10,9.387040844255897e-11
1835,1.687770975385791e-08,1.594901792363726e-10,9.330152510772812e-11
1836,1.677387713405801e-08,1.584752195920848e-10,9.27165193039352e-11
1837,1.666815523796376e-08,1.574652471821819e-10,9.214818031984464e-11
1838,1.656413112442082e-08,1.564548285001245e-10,9.159451740048976e-11
1839,1.64618868295345e-08,1.554583774333829e-10,9.102142428731688e-11
1840,1.63586093636015e-08,1.544680960492617e-10,9.046240640109827e-11
1841,1.625705778006328e-08,1.5347843400132e-10,8.991770419665895e-11
1842,1.615667776625878e-08,1.525039466325289e-10,8.935410243878443e-11
1843,1.605514471403968e-08,1.515365064784483e-10,8.880530157628139e-11
1844,1.595519537509632e-08,1.505692173521485e-10,8.827113673990879e-11
1845,1.585680760952411e-08,1.496174099902252e-10,8.771880230330375e-11
1846,1.575731465475977e-08,1.486723489096898e-10,8.718089713230646e-11
1847,1.565925853962879e-08,1.477263023244795e-10,8.665708831218675e-11
1848,1.556284755102224e-08,1.467953788433317e-10,8.611527183191614e-11
1849,1.546502702552385e-08,1.458705347404389e-10,8.558748728215124e-11
1850,1.536836238791183e-08,1.44943619472058e-10,8.507350319203852e-11
1851,1.527297495064067e-08,1.440308223717902e-10,8.454171827476321e-11
1852,1.517583172098153e-08,1.431234780039228e-10,8.402363317220783e-11
1853,1.507973166297839e-08,1.422138053607117e-10,8.351898610170011e-11
1854,1.498459534183003e-08,1.413175679542312e-10,8.299668496281216e-11
1855,1.488767030577263e-08,1.404265326052554e-10,8.248778769215841e-11
1856,1.479193228349787e-08,1.39533251456082e-10,8.199218435018514e-11
1857,1.469722069530149e-08,1.38652526922203e-10,8.14791434921478e-11
1858,1.46055559773917e-08,1.377690990862978e-10,8.098585304717322e-11
1859,1.451255856758097e-08,1.368976299287766e-10,8.047802461011623e-11
1860,1.442167473982169e-08,1.360237819950751e-10,7.999170812972976e-11
1861,1.432998883105806e-08,1.351609374634114e-10,7.949163183575215e-11
1862,1.424021382464465e-08,1.342962099192766e-10,7.901220335620635e-11
1863,1.414968022887988e-08,1.334418716828831e-10,7.85187679883462e-11
1864,1.406088356043841e-08,1.325865190519977e-10,7.804519634373168e-11
1865,1.397099631862909e-08,1.317415229794526e-10,7.755746015535015e-11
1866,1.388274543908414e-08,1.308963353171484e-10,7.708941188257954e-11
1867,1.379316861358533e-08,1.3006152962561e-10,7.660725334671869e-11
1868,1.370536382818966e-08,1.292270128517765e-10,7.614474702350183e-11
1869,1.362140930685901e-08,1.283983105376077e-10,7.567588121910873e-11
1870,1.353601234168696e-08,1.27579805347388e-10,7.519738924914287e-11
1871,1.345023470274168e-08,1.267620798025281e-10,7.474347503222939e-11
1872,1.336325156968207e-08,1.259551032752825e-10,7.427778154451007e-11
1873,1.327815138430576e-08,1.2514853570256e-10,7.383116194756608e-11
1874,1.319746837573366e-08,1.243479947241155e-10,7.33781144870339e-11
1875,1.311593386521841e-08,1.235582272964559e-10,7.291526819426762e-11
1876,1.303406831853032e-08,1.227689885273419e-10,7.247555743014624e-11
1877,1.295556973587944e-08,1.219860754780204e-10,7.203129143272671e-11
1878,1.287624319804848e-08,1.212144105282275e-10,7.157826835639218e-11
1879,1.279640860175031e-08,1.204424339578168e-10,7.114782538063844e-11
1880,1.271539453624428e-08,1.196821342395709e-10,7.070586868986354e-11
1881,1.263607408078679e-08,1.189206265894975e-10,7.028160524213186e-11
1882,1.25607024470981e-08,1.181648641691298e-10,6.98511447212793e-11
1883,1.248409401207627e-08,1.174201036832854e-10,6.94113437291705e-11
1884,1.240723444741945e-08,1.166740087224413e-10,6.899366127628859e-11
1885,1.232910424666297e-08,1.159387087206977e-10,6.856509956604233e-11
1886,1.225282762505244e-08,1.152014200259442e-10,6.81542549754407e-11
1887,1.217615772996916e-08,1.144743537147155e-10,6.77311264648857e-11
1888,1.210162809701738e-08,1.137456178059709e-10,6.732474087319171e-11
1889,1.202649880916012e-08,1.130270177480395e-10,6.690606500896723e-11
1890,1.195342828861391e-08,1.123071772618733e-10,6.650446387594546e-11
1891,1.187975283668517e-08,1.115974421016141e-10,6.609101328809935e-11
1892,1.180802655951285e-08,1.10886736683908e-10,6.569473535691848e-11
1893,1.173580964302113e-08,1.101862400079117e-10,6.528693091939529e-11
1894,1.166537214224081e-08,1.094848374956403e-10,6.489599726144506e-11
1895,1.159447557475354e-08,1.087937026396942e-10,6.449368618208826e-11
1896,1.152193003439431e-08,1.081064744849245e-10,6.410268801056331e-11
1897,1.145012796539527e-08,1.074188040220095e-10,6.372191729762966e-11
1898,1.137954956187816e-08,1.067412859257001e-10,6.332741457898547e-11
1899,1.131125452583281e-08,1.060632455456111e-10,6.294775375173021e-11
1900,1.124176050572963e-08,1.053959748498795e-10,6.255665086233125e-11
1901,1.117045521713315e-08,1.047330745777406e-10,6.217706230384816e-11
1902,1.109977751845236e-08,1.040694612356992e-10,6.180800243221734e-11
1903,1.103029948974e-08,1.034160994330644e-10,6.142595131389866e-11
1904,1.095995207078207e-08,1.027668831956861e-10,6.105339765348255e-11
1905,1.089042552927554e-08,1.021167618308488e-10,6.069057940144607e-11
1906,1.082191584298035e-08,1.014768266391833e-10,6.031475148068656e-11
1907,1.075572128614757e-08,1.008354753033823e-10,5.9953594584952e-11
1908,1.068858923709561e-08,1.002038735567167e-10,5.95816592448087e-11
1909,1.062004203593846e-08,9.957577647163049e-11,5.922078010372418e-11
1910,1.055214409663404e-08,9.894601355506525e-11,5.886990765294568e-11
1911,1.048547473391023e-08,9.832498879016316e-11,5.850647529348223e-11
1912,1.042108473616275e-08,9.770230979162776e-11,5.815671182137051e-11
1913,1.03556036471255e-08,9.708827230921553e-11,5.779608433734305e-11
1914,1.029159526437129e-08,9.647279886666006e-11,5.745068832483278e-11
1915,1.022659265102601e-08,9.586559087468671e-11,5.709524316246185e-11
1916,1.016295775613099e-08,9.525704810500585e-11,5.675475703483506e-11
1917,1.009845663179746e-08,9.465651811125564e-11,5.640412997990833e-11
1918,1.003534324301071e-08,9.405492318018277e-11,5.606788545886505e-11
1919,9.971326459907029e-09,9.34612181827681e-11,5.572140665391137e-11
1920,9.90872221641486e-09,9.286680612939929e-11,5.538910986764461e-11
1921,9.845184370518448e-09,9.228024775066297e-11,5.504663189846158e-11
1922,9.783134524988665e-09,9.169315611100037e-11,5.471826030460696e-11
1923,9.723795749099464e-09,9.111017085915571e-11,5.438536467056767e-11
1924,9.663512422970445e-09,9.053479450886984e-11,5.404546925579037e-11
1925,9.603035094939831e-09,8.995911188912042e-11,5.372322673190605e-11
1926,9.541652158581959e-09,8.93912383565043e-11,5.339248570543433e-11
1927,9.481680551879655e-09,8.882287451937424e-11,5.307536935138291e-11
1928,9.424627256821626e-09,8.825870246312347e-11,5.275367196587575e-11
1929,9.36688274055037e-09,8.770220546972403e-11,5.242480421911855e-11
1930,9.308881216827699e-09,8.714551927374746e-11,5.211254472125492e-11
1931,9.252941142417087e-09,8.659315367340209e-11,5.17970029106351e-11
1932,9.196398659922664e-09,8.604854398277039e-11,5.14749682842498e-11
1933,9.139469920195922e-09,8.550335446919688e-11,5.116914726698337e-11
1934,9.081484291262161e-09,8.496622282239526e-11,5.085491091556428e-11
1935,9.024787038151075e-09,8.442816242343109e-11,5.055338593722951e-11
1936,8.970608083934553e-09,8.389433771094597e-11,5.024738955856861e-11
1937,8.91568660275449e-09,8.33683186371696e-11,4.993445215720022e-11
1938,8.860599516145755e-09,8.28413554674823e-11,4.963746255142428e-11
1939,8.804475943705208e-09,8.232227635579933e-11,4.933246354022913e-11
1940,1.105339762253413e-08,8.180186315124457e-11,4.904028543085913e-11
1941,1.003449778203206e-08,8.22374635542313e-11,4.655943648536792e-11
1942,8.993134761256589e-09,8.13370652864838e-11,4.737500840458645e-11
1943,8.638367934245743e-09,8.046689761845996e-11,4.807159106879862e-11
1944,8.510285430400408e-09,7.989837772315262e-11,4.791563770497703e-11
1945,8.435225792655965e-09,7.933923675427014e-11,4.770042536835866e-11
1946,8.389332826973036e-09,7.880918271648329e-11,4.741558597318377e-11
1947,1.053913847734874e-08,7.830260541434503e-11,4.709416948804867e-11
1948,9.562146345811507e-09,7.876686367359763e-11,4.462186694022187e-11
1949,8.618480958233657e-09,7.790967497888164e-11,4.534162502600058e-11
1950,8.239208327865111e-09,7.703626374126417e-11,4.603042699047622e-11
1951,8.119969677586659e-09,7.64720785747645e-11,4.590355738098817e-11
1952,1.003452255648937e-08,7.591403911364172e-11,4.571449102208475e-11
1953,9.059826147995586e-09,7.621163589316969e-11,4.348606051231508e-11
1954,8.330912438517277e-09,7.543106660636068e-11,4.400013072912305e-11
1955,7.97482941598716e-09,7.460470080931893e-11,4.460089356025449e-11
1956,9.559737246584837e-09,7.403189068807055e-11,4.453361164214437e-11
1957,8.646560032159733e-09,7.423182258952064e-11,4.256261098335736e-11
1958,8.125896451881778e-09,7.351053338528489e-11,4.291557173204167e-11
1959,7.796401965231703e-09,7.267039535368012e-11,4.354895204908298e-11
1960,9.331769856655243e-09,7.213932963503641e-11,4.342648555944749e-11
1961,8.454189981572957e-09,7.231624747181931e-11,4.150654720338364e-11
1962,7.951481747494756e-09,7.161180793406892e-11,4.186309346059135e-11
1963,7.624001135845858e-09,7.081208761710394e-11,4.249259975531709e-11
1964,9.108980215202054e-09,7.030531286381219e-11,4.237374881323953e-11
1965,8.251431717931597e-09,7.04986674574315e-11,4.050076336269768e-11
1966,7.762615658561257e-09,6.983303681457563e-11,4.084639181735431e-11
1967,7.441703086666333e-09,6.908320186108146e-11,4.145928218847247e-11
1968,8.887693477139643e-09,6.859715786674923e-11,4.13439110376508e-11
1969,8.05382620522054e-09,6.878034980034605e-11,3.952132738887728e-11
1970,7.577085135945752e-09,6.813039748646784e-11,3.985764106610338e-11
1971,7.262756757452476e-09,6.739642670818854e-11,4.045529685835668e-11
1972,8.673015165774607e-09,6.6921553376954e-11,4.034326149837092e-11
1973,7.86501428655788e-09,6.708447501005543e-11,3.856986967678376e-11
1974,7.399745294364866e-09,6.6443947774828e-11,3.889700744060125e-11
1975,7.091858519122135e-09,6.571942873441668e-11,3.94806654398145e-11
1976,8.465986777721952e-09,6.525431172202713e-11,3.937207349576219e-11
1977,7.725349624543845e-09,6.542263846578281e-11,3.760337472643663e-11
1978,7.193833288273942e-09,6.475640209265999e-11,3.801889872238497e-11
1979,8.136939322871699e-09,6.405627391749574e-11,3.854668454611568e-11
1980,7.488019403231677e-09,6.415970712326977e-11,3.698259590339697e-11
1981,7.069867879629773e-09,6.352117534755112e-11,3.733989840007258e-11
1982,7.95490150390749e-09,6.283196935859494e-11,3.783646768276757e-11
1983,7.356544704260547e-09,6.296286734188241e-11,3.631344184934375e-11
1984,6.95239803599282e-09,6.234556356717645e-11,3.667190494273737e-11
1985,7.801260479476802e-09,6.167288846383984e-11,3.716314312157282e-11
1986,7.214119582699949e-09,6.181901175735972e-11,3.566846125060018e-11
1987,6.823809949291556e-09,6.121276924526963e-11,3.601839194043461e-11
1988,7.654134743843911e-09,6.054636721493345e-11,3.649871118095206e-11
1989,7.073245750826595e-09,6.068968770091947e-11,3.50319022030391e-11
1990,6.693259787325218e-09,6.009035625004594e-11,3.537434353532328e-11
1991,7.50565917021124e-09,5.943052100640717e-11,3.584476196005627e-11
1992,6.932240194374967e-09,5.95693080679316e-11,3.440485948873592e-11
1993,6.59151960212257e-09,5.899039641518071e-11,3.470104927309736e-11
1994,7.364358919101128e-09,5.831626594519525e-11,3.521340175675091e-11
1995,6.784118953426705e-09,5.84427885827954e-11,3.380258575886006e-11
1996,6.456834131181359e-09,5.787291637121291e-11,3.408359230280836e-11
1997,7.224488042501543e-09,5.721029473733705e-11,3.457645425670704e-11
1998,6.65487124009323e-09,5.732690792552265e-11,3.319012214588468e-11
1999,6.334633650935764e-09,5.676567964310856e-11,3.346540057999994e-11
2000,7.089026898765776e-09,5.611721504232638e-11,3.394989239020767e-11
2001,6.529374556415345e-09,5.622808916934582e-11,3.259037043745154e-11
2002,6.21598781156104e-09,5.568040817599806e-11,3.285912253177873e-11
2003,6.957375906302097e-09,5.505471455940534e-11,3.333430714717953e-11
2004,6.37618790497798e-09,5.51466075335225e-11,3.204072470020485e-11
2005,6.131733207329147e-09,5.464645772425693e-11,3.222337266782307e-11
2006,6.827863865452277e-09,5.403667954585743e-11,3.272020043050115e-11
2007,6.257003119962549e-09,5.412317296882638e-11,3.146565501719833e-11
2008,6.021775714341536e-09,5.363730192555397e-11,3.164466684722684e-11
2009,6.707455872962567e-09,5.304995786873194e-11,3.213029563375946e-11
2010,6.179202206640036e-09,5.314780423459674e-11,3.086312622611918e-11
2011,5.888450088960144e-09,5.264064572650497e-11,3.111539136448117e-11
2012,6.589235070179218e-09,5.207198071454385e-11,3.156251888030342e-11
2013,6.075335984986426e-09,5.216484047903744e-11,3.030769365937747e-11
2014,6.045800788548119e-09,5.166308704352858e-11,3.055522594391862e-11
2015,5.933991294612023e-09,5.15231460132368e-11,2.989567807317253e-11
2016,5.734993633908546e-09,5.101010835670657e-11,3.019509694738863e-11
2017,6.367331756311846e-09,5.046347975906489e-11,3.060806257045881e-11
2018,5.918222122013879e-09,5.055116395848513e-11,2.940586009841914e-11
2019,5.894749801735727e-09,5.005073097341727e-11,2.968463717692575e-11
2020,5.807232969371669e-09,4.994509151710343e-11,2.897854316501914e-11
2021,5.573234321636814e-09,4.942187618906032e-11,2.932991236857275e-11
2022,6.178732830615742e-09,4.889390600785239e-11,2.970408020729234e-11
2023,5.750575831675546e-09,4.898327902914621e-11,2.853578153464028e-11
2024,5.713939645631519e-09,4.84954398428449e-11,2.880815949567814e-11
2025,5.634751907912117e-09,4.840615811961888e-11,2.812887076805069e-11
2026,5.638644660145444e-09,4.790112579191458e-11,2.846998400264885e-11
2027,5.577700392496727e-09,4.781898536375983e-11,2.778651877300904e-11
2028,5.548013898109688e-09,4.731486343462116e-11,2.812706510632049e-11
2029,5.514114310737147e-09,4.723077940192542e-11,2.745940093957066e-11
2030,5.474801988099129e-09,4.673002786474742e-11,2.779714673000824e-11
2031,5.449331784597099e-09,4.664647445014889e-11,2.713551577030254e-11
2032,5.405715097836412e-09,4.61507081105153e-11,2.746586378683605e-11
2033,5.383816917622262e-09,4.606735384499353e-11,2.681097145368676e-11
2034,5.336020173706184e-09,4.557615631996219e-11,2.71366800484386e-11
2035,5.315815635578375e-09,4.549309799694763e-11,2.649062467282305e-11
2036,5.266274029674518e-09,4.500713189281959e-11,2.681235636167478e-11
2037,5.247000629962855e-09,4.49249239905459e-11,2.617483175505276e-11
2038,5.197913873978799e-09,4.44446786296712e-11,2.649200228529662e-11
2039,5.179678519238108e-09,4.43632660571996e-11,2.586254721203845e-11
2040,5.103097939396333e-09,4.390011666599891e-11,2.614710522780919e-11
2041,5.087073403417806e-09,4.379219478329142e-11,2.558697641477586e-11
2042,5.049431146878735e-09,4.334679588946989e-11,2.58404417243101e-11
2043,5.053077393457869e-09,4.325746624305159e-11,2.52491587023077e-11
2044,5.013965890314491e-09,4.279617293539823e-11,2.555924436283351e-11
2045,4.993495807106886e-09,4.271786051251739e-11,2.495142615745189e-11
2046,4.923011084282576e-09,4.227782688902892e-11,2.52218811160375e-11
2047,4.906764144298672e-09,4.217454903408425e-11,2.468173972600901e-11
2048,4.869341109332145e-09,4.175183911326514e-11,2.492500386389629e-11
2049,4.872245751895853e-09,4.166591785903295e-11,2.435670422075265e-11
2050,4.833194211952862e-09,4.122798386693479e-11,2.465503873417932e-11
2051,4.813688678187746e-09,4.1151421679964e-11,2.407110180122172e-11
2052,4.745654105523322e-09,4.073138209341604e-11,2.43311803922556e-11
2053,4.730948391406908e-09,4.063025223353287e-11,2.381226939596755e-11
2054,4.695294857391082e-09,4.022515098784099e-11,2.404629332098179e-11
2055,4.699499094764838e-09,4.014058664466246e-11,2.35006411039271e-11
2056,4.661962104391363e-09,3.971902464372545e-11,2.378755671531531e-11
2057,4.644566722786055e-09,3.964387463008394e-11,2.322707686204116e-11
2058,4.604194466714031e-09,3.922900213684406e-11,2.350171921627648e-11
2059,4.590281597244515e-09,3.91541760704988e-11,2.294954903257987e-11
2060,4.547163229696152e-09,3.874203605791619e-11,2.322299550971401e-11
2061,4.534264974482756e-09,3.866896331975158e-11,2.267980346891966e-11
2062,4.491564905457318e-09,3.826106722488962e-11,2.295007824937697e-11
2063,4.479180202950372e-09,3.819133897056105e-11,2.241408128471651e-11
2064,4.437177774531239e-09,3.778838025725821e-11,2.268055378051234e-11
2065,4.424992254276333e-09,3.77213310317367e-11,2.215155526908977e-11
2066,4.38368894547836e-09,3.732309465904276e-11,2.241433325019195e-11
2067,4.371258485916009e-09,3.725817882359613e-11,2.189223724929392e-11
2068,4.330450830230656e-09,3.686434071846262e-11,2.215152173977209e-11
2069,4.317639185677309e-09,3.680117006219483e-11,2.163614286462546e-11
2070,4.277129262045091e-09,3.641165364410455e-11,2.189193647789493e-11
2071,4.264022657117021e-09,3.634992958416983e-11,2.138310196403104e-11
2072,4.223871435571262e-09,3.596475644670401e-11,2.163539371046023e-11
2073,4.210607153383669e-09,3.590412689650621e-11,2.113302844958959e-11
2074,4.171028708357289e-09,3.552312011876214e-11,2.138177592115885e-11
2075,4.157726825769226e-09,3.546320415802317e-11,2.088585795195772e-11
2076,4.118872821992906e-09,3.508622716835676e-11,2.113101766171201e-11
2077,4.105607322172916e-09,3.502666288412756e-11,2.064154415151659e-11
2078,4.06753905016347e-09,3.465378324234596e-11,2.08831565144947e-11
2079,4.054373260008972e-09,3.459445598521112e-11,2.040001887386348e-11
2080,3.994776618307512e-09,3.42346631220801e-11,2.061658385435628e-11
2081,3.982205194546041e-09,3.415437371227873e-11,2.018678905927077e-11
2082,3.95268245252044e-09,3.380811928147729e-11,2.03796584571072e-11
2083,3.95538963075775e-09,3.374250631289063e-11,1.992581117614021e-11
2084,3.924037250980249e-09,3.338264395830343e-11,2.016180913520538e-11
2085,3.908177770466431e-09,3.332565490038131e-11,1.969563951215041e-11
2086,3.852971847851828e-09,3.298145746679695e-11,1.990077709541975e-11
2087,3.839971856519463e-09,3.290482843585735e-11,1.948656717829683e-11
2088,3.810910187985851e-09,3.257351597007214e-11,1.967109001555903e-11
2089,3.813170707451675e-09,3.251090712948691e-11,1.923494107734512e-11
2090,3.782443371264598e-09,3.216677234772645e-11,1.946182529091495e-11
2091,3.767440829197372e-09,3.211223819521604e-11,1.901378239554954e-11
2092,3.714486869707234e-09,3.178269185806799e-11,1.92111571931656e-11
2093,3.70267380305468e-09,3.17090762613501e-11,1.881277909526407e-11
2094,3.675172004943494e-09,3.139161847682822e-11,1.899045551819875e-11
2095,3.678275339445503e-09,3.133130061944243e-11,1.857101282995083e-11
2096,3.648931445522767e-09,3.10007102529724e-11,1.87893808018827e-11
2097,3.63525169127835e-09,3.094786358693683e-11,1.83587120753705e-11
2098,3.603951333742688e-09,3.06229598670126e-11,1.856757950845451e-11
2099,3.592889671263439e-09,3.057032484467687e-11,1.814309381103146e-11
2100,3.559587526805977e-09,3.024781842060676e-11,1.835101096699923e-11
2101,3.549251525575527e-09,3.019601866101269e-11,1.793336677904279e-11
2102,3.516325102914922e-09,2.987692892018501e-11,1.813886311726588e-11
2103,3.506384299090074e-09,2.98268063382376e-11,1.77266826730895e-11
2104,3.474056703094233e-09,2.951162205069944e-11,1.792938433032393e-11
2105,3.464304279788513e-09,2.946310032050732e-11,1.75225122632852e-11
2106,3.432538653114534e-09,2.915175256155183e-11,1.772249730343387e-11
2107,3.42268453172278e-09,2.910466633080069e-11,1.732090064780031e-11
2108,3.391279832438547e-09,2.879683138223136e-11,1.751821375039769e-11
2109,3.381220157150601e-09,2.87507743232623e-11,1.712182964314228e-11
2110,3.350024775972663e-09,2.844630748702952e-11,1.731644700219934e-11
2111,3.339833125726303e-09,2.840117533212354e-11,1.692528793051044e-11
2112,3.308918895211725e-09,2.809999784805391e-11,1.711707639775471e-11
2113,3.298693030597807e-09,2.805569410103569e-11,1.673107820283175e-11
2114,3.268200910062942e-09,2.775785238627653e-11,1.692007165065015e-11
2115,3.258000858586006e-09,2.771419401108026e-11,1.653910989889068e-11
2116,3.22806186674163e-09,2.741966198972719e-11,1.672539008126549e-11
2117,3.217910056249654e-09,2.737656911841526e-11,1.634935539352999e-11
2118,3.188542268775392e-09,2.708540128781458e-11,1.653302979946158e-11
2119,3.178441159321479e-09,2.704277486350425e-11,1.616184893310256e-11
2120,3.132404519964307e-09,2.676204977739957e-11,1.63263481808437e-11
2121,3.122590552044172e-09,2.670313412832496e-11,1.599613907207121e-11
2122,3.09982360357708e-09,2.643301421149939e-11,1.614276684192136e-11
2123,3.101871581576109e-09,2.638585033590166e-11,1.579371607314242e-11
2124,3.077527658497225e-09,2.610462215672111e-11,1.597348623886094e-11
2125,3.065124065957286e-09,2.60641043490956e-11,1.561520862806447e-11
2126,3.022619067158847e-09,2.579507421324124e-11,1.577115747590931e-11
2127,3.012206453770613e-09,2.573892790478232e-11,1.54527264319977e-11
2128,2.989958535203002e-09,2.547978347568686e-11,1.559293508873915e-11
2129,2.991365546333627e-09,2.54346089921645e-11,1.525751325735365e-11
2130,2.967675639116416e-09,2.516469436211317e-11,1.543011084785125e-11
2131,2.955599788160007e-09,2.512582622982669e-11,1.508593418586561e-11
2132,2.914979187934879e-09,2.48675026162074e-11,1.523555481384791e-11
2133,2.905269640880161e-09,2.48135941250031e-11,1.492962640193537e-11
2134,2.884320841874909e-09,2.456474550451851e-11,1.506415227007626e-11
2135,2.886078867575027e-09,2.452132637327084e-11,1.474202630743352e-11
2136,2.86365365750358e-09,2.42618853070055e-11,1.49075629426994e-11
2137,2.852315366703038e-09,2.422443882671107e-11,1.457722784586487e-11
2138,2.828639412766298e-09,2.396967969499913e-11,1.473525231478161e-11
2139,2.819232345021289e-09,2.393250708923779e-11,1.44096315764019e-11
2140,2.794046856256632e-09,2.367987360125952e-11,1.456692611253486e-11
2141,2.785149639157085e-09,2.364311051176145e-11,1.424656903178406e-11
2142,2.760293373435759e-09,2.339327144707921e-11,1.440204417191764e-11
2143,2.751633351168932e-09,2.335744903957597e-11,1.408584300004542e-11
2144,2.727318647320901e-09,2.31106547016399e-11,1.42391878007873e-11
2145,2.718774837345295e-09,2.307587454265835e-11,1.392696725276603e-11
2146,2.69498113073691e-09,2.283215835941467e-11,1.407830456863035e-11
2147,2.686346866138113e-09,2.279819799632884e-11,1.37700627735778e-11
2148,2.662902060517088e-09,2.255731097926996e-11,1.391936810194497e-11
2149,2.654125995476522e-09,2.252393181857037e-11,1.361512019455834e-11
2150,2.630909695075976e-09,2.228583790445046e-11,1.376235913042435e-11
2151,2.622041529205416e-09,2.225295820692744e-11,1.346202717945839e-11
2152,2.599065452502665e-09,2.201763109948305e-11,1.360723349924772e-11
2153,2.590201994920112e-09,2.198525576089446e-11,1.331078017438077e-11
2154,2.56756438018632e-09,2.175262896693774e-11,1.345395840295941e-11
2155,2.558765941388069e-09,2.172070310900074e-11,1.316130943451542e-11
2156,2.536545688152127e-09,2.149081876021054e-11,1.330245556909029e-11
2157,2.52782175236588e-09,2.145932015859338e-11,1.301356383819928e-11
2158,2.492392540544523e-09,2.123769779667607e-11,1.313967482744317e-11
2159,2.483947155141772e-09,2.119329108059696e-11,1.288278272723502e-11
2160,2.466755534481974e-09,2.09801165583691e-11,1.299524062175968e-11
2161,2.467762425365089e-09,2.094511751228908e-11,1.272342187827032e-11
2162,2.449303790524836e-09,2.072286428709958e-11,1.286170243042167e-11
2163,2.438896150343862e-09,2.069307905033816e-11,1.258291410426663e-11
2164,2.406108783852214e-09,2.048046826315166e-11,1.270250018130144e-11
2165,2.397251764577107e-09,2.043819839808314e-11,1.24546863432852e-11
2166,2.380369196588962e-09,2.023340306719244e-11,1.25622188171423e-11
2167,2.380993572164571e-09,2.019999614471385e-11,1.230096878499442e-11
2168,2.36283746685611e-09,1.99862885508792e-11,1.243368502613216e-11
2169,2.352796141693555e-09,1.995787876144514e-11,1.216581351061365e-11
2170,2.321255157394906e-09,1.975335049748579e-11,1.228054126197499e-11
2171,2.312955179583035e-09,1.971296005601535e-11,1.204237377756212e-11
2172,2.296976121967498e-09,1.951587294860633e-11,1.214555419543832e-11
2173,2.297947314376418e-09,1.948401417059798e-11,1.189452745999039e-11
2174,2.280662498206521e-09,1.927812691639223e-11,1.20218665681723e-11
2175,2.271240213363869e-09,1.925105170690737e-11,1.176464442760725e-11
2176,2.253027052440665e-09,1.904887288223404e-11,1.188604753442782e-11
2177,2.245133020201246e-09,1.902213527929832e-11,1.163242079623821e-11
2178,2.225696022048057e-09,1.882164060178482e-11,1.175317916073868e-11
2179,2.218244222418466e-09,1.879532494111323e-11,1.150370968541968e-11
2180,2.199039541777939e-09,1.85969260971772e-11,1.162301503662192e-11
2181,2.191793516784186e-09,1.857152978216221e-11,1.137689017447233e-11
2182,2.173002829687146e-09,1.837541212203263e-11,1.149439426785004e-11
2183,2.165885192092044e-09,1.835091539626348e-11,1.125157441273874e-11
2184,2.147495324638472e-09,1.815703787539315e-11,1.136732604690657e-11
2185,2.14035604207794e-09,1.813316815425427e-11,1.112780283619273e-11
2186,2.122251874495033e-09,1.79414728939134e-11,1.124182241706695e-11
2187,2.115023118470299e-09,1.791813033194432e-11,1.10055587726634e-11
2188,2.097091022339565e-09,1.772857820641885e-11,1.111786711084107e-11
2189,2.089815563249024e-09,1.770569225359314e-11,1.088477462328713e-11
2190,2.072085408990508e-09,1.751832786943147e-11,1.09954233091716e-11
2191,2.064813639316291e-09,1.749584688546683e-11,1.07653847813234e-11
2192,2.036400681950923e-09,1.731526572887765e-11,1.086402591927423e-11
2193,2.029177019542184e-09,1.728210701227934e-11,1.065948793941672e-11
2194,2.015599802234016e-09,1.710844654157393e-11,1.074743571120224e-11
2195,2.016153679611198e-09,1.708298437227658e-11,1.053078707783612e-11
2196,2.001389785450401e-09,1.690159979207674e-11,1.063932033393052e-11
2197,1.992771625138086e-09,1.688036911239257e-11,1.041721952214865e-11
2198,1.96663196999375e-09,1.670691839028612e-11,1.051078441951669e-11
2199,1.959084803871805e-09,1.667540496448983e-11,1.031327845489084e-11
2200,1.945827334336896e-09,1.650832386739119e-11,1.039746120182624e-11
2201,1.946047064142933e-09,1.648410390098671e-11,1.018909947832695e-11
2202,1.931544248233025e-09,1.630948537711608e-11,1.029325780974895e-11
2203,1.923148669642932e-09,1.628944321483205e-11,1.007989885816192e-11
2204,1.897991196927007e-09,1.612251220179656e-11,1.016945901152409e-11
2205,1.890838530280596e-09,1.609259788677594e-11,9.979755839339436e-12
2206,1.87825969947279e-09,1.593184452905529e-11,1.006029482135826e-11
2207,1.878697882602643e-09,1.590890067624185e-11,9.860063536585843e-12
2208,1.864907010794166e-09,1.574085529237703e-11,9.959898460937334e-12
2209,1.856989801913392e-09,1.572172338296898e-11,9.754894191862575e-12
2210,1.832821551589323e-09,1.556098448465653e-11,9.840763218982576e-12
2211,1.825976825280915e-09,1.553230558419791e-11,9.658461590462503e-12
2212,1.813823601856184e-09,1.537744690066736e-11,9.735647731014546e-12
2213,1.814205337170834e-09,1.535559086143868e-11,9.543235977219282e-12
2214,1.800837135690276e-09,1.519349687501225e-11,9.638972113524984e-12
2215,1.79317617133119e-09,1.51754724795889e-11,9.441949627052489e-12
2216,1.779247128000208e-09,1.501635149539085e-11,9.533190986194789e-12
2217,1.772750532196464e-09,1.499865230659367e-11,9.338675212884278e-12
2218,1.757913356622735e-09,1.484090732509651e-11,9.42947977206024e-12
2219,1.751739752923414e-09,1.482340469107681e-11,9.238111873170354e-12
2220,1.737068259630487e-09,1.466733740828239e-11,9.327888405409964e-12
2221,1.731045563515936e-09,1.46503636648631e-11,9.139061379173136e-12
2222,1.71669036254933e-09,1.449604243306039e-11,9.227476850410048e-12
2223,1.710768777214032e-09,1.447957746219386e-11,9.041112716545554e-12
2224,1.696719994190245e-09,1.432705931380455e-11,9.128174309776328e-12
2225,1.690802650961024e-09,1.431091745412077e-11,8.944297321029713e-12
2226,1.668116225452497e-09,1.416396895263078e-11,9.021646336939452e-12
2227,1.662124740483213e-09,1.413899079015032e-11,8.858303947519365e-12
2228,1.651335017314027e-09,1.399769960550162e-11,8.92723971981146e-12
2229,1.651565280494517e-09,1.397915511029006e-11,8.754141560339241e-12
2230,1.639635786999437e-09,1.383131008505466e-11,8.839385432199079e-12
2231,1.632520253973024e-09,1.381624580563159e-11,8.662141184970867e-12
2232,1.611420899631079e-09,1.367484784977773e-11,8.735288119978886e-12
2233,1.60515567305777e-09,1.365123696231548e-11,8.577644324409373e-12
2234,1.594475063203665e-09,1.351505538167942e-11,8.643500605575627e-12
2235,1.594563593285811e-09,1.34974108394632e-11,8.47692184700127e-12
2236,1.58278376922313e-09,1.335477965691989e-11,8.558835936645811e-12
2237,1.576028879581081e-09,1.334044469680083e-11,8.38834587904642e-12
2238,1.555684793204457e-09,1.320414154978958e-11,8.458574011962526e-12
2239,1.549883075774734e-09,1.318162735632946e-11,8.306940382631194e-12
2240,1.539743093382532e-09,1.305043169024934e-11,8.370113157944588e-12
2241,1.540078663390601e-09,1.303375086035029e-11,8.209916964234207e-12
2242,1.52883410101897e-09,1.289635390626565e-11,8.288505159809638e-12
2243,1.522494819363007e-09,1.288284656174116e-11,8.124605668660446e-12
2244,1.502912599041767e-09,1.2751471391607e-11,8.191924186491934e-12
2245,1.497396537418078e-09,1.273002450115916e-11,8.046158654423754e-12
2246,1.487560639102937e-09,1.260348051229959e-11,8.10668670650855e-12
2247,1.48792984080646e-09,1.258768593845055e-11,7.952734247143772e-12
2248,1.476942575370248e-09,1.245498696901837e-11,8.028002946084365e-12
2249,1.470930257671427e-09,1.244233197458726e-11,7.87061862466048e-12
2250,1.451968305966601e-09,1.231540132459222e-11,7.934990798852218e-12
2251,1.446739393776594e-09,1.229519668315753e-11,7.795025488709136e-12
2252,1.437147336859226e-09,1.217301102712716e-11,7.85290079157303e-12
2253,1.437573452438394e-09,1.21583249887477e-11,7.705036043993199e-12
2254,1.426891330395802e-09,1.203015465479994e-11,7.777084055868046e-12
2255,1.421167715217947e-09,1.20184947865678e-11,7.62590945740903e-12
2256,1.410081391141629e-09,1.189264672167537e-11,7.694387003930495e-12
2257,1.405269301619907e-09,1.188131010690963e-11,7.545099695238706e-12
2258,1.38625147036832e-09,1.175977289025041e-11,7.606352671000965e-12
2259,1.381532523170774e-09,1.174093620653608e-11,7.474132452144978e-12
2260,1.372278352110185e-09,1.162410807329949e-11,7.52899306565257e-12
2261,1.372736356133306e-09,1.161068222117473e-11,7.3886783397277e-12
2262,1.362649668432529e-09,1.148825669595036e-11,7.45676238067146e-12
2263,1.357238821615479e-09,1.147775206043889e-11,7.313168022028088e-12
2264,1.339839167443429e-09,1.136071682483471e-11,7.371330010866363e-12
2265,1.335035084626568e-09,1.134312784810912e-11,7.243621356034454e-12
2266,1.326203842771146e-09,1.123037490013461e-11,7.295937846559429e-12
2267,1.326470104280591e-09,1.121784794561562e-11,7.160996115013635e-12
2268,1.316595734141882e-09,1.109951340865383e-11,7.226212383812815e-12
2269,1.31120101267986e-09,1.108978661122142e-11,7.088312454100883e-12
2270,1.294298861745673e-09,1.097669954549321e-11,7.143895134976367e-12
2271,1.289616443288501e-09,1.096011531148545e-11,7.021246674413305e-12
2272,1.281093767514028e-09,1.085123929769503e-11,7.071173739314237e-12
2273,1.275955786074136e-09,1.083621732392573e-11,6.947744339731857e-12
2274,1.266334162662148e-09,1.072878134942519e-11,6.996526025165416e-12
2275,1.261993793182028e-09,1.071363108941184e-11,6.87539903780497e-12
2276,1.252303105050635e-09,1.060726298294745e-11,6.924052830287134e-12
2277,1.247968549429995e-09,1.059217134080789e-11,6.804839196671116e-12
2278,1.238517607778972e-09,1.048705992816006e-11,6.852865044141826e-12
2279,1.234073204249128e-09,1.047221970660968e-11,6.735170058270845e-12
2280,1.224696024256352e-09,1.036842739466596e-11,6.782447260357178e-12
2281,1.220261399421948e-09,1.035388235470558e-11,6.666233760476192e-12
2282,1.210924868178785e-09,1.025134250594104e-11,6.712774420974553e-12
2283,1.211646228564397e-09,1.024019794030961e-11,6.592276945233708e-12
2284,1.202701592228839e-09,1.013242159778674e-11,6.650779662835249e-12
2285,1.197644261398461e-09,1.012411766973576e-11,6.527044162322969e-12
2286,1.182498767091386e-09,1.002141242384804e-11,6.576325064623399e-12
2287,1.178256387563165e-09,1.000699447256716e-11,6.466056370449328e-12
2288,1.170540434638122e-09,9.908117376008594e-12,6.510281611110484e-12
2289,1.170915859579929e-09,9.89813065429364e-12,6.393659842708232e-12
2290,1.162374460729099e-09,9.794208871430116e-12,6.449076362108237e-12
2291,1.157781951761322e-09,9.786608328827838e-12,6.330087425376292e-12
2292,1.143167096170585e-09,9.68736027333325e-12,6.377187431979352e-12
2293,1.139151843981969e-09,9.673740649872123e-12,6.271350124952333e-12
2294,1.131777218890213e-09,9.578200335865129e-12,6.313726320107124e-12
2295,1.132028078208603e-09,9.568941695018733e-12,6.201683710357214e-12
2296,1.123772280624065e-09,9.468529037573797e-12,6.254790062896589e-12
2297,1.119201232329005e-09,9.461598228334785e-12,6.140357809808409e-12
2298,1.105056106214213e-09,9.365731933257699e-12,6.185472833010323e-12
2299,1.101069876685593e-09,9.352885143899508e-12,6.083631176156473e-12
2300,1.093930439072987e-09,9.260584541256239e-12,6.124221215281789e-12
2301,1.089569302876145e-09,9.24902689149046e-12,6.021636248964131e-12
2302,1.081474814332421e-09,9.157910971935502e-12,6.061268451592647e-12
2303,1.077797733811985e-09,9.146186779291707e-12,5.960520214508318e-12
2304,1.06962347747994e-09,9.055931420551342e-12,6.000067005546351e-12
2305,1.065975704778635e-09,9.044252778444632e-12,5.900896974735673e-12
2306,1.05799826027591e-09,8.955086410512942e-12,5.939964114606998e-12
2307,1.054266129693407e-09,8.943628768619383e-12,5.842046032988661e-12
2308,1.046354518117453e-09,8.85556658772535e-12,5.880472271871634e-12
2309,1.04261029770056e-09,8.844366628346294e-12,5.783800837952228e-12
2310,1.034740141352e-09,8.757431851311125e-12,5.821588725624545e-12
2311,1.031059169496229e-09,8.746429118460378e-12,5.726188500031265e-12
2312,1.023271799938967e-09,8.660498791702964e-12,5.763432109221616e-12
2313,1.019678466171831e-09,8.649718762504355e-12,5.669262989837091e-12
2314,1.012005885566949e-09,8.564698841806972e-12,5.705981338636175e-12
2315,1.008480462881898e-09,8.554135812029937e-12,5.613041269413767e-12
2316,1.000920123289211e-09,8.470049183440293e-12,5.649212681551257e-12
2317,9.97432980869829e-10,8.459710863525426e-12,5.557490556496859e-12
2318,9.899662582772648e-10,8.376581478045948e-12,5.593105833920643e-12
2319,9.86494530925639e-10,8.366438939393071e-12,5.502617618447505e-12
2320,9.791072705958037e-10,8.284251337214665e-12,5.537686301008697e-12
2321,9.756547872440012e-10,8.27440253823005e-12,5.44839291391157e-12
2322,9.683502600679405e-10,8.193143448045506e-12,5.48292803596296e-12
2323,9.649127492610893e-10,8.18358359009153e-12,5.394815413242987e-12
2324,9.577069995088055e-10,8.103215219755011e-12,5.428827899798089e-12
2325,9.542997757992097e-10,8.093859538829951e-12,5.341892432499943e-12
2326,9.471950630868117e-10,8.014373337241097e-12,5.375388655743272e-12
2327,9.438090218011776e-10,8.005227560615113e-12,5.289610228955389e-12
2328,9.368232140788922e-10,7.926609579657087e-12,5.322598635576758e-12
2329,9.334524351809575e-10,7.917702039670232e-12,5.237955648339442e-12
2330,9.265828749377988e-10,7.839946245709718e-12,5.270436767053523e-12
2331,9.232186062853197e-10,7.831260519579574e-12,5.18689141610134e-12
2332,9.164567754553067e-10,7.754379726298925e-12,5.218876798397896e-12
2333,9.131104311577164e-10,7.745918791173762e-12,5.136393696603776e-12
2334,9.064446167101403e-10,7.669890744083346e-12,5.16794619324808e-12
2335,9.031267388630817e-10,7.661629810353645e-12,5.086466340239236e-12
2336,8.965391446597707e-10,7.586450431773842e-12,5.117581496121877e-12
2337,8.932382589545095e-10,7.578398835428528e-12,5.03714418383439e-12
2338,8.867339964872763e-10,7.50409555087088e-12,5.067789026355811e-12
2339,8.83460697329917e-10,7.496270251666666e-12,4.988364368564104e-12
2340,8.770329545755325e-10,7.422809501254347e-12,5.018543096555939e-12
2341,8.737778796347586e-10,7.415153492644953e-12,4.940155772567035e-12
2342,8.674429370524997e-10,7.342555450070967e-12,4.969860573636169e-12
2343,8.642111008774156e-10,7.335085419656116e-12,4.892503939882416e-12
2344,8.579568935429535e-10,7.263293736661866e-12,4.921763320147589e-12
2345,8.547618260510547e-10,7.25601715452581e-12,4.845423557706314e-12
2346,8.485891935085546e-10,7.1850004994046e-12,4.874239021477115e-12
2347,8.454368696057726e-10,7.177920543855568e-12,4.798873086389693e-12
2348,8.393578690179279e-10,7.107712504670043e-12,4.827257154352189e-12
2349,8.362330844035589e-10,7.100775741843331e-12,4.752859273013312e-12
2350,8.302567549763992e-10,7.031361413264848e-12,4.780830679906361e-12
2351,8.271573001984874e-10,7.024554924170993e-12,4.707386353552444e-12
2352,8.212872445313425e-10,6.955903105350302e-12,4.734946081038442e-12
2353,8.182209202341882e-10,6.949232256058893e-12,4.662465837864885e-12
2354,8.124487000566748e-10,6.881344811424897e-12,4.68957580658157e-12
2355,8.09407065294333e-10,6.874802459937649e-12,4.618053457452101e-12
2356,8.03735099723955e-10,6.80769499353368e-12,4.644724455637114e-12
2357,8.007204343107955e-10,6.801306865962973e-12,4.574168322257842e-12
2358,7.951497697870854e-10,6.73496997218782e-12,4.600419344889278e-12
2359,7.905323139323714e-10,6.728739041949685e-12,4.530793423990464e-12
2360,8.481865355061525e-10,6.732085691165742e-12,4.43684621687274e-12
2361,7.746527033649638e-10,6.6384140675556e-12,4.510873903282141e-12
2362,7.648943002154085e-10,6.623613034460963e-12,4.460658528056431e-12
2363,8.338427018686486e-10,6.621865456795667e-12,4.380253373002871e-12
2364,7.585541632761869e-10,6.531042009533443e-12,4.450462358327715e-12
2365,7.494643840481694e-10,6.517169862812324e-12,4.399643497007859e-12
2366,8.221512196618827e-10,6.516400355127352e-12,4.318439502008643e-12
2367,7.459020194808832e-10,6.427700342569607e-12,4.38563775163684e-12
2368,7.364913014882584e-10,6.414240907568844e-12,4.335755584420129e-12
2369,8.098108374208e-10,6.413452838608775e-12,4.256507964426589e-12
2370,7.338626195447066e-10,6.326011255124916e-12,4.323085659354268e-12
2371,7.242085680439269e-10,6.312757163140101e-12,4.274473429828818e-12
2372,7.96903424963613e-10,6.312034826313373e-12,4.196734393466228e-12
2373,7.21785015474518e-10,6.225964900376254e-12,4.261843485011662e-12
2374,7.122051298124001e-10,6.213039305733003e-12,4.214132853826318e-12
2375,7.84054566519323e-10,6.212409956823699e-12,4.137712835878089e-12
2376,7.100718041192252e-10,6.127708244029896e-12,4.201375878295744e-12
2377,7.006780487546695e-10,6.115076439721633e-12,4.154677676455145e-12
2378,7.716691085958619e-10,6.114532679954934e-12,4.079719458878058e-12
2379,6.988707978262492e-10,6.031348264136921e-12,4.14207334680058e-12
2380,6.896527181566405e-10,6.019016696351183e-12,4.096406493140298e-12
2381,7.596628543982188e-10,6.018725782366474e-12,4.022792119997574e-12
2382,6.879650097231004e-10,5.937025707656613e-12,4.083823457277905e-12
2383,6.78882577800322e-10,5.924941472998927e-12,4.039155057065495e-12
2384,7.511934694579944e-10,5.926696036779596e-12,3.963476695014186e-12
2385,6.809979330048618e-10,5.841712501360301e-12,4.031380435165956e-12
2386,6.700092877235491e-10,5.83166115675578e-12,3.984578536106208e-12
2387,7.403640446669968e-10,5.834880183910825e-12,3.907672090495037e-12
2388,6.696821922696926e-10,5.7511793570243e-12,3.973803157292818e-12
2389,6.588522870854699e-10,5.74107815654499e-12,3.928448646116478e-12
2390,7.285605054370157e-10,5.744094109189517e-12,3.853648690319057e-12
2391,6.590465869892619e-10,5.661636881740572e-12,3.918813646135496e-12
2392,6.483477839778495e-10,5.651887122173573e-12,3.874384658694523e-12
2393,7.169585919870446e-10,5.655198832541312e-12,3.800791606972741e-12
2394,6.485412296110057e-10,5.574069832799195e-12,3.864581714451234e-12
2395,6.379970207533546e-10,5.564533292880997e-12,3.821030092281194e-12
2396,7.055618664325033e-10,5.567848438074291e-12,3.748735149883945e-12
2397,6.382091312520199e-10,5.487873855242452e-12,3.811226644142794e-12
2398,6.277946304548267e-10,5.478515962248887e-12,3.768550213243994e-12
2399,6.943658988022096e-10,5.481839272550731e-12,3.697583637848413e-12
2400,6.280518862346012e-10,5.403024504960106e-12,3.758785203919185e-12
2401,6.177951226458778e-10,5.393903705467213e-12,3.716956111829496e-12
2402,6.833917244603511e-10,5.397309687700425e-12,3.647273273160349e-12
2403,6.18116089137787e-10,5.31974083497957e-12,3.707175327262701e-12
2404,6.080134872600141e-10,5.310869266223523e-12,3.666246178505206e-12
2405,6.72644654517763e-10,5.314372792718903e-12,3.5978028048783e-12
2406,6.083865923041476e-10,5.23807286905859e-12,3.656453956098683e-12
2407,5.984216612157358e-10,5.229417229857032e-12,3.616377625627454e-12
2408,6.620993067635747e-10,5.23295280506839e-12,3.549151923924475e-12
2409,5.988265404794177e-10,5.157833694154199e-12,3.606570049374438e-12
2410,5.889908167589033e-10,5.14938869642801e-12,3.56734878843806e-12
2411,6.51734156138839e-10,5.153034378761744e-12,3.501320256730928e-12
2412,5.894264379214442e-10,5.079095483951257e-12,3.55751299981637e-12
2413,5.797231670584855e-10,5.070877877117306e-12,3.519140890880548e-12
2414,6.415679622538613e-10,5.074642454872611e-12,3.454274212913094e-12
2415,5.802108089025651e-10,5.001832372290809e-12,3.509259214534792e-12
2416,5.706511853779076e-10,4.993844825299786e-12,3.471747168977015e-12
2417,6.31617297503706e-10,4.997659268756894e-12,3.408032480337959e-12
2418,5.71192243496875e-10,4.925968027596348e-12,3.461855911146535e-12
2419,5.617782810490849e-10,4.918165633286642e-12,3.425145475199373e-12
2420,6.218843025604429e-10,4.922013151177066e-12,3.362560117993005e-12
2421,5.623693466915319e-10,4.851419920861049e-12,3.415287756289766e-12
2422,5.530953922360001e-10,4.843813466275779e-12,3.379314712739351e-12
2423,5.40674360866247e-10,4.84776112101133e-12,3.31786367626938e-12
2424,5.303182896468658e-10,4.828659412608293e-12,3.291297197352707e-12
2425,6.279315630790043e-10,4.808082314169951e-12,3.267972426865722e-12
2426,5.598219718752211e-10,4.728533443865907e-12,3.340835289793779e-12
2427,5.362353206849426e-10,4.724444772080838e-12,3.302528983653011e-12
2428,5.233938649619817e-10,4.727065953193925e-12,3.244660916371913e-12
2429,5.150842324662358e-10,4.70826952592712e-12,3.219180500585481e-12
2430,5.088564585154489e-10,4.688202030166458e-12,3.196551958255949e-12
2431,5.043673160691061e-10,4.66587019328995e-12,3.179369439119404e-12
2432,5.006918036092795e-10,4.642936526840905e-12,3.164228000638026e-12
2433,6.185709693839251e-10,4.619575218163221e-12,3.150756794663052e-12
2434,5.596913376083677e-10,4.532544762020487e-12,3.246661158044601e-12
2435,5.171598931644863e-10,4.540035376983081e-12,3.189593510284335e-12
2436,5.028261205456974e-10,4.54386114240814e-12,3.125971823516992e-12
2437,4.936989436726371e-10,4.525498448587816e-12,3.101400224348365e-12
2438,4.888157542243806e-10,4.50414342428517e-12,3.084346392585015e-12
2439,4.848966212349404e-10,4.482512435592236e-12,3.068802672598193e-12
2440,4.819642996338038e-10,4.460593618461251e-12,3.054811072592117e-12
2441,4.785764968085717e-10,4.438617752865069e-12,3.041779349855338e-12
2442,4.764516093705609e-10,4.415877172535696e-12,3.030329218380752e-12
2443,5.905476639324701e-10,4.39309854160189e-12,3.019041832602884e-12
2444,5.318365737930551e-10,4.307821497844443e-12,3.110914425051835e-12
2445,4.933842148748661e-10,4.315908560070388e-12,3.054323697637211e-12
2446,4.791534373570035e-10,4.322654688770564e-12,2.988761303066371e-12
2447,4.699384911115461e-10,4.30526482826339e-12,2.966095640166288e-12
2448,4.652416551437245e-10,4.285166813470628e-12,2.950401215359128e-12
2449,4.614701817951648e-10,4.264839930678192e-12,2.936143158877253e-12
2450,4.586285088990005e-10,4.244248134330558e-12,2.92329449771522e-12
2451,4.551330326475754e-10,4.223576868372926e-12,2.911349022383492e-12
2452,4.519898771657674e-10,4.202183435029598e-12,2.900682249007661e-12
2453,4.490527152971962e-10,4.180489659799925e-12,2.890206814511181e-12
2454,4.464378510657135e-10,4.158911488488393e-12,2.879262807015788e-12
2455,4.441952845355837e-10,4.137758432331815e-12,2.867573701168671e-12
2456,4.422948801025256e-10,4.117204751726391e-12,2.855170138690499e-12
2457,4.406156265754423e-10,4.097206804264032e-12,2.842260024162496e-12
2458,4.39044057879707e-10,4.077633283142336e-12,2.829121358924132e-12
2459,4.380496177339049e-10,4.058003114777171e-12,2.816616614911236e-12
2460,4.362910623805784e-10,4.039152102928268e-12,2.803178083988024e-12
2461,4.34338416798416e-10,4.020175691388474e-12,2.790405500749257e-12
2462,4.326752994835756e-10,4.000758931898913e-12,2.778641977070934e-12
2463,4.302912847737191e-10,3.981837537453541e-12,2.766330721329561e-12
2464,4.278655631876465e-10,3.96273398505518e-12,2.754541568638256e-12
2465,4.25258233289117e-10,3.943485702068657e-12,2.743005802748296e-12
2466,4.227075331962251e-10,3.924183903478592e-12,2.731513190200318e-12
2467,4.202363390133038e-10,3.904923460094256e-12,2.719952959472398e-12
2468,4.178707025997746e-10,3.885807574436389e-12,2.708302904141649e-12
2469,4.156076963356054e-10,3.866832454263628e-12,2.696586466691825e-12
2470,4.134350870192679e-10,3.848009165539254e-12,2.68486021110187e-12
2471,4.113690690401402e-10,3.829353396406341e-12,2.673175397629243e-12
2472,4.0938393353503e-10,3.810856581815498e-12,2.661579736124201e-12
2473,4.074888635838487e-10,3.792458370373681e-12,2.650094672861932e-12
2474,4.056476193760949e-10,3.774145123928452e-12,2.638725019461894e-12
2475,4.038264597294224e-10,3.755915893761572e-12,2.627463207733393e-12
2476,4.02006277350234e-10,3.737758312342389e-12,2.616293713190416e-12
2477,4.001737577507385e-10,3.71967042874788e-12,2.605196728760115e-12
2478,3.983192243468e-10,3.701664458470134e-12,2.594152488152574e-12
2479,3.964289270296739e-10,3.683745054520947e-12,2.583144707937082e-12
2480,3.944881899402174e-10,3.665918567441206e-12,2.572173547574047e-12
2481,3.924945029097606e-10,3.648193449612001e-12,2.561244454311058e-12
2482,3.904518329542301e-10,3.630583744869798e-12,2.550358481593386e-12
2483,3.883703044337181e-10,3.613098734923003e-12,2.539518920599821e-12
2484,3.862642670466626e-10,3.595758883923648e-12,2.528736018578215e-12
2485,3.841447972834044e-10,3.578592632074485e-12,2.518018971093709e-12
2486,3.82024215294406e-10,3.561636167297509e-12,2.50736605603873e-12
2487,3.799122276708144e-10,3.544950845147762e-12,2.496780634159036e-12
2488,3.778045836665464e-10,3.528410819232122e-12,2.486259237045527e-12
2489,3.757115773145595e-10,3.511977485421743e-12,2.475796593442156e-12
2490,3.736372345036416e-10,3.495639559016463e-12,2.465384110395815e-12
2491,3.720741824931633e-10,3.479168014335314e-12,2.455376775987559e-12
2492,3.700299010522898e-10,3.463198284040795e-12,2.444657216050613e-12
2493,3.680249680239838e-10,3.447141566649826e-12,2.4342667212135e-12
2494,3.659108406292838e-10,3.431004811072897e-12,2.42406685879576e-12
2495,3.643113511512714e-10,3.414693488408991e-12,2.414306611280311e-12
2496,3.623517406046957e-10,3.398745480325296e-12,2.403858753942251e-12
2497,3.604588938876016e-10,3.382709358407445e-12,2.393709058970698e-12
2498,3.589348687257949e-10,3.366537837046703e-12,2.384075009062869e-12
2499,3.569953750922743e-10,3.350671987148005e-12,2.373795382746782e-12
2500,3.551302793426181e-10,3.33472847437009e-12,2.363824831590343e-12
2501,3.536137990736777e-10,3.318727772944374e-12,2.354361555129381e-12
2502,3.516887632246533e-10,3.303047770575599e-12,2.344253455945589e-12
2503,3.503133291838176e-10,3.287302299842663e-12,2.334790028246802e-12
2504,3.483500842694398e-10,3.271875351237763e-12,2.324733749267545e-12
2505,3.468932542625531e-10,3.256360323985697e-12,2.315369582227456e-12
2506,3.448883105640568e-10,3.241201329150961e-12,2.305435801868365e-12
2507,3.434108640015829e-10,3.225984777013001e-12,2.296182943754269e-12
2508,3.414352734964413e-10,3.211224518754158e-12,2.286363155640211e-12
2509,3.399925855571842e-10,3.19626701401319e-12,2.277209025867961e-12
2510,3.380713214576796e-10,3.181665832917945e-12,2.267492173729914e-12
2511,3.3669026729982e-10,3.166854871022286e-12,2.258431387965439e-12
2512,3.348118742815662e-10,3.152380604716322e-12,2.248811246158226e-12
2513,3.334689183523081e-10,3.137701990741271e-12,2.239845815937723e-12
2514,3.316185338290289e-10,3.12334276564308e-12,2.23032159171782e-12
2515,3.302926994970621e-10,3.108787234227307e-12,2.2214428399253e-12
2516,3.284523725776867e-10,3.094533458488266e-12,2.212007638516129e-12
2517,3.271348747139266e-10,3.080105054551795e-12,2.203217524457986e-12
2518,3.252952648063034e-10,3.065964565527854e-12,2.193876859644171e-12
2519,3.239833519226276e-10,3.051668130056285e-12,2.18517442277809e-12
2520,3.221505396277345e-10,3.037661284912214e-12,2.175923078953637e-12
2521,3.20836529043355e-10,3.023530089505906e-12,2.167302105430992e-12
2522,3.190122561232762e-10,3.009731530139337e-12,2.158143095041714e-12
2523,3.177109861392465e-10,2.995825577154551e-12,2.149613516261865e-12
2524,3.159102962879323e-10,2.982346159661037e-12,2.140548996774464e-12
2525,3.14627006241178e-10,2.968716406168957e-12,2.132104568562429e-12
2526,3.128576378852514e-10,2.95542447142634e-12,2.123133073658727e-12
2527,3.116068461846982e-10,2.941920978028826e-12,2.114773495334978e-12
2528,3.09879965222258e-10,2.9287221216188e-12,2.105889415316012e-12
2529,3.086597509948004e-10,2.915323608751577e-12,2.097612929977607e-12
2530,3.06971956218436e-10,2.902201432101711e-12,2.088815745863352e-12
2531,3.057923096798477e-10,2.888895689243794e-12,2.080620057505949e-12
2532,3.041444992490372e-10,2.875850366388765e-12,2.071905691709723e-12
2533,3.025836567761403e-10,2.862705383606232e-12,2.063477167533096e-12
2534,3.013609366197448e-10,2.849501165599601e-12,2.05547513767673e-12
2535,2.998158139409213e-10,2.836577718274762e-12,2.046907305674504e-12
2536,2.983755352688871e-10,2.823634415313822e-12,2.03858314389358e-12
2537,2.972424914669708e-10,2.810661559811518e-12,2.030677191364164e-12
2538,2.957455492117472e-10,2.798005490189976e-12,2.02221385092715e-12
2539,2.943284702624773e-10,2.785375940481232e-12,2.014002818356384e-12
2540,2.932014758430558e-10,2.772724276209195e-12,2.006212706560993e-12
2541,2.917121387063478e-10,2.760394307098549e-12,1.997872114899042e-12
2542,2.903013297798863e-10,2.748025533006078e-12,1.989778709416297e-12
2543,2.887895089468823e-10,2.735647585250493e-12,1.981813850290989e-12
2544,2.876919318806246e-10,2.723239990934747e-12,1.9741832328544e-12
2545,2.862628367560247e-10,2.711153824332572e-12,1.96598821064465e-12
2546,2.848880878392862e-10,2.699037724363726e-12,1.95803222211193e-12
2547,2.834031475531911e-10,2.686906051246425e-12,1.950203404222087e-12
2548,2.823157657731417e-10,2.674743755433038e-12,1.942709326796295e-12
2549,2.808812656827426e-10,2.662876624808076e-12,1.934657634441249e-12
2550,2.795021966450206e-10,2.65097380755563e-12,1.926846526119077e-12
2551,2.783888745381688e-10,2.639004582861938e-12,1.919441098825828e-12
2552,2.768995177681098e-10,2.627289986589773e-12,1.91150308305897e-12
2553,2.754793148151875e-10,2.615537536382611e-12,1.903807542694427e-12
2554,2.743379873154749e-10,2.60374977083111e-12,1.896511715039615e-12
2555,2.728449835769836e-10,2.592247605254064e-12,1.888691838527794e-12
2556,2.714281361875285e-10,2.580790295328927e-12,1.881108425151537e-12
2557,2.702859008397788e-10,2.569289941868757e-12,1.873914869172073e-12
2558,2.68800417400164e-10,2.558085410623828e-12,1.866204492981503e-12
2559,2.677798403084661e-10,2.546764628305338e-12,1.859006359121119e-12
2560,2.66270784446458e-10,2.535697437233287e-12,1.851334330112775e-12
2561,2.652015756396599e-10,2.524474018115119e-12,1.844207679922691e-12
2562,2.636614436449868e-10,2.513468825190206e-12,1.836619870572687e-12
2563,2.625752886786553e-10,2.502320891562414e-12,1.829568342205444e-12
2564,2.610465510003087e-10,2.49137731842917e-12,1.822054209449375e-12
2565,2.599769585217203e-10,2.480319573652329e-12,1.815069685925898e-12
2566,2.584727552728005e-10,2.46946322013112e-12,1.807624675674532e-12
2567,2.574205581460204e-10,2.458504738212274e-12,1.800703660781972e-12
2568,2.559390224974477e-10,2.447744997869419e-12,1.793323998557679e-12
2569,2.549088527062705e-10,2.436892041670148e-12,1.786463191238796e-12
2570,2.534439352093233e-10,2.426230433563395e-12,1.779149117165689e-12
2571,2.524279505393976e-10,2.415483777530916e-12,1.77234857719358e-12
2572,2.5140539363586e-10,2.404888340398502e-12,1.765398184960429e-12
2573,2.500163572501655e-10,2.394458221627357e-12,1.758058246887945e-12
2574,2.489678033277725e-10,2.383887880311203e-12,1.751331850322276e-12
2575,2.47501593910205e-10,2.37347967289888e-12,1.744189470524649e-12
2576,2.464766183441039e-10,2.362997972678223e-12,1.737552133883851e-12
2577,2.454819678180245e-10,2.352680597259909e-12,1.730765973688256e-12
2578,2.441675312448438e-10,2.342562111216572e-12,1.723594851884801e-12
2579,2.431967590597689e-10,2.332340993340521e-12,1.717018442996538e-12
2580,2.422016308146115e-10,2.32225474885552e-12,1.710325616816494e-12
2581,2.408961159078556e-10,2.3123449126185e-12,1.703262736305947e-12
2582,2.399385557775067e-10,2.30228383431478e-12,1.696780304536975e-12
2583,2.389643831345169e-10,2.292341527007344e-12,1.690178915011927e-12
2584,2.376955055727369e-10,2.282566141765983e-12,1.683207467781998e-12
2585,2.367712097618323e-10,2.272648857821927e-12,1.676807639990352e-12
2586,2.358309396628622e-10,2.262852373678167e-12,1.670289732307466e-12
2587,2.345931491447829e-10,2.253210392600408e-12,1.663405203681319e-12
2588,2.337009778729068e-10,2.24343281536496e-12,1.657087743422205e-12
2589,2.32778933524712e-10,2.233770823528391e-12,1.650651714588282e-12
2590,2.315597953467154e-10,2.224255110534638e-12,1.643851820329657e-12
2591,2.306860144822282e-10,2.214611907665954e-12,1.637612711724483e-12
2592,2.294084563281809e-10,2.205108174651582e-12,1.630975818962001e-12
2593,2.285598194300587e-10,2.195536649166346e-12,1.624806649709527e-12
2594,2.273438175337583e-10,2.186127487719927e-12,1.618214784119391e-12
2595,2.265493733470013e-10,2.176668922847765e-12,1.612083710494061e-12
2596,2.253618268888668e-10,2.16737753083434e-12,1.605532945209337e-12
2597,2.24582186008339e-10,2.1580277466647e-12,1.599448592682127e-12
2598,2.234033165765674e-10,2.148835755223421e-12,1.592949198338306e-12
2599,2.226230529857541e-10,2.139578682792613e-12,1.586914217721372e-12
2600,2.214487141553344e-10,2.130468749269821e-12,1.580466887789444e-12
2601,2.206694555590539e-10,2.121296387972448e-12,1.574480258346726e-12
2602,2.194980915276084e-10,2.11227347336643e-12,1.568084157541338e-12
2603,2.187250265582107e-10,2.103192777861914e-12,1.562145881666103e-12
2604,2.175630235556222e-10,2.094258490889934e-12,1.555802418150738e-12
2605,2.167922270139316e-10,2.085262110573423e-12,1.549913793422805e-12
2606,2.156362853237198e-10,2.076410555150646e-12,1.543623595450295e-12
2607,2.148724367442691e-10,2.067502210157765e-12,1.537784335895104e-12
2608,2.137263896038417e-10,2.058736797853247e-12,1.531546306854663e-12
2609,2.129649294653669e-10,2.049913687260682e-12,1.525754871805607e-12
2610,2.118165387626088e-10,2.04123374047852e-12,1.519566900055259e-12
2611,2.11053563690876e-10,2.032494986364257e-12,1.513822139027056e-12
2612,2.099055545740349e-10,2.023898511758961e-12,1.50768409945588e-12
2613,2.091429493480514e-10,2.015241646256331e-12,1.501985792568194e-12
2614,2.079984861839958e-10,2.006726878006563e-12,1.495897093985115e-12
2615,2.0723278824118e-10,1.99815420213012e-12,1.490244792212055e-12
2616,2.060918883794087e-10,1.989722551419587e-12,1.484204836684906e-12
2617,2.053228847231725e-10,1.981230672143554e-12,1.47859829903229e-12
2618,2.041837311661368e-10,1.972879019073491e-12,1.472606890978972e-12
2619,2.034233111400906e-10,1.964468164675919e-12,1.467044970847852e-12
2620,2.022937870293839e-10,1.95619862859534e-12,1.461101822057815e-12
2621,2.015386826006981e-10,1.947868324050551e-12,1.455584936726455e-12
2622,2.004172890442009e-10,1.93967720274881e-12,1.449689755792503e-12
2623,1.996723167729101e-10,1.93142472457237e-12,1.44421704023162e-12
2624,1.985623804611686e-10,1.92331150555666e-12,1.438369140996325e-12
2625,1.978314042301765e-10,1.915137006948172e-12,1.432940524334648e-12
2626,1.970757400375561e-10,1.907070834159647e-12,1.427389028527666e-12
2627,1.960150333480524e-10,1.899122167519265e-12,1.421515934354418e-12
2628,1.952579912252648e-10,1.891057056167362e-12,1.416144181300177e-12
2629,1.944533367611856e-10,1.883072331095599e-12,1.410674435288809e-12
2630,1.933805427323518e-10,1.875184729271633e-12,1.404892301732722e-12
2631,1.926151629678669e-10,1.867201414117741e-12,1.39959330255744e-12
2632,1.918244744766094e-10,1.859308160759511e-12,1.394192939162697e-12
2633,1.907761590301778e-10,1.851522802779518e-12,1.388482956154535e-12
2634,1.900273902852751e-10,1.843653966603048e-12,1.383249473379184e-12
2635,1.892588249177129e-10,1.835880928897404e-12,1.377916046350065e-12
2636,1.882315153337274e-10,1.828226074473943e-12,1.372277035584787e-12
2637,1.87493124576287e-10,1.820479472391303e-12,1.367107931497574e-12
2638,1.867339903880725e-10,1.812825646764764e-12,1.361839029554734e-12
2639,1.85717664672135e-10,1.805286810161101e-12,1.356266294637824e-12
2640,1.849930082087821e-10,1.797649682079619e-12,1.351158328108112e-12
2641,1.842370524836126e-10,1.790103175201181e-12,1.345950935538697e-12
2642,1.835599843434664e-10,1.782634185937789e-12,1.340688845382942e-12
2643,1.825448145468846e-10,1.775255665512864e-12,1.33516981310184e-12
2644,1.817855089756239e-10,1.767742993069227e-12,1.330148395560878e-12
2645,1.810136306854479e-10,1.760304265051678e-12,1.325038360678231e-12
2646,1.803374835162806e-10,1.752942965753146e-12,1.319872579158956e-12
2647,1.793475457027589e-10,1.745674886657225e-12,1.314449216040654e-12
2648,1.786177084928147e-10,1.738291421371994e-12,1.30950885808306e-12
2649,1.778763081125944e-10,1.730992462445401e-12,1.304480359127444e-12
2650,1.77230482516532e-10,1.723775470573606e-12,1.299397201932904e-12
2651,1.762762445155907e-10,1.716662922286474e-12,1.294062879615947e-12
2652,1.755710342086978e-10,1.709427871188519e-12,1.289202278319775e-12
2653,1.748519846690458e-10,1.702272678667088e-12,1.284255055494405e-12
2654,1.74225325293036e-10,1.695196899820868e-12,1.279253058475322e-12
2655,1.732941028134377e-10,1.688221945883267e-12,1.274003049162069e-12
2656,1.726000125441977e-10,1.681121106258623e-12,1.269218945862325e-12
2657,1.718964309787268e-10,1.674097792367153e-12,1.264349360877539e-12
2658,1.70984618197226e-10,1.667185435349248e-12,1.259199238364454e-12
2659,1.703347863096966e-10,1.660183281771131e-12,1.254468938879069e-12
2660,1.696747892473485e-10,1.653269279630227e-12,1.249644770929018e-12
2661,1.68794480674007e-10,1.646471409493451e-12,1.244542581740495e-12
2662,1.681677975794568e-10,1.639572463371444e-12,1.23986537944127e-12
2663,1.675256175161253e-10,1.632753834092199e-12,1.235098225795386e-12
2664,1.666593967147629e-10,1.626045151755222e-12,1.230057098941921e-12
2665,1.660374725766317e-10,1.619229434040833e-12,1.225435367755896e-12
2666,1.65406351012586e-10,1.612491253695473e-12,1.220724189529171e-12
2667,1.645534476623352e-10,1.605857842700985e-12,1.215741795492467e-12
2668,1.639433692892911e-10,1.599123064307957e-12,1.211174529657186e-12
2669,1.633201341666204e-10,1.592467601456444e-12,1.206519547369119e-12
2670,2.071898898289538e-10,1.585916503504874e-12,1.201597232514951e-12
2671,1.820652019987779e-10,1.550000935607727e-12,1.229687920863728e-12
2672,1.700734877206913e-10,1.55436994276825e-12,1.214339446236533e-12
2673,1.959201075950997e-10,1.564191752618379e-12,1.190667616294609e-12
2674,1.730900640603349e-10,1.537712558458817e-12,1.208835764360082e-12
2675,1.67706104378633e-10,1.539014706960709e-12,1.198685807138203e-12
2676,1.641622620853751e-10,1.547296787700354e-12,1.178633277205916e-12
2677,1.604899610372502e-10,1.543354194695455e-12,1.171038034795383e-12
2678,1.580429082793604e-10,1.538847894913434e-12,1.164022644287849e-12
2679,1.566344642011192e-10,1.533214756894792e-12,1.158587571378549e-12
2680,1.556432318895642e-10,1.527058233448565e-12,1.153800519668014e-12
2681,1.549287564403902e-10,1.520415163326374e-12,1.14962994219944e-12
2682,1.965530487352457e-10,1.513252344945268e-12,1.145895008275239e-12
2683,1.731279221432723e-10,1.475763574622815e-12,1.175707579985808e-12
2684,1.624370278309244e-10,1.479226613287768e-12,1.161442315546061e-12
2685,1.848722713965388e-10,1.488852166333219e-12,1.137798686198611e-12
2686,1.623211761032617e-10,1.465131761047109e-12,1.151956365737786e-12
2687,1.586862742107946e-10,1.464095309375532e-12,1.144091867461754e-12
2688,1.554863141770886e-10,1.469947639216838e-12,1.126573024881667e-12
2689,1.521436361788164e-10,1.46672880803779e-12,1.118253652264506e-12
2690,1.502859254568688e-10,1.461856551935983e-12,1.11223414279475e-12
2691,1.854334276824095e-10,1.456915539566182e-12,1.106094307176186e-12
2692,1.633713114861415e-10,1.425798504095582e-12,1.129670057154652e-12
2693,1.548530410301957e-10,1.427231919634611e-12,1.119216999000432e-12
2694,1.763648544019758e-10,1.434016233152621e-12,1.10060078057502e-12
2695,1.561573588766627e-10,1.412547214559674e-12,1.113560083045367e-12
2696,1.534689708191823e-10,1.411494950467378e-12,1.106039548815016e-12
2697,1.72492064709381e-10,1.4185037262599e-12,1.088093857194656e-12
2698,1.53868209916384e-10,1.396497819668244e-12,1.101191685844817e-12
2699,1.516478140962527e-10,1.39500301345963e-12,1.09373088624481e-12
2700,1.698131591884508e-10,1.40119376337979e-12,1.075834611519666e-12
2701,1.521079293808457e-10,1.378947587710858e-12,1.088672245208341e-12
2702,1.501018913968813e-10,1.377321798714351e-12,1.081287255294634e-12
2703,1.677512063954049e-10,1.383239647285631e-12,1.063603984494008e-12
2704,1.504156251099948e-10,1.361097377323193e-12,1.076309648831471e-12
2705,1.477738051420899e-10,1.359900505600652e-12,1.068537145680273e-12
2706,1.653869372892386e-10,1.365271750402636e-12,1.051625090107533e-12
2707,1.487543704439972e-10,1.343620189393139e-12,1.064380279869884e-12
2708,1.461028437953988e-10,1.342717744698045e-12,1.056633110524061e-12
2709,1.633526074157104e-10,1.348429901217191e-12,1.03974883172242e-12
2710,1.47401870645031e-10,1.326438520060565e-12,1.052972267186023e-12
2711,1.446366320429906e-10,1.326082594134579e-12,1.044748356741531e-12
2712,1.620861495262864e-10,1.332760045885955e-12,1.026893370804921e-12
2713,1.455350703475063e-10,1.310347367407732e-12,1.04080580931684e-12
2714,1.426382251601945e-10,1.309878559995761e-12,1.032932060368636e-12
2715,1.593041437807003e-10,1.315961604218332e-12,1.016115457381496e-12
2716,1.429627371171565e-10,1.295174363473573e-12,1.028314421560543e-12
2717,1.409330873140535e-10,1.293935619443445e-12,1.021368935518595e-12
2718,1.572574120945062e-10,1.300182452750858e-12,1.004689199889455e-12
2719,1.40944961723239e-10,1.279562902403369e-12,1.016669034259983e-12
2720,1.389872268816509e-10,1.278292888688947e-12,1.009780352556399e-12
2721,1.551091514426003e-10,1.284428270391802e-12,9.932675560135692e-13
2722,1.390718189264037e-10,1.264048378316456e-12,1.005115662103172e-12
2723,1.37156978480187e-10,1.262798350892159e-12,9.983151020924502e-13
2724,1.530922370739352e-10,1.268841826359201e-12,9.82004897013602e-13
2725,1.372801937713983e-10,1.248666681649759e-12,9.93721419719684e-13
2726,1.354186332214331e-10,1.247413058860851e-12,9.869973379462427e-13
2727,1.511960446218184e-10,1.253371723244327e-12,9.708657220559576e-13
2728,1.356220433508327e-10,1.233464859448706e-12,9.824458029898194e-13
2729,1.338239972747637e-10,1.232218671437162e-12,9.757988741280073e-13
2730,1.494291811955315e-10,1.238101774829339e-12,9.598511432802091e-13
2731,1.340319366104185e-10,1.218485677630056e-12,9.713016905039016e-13
2732,1.322300029667798e-10,1.217266976833762e-12,9.647308291878258e-13
2733,1.476180076813145e-10,1.22313634673902e-12,9.489661077917836e-13
2734,1.32366293902664e-10,1.203943246115869e-12,9.602901636344506e-13
2735,1.30563368409918e-10,1.202811872747541e-12,9.537945350280765e-13
2736,1.457367886285083e-10,1.208705705804363e-12,9.38209261190893e-13
2737,1.306686561499782e-10,1.189801272054993e-12,9.494064967445017e-13
2738,1.289047435672697e-10,1.188655201580309e-12,9.429839984448542e-13
2739,1.439470699126339e-10,1.194399116600897e-12,9.275733053767717e-13
2740,1.290947633538116e-10,1.175638038726281e-12,9.386421525128933e-13
2741,1.273917949970157e-10,1.174454075501369e-12,9.322918715034873e-13
2742,1.422879528530865e-10,1.180026200419131e-12,9.170537501381842e-13
2743,1.276021036550459e-10,1.161379727052373e-12,9.27995466708441e-13
2744,1.259299186859635e-10,1.160165541615896e-12,9.21717553010287e-13
2745,1.406593353894464e-10,1.165622658116688e-12,9.066513955266585e-13
2746,1.261297434812836e-10,1.147137456229716e-12,9.174684314830018e-13
2747,1.244674571204367e-10,1.145929860049824e-12,9.112631461011824e-13
2748,1.390225559434968e-10,1.151372612093145e-12,8.96369434856693e-13
2749,1.246414156726797e-10,1.133134079896294e-12,9.070644830810735e-13
2750,1.229699579082437e-10,1.13197269376906e-12,9.009310972462255e-13
2751,1.373412042413994e-10,1.13744218600936e-12,8.862075769926262e-13
2752,1.231111462628207e-10,1.119468092871301e-12,8.967821138102598e-13
2753,1.214377534317865e-10,1.11834488741381e-12,8.907196614436627e-13
2754,1.356197152196955e-10,1.12380734755021e-12,8.761637148316745e-13
2755,1.21541679569709e-10,1.106072785187954e-12,8.866187913986017e-13
2756,1.198715645681924e-10,1.104974008361323e-12,8.806256031090746e-13
2757,1.338739429507949e-10,1.110403236122249e-12,8.662348571527637e-13
2758,1.19967404916098e-10,1.092889201637997e-12,8.765716167563578e-13
2759,1.18314021879235e-10,1.091800461695904e-12,8.706469602239567e-13
2760,1.321387090746351e-10,1.097171149389283e-12,8.564194762025424e-13
2761,1.184150984658847e-10,1.079854848997155e-12,8.666392530906601e-13
2762,1.167888094596922e-10,1.078771728451658e-12,8.60782060251112e-13
2763,1.304513897669459e-10,1.084070069185397e-12,8.467155500194587e-13
2764,1.169095699650782e-10,1.066939703898192e-12,8.568196905406339e-13
2765,1.153184520307642e-10,1.065863481979737e-12,8.51029649689049e-13
2766,1.288150677569827e-10,1.07108821276281e-12,8.371226999517653e-13
2767,1.154620227080465e-10,1.054162268311338e-12,8.471128127278557e-13
2768,1.138993987261394e-10,1.053098074724386e-12,8.413888883731572e-13
2769,1.272484280316667e-10,1.058265758852418e-12,8.276392823723779e-13
2770,1.140612076297131e-10,1.041561223339151e-12,8.375178279687491e-13
2771,1.125219827052194e-10,1.040513112249157e-12,8.31859210923808e-13
2772,1.257113005757112e-10,1.045634071129611e-12,8.182653190381557e-13
2773,1.126881103560373e-10,1.029159530485044e-12,8.280342883863267e-13
2774,1.11160938509198e-10,1.02813472700419e-12,8.224398278047603e-13
2775,1.241979045467141e-10,1.033215112916415e-12,8.089996524805831e-13
2776,1.113225964309916e-10,1.016981623894048e-12,8.186599095518566e-13
2777,1.098221721995705e-10,1.015978725896629e-12,8.131289703168509e-13
2778,1.227030595610114e-10,1.021006576452167e-12,7.998407948303239e-13
2779,1.099828835146029e-10,1.004979799117297e-12,8.093926894270144e-13
2780,1.085055786863803e-10,1.003985644244871e-12,8.03924490729715e-13
2781,1.21250769134835e-10,1.008936527392736e-12,7.907864257650968e-13
2782,1.086822071306849e-10,9.930858851180716e-13,8.002310963455477e-13
2783,1.072232711542236e-10,9.920905783050742e-13,7.948248365960028e-13
2784,1.19833542943522e-10,9.969605383108799e-13,7.818348777231643e-13
2785,1.074097360172239e-10,9.812716402589911e-13,7.911728473213833e-13
2786,1.059707465159112e-10,9.802788439076267e-13,7.858282715429081e-13
2787,1.184424663251423e-10,9.850824085764124e-13,7.729849400271488e-13
2788,1.061548682152635e-10,9.695602995536778e-13,7.822183009416182e-13
2789,1.047261865619784e-10,9.685775952541808e-13,7.769345705200597e-13
2790,1.170522023733853e-10,9.73331947425825e-13,7.6423670143009e-13
2791,1.049003046240635e-10,9.579886918216078e-13,7.733659578764862e-13
2792,1.034797909855515e-10,9.570213560264866e-13,7.68142853117651e-13
2793,1.156582828968549e-10,9.617435811202085e-13,7.555890313739915e-13
2794,1.03638478041737e-10,9.465921096098571e-13,7.646161646866437e-13
2795,1.022236457939804e-10,9.456495006384074e-13,7.594524605530441e-13
2796,1.142511928168642e-10,9.503470305451244e-13,7.470407354576809e-13
2797,1.023680709856394e-10,9.353849645047716e-13,7.559666868478541e-13
2798,1.009604686904636e-10,9.344605601931061e-13,7.508620238558949e-13
2799,1.128381596309739e-10,9.391196367219538e-13,7.385904570994727e-13
2800,1.011002143588341e-10,9.243324225090974e-13,7.474166206794233e-13
2801,9.970684208631567e-11,9.234225127103108e-13,7.423699716937936e-13
2802,1.114421852153847e-10,9.280309135349588e-13,7.302373288351546e-13
2803,9.984235400741307e-11,9.1341132203038e-13,7.389640454733321e-13
2804,9.846709461083952e-11,9.125128613251276e-13,7.339747203411242e-13
2805,1.1006556538325e-10,9.17065766542689e-13,7.219791400779491e-13
2806,9.86100804055767e-11,9.026159689108004e-13,7.30608225246749e-13
2807,9.726094346453147e-11,9.017250505846888e-13,7.256757670301973e-13
2808,1.087201244946547e-10,9.062246892749781e-13,7.138156294579147e-13
2809,9.741466624442829e-11,8.919489385036429e-13,7.2234793597581e-13
2810,9.60848208785999e-11,8.910666157194142e-13,7.174715524210594e-13
2811,1.074119807421617e-10,8.955162504811574e-13,7.057454796447385e-13
2812,9.624230270099937e-11,8.814198120060911e-13,7.141827773981716e-13
2813,9.492895014010276e-11,8.805489111992936e-13,7.093619155265484e-13
2814,1.061229287266775e-10,8.849521589913218e-13,6.977684523638472e-13
2815,9.509447702084967e-11,8.710421606710837e-13,7.061110897877634e-13
2816,9.379585809137375e-11,8.701818312160804e-13,7.013450513705477e-13
2817,1.048625254837915e-10,8.745406306790482e-13,6.898825416062951e-13
2818,9.396036246470789e-11,8.608133840390303e-13,6.981321370661348e-13
2819,9.26844198876834e-11,8.59965705419479e-13,6.934202304666404e-13
2820,1.03621472579973e-10,8.642722410300886e-13,6.82087029141555e-13
2821,9.284922424916347e-11,8.507128240125445e-13,6.902442752357934e-13
2822,9.158574760236313e-11,8.498759435280097e-13,6.855854448598576e-13
2823,1.024034062089977e-10,8.541265842729216e-13,6.743804943187845e-13
2824,9.175251855350753e-11,8.407231504743894e-13,6.824463010421429e-13
2825,9.050799920440884e-11,8.398929028826732e-13,6.778405032768296e-13
2826,1.012042177480133e-10,8.440883571854375e-13,6.667618284773993e-13
2827,9.067249167906085e-11,8.308410605445878e-13,6.747371454659177e-13
2828,8.944377015945978e-11,8.300143420864549e-13,6.701835258013363e-13
2829,1.000206423535994e-10,8.341602071990165e-13,6.592299006097621e-13
2830,8.961005474623791e-11,8.21067038830752e-13,6.671158905427165e-13
2831,8.83922371919802e-11,8.202482494427391e-13,6.62613942667896e-13
2832,9.884273960568514e-11,8.243554232118018e-13,6.517844858206122e-13
2833,8.855434304538896e-11,8.114115882102199e-13,6.595818826419743e-13
2834,8.734196458858042e-11,8.106058180067419e-13,6.551311670298693e-13
2835,9.767118658790182e-11,8.146779006736193e-13,6.444239502382652e-13
2836,8.75009679972849e-11,8.018854841296175e-13,6.521342895455581e-13
2837,8.629776077490621e-11,8.010960579410094e-13,6.477341144007696e-13
2838,9.650342822769058e-11,8.051339209491508e-13,6.371477344786601e-13
2839,8.644934551580943e-11,7.924916670638377e-13,6.44771623328852e-13
2840,8.525777201150213e-11,7.91717028257944e-13,6.404213934187133e-13
2841,9.534345815612209e-11,7.957176170963742e-13,6.299548009073814e-13
2842,8.540546526635535e-11,7.832207188368678e-13,6.374933218325703e-13
2843,8.422929336099761e-11,7.824598723685206e-13,6.331924625570086e-13
2844,9.418928973776608e-11,7.864195452090823e-13,6.228440441766589e-13
2845,8.437330370690774e-11,7.740646146176548e-13,6.30297921461488e-13
2846,8.320939900187731e-11,7.733158225094862e-13,6.260458850975058e-13
2847,9.305972162975978e-11,7.772329340071856e-13,6.158145094606501e-13
2848,8.33593934068373e-11,7.65020010910022e-13,6.231851116152524e-13
2849,8.221214639905414e-11,7.64280319495817e-13,6.189812407732117e-13
2850,9.194586657370362e-11,7.681543518884994e-13,6.088652343650272e-13
2851,8.236238645441032e-11,7.56085543515418e-13,6.161536814246971e-13
2852,8.123031546589146e-11,7.553541562255419e-13,6.119972843005805e-13
2853,9.085026939690443e-11,7.59185343686286e-13,6.019954913357321e-13
2854,8.138220273350583e-11,7.472620603977796e-13,6.092024170187106e-13
2855,8.02637898038414e-11,7.465393006688685e-13,6.050933713999149e-13
2856,8.977244788534475e-11,7.503299264957407e-13,5.952040766644727e-13
2857,8.04201167148846e-11,7.38553252310943e-13,6.023305814524513e-13
2858,7.931136505679951e-11,7.378395087291168e-13,5.982681173425338e-13
2859,8.87157900004407e-11,7.41588607218564e-13,5.884903786560801e-13
2860,7.946832629422055e-11,7.299560800339078e-13,5.955376255216305e-13
2861,7.837927530904077e-11,7.292509055670345e-13,5.915213000841743e-13
2862,8.766982841171656e-11,7.329583291090259e-13,5.818533934088229e-13
2863,7.853374007532556e-11,7.214635309266296e-13,5.888216271367607e-13
2864,7.745584871050126e-11,7.207670600218999e-13,5.848507707373924e-13
2865,8.664601063541904e-11,7.244315299828326e-13,5.752921067253645e-13
2866,7.761460940842999e-11,7.130706164685252e-13,5.821824117828121e-13
2867,7.65507424014278e-11,7.123804284722442e-13,5.782565720575357e-13
2868,8.563426180136948e-11,7.160025207677272e-13,5.688054252212016e-13
2869,7.670451731035194e-11,7.04772670719987e-13,5.756185480329852e-13
2870,7.565502916255789e-11,7.040883932053643e-13,5.717375012095566e-13
2871,8.463430981388558e-11,7.076700074218414e-13,5.623929564556637e-13
2872,7.580876243689994e-11,6.965703164879973e-13,5.691298384094721e-13
2873,7.476481161444464e-11,6.958931822049615e-13,5.65292648611913e-13
2874,8.364174665634349e-11,6.99437951403529e-13,5.560534310872623e-13
2875,7.491450319982737e-11,6.884691052791615e-13,5.627148723164354e-13
2876,7.388484986813453e-11,6.877998365988901e-13,5.58921508080984e-13
2877,8.26601774461774e-11,6.913088570032767e-13,5.497864105684539e-13
2878,7.403090776549427e-11,6.804697606704773e-13,5.563730854382221e-13
2879,7.300988015926082e-11,6.798112804428803e-13,5.5262282720488e-13
2880,8.16859365580977e-11,6.832831026735507e-13,5.435908230315893e-13
2881,7.315445947967278e-11,6.725728572000283e-13,5.501041186024885e-13
2882,7.214293161368554e-11,6.719225888958972e-13,5.463961035100176e-13
2883,8.071896159940938e-11,6.753584874397967e-13,5.374656954969337e-13
2884,7.228677088193008e-11,6.647753243388081e-13,5.439061252977344e-13
2885,7.128480171807248e-11,6.641313893935405e-13,5.402402890413024e-13
2886,7.976419172055545e-11,6.675304010424428e-13,5.314108400906764e-13
2887,7.143011944944036e-11,6.57072265384191e-13,5.377793530771343e-13
2888,7.043864421314894e-11,6.564352402169998e-13,5.341549150597811e-13
2889,7.882134463916776e-11,6.597970346485538e-13,5.254245351343355e-13
2890,7.058573582436004e-11,6.494620110320846e-13,5.317220275853982e-13
2891,6.960847025036414e-11,6.488319155566635e-13,5.281385294677296e-13
2892,7.78892133100989e-11,6.52156517967612e-13,5.195063021329728e-13
2893,6.975185419929026e-11,6.419446409650307e-13,5.257337772901036e-13
2894,6.878267722709563e-11,6.413222843369999e-13,5.221908496869644e-13
2895,7.697252454760304e-11,6.446092005058582e-13,5.136562142587161e-13
2896,6.893077637752921e-11,6.345197771733307e-13,5.198138948256819e-13
2897,6.798001741798014e-11,6.33905169018584e-13,5.163110148019973e-13
2898,7.607122905799151e-11,6.371566871340237e-13,5.078724039597769e-13
2899,6.812269497440209e-11,6.271865741575601e-13,5.139614543897714e-13
2900,6.717838744436992e-11,6.265789752811884e-13,5.10498172084994e-13
2901,7.518067582253974e-11,6.297951770062709e-13,5.021545136856322e-13
2902,6.732134782034889e-11,6.199425845287087e-13,5.081756144018821e-13
2903,6.639453334478853e-11,6.193433416665977e-13,5.047515301456446e-13
2904,7.430417218123342e-11,6.225226498177219e-13,4.965013793408465e-13
2905,6.653741453725156e-11,6.127856101552818e-13,5.024554766277844e-13
2906,6.56179277395093e-11,6.121948849605859e-13,4.990703110441337e-13
2907,7.344331154712543e-11,6.153391603790773e-13,4.909133529709362e-13
2908,6.576337882425266e-11,6.057137187452253e-13,4.96800382685203e-13
2909,6.48510810168373e-11,6.051308876768294e-13,4.934535267184156e-13
2910,7.258884254546597e-11,6.082396113309114e-13,4.853885577904654e-13
2911,6.500133795646703e-11,5.987247165758373e-13,4.912101665682496e-13
2912,6.409574860256249e-11,5.981481935521963e-13,4.879010758771468e-13
2913,7.174454355443375e-11,6.012235297468686e-13,4.799264232441419e-13
2914,6.424063765031058e-11,5.918183262156689e-13,4.856826883274901e-13
2915,6.334900563813548e-11,5.912478882133702e-13,4.824112374612165e-13
2916,7.090813646403873e-11,5.942894982064716e-13,4.745264552783788e-13
2917,6.349327696031162e-11,5.849932848661058e-13,4.802188772976856e-13
2918,6.260800358494371e-11,5.844294652817942e-13,4.769844951300564e-13
2919,7.008152744341561e-11,5.874385047095107e-13,4.691879849961032e-13
2920,6.274946104698157e-11,5.782510753365374e-13,4.748163413402014e-13
2921,6.187149954981597e-11,5.776935756405296e-13,4.716188470743784e-13
2922,6.926304162807245e-11,5.806704819689585e-13,4.639104130831946e-13
2923,6.201481827859582e-11,5.715893137607218e-13,4.694760699764327e-13
2924,6.11471165437201e-11,5.710391672108908e-13,4.663147732918998e-13
2925,6.84510079977081e-11,5.739844086767291e-13,4.586925077363814e-13
2926,6.129197151613858e-11,5.650087218350644e-13,4.641961489752337e-13
2927,6.043145911187936e-11,5.644654393808413e-13,4.610704583146365e-13
2928,6.76506794632855e-11,5.67378314107099e-13,4.535342317264138e-13
2929,6.057117711991046e-11,5.585077811755487e-13,4.589764315892387e-13
2930,5.972250219741304e-11,5.579702029102089e-13,4.558861640432126e-13
2931,6.685990524659211e-11,5.608518866951298e-13,4.484343313900205e-13
2932,5.986456109544229e-11,5.520845807552437e-13,4.538160772059272e-13
2933,5.90238621398271e-11,5.515539592421407e-13,4.507607206956455e-13
2934,6.608193793167956e-11,5.544045235839191e-13,4.433927012497976e-13
2935,5.91648276617273e-11,5.457386199802242e-13,4.48714131010258e-13
2936,5.833050293004788e-11,5.452147981957768e-13,4.456933937383858e-13
2937,6.531154721802472e-11,5.48034330486251e-13,4.384082913157245e-13
2938,5.847376180989561e-11,5.394690273609571e-13,4.436704457986099e-13
2939,5.765493002552685e-11,5.38951891208964e-13,4.406839728287499e-13
2940,6.455276967302236e-11,5.417404715605789e-13,4.334804180950632e-13
2941,5.779225482651377e-11,5.332750417201632e-13,4.386840165064577e-13
2942,5.698024654771291e-11,5.327660262826775e-13,4.357311097236845e-13
2943,6.380148399517492e-11,5.355238301412562e-13,4.2860865935005e-13
2944,5.712565809559226e-11,5.271551815612388e-13,4.337540239774134e-13
2945,5.632017999498606e-11,5.266536836354608e-13,4.308346487607079e-13
2946,6.306420460943268e-11,5.293808759727963e-13,4.237919845501145e-13
2947,5.645806975799136e-11,5.211077855594741e-13,4.288801934609718e-13
2948,5.5663745897587e-11,5.20613204695659e-13,4.259937949893536e-13
2949,6.233438750410142e-11,5.233096385314632e-13,4.190302174487356e-13
2950,5.580597955906233e-11,5.151327036256093e-13,4.24061765735084e-13
2951,5.501806087245475e-11,5.146443686194646e-13,4.21207900921248e-13
2952,6.16079064621534e-11,5.173109497359401e-13,4.143223616315645e-13
2953,5.515925607746084e-11,5.09228806025036e-13,4.192979015835883e-13
2954,5.437594470262892e-11,5.087461357002817e-13,4.164760720069753e-13
2955,6.089814608595475e-11,5.113823367778523e-13,4.096682227495875e-13
2956,5.451905042120643e-11,5.033942889816472e-13,4.145882489793307e-13
2957,5.374998080471554e-11,5.029163977453917e-13,4.117984808465776e-13
2958,6.019226541488582e-11,5.055245873966127e-13,4.050666948897936e-13
2959,5.389033574152382e-11,4.976290933293448e-13,4.099320114713725e-13
2960,5.312648682358917e-11,4.971570568970325e-13,4.0717359270732e-13
2961,5.94994405393348e-11,4.997364928331318e-13,4.005174252330663e-13
2962,5.326182395991564e-11,4.919338891119158e-13,4.053285297473084e-13
2963,5.251215965828296e-11,4.914661626816576e-13,4.026012356632651e-13
2964,5.881237131107875e-11,4.940177090977733e-13,3.960200004406172e-13
2965,5.264428165109185e-11,4.863056409152473e-13,4.00777305229398e-13
2966,5.190303135097308e-11,4.858425072171205e-13,3.980806384995687e-13
2967,5.812670337149698e-11,4.883660638041227e-13,3.915731714769858e-13
2968,5.203529401700765e-11,4.807444712026352e-13,3.962776627994709e-13
2969,5.129601224939851e-11,4.80285103642316e-13,3.936117104133191e-13
2970,5.74534449533947e-11,4.827813947298675e-13,3.871769327492755e-13
2971,5.142975815615351e-11,4.752493304721077e-13,3.9182914189098e-13
2972,5.070396755215081e-11,4.747947840881321e-13,3.891931275998295e-13
2973,5.678888400113196e-11,4.772636406293327e-13,3.82830755381919e-13
2974,5.083638400877542e-11,4.698200263953224e-13,3.874312037705692e-13
2975,5.011668786431303e-11,4.693704044514825e-13,3.848246805613001e-13
2976,5.613273854710085e-11,4.718115300031259e-13,3.785336095214847e-13
2977,5.024613928496643e-11,4.644554897774215e-13,3.830827593864497e-13
2978,4.953507834867247e-11,4.640106187827238e-13,3.805057198776578e-13
2979,5.548260248514077e-11,4.664245342442289e-13,3.742853075628997e-13
2980,4.966449173959371e-11,4.591542295102926e-13,3.787838971796396e-13
2981,4.896076320946066e-11,4.587145410513786e-13,3.762359072945522e-13
2982,5.484533025301862e-11,4.611007600912742e-13,3.700854909758956e-13
2983,4.909192432925219e-11,4.539153723133278e-13,3.7453376146248e-13
2984,4.839601345572998e-11,4.534801609814802e-13,3.720144473456536e-13
2985,5.420813354769744e-11,4.55839594201317e-13,3.659330424732662e-13
2986,4.852006130631423e-11,4.48737129427691e-13,3.703318563369669e-13
2987,5.009681054163357e-11,4.483071918331559e-13,3.678406663080998e-13
2988,4.863863945800857e-11,4.441864696284273e-13,3.692054358483609e-13
2989,4.91716393707605e-11,4.446082163845581e-13,3.656355632936364e-13
2990,4.845800728366947e-11,4.408936742577092e-13,3.663411701483764e-13
2991,4.841906644172695e-11,4.413239547103455e-13,3.627192201316227e-13
2992,4.822284103821139e-11,4.376272769504465e-13,3.634716341924399e-13
2993,4.816513589710134e-11,4.378365739618835e-13,3.601941724349223e-13
2994,5.198068726494961e-11,4.407692006076553e-13,3.534133488974176e-13
2995,4.716796724223841e-11,4.338010730361131e-13,3.578275868516642e-13
2996,4.670960161663707e-11,4.331468975389824e-13,3.557148506990299e-13
2997,5.16381110988718e-11,4.354721865328388e-13,3.499463418011895e-13
2998,4.641693068233228e-11,4.286572349437733e-13,3.541502863916277e-13
2999,4.769094554542239e-11,4.282366599361695e-13,3.517545821048121e-13
3000,4.650055918034317e-11,4.24295004356976e-13,3.530378562994786e-13
3001,4.688813143721483e-11,4.247056875766454e-13,3.496085224432362e-13
3002,4.631016570844322e-11,4.211631225686948e-13,3.502774129546198e-13
3003,4.621370238757002e-11,4.215802074858223e-13,3.468141070517219e-13
3004,4.607405967935559e-11,4.180478644003713e-13,3.475364451683243e-13
3005,4.601990594004083e-11,4.182492787222388e-13,3.444058672997338e-13
3006,4.963265991177644e-11,4.210598118183624e-13,3.379249458001266e-13
3007,4.504491195907016e-11,4.144014590239344e-13,3.421456984660058e-13
3008,4.4600426516598e-11,4.137811023580904e-13,3.401242879720113e-13
3009,4.930186496524725e-11,4.160121225053618e-13,3.346050954774797e-13
3010,4.431229949917779e-11,4.095056134384053e-13,3.386237218759842e-13
3011,4.55341648917989e-11,4.091081540449949e-13,3.363330761633666e-13
3012,4.439976331023596e-11,4.053443243822166e-13,3.375608725415644e-13
3013,4.476215234115799e-11,4.057394592793382e-13,3.342822175958091e-13
3014,4.421516058093657e-11,4.023579067231817e-13,3.34921962843725e-13
3015,4.412334087759207e-11,4.027576688643081e-13,3.31609789735493e-13
3016,4.39931236411904e-11,3.993862710770962e-13,3.32300544982523e-13
3017,4.355558977060697e-11,3.995796689106997e-13,3.293070471951475e-13
3018,4.375781118257092e-11,3.963542726174763e-13,3.298967994642671e-13
3019,4.331369744708055e-11,3.96778815710203e-13,3.2665110239673e-13
3020,4.339753333940069e-11,3.934310849477223e-13,3.273674839193266e-13
3021,4.281592465052721e-11,3.935842371905749e-13,3.244540295012925e-13
3022,4.313534697212509e-11,3.903765639012698e-13,3.250588347979492e-13
3023,4.260807580168289e-11,3.907819800980234e-13,3.218674486130016e-13
3024,4.276761043336308e-11,3.874857283571046e-13,3.225669750136007e-13
3025,4.214942190260918e-11,3.87645471068048e-13,3.196846890086038e-13
3026,4.249947384614755e-11,3.844953970714523e-13,3.202698523605857e-13
3027,4.195680829780901e-11,3.849021197760832e-13,3.171196489508265e-13
3028,4.213106240274131e-11,3.816572270754301e-13,3.178082607824408e-13
3029,4.151037200762999e-11,3.818151997649076e-13,3.14970344203628e-13
3030,4.186530324267141e-11,3.787097510902882e-13,3.155499379183283e-13
3031,4.132925748129646e-11,3.791100148660521e-13,3.124480594756218e-13
3032,4.150341530655014e-11,3.759124594428037e-13,3.131266883312514e-13
3033,4.088457907156019e-11,3.760683860722063e-13,3.103301917480525e-13
3034,4.123710197100323e-11,3.730099190135745e-13,3.108999347228803e-13
3035,4.07036113405916e-11,3.734048520905808e-13,3.078422466709068e-13
3036,4.087556385975012e-11,3.702568965142961e-13,3.085105418213438e-13
3037,4.02664267443453e-11,3.704108357586602e-13,3.057550730065923e-13
3038,4.060984258526217e-11,3.673996376403849e-13,3.063166365907064e-13
3039,4.008791475640967e-11,3.677903476994164e-13,3.033042265524764e-13
3040,4.025543132314388e-11,3.646899624782694e-13,3.039628824636551e-13
3041,3.965340978263494e-11,3.648445516771898e-13,3.012478594394157e-13
3042,3.999641514175498e-11,3.618780941457613e-13,3.018006757104934e-13
3043,3.947724536512846e-11,3.622654972338771e-13,2.988329305926437e-13
3044,3.964164564762227e-11,3.592099412723921e-13,2.99481639480547e-13
3045,3.905409434560897e-11,3.593641031666892e-13,2.968065119236487e-13
3046,3.939032043652123e-11,3.564401227441088e-13,2.973516059867781e-13
3047,3.887827805979881e-11,3.568230212568573e-13,2.944272430958158e-13
3048,3.904626033490134e-11,3.538123813548709e-13,2.950660586043636e-13
3049,3.845650246749492e-11,3.53965292976604e-13,2.924304415346667e-13
3050,3.879219578484238e-11,3.510848130389733e-13,2.929674487996252e-13
3051,3.829005685072558e-11,3.514642776317204e-13,2.900864831103797e-13
3052,3.845286406047113e-11,3.484982946971187e-13,2.907157473768857e-13
3053,3.787780543997692e-11,3.486518578270809e-13,2.881192734341237e-13
3054,3.820360905872821e-11,3.458142329696447e-13,2.886478909437084e-13
3055,3.770947273743087e-11,3.461901312358787e-13,2.858091407321098e-13
3056,3.787266416106103e-11,3.432683709834897e-13,2.864297924078904e-13
3057,3.730539986412964e-11,3.434203196777307e-13,2.838710442777062e-13
3058,3.762746649078712e-11,3.406255999869215e-13,2.843922451751869e-13
3059,3.714061072615486e-11,3.409959510279004e-13,2.815955458175674e-13
3060,3.730199144461049e-11,3.381189264095734e-13,2.822067966325077e-13
3061,3.67438253211912e-11,3.382694778389586e-13,2.796860347452586e-13
3062,3.70589527167758e-11,3.355176268048336e-13,2.801996202744936e-13
3063,3.657800491046752e-11,3.358834041736045e-13,2.774439879069806e-13
3064,3.673744328117818e-11,3.330503105441424e-13,2.780463624692016e-13
3065,3.618532129735601e-11,3.331987451523799e-13,2.755626570759928e-13
3066,3.650166358253233e-11,3.304883992018065e-13,2.760685741291317e-13
3067,3.602597679031575e-11,3.30849511841057e-13,2.733536972489937e-13
3068,3.618172592867222e-11,3.280586298679342e-13,2.739473345446136e-13
3069,3.564044898523284e-11,3.282057403331217e-13,2.715004416849211e-13
3070,3.594847131391833e-11,3.255355548525291e-13,2.71999138402485e-13
3071,3.548374058391463e-11,3.258921289644636e-13,2.69323956035061e-13
3072,3.563728963504902e-11,3.231432444146672e-13,2.699087267111116e-13
3073,3.510500247705125e-11,3.232890069199839e-13,2.674979363944136e-13
3074,3.540874841007136e-11,3.206593748089115e-13,2.679893521531672e-13
3075,3.494744679651902e-11,3.210119792750936e-13,2.653539431854972e-13
3076,3.510207484122152e-11,3.183039321928679e-13,2.659300116158198e-13
3077,3.457537351170346e-11,3.1844957505458e-13,2.635547916591215e-13
3078,3.487848078347044e-11,3.158584347495626e-13,2.640389778189226e-13
3079,3.442471281995593e-11,3.162075138176235e-13,2.614424000328966e-13
3080,3.457574086921387e-11,3.135396995146127e-13,2.620098855705016e-13
3081,3.405529047189332e-11,3.136835043327946e-13,2.596700918634474e-13
3082,3.435536435618936e-11,3.111316605579559e-13,2.601468399287081e-13
3083,3.390794702940501e-11,3.114754170119076e-13,2.57588742805096e-13
3084,3.40589246317024e-11,3.088481323741545e-13,2.581482435424507e-13
3085,3.354846343102611e-11,3.089904745870003e-13,2.558428189614361e-13
3086,3.383797500805216e-11,3.064767874632649e-13,2.563127229722299e-13
3087,3.339908160615928e-11,3.068163160888592e-13,2.537922501440882e-13
3088,3.354547755823091e-11,3.04229054787058e-13,2.543435435232112e-13
3089,3.304454545140855e-11,3.043691845112061e-13,2.520718611662201e-13
3090,3.333421445163224e-11,3.018939974797045e-13,2.525350815410783e-13
3091,3.289642652770331e-11,3.02229058507226e-13,2.500520495264221e-13
3092,3.303956563100584e-11,2.996805338345355e-13,2.505949288893113e-13
3093,3.254570213109249e-11,2.998195814901144e-13,2.483568188854921e-13
3094,3.28297874126578e-11,2.973815624625194e-13,2.488131537982396e-13
3095,3.240480467059592e-11,2.977119681010622e-13,2.463666727458129e-13
3096,3.254469971344335e-11,2.952016529448244e-13,2.469021848417171e-13
3097,3.205493484470484e-11,2.953392555815872e-13,2.446970061038256e-13
3098,3.23335160408228e-11,2.929379217217469e-13,2.451467586553009e-13
3099,3.191501179389283e-11,2.932638118036272e-13,2.427364948004806e-13
3100,3.205542435975812e-11,2.907917545478389e-13,2.432637883916537e-13
3101,3.157110187722805e-11,2.909272553270626e-13,2.41091419768533e-13
3102,3.185212682261408e-11,2.88562737294179e-13,2.415346328590954e-13
3103,3.143643580887004e-11,2.888835323642318e-13,2.391597076588294e-13
3104,3.157512558739746e-11,2.864491622270632e-13,2.396791849842082e-13
3105,3.110183849906633e-11,2.865823935217831e-13,2.375389434605552e-13
3106,3.137233321453637e-11,2.842542056856037e-13,2.379756313446692e-13
3107,3.096679177226638e-11,2.845697339088172e-13,2.356358853939306e-13
3108,3.109822084366873e-11,2.821735082211275e-13,2.36147586787283e-13
3109,3.063124932727979e-11,2.823042698699349e-13,2.340388683015694e-13
3110,3.09030923530346e-11,2.800120241607504e-13,2.344692580701532e-13
3111,3.049606605818413e-11,2.803226904287934e-13,2.321641112337573e-13
3112,3.063296336509645e-11,2.779630417579409e-13,2.326685823930934e-13
3113,3.017189745650381e-11,2.780920803274206e-13,2.305908266408416e-13
3114,3.04380562679556e-11,2.758344553518356e-13,2.310150957720951e-13
3115,3.004141120377031e-11,2.761409853516952e-13,2.287437544633302e-13
3116,3.017422661963362e-11,2.738169787030536e-13,2.292411032155471e-13
3117,2.971648986948049e-11,2.739440319780563e-13,2.271940772166834e-13
3118,2.998403831691123e-11,2.717207825208281e-13,2.27611880567302e-13
3119,2.959081228698392e-11,2.720226509411902e-13,2.253743272582802e-13
3120,2.972120073925886e-11,2.697341427400782e-13,2.258641379968156e-13
3121,2.927147983447576e-11,2.698589348768672e-13,2.238473586943709e-13
3122,2.953368026495128e-11,2.676694955593029e-13,2.242590837212996e-13
3123,2.914300129787415e-11,2.679674503810497e-13,2.220545151567814e-13
3124,2.927520368805595e-11,2.657130215047673e-13,2.225371037531214e-13
3125,2.883551231937937e-11,2.658369115698231e-13,2.205499117990066e-13
3126,2.909243419834585e-11,2.636803908209955e-13,2.209560285040354e-13
3127,2.871236964056325e-11,2.639740360865213e-13,2.187838760287465e-13
3128,2.884551667024387e-11,2.617535894977921e-13,2.192596496392886e-13
3129,2.840436552842973e-11,2.618760186973391e-13,2.173019373882429e-13
3130,2.865858995056334e-11,2.597517162012972e-13,2.177017541525382e-13
3131,2.828186301478217e-11,2.600415911957741e-13,2.155614643240331e-13
3132,2.841344647099353e-11,2.578544457659556e-13,2.160303611003348e-13
3133,2.798151656325723e-11,2.579750052706618e-13,2.141015325500431e-13
3134,2.823026738095142e-11,2.558830432470107e-13,2.144956430965795e-13
3135,2.786077754553671e-11,2.561683271956501e-13,2.123869843563931e-13
3136,2.798796218356557e-11,2.540146702787209e-13,2.12849004563648e-13
3137,2.756249552238422e-11,2.541331189737584e-13,2.109482700279313e-13
3138,2.780923627705658e-11,2.520726513974772e-13,2.113368189918664e-13
3139,2.744535909474682e-11,2.523533659638718e-13,2.09259327541913e-13
3140,2.75712127512719e-11,2.502326394012616e-13,2.097145578294457e-13
3141,2.715398654719294e-11,2.503495065675904e-13,2.078422309168218e-13
3142,2.739286977466911e-11,2.483205985866049e-13,2.082249421835962e-13
3143,2.703287563148872e-11,2.48597464362345e-13,2.061778856690825e-13
3144,2.71556958458978e-11,2.465082944051997e-13,2.066267919309084e-13
3145,2.67441565805089e-11,2.466236401082913e-13,2.047819582169538e-13
3146,2.69818938021589e-11,2.446253722167089e-13,2.051590446956189e-13
3147,2.663022813847148e-11,2.448984294977031e-13,2.031423415107667e-13
3148,2.675208815276439e-11,2.428409755651151e-13,2.035845115844566e-13
3149,2.634455336182828e-11,2.429544466060116e-13,2.017667248171817e-13
3150,2.65817491815712e-11,2.40986442935017e-13,2.021386208018768e-13
3151,2.623072923849702e-11,2.412552109777582e-13,2.001516844493544e-13
3152,2.635156548682282e-11,2.392290953558902e-13,2.005872400408598e-13
3153,2.595348382662057e-11,2.393410048250205e-13,1.987963952295838e-13
3154,2.618283846017905e-11,2.3740286995384e-13,1.991626210796082e-13
3155,2.584079359541184e-11,2.376673590271154e-13,1.97204973127333e-13
3156,2.595792771074601e-11,2.356723494484279e-13,1.976343255032308e-13
3157,2.556585871639677e-11,2.357819699226023e-13,1.958697095549948e-13
3158,2.579856007055147e-11,2.338735837189096e-13,1.962308006271569e-13
3159,2.545389478700095e-11,2.341342935913602e-13,1.943021233125467e-13
3160,2.557036906719862e-11,2.321697042022126e-13,1.947250590169172e-13
3161,2.518409398894899e-11,2.322775185119786e-13,1.92986975263354e-13
3162,2.540749102149146e-11,2.303986025514156e-13,1.933422669261463e-13
3163,2.507542482290956e-11,2.306551079066692e-13,1.914422553491821e-13
3164,2.518773355329998e-11,2.287203532967591e-13,1.918590633787757e-13
3165,2.480911075084181e-11,2.288266763304577e-13,1.901460382160868e-13
3166,2.502829461135167e-11,2.269756401753208e-13,1.904965218378495e-13
3167,2.469888892105599e-11,2.27228740069006e-13,1.886242307326272e-13
3168,2.481729841820794e-11,2.253231943836918e-13,1.890350759540913e-13
3169,2.443744728507018e-11,2.254279960845164e-13,1.873474524736855e-13
3170,2.465738115383385e-11,2.23604827734341e-13,1.876930683870967e-13
3171,2.433376957779353e-11,2.238541499159376e-13,1.858483621116852e-13
3172,2.444443359846473e-11,2.219771197413871e-13,1.862529442228334e-13
3173,2.407189334103601e-11,2.220806136871158e-13,1.845904297745741e-13
3174,2.429054630341597e-11,2.202851625697192e-13,1.849308304598999e-13
3175,2.397246053794462e-11,2.205304981345905e-13,1.831130225269974e-13
3176,2.408172075464729e-11,2.186818090783556e-13,1.835120062864598e-13
3177,2.371660687525534e-11,2.187839489624101e-13,1.818739999920388e-13
3178,2.393083452184147e-11,2.170152697139688e-13,1.822092811789986e-13
3179,2.361259603038322e-11,2.172574053460464e-13,1.804188813247115e-13
3180,2.372322463749257e-11,2.154361748749669e-13,1.808117741308103e-13
3181,2.336475161707838e-11,2.155373468375915e-13,1.791977587889652e-13
3182,2.357096196146774e-11,2.137949148607775e-13,1.795281317557156e-13
3183,2.326251833296213e-11,2.140335522700695e-13,1.777639112073541e-13
3184,2.33707139498003e-11,2.122393094658864e-13,1.781511504902401e-13
3185,2.301480324389923e-11,2.123390832546122e-13,1.765608871568821e-13
3186,2.322248089432792e-11,2.106228527227815e-13,1.768870373043046e-13
3187,2.291697328152218e-11,2.108581621833516e-13,1.751487641242995e-13
3188,2.302405255722428e-11,2.090910891970571e-13,1.755303573166394e-13
3189,2.267336138270992e-11,2.091894013095145e-13,1.739633705460427e-13
3190,2.287414119754023e-11,2.074988299498824e-13,1.742843965186393e-13
3191,2.257269478681394e-11,2.077312364146249e-13,1.725717481668938e-13
3192,2.268009634248314e-11,2.059902264948607e-13,1.729476603143576e-13
3193,2.2331746277998e-11,2.060870350077788e-13,1.714039606069367e-13
3194,2.2536584124664e-11,2.044217001903878e-13,1.717206519110548e-13
3195,2.223892283741975e-11,2.046505089129434e-13,1.700330796579161e-13
3196,2.234534487609864e-11,2.029354840365313e-13,1.704034779689512e-13
3197,2.200188163156174e-11,2.030315056016825e-13,1.688826573036312e-13
3198,2.220304922845455e-11,2.013908127289576e-13,1.691944423074285e-13
3199,2.190997052001843e-11,2.016166389442876e-13,1.675319570718453e-13
3200,2.200889396730555e-11,1.999271001896903e-13,1.67896877563237e-13
3201,2.1674792688044e-11,2.000218253047169e-13,1.66398457069022e-13
3202,2.187169839962717e-11,1.984055674674116e-13,1.667056060463326e-13
3203,2.158458437525197e-11,1.986279813181743e-13,1.650678053675173e-13
3204,2.168503457900459e-11,1.969640867012571e-13,1.654275985577357e-13
3205,2.13541542636871e-11,1.970572514254384e-13,1.639512148520076e-13
3206,2.15475909581962e-11,1.954648102017817e-13,1.642536572099626e-13
3207,2.126372256884968e-11,1.956845966115438e-13,1.626398179155087e-13
3208,2.136180758238695e-11,1.940452210215564e-13,1.629943704709883e-13
3209,2.103713982391338e-11,1.941376556532583e-13,1.615396432191567e-13
3210,2.122762976760612e-11,1.92568883344084e-13,1.61837945489559e-13
3211,2.094781191083475e-11,1.927855586529684e-13,1.602477407429327e-13
3212,2.104472410849413e-11,1.911704023440306e-13,1.605972104487662e-13
3213,2.072315487117599e-11,1.912615746322732e-13,1.591642824093801e-13
3214,2.091332357196655e-11,1.89715696790005e-13,1.594580306205429e-13
3215,2.063613541452034e-11,1.899299893431812e-13,1.578914044862669e-13
3216,2.072939675681553e-11,1.883384344583331e-13,1.582356663359555e-13
3217,2.041527019928315e-11,1.884290838266687e-13,1.568236412882578e-13
3218,2.060197198968857e-11,1.86905957237528e-13,1.571131737958716e-13
3219,2.032888220134085e-11,1.871173961056769e-13,1.55569471983652e-13
3220,2.04223209838651e-11,1.855496085118093e-13,1.559088354257277e-13
3221,2.011356946356479e-11,1.856387752189247e-13,1.545173763580309e-13
3222,2.029678342074069e-11,1.841384697959575e-13,1.54802748822248e-13
3223,2.002707763782029e-11,1.843465922611162e-13,1.532822546966226e-13
3224,2.011960821945832e-11,1.82802201278634e-13,1.5361641693009e-13
3225,1.981553934603553e-11,1.828904831451295e-13,1.522456241137773e-13
3226,1.993973418237345e-11,1.814910418578824e-13,1.524404121234176e-13
3227,1.967934916828365e-11,1.815527474981899e-13,1.510987743071469e-13
3228,1.984984554176594e-11,1.800611645105436e-13,1.514047033949679e-13
3229,1.957697544789998e-11,1.802499658354906e-13,1.499329601182506e-13
3230,1.968094915926135e-11,1.787400763321147e-13,1.50259631422023e-13
3231,1.937266474078097e-11,1.788335780339346e-13,1.489108926746657e-13
3232,1.950447999586832e-11,1.774725420871326e-13,1.49093824510193e-13
3233,1.924626919659235e-11,1.775397536694576e-13,1.47775788539189e-13
3234,1.941577627590665e-11,1.760842490236319e-13,1.480728534173675e-13
3235,1.9146799350491e-11,1.762689682211729e-13,1.466346121743966e-13
3236,1.924856372059213e-11,1.747909567763094e-13,1.469560031266984e-13
3237,1.894467601586871e-11,1.748804732321562e-13,1.456392638387133e-13
3238,1.906824022720479e-11,1.735485684995615e-13,1.458194355987603e-13
3239,1.881896987417682e-11,1.736131376020176e-13,1.445307213324887e-13
3240,1.898138450599887e-11,1.721905654274113e-13,1.448209928944393e-13
3241,1.872274938829788e-11,1.723712034902593e-13,1.434136761619473e-13
3242,1.881827219958278e-11,1.709273398046752e-13,1.437276276852596e-13
3243,1.852460175399306e-11,1.710149183982451e-13,1.424398576352713e-13
3244,1.86466962926224e-11,1.697134331213262e-13,1.426159999543338e-13
3245,1.840306227788315e-11,1.697763650624601e-13,1.413553993469135e-13
3246,1.856235132237674e-11,1.683856024802451e-13,1.416396924047562e-13
3247,1.830688295181704e-11,1.685622708990675e-13,1.402635440790259e-13
3248,1.840378745186201e-11,1.671503105058221e-13,1.405707269715635e-13
3249,1.81189296260895e-11,1.672360521785306e-13,1.393111164555557e-13
3250,1.82344890584005e-11,1.659635093961687e-13,1.394831090341504e-13
3251,1.799447127495796e-11,1.660251872678287e-13,1.382507278481167e-13
3252,1.815339092534104e-11,1.646651331132941e-13,1.385290708915241e-13
3253,1.79064907974293e-11,1.648379551244733e-13,1.371827069259445e-13
3254,1.799604650963444e-11,1.634578414676406e-13,1.374831734180026e-13
3255,1.771573981728801e-11,1.635412707063833e-13,1.362511261927435e-13
3256,1.782805801343642e-11,1.622970265764275e-13,1.364197082993418e-13
3257,1.759531610983009e-11,1.623575176407303e-13,1.352141449135998e-13
3258,1.775064250025724e-11,1.610276968563303e-13,1.354861179448422e-13
3259,1.750658235172526e-11,1.611970471771737e-13,1.34169883080324e-13
3260,1.759757829868054e-11,1.598472223275678e-13,1.344638762664331e-13
3261,1.73228878441805e-11,1.599291388043271e-13,1.33259234456832e-13
3262,1.743820847442148e-11,1.587124990695774e-13,1.334240747694607e-13
3263,1.720765080693884e-11,1.587716133119277e-13,1.322449881139705e-13
3264,1.735811574265818e-11,1.57471399583608e-13,1.325109947624457e-13
3265,1.712009011897609e-11,1.576369275513652e-13,1.312236080952835e-13
3266,1.720676244243356e-11,1.56316919153647e-13,1.315111749287609e-13
3267,1.694395399771706e-11,1.56397323085325e-13,1.303329312903186e-13
3268,1.705260609287742e-11,1.552078385593256e-13,1.304943384008306e-13
3269,1.683044242189646e-11,1.552656777505958e-13,1.293411501985325e-13
3270,1.697415693212366e-11,1.539946943281224e-13,1.296011203010029e-13
3271,1.674320096165092e-11,1.541561322522911e-13,1.283422639359776e-13
3272,1.682742049973663e-11,1.528661729457792e-13,1.286236835728952e-13
3273,1.656462935093233e-11,1.529444810552461e-13,1.274709911010301e-13
3274,1.667370019644563e-11,1.517817191450222e-13,1.27629041751568e-13
3275,1.645626623514473e-11,1.518382013221356e-13,1.265014370878846e-13
3276,1.660345772987997e-11,1.505954928113773e-13,1.267556081124953e-13
3277,1.637220406390872e-11,1.507533738080607e-13,1.255245148749672e-13
3278,1.646085760388041e-11,1.494921519371021e-13,1.257996057834027e-13
3279,1.619933719207987e-11,1.49568397893848e-13,1.24672696480118e-13
3280,1.630979702714829e-11,1.484322392009994e-13,1.248270253565214e-13
3281,1.609167575210921e-11,1.484871115120584e-13,1.237239691470199e-13
3282,1.623539516287423e-11,1.472720234336405e-13,1.239731951157336e-13
3283,1.601169525771201e-11,1.474262845138014e-13,1.227687426758565e-13
3284,1.609453800557039e-11,1.461933352468427e-13,1.230381340642105e-13
3285,1.584356850111145e-11,1.462678545178642e-13,1.219359709681906e-13
3286,1.595038721390915e-11,1.451569808685652e-13,1.22086835157626e-13
3287,1.573739750639603e-11,1.452106422559509e-13,1.210080541044103e-13
3288,1.587873526671874e-11,1.440228277515034e-13,1.212515892865692e-13
3289,1.565918709164273e-11,1.441737493425821e-13,1.200739072524e-13
3290,1.573763992089366e-11,1.429680596635211e-13,1.203371755797289e-13
3291,1.549018210286108e-11,1.43041175506445e-13,1.192589356292111e-13
3292,1.560052239331546e-11,1.419545596776063e-13,1.194067263847579e-13
3293,1.53911250736317e-11,1.420069065936334e-13,1.183519804081682e-13
3294,1.552594990202015e-11,1.4084609554236e-13,1.185902018916479e-13
3295,1.531318898524243e-11,1.40993469321384e-13,1.174381688025259e-13
3296,1.539539459234298e-11,1.398149549123604e-13,1.176959089261628e-13
3297,1.515162758589159e-11,1.398857738895059e-13,1.166415342425237e-13
3298,1.525276370422403e-11,1.388241037763255e-13,1.167861518111122e-13
3299,1.505159753647177e-11,1.388749666528092e-13,1.157542540716537e-13
3300,1.518535795421827e-11,1.377399614068621e-13,1.159874711412824e-13
3301,1.49745977133239e-11,1.378840128598528e-13,1.148606845672978e-13
3302,1.505743702721697e-11,1.367315474312095e-13,1.151125514559028e-13
3303,1.481827208972381e-11,1.368010307238652e-13,1.140814222352566e-13
3304,1.491900380129616e-11,1.357626391141903e-13,1.142228324130995e-13
3305,1.47213675107684e-11,1.358129342117834e-13,1.132140891698724e-13
3306,1.484793650979318e-11,1.347027397996577e-13,1.134418726408467e-13
3307,1.464431339911383e-11,1.348436580172158e-13,1.123401622430385e-13
3308,1.472408736822856e-11,1.337171366851414e-13,1.125865900510939e-13
3309,1.449313931789669e-11,1.337847660161213e-13,1.115779390021657e-13
3310,1.458796250490444e-11,1.327697015979684e-13,1.117162825165032e-13
3311,1.43957725223571e-11,1.328186757092828e-13,1.107297021774245e-13
3312,1.452329627225999e-11,1.31733312169451e-13,1.109523405931318e-13
3313,1.432511253357806e-11,1.318712486259645e-13,1.098750046893291e-13
3314,1.439781260639551e-11,1.307697570057881e-13,1.101159318143812e-13
3315,1.417266556071054e-11,1.308360546449727e-13,1.091298207825075e-13
3316,1.427227814269496e-11,1.298433699114669e-13,1.092650956242436e-13
3317,1.407870027274674e-11,1.298910019245486e-13,1.082998158202255e-13
3318,1.420346168226465e-11,1.288300344950288e-13,1.085180000634321e-13
3319,1.400905109831763e-11,1.289642858041342e-13,1.074641500131999e-13
3320,1.408402096630038e-11,1.278877395034272e-13,1.076999089028832e-13
3321,1.38564231009022e-11,1.279525819464141e-13,1.067354829919243e-13
3322,1.395357056500023e-11,1.269818771480715e-13,1.068675074666775e-13
3323,1.376691707947342e-11,1.270284847462644e-13,1.05923640738937e-13
3324,1.389246656261358e-11,1.25991211220554e-13,1.061371705216855e-13
3325,1.369998217771085e-11,1.261225879271033e-13,1.051065759035689e-13
3326,1.377069573501548e-11,1.250700578176069e-13,1.053372029165855e-13
3327,1.3552770364654e-11,1.251328441209039e-13,1.043938202760884e-13
3328,1.364722615233804e-11,1.241843898821282e-13,1.045232025750376e-13
3329,1.346468948565559e-11,1.242294173633982e-13,1.036000662406382e-13
3330,1.358625481372042e-11,1.232155380848132e-13,1.038087360379966e-13
3331,1.339982849125149e-11,1.233439437995321e-13,1.028005964975375e-13
3332,1.34711062116353e-11,1.223150995052919e-13,1.030262475155546e-13
3333,1.325829376471146e-11,1.223765680607137e-13,1.021036151812322e-13
3334,1.334876601142568e-11,1.214489547305487e-13,1.022301348476066e-13
3335,1.316889629218731e-11,1.214930719889403e-13,1.01327441500306e-13
3336,1.328637424264472e-11,1.205022405884861e-13,1.015316292470868e-13
3337,1.310614519130548e-11,1.206276804096118e-13,1.005456451511151e-13
3338,1.317153619705787e-11,1.196216655014923e-13,1.007662368443857e-13
3339,1.296558876701726e-11,1.196815698520973e-13,9.986390636395134e-14
3340,1.305589684328809e-11,1.187746003237678e-13,9.99876346785636e-14
3341,1.287789805703156e-11,1.188181126952273e-13,9.9104884919941e-14
3342,1.299881844599355e-11,1.178484877409631e-13,9.930430701249734e-14
3343,1.281719013368578e-11,1.179713943527636e-13,9.834031582749194e-14
3344,1.288665601883397e-11,1.169875245891347e-13,9.855595128474153e-14
3345,1.267787167979952e-11,1.170464235527699e-13,9.767366480295402e-14
3346,1.276728802554934e-11,1.161599064478538e-13,9.77949045706564e-14
3347,1.259764743067239e-11,1.162022851919088e-13,9.693125997453651e-14
3348,1.270667864851619e-11,1.152542309963934e-13,9.712661753148785e-14
3349,1.253738038969361e-11,1.153742545928466e-13,9.618349682764433e-14
3350,1.26038344594517e-11,1.144119655602553e-13,9.639460590900189e-14
3351,1.240334892029297e-11,1.14469912729452e-13,9.553157706124808e-14
3352,1.248626005678333e-11,1.136027791799763e-13,9.564987886125756e-14
3353,1.232252920313809e-11,1.136442683823545e-13,9.480507380033868e-14
3354,1.243089188971027e-11,1.127171919261638e-13,9.49964968311196e-14
3355,1.225987942029166e-11,1.12834622264345e-13,9.407424989618901e-14
3356,1.232856825500251e-11,1.118939744702489e-13,9.428044871828236e-14
3357,1.213280017784085e-11,1.11950395908585e-13,9.343642672352447e-14
3358,1.221475047884362e-11,1.11102243876807e-13,9.35523574618895e-14
3359,1.205049851471044e-11,1.111428637607085e-13,9.272647631739643e-14
3360,1.215909561767568e-11,1.102364265558541e-13,9.291314850323856e-14
3361,1.199172085269969e-11,1.103514599420918e-13,9.201126547097104e-14
3362,1.205662996679134e-11,1.094312014473362e-13,9.221336082696486e-14
3363,1.186752555113013e-11,1.0948667600498e-13,9.138772332041417e-14
3364,1.194919992482954e-11,1.086575317284671e-13,9.150092615668069e-14
3365,1.178468894972653e-11,1.086971976746548e-13,9.069311409835846e-14
3366,1.189552861504029e-11,1.078107939221589e-13,9.087615150797713e-14
3367,1.173141015012314e-11,1.079234858668912e-13,8.999361464218483e-14
3368,1.179315376817683e-11,1.070234513560187e-13,9.019128934735861e-14
3369,1.160685508015116e-11,1.070776409820685e-13,8.938378767451485e-14
3370,1.168697747862594e-11,1.062666773722133e-13,8.94946131964001e-14
3371,1.152916325249848e-11,1.063059317032379e-13,8.870446504018375e-14
3372,1.163252309312727e-11,1.054388235657184e-13,8.88834468882178e-14
3373,1.14728237352725e-11,1.055490046548684e-13,8.802060961744953e-14
3374,1.153401836931196e-11,1.046689595273064e-13,8.82138161613321e-14
3375,1.134888768992474e-11,1.047222939504946e-13,8.742408314556737e-14
3376,1.142521923948974e-11,1.039290462828001e-13,8.753244253389001e-14
3377,1.12765631648377e-11,1.039675886495548e-13,8.67600101647235e-14
3378,1.137912652899403e-11,1.031196166904613e-13,8.693476300541525e-14
3379,1.122346902043364e-11,1.032273035885019e-13,8.609111735699117e-14
3380,1.128457473803297e-11,1.023669507873492e-13,8.628002824567115e-14
3381,1.110222803016555e-11,1.024186596510304e-13,8.550766454277485e-14
3382,1.11795754646001e-11,1.016430903675708e-13,8.561361955312844e-14
3383,1.102798575489473e-11,1.016808175497995e-13,8.485797801809295e-14
3384,1.112747806772586e-11,1.008516517541541e-13,8.502878457689086e-14
3385,1.097627166926844e-11,1.009567024433906e-13,8.420360233940061e-14
3386,1.103546755599474e-11,1.001153363582025e-13,8.438856690870505e-14
3387,1.085800884641411e-11,1.001660648526508e-13,8.363333986057772e-14
3388,1.093215471636456e-11,9.940757336864517e-14,8.373699021304415e-14
3389,1.078850660411559e-11,9.944458348081797e-14,8.299783219001877e-14
3390,1.088465080435348e-11,9.863383601024459e-14,8.316526489740655e-14
3391,1.073439976148879e-11,9.87368358648487e-14,8.235807206113018e-14
3392,1.079221422482804e-11,9.791389525412141e-14,8.253852249020394e-14
3393,1.062151147370827e-11,9.796342776560382e-14,8.179985843706522e-14
3394,1.069188404974679e-11,9.722208622404242e-14,8.190169017836966e-14
3395,1.055042273395173e-11,9.725786691822227e-14,8.11789226406202e-14
3396,1.064470915549498e-11,9.646490552427016e-14,8.1342378341234e-14
3397,1.049950850213313e-11,9.656583389169814e-14,8.055280137115716e-14
3398,1.055875788804981e-11,9.576093243420174e-14,8.072979200452122e-14
3399,1.038922882989768e-11,9.581002088774528e-14,8.000724582130129e-14
3400,1.046226677392128e-11,9.508452584007971e-14,8.010644769561682e-14
3401,1.032366998373758e-11,9.511968862313147e-14,7.93993896139259e-14
3402,1.041747523651163e-11,9.434426244969501e-14,7.955945806654266e-14
3403,1.026810532762281e-11,9.444291958837719e-14,7.878759797937024e-14
3404,1.032664175229451e-11,9.365564141043345e-14,7.896058008552898e-14
3405,1.016214083320972e-11,9.370326909283053e-14,7.825380532828752e-14
3406,1.023216175036474e-11,9.299401006835036e-14,7.835072057491208e-14
3407,1.009618891649294e-11,9.302872208791573e-14,7.765925892038341e-14
3408,1.018569303494986e-11,9.227037329092178e-14,7.78158865112034e-14
3409,1.004805165773884e-11,9.236688803683182e-14,7.706104037887721e-14
3410,1.010124308524144e-11,9.159695991962305e-14,7.723002756885232e-14
3411,9.94168697268217e-12,9.164360126722867e-14,7.65386865321677e-14
3412,1.001113259453626e-11,9.094964635526575e-14,7.663371230837243e-14
3413,9.874989044353748e-12,9.098395375395402e-14,7.595749556171032e-14
3414,9.964920392596921e-12,9.024233858697827e-14,7.611071028546973e-14
3415,9.82730596958658e-12,9.033674747757236e-14,7.537219072193953e-14
3416,9.881029000984059e-12,8.958426382063797e-14,7.55379182824246e-14
3417,9.723634112161817e-12,8.962968510708261e-14,7.486174804792614e-14
3418,9.7906130771659e-12,8.895116629158567e-14,7.495462825314925e-14
3419,9.660200610058705e-12,8.898431076681565e-14,7.429309988584308e-14
3420,9.748152608383405e-12,8.825913086994933e-14,7.44431745974927e-14
3421,9.613862776949703e-12,8.835159588353477e-14,7.372077220768701e-14
3422,9.663955111146352e-12,8.761569233606107e-14,7.388269883821197e-14
3423,9.512610910666401e-12,8.766007782617451e-14,7.322159932569175e-14
3424,9.579212674783343e-12,8.69971177277717e-14,7.331229912259106e-14
3425,9.446615640971026e-12,8.702926865468618e-14,7.266544146843006e-14
3426,9.535536261561793e-12,8.632014613509202e-14,7.2812041583821e-14
3427,9.401583141211963e-12,8.641078379110323e-14,7.210564984553666e-14
3428,9.450036149532186e-12,8.569068583720129e-14,7.226377563761434e-14
3429,9.30390991653908e-12,8.573421839872655e-14,7.161702494042781e-14
3430,9.365399521273686e-12,8.508576469452305e-14,7.170616500010088e-14
3431,9.244352577924117e-12,8.511753443628162e-14,7.107337096917944e-14
3432,9.329258856367331e-12,8.442371207346911e-14,7.12168269766449e-14
3433,9.19833542264787e-12,8.451228902590933e-14,7.05256959993608e-14
3434,9.247271590477562e-12,8.380812324169206e-14,7.068071705275225e-14
3435,9.105068141844569e-12,8.385130975530318e-14,7.00481366727917e-14
3436,9.165418170739396e-12,8.321644115113828e-14,7.013505273602419e-14
3437,9.03901649561751e-12,8.324798423351462e-14,6.951634011844418e-14
3438,9.124404186453e-12,8.256906051480915e-14,6.965665587540712e-14
3439,8.998950612878924e-12,8.265596315945067e-14,6.898077137093715e-14
3440,9.051129893043426e-12,8.196713058245616e-14,6.913219769428929e-14
3441,8.904383109728127e-12,8.2009638727459e-14,6.851367909679365e-14
3442,8.964826601561636e-12,8.138850922374133e-14,6.859855415817954e-14
3443,8.84252146740271e-12,8.14195402739368e-14,6.79935790333078e-14
3444,8.924818022505067e-12,8.075558523096966e-14,6.813072425249138e-14
3445,8.802663833098106e-12,8.084100588280019e-14,6.746978267844674e-14
3446,8.849179616405336e-12,8.016715667967041e-14,6.76177833858073e-14
3447,8.705926344294931e-12,8.020843589398655e-14,6.701267195281223e-14
3448,8.769277751329004e-12,7.960117414277965e-14,6.709616830473745e-14
3449,8.650698135576337e-12,7.963137339007081e-14,6.650449319630035e-14
3450,8.731968345708638e-12,7.89820906627361e-14,6.663849147604215e-14
3451,8.608661505996781e-12,7.906557108491749e-14,6.599196083938794e-14
3452,8.657635065020951e-12,7.840672641335822e-14,6.613683046236298e-14
3453,8.51963790344363e-12,7.844712524008424e-14,6.554453394005324e-14
3454,8.578661821209745e-12,7.785346659384604e-14,6.562646231234003e-14
3455,8.462917341530998e-12,7.788274749212953e-14,6.504748239416178e-14
3456,8.540257381712864e-12,7.724818274257323e-14,6.517878321248485e-14
3457,8.42219246720725e-12,7.732934920830192e-14,6.454630401789968e-14
3458,8.470702512725465e-12,7.6685333487601e-14,6.468850458849939e-14
3459,8.33638860036203e-12,7.672465236310567e-14,6.410962932239659e-14
3460,8.392745657106985e-12,7.614431105859589e-14,6.418925341527051e-14
3461,8.284441159586462e-12,7.617303246467228e-14,6.362284450915274e-14
3462,8.353942395529536e-12,7.555243915589951e-14,6.375115046586467e-14
3463,8.242948450412112e-12,7.563193487564844e-14,6.313297322146892e-14
3464,8.282919781719683e-12,7.500179182130358e-14,6.327160834519689e-14
3465,8.15418062734665e-12,7.504053747929161e-14,6.270545349054135e-14
3466,8.21130549395455e-12,7.447287486892808e-14,6.278352525715723e-14
3467,8.101760452429948e-12,7.450060939294533e-14,6.222948554112058e-14
3468,8.174702278236063e-12,7.389414386609129e-14,6.235482316215862e-14
3469,8.058603226159525e-12,7.397169471776338e-14,6.175031324989468e-14
3470,8.105167680111656e-12,7.335580373305605e-14,6.188611924894495e-14
3471,7.974912624510172e-12,7.339347736481556e-14,6.133218210293272e-14
3472,8.033462493451037e-12,7.283868698078415e-14,6.140836454488326e-14
3473,7.923623837728695e-12,7.286570727754209e-14,6.086689889987254e-14
3474,7.99362741127088e-12,7.227237154666523e-14,6.098982580639212e-14
3475,7.883978277477677e-12,7.234824611080488e-14,6.039811068637817e-14
3476,7.928130307257696e-12,7.174593542142769e-14,6.053078758604004e-14
3477,7.804298074522919e-12,7.178296548708959e-14,5.998921824283199e-14
3478,7.859527671494202e-12,7.123980935158171e-14,6.006377100693151e-14
3479,7.749306157856742e-12,7.126685849641779e-14,5.953412512031137e-14
3480,7.821734548802404e-12,7.068603819254231e-14,5.965424927483636e-14
3481,7.715675692574594e-12,7.076050477094807e-14,5.907583570149879e-14
3482,7.757340950735783e-12,7.017153209448145e-14,5.920529060129198e-14
3483,7.636169514232776e-12,7.02074943605614e-14,5.867594812930208e-14
3484,7.687643411506344e-12,6.967640305770667e-14,5.874875941242493e-14
3485,7.583010395563902e-12,6.97027220518442e-14,5.823045177517875e-14
3486,7.654124756091562e-12,6.913520866563233e-14,5.834818335775871e-14
3487,7.547060926408669e-12,6.920777120239647e-14,5.778212195527547e-14
3488,7.589468390068491e-12,6.863168560211092e-14,5.79090230222414e-14
3489,7.467746001985408e-12,6.866687324658154e-14,5.739109220129026e-14
3490,7.51911823840976e-12,6.814790612932831e-14,5.746227574596723e-14
3491,7.41874794450676e-12,6.817318323546208e-14,5.695552983778058e-14
3492,7.486045709052173e-12,6.761806007614464e-14,5.707060023144748e-14
3493,7.38260400018565e-12,6.76892706836755e-14,5.651694290965099e-14
3494,7.423202119320217e-12,6.712616671034901e-14,5.664148897823122e-14
3495,7.310063152363191e-12,6.716011027443876e-14,5.613471501706792e-14
3496,7.360283746962305e-12,6.665274928678027e-14,5.62042456845919e-14
3497,7.258485302390515e-12,6.66776501573351e-14,5.570889306077395e-14
3498,7.322305535316431e-12,6.613492335355927e-14,5.58209585595967e-14
3499,7.223689835637444e-12,6.620430738378791e-14,5.527971847547468e-14
3500,7.261470211219122e-12,6.565335141032484e-14,5.54012837343966e-14
3501,7.149346947664835e-12,6.568696584747743e-14,5.490564120742108e-14
3502,7.20017818858422e-12,6.519042157781164e-14,5.497363749656274e-14
3503,7.102862072713797e-12,6.521497255365369e-14,5.448905653773873e-14
3504,7.16478560087488e-12,6.468409261614202e-14,5.459898217586078e-14
3505,7.068020614191645e-12,6.475211161733223e-14,5.406966561463194e-14
3506,7.10322386526448e-12,6.421305200646741e-14,5.418849240811869e-14
3507,6.993012503869102e-12,6.424603832662027e-14,5.370372084321895e-14
3508,7.042425592834463e-12,6.376106771157566e-14,5.377058469523762e-14
3509,6.94843429916396e-12,6.378467362598413e-14,5.329657276874629e-14
3510,7.012993380052055e-12,6.326547983057091e-14,5.340412080820174e-14
3511,6.913654864263838e-12,6.333183551971711e-14,5.288635778328439e-14
3512,6.956119697019747e-12,6.28047140947779e-14,5.300233479888274e-14
3513,6.84293855344895e-12,6.283705755784353e-14,5.252829982365556e-14
3514,6.893266405002871e-12,6.236243806352364e-14,5.259360948767666e-14
3515,6.799253245412374e-12,6.238555791422809e-14,5.212994660628493e-14
3516,6.860943121994342e-12,6.187800018065719e-14,5.223517471417652e-14
3517,6.76318759864821e-12,6.194303111282601e-14,5.172861740797303e-14
3518,6.800664440493666e-12,6.142731772570386e-14,5.184184612387183e-14
3519,6.69544264370203e-12,6.145892386402681e-14,5.137848441080942e-14
3520,6.741952541465908e-12,6.09944764959117e-14,5.144233652102227e-14
3521,6.650529297202398e-12,6.101757539233275e-14,5.098884906705697e-14
3522,6.711365552482775e-12,6.052095993105618e-14,5.109166022919598e-14
3523,6.619450560790161e-12,6.058458934377737e-14,5.059628388737167e-14
3524,6.655462744103054e-12,6.008012418070567e-14,5.070723563898535e-14
3525,6.550450458133119e-12,6.0111248335634e-14,5.025404432872977e-14
3526,6.594561932526512e-12,5.965700764069774e-14,5.031662603244006e-14
3527,6.506652230972524e-12,5.96795243732065e-14,4.987281550391638e-14
3528,6.565380974741487e-12,5.91936349552376e-14,4.997343594250854e-14
3529,6.47234154764079e-12,5.925602470856515e-14,4.948904742346053e-14
3530,6.51189784782781e-12,5.876273349173222e-14,4.959781648600764e-14
3531,6.409196749354013e-12,5.879327481506992e-14,4.915418756366489e-14
3532,6.454160539145106e-12,5.834880237849377e-14,4.921531334661426e-14
3533,6.36576927879025e-12,5.83706344830044e-14,4.878157910925449e-14
3534,6.424719756769686e-12,5.789579803215526e-14,4.88800526438858e-14
3535,6.335702054297043e-12,5.795684336248746e-14,4.840601072310509e-14
3536,6.370200363382516e-12,5.747475989595891e-14,4.851253072076745e-14
3537,6.269971222284667e-12,5.750421443126372e-14,4.807867971362705e-14
3538,6.314233240848786e-12,5.706962820691715e-14,4.813836520359819e-14
3539,6.232509976050811e-12,5.709150189641707e-14,4.771408266039353e-14
3540,6.286144821331941e-12,5.662649660054918e-14,4.781039152722819e-14
3541,6.198139778611801e-12,5.668631594207236e-14,4.734691210163377e-14
3542,6.234538869114443e-12,5.621431270555153e-14,4.745087571900861e-14
3543,6.129360955658702e-12,5.624335661723353e-14,4.702645418525495e-14
3544,6.17648460888616e-12,5.581817867690103e-14,4.708487906224412e-14
3545,6.095250607714985e-12,5.583964041196265e-14,4.666998526075273e-14
3546,6.145569708723215e-12,5.538470218876141e-14,4.676433385097109e-14
3547,6.0644982719575e-12,5.544341843753828e-14,4.631071798813735e-14
3548,6.1013368910458e-12,5.498212995598444e-14,4.641246279128933e-14
3549,6.002115747544164e-12,5.501052327699299e-14,4.599778041413227e-14
3550,6.043253624887714e-12,5.459455876506525e-14,4.605464525070742e-14
3551,5.964173104247691e-12,5.461543984549845e-14,4.564874475736116e-14
3552,6.018205805195067e-12,5.417075901351405e-14,4.574107096248658e-14
3553,5.916727666980457e-12,5.420439685997563e-14,4.532531605067562e-14
3554,5.956514226639718e-12,5.379667587813907e-14,4.5377528916125e-14
3555,5.875297728799496e-12,5.381749583652182e-14,4.49754416245697e-14
3556,5.929318648738839e-12,5.337844678935989e-14,4.506695900273395e-14
3557,5.831895649882057e-12,5.341070295987803e-14,4.465931657783342e-14
3558,5.869989401147164e-12,5.300746149436368e-14,4.471255253544743e-14
3559,5.791860509047778e-12,5.302763799627789e-14,4.431803252945736e-14
3560,5.841801141962178e-12,5.259487542116044e-14,4.440871266406459e-14
3561,5.74917046573601e-12,5.262667238060116e-14,4.400674191706792e-14
3562,5.783099461941086e-12,5.223011389338703e-14,4.405878502562362e-14
3563,5.711070346963064e-12,5.224977567971442e-14,4.366927430206482e-14
3564,5.760251528914691e-12,5.182362459991885e-14,4.375812125773766e-14
3565,5.663611229568101e-12,5.185509634064199e-14,4.336201574842992e-14
3566,5.70293430094857e-12,5.146419330612452e-14,4.341310329878261e-14
3567,5.624986544402638e-12,5.148375955455901e-14,4.302990653734456e-14
3568,5.675521929943149e-12,5.106323268132999e-14,4.311770254868549e-14
3569,5.582555419959855e-12,5.109455312640954e-14,4.272766979056107e-14
3570,5.62197739852755e-12,5.07092973053175e-14,4.277774667450975e-14
3571,5.547044468452859e-12,5.072846558450405e-14,4.23999441703493e-14
3572,5.5932320245849e-12,5.031469037013261e-14,4.248639655795096e-14
3573,5.506706646681648e-12,5.034543099736025e-14,4.210199691066548e-14
3574,5.539833198359097e-12,4.996562460625418e-14,4.21517237729946e-14
3575,5.469112925567754e-12,4.998473809204681e-14,4.177942657538352e-14
3576,5.512521318741119e-12,4.957646353749004e-14,4.186441162592947e-14
3577,5.429357661399711e-12,4.960689884814446e-14,4.148551785040807e-14
3578,5.462491140019126e-12,4.923310739583619e-14,4.15350135542183e-14
3579,5.389021123084002e-12,4.925171475980755e-14,4.11679753091205e-14
3580,5.436878186328751e-12,4.884978350422769e-14,4.125207227180341e-14
3581,5.34672015293813e-12,4.887994649070204e-14,4.087865952091026e-14
3582,5.382357807463307e-12,4.85111744296002e-14,4.092664101478986e-14
3583,5.311995781305057e-12,4.85296234827657e-14,4.056498942841031e-14
3584,5.356570142393763e-12,4.813373907695997e-14,4.064839422891755e-14
3585,5.270949817341867e-12,4.816281022258325e-14,4.028042824199716e-14
3586,5.305315866568814e-12,4.779992948131996e-14,4.032796928023304e-14
3587,5.235062284208282e-12,4.781798839649911e-14,3.997161919314844e-14
3588,5.282218675242871e-12,4.742791333767734e-14,4.005287296664233e-14
3589,5.193400335580708e-12,4.74567539272828e-14,3.969072402213267e-14
3590,5.230283286067334e-12,4.709889775841275e-14,3.973787154082588e-14
3591,5.157688489768201e-12,4.711718047511931e-14,3.938688298873316e-14
3592,5.205355342934467e-12,4.673273261737753e-14,3.946735097970884e-14
3593,5.116910093256449e-12,4.676116758754862e-14,3.910958793914952e-14
3594,5.152322319073115e-12,4.640840592041131e-14,3.915608031194165e-14
3595,5.084107185015532e-12,4.642620461936663e-14,3.881034544188022e-14
3596,5.130221987067525e-12,4.604727554249421e-14,3.888911174384013e-14
3597,5.04431521177457e-12,4.607543536084091e-14,3.853762135664475e-14
3598,5.081227173418757e-12,4.572777871887522e-14,3.858289070783637e-14
3599,5.014820649617695e-12,4.574568157440069e-14,3.824240165263808e-14
3600,5.056995352892688e-12,4.537227411092075e-14,3.832003341232013e-14
3601,4.976715151328121e-12,4.539983902175796e-14,3.79733383122341e-14
3602,5.006867612131287e-12,4.505775862778519e-14,3.801833754405303e-14
3603,4.942599644507027e-12,4.507500137017473e-14,3.768231854009655e-14
3604,4.983494219439022e-12,4.470733098715013e-14,3.775959810616545e-14
3605,4.903065915209966e-12,4.473432589375245e-14,3.741773254612984e-14
3606,4.933213962486988e-12,4.439714805035708e-14,3.746233157837941e-14
3607,4.871727859184491e-12,4.441435091234071e-14,3.713136116375578e-14
3608,4.91308669123443e-12,4.405182480946346e-14,3.720699981842506e-14
3609,4.829116854430912e-12,4.407870303709029e-14,3.687031261596433e-14
3610,4.862956448124658e-12,4.374633336945967e-14,3.691407397663254e-14
3611,4.803931530443428e-12,4.376325226714156e-14,3.65882348555727e-14
3612,4.842145232643182e-12,4.34060884735936e-14,3.666267418717668e-14
3613,4.765259043861733e-12,4.343267700888827e-14,3.633098859660837e-14
3614,4.794124207254079e-12,4.310498947047242e-14,3.637395494859484e-14
3615,4.731284164726276e-12,4.312190936973448e-14,3.605266716311612e-14
3616,4.773070486335299e-12,4.276967408830287e-14,3.61259896182476e-14
3617,4.692029816018899e-12,4.279591386774278e-14,3.579961232110584e-14
3618,4.729099849556724e-12,4.247362309898534e-14,3.584175961804004e-14
3619,4.662637068552052e-12,4.248982187165541e-14,3.552486898975914e-14
3620,4.70499778527055e-12,4.21430507829797e-14,3.559732002552606e-14
3621,4.631598634825942e-12,4.216882121925758e-14,3.527528787333554e-14
3622,4.656505030563426e-12,4.185086928342936e-14,3.531730796626929e-14
3623,4.596990012663539e-12,4.186684359721958e-14,3.500537477942294e-14
3624,4.637382151674683e-12,4.152529141068348e-14,3.507707865752171e-14
3625,4.563076178964868e-12,4.155052612893914e-14,3.475927577018525e-14
3626,4.592964447422281e-12,4.123760972843635e-14,3.480048987097969e-14
3627,4.531785120776767e-12,4.125320885181103e-14,3.449299606935557e-14
3628,4.572945883319074e-12,4.091677181793815e-14,3.456321709630646e-14
3629,4.495411012032319e-12,4.094238255901396e-14,3.425075847359563e-14
3630,4.527736932962344e-12,4.063331414022941e-14,3.429140194916308e-14
3631,4.46638418184155e-12,4.064859070151248e-14,3.398863158549358e-14
3632,4.506430856923372e-12,4.031705492948182e-14,3.405769407515346e-14
3633,4.431118776418863e-12,4.034167849298462e-14,3.375001651476272e-14
3634,4.463126756841533e-12,4.003736239631225e-14,3.378945050483263e-14
3635,4.403556354027623e-12,4.005285985181846e-14,3.349120131916419e-14
3636,4.443574124449438e-12,3.972655978784246e-14,3.355975481349955e-14
3637,4.369164492748009e-12,3.97505940056492e-14,3.325594494826008e-14
3638,4.399498504831195e-12,3.945116978062223e-14,3.329533741817621e-14
3639,4.339639888509285e-12,3.946617286526751e-14,3.300145075599172e-14
3640,4.378131671140478e-12,3.914425682053803e-14,3.30684614582461e-14
3641,4.31063105922325e-12,3.916789387131036e-14,3.276931360163554e-14
3642,4.337107330859825e-12,3.887297869728247e-14,3.280842311500172e-14
3643,4.280283014151793e-12,3.88878469780105e-14,3.251871106450349e-14
3644,4.318425827188185e-12,3.857089100552721e-14,3.258487245084091e-14
3645,4.246025988152334e-12,3.859403081292553e-14,3.229009062325947e-14
3646,4.273806152173449e-12,3.830370621682958e-14,3.232836955007337e-14
3647,4.218412699901461e-12,3.831813806145684e-14,3.204296165064152e-14
3648,4.254304079647194e-12,3.800561888391901e-14,3.210841623264201e-14
3649,4.187798863978861e-12,3.802861368287159e-14,3.181796662333011e-14
3650,4.213119529013652e-12,3.774246855672754e-14,3.185540624906716e-14
3651,4.159166282984281e-12,3.775642631013506e-14,3.157424858658454e-14
3652,4.193782011986746e-12,3.744879395311464e-14,3.163882049268995e-14
3653,4.123834860502512e-12,3.747166091158374e-14,3.13525171947054e-14
3654,4.155960262794589e-12,3.718915925362672e-14,3.138932489993586e-14
3655,4.099339237515652e-12,3.720349550869108e-14,3.111235425466979e-14
3656,4.136322652953739e-12,3.689974978391917e-14,3.117583053773629e-14
3657,4.068215814943545e-12,3.692237294401009e-14,3.089369832171348e-14
3658,4.095089491479147e-12,3.66442706628397e-14,3.093023214947114e-14
3659,4.038941507207892e-12,3.6658542752286e-14,3.065736272698242e-14
3660,4.074847827634532e-12,3.635906706043525e-14,3.07197286856429e-14
3661,4.011590940543286e-12,3.638152204023972e-14,3.044225889089076e-14
3662,4.039591865984164e-12,3.610731478361242e-14,3.047793226871413e-14
3663,3.982040647162533e-12,3.612150056701176e-14,3.020872284441207e-14
3664,4.015472781357262e-12,3.582654943631761e-14,3.027038109850627e-14
3665,3.948667463502888e-12,3.584842509398635e-14,2.999673116402276e-14
3666,3.97863366076151e-12,3.557839889048641e-14,3.003258786890274e-14
3667,3.924023140688268e-12,3.559229139023178e-14,2.976705272776199e-14
3668,3.958691981644516e-12,3.530211901836254e-14,2.982790884667265e-14
3669,3.897541400053742e-12,3.532339386692205e-14,2.955781401164468e-14
3670,3.924253443918694e-12,3.505722562553733e-14,2.959286926197706e-14
3671,3.872919499195014e-12,3.507036317230159e-14,2.933157061809571e-14
3672,3.905374965431329e-12,3.478485867998006e-14,2.939158001693944e-14
3673,3.838362412752583e-12,3.480591084520407e-14,2.912557014214518e-14
3674,3.869678215853449e-12,3.454338182898889e-14,2.916035442109746e-14
3675,3.813764872904301e-12,3.455687845312586e-14,2.890280432374635e-14
3676,3.848183243445785e-12,3.427504267838016e-14,2.896190001567483e-14
3677,3.785732848722269e-12,3.429590687409057e-14,2.869989704365617e-14
3678,3.812111742419553e-12,3.403763115952828e-14,2.873359894691113e-14
3679,3.761683711650241e-12,3.405058529066637e-14,2.848003364054464e-14
3680,3.794641226541968e-12,3.377283352160896e-14,2.853829230017958e-14
3681,3.733143428942761e-12,3.379356887272094e-14,2.828016289358724e-14
3682,3.757045276333857e-12,3.353931695662941e-14,2.831387000969883e-14
3683,3.706259271454547e-12,3.355200839788405e-14,2.806343610374719e-14
3684,3.739534647770142e-12,3.3278244960286e-14,2.812069364194036e-14
3685,3.679566334540844e-12,3.329872687584524e-14,2.786667064466097e-14
3686,3.704763980479596e-12,3.304798167206167e-14,2.789951031775447e-14
3687,3.657414748267825e-12,3.306049640912867e-14,2.765332153124618e-14
3688,3.689240683712686e-12,3.279099178485158e-14,2.770948721734599e-14
3689,3.627635103582716e-12,3.281073179273784e-14,2.745934453961724e-14
3690,3.652612266690205e-12,3.256374345504338e-14,2.749167421036725e-14
3691,3.605013054578909e-12,3.257604399955683e-14,2.724875715257254e-14
3692,3.63368936473502e-12,3.231067629105421e-14,2.730442163692064e-14
3693,3.576558470457451e-12,3.233075996684839e-14,2.705750898253722e-14
3694,3.598608812178371e-12,3.208661574108191e-14,2.70893880761437e-14
3695,3.551331702616418e-12,3.209907562672378e-14,2.6850590963237e-14
3696,3.585079172974289e-12,3.183755044510505e-14,2.690533461155455e-14
3697,3.525553794656174e-12,3.185696784909984e-14,2.666189302225805e-14
3698,3.547109963433501e-12,3.161709423759839e-14,2.669345916992719e-14
3699,3.502149833557488e-12,3.162914336937644e-14,2.64579849335902e-14
3700,3.530988306158465e-12,3.137094244747322e-14,2.651173219127398e-14
3701,3.475587358286256e-12,3.139004944828792e-14,2.627142490781152e-14
3702,3.499581651585621e-12,3.115356098030226e-14,2.630312885986564e-14
3703,3.452407222279549e-12,3.116583257559926e-14,2.607101662593642e-14
3704,3.482303359124401e-12,3.091185407920332e-14,2.612433399581334e-14
3705,3.424946781506725e-12,3.093075928968461e-14,2.588791275019275e-14
3706,3.449933287041496e-12,3.069746745615263e-14,2.591858873071216e-14
3707,3.405746400635868e-12,3.070931045597021e-14,2.568998006511168e-14
3708,3.433180119565514e-12,3.045897248091555e-14,2.574210450382035e-14
3709,3.379595071325063e-12,3.047807183498477e-14,2.550955744413685e-14
3710,3.402005925514317e-12,3.02481262068629e-14,2.553961094027529e-14
3711,3.355308446780622e-12,3.025982569039245e-14,2.531412797469012e-14
3712,3.383238867085851e-12,3.001283234013829e-14,2.53656911208346e-14
3713,3.330498081354278e-12,3.003143628075038e-14,2.513658268262456e-14
3714,3.352877153986124e-12,2.980499719908445e-14,2.516643878795519e-14
3715,3.310469126118349e-12,2.981644622858535e-14,2.494408145207359e-14
3716,3.337138729286839e-12,2.957346732532298e-14,2.499507057474247e-14
3717,3.287029713749987e-12,2.959164221954935e-14,2.476879142414281e-14
3718,3.306977274116774e-12,2.936843685275422e-14,2.479850577438538e-14
3719,3.262722483710825e-12,2.937994294055796e-14,2.457944497075833e-14
3720,3.29250927826939e-12,2.91403738259805e-14,2.46297672462771e-14
3721,3.237512635644193e-12,2.915820283152599e-14,2.440682406263307e-14
3722,3.2598869558221e-12,2.893853885789485e-14,2.44359092904165e-14
3723,3.215245664325064e-12,2.894945130795196e-14,2.422000511982878e-14
3724,3.245707463707962e-12,2.871324673335616e-14,2.426953426437392e-14
3725,3.195341342051573e-12,2.873140269682979e-14,2.405015979668167e-14
3726,3.215999109075929e-12,2.85149922079284e-14,2.407869661046501e-14
3727,3.172664019311078e-12,2.852579202277431e-14,2.386607176312551e-14
3728,3.191001507266682e-12,2.830567837419509e-14,2.390070180814031e-14
3729,3.139720351883008e-12,2.830068041482831e-14,2.37093197554119e-14
3730,3.173019316231828e-12,2.809163571080314e-14,2.373438979361819e-14
3731,3.129983067451543e-12,2.810639428191419e-14,2.352020011956807e-14
3732,3.149387742326257e-12,2.789165918478775e-14,2.355120385700139e-14
3733,3.095678151034797e-12,2.788777769849159e-14,2.336033264561344e-14
3734,3.12614641805799e-12,2.768166275374055e-14,2.338381453285807e-14
3735,3.084508374009507e-12,2.769578774819648e-14,2.317420372160433e-14
3736,3.10180067657423e-12,2.7484012629647e-14,2.32055390181948e-14
3737,3.051158030635539e-12,2.747953707158303e-14,2.301844878212113e-14
3738,3.080955123392098e-12,2.727594522791253e-14,2.304317918534127e-14
3739,3.037844057183452e-12,2.729016469498331e-14,2.283630763017642e-14
3740,3.059437360957468e-12,2.708125242014617e-14,2.286737066124043e-14
3741,3.011262656770105e-12,2.707706898620679e-14,2.268236752534358e-14
3742,3.040735992885144e-12,2.687682271394918e-14,2.270668413351966e-14
3743,2.99722161095429e-12,2.689056703165184e-14,2.25024073448179e-14
3744,3.01469047886153e-12,2.668481664589582e-14,2.25324098172333e-14
3745,2.968242846381571e-12,2.668107007027537e-14,2.235096255272211e-14
3746,2.999923217724676e-12,2.648368868861313e-14,2.237447038690541e-14
3747,2.957083734752594e-12,2.649671849095049e-14,2.217331102587991e-14
3748,2.973347594314423e-12,2.629399892395965e-14,2.220330909855918e-14
3749,2.925642123881887e-12,2.629022583238756e-14,2.202438332605833e-14
3750,2.957894224814571e-12,2.609561743444291e-14,2.204752100662574e-14
3751,2.913110636967451e-12,2.610882292684036e-14,2.184938542710377e-14
3752,2.934615732488965e-12,2.590908245514673e-14,2.187890025388542e-14
3753,2.885487959994351e-12,2.590526358990051e-14,2.1702386855075e-14
3754,2.913537585200842e-12,2.571411158125423e-14,2.17252993937074e-14
3755,2.876826670008877e-12,2.57269067376899e-14,2.15303170083983e-14
3756,2.890335719158246e-12,2.552993647167201e-14,2.155925904098254e-14
3757,2.846479837342302e-12,2.552597589208661e-14,2.138508259116013e-14
3758,2.872418691174367e-12,2.533735234414717e-14,2.140755834292732e-14
3759,2.838451959991684e-12,2.535039307605932e-14,2.121554631206355e-14
3760,2.850627644852721e-12,2.515633483212355e-14,2.124385642111751e-14
3761,2.80503304782807e-12,2.515196877587854e-14,2.107254267895122e-14
3762,2.834704353199159e-12,2.496654332337471e-14,2.109494941429857e-14
3763,2.797852550156235e-12,2.497941348433303e-14,2.090577770453818e-14
3764,2.809594572262715e-12,2.47881705414363e-14,2.093365045497556e-14
3765,2.766008962020007e-12,2.478409317130385e-14,2.076441030786399e-14
3766,2.796027128021035e-12,2.460106688506401e-14,2.07864211089319e-14
3767,2.756378991484412e-12,2.461342961931175e-14,2.059981612272041e-14
3768,2.770594232836675e-12,2.442515438943764e-14,2.062790244409732e-14
3769,2.729573733487732e-12,2.442128879278209e-14,2.046138634375212e-14
3770,2.756359452014822e-12,2.424106568099601e-14,2.048280030698337e-14
3771,2.718259967376901e-12,2.425319951866389e-14,2.02989594103583e-14
3772,2.735494127278956e-12,2.406772348852522e-14,2.032623890336203e-14
3773,2.691077688027529e-12,2.40641314133405e-14,2.016247079300179e-14
3774,2.71809942289136e-12,2.388606165484665e-14,2.018382479653858e-14
3775,2.680054129722453e-12,2.389858335172903e-14,2.000249529571415e-14
3776,2.694894353524293e-12,2.371558472169914e-14,2.00291640677093e-14
3777,2.654341606510779e-12,2.371157774604575e-14,1.98673323484799e-14
3778,2.681901661092256e-12,2.353597031017318e-14,1.988819833217861e-14
3779,2.641685292322794e-12,2.354822047320503e-14,1.971016501433307e-14
3780,2.661420181585579e-12,2.336820157075189e-14,1.973647176010726e-14
3781,2.613529902565582e-12,2.336462453017024e-14,1.957753004935765e-14
3782,2.641694074174846e-12,2.319205049304833e-14,1.959799792265772e-14
3783,2.602104736699971e-12,2.320290098707638e-14,1.942097591551295e-14
3784,2.621484581166937e-12,2.302583169507409e-14,1.944776232845701e-14
3785,2.581469444068346e-12,2.302254673658392e-14,1.929113704622039e-14
3786,2.607725155969554e-12,2.2852349259312e-14,1.93113714540657e-14
3787,2.569230866727781e-12,2.286413582990942e-14,1.91380750914871e-14
3788,2.583499030974299e-12,2.268905598706673e-14,1.916393848728195e-14
3789,2.542108938586653e-12,2.2685292068229e-14,1.900914508359379e-14
3790,2.570338279973133e-12,2.251826324524911e-14,1.902906753944801e-14
3791,2.535466090917583e-12,2.252903739400808e-14,1.885825088461998e-14
3792,2.548884703150341e-12,2.235712737709656e-14,1.888384863400199e-14
3793,2.508835379627556e-12,2.235380395755613e-14,1.873161258137748e-14
3794,2.536047479470277e-12,2.21885386871549e-14,1.875151937250659e-14
3795,2.498095312528004e-12,2.220003661609891e-14,1.858336992150235e-14
3796,2.512302111589259e-12,2.202979110362687e-14,1.860785347341442e-14
3797,2.474209676000152e-12,2.202618288982775e-14,1.845756402677054e-14
3798,2.499911980705489e-12,2.186381474210685e-14,1.847747151183723e-14
3799,2.464689560278095e-12,2.187518117073614e-14,1.831163496463654e-14
3800,2.479085665177347e-12,2.170729844110504e-14,1.833602655637049e-14
3801,2.44059843935853e-12,2.17039917605098e-14,1.818800843395249e-14
3802,2.464471617471679e-12,2.15440415733961e-14,1.820731304640442e-14
3803,2.429070987473239e-12,2.155501159530117e-14,1.804404610515732e-14
3804,2.442935583739699e-12,2.138987351735448e-14,1.806820546149983e-14
3805,2.404981309387474e-12,2.13865626059537e-14,1.792259249500824e-14
3806,2.428348853168317e-12,2.122847333387768e-14,1.794163672102869e-14
3807,2.393597031553943e-12,2.123960542874068e-14,1.778047694310577e-14
3808,2.407284802030424e-12,2.107699434453262e-14,1.780442972490454e-14
3809,2.371769625831097e-12,2.107372278539129e-14,1.766044941283224e-14
3810,2.396018886670367e-12,2.091804941141361e-14,1.767939973132753e-14
3811,2.361520687554666e-12,2.092857246245931e-14,1.752061105307115e-14
3812,2.378178342851958e-12,2.076842046575826e-14,1.754410295198263e-14
3813,2.338787941901402e-12,2.07651170861185e-14,1.740257919212868e-14
3814,2.362342909258784e-12,2.061143538479281e-14,1.742056535909896e-14
3815,2.328339273263808e-12,2.062189756455904e-14,1.726411312961826e-14
3816,2.343914597588857e-12,2.046474208542763e-14,1.728804353848208e-14
3817,2.308381350059905e-12,2.046140387310372e-14,1.714870738097867e-14
3818,2.328522796681605e-12,2.031021812491397e-14,1.716688267148361e-14
3819,2.297789979920307e-12,2.032053419617227e-14,1.701264089326126e-14
3820,2.311498480123819e-12,2.016534341699497e-14,1.703572190488386e-14
3821,2.27487347560763e-12,2.016190581547845e-14,1.689808729118605e-14
3822,2.298537399972133e-12,2.001302852031962e-14,1.691567227401788e-14
3823,2.270568642679472e-12,2.002350763063871e-14,1.676385697030656e-14
3824,2.281057601125025e-12,1.987010655311901e-14,1.678659351107549e-14
3825,2.24511185483491e-12,1.986710030576386e-14,1.665081172093884e-14
3826,2.26997261507212e-12,1.972018815726392e-14,1.666865252275381e-14
3827,2.236104606443614e-12,1.972989585709998e-14,1.651880429307942e-14
3828,2.251164528211957e-12,1.957940538960272e-14,1.654121473635004e-14
3829,2.213421844224637e-12,1.957650316027369e-14,1.640815604548887e-14
3830,2.234869146026654e-12,1.943181081366348e-14,1.64251398556323e-14
3831,2.206237337248141e-12,1.944150043622711e-14,1.627791584394235e-14
3832,2.218481684187168e-12,1.929299007669863e-14,1.629996140123747e-14
3833,2.182078312936428e-12,1.928980869923202e-14,1.616825097931678e-14
3834,2.207719438552921e-12,1.914730280190725e-14,1.618507539824117e-14
3835,2.177369491086426e-12,1.915744835328374e-14,1.604019786343692e-14
3836,2.188569792175608e-12,1.901062015789692e-14,1.606158821789999e-14
3837,2.153319928618549e-12,1.900780726680461e-14,1.593213127203965e-14
3838,2.177722859441995e-12,1.886728910174044e-14,1.59490119802068e-14
3839,2.147381592379692e-12,1.887701276791681e-14,1.580579530442048e-14
3840,2.159000088058038e-12,1.873261057856251e-14,1.582725771686304e-14
3841,2.120962639970472e-12,1.872949042320889e-14,1.569911857127776e-14
3842,2.145803512818153e-12,1.859109042583643e-14,1.571601669888765e-14
3843,2.11690322653436e-12,1.860054233282055e-14,1.557489621728352e-14
3844,2.129531431202047e-12,1.845830686586872e-14,1.559603209424225e-14
3845,2.098639410129821e-12,1.845570694208687e-14,1.547028533414724e-14
3846,2.112982670356835e-12,1.832732099451282e-14,1.54780308332936e-14
3847,2.080841866608777e-12,1.832272901004981e-14,1.535426403518593e-14
3848,2.099932109815387e-12,1.818517299325608e-14,1.537299576528699e-14
3849,2.070794000702663e-12,1.819227434202728e-14,1.523707354453686e-14
3850,2.084373144250622e-12,1.805273613174212e-14,1.525771382107717e-14
3851,2.052311179920643e-12,1.805084373137227e-14,1.51342200748141e-14
3852,2.067636593290135e-12,1.792598073051742e-14,1.514060651687564e-14
3853,2.040594319077965e-12,1.792239526726611e-14,1.50188337523077e-14
3854,2.059039055155483e-12,1.778781361783016e-14,1.503647934320773e-14
3855,2.030217511075277e-12,1.779457054646474e-14,1.490302887681791e-14
3856,2.040883368580937e-12,1.765876429352956e-14,1.492421381395384e-14
3857,2.011196380451799e-12,1.765640923897825e-14,1.480345088716096e-14
3858,2.026402597557304e-12,1.753402345004729e-14,1.481004664035359e-14
3859,2.000245134649825e-12,1.752968819933146e-14,1.469065604201082e-14
3860,2.017889591973974e-12,1.739878822607131e-14,1.470847851138871e-14
3861,1.991237788080996e-12,1.740611017429785e-14,1.4578537164189e-14
3862,2.002433958409473e-12,1.727244737419915e-14,1.459848940151894e-14
3863,1.969827383660305e-12,1.726966754822379e-14,1.448006466561428e-14
3864,1.982176776451738e-12,1.71506892794404e-14,1.448646267603008e-14
3865,1.957711348138594e-12,1.714690326525814e-14,1.437030744044897e-14
3866,1.976335642863632e-12,1.701892795759604e-14,1.438763401104199e-14
3867,1.947549283896361e-12,1.702571214099559e-14,1.426036220579191e-14
3868,1.961547869349862e-12,1.689482566914816e-14,1.427985459525132e-14
3869,1.93195563054541e-12,1.689238989223372e-14,1.416423304498307e-14
3870,1.948378107400685e-12,1.67758517636809e-14,1.417053310395138e-14
3871,1.918066533374235e-12,1.677203468581804e-14,1.405649287151801e-14
3872,1.93598935865404e-12,1.664626712008168e-14,1.40735505576516e-14
3873,1.907530173263567e-12,1.665341708321024e-14,1.394939208851561e-14
3874,1.919102393557209e-12,1.652528532706007e-14,1.396817569893041e-14
3875,1.892111573087386e-12,1.652304534214599e-14,1.385455932157002e-14
3876,1.905945160739802e-12,1.64092310581491e-14,1.386157543713041e-14
3877,1.880341381571485e-12,1.64051485511864e-14,1.374994271072147e-14
3878,1.894969200958999e-12,1.62826504678847e-14,1.376669988896061e-14
3879,1.873422807384357e-12,1.628935603991768e-14,1.364482942986191e-14
3880,1.881309676981629e-12,1.616464656312384e-14,1.366364892816501e-14
3881,1.85241811970175e-12,1.616177231873159e-14,1.355272417677158e-14
3882,1.863835687484764e-12,1.605042780603469e-14,1.355910423958799e-14
3883,1.84203683872268e-12,1.604719951511285e-14,1.345004287904688e-14
3884,1.859224823329853e-12,1.592670741626471e-14,1.346607232218797e-14
3885,1.832749258896542e-12,1.593318140350434e-14,1.334693633445677e-14
3886,1.842914551746839e-12,1.581115311926286e-14,1.336539805967784e-14
3887,1.817113986774674e-12,1.580915709415896e-14,1.325721446412786e-14
3888,1.828377473496629e-12,1.569927863762023e-14,1.32626799014483e-14
3889,1.807449929836993e-12,1.569660367162994e-14,1.315687933002807e-14
3890,1.82272758869713e-12,1.557876343008775e-14,1.317251862570028e-14
3891,1.792066259490091e-12,1.557805628839603e-14,1.306439938635816e-14
3892,1.806550803380492e-12,1.547099965379193e-14,1.306902603095981e-14
3893,1.781078055679086e-12,1.546689734008725e-14,1.29629289318202e-14
3894,1.796519049649728e-12,1.535152782468699e-14,1.297886754210599e-14
3895,1.765995533969043e-12,1.535090028012064e-14,1.287256422885221e-14
3896,1.77766007589601e-12,1.52444344814566e-14,1.287759379415233e-14
3897,1.759298609094289e-12,1.524128770001272e-14,1.277408871655044e-14
3898,1.775235434566052e-12,1.512667747185911e-14,1.278957400325723e-14
3899,1.74441949059383e-12,1.512589412617401e-14,1.268510816499742e-14
3900,1.758751518356297e-12,1.502163402755931e-14,1.268968357615783e-14
3901,1.732527066587147e-12,1.501746164428437e-14,1.258697701882692e-14
3902,1.750445237734751e-12,1.490556073518899e-14,1.260302805191101e-14
3903,1.719626500107998e-12,1.490495978822272e-14,1.249976364573917e-14
3904,1.736274900791563e-12,1.48019535152293e-14,1.250456337789728e-14
3905,1.710582169459058e-12,1.479881000442246e-14,1.240405831611642e-14
3906,1.727707931512248e-12,1.468747955002332e-14,1.241875462103983e-14
3907,1.697650967207004e-12,1.468674543254237e-14,1.23168863920109e-14
3908,1.710200029476085e-12,1.458570384867471e-14,1.232209447660277e-14
3909,1.690307687188978e-12,1.458241340549642e-14,1.222319024388981e-14
3910,1.703561992351898e-12,1.447269914924969e-14,1.223749675853363e-14
3911,1.676112355570554e-12,1.447144286886587e-14,1.213686884717847e-14
3912,1.686908422444535e-12,1.437221417106413e-14,1.214193623964198e-14
3913,1.663800849465808e-12,1.436923780592763e-14,1.204446419356169e-14
3914,1.682895268672232e-12,1.426104462570887e-14,1.205865691116463e-14
3915,1.652572872044284e-12,1.426050303375474e-14,1.196042715094522e-14
3916,1.663497580919525e-12,1.416239446620928e-14,1.19650560237917e-14
3917,1.640603690648072e-12,1.415857715102199e-14,1.186824261017629e-14
3918,1.657326953774648e-12,1.405290576756071e-14,1.18828007325871e-14
3919,1.630509166414216e-12,1.405155919806273e-14,1.178533457655332e-14
3920,1.644670109694576e-12,1.395501929455377e-14,1.179019584286042e-14
3921,1.620963023039904e-12,1.395207167743111e-14,1.169526692209537e-14
3922,1.635873069680279e-12,1.384708486506044e-14,1.170906202633538e-14
3923,1.61040751731966e-12,1.384647080789683e-14,1.161320019864876e-14
3924,1.62262117406016e-12,1.375088795938199e-14,1.161794759725258e-14
3925,1.599947795160098e-12,1.374816168729832e-14,1.152455435384936e-14
3926,1.614351917647949e-12,1.364440099037553e-14,1.153808395221686e-14
3927,1.58692219844271e-12,1.364381781087813e-14,1.144392725557757e-14
3928,1.597110741269941e-12,1.354955367455166e-14,1.144832286462164e-14
3929,1.57636012847585e-12,1.354702509327655e-14,1.135683946058352e-14
3930,1.593818126507305e-12,1.344530305707028e-14,1.136977594451279e-14
3931,1.567141317488591e-12,1.344455065116497e-14,1.12770288321167e-14
3932,1.576154059936971e-12,1.335187787450599e-14,1.128111912444279e-14
3933,1.557209674588516e-12,1.334915116397661e-14,1.119102608434965e-14
3934,1.572284134541732e-12,1.324853593476411e-14,1.120397413963177e-14
3935,1.544610994129796e-12,1.324766667753739e-14,1.111223608880066e-14
3936,1.556579304402604e-12,1.315633479612259e-14,1.111639889496096e-14
3937,1.536578641722478e-12,1.315407878666174e-14,1.102769717725379e-14
3938,1.550312639594619e-12,1.305526594044234e-14,1.10408800269991e-14
3939,1.527236200915586e-12,1.305452020816638e-14,1.095015451790755e-14
3940,1.535521538199292e-12,1.296448618424745e-14,1.095424702378376e-14
3941,1.513829148645325e-12,1.296125589732738e-14,1.086626575115408e-14
3942,1.530641048491201e-12,1.286401564809736e-14,1.087933866405535e-14
3943,1.505671390214332e-12,1.286358177600531e-14,1.079052027172477e-14
3944,1.516214042279249e-12,1.277501357251325e-14,1.079471204837865e-14
3945,1.496907553682715e-12,1.27721169180001e-14,1.070785123014644e-14
3946,1.510371028772081e-12,1.267582100741912e-14,1.072062351102498e-14
3947,1.487471912369623e-12,1.267552994601826e-14,1.063277118699515e-14
3948,1.497222715975546e-12,1.258788203768325e-14,1.063673365224602e-14
3949,1.477913437278203e-12,1.258507072723023e-14,1.055136899706492e-14
3950,1.487709564259999e-12,1.249061302618741e-14,1.056402134068726e-14
3951,1.4676744909928e-12,1.249030694641643e-14,1.047772718056834e-14
3952,1.477305863747689e-12,1.24037364514791e-14,1.048132980101073e-14
3953,1.457842426291426e-12,1.240174799816948e-14,1.039754696363928e-14
3954,1.466053041176866e-12,1.231428242399377e-14,1.040430622096373e-14
3955,1.444963365322892e-12,1.230372498009595e-14,1.032911489634943e-14
3956,1.460358697916543e-12,1.222024438193875e-14,1.033218474574442e-14
3957,1.437697068804675e-12,1.221880590093205e-14,1.024744201938021e-14
3958,1.451486911246127e-12,1.213417707327391e-14,1.025320293675885e-14
3959,1.429464080233276e-12,1.212975337724774e-14,1.017104768753976e-14
3960,1.442375772895097e-12,1.203844049553327e-14,1.018415111404886e-14
3961,1.417383596558853e-12,1.203745638660574e-14,1.01000604406424e-14
3962,1.429889915751593e-12,1.195494329488065e-14,1.01037188129096e-14
3963,1.412491460699842e-12,1.195318289218785e-14,1.002260449268263e-14
3964,1.419982661747524e-12,1.186856147288772e-14,1.002864948552434e-14
3965,1.396461391398819e-12,1.185877637141312e-14,9.955955723945813e-15
3966,1.41246225536785e-12,1.177940641246435e-14,9.959543134782106e-15
3967,1.391232437840509e-12,1.177745336957465e-14,9.877477436534595e-15
3968,1.40323081286676e-12,1.169522020540608e-14,9.882357512845593e-15
3969,1.378814620978937e-12,1.168585950591586e-14,9.810512273189247e-15
3970,1.3939676297814e-12,1.160728472533553e-14,9.813325273003088e-15
3971,1.373956232920247e-12,1.160554084710164e-14,9.732853306749043e-15
3972,1.384292213622639e-12,1.152467057527991e-14,9.737574721010342e-15
3973,1.360404583729976e-12,1.15153633109239e-14,9.666951405778502e-15
3974,1.372963367349184e-12,1.143686929598055e-14,9.669179756675514e-15
3975,1.356034424554237e-12,1.14351679749884e-14,9.589890064237752e-15
3976,1.364089584358373e-12,1.135601460604318e-14,9.59575433298036e-15
3977,1.342810790512097e-12,1.134692352657258e-14,9.526311875720942e-15
3978,1.358772425667412e-12,1.12702689662209e-14,9.529074603632013e-15
3979,1.340070459018605e-12,1.126888171052189e-14,9.450963320682589e-15
3980,1.344503510962284e-12,1.11902600909052e-14,9.45595480662391e-15
3981,1.325257971177405e-12,1.11810298401571e-14,9.386985522129822e-15
3982,1.340050879004731e-12,1.110546260114835e-14,9.389709227309417e-15
3983,1.32188443773563e-12,1.110392458111365e-14,9.312513278719138e-15
3984,1.332704374766248e-12,1.102656308482392e-14,9.318235717735227e-15
3985,1.310843221036178e-12,1.101832957629514e-14,9.250430990605402e-15
3986,1.32476431104195e-12,1.09431669311638e-14,9.252488407503558e-15
3987,1.307038655637596e-12,1.094217807517364e-14,9.177079441755118e-15
3988,1.312779390757938e-12,1.086573676078972e-14,9.182129186715794e-15
3989,1.29486668904717e-12,1.085695503036592e-14,9.115362212741486e-15
3990,1.305328577698256e-12,1.07833034223652e-14,9.117671588385389e-15
3991,1.285320871466676e-12,1.078198605913675e-14,9.043296764128376e-15
3992,1.292746199063774e-12,1.070678695920013e-14,9.04801857310527e-15
3993,1.27455041500987e-12,1.069833636373228e-14,8.982617465280967e-15
3994,1.286861417318689e-12,1.06260419749645e-14,8.985100159643593e-15
3995,1.271725008287595e-12,1.062472126562524e-14,8.911227354551038e-15
3996,1.278643054822208e-12,1.055019499918436e-14,8.91600528016182e-15
3997,1.258045686829618e-12,1.054197438431531e-14,8.851471118572383e-15
3998,1.27057412118443e-12,1.047029051947414e-14,8.853255413202478e-15
3999,1.255632914235979e-12,1.04693030298898e-14,8.781183257184973e-15
4000,1.263540382088862e-12,1.039590118730555e-14,8.785798334471406e-15
4001,1.242943498080888e-12,1.038783743688013e-14,8.72252556020905e-15
4002,1.254599424235261e-12,1.031763150211962e-14,8.724424571631077e-15
4003,1.237568331002535e-12,1.03166391896814e-14,8.653142426882159e-15
4004,1.248857312613089e-12,1.024408048857138e-14,8.657906673190907e-15
4005,1.227385380901474e-12,1.023621380326213e-14,8.594960897297335e-15
4006,1.239151012940335e-12,1.016640940544612e-14,8.597191064673258e-15
4007,1.223685980659546e-12,1.01656365992684e-14,8.527094029420651e-15
4008,1.231724495850709e-12,1.009447467079742e-14,8.531594107565404e-15
4009,1.213223135763752e-12,1.008609428354177e-14,8.469519120640996e-15
4010,1.22343120540937e-12,1.001808228139654e-14,8.471850849805854e-15
4011,1.207280020757863e-12,1.001708167683025e-14,8.402554604773938e-15
4012,1.219055772774419e-12,9.947068244740884e-15,8.407008980909848e-15
4013,1.194690607214218e-12,9.939264607392444e-15,8.346063684154417e-15
4014,1.210509633847399e-12,9.872032301645431e-15,8.348541771179339e-15
4015,1.192762659561783e-12,9.870803888079925e-15,8.280187913276024e-15
4016,1.199576225579252e-12,9.801737337656043e-15,8.284514285826883e-15
4017,1.180560276898488e-12,9.793561039919577e-15,8.224415023751959e-15
4018,1.192317360814636e-12,9.727666944997265e-15,8.226931421175449e-15
4019,1.180342434776272e-12,9.726463580484402e-15,8.159478668172871e-15
4020,1.183565425059266e-12,9.658329804780877e-15,8.163358823535255e-15
4021,1.167158427853147e-12,9.650703863542318e-15,8.104685141474172e-15
4022,1.177430962297242e-12,9.585230024154481e-15,8.106544001699932e-15
4023,1.157539967017576e-12,9.584612871989709e-15,8.040231521513555e-15
4024,1.1672607992537e-12,9.517649843998266e-15,8.044618256935647e-15
4025,1.15296847963612e-12,9.50980184999876e-15,7.986584432441998e-15
4026,1.160505080264069e-12,9.44549258439868e-15,7.988335252815878e-15
4027,1.14635414795969e-12,9.44450630680256e-15,7.923096298116576e-15
4028,1.152731006214326e-12,9.378430401181624e-15,7.927422927564576e-15
4029,1.139198412270776e-12,9.370806572571892e-15,7.86991834064301e-15
4030,1.147834195651904e-12,9.30770129559114e-15,7.871925093447612e-15
4031,1.131957261938747e-12,9.305945248449778e-15,7.80698090415928e-15
4032,1.14092590343653e-12,9.241864082281104e-15,7.811696578452456e-15
4033,1.122718476253749e-12,9.233570089403537e-15,7.754610480410298e-15
4034,1.13376776809981e-12,9.171665800169285e-15,7.757295687143886e-15
4035,1.117450205477554e-12,9.170602646642225e-15,7.693681446948493e-15
4036,1.125697017877975e-12,9.106246928722521e-15,7.697702043276767e-15
4037,1.107714270560195e-12,9.099023141991704e-15,7.641816936349338e-15
4038,1.119558518842375e-12,9.037758111643964e-15,7.643972309247784e-15
4039,1.102444646776362e-12,9.036871625954251e-15,7.581124529811797e-15
4040,1.111974694797197e-12,8.973450431653281e-15,7.5851440323641e-15
4041,1.092598361481783e-12,8.96606474080337e-15,7.530040596273959e-15
4042,1.104228615312236e-12,8.905224945009696e-15,7.532114708287402e-15
4043,1.090236383912838e-12,8.904165783014658e-15,7.470841397162416e-15
4044,1.098102507617027e-12,8.842787408228322e-15,7.47553143320123e-15
4045,1.081404860842619e-12,8.834543850924623e-15,7.419920408120761e-15
4046,1.090415505847521e-12,8.775171246415933e-15,7.422363796487035e-15
4047,1.078191283840656e-12,8.774978574424987e-15,7.362278303822351e-15
4048,1.083829743378025e-12,8.713364253208218e-15,7.36601465269741e-15
4049,1.067654062662087e-12,8.705063063072063e-15,7.311484001090626e-15
4050,1.07727362781747e-12,8.651734431341598e-15,7.310705780077296e-15
4051,1.063401745077436e-12,8.64364940938273e-15,7.257434027169621e-15
4052,1.073329746195945e-12,8.58436744654239e-15,7.261070790252377e-15
4053,1.05349435577486e-12,8.57845306468774e-15,7.207633562106844e-15
4054,1.060975849874145e-12,8.524683440276788e-15,7.204350158086173e-15
4055,1.052422716009186e-12,8.517533311095452e-15,7.151391524769108e-15
4056,1.057782480106743e-12,8.459529060669223e-15,7.154053425827048e-15
4057,1.041840264348091e-12,8.453642678971354e-15,7.101449647653659e-15
4058,1.047634913792255e-12,8.400081861259723e-15,7.098101176371568e-15
4059,1.036086896155246e-12,8.393786871493365e-15,7.046860864830686e-15
4060,1.045271824317042e-12,8.336012967107199e-15,7.049555094120687e-15
4061,1.030956079287274e-12,8.330157730349146e-15,6.998127545094671e-15
4062,1.035872931784763e-12,8.277598847978903e-15,6.995395009847225e-15
4063,1.024445427139812e-12,8.271276332999672e-15,6.944718053571157e-15
4064,1.03286450045989e-12,8.214034388131734e-15,6.947129392676707e-15
4065,1.016629106047645e-12,8.208168032282615e-15,6.896095418077963e-15
4066,1.024196586971926e-12,8.15661562407923e-15,6.8932417157161e-15
4067,1.01037691352518e-12,8.150428371576894e-15,6.843234699846945e-15
4068,1.019589957281455e-12,8.094073221594064e-15,6.84551258691221e-15
4069,1.005272252718713e-12,8.087545915782229e-15,6.794420275418048e-15
4070,1.013445123199276e-12,8.038125104918218e-15,6.793291510664406e-15
4071,9.987229132964025e-13,8.031934052398377e-15,6.743768138856593e-15
4072,1.006424492411948e-12,7.976020163608664e-15,6.745688173429932e-15
4073,9.91926141367684e-13,7.96998406152552e-15,6.695837515768008e-15
4074,9.983005273940653e-13,7.920673165278714e-15,6.69420834910044e-15
4075,9.84349357820568e-13,7.914097588819393e-15,6.645162368956218e-15
4076,9.94447827276721e-13,7.859254331120149e-15,6.647412361103551e-15
4077,9.780933770703267e-13,7.85382053920305e-15,6.598729983484101e-15
4078,9.876478916699808e-13,7.805166838589797e-15,6.596808546629171e-15
4079,9.718963055472237e-13,7.798390403405307e-15,6.548177572034115e-15
4080,9.836319352459846e-13,7.744761508817657e-15,6.550723207556758e-15
4081,9.671419520624417e-13,7.739565831798918e-15,6.502617460245017e-15
4082,9.767250928226328e-13,7.691072292813836e-15,6.500096619859606e-15
4083,9.610721643779311e-13,7.684764710849962e-15,6.452961236652296e-15
4084,9.750785418690176e-13,7.631792624528308e-15,6.455567565366759e-15
4085,9.561155327714602e-13,7.625236218680812e-15,6.406618318193106e-15
4086,9.62927187646266e-13,7.578908629648225e-15,6.405678371350706e-15
4087,9.52249236896568e-13,7.57240578816568e-15,6.358566244932337e-15
4088,9.585570255462922e-13,7.520797219059507e-15,6.361249243452449e-15
4089,9.435439993849917e-13,7.514903226239117e-15,6.314538690462895e-15
4090,9.51233992564769e-13,7.468252086803633e-15,6.312412381971744e-15
4091,9.394140456459265e-13,7.462040512307755e-15,6.266399624872482e-15
4092,9.469652358284675e-13,7.410686517803748e-15,6.268331451648482e-15
4093,9.30299483044016e-13,7.405416200188705e-15,6.221872451027502e-15
4094,9.385347568356214e-13,7.35886144636306e-15,6.219974170358715e-15
4095,9.281858537960134e-13,7.352446751209472e-15,6.17449233913367e-15
4096,9.361944707106972e-13,7.302305683062247e-15,6.177157324587828e-15
4097,9.221310441102554e-13,7.296998522402505e-15,6.131411249970721e-15
4098,9.306548467143034e-13,7.251762753303679e-15,6.129792004049524e-15
4099,9.169878604406326e-13,7.245801499041748e-15,6.084701300743551e-15
4100,9.234831453702338e-13,7.196110619549483e-15,6.087397097327214e-15
4101,9.119974176072971e-13,7.190662598473831e-15,6.042519168136498e-15
4102,9.175674161491713e-13,7.14578608389841e-15,6.04009083495698e-15
4103,9.067735377912662e-13,7.139787962910957e-15,5.996457713747386e-15
4104,9.140407797651206e-13,7.090971398391592e-15,5.99857336062815e-15
4105,8.99107322614617e-13,7.085246208823094e-15,5.953935689275299e-15
4106,9.052261247961254e-13,7.04162528028911e-15,5.951986241714183e-15
4107,8.951841855745324e-13,7.035635239014404e-15,5.908801594808147e-15
4108,9.013324992536176e-13,6.987350810738988e-15,5.911074332257025e-15
4109,8.884182407128039e-13,6.98238852076454e-15,5.867030540408165e-15
4110,8.939296181937853e-13,6.938914106586674e-15,5.86557719412024e-15
4111,8.830409198731268e-13,6.933016048184002e-15,5.822585880814283e-15
4112,8.91751569879222e-13,6.885598191784445e-15,5.824984356810743e-15
4113,8.768962809585141e-13,6.880549903581526e-15,5.781977653604395e-15
4114,8.807910093975889e-13,6.837105389316366e-15,5.7797723620563e-15
4115,8.743921622571461e-13,6.831464380241114e-15,5.737396123799898e-15
4116,8.782481732385584e-13,6.788100693627672e-15,5.736773832831482e-15
4117,8.673070340357822e-13,6.777587710796324e-15,5.699260287079788e-15
4118,8.756085607187002e-13,6.736552918907744e-15,5.696880234454442e-15
4119,8.642104571501296e-13,6.731594336586797e-15,5.654762961138986e-15
4120,8.682148621924755e-13,6.688817954596081e-15,5.653634444467278e-15
4121,8.585709948825061e-13,6.681882655738292e-15,5.612491909520814e-15
4122,8.651945253952757e-13,6.638896552228046e-15,5.61195362088083e-15
4123,8.511435178377057e-13,6.629563088268856e-15,5.576494627840509e-15
4124,8.608502770353349e-13,6.58918324847221e-15,5.574103145993253e-15
4125,8.486800430261959e-13,6.584822344895002e-15,5.532440179547313e-15
4126,8.555202025465588e-13,6.542739556380746e-15,5.530334340418884e-15
4127,8.399304221772776e-13,6.533715218800431e-15,5.494658701096948e-15
4128,8.498203008232663e-13,6.493958674576434e-15,5.49191329568108e-15
4129,8.385803411419303e-13,6.489407801016487e-15,5.450621339397065e-15
4130,8.428444057986982e-13,6.448098177904304e-15,5.448980764556978e-15
4131,8.327992896259182e-13,6.438530358720979e-15,5.414017520170996e-15
4132,8.386037618755935e-13,6.399027597873143e-15,5.411733072167848e-15
4133,8.290741206305582e-13,6.394397683330297e-15,5.371704768706627e-15
4134,8.327857688789949e-13,6.353668289381682e-15,5.370477589979241e-15
4135,8.210994575217367e-13,6.343217951879562e-15,5.334596157393667e-15
4136,8.286991416160788e-13,6.3051044492129e-15,5.332955387324934e-15
4137,8.185453422169949e-13,6.300209924987901e-15,5.292718814495317e-15
4138,8.235765001663625e-13,6.26100590930984e-15,5.292331069682735e-15
4139,8.121391643482272e-13,6.252158784561924e-15,5.257775321547993e-15
4140,8.195613764920916e-13,6.213530498817282e-15,5.255255202404782e-15
4141,8.087417890316243e-13,6.209077107177761e-15,5.216327582696171e-15
4142,8.146221303481098e-13,6.169371043475173e-15,5.214818716249963e-15
4143,8.015140807367129e-13,6.160110657901082e-15,5.180662345190394e-15
4144,8.119210956304489e-13,6.122622011711184e-15,5.178299231539107e-15
4145,8.003568284655988e-13,6.118059766165166e-15,5.140181350008397e-15
4146,8.038339024537016e-13,6.079561562797094e-15,5.138729458598136e-15
4147,7.934484057782097e-13,6.071183781783261e-15,5.105838051970199e-15
4148,8.028397798455636e-13,6.033571574030394e-15,5.102939928549727e-15
4149,7.896460902018001e-13,6.029128621108279e-15,5.065319076224224e-15
4150,7.944457562570826e-13,5.991015996358919e-15,5.064000135685442e-15
4151,7.840415539100372e-13,5.98210707652993e-15,5.030905451399455e-15
4152,7.904641497636137e-13,5.945201751079642e-15,5.028273683340241e-15
4153,7.821789392765669e-13,5.941309854994463e-15,4.991507895562808e-15
4154,7.891633155351211e-13,5.902996315670348e-15,4.990200291356355e-15
4155,7.746981778585033e-13,5.894954039036558e-15,4.9578763054523e-15
4156,7.822202261368497e-13,5.858618750569363e-15,4.955619599186476e-15
4157,7.741136452760841e-13,5.854728226097712e-15,4.918938299977382e-15
4158,7.787191404639297e-13,5.817532647500886e-15,4.91786490644215e-15
4159,7.682521655949172e-13,5.80878661438633e-15,4.885823869324044e-15
4160,7.709767686774432e-13,5.772930076595857e-15,4.883049249931507e-15
4161,7.630531458177054e-13,5.769061137036557e-15,4.84734820580542e-15
4162,7.682482017964594e-13,5.732725376272144e-15,4.846052366279095e-15
4163,7.588228368260948e-13,5.723775556419872e-15,4.814012044569724e-15
4164,7.648611752563215e-13,5.689147185152702e-15,4.812092505075879e-15
4165,7.522634052351565e-13,5.684615870881275e-15,4.77621384568889e-15
4166,7.58764094558696e-13,5.648570100841781e-15,4.775345190792255e-15
4167,7.509837694037004e-13,5.640781476710259e-15,4.744664957849411e-15
4168,7.548170323971511e-13,5.606583755307921e-15,4.742378405602455e-15
4169,7.455041593204122e-13,5.601829854524762e-15,4.707009824543165e-15
4170,7.487119285571387e-13,5.566394140006457e-15,4.705660624395873e-15
4171,7.411974862575758e-13,5.558162534601838e-15,4.675151449153716e-15
4172,7.479905484024846e-13,5.52400795241369e-15,4.672937708231504e-15
4173,7.385584312645716e-13,5.520243380851362e-15,4.63877204034519e-15
4174,7.422657735803812e-13,5.485396164078922e-15,4.637355556052641e-15
4175,7.331826069206514e-13,5.477285683353848e-15,4.607392622446826e-15
4176,7.409967442542673e-13,5.444150430806945e-15,4.605898167772511e-15
4177,7.297832890183422e-13,5.439965422189647e-15,4.571233110231835e-15
4178,7.342569655007711e-13,5.405094919533626e-15,4.569655031048054e-15
4179,7.232154393415823e-13,5.397340579900998e-15,4.540554764483774e-15
4180,7.311382349288915e-13,5.363958183520592e-15,4.537636033048857e-15
4181,7.230961388158498e-13,5.360635179608719e-15,4.504567153879226e-15
4182,7.264185018374766e-13,5.32627561233306e-15,4.502983507977182e-15
4183,7.154479953399992e-13,5.318798493872612e-15,4.474183473455824e-15
4184,7.248546006320133e-13,5.28644280688017e-15,4.472421071044946e-15
4185,7.170580541933679e-13,5.282563761257308e-15,4.439010234683192e-15
4186,7.157283703975962e-13,5.248564562478889e-15,4.437530874871824e-15
4187,7.102242176564907e-13,5.240586438458898e-15,4.408299799650298e-15
4188,7.121543396778259e-13,5.208485147777577e-15,4.406328726445357e-15
4189,7.074490444620186e-13,5.204111654376035e-15,4.373339762745059e-15
4190,7.083899423352243e-13,5.172271154096625e-15,4.37314001383759e-15
4191,7.019786944822948e-13,5.164364324582412e-15,4.344655200839726e-15
4192,7.065644661957357e-13,5.132632034030101e-15,4.342569159440064e-15
4193,6.979594822330366e-13,5.128833314257235e-15,4.310223187354333e-15
4194,7.01811935135957e-13,5.097447191494173e-15,4.309992593505125e-15
4195,6.914075507051626e-13,5.089725536691598e-15,4.281473109700781e-15
4196,6.97778571969773e-13,5.057831427898154e-15,4.279230280275847e-15
4197,6.880757672135531e-13,5.054989171295422e-15,4.248255557757977e-15
4198,6.93913974686332e-13,5.023042249733246e-15,4.247089597004037e-15
4199,6.860432673036768e-13,5.015491132909521e-15,4.219758127501218e-15
4200,6.920647148319282e-13,4.984838151328245e-15,4.217084694653543e-15
4201,6.808612817096555e-13,4.980712845701172e-15,4.185849365075102e-15
4202,6.851248075223173e-13,4.949290848536265e-15,4.184914052835039e-15
4203,6.800003000887943e-13,4.942410212965813e-15,4.158070922854847e-15
4204,6.825825129623427e-13,4.912634442226972e-15,4.156688738194874e-15
4205,6.746757135202225e-13,4.904392023706668e-15,4.12683623000694e-15
4206,6.774730131799611e-13,4.878634532962208e-15,4.123498888210311e-15
4207,6.73184951482119e-13,4.871710824541338e-15,4.095933780987754e-15
4208,6.763106063338072e-13,4.841062241874428e-15,4.094180934231919e-15
4209,6.67005409018718e-13,4.834846111348111e-15,4.067831677833781e-15
4210,6.718211537523192e-13,4.807152359702579e-15,4.063392487816385e-15
4211,6.638617857549047e-13,4.800216735826992e-15,4.036509015301405e-15
4212,6.6990602237216e-13,4.770129087590642e-15,4.03481219959017e-15
4213,6.564635323963068e-13,4.762532595416661e-15,4.007687664834519e-15
4214,6.642275377189476e-13,4.736642996461612e-15,4.004274421883484e-15
4215,6.585515268576782e-13,4.729944266279594e-15,3.978344114049408e-15
4216,6.610427758166685e-13,4.701111690522261e-15,3.976645074255569e-15
4217,6.514637011191234e-13,4.694876406346086e-15,3.950370227843794e-15
4218,6.58925332238461e-13,4.668257141277673e-15,3.946324127041301e-15
4219,6.494567947531386e-13,4.661220485070099e-15,3.920127606988903e-15
4220,6.557522546588942e-13,4.632902733684047e-15,3.918933465117129e-15
4221,6.426889268348746e-13,4.625328538251049e-15,3.892223653043081e-15
4222,6.512374113565057e-13,4.600389028432769e-15,3.888844973893642e-15
4223,6.406302195138363e-13,4.593093781218191e-15,3.862926254927111e-15
4224,6.479332823194004e-13,4.565088350162998e-15,3.862074756914555e-15
4225,6.378164633125314e-13,4.558620646070482e-15,3.835997213333234e-15
4226,6.428143799096309e-13,4.532857340566796e-15,3.831846674702606e-15
4227,6.349738739005997e-13,4.52581791937508e-15,3.80590572185492e-15
4228,6.408796771629056e-13,4.498706207564288e-15,3.80552959614271e-15
4229,6.32234205666603e-13,4.49173589567827e-15,3.780101293095159e-15
4230,6.350022359659052e-13,4.467028705706585e-15,3.776210783885442e-15
4231,6.295355695496902e-13,4.45940613241478e-15,3.750596374456759e-15
4232,6.32472288524173e-13,4.432650419962797e-15,3.749902537049089e-15
4233,6.240805459425927e-13,4.427124005200779e-15,3.725293203324372e-15
4234,6.284474325514521e-13,4.401908150873986e-15,3.721237521628812e-15
4235,6.20842569496313e-13,4.395754231670609e-15,3.696792317273443e-15
4236,6.269981917863794e-13,4.367968873370135e-15,3.694968245069319e-15
4237,6.191739398721113e-13,4.362418357439648e-15,3.671347040842564e-15
4238,6.230387872590997e-13,4.337785156071086e-15,3.66703802387147e-15
4239,6.146483077850138e-13,4.331890827124373e-15,3.643417291551382e-15
4240,6.201435731257577e-13,4.304875021296096e-15,3.641879624545381e-15
4241,6.10546438504605e-13,4.298982110744798e-15,3.617788924214844e-15
4242,6.135842262285222e-13,4.274738588981157e-15,3.614583191249693e-15
4243,6.104032884385886e-13,4.267901793654345e-15,3.589735512917291e-15
4244,6.140751665814749e-13,4.241900625637919e-15,3.58913103984235e-15
4245,6.048362732891656e-13,4.236610030802164e-15,3.56582691630367e-15
4246,6.095248528677129e-13,4.212068906714527e-15,3.561332957648385e-15
4247,6.019549184668924e-13,4.204764338696578e-15,3.536854754001688e-15
4248,6.05162623225003e-13,4.178892950069158e-15,3.534773929360937e-15
4249,5.972213291215628e-13,4.173418826642175e-15,3.512244813113193e-15
4250,6.012806882938163e-13,4.151068107424432e-15,3.509406391436103e-15
4251,5.958700271080103e-13,4.143928302858031e-15,3.485657688066604e-15
4252,5.992905610355236e-13,4.11908717062701e-15,3.48474136454694e-15
4253,5.934191945166399e-13,4.11262740397479e-15,3.461178149909015e-15
4254,5.961062049497651e-13,4.09088031525876e-15,3.458932630059569e-15
4255,5.902580908191798e-13,4.084718587282295e-15,3.435682073116863e-15
4256,5.941282832326311e-13,4.059422320791958e-15,3.434611458858067e-15
4257,5.852322566491794e-13,4.053588348012511e-15,3.411424334645152e-15
4258,5.912505903493291e-13,4.031694608454015e-15,3.408536419103715e-15
4259,5.831056179388297e-13,4.024883466401829e-15,3.385755763960316e-15
4260,5.903265759032439e-13,3.99951564925181e-15,3.384292898054538e-15
4261,5.785488463543741e-13,3.994430582103418e-15,3.362466977115382e-15
4262,5.816053159308772e-13,3.971962419559922e-15,3.358273933062029e-15
4263,5.784174446495459e-13,3.967039904903764e-15,3.336616995480228e-15
4264,5.831238538544494e-13,3.941796340666233e-15,3.33524253623173e-15
4265,5.767914612546039e-13,3.937052366607087e-15,3.313771452491779e-15
4266,5.793126452336049e-13,3.914509347910165e-15,3.30997868145355e-15
4267,5.713629290329254e-13,3.908219717810108e-15,3.287734797737225e-15
4268,5.756530216165651e-13,3.885956548563159e-15,3.284556799928612e-15
4269,5.703307657330217e-13,3.877648416884707e-15,3.265650186684521e-15
4270,5.753435488317791e-13,3.854607232865812e-15,3.263690491051041e-15
4271,5.674843036955455e-13,3.851036652196479e-15,3.242553905313759e-15
4272,5.709836319474875e-13,3.829166652894964e-15,3.238022039191015e-15
4273,5.64144526617383e-13,3.824046595317166e-15,3.216406295653929e-15
4274,5.670400933316339e-13,3.802382413822833e-15,3.213095727013032e-15
4275,5.583528484586873e-13,3.793987522740985e-15,3.194582645436782e-15
4276,5.669324134073896e-13,3.772380752760584e-15,3.192885645207418e-15
4277,5.551246836300885e-13,3.766063910130364e-15,3.170334115881452e-15
4278,5.615529103364838e-13,3.745715149668596e-15,3.167470476759253e-15
4279,5.546393395557734e-13,3.738996458598749e-15,3.145064471195214e-15
4280,5.58006273252583e-13,3.71973841819493e-15,3.143753040600795e-15
4281,5.869827020604822e-13,3.665218487399079e-15,3.179814092173541e-15
4282,5.439021495229093e-13,3.682396049435122e-15,3.135484113889453e-15
4283,5.672675239682471e-13,3.666398565319312e-15,3.12655122096861e-15
4284,5.485198823144132e-13,3.679485945599016e-15,3.082602617048899e-15
4285,5.550536477070258e-13,3.657948763378575e-15,3.078561471417321e-15
4286,5.446777530059359e-13,3.647235601538106e-15,3.064225050217072e-15
4287,5.453287031434067e-13,3.623811730567202e-15,3.066085864003097e-15
4288,5.787004151168907e-13,3.575358678752403e-15,3.098498018516779e-15
4289,5.348940505606099e-13,3.588737918670594e-15,3.059270661691739e-15
4290,5.561062063618036e-13,3.57248466755883e-15,3.049754297954225e-15
4291,5.414231624580338e-13,3.588724486792563e-15,3.002377724688885e-15
4292,5.423107978884804e-13,3.567947966015648e-15,2.999459441461861e-15
4293,5.726622476841538e-13,3.508613542431778e-15,3.041817638480645e-15
4294,5.262539829792331e-13,3.525353147945342e-15,3.000749320674586e-15
4295,5.508645529852158e-13,3.508724054039025e-15,2.992010416160838e-15
4296,5.314929704848148e-13,3.521328145192564e-15,2.951641041723842e-15
4297,5.32441012961084e-13,3.501059098339278e-15,2.948165885598659e-15
4298,5.653451081898177e-13,3.447697981021372e-15,2.984680907167327e-15
4299,5.198770465740567e-13,3.460489995653649e-15,2.9487780428561e-15
4300,5.139238837307827e-13,3.444246407876349e-15,2.939602140474114e-15
4301,5.565129325814608e-13,3.419506462103534e-15,2.943098321316256e-15
4302,5.128921118293691e-13,3.427241758900743e-15,2.909874460408276e-15
4303,5.100837583128553e-13,3.411288624153619e-15,2.902829745288597e-15
4304,5.557184878625344e-13,3.379221973666542e-15,2.913777230227102e-15
4305,5.094129635157913e-13,3.387503375208279e-15,2.881595126262517e-15
4306,5.078562663134697e-13,3.373000863961211e-15,2.874603672131661e-15
4307,5.490082687110232e-13,3.343979522390866e-15,2.88057763357388e-15
4308,5.059264661246939e-13,3.351797813921423e-15,2.848798832184728e-15
4309,5.052415345566252e-13,3.336056920046744e-15,2.840994936588407e-15
4310,5.46127086165279e-13,3.305492180025068e-15,2.8514412268961e-15
4311,5.017244268630545e-13,3.314254676078969e-15,2.819137375222807e-15
4312,4.994253388004999e-13,3.299650714407405e-15,2.81200387377355e-15
4313,5.422443741075183e-13,3.271783555768277e-15,2.81783127369159e-15
4314,4.999448351787609e-13,3.279140153585702e-15,2.787333738247209e-15
4315,4.947763807131965e-13,3.264062445792201e-15,2.780067897802124e-15
4316,5.397009528834214e-13,3.234082086074176e-15,2.790175909895592e-15
4317,4.951345622971225e-13,3.242618099286194e-15,2.758954125341527e-15
4318,4.929536566281209e-13,3.227157469736389e-15,2.750919137272305e-15
4319,5.340330387958078e-13,3.200618033130955e-15,2.757874034828121e-15
4320,4.915454164041688e-13,3.207970033491317e-15,2.727240455769262e-15
4321,4.907697825590122e-13,3.19306955291456e-15,2.720328948744442e-15
4322,4.786741839559283e-13,3.166096046228709e-15,2.728490778661819e-15
4323,5.462795865447319e-13,3.135722713070508e-15,2.741587929935408e-15
4324,4.884271450812934e-13,3.156940100182779e-15,2.69599821398041e-15
4325,4.827946834408245e-13,3.144410964347749e-15,2.688908725894012e-15
4326,4.717577874218221e-13,3.120223545762341e-15,2.688827247340638e-15
4327,5.372683060768634e-13,3.093712608173961e-15,2.696994157953634e-15
4328,4.837549215143507e-13,3.111748161680144e-15,2.657225664420036e-15
4329,4.752150987668301e-13,3.098502794876814e-15,2.649560717545311e-15
4330,4.657831891680512e-13,3.076114774166411e-15,2.650238341065208e-15
4331,5.32413031570404e-13,3.049525085670267e-15,2.658549804232871e-15
4332,4.774642023568186e-13,3.06689360510184e-15,2.61965800052429e-15
4333,4.716961469497349e-13,3.05284991561475e-15,2.611192270293929e-15
4334,4.627295727301731e-13,3.0328611852949e-15,2.610911032712154e-15
4335,5.286654869617476e-13,3.003741548632492e-15,2.621788034257729e-15
4336,4.736159829540421e-13,3.021305460561428e-15,2.582707964680122e-15
4337,5.065180685816928e-13,3.005574447511207e-15,2.571788267429263e-15
4338,4.822691729594857e-13,3.023649918187451e-15,2.533167841008881e-15
4339,4.843098430172249e-13,3.006577033072988e-15,2.531186638992985e-15
4340,4.635157926486502e-13,2.958544575461722e-15,2.56417080275736e-15
4341,5.187608331061405e-13,2.934145275512835e-15,2.569594712269127e-15
4342,4.696469078156137e-13,2.953920491357358e-15,2.531752184892339e-15
4343,4.623843112827638e-13,2.940732122711679e-15,2.522250223343902e-15
4344,5.048533472356223e-13,2.922039894053567e-15,2.518641195410259e-15
4345,4.630633865071903e-13,2.932040424991223e-15,2.489234335513935e-15
4346,4.609717048621277e-13,2.918584240845793e-15,2.482969838958561e-15
4347,4.510878095207088e-13,2.889779706431587e-15,2.492866475486651e-15
4348,4.445996639639046e-13,2.864283674582531e-15,2.503243286419788e-15
4349,4.394016681841057e-13,2.846238173532061e-15,2.504865330143369e-15
4350,4.352410217047385e-13,2.83299799384846e-15,2.499744864947668e-15
4351,4.333013481570602e-13,2.821673192948699e-15,2.493505840711975e-15
4352,4.322157042078267e-13,2.811884157728277e-15,2.484802098060034e-15
4353,5.371412940804664e-13,2.802108163387102e-15,2.473003750105981e-15
4354,4.776337916874126e-13,2.852190834861674e-15,2.396054359142081e-15
4355,4.637728102448905e-13,2.835687231174949e-15,2.391462719877096e-15
4356,4.398901567771901e-13,2.793988818672939e-15,2.41648681181498e-15
4357,4.302435228280005e-13,2.770260494612751e-15,2.426760375669259e-15
4358,4.284351968040529e-13,2.754431329566019e-15,2.425272708123323e-15
4359,4.247139326509741e-13,2.741762239212138e-15,2.42264574284908e-15
4360,4.240499444683954e-13,2.731503610085777e-15,2.416810646027665e-15
4361,4.263823843595893e-13,2.721685029487442e-15,2.408539960157533e-15
4362,4.253282542736674e-13,2.713542757874058e-15,2.39710401560512e-15
4363,4.219069491595879e-13,2.705228212139815e-15,2.384268641991571e-15
4364,4.201273742482613e-13,2.698668882491415e-15,2.373594086725631e-15
4365,4.235563223003371e-13,2.690052453742883e-15,2.364665251007771e-15
4366,4.190746685215477e-13,2.681771725147578e-15,2.352843786827373e-15
4367,4.205244466974505e-13,2.671941973320692e-15,2.343395668829114e-15
4368,4.180488064489262e-13,2.663445940792779e-15,2.335706041097299e-15
4369,4.163716304588095e-13,2.651957746439592e-15,2.326064116285883e-15
4370,4.156959679500864e-13,2.643410993513001e-15,2.319271339369527e-15
4371,4.138552314225932e-13,2.633047009570861e-15,2.311807704367175e-15
4372,4.155615112629847e-13,2.623270736335167e-15,2.30508149915351e-15
4373,4.140349784750744e-13,2.611658159401842e-15,2.29659666233507e-15
4374,4.115250249053808e-13,2.602908582036851e-15,2.289746981898056e-15
4375,4.123701861460983e-13,2.594711478676986e-15,2.284190419114993e-15
4376,4.097214314801716e-13,2.583750976798294e-15,2.276551872146754e-15
4377,4.097217234797719e-13,2.573039497732764e-15,2.266594778251565e-15
4378,4.061691437923304e-13,2.564550428239907e-15,2.257950818962976e-15
4379,4.090522976219064e-13,2.555593353014258e-15,2.250389767994435e-15
4380,4.081823698739816e-13,2.546502594180245e-15,2.242294819568771e-15
4381,4.098913795022211e-13,2.538182653135443e-15,2.234348107267706e-15
4382,4.051578489513073e-13,2.528032931596052e-15,2.223447682076589e-15
4383,4.03554603454966e-13,2.518549968542034e-15,2.215491475122907e-15
4384,4.07690921002688e-13,2.511237993532033e-15,2.209703202182187e-15
4385,4.045653531081001e-13,2.501733688990887e-15,2.201717426911649e-15
4386,4.951294074587512e-13,2.490482446837313e-15,2.191364035525462e-15
4387,4.43040022310855e-13,2.52989630317076e-15,2.13307222289604e-15
4388,4.287885333153111e-13,2.515033484094831e-15,2.129313285428031e-15
4389,4.130896975118375e-13,2.48171870969922e-15,2.149124245972569e-15
4390,4.060141064201037e-13,2.458879331695686e-15,2.158867850526552e-15
4391,4.000819266639427e-13,2.445554038198415e-15,2.159201379634925e-15
4392,3.999567069649093e-13,2.434165060311899e-15,2.156428483808019e-15
4393,3.985908427644389e-13,2.423472738290519e-15,2.150207008799511e-15
4394,3.968454605445972e-13,2.414916978658357e-15,2.141913048519491e-15
4395,3.962607397189781e-13,2.408154318458013e-15,2.132938169741384e-15
4396,3.947831359970344e-13,2.401317949828394e-15,2.122689532419766e-15
4397,3.94371704849771e-13,2.394301690909133e-15,2.112031212246006e-15
4398,3.940205509797865e-13,2.387249015672165e-15,2.103870878628204e-15
4399,3.914266418458279e-13,2.378426777892399e-15,2.093815899286834e-15
4400,3.943227341736545e-13,2.371839858838806e-15,2.084582522631947e-15
4401,3.91190618130787e-13,2.363293874195224e-15,2.077125281465866e-15
4402,3.92312862919904e-13,2.354574291420554e-15,2.069268967348013e-15
4403,3.89714033010467e-13,2.345251914228677e-15,2.061964683419415e-15
4404,3.919106933583855e-13,2.336027654373251e-15,2.054753129460752e-15
4405,3.898605567426231e-13,2.328688430907244e-15,2.050299381577282e-15
4406,3.876149369540684e-13,2.319931803154271e-15,2.043878238071663e-15
4407,3.880550906500012e-13,2.310323879466869e-15,2.037157369057033e-15
4408,3.846869058272836e-13,2.300878803389358e-15,2.030133525499429e-15
4409,3.875641245657923e-13,2.293446679699493e-15,2.02438779902427e-15
4410,3.867646055678917e-13,2.284618314407021e-15,2.016836490342851e-15
4411,3.835152622413454e-13,2.276300246899984e-15,2.0095111370527e-15
4412,3.828691621121285e-13,2.268995313450585e-15,2.001030519110176e-15
4413,3.810085688907892e-13,2.259729534344479e-15,1.993312869290184e-15
4414,3.82188499051001e-13,2.253945089678564e-15,1.988196310905665e-15
4415,3.814965842456932e-13,2.244945504833774e-15,1.979824961381731e-15
4416,3.823357234482748e-13,2.237292911078695e-15,1.972848340060098e-15
4417,3.810948419659802e-13,2.229152409026624e-15,1.964924544012393e-15
4418,3.792094409194564e-13,2.221524911729502e-15,1.958716756901118e-15
4419,3.789593381017708e-13,2.213589464863485e-15,1.951596525133722e-15
4420,3.790770312089652e-13,2.205205658142931e-15,1.944183537220655e-15
4421,3.787261928114556e-13,2.1986844121594e-15,1.939424217515822e-15
4422,3.776529316343051e-13,2.189057921578885e-15,1.931267632520254e-15
4423,3.772528322188135e-13,2.181299877908373e-15,1.924693595913611e-15
4424,3.744442430819884e-13,2.172643594499327e-15,1.917561029585674e-15
4425,3.766225052970243e-13,2.165968490113754e-15,1.912197852859333e-15
4426,3.730319406738882e-13,2.157393364897327e-15,1.904510549919886e-15
4427,3.752360316092248e-13,2.149530302625679e-15,1.898069289067975e-15
4428,3.735612975516931e-13,2.142376266624006e-15,1.891958206279049e-15
4429,3.701275766111488e-13,2.133859561356969e-15,1.884551816450511e-15
4430,3.715227027473592e-13,2.126934256152852e-15,1.878586169512477e-15
4431,3.703945350130303e-13,2.119155394758444e-15,1.871430158976957e-15
4432,3.709638492013066e-13,2.112312892391397e-15,1.864968283089165e-15
4433,3.705121507759808e-13,2.104366269330447e-15,1.857736222855361e-15
4434,3.674200293940331e-13,2.09710584435215e-15,1.851718235181831e-15
4435,3.669784867745436e-13,2.089264283746653e-15,1.844904544947116e-15
4436,3.663266055004032e-13,2.0817382516767e-15,1.83826720457267e-15
4437,3.674442484988582e-13,2.073665414400678e-15,1.831285583035492e-15
4438,3.670040264922083e-13,2.066602740031919e-15,1.82487782325565e-15
4439,3.655877350547239e-13,2.059693632844764e-15,1.819082383535228e-15
4440,3.656288233517173e-13,2.051013846088173e-15,1.811575992975195e-15
4441,3.650108711866998e-13,2.044693712863001e-15,1.806190873850091e-15
4442,3.637022316148539e-13,2.0371692590155e-15,1.799448335495364e-15
4443,3.616078271213574e-13,2.028127103983706e-15,1.791487518511978e-15
4444,3.595605176709496e-13,2.021364908113889e-15,1.786097711363997e-15
4445,3.643984419411602e-13,2.015833776690587e-15,1.781663920041296e-15
4446,3.6203200970114e-13,2.008074653503225e-15,1.774516515770562e-15
4447,3.619826396062059e-13,2.000667826470052e-15,1.768217402735618e-15
4448,3.599417348573398e-13,1.994981881719484e-15,1.763346027388338e-15
4449,3.589319676804999e-13,1.986329277365819e-15,1.755495026333255e-15
4450,3.583989004019372e-13,1.979772182355869e-15,1.748973335979479e-15
4451,3.58332364074316e-13,1.973498236546874e-15,1.744136093726325e-15
4452,3.594271579830419e-13,1.965044705350537e-15,1.737026563189328e-15
4453,3.551042818942113e-13,1.954642041066208e-15,1.727708979058154e-15
4454,3.528502023344474e-13,1.949845501360083e-15,1.723301757007102e-15
4455,3.543865412088217e-13,1.943775761503951e-15,1.718061890627442e-15
4456,3.544235096257199e-13,1.936183985068979e-15,1.711744972235105e-15
4457,3.561853854040229e-13,1.930669462346877e-15,1.70744481478626e-15
4458,3.519554089901535e-13,1.921563790014395e-15,1.698760599363082e-15
4459,3.512890574493685e-13,1.914648012006304e-15,1.69298166232894e-15
4460,3.541020001216448e-13,1.909574065753591e-15,1.688865983188521e-15
4461,3.487856059725169e-13,1.900857476206225e-15,1.681069675021384e-15
4462,3.503014437380586e-13,1.896524087615379e-15,1.677531070816468e-15
4463,3.508205935255769e-13,1.889041354859444e-15,1.670592645550968e-15
4464,3.508930313945694e-13,1.883124103529074e-15,1.665557016961918e-15
4465,3.485515145243468e-13,1.875930377211178e-15,1.659370254735474e-15
4466,3.471344263734354e-13,1.868785279820823e-15,1.652585040983654e-15
4467,3.474132301315542e-13,1.862313233153587e-15,1.647766255888141e-15
4468,3.473308203210973e-13,1.855948491197345e-15,1.642169749678273e-15
4469,3.469493502724479e-13,1.848622242409264e-15,1.635586757058024e-15
4470,3.4550145687721e-13,1.842549256715811e-15,1.629868159171307e-15
4471,3.469249186803631e-13,1.835582904429973e-15,1.624407626636448e-15
4472,3.436571179399819e-13,1.828483456909289e-15,1.617919531809986e-15
4473,3.467153277970858e-13,1.823523273736627e-15,1.61376934039998e-15
4474,3.42362737958239e-13,1.816325897721624e-15,1.607441125528847e-15
4475,3.43106248151945e-13,1.810867423323546e-15,1.602020881645247e-15
4476,3.412957514507549e-13,1.801664120024826e-15,1.594221762914245e-15
4477,3.411321667433021e-13,1.793866697870649e-15,1.587242120764926e-15
4478,3.4457649183676e-13,1.791440099127703e-15,1.585630488240613e-15
4479,3.423480052453201e-13,1.784724095116179e-15,1.579751625662413e-15
4480,3.380576174519429e-13,1.777891065507246e-15,1.573629195789366e-15
4481,3.378682199106066e-13,1.770562761626041e-15,1.566998790654642e-15
4482,3.403218883823526e-13,1.763718015885896e-15,1.560664983238336e-15
4483,3.407392700005009e-13,1.758397653766829e-15,1.55697720677486e-15
4484,3.36215855165223e-13,1.753252222473289e-15,1.552529956849645e-15
4485,3.382862302165768e-13,1.747140418401209e-15,1.546615466902339e-15
4486,3.372946085135018e-13,1.73954567521804e-15,1.540225053231157e-15
4487,3.38915376268067e-13,1.734287993312334e-15,1.535704474597363e-15
4488,3.366626352214195e-13,1.726593805933775e-15,1.528704511415992e-15
4489,3.367500097247908e-13,1.719734734627008e-15,1.522770449808551e-15
4490,3.346354405711771e-13,1.714153583276037e-15,1.5181229354826e-15
4491,3.353449526854602e-13,1.706865161442849e-15,1.511178412856675e-15
4492,3.318714781314455e-13,1.700295101228113e-15,1.505831564214315e-15
4493,3.340505981127058e-13,1.696620016366865e-15,1.502899322883824e-15
4494,3.346219438413469e-13,1.69147460933459e-15,1.498217710472068e-15
4495,3.325471930017703e-13,1.68352127173884e-15,1.491636163622551e-15
4496,3.325199518637208e-13,1.678836125707952e-15,1.487127415440724e-15
4497,3.312146766135057e-13,1.669586631189583e-15,1.478834123926645e-15
4498,3.31579925426156e-13,1.66631486526634e-15,1.475750994352503e-15
4499,3.310839278932257e-13,1.660397248962775e-15,1.47057875722884e-15
4500,3.303928752567954e-13,1.654875648437435e-15,1.465698862348657e-15
4501,3.273448456251422e-13,1.646609712896313e-15,1.458749070983706e-15
4502,3.319048849437166e-13,1.643185378034236e-15,1.455622148887685e-15
4503,3.276233280924124e-13,1.636692526394788e-15,1.44992973524269e-15
4504,3.28327870298562e-13,1.630921692423217e-15,1.444775964963034e-15
4505,3.274024527604277e-13,1.625335183305657e-15,1.440356848032496e-15
4506,3.26468704464744e-13,1.618769262523421e-15,1.434159382720284e-15
4507,3.264285299972664e-13,1.61268230185557e-15,1.429135111269952e-15
4508,3.26875433533398e-13,1.608182037807763e-15,1.425535799540645e-15
4509,3.269390032929473e-13,1.599956991544226e-15,1.417919963728679e-15
4510,3.260226363103996e-13,1.596365094990628e-15,1.415084495520798e-15
4511,3.235144753440358e-13,1.591833628635839e-15,1.410835676025086e-15
4512,3.227348816729661e-13,1.585234553006103e-15,1.405273027729961e-15
4513,3.234788446126405e-13,1.579336612081566e-15,1.400362093499794e-15
4514,3.211593847245147e-13,1.573660304837512e-15,1.395285185186045e-15
4515,3.242254959720271e-13,1.568587369654728e-15,1.390939094320373e-15
4516,3.218642468158239e-13,1.561067132571233e-15,1.384260842443857e-15
4517,3.210240928449738e-13,1.555292877553203e-15,1.378878261257159e-15
4518,3.211510302207276e-13,1.551080762237219e-15,1.375043809105109e-15
4519,3.216383009817921e-13,1.545727377649944e-15,1.370064307710849e-15
4520,3.177048546436608e-13,1.53811076672612e-15,1.36366357424624e-15
4521,3.185841515946733e-13,1.532773380885091e-15,1.358617766720149e-15
4522,3.163022866017903e-13,1.530649831857328e-15,1.35776596915932e-15
4523,3.169454653619185e-13,1.521709755454741e-15,1.349320658804569e-15
4524,3.189822000284065e-13,1.518069283090216e-15,1.345542377607202e-15
4525,3.150855859497041e-13,1.51180648883515e-15,1.340981510564479e-15
4526,3.164115979177773e-13,1.507490787714042e-15,1.336566052585214e-15
4527,3.155196869807855e-13,1.500568930202346e-15,1.330730465089551e-15
4528,3.169959713902461e-13,1.498554539179789e-15,1.329047853535063e-15
4529,3.168923878017467e-13,1.493161253240133e-15,1.324263694392943e-15
4530,3.154076340144904e-13,1.486199615099901e-15,1.317462522662218e-15
4531,3.157835625486912e-13,1.480815044100488e-15,1.313126142352868e-15
4532,3.157124531448348e-13,1.477058253860796e-15,1.309984971280863e-15
4533,3.133758756688866e-13,1.468117263023472e-15,1.301871582137302e-15
4534,3.128116269831194e-13,1.464679957748925e-15,1.298807158759183e-15
4535,3.124804109206282e-13,1.460936226786821e-15,1.296347010069658e-15
4536,3.12625019644163e-13,1.454242126282733e-15,1.289714054542342e-15
4537,3.100041203183634e-13,1.448959140127609e-15,1.285008957638967e-15
4538,3.106264017471852e-13,1.444014496391203e-15,1.280714476088795e-15
4539,3.123319571373484e-13,1.44060514434568e-15,1.278219865816913e-15
4540,3.119031971664548e-13,1.433191650113632e-15,1.271415755296116e-15
4541,3.091990333361755e-13,1.428235523281929e-15,1.267023926948249e-15
4542,3.108234257407075e-13,1.424309152713116e-15,1.263803637415974e-15
4543,3.110199446153741e-13,1.418401259727372e-15,1.258299529573411e-15
4544,3.072363157845019e-13,1.413459221742041e-15,1.254277109540363e-15
4545,3.06791792463559e-13,1.408309032521345e-15,1.250057155926827e-15
4546,3.075794463014343e-13,1.403673818878035e-15,1.245796497920713e-15
4547,3.068510001970949e-13,1.398246300098394e-15,1.240550485756248e-15
4548,3.08155744065519e-13,1.393751333079071e-15,1.236534927659959e-15
4549,3.069760183195733e-13,1.388397397860244e-15,1.231969600228652e-15
4550,3.049225449003293e-13,1.382416982231841e-15,1.227162435412667e-15
4551,3.053969892408212e-13,1.376127488848281e-15,1.221341636964984e-15
4552,3.067464898081189e-13,1.374808734757451e-15,1.220047701358167e-15
4553,3.085461764198221e-13,1.370673503201697e-15,1.216587897883855e-15
4554,3.081099689894804e-13,1.3642999333616e-15,1.211067859426535e-15
4555,3.060704588659265e-13,1.3609705696132e-15,1.208021222087913e-15
4556,3.047022288093617e-13,1.354156547134842e-15,1.201897491179125e-15
4557,3.027393550293374e-13,1.349132424292693e-15,1.197582789413607e-15
4558,3.01892671052499e-13,1.342754124599653e-15,1.191698298531236e-15
4559,3.035819764282843e-13,1.339847736550291e-15,1.188865329872351e-15
4560,3.011160607262302e-13,1.335256496388553e-15,1.185404300624199e-15
4561,3.016981304712997e-13,1.330438104308296e-15,1.18132639645045e-15
4562,3.013280966657063e-13,1.327337189292021e-15,1.178365795885389e-15
4563,3.009636683503397e-13,1.31894302540296e-15,1.170995618617051e-15
4564,3.000211618297152e-13,1.316214369079642e-15,1.168170157320852e-15
4565,2.991039828981282e-13,1.309555827646994e-15,1.162762678518437e-15
4566,2.987607183065539e-13,1.306790964863652e-15,1.160023474896346e-15
4567,2.980580482072969e-13,1.301677977138627e-15,1.156219765845192e-15
4568,2.998268340605512e-13,1.295954253305869e-15,1.151005668634028e-15
4569,3.002866762416468e-13,1.294310431908238e-15,1.149273741036125e-15
4570,3.016758263211756e-13,1.289523342813244e-15,1.145284140677673e-15
4571,2.990946307752276e-13,1.283765175949444e-15,1.139900592099376e-15
4572,2.967541408793188e-13,1.276036260267626e-15,1.132538462123573e-15
4573,2.968417542921379e-13,1.275680848679557e-15,1.133383128996057e-15
4574,2.988697646733626e-13,1.269747062812644e-15,1.127301598398328e-15
4575,2.990143451802927e-13,1.26412805350703e-15,1.122959974007201e-15
4576,2.961776304599438e-13,1.262853392368007e-15,1.121691396288973e-15
4577,2.968871792237116e-13,1.256832266391367e-15,1.116365412189966e-15
4578,2.93468419098908e-13,1.250765115743682e-15,1.111114414340179e-15
4579,2.939775911178104e-13,1.249097145788171e-15,1.10991119172882e-15
4580,2.945645627098341e-13,1.244919477436325e-15,1.105748086067619e-15
4581,2.952493675451959e-13,1.238584781372263e-15,1.100384129784594e-15
4582,2.953120211441181e-13,1.235213035872855e-15,1.097636983448855e-15
4583,2.948357978458875e-13,1.229813738443643e-15,1.092390072590164e-15
4584,2.920735495291541e-13,1.224490848827611e-15,1.087911424442961e-15
4585,2.925458568047973e-13,1.222650002349761e-15,1.086509864144808e-15
4586,2.935457378361063e-13,1.216678032783093e-15,1.080686583349378e-15
4587,2.926911478505251e-13,1.213421488160643e-15,1.078038758349921e-15
4588,2.921449925151735e-13,1.209022444829369e-15,1.073966337583571e-15
4589,2.916457667603996e-13,1.205197197167147e-15,1.07099569537265e-15
4590,2.891167299330301e-13,1.200321753359108e-15,1.065986602837991e-15
4591,2.891872339865113e-13,1.193773082282859e-15,1.060892694449599e-15
4592,2.890024839276263e-13,1.191571449981837e-15,1.058216906842061e-15
4593,2.894061230561138e-13,1.187874244747914e-15,1.055476655627847e-15
4594,2.885770135059911e-13,1.18367931127211e-15,1.05193641297478e-15
4595,2.865342545342078e-13,1.178107893292541e-15,1.046676322526209e-15
4596,2.893047287272881e-13,1.175299173687054e-15,1.044549548816793e-15
4597,2.904576063700922e-13,1.170249463178296e-15,1.04017276255506e-15
4598,2.871870215353697e-13,1.166712139572309e-15,1.037461412827688e-15
4599,2.871722871233352e-13,1.162423089160398e-15,1.033669030599164e-15
4600,2.872618971073405e-13,1.159415777612225e-15,1.030996208814167e-15
4601,2.857648871653438e-13,1.151733820764287e-15,1.023368253263013e-15
4602,2.864223153522302e-13,1.149606319556809e-15,1.021443947472878e-15
4603,2.844826417130129e-13,1.144083609032016e-15,1.01652544925778e-15
4604,2.874657477022143e-13,1.140585229214983e-15,1.013633437484954e-15
4605,2.864541145177425e-13,1.139131066005436e-15,1.012067394479731e-15
4606,2.860970860314128e-13,1.133487812657815e-15,1.007759920772519e-15
4607,2.847985736174365e-13,1.130370492338421e-15,1.005117422620117e-15
4608,2.832896971686617e-13,1.126642946578983e-15,1.001731234858439e-15
4609,2.83412758263578e-13,1.121779840917677e-15,9.96750880969372e-16
4610,2.834379280179421e-13,1.118275356379323e-15,9.941152790208463e-16
4611,2.839623231195433e-13,1.11488647556711e-15,9.91164988449129e-16
4612,2.83519909593584e-13,1.110395303831761e-15,9.876116599594914e-16
4613,2.818769007242028e-13,1.106009745546913e-15,9.83229968395044e-16
4614,2.830620640739598e-13,1.102720537722552e-15,9.805700589463055e-16
4615,2.84794926432557e-13,1.098666131699484e-15,9.770510239721466e-16
4616,2.830569540370663e-13,1.09550817132839e-15,9.742985422083592e-16
4617,2.834466636289709e-13,1.090590609920079e-15,9.693742596709415e-16
4618,2.817326131372795e-13,1.0874943874964e-15,9.670050929856857e-16
4619,2.814666360342239e-13,1.084070719832235e-15,9.63882016993541e-16
4620,2.811020752204429e-13,1.07948654078557e-15,9.595949115771441e-16
4621,2.813585513731183e-13,1.075302926228975e-15,9.565941348668273e-16
4622,2.780724770983219e-13,1.070904496594864e-15,9.523495646639737e-16
4623,2.802389471174947e-13,1.068264370011981e-15,9.493774827554203e-16
4624,2.7745520398517e-13,1.063064204310784e-15,9.454886661488248e-16
4625,2.804737955599132e-13,1.060482365125725e-15,9.430087957877783e-16
4626,2.797638468669663e-13,1.056417427068199e-15,9.391680195243536e-16
4627,2.784056668961363e-13,1.054050775036169e-15,9.37686804301783e-16
4628,2.769192125374261e-13,1.049257129691449e-15,9.324471397173116e-16
4629,2.791881622879978e-13,1.045579785598815e-15,9.293927254216783e-16
4630,2.753932734079691e-13,1.040284997961804e-15,9.247092670664508e-16
4631,2.746047149082786e-13,1.03837539968395e-15,9.239289358621195e-16
4632,2.765749107918919e-13,1.034541313324817e-15,9.20123638966115e-16
4633,2.766559945736567e-13,1.029976526574711e-15,9.16025838044044e-16
4634,2.739617872736752e-13,1.028941689274366e-15,9.147643095322803e-16
4635,2.774480680983815e-13,1.024467911555245e-15,9.110996542906348e-16
4636,2.768369623422654e-13,1.018729737365572e-15,9.055195173246852e-16
4637,2.7478125304739e-13,1.015423803787985e-15,9.033185173422015e-16
4638,2.768682210886981e-13,1.012791547425688e-15,9.006088993722455e-16
4639,2.7546302014995e-13,1.00731993325945e-15,8.957382940868532e-16
4640,2.767659126971201e-13,1.005766099394635e-15,8.947176050070448e-16
4641,2.731515342201436e-13,1.001244137236678e-15,8.90652709958059e-16
4642,2.737065577803027e-13,9.984425404699294e-16,8.87804906456556e-16
4643,2.731535099956596e-13,9.947044929491348e-16,8.841045195295525e-16
4644,2.74380355557925e-13,9.90842831444608e-16,8.81352950333629e-16
4645,2.744188428462399e-13,9.882343718180405e-16,8.782708787284072e-16
4646,2.720926518257423e-13,9.81280512413696e-16,8.729716218524115e-16
4647,2.727201074327582e-13,9.812518154167629e-16,8.730664898222138e-16
4648,2.728620930026835e-13,9.774837165916773e-16,8.695352394812324e-16
4649,2.722800351940578e-13,9.737446886815486e-16,8.664161735808753e-16
4650,2.714213597470717e-13,9.697954480449222e-16,8.628390351871968e-16
4651,2.70564049300596e-13,9.669526561900256e-16,8.602803259538789e-16
4652,2.714762495174895e-13,9.630744257823308e-16,8.569562794961307e-16
4653,2.706540769874075e-13,9.600082172201695e-16,8.542257227091901e-16
4654,2.720718203962963e-13,9.559054029656861e-16,8.503865007586045e-16
4655,2.701529011683105e-13,9.535907819451204e-16,8.481802303766743e-16
4656,2.686182030464893e-13,9.492810394047695e-16,8.446525087442918e-16
4657,2.706816457099301e-13,9.468456027037415e-16,8.429135108648063e-16
4658,2.708767180315529e-13,9.442329859029225e-16,8.401974842677504e-16
4659,2.70848871397669e-13,9.401517297916443e-16,8.360110599995001e-16
4660,2.694933113151372e-13,9.373909649464774e-16,8.337733838448203e-16
4661,2.68873365217265e-13,9.32746755023122e-16,8.295158898560347e-16
4662,2.68133258286913e-13,9.30124849992809e-16,8.279404453186113e-16
4663,2.666976118887467e-13,9.23959112402096e-16,8.223973561414363e-16
4664,2.662951480391512e-13,9.238927234873892e-16,8.225702000036036e-16
4665,2.693299770911817e-13,9.201193067546607e-16,8.18723357877019e-16
4666,2.678411471130456e-13,9.180162825408273e-16,8.174413317306794e-16
4667,2.683289602581449e-13,9.13751313504312e-16,8.12708213497248e-16
4668,2.653283684683485e-13,9.087512893132674e-16,8.08417181461695e-16
4669,2.658172882944659e-13,9.079767885521582e-16,8.07718096410429e-16
4670,2.678395822689526e-13,9.047154818484483e-16,8.053826393227963e-16
4671,2.673633085979007e-13,9.015630038619637e-16,8.016610973474831e-16
4672,2.630429424301046e-13,8.946190974400808e-16,7.961153895792145e-16
4673,2.638259122162974e-13,8.953921429749161e-16,7.968166229259213e-16
4674,2.639941777866128e-13,8.923950596207403e-16,7.943758679192368e-16
4675,2.655683076379328e-13,8.894382148113662e-16,7.918442796992288e-16
4676,2.647942244871861e-13,8.860214273293192e-16,7.886753549819737e-16
4677,2.62924737905414e-13,8.807337526964417e-16,7.84067538982619e-16
4678,2.651629714403011e-13,8.771672035118143e-16,7.805439885409473e-16
4679,2.618003017938594e-13,8.773436888918308e-16,7.811088409771834e-16
4680,2.627413764528337e-13,8.727477509839583e-16,7.768214212717779e-16
4681,2.632643524994768e-13,8.702952324505687e-16,7.747847914199622e-16
4682,2.619009521570795e-13,8.673358334458061e-16,7.722598893789554e-16
4683,2.626989704647273e-13,8.649388086663763e-16,7.698814908136636e-16
4684,2.634810336605146e-13,8.623167315799045e-16,7.677138243677305e-16
4685,2.630314140987445e-13,8.586327947346394e-16,7.640648540402265e-16
4686,2.639135709848445e-13,8.552487068900564e-16,7.605725738502029e-16
4687,2.655553381643657e-13,8.538810908770638e-16,7.597688221444974e-16
4688,2.610966034387417e-13,8.495925678101742e-16,7.560775556583135e-16
4689,2.602413243445368e-13,8.454394350893392e-16,7.524356810169293e-16
4690,2.617912358183284e-13,8.423891926985409e-16,7.490211926553381e-16
4691,2.606845500026135e-13,8.420118069176212e-16,7.496044755639931e-16
4692,2.633687156773274e-13,8.378527614956205e-16,7.454913091462983e-16
4693,2.631461705184765e-13,8.337021629933162e-16,7.425037994414034e-16
4694,2.604484600822542e-13,8.313860808723833e-16,7.399077976291185e-16
4695,2.615346041194565e-13,8.276583748733386e-16,7.361382619371758e-16
4696,2.604044855408414e-13,8.25847386697113e-16,7.350664824135161e-16
4697,2.591469601578224e-13,8.232270946295227e-16,7.331176904243022e-16
4698,2.590825331411563e-13,8.202072953838578e-16,7.302529747734017e-16
4699,2.598642520823281e-13,8.166069174941879e-16,7.266779838243078e-16
4700,2.589203408081577e-13,8.139089899997779e-16,7.246035009307505e-16
4701,2.586878773698005e-13,8.108987991040648e-16,7.221976437366694e-16
4702,2.577901841054011e-13,8.074984766939294e-16,7.187630041413993e-16
4703,2.587389213456529e-13,8.026488217026106e-16,7.143370648731246e-16
4704,2.574535878616824e-13,8.020531129115084e-16,7.143248638381951e-16
4705,2.586488929340526e-13,7.997708944078187e-16,7.118370250942987e-16
4706,2.57411247033092e-13,7.955385643657657e-16,7.084496206894135e-16
4707,2.569789974624543e-13,7.909709846070601e-16,7.037633724765318e-16
4708,2.576563740264616e-13,7.912004802533993e-16,7.034993979843122e-16
4709,2.565408945752335e-13,7.868133474595436e-16,7.007492206891271e-16
4710,2.543743772892978e-13,7.821994687723406e-16,6.962697187183737e-16
4711,2.543834847458208e-13,7.829365712932411e-16,6.973341358350073e-16
4712,2.542113629342004e-13,7.771516064672056e-16,6.920046579247118e-16
4713,2.559693120613525e-13,7.772170366488107e-16,6.916219613878801e-16
4714,2.573061112065581e-13,7.747418522308859e-16,6.896009555811211e-16
4715,2.563646109322909e-13,7.730849874491553e-16,6.880766731070737e-16
4716,2.567910731960464e-13,7.699490434140399e-16,6.856773354594553e-16
4717,2.539785174870044e-13,7.667625704531296e-16,6.827672683675679e-16
4718,2.556115879031731e-13,7.643614484591243e-16,6.810119310634078e-16
4719,2.547262855728815e-13,7.610508309345798e-16,6.78494563111599e-16
4720,2.552122857979934e-13,7.587297211574637e-16,6.758104109367363e-16
4721,2.573023857620439e-13,7.571863242233906e-16,6.73962578356276e-16
4722,2.541472676902333e-13,7.534449968777113e-16,6.70797404242523e-16
4723,2.532024686312934e-13,7.510187496560314e-16,6.683865094331066e-16
4724,2.536642015719345e-13,7.486058472535659e-16,6.664374359409585e-16
4725,2.521359005137855e-13,7.454593221876427e-16,6.63715146549717e-16
4726,2.538139372056467e-13,7.448695938457349e-16,6.634343009042311e-16
4727,2.553149459817396e-13,7.41770079812433e-16,6.601137300113958e-16
4728,2.541875979183346e-13,7.371957095557667e-16,6.562072275606233e-16
4729,2.493850760246515e-13,7.321391760797588e-16,6.515865258168219e-16
4730,2.526934622730277e-13,7.337170510856837e-16,6.533650329249027e-16
4731,2.538240148847682e-13,7.285070811432212e-16,6.486069482078033e-16
4732,2.510863311989906e-13,7.250643381493026e-16,6.456137575870937e-16
4733,2.525885738515197e-13,7.26189991708111e-16,6.469449480603637e-16
4734,2.524945203529196e-13,7.205325416614289e-16,6.412061837917402e-16
4735,2.49311661610595e-13,7.166307338420606e-16,6.379073154088715e-16
4736,2.524213621291317e-13,7.167606465722279e-16,6.377292892627114e-16
4737,2.51936608430403e-13,7.146980865470806e-16,6.363494982231171e-16
4738,2.511341778844272e-13,7.128826377189586e-16,6.344497921967264e-16
4739,2.488198488514365e-13,7.072447149782041e-16,6.297949797511545e-16
4740,2.494253597559213e-13,7.066025747622071e-16,6.297137080845713e-16
4741,2.489319640843622e-13,7.065893354282419e-16,6.290650159946344e-16
4742,2.483059524948832e-13,7.020593941647446e-16,6.249319939567437e-16
4743,2.505427249107289e-13,7.010841203144536e-16,6.240890887577175e-16
4744,2.493840205942268e-13,6.988177478546271e-16,6.221345430012128e-16
4745,2.484452837841534e-13,6.937334935238433e-16,6.1765781378569e-16
4746,2.494170618257871e-13,6.935092614453887e-16,6.182759344433678e-16
4747,2.471445826058175e-13,6.867813484360447e-16,6.116428107977289e-16
4748,2.484332275356934e-13,6.878350640471242e-16,6.132678813395117e-16
4749,2.494279303849143e-13,6.862857155997539e-16,6.115774979202944e-16
4750,2.485461830283101e-13,6.82806198621332e-16,6.083863227575895e-16
4751,2.457383016339523e-13,6.781651812308519e-16,6.038463629567419e-16
4752,2.46290140415707e-13,6.742092513979668e-16,6.002049770035947e-16
4753,2.473930350668717e-13,6.763666386634808e-16,6.021896509799423e-16
4754,2.464170511498297e-13,6.710885663125308e-16,5.977673834169931e-16
4755,2.492014195278565e-13,6.711796837637817e-16,5.97614095230767e-16
4756,2.48751284372904e-13,6.684500719344576e-16,5.952024085539777e-16
4757,2.457827370407234e-13,6.638216480935978e-16,5.907562496612843e-16
4758,2.442175773047191e-13,6.621269508568645e-16,5.894315918405136e-16
4759,2.447411232384985e-13,6.59375697261772e-16,5.867904846939942e-16
4760,2.483331968919744e-13,6.613506441933166e-16,5.888640034484295e-16
4761,2.479911456720847e-13,6.58943840784964e-16,5.870604543768223e-16
4762,2.458642142574093e-13,6.550610053653781e-16,5.829605426822951e-16
4763,2.464529895816565e-13,6.549975352093962e-16,5.830270748678716e-16
4764,2.46764688556488e-13,6.502955871933966e-16,5.785902417628559e-16
4765,2.430767797042632e-13,6.446819753092392e-16,5.739791169841039e-16
4766,2.439574301406729e-13,6.434655571975903e-16,5.731651743000766e-16
4767,2.451279982215429e-13,6.441840208058057e-16,5.735657394345496e-16
4768,2.450664852621257e-13,6.393848728505213e-16,5.693303448671914e-16
4769,2.426734449080712e-13,6.361702530998181e-16,5.660906122448503e-16
4770,2.452192984957854e-13,6.379917316706418e-16,5.682588337796893e-16
4771,2.444454442002364e-13,6.331227375843232e-16,5.634869983677967e-16
4772,2.45891623632983e-13,6.328667531396475e-16,5.636584273364644e-16
4773,2.434295614925216e-13,6.31337348000468e-16,5.624957102419395e-16
4774,2.440822157213116e-13,6.288569131992139e-16,5.603104643772875e-16
4775,2.43551084042645e-13,6.268901266625499e-16,5.580295193451655e-16
4776,2.432267120867849e-13,6.242272518796491e-16,5.556926978109696e-16
4777,2.438046484604052e-13,6.223109086348235e-16,5.54407136851795e-16
4778,2.409737575885827e-13,6.207570841030326e-16,5.529945503860037e-16
4779,2.442322442173485e-13,6.178506161858424e-16,5.500359975535121e-16
4780,2.440294103381427e-13,6.156208540580104e-16,5.478701585413635e-16
4781,2.401712544057282e-13,6.129829294165077e-16,5.458009571016203e-16
4782,2.409477105664103e-13,6.094843380509065e-16,5.429221726505854e-16
4783,2.414490839669461e-13,6.090163166009553e-16,5.422275932329048e-16
4784,2.417941178971329e-13,6.069119516278138e-16,5.404684518431105e-16
4785,2.443861300782383e-13,6.059535218932427e-16,5.395013909682088e-16
4786,2.437674289455693e-13,6.036277533675917e-16,5.376763513636768e-16
4787,2.421370394240997e-13,6.008608434419317e-16,5.346041953238661e-16
4788,2.439595691015088e-13,5.988316515592424e-16,5.334223676631521e-16
4789,2.404737720871184e-13,5.974623916308206e-16,5.320914572374926e-16
4790,2.417340108022701e-13,5.944926103061694e-16,5.291538033210693e-16
4791,2.417288620920007e-13,5.927165365383157e-16,5.283677975650888e-16
4792,2.407743935893484e-13,5.911029554157174e-16,5.258747256827732e-16
4793,2.411799476010613e-13,5.891053218193059e-16,5.245399529605596e-16
4794,2.434722830960543e-13,5.877394477279818e-16,5.237119281246484e-16
4795,2.409727290255019e-13,5.850643658563434e-16,5.206485229106551e-16
4796,2.397234569830584e-13,5.822755112325077e-16,5.183820158550429e-16
4797,2.417589129289979e-13,5.796788453746111e-16,5.158340378886499e-16
4798,2.388432448783485e-13,5.788462138630024e-16,5.154830572716564e-16
4799,2.383852842151143e-13,5.748301470478038e-16,5.124904108154493e-16
4800,2.393960546752043e-13,5.736795582914027e-16,5.10551068078164e-16
4801,2.385699028891014e-13,5.710453453729056e-16,5.08603301050451e-16
4802,2.399933827868951e-13,5.703967836444392e-16,5.082668110926868e-16
4803,2.392904177851208e-13,5.653190417797986e-16,5.035216547718489e-16
4804,2.394373100284918e-13,5.665089236498956e-16,5.046066306513935e-16
4805,2.363630982893326e-13,5.628003134901779e-16,5.01306385688623e-16
4806,2.380150005254164e-13,5.629400266510329e-16,5.015901166041423e-16
4807,2.348100908500975e-13,5.57330923763951e-16,4.961128832078491e-16
4808,2.378663159871898e-13,5.585950328307385e-16,4.975754465904003e-16
4809,2.379602348117552e-13,5.572287444994471e-16,4.964836851305353e-16
4810,2.378349359239028e-13,5.523587063659029e-16,4.917233141857941e-16
4811,2.376829892805832e-13,5.526060380336455e-16,4.920023560014938e-16
4812,2.392880990917106e-13,5.516061550337869e-16,4.911983555890823e-16
4813,2.372879425797182e-13,5.466779963563009e-16,4.867691060766103e-16
4814,2.378750827453275e-13,5.471675930539111e-16,4.866868375619972e-16
4815,2.378013871119635e-13,5.455941618083132e-16,4.859355559680367e-16
4816,2.38418731555368e-13,5.441663084542201e-16,4.844598141625733e-16
4817,2.375733946975725e-13,5.384899427345824e-16,4.790599787340166e-16
4818,2.377524571193206e-13,5.40258230084129e-16,4.812627048543373e-16
4819,2.383747696927434e-13,5.373705960287009e-16,4.785562305921595e-16
4820,2.365608552211376e-13,5.326807316564785e-16,4.746814848745962e-16
4821,2.363978079558637e-13,5.348529083602033e-16,4.767865592642513e-16
4822,2.388360481331263e-13,5.323150541043612e-16,4.731102783184447e-16
4823,2.369362982158117e-13,5.322420361277112e-16,4.734376575806433e-16
4824,2.371457605970447e-13,5.289279546398915e-16,4.715175503582286e-16
4825,2.358896853044902e-13,5.261005883516453e-16,4.682125389692113e-16
4826,2.371500047056889e-13,5.253915744035269e-16,4.683272616047882e-16
4827,2.361244664017406e-13,5.237350757487597e-16,4.664800818879764e-16
4828,2.368979233374742e-13,5.214953182692543e-16,4.643345983706254e-16
4829,2.358987618371091e-13,5.198380955313562e-16,4.627743203495169e-16
4830,2.343698914586136e-13,5.150996339596837e-16,4.584955645390407e-16
4831,2.370554127441866e-13,5.166662542884516e-16,4.596991583899498e-16
4832,2.35275879065568e-13,5.137719906972537e-16,4.576511712775756e-16
4833,2.361152062041293e-13,5.120668097810556e-16,4.55254853701552e-16
4834,2.344911894684151e-13,5.10304758387494e-16,4.543385984507804e-16
4835,2.334525660168647e-13,5.110226839699658e-16,4.551662183005531e-16
4836,2.337009780026026e-13,5.067645308660703e-16,4.513384141567315e-16
4837,2.336582378015912e-13,5.052238587478487e-16,4.500002516538322e-16
4838,2.341513451426366e-13,5.019056680857391e-16,4.46935718800847e-16
4839,2.339908631368997e-13,5.026802340883348e-16,4.473263181666553e-16
4840,2.351226736985977e-13,5.007494470734578e-16,4.46224835064285e-16
4841,2.36466276883909e-13,5.005625138531849e-16,4.451267874228441e-16
4842,2.343315630056319e-13,4.965509017643469e-16,4.420646018344553e-16
4843,2.348282016694278e-13,4.951395396739314e-16,4.40702817837111e-16
4844,2.328636061586309e-13,4.941730716302344e-16,4.398498438500988e-16
4845,2.337646983815401e-13,4.888292301944077e-16,4.348404933616747e-16
4846,2.309554484843619e-13,4.896589058805345e-16,4.357800204765292e-16
4847,2.311430218401354e-13,4.847323842029819e-16,4.314872656057097e-16
4848,2.335968157254226e-13,4.870146953860882e-16,4.335963525605262e-16
4849,2.316559648661834e-13,4.826368110988339e-16,4.294928404911671e-16
4850,2.309068119120558e-13,4.836418108653638e-16,4.307533019087924e-16
4851,2.29815331801664e-13,4.784636569036932e-16,4.255425728846934e-16
4852,2.298413945384614e-13,4.759397603715849e-16,4.231663446890578e-16
4853,2.330715381044293e-13,4.782648970532007e-16,4.253889390083104e-16
4854,2.324002876434324e-13,4.750496709340746e-16,4.231327582165621e-16
4855,2.322165819211892e-13,4.761699665868513e-16,4.23981882778174e-16
4856,2.333244766858723e-13,4.723374624587424e-16,4.205671137144154e-16
4857,2.305648858875182e-13,4.683444315482035e-16,4.16974319032475e-16
4858,2.314064972518951e-13,4.68684076835352e-16,4.174697439273701e-16
4859,2.336898036252375e-13,4.698205029912648e-16,4.182576714241449e-16
4860,2.330338733661303e-13,4.675590674898151e-16,4.161307345810589e-16
4861,2.313039174645313e-13,4.66396879608541e-16,4.150055944797597e-16
4862,2.333320829330032e-13,4.645560928886534e-16,4.133692027058184e-16
4863,2.317350280985416e-13,4.646847950883123e-16,4.132594385403331e-16
4864,2.304631033114034e-13,4.611356632599215e-16,4.108035572005136e-16
4865,2.290237058453073e-13,4.57478129153608e-16,4.072053851196642e-16
4866,2.318775796658197e-13,4.582789673153861e-16,4.075407216717612e-16
4867,2.325187122493636e-13,4.565836306049978e-16,4.06632306394872e-16
4868,2.298221162461391e-13,4.506212293245699e-16,4.007139980868966e-16
4869,2.298453318256998e-13,4.544552152348889e-16,4.046582377133024e-16
4870,2.314277964948912e-13,4.523952380780531e-16,4.029849630157532e-16
4871,2.292568861098169e-13,4.507023038140767e-16,4.014591458622007e-16
4872,2.295675089939809e-13,4.477906159332091e-16,3.979975459646839e-16
4873,2.313815170034684e-13,4.476533693075004e-16,3.984704959328106e-16
4874,2.292543504362088e-13,4.426830572436708e-16,3.940506340890586e-16
4875,2.285767704924522e-13,4.438957940441813e-16,3.945921028172124e-16
4876,2.300045230803973e-13,4.426817802295733e-16,3.935450120344378e-16
4877,2.295459651184643e-13,4.426414716742243e-16,3.942939328604284e-16
4878,2.297353361611208e-13,4.394577104569737e-16,3.911673494710406e-16
4879,2.292320965585893e-13,4.357361344037316e-16,3.877526726815763e-16
4880,2.292418598662127e-13,4.365437951618198e-16,3.882216570089175e-16
4881,2.31704231071414e-13,4.359139844851626e-16,3.876486764419893e-16
4882,2.286814657690314e-13,4.340212637017259e-16,3.863486209172262e-16
4883,2.288880713801715e-13,4.324844377259649e-16,3.846735171011016e-16
4884,2.292933344217851e-13,4.288505511075321e-16,3.817114360128541e-16
4885,2.284900770999487e-13,4.295326787471397e-16,3.822348140162885e-16
4886,2.286614204871466e-13,4.285979765574701e-16,3.814689614684886e-16
4887,2.293023600373641e-13,4.26592274311141e-16,3.791753551793322e-16
4888,2.282249472035216e-13,4.253000350763889e-16,3.787337422351374e-16
4889,2.286919408042064e-13,4.211587658291556e-16,3.749355428400066e-16
4890,2.287700818932949e-13,4.216940098452238e-16,3.757028088970568e-16
4891,2.279314973121423e-13,4.164937535304943e-16,3.701588406975698e-16
4892,2.27272891813695e-13,4.161257488679834e-16,3.695913643884292e-16
4893,2.291722335833776e-13,4.180999843926055e-16,3.717186656317205e-16
4894,2.275530383985521e-13,4.153968515760893e-16,3.698354817516546e-16
4895,2.274329125992028e-13,4.141348099577859e-16,3.687250888256248e-16
4896,2.303683677301167e-13,4.137980685112783e-16,3.679839877255635e-16
4897,2.290190042921071e-13,4.119986572053192e-16,3.664804879386615e-16
4898,2.246294497405594e-13,4.071904174770619e-16,3.624645233054659e-16
4899,2.269509953827505e-13,4.086079427755507e-16,3.632972516739469e-16
4900,2.261915308533851e-13,4.052203270085826e-16,3.602155527223086e-16
4901,2.275406897279074e-13,4.061544501073339e-16,3.615249118359853e-16
4902,2.286961412750477e-13,4.044086184759744e-16,3.594385055006882e-16
4903,2.274128894384239e-13,4.03964747281214e-16,3.59844836612956e-16
4904,2.277795162589103e-13,4.021460022839061e-16,3.576994059333335e-16
4905,2.278037911285842e-13,4.017324499665533e-16,3.578918983143282e-16
4906,2.285753844943838e-13,4.008624517796917e-16,3.569178722525261e-16
4907,2.270397277152359e-13,3.973581930361717e-16,3.541218410864756e-16
4908,2.272038471889173e-13,3.968767508366737e-16,3.52727001103802e-16
4909,2.254595141485105e-13,3.94075316159822e-16,3.501496426074018e-16
4910,2.253244585275463e-13,3.918119998253755e-16,3.485393913295036e-16
4911,2.256671471314696e-13,3.920775623262548e-16,3.487582398828129e-16
4912,2.247226738387609e-13,3.874907096149835e-16,3.44481145649304e-16
4913,2.283990635737226e-13,3.916541364217976e-16,3.486403446245446e-16
4914,2.246660853339403e-13,3.873663629691561e-16,3.444816519720043e-16
4915,2.256283986433164e-13,3.873083553238152e-16,3.44032231519154e-16
4916,2.255508715456403e-13,3.856897010969657e-16,3.425674571532605e-16
4917,2.241117883068368e-13,3.863009975828602e-16,3.439515453983578e-16
4918,2.26335076496086e-13,3.844327900563554e-16,3.417504547525886e-16
4919,2.283209630477275e-13,3.830528309332985e-16,3.410215097693971e-16
4920,2.275210251294258e-13,3.805010407077664e-16,3.387044143342916e-16
4921,2.27009435122302e-13,3.79039934854286e-16,3.367315026777454e-16
4922,2.256674618716319e-13,3.782742726374482e-16,3.369033973283515e-16
4923,2.272553318476443e-13,3.779931461029715e-16,3.361749164587333e-16
4924,2.237445029969185e-13,3.762057694085642e-16,3.345423732505361e-16
4925,2.263297506577169e-13,3.751247368177249e-16,3.337134561671426e-16
4926,2.25674837640941e-13,3.729653536200272e-16,3.319881191111326e-16
4927,2.249872120692769e-13,3.707866699160853e-16,3.296696508413835e-16
4928,2.257158725405618e-13,3.720352130323097e-16,3.302824916535492e-16
4929,2.250026908970885e-13,3.713243764895276e-16,3.304789202114544e-16
4930,2.259416059863967e-13,3.686624155304688e-16,3.281648254075262e-16
4931,2.2501889188289e-13,3.676852492076368e-16,3.27043557636392e-16
4932,2.248659575468032e-13,3.675475205049212e-16,3.270687987091908e-16
4933,2.248769961491568e-13,3.657799049267241e-16,3.25642446893835e-16
4934,2.247694448724161e-13,3.635863282413338e-16,3.231866576353951e-16
4935,2.256894520001127e-13,3.623816094339678e-16,3.223341372964865e-16
4936,2.24486699169852e-13,3.608911118130117e-16,3.206238004728542e-16
4937,2.249311597953099e-13,3.580087463615655e-16,3.186727197738254e-16
4938,2.235879382351257e-13,3.596003397053595e-16,3.201279663443056e-16
4939,2.235970975378729e-13,3.577808987590361e-16,3.185687526000997e-16
4940,2.21500560281864e-13,3.531721863394805e-16,3.1391228650806e-16
4941,2.242323415271811e-13,3.541612430878332e-16,3.151078403322232e-16
4942,2.223553190918226e-13,3.537801108300994e-16,3.147597039904853e-16
4943,2.213662383189554e-13,3.532636800406559e-16,3.137205671381807e-16
4944,2.234208178298564e-13,3.528994302792523e-16,3.140088178580769e-16
4945,2.241031560384017e-13,3.494952749386267e-16,3.108607708606074e-16
4946,2.228220456115974e-13,3.488471976238073e-16,3.095221173240298e-16
4947,2.23246299413792e-13,3.486926924004218e-16,3.103002266321213e-16
4948,2.198678134926711e-13,3.438026088711111e-16,3.055078986907938e-16
4949,2.231376124469259e-13,3.461712601788454e-16,3.076373005734271e-16
4950,2.242391486319648e-13,3.4448253884765e-16,3.056471342803922e-16
4951,2.242481670222271e-13,3.440968643847219e-16,3.058955019260979e-16
4952,2.242080327980831e-13,3.422814390949384e-16,3.044641460971399e-16
4953,2.23273845692941e-13,3.410305376766717e-16,3.034378249821171e-16
4954,2.221340000323489e-13,3.405829055303802e-16,3.026640219350266e-16
4955,2.219162285018029e-13,3.405927180169019e-16,3.026170844070845e-16
4956,2.232039991683584e-13,3.372311191818831e-16,2.992727947046752e-16
4957,2.218602916046825e-13,3.350513008344432e-16,2.977924300260993e-16
4958,2.221657285597946e-13,3.36011811327957e-16,2.984223695730281e-16
4959,2.235177266201307e-13,3.357701754734672e-16,2.981843985530432e-16
4960,2.223273930810259e-13,3.287945550460034e-16,2.91819577524326e-16
4961,2.217357628375305e-13,3.337054254998207e-16,2.964708390002613e-16
4962,2.249723812753798e-13,3.311209944258117e-16,2.942147918498775e-16
4963,2.22859813322572e-13,3.308763241837409e-16,2.942062406525109e-16
4964,2.20690111132836e-13,3.248433934405821e-16,2.883988943795512e-16
4965,2.189150950126338e-13,3.236900756989965e-16,2.87116308771565e-16
4966,2.19909808818956e-13,3.253783832031305e-16,2.889519392712925e-16
4967,2.227760599718736e-13,3.265788600077926e-16,2.907691373802827e-16
4968,2.247760252449561e-13,3.261507714481019e-16,2.901108259036242e-16
4969,2.211925664248575e-13,3.218510545975092e-16,2.856173647247064e-16
4970,2.221726078638249e-13,3.230474057360174e-16,2.877705723126029e-16
4971,2.231776727024858e-13,3.219916665967709e-16,2.853778510737334e-16
4972,2.214247680037935e-13,3.205433872739974e-16,2.848818421086819e-16
4973,2.22823382310234e-13,3.190765654131239e-16,2.829741116410473e-16
4974,2.196794008201845e-13,3.13672109450803e-16,2.782726918392012e-16
4975,2.20064930619046e-13,3.176499010751164e-16,2.825116420867065e-16
4976,2.210151248402718e-13,3.141145207900057e-16,2.786228880982919e-16
4977,2.184767580173775e-13,3.115855072492363e-16,2.766033630177868e-16
4978,2.1681500826525e-13,3.104542311970622e-16,2.753211347763925e-16
4979,2.166383609576473e-13,3.090250403652468e-16,2.737809602705894e-16
4980,2.202520987815169e-13,3.116601174928912e-16,2.767514195229482e-16
4981,2.234198031656666e-13,3.112185182168938e-16,2.767501142979076e-16
4982,2.204534700670243e-13,3.112782161886147e-16,2.765144491930484e-16
4983,2.19123092566866e-13,3.060628960875192e-16,2.713393173986389e-16
4984,2.198964858603749e-13,3.071722730723478e-16,2.726566621234914e-16
4985,2.192056511872471e-13,3.063213710954136e-16,2.720328352700106e-16
4986,2.21951049842237e-13,3.066489105376513e-16,2.720537324471365e-16
4987,2.209398874018194e-13,3.029541680645101e-16,2.690265870006605e-16
4988,2.193158521739592e-13,2.995274490311674e-16,2.653410444422153e-16
4989,2.192061450116864e-13,3.022069450449253e-16,2.679355261004801e-16
4990,2.201291278626158e-13,3.01013053385274e-16,2.675270890866903e-16
4991,2.232017031941929e-13,3.010549274987135e-16,2.669738043562414e-16
4992,2.176235871481984e-13,2.975781047868664e-16,2.642223598071046e-16
4993,2.194361255731613e-13,2.985312867292621e-16,2.650568703508319e-16
4994,2.197155791922142e-13,2.933238160971904e-16,2.602965376208616e-16
4995,2.163956690088612e-13,2.943797724556904e-16,2.613556603658216e-16
4996,2.177769250148371e-13,2.915810089734559e-16,2.583392082605337e-16
4997,2.199703476271185e-13,2.951916726693278e-16,2.619279863606193e-16
4998,2.191749205460083e-13,2.947980109199096e-16,2.620442277876276e-16
4999,2.191475695347422e-13,2.9332198415258e-16,2.608148320958657e-16
5000,2.210840614276301e-13,2.922781192201173e-16,2.594916682278724e-16
5001,2.174840410982394e-13,2.875652714127331e-16,2.552496194390694e-16
5002,2.210572443487093e-13,2.907252223895256e-16,2.580851830667747e-16
5003,2.176261285611807e-13,2.876563756655504e-16,2.55481509865987e-16
5004,2.163375669732389e-13,2.841643130694411e-16,2.521145900431154e-16
5005,2.166644893881477e-13,2.857209018726028e-16,2.534435120172946e-16
5006,2.181705045638598e-13,2.841722338066841e-16,2.518448105460555e-16
5007,2.19224319234989e-13,2.85878656770288e-16,2.542902172473553e-16
5008,2.176395892885695e-13,2.79963703881451e-16,2.481406507348815e-16
5009,2.157336524098107e-13,2.799621783390098e-16,2.477366374612406e-16
5010,2.175736933482157e-13,2.807100225780895e-16,2.492480542695716e-16
5011,2.191276780384943e-13,2.816388217509263e-16,2.496398429428684e-16
5012,2.191897634305863e-13,2.797653662620068e-16,2.484938247542293e-16
5013,2.171460972451795e-13,2.758070183718246e-16,2.442506850994204e-16
5014,2.172083476985154e-13,2.784353590989381e-16,2.467817769992019e-16
5015,2.199256216189123e-13,2.794751387318662e-16,2.482437640762564e-16
5016,2.175809605722516e-13,2.750060882247859e-16,2.435549514482301e-16
5017,2.196772256487498e-13,2.764766336617691e-16,2.453418142867755e-16
5018,2.188503076517934e-13,2.759434655496159e-16,2.447690591359577e-16
5019,2.215753132353702e-13,2.759369649304849e-16,2.449883054461697e-16
5020,2.201146046399925e-13,2.743678579062753e-16,2.436649135607594e-16
5021,2.207255601391148e-13,2.726942121556603e-16,2.415909081907376e-16
5022,2.19999502686606e-13,2.710424512799385e-16,2.405055239947322e-16
5023,2.193882509708164e-13,2.716606301810266e-16,2.410521839276748e-16
5024,2.163179242137222e-13,2.678044411672778e-16,2.374819977820531e-16
5025,2.162110519111017e-13,2.672171971970314e-16,2.372729197342519e-16
5026,2.16961098579975e-13,2.673435290949961e-16,2.369303300056375e-16
5027,2.15492671825311e-13,2.664836123127624e-16,2.361845964252962e-16
5028,2.177887572521463e-13,2.675132394782809e-16,2.369592374653997e-16
5029,2.179076083085077e-13,2.631816574041556e-16,2.329046168490916e-16
5030,2.172461542734679e-13,2.640889455781545e-16,2.332937481844841e-16
5031,2.188786124675615e-13,2.646469368770463e-16,2.348529199808442e-16
5032,2.173101990568363e-13,2.594202650155009e-16,2.29804171951461e-16
5033,2.14980254873042e-13,2.615106471422973e-16,2.318030424722003e-16
5034,2.173523286232858e-13,2.619872622833764e-16,2.321096741530467e-16
5035,2.173379605455919e-13,2.60699723814387e-16,2.318783700063469e-16
5036,2.185099324320142e-13,2.595372292232946e-16,2.29642841198103e-16
5037,2.166518976775113e-13,2.585770139628482e-16,2.287103769230493e-16
5038,2.191165246060207e-13,2.592407548966998e-16,2.302009371225882e-16
5039,2.165887740881649e-13,2.566528046860611e-16,2.273480445847623e-16
5040,2.153531427828095e-13,2.533819267688772e-16,2.242704977868474e-16
5041,2.162411485978871e-13,2.564518041781753e-16,2.265876342627595e-16
5042,2.181626301047471e-13,2.570509276140008e-16,2.278525351008009e-16
5043,2.183340076874303e-13,2.544765237158723e-16,2.258541901184505e-16
5044,2.175991110279991e-13,2.5439552679546e-16,2.259405037616017e-16
5045,2.152017389373314e-13,2.510907905018907e-16,2.224542785624543e-16
5046,2.173413663281514e-13,2.519229220908393e-16,2.240142145154695e-16
5047,2.162721230390171e-13,2.51036523974049e-16,2.22156933395174e-16
5048,2.161243789418423e-13,2.489914866692239e-16,2.207007116020976e-16
5049,2.160964501848735e-13,2.470026519571427e-16,2.187444449124007e-16
5050,2.183531048239339e-13,2.481167972279866e-16,2.201572052210134e-16
5051,2.146742533964878e-13,2.438800581580925e-16,2.158582999070015e-16
5052,2.139948132584572e-13,2.419585012629864e-16,2.136596974580264e-16
5053,2.148187559748286e-13,2.446331305333391e-16,2.169280592449999e-16
5054,2.171248895588085e-13,2.448004290874359e-16,2.171934976703919e-16
5055,2.15346423795039e-13,2.442437002057443e-16,2.160785849149399e-16
5056,2.17389828672767e-13,2.431628610710905e-16,2.145366392415531e-16
5057,2.16525862583557e-13,2.41167058568433e-16,2.134091144223933e-16
5058,2.162269737503913e-13,2.40503500009323e-16,2.128203641954529e-16
5059,2.178648980081691e-13,2.42534445078563e-16,2.142376668355006e-16
5060,2.186740891294941e-13,2.413218751644265e-16,2.139738702813152e-16
5061,2.162396190176532e-13,2.399449337346947e-16,2.12381285612275e-16
5062,2.167927958397815e-13,2.38967132374238e-16,2.118946891417359e-16
5063,2.156714773320018e-13,2.380143155959235e-16,2.106946219376039e-16
5064,2.156884109250404e-13,2.376828982496308e-16,2.104632954445772e-16
5065,2.162980596788652e-13,2.366388864594333e-16,2.095507560042403e-16
5066,2.164202027823729e-13,2.356209571252752e-16,2.087819656458352e-16
5067,2.160517861122526e-13,2.352406694105264e-16,2.086213729940989e-16
5068,2.153800856890782e-13,2.333591363965832e-16,2.063189556720436e-16
5069,2.163481523067229e-13,2.332996321578981e-16,2.070364211082222e-16
5070,2.152088860144576e-13,2.329754441739493e-16,2.068635600867725e-16
5071,2.139405211391008e-13,2.272715291334689e-16,2.004858090054319e-16
5072,2.157803418771391e-13,2.314766772609745e-16,2.04543824458153e-16
5073,2.161753579813836e-13,2.303297974506182e-16,2.037881776605493e-16
5074,2.17669401740274e-13,2.305839736474157e-16,2.046431770046982e-16
5075,2.176052735949082e-13,2.299469054949444e-16,2.039739549293538e-16
5076,2.171734475416885e-13,2.293890693051346e-16,2.030458730612237e-16
5077,2.158230871454022e-13,2.269773694322816e-16,2.005996177078491e-16
5078,2.154970752194601e-13,2.277720509430658e-16,2.017197005570957e-16
5079,2.156233118648902e-13,2.257373582605059e-16,1.999652621847543e-16
5080,2.129402522316749e-13,2.232095003662639e-16,1.970160747017317e-16
5081,2.136784530063622e-13,2.234516440214537e-16,1.983619086960214e-16
5082,2.173101308401661e-13,2.257039021444036e-16,1.999104342935296e-16
5083,2.15688730682296e-13,2.202958610976268e-16,1.948877547879994e-16
5084,2.149760872258539e-13,2.222100297242661e-16,1.967862175204824e-16
5085,2.160791950226072e-13,2.183181774595585e-16,1.926827816451056e-16
5086,2.153331975556357e-13,2.214670829728135e-16,1.960512500454857e-16
5087,2.15666582684031e-13,2.199221491122829e-16,1.948690085678645e-16
5088,2.14063928443556e-13,2.173692689562134e-16,1.921167000607084e-16
5089,2.167059423191121e-13,2.196238922835016e-16,1.940495799854661e-16
5090,2.144342489068806e-13,2.150637606537749e-16,1.901529522122759e-16
5091,2.162524480439544e-13,2.184169614994502e-16,1.934369674140928e-16
5092,2.167078521388475e-13,2.168657454337615e-16,1.920308433106939e-16
5093,2.154673048707117e-13,2.16893678521107e-16,1.916758776124975e-16
5094,2.153705365515286e-13,2.12701635955223e-16,1.878994984968693e-16
5095,2.139376567073132e-13,2.127461528661906e-16,1.878844892719445e-16
5096,2.153035687889868e-13,2.156425008052272e-16,1.916766177590183e-16
5097,2.15567585625502e-13,2.140543656887027e-16,1.897226525514633e-16
5098,2.181318266799163e-13,2.140047048949981e-16,1.903243939370254e-16
5099,2.151086516837692e-13,2.130174406100153e-16,1.888798833141975e-16
5100,2.129004106353651e-13,2.129941190929935e-16,1.886285505505984e-16
5101,2.160767264345975e-13,2.11227032292127e-16,1.872714515016783e-16
5102,2.150113005328221e-13,2.103671601463649e-16,1.858635262246279e-16
5103,2.159382920376074e-13,2.103159065136799e-16,1.86663569528512e-16
5104,2.156645873053606e-13,2.102481770410411e-16,1.865412138356293e-16
5105,2.132498657872484e-13,2.035419240269186e-16,1.793584399519e-16
5106,2.123437772616047e-13,2.053637959304607e-16,1.814349834647501e-16
5107,2.127826699805208e-13,2.077165948061368e-16,1.834948927347946e-16
5108,2.121882858079423e-13,2.058459433470173e-16,1.815819895097845e-16
5109,2.140200118463743e-13,2.070248040750825e-16,1.830048089382956e-16
5110,2.144532037038929e-13,2.057088634269515e-16,1.821607943453006e-16
5111,2.129136262700299e-13,2.02879298861016e-16,1.789585726444872e-16
5112,2.155243879636333e-13,2.0513167505472e-16,1.818106657452259e-16
5113,2.131096535936864e-13,2.000701620835923e-16,1.763814282153798e-16
5114,2.124268706319129e-13,1.979386113227115e-16,1.745366225126918e-16
5115,2.133447207643229e-13,2.03224424884874e-16,1.794538005650361e-16
5116,2.156550424312746e-13,2.025629731082645e-16,1.788469528579661e-16
5117,2.152651658946782e-13,2.008839851552379e-16,1.778717328431463e-16
5118,2.169371787364316e-13,2.000071732925235e-16,1.765240508435635e-16
5119,2.159094224032086e-13,1.992958295558776e-16,1.765899806002435e-16
5120,2.181195141496487e-13,2.014078913982095e-16,1.783790054921159e-16
5121,2.136832292679828e-13,1.974890843577619e-16,1.736971494936865e-16
5122,2.098300183250114e-13,1.926533115917042e-16,1.695636360694549e-16
5123,2.12632266381202e-13,1.962720411212732e-16,1.729579038400222e-16
5124,2.105022803228223e-13,1.929885678867582e-16,1.700532892315957e-16
5125,2.125549040112165e-13,1.939724803946348e-16,1.709619741698218e-16
5126,2.128512848281128e-13,1.953546801459788e-16,1.725984617629553e-16
5127,2.146446586108971e-13,1.951750140790847e-16,1.731114346165327e-16
5128,2.150526253880886e-13,1.94511151951625e-16,1.719980173754547e-16
5129,2.128423554476831e-13,1.922942608132868e-16,1.697485842450588e-16
5130,2.134649036301313e-13,1.908807417790844e-16,1.683762039644365e-16
5131,2.144547640688413e-13,1.922151713525423e-16,1.70027523687194e-16
5132,2.13529580966026e-13,1.931934305324663e-16,1.714907428244108e-16
5133,2.139551738543967e-13,1.914348705468783e-16,1.693213239676489e-16
5134,2.103535921568898e-13,1.880988329744976e-16,1.658327558224938e-16
5135,2.139665424074457e-13,1.903073059083684e-16,1.681835107711021e-16
5136,2.135893413773531e-13,1.892778232070848e-16,1.670345611894976e-16
5137,2.119279405859525e-13,1.847126497801669e-16,1.625224581337729e-16
5138,2.127587975805486e-13,1.884296855038903e-16,1.654178187405657e-16
5139,2.145949423929475e-13,1.889060363470083e-16,1.663448674411998e-16
5140,2.142273636852636e-13,1.879039692243455e-16,1.665472054278233e-16
5141,2.136813999186133e-13,1.866653756123581e-16,1.644046541827237e-16
5142,2.119688100193003e-13,1.828832192357759e-16,1.612514995600467e-16
5143,2.136439722276318e-13,1.864200169544338e-16,1.652921157617737e-16
5144,2.131992982170788e-13,1.847793045466469e-16,1.628424520158146e-16
5145,2.150212517312826e-13,1.855341996485514e-16,1.644706224377935e-16
5146,2.129719502678327e-13,1.8378215097737e-16,1.614001978602728e-16
5147,2.138440088609651e-13,1.841086519598098e-16,1.626557390584526e-16
5148,2.130039169611279e-13,1.813866887550175e-16,1.598467293558373e-16
5149,2.106486397624118e-13,1.791661983871533e-16,1.578222980256407e-16
5150,2.126310032436126e-13,1.796421194146172e-16,1.58346118885445e-16
5151,2.130169397543221e-13,1.801304882934878e-16,1.583093240948889e-16
5152,2.144407039661962e-13,1.81799568796057e-16,1.607954766187874e-16
5153,2.110250196770185e-13,1.768165945285551e-16,1.55877977184931e-16
5154,2.145218909425875e-13,1.797924619609352e-16,1.577710318829251e-16
5155,2.125177580850149e-13,1.790647740437522e-16,1.583846163682332e-16
5156,2.150315738548307e-13,1.793917071057205e-16,1.575647911315939e-16
5157,2.097622885849847e-13,1.733907085624622e-16,1.527452937315978e-16
5158,2.123624555078021e-13,1.776056714775929e-16,1.564549717662522e-16
5159,2.123309941565674e-13,1.759498262262977e-16,1.551635715669313e-16
5160,2.12912129771765e-13,1.754847545947257e-16,1.551747493400428e-16
5161,2.14002690492583e-13,1.752922290337032e-16,1.544662764474487e-16
5162,2.138959718376638e-13,1.743421353864493e-16,1.540243161242443e-16
5163,2.099860031190846e-13,1.718220108192885e-16,1.510276890435091e-16
5164,2.121232320295366e-13,1.741234415550379e-16,1.54206553641589e-16
5165,2.119642098838654e-13,1.705083314714723e-16,1.495291569128378e-16
5166,2.114308130872235e-13,1.736269100245194e-16,1.532870105552216e-16
5167,2.122699913468929e-13,1.718177317711496e-16,1.510188924670516e-16
5168,2.098274387853797e-13,1.674567669434179e-16,1.467732765998705e-16
5169,2.113113955783219e-13,1.705149319941786e-16,1.499523153981722e-16
5170,2.119483596419218e-13,1.711689012768777e-16,1.513965272118977e-16
5171,2.095729067156387e-13,1.677651086706196e-16,1.479263806237795e-16
5172,2.086583154129785e-13,1.691235864394448e-16,1.488491856768555e-16
5173,2.138361655025648e-13,1.702593700895531e-16,1.502992012147359e-16
5174,2.110221962447025e-13,1.670449515383736e-16,1.472986816858463e-16
5175,2.11424294643999e-13,1.687215719703897e-16,1.485791802600753e-16
5176,2.118468216130583e-13,1.668864576519961e-16,1.463139826485887e-16
5177,2.103937355399565e-13,1.648860554402417e-16,1.445430255841167e-16
5178,2.107160784734032e-13,1.661870013060132e-16,1.460776148281357e-16
5179,2.126459105666797e-13,1.664485032143554e-16,1.467814620087206e-16
5180,2.126969802223761e-13,1.664434646655821e-16,1.457102927002781e-16
5181,2.133222034360072e-13,1.668367248854247e-16,1.475224243440011e-16
5182,2.138369429927872e-13,1.643681215832939e-16,1.452086639044266e-16
5183,2.127349232582561e-13,1.652591576794573e-16,1.456480691895095e-16
5184,2.12975041898337e-13,1.636582798050603e-16,1.435384330164946e-16
5185,2.119071206904292e-13,1.642054503813225e-16,1.453759447996926e-16
5186,2.123348629274393e-13,1.620324879324e-16,1.420968292221209e-16
5187,2.118662483892752e-13,1.629914623235759e-16,1.439417295472513e-16
5188,2.114769532348652e-13,1.592296187571452e-16,1.400902790405481e-16
5189,2.109964259300898e-13,1.604384391142587e-16,1.41245788839837e-16
5190,2.13146413675186e-13,1.616219743130938e-16,1.423332449335557e-16
5191,2.103093362519643e-13,1.590999239603548e-16,1.399206135979991e-16
5192,2.123822088201816e-13,1.584245052853795e-16,1.394728892126115e-16
5193,2.11773121398979e-13,1.572938281456329e-16,1.380011848563149e-16
5194,2.100774260005061e-13,1.56398584500371e-16,1.374218300688464e-16
5195,2.12381018408502e-13,1.580881182934624e-16,1.387625808135864e-16
5196,2.118362940783459e-13,1.580421647992561e-16,1.39981977629084e-16
5197,2.14452129224564e-13,1.585751121848256e-16,1.400076626670069e-16
5198,2.136112801035115e-13,1.565443045143929e-16,1.372937665447828e-16
5199,2.141051082319685e-13,1.561040591893673e-16,1.37150863443899e-16
5200,2.123260776081878e-13,1.570279471931802e-16,1.384874903893607e-16
5201,2.117740771195317e-13,1.54551732492684e-16,1.356762663703732e-16
5202,2.085040829174574e-13,1.508484935657021e-16,1.320393091305214e-16
5203,2.12019053962494e-13,1.552336565047465e-16,1.371534314980301e-16
5204,2.145222626137812e-13,1.547468538063714e-16,1.36513405903652e-16
5205,2.138165663532641e-13,1.537706693105981e-16,1.347915333148657e-16
5206,2.130904955862095e-13,1.545755311271045e-16,1.368490007608227e-16
5207,2.109948950595313e-13,1.501158479094738e-16,1.316787425254719e-16
5208,2.088761620181012e-13,1.498164293674959e-16,1.3121741205912e-16
5209,2.143107040179499e-13,1.53847403308874e-16,1.357274549409487e-16
5210,2.102347600064812e-13,1.517465592109664e-16,1.333640282041767e-16
5211,2.12802207981723e-13,1.51829507781106e-16,1.334201418204573e-16
5212,2.120701280145737e-13,1.517179583598265e-16,1.339797076232809e-16
5213,2.085771101062021e-13,1.472190721160857e-16,1.285628706194053e-16
5214,2.09673045089557e-13,1.473945126751861e-16,1.293676377951931e-16
5215,2.10216398219625e-13,1.454879401693973e-16,1.27055791816409e-16
5216,2.0928099312948e-13,1.506755298268254e-16,1.319425343765923e-16
5217,2.096367806407068e-13,1.49921597581327e-16,1.323195950266802e-16
5218,2.093091285578427e-13,1.47747719119147e-16,1.295816216229206e-16
5219,2.106197170027497e-13,1.467960732036157e-16,1.290806284332853e-16
5220,2.067135407453153e-13,1.432302629565745e-16,1.252718770860685e-16
5221,2.102738891517045e-13,1.463306897361014e-16,1.288684521034371e-16
5222,2.117129151071138e-13,1.470925176307535e-16,1.292653718468686e-16
5223,2.096699440969884e-13,1.443418918230657e-16,1.268112495500934e-16
5224,2.12238958111347e-13,1.456653161202281e-16,1.275860593887987e-16
5225,2.113572137241197e-13,1.451685562453523e-16,1.277864395662911e-16
5226,2.129717842197223e-13,1.451518244261355e-16,1.277745324092856e-16
5227,2.102264548422526e-13,1.435729381367226e-16,1.25667111812344e-16
5228,2.070362574177356e-13,1.408652675300584e-16,1.234344466500528e-16
5229,2.106646805222385e-13,1.432748241496593e-16,1.259433611359149e-16
5230,2.081517885847762e-13,1.417408242305307e-16,1.236179281517379e-16
5231,2.110677068744007e-13,1.404683637775889e-16,1.233187128981806e-16
5232,2.105471509038222e-13,1.410662393244066e-16,1.224937447538712e-16
5233,2.085263171367482e-13,1.398956471464834e-16,1.222570749950311e-16
5234,2.095010145850236e-13,1.383302408064794e-16,1.207186686486911e-16
5235,2.084718813487031e-13,1.364913873081978e-16,1.190332102345646e-16
5236,2.073679567551018e-13,1.357380676355403e-16,1.181780040374672e-16
5237,2.1068556500798e-13,1.412584819386786e-16,1.241509612095089e-16
5238,2.100686935945986e-13,1.402350577904302e-16,1.232959624535817e-16
5239,2.111079542809613e-13,1.374351155880181e-16,1.211022960552667e-16
5240,2.113032720414009e-13,1.388271055310007e-16,1.21082618605957e-16
5241,2.118798591667544e-13,1.376208272927954e-16,1.207211514431881e-16
5242,2.102414398406091e-13,1.35846163647349e-16,1.190367388077841e-16
5243,2.094017708186705e-13,1.375776558073101e-16,1.210222811527975e-16
5244,2.106545470707444e-13,1.390299794808694e-16,1.223692567680166e-16
5245,2.115734560694292e-13,1.367322276133457e-16,1.198635872060067e-16
5246,2.125441923901813e-13,1.349467934336322e-16,1.186740253998464e-16
5247,2.110802121608697e-13,1.369692435889671e-16,1.203190578268586e-16
5248,2.080175142911516e-13,1.314956120986417e-16,1.14834879055698e-16
5249,2.083957132275144e-13,1.350688819527661e-16,1.191598495896394e-16
5250,2.09675053037921e-13,1.352360412120733e-16,1.190027674921838e-16
5251,2.106057508041426e-13,1.34946539333429e-16,1.187419854800401e-16
5252,2.115433364050834e-13,1.344514385519933e-16,1.178457866008841e-16
5253,2.108230316589424e-13,1.352773696288593e-16,1.191159225883991e-16
5254,2.087066427462442e-13,1.320721482008617e-16,1.155443472272805e-16
5255,2.067670189118045e-13,1.297766295167979e-16,1.13115061794241e-16
5256,2.092963215159657e-13,1.317283397773724e-16,1.152417205148055e-16
5257,2.069045500890333e-13,1.278714420646186e-16,1.114845236850739e-16
5258,2.108359467733497e-13,1.320691810651449e-16,1.165611263700061e-16
5259,2.12085032770785e-13,1.291202474613193e-16,1.134658812060382e-16
5260,2.082941015260014e-13,1.316730058098373e-16,1.158457333094287e-16
5261,2.101950704992006e-13,1.288765078473411e-16,1.123979716251364e-16
5262,2.08134106995905e-13,1.250169196559149e-16,1.089780729885345e-16
5263,2.094118765965244e-13,1.303508075569346e-16,1.140209617802692e-16
5264,2.085011026925087e-13,1.299282531896873e-16,1.133193535881938e-16
5265,2.09445993641627e-13,1.27966670726935e-16,1.123733288663901e-16
5266,2.076149159581233e-13,1.24443443086901e-16,1.08197810380042e-16
5267,2.078600066518629e-13,1.246077855901096e-16,1.084600357802477e-16
5268,2.096878622278312e-13,1.275012818818302e-16,1.114826529476241e-16
5269,2.092738480674673e-13,1.275456150097767e-16,1.118505381937142e-16
5270,2.073946390333379e-13,1.241916038212244e-16,1.080866794550439e-16
5271,2.095447382792907e-13,1.283912884667446e-16,1.131242519938047e-16
5272,2.096826280790069e-13,1.264330882034568e-16,1.109360350674458e-16
5273,2.10251509231056e-13,1.270477784897771e-16,1.119287398995271e-16
5274,2.077661966058072e-13,1.231313015776579e-16,1.075837466390246e-16
5275,2.089657758655568e-13,1.24876645211889e-16,1.088611846850123e-16
5276,2.10168412539008e-13,1.244938644679944e-16,1.090059104875088e-16
5277,2.095375571709479e-13,1.263564202227275e-16,1.109136605722306e-16
5278,2.095248939795838e-13,1.248445201900532e-16,1.08484219575236e-16
5279,2.093742824448797e-13,1.256915087452486e-16,1.102478934808142e-16
5280,2.111225112802473e-13,1.237976112452428e-16,1.082358750448095e-16
5281,2.108355032803512e-13,1.24389363849749e-16,1.0884592622405e-16
5282,2.112300046077411e-13,1.23605185161352e-16,1.086246705571398e-16
5283,2.112702607205451e-13,1.243623258653663e-16,1.093157077195271e-16
5284,2.121081420308513e-13,1.204417872160807e-16,1.050539377844727e-16
5285,2.117928436407412e-13,1.236831002807512e-16,1.087561827057052e-16
5286,2.091693003694237e-13,1.232551139054329e-16,1.077697780527072e-16
5287,2.080460545441527e-13,1.212767232771801e-16,1.055042166651123e-16
5288,2.09373519145721e-13,1.215262082524312e-16,1.065294361399953e-16
5289,2.099904522163086e-13,1.20293332649076e-16,1.056460507251082e-16
5290,2.111485327128609e-13,1.203093484747311e-16,1.055149048591925e-16
5291,2.08054520030911e-13,1.198822285913877e-16,1.043545448171622e-16
5292,2.107091089231359e-13,1.2296469229061e-16,1.075568936212134e-16
5293,2.065099558068531e-13,1.151258442928304e-16,1.000552041792653e-16
5294,2.076128779134688e-13,1.149984967731588e-16,9.997505615190235e-17
5295,2.077112934568916e-13,1.167574458849026e-16,1.021121533715749e-16
5296,2.078387098628663e-13,1.188066242867133e-16,1.032515494005667e-16
5297,2.097653348522372e-13,1.173552887871165e-16,1.014903579666067e-16
5298,2.096943135152356e-13,1.180789661278549e-16,1.02759265545807e-16
5299,2.085595731227277e-13,1.191556624083043e-16,1.035731960971727e-16
5300,2.092490312513906e-13,1.133590745366113e-16,9.833514110550483e-17
5301,2.068816205427318e-13,1.119186132844208e-16,9.720542858073685e-17
5302,2.097126053737664e-13,1.155812767232796e-16,1.012401671630611e-16
5303,2.089004916155991e-13,1.180845576515927e-16,1.037212127088638e-16
5304,2.110236005794258e-13,1.140311709758602e-16,9.898133116968823e-17
5305,2.081980898963545e-13,1.135100318269103e-16,9.849554848166712e-17
5306,2.090740228994164e-13,1.160827081785847e-16,1.017762152021785e-16
5307,2.082557927689672e-13,1.116908241936903e-16,9.706924251239397e-17
5308,2.064872643060211e-13,1.12760209970728e-16,9.825122866801692e-17
5309,2.094360994005311e-13,1.128032228878608e-16,9.829164044575626e-17
5310,2.087030064319428e-13,1.155658376322723e-16,1.011330266768883e-16
5311,2.084879534412248e-13,1.137237268283795e-16,9.914838541960276e-17
5312,2.110196881481796e-13,1.135827107198963e-16,9.93565086958291e-17
5313,2.082939667052534e-13,1.129744639342957e-16,9.917050713726706e-17
5314,2.100949591932598e-13,1.133283594327604e-16,9.895811428638244e-17
5315,2.086869073466812e-13,1.150244591450208e-16,1.010179265222084e-16
5316,2.081975220857757e-13,1.120213555832222e-16,9.75476238387727e-17
5317,2.104118293493213e-13,1.112854155157037e-16,9.661805784231544e-17
5318,2.061753665171082e-13,1.09132972326452e-16,9.460090857985843e-17
5319,2.095803557525683e-13,1.131119814830733e-16,9.899323996342523e-17
5320,2.128627248944925e-13,1.135438385156113e-16,9.971790496131703e-17
5321,2.106281668839775e-13,1.112825596523485e-16,9.754822485972765e-17
5322,2.056914311676299e-13,1.074116921295662e-16,9.280354802406631e-17
5323,2.063826506873078e-13,1.071429414059399e-16,9.273741740969472e-17
5324,2.08087697873874e-13,1.118646435901642e-16,9.731023631764484e-17
5325,2.115714274758701e-13,1.112901074117755e-16,9.688561910242871e-17
5326,2.08013106505635e-13,1.088232646543801e-16,9.434427883989441e-17
5327,2.093245286758482e-13,1.097765882268521e-16,9.566373231802641e-17
5328,2.096738588743935e-13,1.101543968896549e-16,9.625959303612855e-17
5329,2.104983623603591e-13,1.084137932259157e-16,9.44681531705532e-17
5330,2.092402585093564e-13,1.092109328370604e-16,9.479087874671257e-17
5331,2.086990058548423e-13,1.04572650772238e-16,9.063659863780478e-17
5332,2.086517357376402e-13,1.078328524804404e-16,9.400462224928026e-17
5333,2.093840766751532e-13,1.083683101728949e-16,9.419693781385496e-17
5334,2.084334111669086e-13,1.075010194754094e-16,9.387473209829119e-17
5335,2.070705867394326e-13,1.049106632954605e-16,9.099054939457372e-17
5336,2.080156901406997e-13,1.072049110936936e-16,9.246065206487533e-17
5337,2.06794595570639e-13,1.057208589212219e-16,9.12924115943471e-17
5338,2.097852355061539e-13,1.069188756743744e-16,9.347573749979325e-17
5339,2.082002789854897e-13,1.070826877151232e-16,9.37048443391327e-17
5340,2.100581944357439e-13,1.071928373982382e-16,9.366654245659442e-17
5341,2.086353816859748e-13,1.061957498952441e-16,9.246195167575066e-17
5342,2.09398822134574e-13,1.053216921992152e-16,9.22158336410638e-17
5343,2.0763585238539e-13,1.035586326578801e-16,8.999658209418674e-17
5344,2.084758994900192e-13,1.050145918851691e-16,9.211499639827679e-17
5345,2.098024701285578e-13,1.054124237273756e-16,9.246623757508001e-17
5346,2.072569096113255e-13,1.042517565599137e-16,9.12536402534744e-17
5347,2.062404792730079e-13,9.963218195352433e-17,8.552615304014812e-17
5348,2.094288995241712e-13,1.050134844917621e-16,9.110084910904454e-17
5349,2.090008108694649e-13,1.018512607067669e-16,8.840756083813975e-17
5350,2.114907398187703e-13,1.028551733765792e-16,8.91175745232757e-17
5351,2.07661342145294e-13,1.022158278651417e-16,8.867681491797496e-17
5352,2.070083014899646e-13,1.012231955911026e-16,8.766984158555767e-17
5353,2.071026796049147e-13,1.025735907162258e-16,8.95386581034533e-17
5354,2.099990010951593e-13,1.017673455796375e-16,8.83508006892077e-17
5355,2.088242319904517e-13,1.023184853554594e-16,8.968905782199545e-17
5356,2.061157721187806e-13,9.775630632619488e-17,8.40805879377923e-17
5357,2.098935540182333e-13,1.028042037824759e-16,8.925065427686151e-17
5358,2.066012911907175e-13,9.742516426420396e-17,8.417517539428068e-17
5359,2.060517383476876e-13,9.767988726606999e-17,8.439790868862072e-17
5360,2.078965643944e-13,1.004432742177842e-16,8.759404361225616e-17
5361,2.089173129654369e-13,1.002418115918108e-16,8.679223708753318e-17
5362,2.063647618401895e-13,9.613512032812722e-17,8.261542554265114e-17
5363,2.074108284062171e-13,9.987782533944759e-17,8.732413775315815e-17
5364,2.059203223113522e-13,9.682992796426278e-17,8.332524992739681e-17
5365,2.09818416127892e-13,1.002713716437865e-16,8.799067647211704e-17
5366,2.072132382723905e-13,9.841799186942729e-17,8.480374733016284e-17
5367,2.066337540395635e-13,9.817015805339428e-17,8.485023870051903e-17
5368,2.063769776537874e-13,9.533138925282053e-17,8.203903443061324e-17
5369,2.084738976998521e-13,9.725798619365276e-17,8.354597819784197e-17
5370,2.072999742205297e-13,9.740965754464038e-17,8.50446034983396e-17
5371,2.065538387540219e-13,9.58919326470339e-17,8.368548817824111e-17
5372,2.08711306515126e-13,9.826491421778041e-17,8.592232296084804e-17
5373,2.060706839393805e-13,9.41668879648878e-17,8.1667403114185e-17
5374,2.07716616413661e-13,9.358511711391586e-17,8.116713272428826e-17
5375,2.067711242722985e-13,9.414419381627278e-17,8.155691003186327e-17
5376,2.08037271667615e-13,9.605937655548196e-17,8.330754707759286e-17
5377,2.069026406505017e-13,9.528451752886473e-17,8.228139148703162e-17
5378,2.077890945585901e-13,9.383791122224138e-17,8.094452339239433e-17
5379,2.093197848328518e-13,9.584157315476737e-17,8.384272611311736e-17
5380,2.095746289417255e-13,9.666567406590213e-17,8.476176120823884e-17
5381,2.086488895697779e-13,9.454511396749717e-17,8.159252688811666e-17
5382,2.07801437009594e-13,9.585280043697746e-17,8.302829858764504e-17
5383,2.080407250993951e-13,9.452821996937116e-17,8.207675302548576e-17
5384,2.110560032168813e-13,9.667934794566165e-17,8.361405877410379e-17
5385,2.0861879614705e-13,9.27009634755901e-17,8.036530355878916e-17
5386,2.073332637587131e-13,9.421433826532195e-17,8.182255961051621e-17
5387,2.042495208876139e-13,8.824506414911559e-17,7.491101229083184e-17
5388,2.051084941111934e-13,9.163833490513621e-17,7.935665151652141e-17
5389,2.071968887650757e-13,9.376952640073534e-17,8.048351137186216e-17
5390,2.037622113942373e-13,8.888539307357622e-17,7.583159123399814e-17
5391,2.076916618989984e-13,9.451268943834197e-17,8.223375945219848e-17
5392,2.044532870483547e-13,8.825399269568431e-17,7.560286268609841e-17
5393,2.061869724359805e-13,9.209398611981947e-17,7.93869634875716e-17
5394,2.080108598020603e-13,9.240433937079802e-17,7.933180465843453e-17
5395,2.049273223860139e-13,8.672047941718692e-17,7.369743898647692e-17
5396,2.073944262789848e-13,9.185940024412982e-17,8.034081060700802e-17
5397,2.079498250954089e-13,9.125755369044329e-17,7.882152996628496e-17
5398,2.086694629079522e-13,9.048182329685511e-17,7.903967789966664e-17
5399,2.083632970899271e-13,9.113431238398557e-17,7.888939931821182e-17
5400,2.063752118551035e-13,9.086632588504224e-17,7.820533845192196e-17
5401,2.050641062219771e-13,8.592621404912098e-17,7.378425767299729e-17
5402,2.070485288833259e-13,9.198307233826247e-17,8.026887820710817e-17
5403,2.087165722950878e-13,9.15430010090365e-17,7.993929041598772e-17
5404,2.091556573952712e-13,9.023516466287085e-17,7.780248792374219e-17
5405,2.041786623321572e-13,8.464219801966904e-17,7.215465206015214e-17
5406,2.074576625830209e-13,8.926598548776564e-17,7.65834559166174e-17
5407,2.054187502622576e-13,8.602636297555798e-17,7.414853380622108e-17
5408,2.080014824331859e-13,9.034763408093352e-17,7.790512816576598e-17
5409,2.062967293566344e-13,8.693399119813453e-17,7.423596161680368e-17
5410,2.073600678604032e-13,9.107663833641535e-17,7.909692396901385e-17
5411,2.083028100677988e-13,9.058810151047677e-17,7.904184485303511e-17
5412,2.091707983611548e-13,8.877997379879933e-17,7.729799195599321e-17
5413,2.063872425516234e-13,8.610238136102552e-17,7.434263818705653e-17
5414,2.058265100808985e-13,8.369126745092653e-17,7.121139044106027e-17
5415,2.047530520270345e-13,8.436912028957127e-17,7.197575109655038e-17
5416,2.059735200573065e-13,8.437138784710123e-17,7.229016653178427e-17
5417,2.0864850078454e-13,8.784803114291378e-17,7.603535698121415e-17
5418,2.076268235145313e-13,8.80476368901808e-17,7.599528326164347e-17
5419,2.077812877092311e-13,8.843318076013998e-17,7.668611370984565e-17
5420,2.077346453644602e-13,8.795382901880981e-17,7.624065124480848e-17
5421,2.075827937236473e-13,8.45621821120111e-17,7.337494983950604e-17
5422,2.091441786078651e-13,8.602219071569116e-17,7.364995793708278e-17
5423,2.073696374500381e-13,8.624946481608384e-17,7.483300990886703e-17
5424,2.080242370796744e-13,8.723070039638306e-17,7.570718926793056e-17
5425,2.055608953860351e-13,8.396806127778546e-17,7.178470999282596e-17
5426,2.074399049151512e-13,8.728689743520535e-17,7.556513762823489e-17
5427,2.035563347601206e-13,8.08443021908573e-17,6.863998419577215e-17
5428,2.073368321146601e-13,8.620740120967755e-17,7.406994759033636e-17
5429,2.055653411577576e-13,8.465068160743268e-17,7.346770750932426e-17
5430,2.078003374686233e-13,8.67502714657058e-17,7.625840434795685e-17
5431,2.074752833485692e-13,8.500568576272843e-17,7.375361031548227e-17
5432,2.081263575628599e-13,8.517540718718222e-17,7.399430101741031e-17
5433,2.097097764929947e-13,8.477186361894228e-17,7.384699089229385e-17
5434,2.06771833254932e-13,8.418471458454055e-17,7.235427956721687e-17
5435,2.043899678964448e-13,8.331377957193797e-17,7.097632641266141e-17
5436,2.070140666795028e-13,8.356226909390027e-17,7.246025933184396e-17
5437,2.050845187034349e-13,7.857628417210188e-17,6.682067075814657e-17
5438,2.085179561637822e-13,8.195174324447043e-17,7.043627336658961e-17
5439,2.048384964679965e-13,8.21454246696419e-17,7.094743475026919e-17
5440,2.079965381271509e-13,8.475987923433604e-17,7.340093829483089e-17
5441,2.073815660428767e-13,8.166294525989384e-17,7.096895003858934e-17
5442,2.079671765906333e-13,8.294541069604461e-17,7.071875585056985e-17
5443,2.089063633177416e-13,8.384154314576361e-17,7.26295243647399e-17
5444,2.080122606432515e-13,8.249392124969781e-17,7.085707701422901e-17
5445,2.065128809654086e-13,8.059764255236112e-17,6.920361491953659e-17
5446,2.049424570457334e-13,7.661846331713017e-17,6.47810954508766e-17
5447,2.078998723781222e-13,7.954521205544026e-17,6.793670895945055e-17
5448,2.07621355019419e-13,8.192315957867338e-17,7.062300553760957e-17
5449,2.073523220525561e-13,7.820815054827696e-17,6.737703123275425e-17
5450,2.069342529747413e-13,8.084189456857005e-17,6.991069074939281e-17
5451,2.036380330198343e-13,7.526130699682075e-17,6.39525641426714e-17
5452,2.072355084953768e-13,8.158564316753207e-17,7.037313392717536e-17
5453,2.065753437517672e-13,8.039904251638464e-17,6.884613163039068e-17
5454,2.053220065482748e-13,8.024823157073411e-17,6.959250286929309e-17
5455,2.075914837695368e-13,8.148526615497311e-17,7.014308239319336e-17
5456,2.088209576730437e-13,7.974882949975119e-17,6.774449445864891e-17
5457,2.058509631482998e-13,7.999747728512499e-17,6.886248495713e-17
5458,2.047234674875499e-13,7.585521930955231e-17,6.484458359533722e-17
5459,2.077997801536885e-13,7.970492795449247e-17,6.883701768640689e-17
5460,2.062951651959495e-13,7.619511966858638e-17,6.509892830102526e-17
5461,2.060629928505797e-13,7.863725262419331e-17,6.689995467857337e-17
5462,2.079052679667544e-13,8.005011608006106e-17,6.899057082752053e-17
5463,2.063072214644729e-13,7.451564762072975e-17,6.333456336102609e-17
5464,2.054782406772181e-13,7.679706211152393e-17,6.55849190915426e-17
5465,2.039852695505737e-13,7.579267657927342e-17,6.48282818533943e-17
5466,2.071815555433207e-13,7.967363230778399e-17,6.942313725118868e-17
5467,2.05822004205626e-13,7.414929719324676e-17,6.298946750467534e-17
5468,2.053420663347133e-13,7.690347830472846e-17,6.533146738130556e-17
5469,2.059742477741002e-13,7.711635252323402e-17,6.607059599174207e-17
5470,2.082293209841946e-13,7.723930649294023e-17,6.623816535925056e-17
5471,2.048740465158526e-13,7.431666448329938e-17,6.334301778951687e-17
5472,2.082427181621517e-13,7.815269318079537e-17,6.750376012002293e-17
5473,2.079228002441175e-13,7.645987177954464e-17,6.560874046488907e-17
5474,2.05757131303406e-13,7.454297426857785e-17,6.318451027352479e-17
5475,2.093184251516389e-13,7.745826866371305e-17,6.644543858629125e-17
5476,2.066943807540739e-13,7.568135790194326e-17,6.506252998059468e-17
5477,2.079182602047088e-13,7.699994645545025e-17,6.61083442596504e-17
5478,2.054980366468041e-13,7.652710896523453e-17,6.577686841814272e-17
5479,2.08928172876003e-13,7.756663442316268e-17,6.784561747692975e-17
5480,2.091655124576453e-13,7.744941252457743e-17,6.71940967310836e-17
5481,2.06846874942727e-13,7.130148275380162e-17,6.012583026220974e-17
5482,2.077353861512775e-13,7.62452659139565e-17,6.518079572299865e-17
5483,2.042915129009368e-13,6.994319268586437e-17,5.897583630914685e-17
5484,2.033613421364245e-13,7.189143412238196e-17,6.112423069736806e-17
5485,2.045445746199838e-13,7.402707034119081e-17,6.308672852694341e-17
5486,2.078189845075218e-13,7.595912046810056e-17,6.545491220260524e-17
5487,2.065862637245025e-13,7.358723978106403e-17,6.326248898989482e-17
5488,2.062491763661518e-13,7.021717535928272e-17,5.959547020094984e-17
5489,2.06073171524882e-13,7.373875618271696e-17,6.337419281357802e-17
5490,2.056450338328216e-13,7.09154555840254e-17,6.074278379965541e-17
5491,2.058175637732646e-13,6.972989734912568e-17,5.888237802616989e-17
5492,2.073562896417346e-13,7.545091680114696e-17,6.465800759003186e-17
5493,2.086734554020274e-13,7.277042808770812e-17,6.229516787873871e-17
5494,2.074741834113473e-13,7.513206314698515e-17,6.423388178417053e-17
5495,2.076360502577476e-13,7.346158139237627e-17,6.300507591684715e-17
5496,2.05817519717893e-13,7.122465311672578e-17,6.025136674790367e-17
5497,2.070115768694765e-13,7.336776603082622e-17,6.261055760245431e-17
5498,2.06900718159502e-13,7.44747887407979e-17,6.421717456534027e-17
5499,2.048563044246723e-13,7.378663453481729e-17,6.31409335321582e-17
5500,2.075514035446662e-13,7.384073177466241e-17,6.352765664451931e-17
5501,2.073283628622604e-13,7.225418083421902e-17,6.175670875467895e-17
5502,2.076451502494476e-13,7.357500208855992e-17,6.31719451802217e-17
5503,2.069703758239365e-13,7.320193086601645e-17,6.283617297797604e-17
5504,2.0649275814617e-13,6.92143388614447e-17,5.831377106450286e-17
5505,2.089277863855117e-13,7.23660170822098e-17,6.191242899740099e-17
5506,2.050653769008812e-13,6.618034626396217e-17,5.551587916483031e-17
5507,2.033694920767243e-13,6.711443390595037e-17,5.632036473073472e-17
5508,2.049565679462923e-13,6.930329818535727e-17,5.9298493562933e-17
5509,2.084732935294533e-13,7.211562840404781e-17,6.170608449976287e-17
5510,2.061524851742776e-13,7.20352522865015e-17,6.160869713711739e-17
5511,2.07236269279092e-13,7.181571785907841e-17,6.17826773478807e-17
5512,2.073078730428285e-13,7.113608925571941e-17,6.117943465507919e-17
5513,2.085378046278897e-13,7.035315002966722e-17,5.951748723164992e-17
5514,2.06655711661643e-13,6.638636184421857e-17,5.569842029181518e-17
5515,2.061668348212696e-13,7.024489101347616e-17,6.033110915623143e-17
5516,2.062752267552065e-13,7.219677104298096e-17,6.231539564010894e-17
5517,2.056486546594649e-13,6.780782907153088e-17,5.789528176745168e-17
5518,2.04672560658541e-13,6.705278816412466e-17,5.629547021654872e-17
5519,2.040695050839482e-13,6.726282771589618e-17,5.646487017826289e-17
5520,2.075434350849607e-13,7.068238940985203e-17,5.989379040535739e-17
5521,2.053862498635837e-13,6.675849541385578e-17,5.6585972928103e-17
5522,2.082181866946722e-13,7.157455396641821e-17,6.12434869669592e-17
5523,2.044547837748403e-13,6.514687110907591e-17,5.43381314358761e-17
5524,2.057070394341939e-13,6.927122396887352e-17,5.945328861370448e-17
5525,2.065798604424434e-13,6.618620985878226e-17,5.566040294063807e-17
5526,2.067254202732126e-13,7.021500879174431e-17,5.994854894600553e-17
5527,2.071938963779703e-13,6.724161300438918e-17,5.722877079576305e-17
5528,2.080227186270803e-13,7.079252162874362e-17,6.053300788282674e-17
5529,2.066540866989526e-13,6.744521275500935e-17,5.758189203085702e-17
5530,2.048807516774618e-13,6.477437889148513e-17,5.43709170579288e-17
5531,2.029832580740703e-13,6.221663184512427e-17,5.16303723888493e-17
5532,2.061146014594766e-13,6.715564118463371e-17,5.695370085911116e-17
5533,2.041486326895896e-13,6.766592913884397e-17,5.739483002323226e-17
5534,2.072768750673798e-13,6.876387411091756e-17,5.917581001945484e-17
5535,2.065236050620905e-13,6.457891951759842e-17,5.443946339126435e-17
5536,2.08496382723654e-13,6.858403370571501e-17,5.919338384499362e-17
5537,2.063496581582943e-13,6.622879937553121e-17,5.562041079907079e-17
5538,2.033335310811437e-13,6.507557962021644e-17,5.512861078124409e-17
5539,2.064543357139128e-13,6.955520786704262e-17,5.962831177647769e-17
5540,2.049303176459414e-13,6.470275427495851e-17,5.446907142221796e-17
5541,2.058589855834533e-13,6.60045993121687e-17,5.587695769253053e-17
5542,2.06524716505648e-13,6.852955623952649e-17,5.870618621676696e-17
5543,2.069651397151729e-13,6.70167354079487e-17,5.713740527442679e-17
5544,2.052853235113228e-13,6.374867768075046e-17,5.353072534319795e-17
5545,2.074931072919793e-13,6.561271960870979e-17,5.53072695864202e-17
5546,2.072717020064639e-13,6.828553377187067e-17,5.826904899011611e-17
5547,2.048095291062362e-13,6.388543953101162e-17,5.412408561000312e-17
5548,2.055548750231897e-13,6.656506094663236e-17,5.627390791382564e-17
5549,2.061927166505323e-13,6.766584617185245e-17,5.785065262530117e-17
5550,2.048567842060151e-13,6.050565059432173e-17,4.992223182542129e-17
5551,2.054975406755855e-13,6.698067218325675e-17,5.725415380188739e-17
5552,2.063189132745795e-13,6.592176238262132e-17,5.670675780883776e-17
5553,2.052250001485113e-13,6.356694952197901e-17,5.354134721309821e-17
5554,2.063376138362466e-13,6.71983258981703e-17,5.783813052496918e-17
5555,2.049070589389392e-13,6.617831827641229e-17,5.665433740350615e-17
5556,2.047760134163926e-13,6.665875989040533e-17,5.678251258948418e-17
5557,2.04952017866427e-13,6.230156623531572e-17,5.247088036709104e-17
5558,2.072758406031639e-13,6.374590572425512e-17,5.294440405903753e-17
5559,2.061253274496379e-13,6.311634568920732e-17,5.352460705859929e-17
5560,2.06108241331192e-13,6.700918005410077e-17,5.710076848735446e-17
5561,2.052049942234106e-13,6.102507126213072e-17,5.119309788320157e-17
5562,2.048776899275669e-13,6.547649987534405e-17,5.586694003243635e-17
5563,2.028906648029462e-13,5.940128445296363e-17,4.931239671505146e-17
5564,2.019030431641021e-13,5.991477300863365e-17,4.972309760541747e-17
5565,2.066941183378946e-13,6.385745026004657e-17,5.328727601283248e-17
5566,2.067017521483171e-13,6.474626965107617e-17,5.445434498835783e-17
5567,2.058154627710475e-13,6.442262920425767e-17,5.504859984808562e-17
5568,2.071460661407251e-13,6.462973837434456e-17,5.532624559675954e-17
5569,2.062553621977781e-13,6.282041396822589e-17,5.343031953418179e-17
5570,2.082882214047724e-13,6.59650949761684e-17,5.585488381034239e-17
5571,2.042024199546757e-13,6.045162567188271e-17,5.050395869515575e-17
5572,2.046487058591494e-13,5.993323360456075e-17,5.007158689700903e-17
5573,2.059874750116556e-13,6.290652375504175e-17,5.239566069003343e-17
5574,2.042514248388171e-13,6.097319966513787e-17,5.116380230484139e-17
5575,2.044376877789527e-13,5.91933016388318e-17,4.942343238064924e-17
5576,2.064263869525224e-13,6.210564643422459e-17,5.218247411640734e-17
5577,2.042496965849454e-13,5.912343440594209e-17,4.910842712842257e-17
5578,2.073858547975077e-13,6.231295719914144e-17,5.245598692975426e-17
5579,2.077726615400567e-13,6.389527483599413e-17,5.485097753820095e-17
5580,2.089470839900697e-13,6.350199602862116e-17,5.3245451910409e-17
5581,2.083505907397727e-13,6.416701425578913e-17,5.458163828808179e-17
5582,2.071118007321081e-13,6.194647811494713e-17,5.147046411968902e-17
5583,2.089550439842922e-13,6.393008279081778e-17,5.451331004076338e-17
5584,2.038655732776181e-13,5.727356892739947e-17,4.772379716105941e-17
5585,2.0457252020384e-13,5.844831884816606e-17,4.837132618062639e-17
5586,2.048010804350797e-13,5.979115839572774e-17,5.040794881877463e-17
5587,2.045983531336841e-13,6.11494625315689e-17,5.156761754344193e-17
5588,2.080811799046463e-13,6.447889358463265e-17,5.462548602156041e-17
5589,2.077498973459179e-13,5.931631168893095e-17,4.973987854756434e-17
5590,2.043303611729457e-13,5.644717718269292e-17,4.618275528907182e-17
5591,2.068183529436195e-13,6.288787419107974e-17,5.335827388843374e-17
5592,2.092957158282755e-13,6.187040888791379e-17,5.242513105142193e-17
5593,2.060918998128555e-13,6.099587252642786e-17,5.091997828547023e-17
5594,2.080475373378904e-13,6.177352392637877e-17,5.1698169924949e-17
5595,2.050028295800728e-13,6.185818361744403e-17,5.213042796348441e-17
5596,2.058817156786618e-13,6.113460046458163e-17,5.155655800083167e-17
5597,2.044253121506789e-13,5.536378329252109e-17,4.552204967014691e-17
5598,2.042572424350997e-13,6.051977132751488e-17,5.077635882211706e-17
5599,2.016316545822349e-13,6.110544178209582e-17,5.200605773159716e-17
5600,2.049863809259139e-13,5.545203894980253e-17,4.577564935973326e-17
5601,2.053049365557527e-13,5.9492353290647e-17,4.986451703487811e-17
5602,2.038354944296657e-13,5.627687941415974e-17,4.658282190544093e-17
5603,2.030960995115142e-13,5.605883498949507e-17,4.61010405589891e-17
5604,2.056180547222239e-13,6.021144789136357e-17,5.103735581874613e-17
5605,2.060220707070292e-13,5.991665501841206e-17,5.046258622842747e-17
5606,2.06373515328924e-13,5.70998604905617e-17,4.794150277755608e-17
5607,2.067358283243599e-13,6.15391479056659e-17,5.223385897360399e-17
5608,2.042685393870409e-13,5.978067482422778e-17,5.0540468933367e-17
5609,2.062029861942896e-13,5.86270436793499e-17,4.952032777144039e-17
5610,2.060665791093116e-13,6.010920962634273e-17,5.095976652128881e-17
5611,2.03721740973424e-13,5.537139521717212e-17,4.588821194288395e-17
5612,2.050064461018719e-13,5.785400435333246e-17,4.808014599759158e-17
5613,2.044513410769567e-13,5.950458242821659e-17,5.02119475371529e-17
5614,2.059528200604089e-13,5.838127375641116e-17,4.877858466715355e-17
5615,2.063572100487733e-13,5.863399401720989e-17,4.948985757962306e-17
5616,2.071148044863596e-13,5.674747370016536e-17,4.756314028487075e-17
5617,2.070545031154961e-13,5.791071715990608e-17,4.822127561388115e-17
5618,2.047031702261936e-13,5.417807352762053e-17,4.407296372538679e-17
5619,2.054489007439209e-13,5.679176514628598e-17,4.704091310678083e-17
5620,2.063606492205219e-13,5.904789668480189e-17,4.936172471852099e-17
5621,2.065088373273267e-13,5.780727450448895e-17,4.818526775004301e-17
5622,2.055403254511079e-13,5.587622837971049e-17,4.660349632123776e-17
5623,2.034534426552449e-13,5.340114126540748e-17,4.386802710658803e-17
5624,2.046352843180062e-13,5.987152561481542e-17,5.09641808539542e-17
5625,2.094767939227804e-13,6.01277341126745e-17,5.081757123978544e-17
5626,2.059154994463135e-13,5.878586597239198e-17,4.948688367225118e-17
5627,2.030764972636786e-13,5.282525434926649e-17,4.315824853408016e-17
5628,2.041705074550175e-13,5.502182311902218e-17,4.54745472904448e-17
5629,2.025822238816635e-13,5.756504143623869e-17,4.753883481940196e-17
5630,2.040141701953997e-13,5.644270639565019e-17,4.636650027407525e-17
5631,2.059029843124977e-13,5.757948624464682e-17,4.769559389590614e-17
5632,2.040813671830574e-13,5.72789746705997e-17,4.738946602648039e-17
5633,2.046502555855024e-13,5.636962244815925e-17,4.598864268870324e-17
5634,2.020039675764871e-13,5.320778095945157e-17,4.377167695182349e-17
5635,2.037108052258736e-13,5.552444658736434e-17,4.546051075856076e-17
5636,2.076292914617674e-13,5.723190039908456e-17,4.779144251497021e-17
5637,2.066971001591342e-13,5.972203681860522e-17,5.060627639614654e-17
5638,2.057867568222987e-13,5.578218811209009e-17,4.658243414762789e-17
5639,2.077229474588546e-13,5.867154725684438e-17,4.937005063177143e-17
5640,2.038496625057782e-13,5.178648490833377e-17,4.265307770766439e-17
5641,2.031997235690601e-13,5.226078482326134e-17,4.280793873807629e-17
5642,2.029913626511182e-13,5.597939565098387e-17,4.697626272385324e-17
5643,2.030085856756473e-13,5.486967949889461e-17,4.580553202449276e-17
5644,2.055391346406691e-13,5.714162319795299e-17,4.756056247127092e-17
5645,2.071524205246197e-13,5.829514738262751e-17,4.914911560314304e-17
5646,2.038881141126653e-13,5.556949378479916e-17,4.567648410929304e-17
5647,2.073876602363706e-13,5.825449665358988e-17,4.91698067274103e-17
5648,2.04111043030883e-13,5.203238615833365e-17,4.289524132448093e-17
5649,2.045000269950911e-13,5.240408671872737e-17,4.328094458521981e-17
5650,2.054186775764745e-13,5.791927614393153e-17,4.895449023197465e-17
5651,2.059823115874212e-13,5.51972773906568e-17,4.542353087451523e-17
5652,2.068507619888099e-13,5.677476986033469e-17,4.769324944719209e-17
5653,2.061166084297519e-13,5.575252445866285e-17,4.677682299619635e-17
5654,2.072964216017789e-13,5.498663113844477e-17,4.548745465694014e-17
5655,2.069402850395402e-13,5.682592819469783e-17,4.786579529019315e-17
5656,2.064338597570071e-13,5.553688529256885e-17,4.594487466838295e-17
5657,2.044696898401858e-13,5.254194034575635e-17,4.340467795322043e-17
5658,2.067006547779509e-13,5.608428537710886e-17,4.701391457622483e-17
5659,2.054960989841441e-13,5.599007483999451e-17,4.678870508846551e-17
5660,2.026864498650201e-13,4.89500981339485e-17,3.954871377480666e-17
5661,2.063956330202332e-13,5.683957289792371e-17,4.814046775559212e-17
5662,2.038451990206187e-13,5.151309824177234e-17,4.223431889616239e-17
5663,2.041196515668738e-13,5.065183966864294e-17,4.116570912380728e-17
5664,2.058096439847571e-13,5.491777057668241e-17,4.589401539357336e-17
5665,2.052151347296828e-13,5.0808844340506e-17,4.144552861239654e-17
5666,2.059832522905506e-13,5.549757550458562e-17,4.650912469196869e-17
5667,2.086583575309822e-13,5.364920619971256e-17,4.435221019412688e-17
5668,2.044888087203533e-13,5.088198960450935e-17,4.186520012849442e-17
5669,2.067839907894916e-13,5.526513291226979e-17,4.614659297612417e-17
5670,2.052024261499878e-13,5.073314402179713e-17,4.183795532805394e-17
5671,2.055380145121855e-13,5.327705045669509e-17,4.394183737231655e-17
5672,2.04584432759786e-13,5.508790822237417e-17,4.593126273227891e-17
5673,2.055468072473556e-13,5.072812010681177e-17,4.164857238907e-17
5674,2.02571152069437e-13,5.229856179083082e-17,4.333632563417036e-17
5675,2.031103800878893e-13,4.835712734629977e-17,3.918563604450658e-17
5676,2.043536371695463e-13,5.386357320436779e-17,4.392849837507387e-17
5677,2.05116148505367e-13,5.088619062360416e-17,4.212749485693889e-17
5678,2.039206783742608e-13,4.898419938863719e-17,3.950432849821049e-17
5679,2.037599764716154e-13,5.368131939281226e-17,4.393883005409588e-17
5680,2.049802121318402e-13,5.547510134473893e-17,4.67245914776724e-17
5681,2.064927086561363e-13,5.167222050479149e-17,4.276585366293706e-17
5682,2.040911491822064e-13,5.084088661331039e-17,4.190079550552304e-17
5683,2.056049718016546e-13,5.451618381069268e-17,4.530470744325165e-17
5684,2.065096285158065e-13,4.756351242232169e-17,3.844202400331001e-17
5685,2.052873281015823e-13,5.528077964683878e-17,4.619885693956805e-17
5686,2.077887353492494e-13,5.456995872001906e-17,4.545974657686064e-17
5687,2.040383169003446e-13,5.309908821853924e-17,4.327835509856972e-17
5688,2.069631735863702e-13,5.492669061874527e-17,4.612895389589919e-17
5689,2.055713733178574e-13,5.482592698961787e-17,4.559651785863503e-17
5690,2.065132205063889e-13,5.558125693616599e-17,4.595053582360841e-17
5691,2.055214014413181e-13,5.109565129226404e-17,4.244794378622537e-17
5692,2.039987059411095e-13,5.120403136194593e-17,4.170008372405368e-17
5693,2.045022541193367e-13,5.393534778896052e-17,4.496469253636232e-17
5694,2.039625875861065e-13,5.081484610477798e-17,4.171149538799823e-17
5695,2.052775867445262e-13,5.430629971761916e-17,4.573163714624159e-17
5696,2.04915283067266e-13,5.452239296875208e-17,4.589226891369578e-17
5697,2.073650859908169e-13,5.445643686665085e-17,4.560451455463942e-17
5698,2.069982033035836e-13,5.207018113434995e-17,4.279250004237538e-17
5699,2.029466134421468e-13,4.95273690616194e-17,4.087909284078229e-17
5700,2.06178432457737e-13,5.37795409070929e-17,4.501170141510482e-17
5701,2.050735298343831e-13,5.252361498968065e-17,4.407722277703903e-17
5702,2.049229440183957e-13,5.289251064335719e-17,4.417635703855994e-17
5703,2.042092107805525e-13,4.587222529342397e-17,3.683448901205085e-17
5704,2.060758903368193e-13,5.288451096495449e-17,4.368660251345864e-17
5705,2.070692084582332e-13,5.372996227115212e-17,4.514373237575577e-17
5706,2.089573155739543e-13,5.399544740228295e-17,4.544640817528541e-17
5707,2.022082110896505e-13,4.790551473928871e-17,3.895881962414091e-17
5708,2.02478763058342e-13,4.810104872423947e-17,3.893806580452659e-17
5709,2.015343120836109e-13,4.535471060660606e-17,3.632112379574529e-17
5710,2.071738509192771e-13,5.32982641728283e-17,4.458935914707884e-17
5711,2.050426164422887e-13,5.251402423797752e-17,4.382432207403335e-17
5712,2.046008934557213e-13,5.203963640931151e-17,4.30700606397184e-17
5713,2.052170652711048e-13,5.044716802097732e-17,4.160994282380606e-17
5714,2.039072017366294e-13,4.740211480428336e-17,3.863670938999907e-17
5715,2.055400027432847e-13,5.223805130407756e-17,4.342582107938302e-17
5716,2.061643451679883e-13,5.165862231574323e-17,4.265155935621469e-17
5717,2.042915569224516e-13,4.658209974096808e-17,3.771265040899871e-17
5718,2.029604686615447e-13,4.889478292655189e-17,4.014775201022642e-17
5719,2.030567810835584e-13,4.888652010327813e-17,4.012733371787119e-17
5720,2.067372713136498e-13,5.109810808486399e-17,4.190599027077808e-17
5721,2.051442625436825e-13,5.080861202988379e-17,4.191908142774036e-17
5722,2.063886469202037e-13,5.176777056723484e-17,4.31820860852115e-17
5723,2.05647664520222e-13,5.062414792948003e-17,4.11331261620169e-17
5724,2.048996562922545e-13,4.976078781166188e-17,4.021788833823063e-17
5725,2.018704305761477e-13,4.677890422727318e-17,3.774067913277515e-17
5726,2.036019062896333e-13,4.612888573225782e-17,3.738344643751755e-17
5727,2.039045420526613e-13,5.2273189413985e-17,4.394574971440819e-17
5728,2.055493154956076e-13,5.088996723001904e-17,4.277583259382024e-17
5729,2.057922709502642e-13,4.897844564063823e-17,4.01187355704068e-17
5730,2.018245242305754e-13,4.721420708163018e-17,3.852471496185487e-17
5731,2.075757007235399e-13,5.22185100649478e-17,4.292103149296059e-17
5732,2.052486806286733e-13,4.949789201724895e-17,4.027492929492573e-17
5733,2.066400385390212e-13,5.201734265850395e-17,4.315443572462564e-17
5734,2.053464801856337e-13,4.899397586706476e-17,4.037414218048131e-17
5735,2.036278798109487e-13,4.88846912777985e-17,3.907383451986354e-17
5736,2.045422921233789e-13,4.968351080705083e-17,4.103467219259702e-17
5737,2.060771308780521e-13,5.34441721131442e-17,4.399449631197927e-17
5738,2.057981500959124e-13,4.723215519139167e-17,3.860382046568231e-17
5739,2.032116948103274e-13,4.834556820526182e-17,3.895404480710641e-17
5740,2.061936962276713e-13,5.134707582722502e-17,4.256219762750175e-17
5741,2.067520764929089e-13,5.081758561093823e-17,4.203272779928531e-17
5742,2.027068706903267e-13,4.742688203585445e-17,3.8564071484345e-17
5743,2.040631562876988e-13,4.685077074399015e-17,3.782646145279481e-17
5744,2.038582486046653e-13,4.843661021219044e-17,3.920990756302595e-17
5745,2.052648851192926e-13,5.077816922929011e-17,4.128570656473782e-17
5746,2.036656294724251e-13,4.529447254258196e-17,3.681313208799949e-17
5747,2.036055063908281e-13,5.012769306609337e-17,4.108967251260978e-17
5748,2.040449229803156e-13,4.872422328266381e-17,4.013154855272661e-17
5749,2.087814844424895e-13,4.957625623601865e-17,4.12212935748968e-17
5750,2.037019116071251e-13,4.972826281473943e-17,4.083464806716684e-17
5751,2.002415421888326e-13,4.15497550896154e-17,3.334135597252763e-17
5752,2.060441597014671e-13,4.892740916357844e-17,3.96217514998616e-17
5753,2.042229241256782e-13,4.660881848214915e-17,3.811174214460317e-17
5754,2.06310625757328e-13,4.890793019233665e-17,4.02580974685686e-17
5755,2.048003993405134e-13,4.941720921526795e-17,4.059301226242871e-17
5756,2.053919957045214e-13,4.972886442730042e-17,4.149105348736046e-17
5757,2.042385603003728e-13,4.941794002233314e-17,4.068166907631663e-17
5758,2.067509280337103e-13,5.072187746987562e-17,4.20222826591626e-17
5759,2.056429406101715e-13,4.748485221405461e-17,3.906977722684975e-17
5760,2.022161919535269e-13,4.72449231070733e-17,3.880741112255974e-17
5761,2.023250266318484e-13,4.258172731034563e-17,3.38545161343941e-17
5762,2.049047054594286e-13,4.953958046251543e-17,4.106918167405797e-17
5763,2.031783707418514e-13,4.931766721670811e-17,4.066903755594571e-17
5764,2.060699317465443e-13,4.875192624034215e-17,3.946162161941629e-17
5765,2.021767471364491e-13,4.630010494105227e-17,3.738744118951628e-17
5766,2.024861281288656e-13,4.627072069624664e-17,3.761770495640638e-17
5767,2.039907445625154e-13,4.728368178019893e-17,3.871338156950661e-17
5768,2.050652036387398e-13,4.6780065910348e-17,3.809448787431457e-17
5769,2.013912302756453e-13,4.280619698563179e-17,3.424150896427444e-17
5770,2.042436258894052e-13,4.898127269162922e-17,4.070130522421539e-17
5771,2.043334222983686e-13,4.860957057268532e-17,3.974877692592769e-17
5772,2.046599901586356e-13,4.532182944153401e-17,3.658920296632038e-17
5773,2.037538603125067e-13,4.516004989070057e-17,3.640241595531714e-17
5774,2.033265690797147e-13,4.874189785417358e-17,3.958263701327923e-17
5775,2.031573059090953e-13,4.640981169096959e-17,3.724373539838909e-17
5776,2.010056217694854e-13,4.188041274202028e-17,3.312247892600997e-17
5777,2.064064336184981e-13,4.84645358036034e-17,3.91620933209827e-17
5778,2.060044802948332e-13,4.884253816458179e-17,4.03188443604805e-17
5779,2.070092679995879e-13,5.034488987500909e-17,4.159796236654326e-17
5780,2.052856670762603e-13,4.836660811986421e-17,3.894470968031189e-17
5781,2.062318131965611e-13,4.709158387316696e-17,3.836985323830268e-17
5782,2.066729456407654e-13,4.574214507546124e-17,3.762423983182746e-17
5783,2.076886423599002e-13,4.984908602599415e-17,4.079424023233954e-17
5784,2.07482957791053e-13,4.957139798155078e-17,4.038929739400789e-17
5785,2.03737483560406e-13,4.700104103551474e-17,3.843473274537035e-17
5786,2.035640106032775e-13,4.360642239688391e-17,3.499876792755792e-17
5787,2.011767128888011e-13,4.486394705613739e-17,3.616518395753079e-17
5788,2.058956323145056e-13,4.835861069450574e-17,3.909959043611419e-17
5789,2.048041224739796e-13,4.592766553919092e-17,3.7177028974685e-17
5790,2.02493330523177e-13,4.274303732940156e-17,3.418150365863842e-17
5791,2.038941204248906e-13,4.629606393683414e-17,3.772534008410655e-17
5792,2.073094812613929e-13,4.881621974945728e-17,3.997107989051217e-17
5793,2.060637410771409e-13,4.945026582063308e-17,4.041745925824657e-17
5794,2.040254652839566e-13,4.742338889739906e-17,3.858792784435119e-17
5795,2.037736658247272e-13,4.767518931134678e-17,3.896133579564194e-17
5796,2.042218093077146e-13,4.817103323320876e-17,3.980946259203109e-17
5797,2.003050909972206e-13,4.11043286611018e-17,3.245290501295015e-17
5798,2.042548927011672e-13,4.72665013564217e-17,3.869473087343805e-17
5799,2.057083890774581e-13,4.673847831360199e-17,3.731865442180598e-17
5800,2.059849119528182e-13,4.626249524297912e-17,3.763260792239078e-17
5801,2.021811895437973e-13,4.101238509397273e-17,3.255550081818632e-17
5802,2.046670411962303e-13,4.486296290597584e-17,3.660756767841158e-17
5803,2.027199590944625e-13,4.014234523983837e-17,3.115254565855599e-17
5804,2.063553082970157e-13,4.805847699357738e-17,3.947206747704744e-17
5805,2.060950569176197e-13,4.936835187974381e-17,3.991137829266608e-17
5806,2.055672200159702e-13,4.376168342539691e-17,3.494400341534416e-17
5807,2.027588446818087e-13,4.464684029724002e-17,3.609664756777936e-17
5808,2.05508319979104e-13,4.662414638574542e-17,3.841427937362075e-17
5809,2.05141830030844e-13,4.517027951294486e-17,3.692329271548751e-17
5810,2.060379943432434e-13,4.831079591737719e-17,3.98813607437634e-17
5811,2.045375176749842e-13,4.712122712058612e-17,3.783188710820837e-17
5812,2.067469646503132e-13,4.667755279457646e-17,3.834708141195187e-17
5813,2.040432180801922e-13,4.407189017671809e-17,3.571937282129198e-17
5814,2.047293467485624e-13,4.453193871911643e-17,3.57526501850548e-17
5815,2.021626286933218e-13,4.030637102060148e-17,3.172247541948231e-17
5816,2.006718215766154e-13,4.0565444407869e-17,3.204707343074355e-17
5817,2.006118111445022e-13,4.118527902604593e-17,3.222759813424879e-17
5818,2.038516929727533e-13,4.421087295525945e-17,3.525695778067106e-17
5819,2.069617729570982e-13,4.830686356695315e-17,3.995189756332495e-17
5820,2.047448996728621e-13,4.762391253901418e-17,3.934779195898345e-17
5821,2.045698562401069e-13,4.359678566202707e-17,3.536674155579763e-17
5822,2.04275561423052e-13,4.660102709780391e-17,3.803602089055452e-17
5823,2.036357087513185e-13,4.644810989864623e-17,3.756630270707561e-17
5824,2.046018489806563e-13,4.355663674080162e-17,3.536937721411661e-17
5825,2.047374990839255e-13,4.478939273414404e-17,3.572552759796434e-17
5826,2.058377081380415e-13,4.677224939763834e-17,3.862062172211797e-17
5827,2.073675886426461e-13,4.649035172095268e-17,3.821130781620369e-17
5828,2.036030488326493e-13,4.392762093804911e-17,3.460420958228551e-17
5829,2.049264612328438e-13,4.41352276183433e-17,3.56604600650992e-17
5830,2.0560053203013e-13,4.486373549064756e-17,3.659057173891842e-17
5831,2.055488922866637e-13,4.464149586885994e-17,3.664612215709289e-17
5832,2.052770241278491e-13,4.778994635551542e-17,3.940764648563338e-17
5833,2.048611702867405e-13,4.442046211411456e-17,3.504949037282879e-17
5834,2.016724666770143e-13,4.145259849325672e-17,3.316328842613017e-17
5835,2.039031102562171e-13,4.413984565436585e-17,3.579421955167094e-17
5836,2.026792247100833e-13,4.158153128320994e-17,3.315062516480987e-17
5837,2.031215067345264e-13,4.498674148716239e-17,3.630403710429393e-17
5838,2.052615885578907e-13,4.430452245762339e-17,3.576183325014766e-17
5839,2.057824327774755e-13,4.480852654523733e-17,3.680884421552188e-17
5840,2.022020162771637e-13,4.030139767540874e-17,3.189775930181261e-17
5841,2.011568485646093e-13,3.793963035766335e-17,2.945184182790635e-17
5842,2.048749430168971e-13,4.461125467900322e-17,3.593765192266452e-17
5843,2.058220117858134e-13,4.634019543949044e-17,3.888041669579017e-17
5844,2.059949129497865e-13,4.426214431412617e-17,3.607864092354295e-17
5845,2.014660872676929e-13,3.934267613116535e-17,3.104939788963615e-17
5846,2.057071435968774e-13,4.542355509245618e-17,3.70856528904059e-17
5847,2.056272417124048e-13,4.540491903220627e-17,3.74752997840508e-17
5848,2.050152467570524e-13,4.334099072791705e-17,3.502502068862835e-17
5849,2.058420577122335e-13,4.430192148136154e-17,3.54365211758286e-17
5850,2.052208604558504e-13,4.364945210236068e-17,3.453521458211516e-17
5851,2.054540698686569e-13,4.433112857705326e-17,3.554318460213888e-17
5852,2.051824402769591e-13,4.438015661088422e-17,3.6287655884752e-17
5853,2.049242451798099e-13,4.700589953907986e-17,3.832456906237935e-17
5854,2.050596160086634e-13,4.639578333969723e-17,3.796630043654124e-17
5855,2.063160167364038e-13,4.426112030501628e-17,3.490677820500542e-17
5856,2.030549034680201e-13,4.164016485449484e-17,3.372750108850927e-17
5857,2.073061353240677e-13,4.715030875992497e-17,3.836111902619065e-17
5858,2.04854307013333e-13,4.138302479713616e-17,3.275805377846481e-17
5859,2.048041994144485e-13,4.294277543497895e-17,3.497765801594464e-17
5860,2.07148841754536e-13,4.492865693743804e-17,3.64478003712326e-17
5861,2.053760338124999e-13,3.985598013113894e-17,3.127474045626028e-17
5862,2.029001704055175e-13,4.276881428489538e-17,3.415200756103404e-17
5863,2.021741852049217e-13,4.232511543058851e-17,3.332051602753086e-17
5864,2.026020992695431e-13,3.835769475027054e-17,2.987083411259729e-17
5865,2.067568901802154e-13,4.555988857426437e-17,3.682882426251417e-17
5866,2.058774842814086e-13,4.472495590068487e-17,3.668141864852993e-17
5867,2.032450328592018e-13,4.248596472020651e-17,3.415374607859848e-17
5868,1.995629187485872e-13,3.700994792312222e-17,2.838991510188285e-17
5869,2.038980776463289e-13,4.378973868581732e-17,3.556885868993507e-17
5870,2.025896196641719e-13,3.863479999407382e-17,2.998959046291265e-17
5871,2.034708788504418e-13,4.418183527583585e-17,3.547502602458567e-17
5872,2.064033237228145e-13,4.431898142057796e-17,3.593223373746159e-17
5873,2.039801728357497e-13,4.020134475126421e-17,3.170003985888276e-17
5874,2.052155500073306e-13,4.477334053013352e-17,3.668809145208996e-17
5875,2.03989156364674e-13,4.100314485834792e-17,3.276851204763839e-17
5876,2.026004487988012e-13,3.948128191248979e-17,3.101508422503142e-17
5877,2.033165606981768e-13,4.227037986374876e-17,3.289482463379551e-17
5878,2.071729359561817e-13,4.602811687682593e-17,3.744980253771987e-17
5879,2.070079311818251e-13,4.420144117533819e-17,3.61138609427938e-17
5880,2.058798312591373e-13,4.319488091761353e-17,3.451603086729369e-17
5881,2.034548608713039e-13,4.376818273575166e-17,3.443873875506833e-17
5882,2.035343576966475e-13,3.710628956627355e-17,2.841585216735707e-17
5883,2.057352694675581e-13,4.072671296678208e-17,3.238550239282563e-17
5884,2.046019317984351e-13,4.4032096762993e-17,3.594276372160498e-17
5885,2.044843286716381e-13,4.279535896292581e-17,3.34060797680771e-17
5886,2.042210809702107e-13,4.279396105508479e-17,3.383485710136022e-17
5887,2.055121002304417e-13,4.23601306620968e-17,3.446129806150767e-17
5888,2.028337901871208e-13,3.785167282582069e-17,2.961703875980982e-17
5889,2.031589841036356e-13,4.342346652598393e-17,3.482415128002862e-17
5890,2.05345407727688e-13,4.396575685817485e-17,3.442895031523338e-17
5891,2.063278921224717e-13,4.550870418486791e-17,3.724244819634867e-17
5892,2.045082354276024e-13,4.215466774475636e-17,3.364520001864221e-17
5893,2.049372339831682e-13,4.396829591853397e-17,3.543774444245083e-17
5894,2.042919562359365e-13,4.108973759841069e-17,3.243313373790304e-17
5895,2.019555393395796e-13,3.812750102032814e-17,2.970392029059409e-17
5896,2.033981641810965e-13,3.776395331420758e-17,2.887638137983628e-17
5897,2.048740067151667e-13,4.409147804137475e-17,3.549108631545796e-17
5898,2.038887917149534e-13,4.352972304715894e-17,3.43171536033121e-17
5899,2.058660849361213e-13,4.436362055471057e-17,3.561262983547849e-17
5900,2.027108340762317e-13,4.197494970418982e-17,3.282795474203606e-17
5901,2.053312956609465e-13,4.326443744768281e-17,3.552233975845469e-17
5902,2.058245318375895e-13,4.245410163599999e-17,3.352311097423793e-17
5903,2.02908617423955e-13,4.3091051423268e-17,3.382021464712621e-17
5904,2.040051593765471e-13,4.056024626626288e-17,3.236601158641728e-17
5905,2.04451205744593e-13,4.283740121364076e-17,3.408895810124112e-17
5906,2.040479497459844e-13,4.052260549228947e-17,3.279648893278296e-17
5907,2.039380318896145e-13,3.876777997472489e-17,3.02644723473682e-17
5908,2.04471426420351e-13,4.465939647482367e-17,3.608101790517325e-17
5909,2.057378552945446e-13,4.282006555995596e-17,3.428648966661347e-17
5910,2.035147642779433e-13,4.220939210560326e-17,3.312655204753097e-17
5911,2.016979830823113e-13,3.846001320532212e-17,3.022920645631286e-17
5912,2.02769546119436e-13,4.16817777718434e-17,3.280662378908311e-17
5913,2.040043174917242e-13,4.172681668713231e-17,3.277936616825573e-17
5914,2.034863306403711e-13,3.994320334757089e-17,3.153306033611977e-17
5915,2.033003958076099e-13,3.980798587536317e-17,3.159132160546831e-17
5916,2.043353079016311e-13,4.387295744628717e-17,3.529241176047513e-17
5917,2.025763670414532e-13,3.99927955234377e-17,3.184116683325209e-17
5918,2.030971837190637e-13,4.313084447756201e-17,3.385924572876621e-17
5919,2.048224656458017e-13,4.252956453894636e-17,3.40370375515572e-17
5920,2.046924230879994e-13,4.1430378100581e-17,3.334871838361449e-17
5921,2.049914433248725e-13,4.391539565099543e-17,3.541575440586366e-17
5922,2.044609184662218e-13,4.229598454478631e-17,3.366586775822602e-17
5923,2.051350748312207e-13,4.173176293047393e-17,3.305159045487914e-17
5924,2.0732308504303e-13,4.39167252513549e-17,3.575098452911991e-17
5925,2.077815227502128e-13,4.361044281267086e-17,3.543378119990347e-17
5926,2.043832939020079e-13,4.348806648262059e-17,3.583547190613058e-17
5927,2.04446860417563e-13,3.909337577625416e-17,3.111963061828539e-17
5928,2.05533005495552e-13,4.226191985629138e-17,3.364438538459076e-17
5929,2.060426734029117e-13,4.163107468237839e-17,3.309282008327389e-17
5930,2.032720438341734e-13,4.028749868651054e-17,3.211024257162324e-17
5931,2.017880387274118e-13,3.603504912194479e-17,2.790304789035981e-17
5932,2.048484631779404e-13,4.243593580845213e-17,3.344477492579769e-17
5933,2.021727029391012e-13,3.697604084009709e-17,2.873839156496481e-17
5934,2.034235166098248e-13,3.610386207939048e-17,2.777316126599246e-17
5935,2.005965205486046e-13,3.935725711387811e-17,3.110352968597446e-17
5936,2.057751764553665e-13,4.274261915227624e-17,3.482125584574388e-17
5937,2.050195163273516e-13,4.251061743099817e-17,3.372968983044337e-17
5938,2.020478662445507e-13,3.661222907868203e-17,2.846168954432771e-17
5939,2.037122321632234e-13,4.043749493820438e-17,3.218044360738261e-17
5940,2.037138675588599e-13,3.598388201401014e-17,2.756162572263606e-17
5941,2.04506640701646e-13,4.298597763287216e-17,3.48279158593773e-17
5942,2.027735025283083e-13,3.625278915989411e-17,2.792949838254486e-17
5943,2.003849924603627e-13,3.581030829716854e-17,2.743555670758404e-17
5944,2.036542093665784e-13,4.257078597488375e-17,3.352157738927156e-17
5945,2.035134771633874e-13,4.328117226452807e-17,3.503922390246415e-17
5946,2.054034941728275e-13,3.673176493390274e-17,2.849846813611524e-17
5947,2.03718967236791e-13,4.303398629127636e-17,3.451237170821284e-17
5948,2.057136404293577e-13,4.296808993596855e-17,3.425976789802055e-17
5949,2.042191497554123e-13,3.975890491479201e-17,3.150059418199783e-17
5950,2.04548852562973e-13,4.239442790455766e-17,3.420454281577755e-17
5951,2.060404990942013e-13,4.010558720162202e-17,3.229316799884268e-17
5952,2.054853003520883e-13,4.004241698549502e-17,3.21261603287646e-17
5953,2.02394641186397e-13,4.253255025000921e-17,3.409312309091979e-17
5954,2.027414277687525e-13,3.673754049585091e-17,2.865658997168435e-17
5955,2.06142080785947e-13,4.286509510939045e-17,3.403864295302762e-17
5956,2.041741752449654e-13,4.171488386769248e-17,3.35328925862354e-17
5957,2.060470840637581e-13,4.268935798813967e-17,3.442368500942099e-17
5958,2.04228084319712e-13,3.793378815407172e-17,2.925921514422098e-17
5959,2.045408645715888e-13,4.28248525654961e-17,3.479250230711317e-17
5960,2.059230087109351e-13,4.291874573542262e-17,3.470487684732024e-17
5961,2.036431361511708e-13,3.610013425068937e-17,2.757049374195169e-17
5962,2.059910841802341e-13,4.278742322264894e-17,3.423239000856181e-17
5963,2.040498108995377e-13,4.086767767018446e-17,3.196019311701611e-17
5964,2.052550444285524e-13,4.222942254199577e-17,3.404312460761578e-17
5965,2.05851927506128e-13,4.275025385985134e-17,3.445452079887046e-17
5966,2.061061871907088e-13,4.386750533444167e-17,3.534198664168065e-17
5967,2.03234900178893e-13,4.189764269994119e-17,3.367558775316981e-17
5968,2.045181858774488e-13,3.882021402693189e-17,3.050755319382217e-17
5969,2.050777909228978e-13,4.19908484900016e-17,3.382952937502008e-17
5970,2.080727936455798e-13,4.357680655050338e-17,3.533218712649354e-17
5971,2.037957079147966e-13,3.724920581482292e-17,2.874461305232395e-17
5972,2.040137844923952e-13,4.232978634901473e-17,3.328729186363534e-17
5973,2.06431779154209e-13,3.979439348154947e-17,3.182655395458112e-17
5974,2.059015254016795e-13,4.243446694274814e-17,3.436355127789479e-17
5975,2.023687862131925e-13,3.878414345860863e-17,3.059576576844399e-17
5976,2.06846379109444e-13,4.264275132669777e-17,3.370747857652386e-17
5977,2.036799904476904e-13,4.073595839080531e-17,3.264566552888429e-17
5978,2.063988268095932e-13,4.112437947676504e-17,3.239598725177943e-17
5979,2.051968449364239e-13,4.096140393884538e-17,3.28611079348692e-17
5980,2.044770752750175e-13,4.173976777764509e-17,3.28286133213837e-17
5981,2.045549322168023e-13,4.125825240006929e-17,3.265553571730016e-17
5982,2.05372577314788e-13,4.072457862688041e-17,3.260602129768894e-17
5983,2.046699724527926e-13,3.776669508491925e-17,2.972643285068089e-17
5984,2.046456482761631e-13,3.817176761019604e-17,3.013239109546683e-17
5985,2.056447589873921e-13,4.145298419940176e-17,3.310042389263359e-17
5986,2.051825621317622e-13,4.041706523137273e-17,3.2085826808183e-17
5987,2.047644277364324e-13,3.819393471399287e-17,2.955090575532282e-17
5988,2.054746187345506e-13,4.256711103095538e-17,3.415390089932323e-17
5989,2.054708422576321e-13,3.668497548278283e-17,2.878825916321993e-17
5990,2.04398583637689e-13,4.140684697023381e-17,3.309700604721376e-17
5991,2.049098326316836e-13,3.991073803821362e-17,3.17486596056978e-17
5992,2.055132848074461e-13,3.726735667453528e-17,2.888535836973276e-17
5993,2.081064705495185e-13,4.402358768608024e-17,3.548100093745768e-17
5994,2.034342186669082e-13,3.530858266102892e-17,2.703044063428246e-17
5995,2.05168874542972e-13,4.084656624638827e-17,3.206129875602377e-17
5996,2.047226751253636e-13,4.117149155352978e-17,3.250217976037018e-17
5997,2.034268201796083e-13,3.67435874310029e-17,2.852515019332292e-17
5998,2.044625756769979e-13,3.903301344755044e-17,2.992786600905598e-17
5999,2.029144186886643e-13,3.4803617385893e-17,2.662720412649222e-17
6000,2.058108542466212e-13,4.278135056414206e-17,3.473067390388101e-17
6001,2.04894942160583e-13,4.156414890889462e-17,3.379832739497862e-17
6002,2.066986063342073e-13,4.253967265587257e-17,3.439066808498084e-17
6003,2.050277590957917e-13,4.141331536003562e-17,3.380799451361084e-17
6004,2.02716379476702e-13,3.722014915560851e-17,2.898721812095395e-17
6005,2.018540594066763e-13,3.746240603566284e-17,2.905343104302154e-17
6006,2.04496545889671e-13,4.272027059668393e-17,3.393219848728252e-17
6007,2.051710818759691e-13,3.962672898934259e-17,3.119267096969203e-17
6008,2.030744148238293e-13,3.812239969701112e-17,2.963035663658199e-17
6009,2.028235436058763e-13,3.84384093859355e-17,3.000929350222912e-17
6010,2.0278151471234e-13,3.728081114934815e-17,2.902802479300782e-17
6011,2.041662518851801e-13,4.123020195237066e-17,3.276745862135891e-17
6012,2.054964528904885e-13,3.937657947739301e-17,3.080247799593278e-17
6013,2.031704587191173e-13,4.055377845012941e-17,3.195059697959976e-17
6014,2.034411493318803e-13,4.234350552454126e-17,3.399655161796558e-17
6015,2.051054193589888e-13,4.171138152008383e-17,3.355894874592857e-17
6016,2.068773860933403e-13,4.22442454103456e-17,3.418762191277681e-17
6017,2.042940568920606e-13,3.981023097521703e-17,3.042589025431182e-17
6018,2.03636971890162e-13,3.384855628412295e-17,2.56859773634013e-17
6019,2.025345493511217e-13,3.850723166929884e-17,2.951319238133972e-17
6020,2.050510755815022e-13,4.190835194578705e-17,3.302731470509061e-17
6021,2.046147115315743e-13,4.161588455868111e-17,3.313456469523742e-17
6022,2.029735728204322e-13,3.947305448912011e-17,3.087557764467471e-17
6023,2.046082405444606e-13,4.128325880699083e-17,3.269017914811262e-17
6024,2.049298153309398e-13,4.022136621203213e-17,3.10756094095392e-17
6025,2.055053962663642e-13,4.182465947743748e-17,3.364855595797433e-17
6026,2.046249262208577e-13,3.978110064040714e-17,3.108633279605517e-17
6027,2.042283627276414e-13,3.657049228248391e-17,2.825387117399503e-17
6028,2.056423607954349e-13,4.041780628527088e-17,3.213422426614126e-17
6029,2.045847769767826e-13,4.063545255332669e-17,3.17321291349213e-17
6030,2.04678903373085e-13,4.0043953850355e-17,3.186925682006625e-17
6031,2.054468087601831e-13,4.192950808322081e-17,3.416506271125616e-17
6032,2.055324929394604e-13,3.908936417126798e-17,3.070356817444018e-17
6033,2.044268562241809e-13,4.018606265178304e-17,3.212678645574644e-17
6034,2.046272903728206e-13,3.987311141438686e-17,3.052884788890699e-17
6035,2.077052912601626e-13,4.081705673374497e-17,3.280915527938962e-17
6036,2.03102726338251e-13,3.715432231096269e-17,2.886192976795889e-17
6037,2.065457645027392e-13,3.974906052385102e-17,3.089272248950923e-17
6038,2.050819242592362e-13,4.110757736778042e-17,3.244200388740652e-17
6039,2.0238933115043e-13,3.551866010604635e-17,2.72703219826151e-17
6040,2.03076350841294e-13,3.778700727943504e-17,2.900596206604549e-17
6041,2.048633723819473e-13,4.016225056644815e-17,3.13730031196507e-17
6042,2.019303611372878e-13,3.695717815209499e-17,2.85366878091073e-17
6043,2.035949409890359e-13,3.929820090473131e-17,3.0236987562688e-17
6044,2.022658360361818e-13,3.796460618721767e-17,2.964883570056741e-17
6045,2.055908282417112e-13,4.213238086409222e-17,3.332217729651083e-17
6046,2.054045632877161e-13,3.883391909394081e-17,3.029160661495477e-17
6047,2.047840533756352e-13,4.052079782146351e-17,3.209890833496343e-17
6048,2.043243271895883e-13,4.131048173425386e-17,3.305703715021275e-17
6049,2.074496508629543e-13,4.277188355387888e-17,3.38175441950625e-17
6050,2.0435048974786e-13,3.99596792024163e-17,3.157486406468772e-17
6051,2.040774432504914e-13,4.081339260625652e-17,3.234801078107516e-17
6052,2.0567593029395e-13,4.157925043112838e-17,3.363737025097927e-17
6053,2.065309879112569e-13,3.782155910370966e-17,2.968263870831471e-17
6054,2.038720853569964e-13,3.772719915392133e-17,2.903054508205974e-17
6055,2.027074334336537e-13,3.917234765191671e-17,3.034855357804265e-17
6056,2.037253926550035e-13,3.976950338748629e-17,3.119210641508882e-17
6057,2.042441303248528e-13,3.954288479773877e-17,3.129400103722079e-17
6058,2.059579098834695e-13,4.034205736856381e-17,3.168016076939109e-17
6059,2.066097586211136e-13,3.865674759646662e-17,2.97494773864258e-17
6060,2.052437944211064e-13,4.087149397580046e-17,3.281161906668162e-17
6061,2.041106975950374e-13,3.954998258155502e-17,3.046550133458601e-17
6062,2.053574616864173e-13,4.111107015594275e-17,3.261251611244709e-17
6063,2.04630899137624e-13,4.020781962876397e-17,3.078890817892866e-17
6064,2.034568396738789e-13,4.131473049744412e-17,3.258137385280018e-17
6065,2.063679369104367e-13,4.143334193440502e-17,3.289198857062763e-17
6066,2.027204882354272e-13,3.475417139865041e-17,2.657488630185486e-17
6067,2.046178801012936e-13,3.868591821396092e-17,3.01993555128728e-17
6068,2.066121185547555e-13,3.952662261420286e-17,3.128527736097579e-17
6069,2.055059033150642e-13,3.644129885724701e-17,2.798924782737442e-17
6070,2.04188826281209e-13,3.94994433405602e-17,3.061170554294141e-17
6071,2.03653542553361e-13,4.032662511520884e-17,3.179730280150131e-17
6072,2.048924342571699e-13,3.896918427199942e-17,3.00980762659262e-17
6073,2.040508533941126e-13,3.920985891358381e-17,3.028257882072165e-17
6074,2.052229540571964e-13,4.117144479905451e-17,3.306717783322304e-17
6075,2.0407128119269e-13,3.999064957817525e-17,3.19826718316877e-17
6076,2.0530608237035e-13,3.901635271920651e-17,3.062044468420114e-17
6077,2.050292759671424e-13,3.958198739601838e-17,3.115026560284111e-17
6078,2.043193142480604e-13,3.826688246788774e-17,2.965205701162257e-17
6079,2.053140299942585e-13,4.012981023823066e-17,3.198587504663817e-17
6080,2.037817258749146e-13,3.93239952648818e-17,3.022114875178324e-17
6081,2.043749371360772e-13,3.836939501236008e-17,3.008869916285655e-17
6082,2.048944789465577e-13,4.042089528066007e-17,3.16223046256215e-17
6083,2.045208201474125e-13,3.948090147901664e-17,3.029156123999103e-17
6084,2.035711638737115e-13,3.857670854340739e-17,3.024038742098322e-17
6085,2.049619207147033e-13,3.603745858944714e-17,2.760649601396219e-17
6086,2.043954817447772e-13,4.056871705800774e-17,3.235594889589889e-17
6087,2.01407132997063e-13,3.444095359738771e-17,2.599404528430091e-17
6088,1.998619813103673e-13,3.309059384136979e-17,2.473905690201524e-17
6089,2.04041102962149e-13,4.053973481017342e-17,3.244432279078897e-17
6090,2.022317223454219e-13,3.917062599038574e-17,3.072944190287113e-17
6091,2.039144789848205e-13,3.985541383217797e-17,3.189924933198532e-17
6092,2.045250280893466e-13,3.978992795262532e-17,3.13372292359957e-17
6093,2.053432160967762e-13,3.969877143473222e-17,3.100795480112315e-17
6094,2.058167067518923e-13,3.92351429881536e-17,3.027417016453188e-17
6095,2.055122409009125e-13,3.915017310396968e-17,2.98257298756097e-17
6096,2.033507058808846e-13,4.026043929093098e-17,3.226792092672528e-17
6097,2.025644298865767e-13,3.791919455268677e-17,3.015805869725736e-17
6098,2.002855072691182e-13,3.39765681553623e-17,2.596182815637896e-17
6099,2.034942464425402e-13,3.846425108302921e-17,2.982418954200248e-17
6100,2.032597095150992e-13,3.89203152018276e-17,2.982646547745896e-17
6101,2.06540567363286e-13,4.054795294857762e-17,3.190764346675165e-17
6102,2.045141689863306e-13,3.963499791279198e-17,3.155591785260973e-17
6103,2.047143794786903e-13,4.01819648743702e-17,3.151544726625312e-17
6104,2.070128444498458e-13,3.863353325354686e-17,2.950931152230055e-17
6105,2.045408061420753e-13,3.995162453003676e-17,3.090924324752273e-17
6106,2.013836379562465e-13,3.522870170588041e-17,2.698699582985926e-17
6107,2.053804843367303e-13,3.819909744181862e-17,2.96841849275219e-17
6108,2.048722322478584e-13,4.051682040169371e-17,3.169093776055739e-17
6109,2.03203215177648e-13,3.61557990417418e-17,2.845574090241852e-17
6110,2.034333603978458e-13,3.775045000583717e-17,2.93149354196605e-17
6111,2.024961617300442e-13,3.668370579234844e-17,2.826916805685793e-17
6112,2.048642861613047e-13,3.86229652790232e-17,3.022887354660587e-17
6113,2.036405431051374e-13,3.865224902763202e-17,3.000831377151349e-17
6114,2.024273617239936e-13,3.712117011011886e-17,2.823667833799849e-17
6115,2.029539462683466e-13,3.827441944607338e-17,2.989168922342135e-17
6116,2.042505601858451e-13,3.873603883954101e-17,2.959086747317794e-17
6117,2.055452195811932e-13,3.85870600432619e-17,2.9795327051744e-17
6118,2.052372979196715e-13,3.988883192033197e-17,3.144846712458174e-17
6119,2.021211771316815e-13,3.234497402267043e-17,2.38434153780097e-17
6120,2.034778659686867e-13,3.994851336397486e-17,3.191337326655225e-17
6121,2.036106959651414e-13,3.550742151224786e-17,2.73816628241875e-17
6122,2.005494420816112e-13,3.518368974691023e-17,2.725368775808573e-17
6123,2.063839416126477e-13,3.841478315390432e-17,2.976867335304255e-17
6124,2.01743933741571e-13,3.472045256513642e-17,2.655404161791782e-17
6125,2.016707021586235e-13,3.796447234075419e-17,2.891236393525604e-17
6126,2.008622615535904e-13,3.534629160270508e-17,2.717235180274561e-17
6127,2.023319560591621e-13,3.798683673839162e-17,2.972780566366378e-17
6128,2.017620941424741e-13,3.881472578345911e-17,3.039862923479583e-17
6129,2.050085464482679e-13,4.017355461326295e-17,3.203651047167167e-17
6130,2.038619077949564e-13,4.023577823098088e-17,3.184584880130843e-17
6131,2.050094427411551e-13,3.999050901928481e-17,3.149879325676663e-17
6132,2.055822785916753e-13,4.168059617418613e-17,3.312709337042894e-17
6133,2.03504652420892e-13,3.921625468476132e-17,3.10159479583217e-17
6134,2.018363615025334e-13,3.89127694361941e-17,3.026768980756905e-17
6135,1.987168255210152e-13,3.472170298877665e-17,2.693303780053021e-17
6136,2.013871198491535e-13,3.67835503286856e-17,2.786733236315639e-17
6137,2.004313072582793e-13,3.326899313558441e-17,2.461464546212842e-17
6138,2.055415799451521e-13,3.963927880919213e-17,3.188857462164888e-17
6139,2.026621364724453e-13,3.919060679922308e-17,3.117007001188705e-17
6140,2.037224259678054e-13,3.827840910748503e-17,3.031449010998896e-17
6141,2.050768592921679e-13,3.784648405006904e-17,2.933184779649478e-17
6142,2.016759139719149e-13,3.258968624710834e-17,2.409944752887518e-17
6143,2.034212683212448e-13,3.670598757328743e-17,2.825101648200626e-17
6144,2.041735794234313e-13,3.78224176076494e-17,2.906656833510039e-17
6145,2.063435466049802e-13,3.965458005430337e-17,3.175601128461811e-17
6146,2.071298961992079e-13,3.974925298330923e-17,3.139436350940327e-17
6147,2.046864490940815e-13,3.832838539236361e-17,2.932496570993405e-17
6148,2.043621554618081e-13,3.803504551091847e-17,3.000959634900888e-17
6149,2.030652645119742e-13,3.833877597341436e-17,2.97746359944893e-17
6150,2.044000418876703e-13,3.86369534911128e-17,2.950173589545444e-17
6151,2.016249719342211e-13,3.597674751880626e-17,2.793209463949639e-17
6152,2.041348240435147e-13,3.964406936606063e-17,3.184657032780792e-17
6153,2.053217146841022e-13,3.880109217386153e-17,3.006379747764738e-17
6154,2.027728225184173e-13,3.682851289836761e-17,2.805506011505984e-17
6155,2.044175067935321e-13,3.921975552830979e-17,3.030220591650667e-17
6156,2.037933419884805e-13,3.850919709180387e-17,3.000770391911251e-17
6157,2.047177038491599e-13,3.894854248726854e-17,3.005460125642784e-17
6158,2.029903309092492e-13,3.747106906044455e-17,2.928488378978324e-17
6159,2.036152878006159e-13,3.924154645325546e-17,3.070786589573663e-17
6160,2.066210155052754e-13,3.978926190442086e-17,3.203776975518749e-17
6161,2.049154468544867e-13,3.9386499216198e-17,3.078515719230379e-17
6162,2.009501037764647e-13,3.389538596817553e-17,2.569014681720093e-17
6163,2.010377650968202e-13,3.29646043330232e-17,2.468353475502757e-17
6164,2.021432362317164e-13,3.748458646413314e-17,2.902338627279584e-17
6165,2.034800071239524e-13,3.798716841581171e-17,2.990849945818918e-17
6166,2.057073866494086e-13,3.777818331276923e-17,2.985271742016361e-17
6167,2.0503010696007e-13,3.766229628586149e-17,2.910693650389439e-17
6168,2.057527298165298e-13,3.980292868863091e-17,3.166960454812969e-17
6169,2.024874620600128e-13,3.585892750991356e-17,2.78665003843534e-17
6170,2.052194464430649e-13,3.823039775876256e-17,3.019680718210139e-17
6171,2.036521504648096e-13,3.816551066302768e-17,2.988651007074409e-17
6172,2.012015940731452e-13,3.711026313518905e-17,2.914197321395049e-17
6173,2.032887457455888e-13,3.951985403206408e-17,3.113336306670294e-17
6174,2.038012019342618e-13,3.798794664510887e-17,2.995569933091268e-17
6175,2.049942808165865e-13,3.899099060577754e-17,3.057614850658611e-17
6176,2.050651648901262e-13,3.91301528304752e-17,3.059972438644632e-17
6177,2.04046512147468e-13,3.532411942490508e-17,2.732374301643445e-17
6178,2.019272332899149e-13,3.410556646839044e-17,2.612686292392638e-17
6179,2.045388888336916e-13,3.993359124762216e-17,3.15723294579577e-17
6180,2.019461167040084e-13,3.56724510507832e-17,2.743005255200753e-17
6181,1.994345397165029e-13,3.249117033504837e-17,2.379004435385256e-17
6182,2.05270924724152e-13,4.036215976800799e-17,3.191012378178314e-17
6183,2.043629537176057e-13,3.84240642347131e-17,3.012976430649997e-17
6184,2.043786074439764e-13,3.844183028956587e-17,3.039062180120978e-17
6185,2.055847442078e-13,3.883702193859689e-17,3.03698395378005e-17
6186,2.06509113863094e-13,3.894436823157744e-17,3.050343825238874e-17
6187,2.042796946929305e-13,3.712649811567812e-17,2.879094650854634e-17
6188,2.052063890731816e-13,3.8524234558809e-17,3.033464595535164e-17
6189,2.03961796041502e-13,3.858975814546149e-17,2.987836889358255e-17
6190,2.022623437479477e-13,3.701315341176224e-17,2.885521980084551e-17
6191,2.029468629450475e-13,3.549949680129428e-17,2.768572908334658e-17
6192,2.018415167321402e-13,3.296257812976796e-17,2.486084373998221e-17
6193,2.037194426242585e-13,3.710534492815174e-17,2.823111940471302e-17
6194,2.043498747106451e-13,3.664042170271111e-17,2.857539208798484e-17
6195,2.030454039985665e-13,3.879295884055654e-17,3.064275238682518e-17
6196,2.044404519002215e-13,3.970905012710878e-17,3.10128320167672e-17
6197,2.039554422256513e-13,3.729517244281845e-17,2.946729291078149e-17
6198,2.029392641050575e-13,3.610304081853923e-17,2.809323346272788e-17
6199,2.012924975731715e-13,3.18699619894037e-17,2.350953634212192e-17
6200,2.001156534470411e-13,3.332908979764562e-17,2.506880055424764e-17
6201,2.050532333730533e-13,3.984537129383205e-17,3.198916614283612e-17
6202,2.007632436379471e-13,3.272884262648123e-17,2.472149005729216e-17
6203,2.03542709470564e-13,3.832510797553196e-17,2.940600307616247e-17
6204,2.027650656443744e-13,3.507531466425051e-17,2.712414087870874e-17
6205,2.028015404286892e-13,3.812227976005817e-17,2.941723493993475e-17
6206,2.05053136701526e-13,4.016897540426261e-17,3.158008019477225e-17
6207,2.040417996760393e-13,3.68874361345836e-17,2.881680901541585e-17
6208,2.046744547022074e-13,3.925790287238848e-17,3.114619111737716e-17
6209,2.046353044892045e-13,3.737940580829916e-17,2.820474073918539e-17
6210,2.044727625484358e-13,3.822727427186213e-17,2.984673321081892e-17
6211,2.025690931200176e-13,3.943481047634604e-17,3.101215617660305e-17
6212,2.043120414551888e-13,3.81528079786793e-17,2.900275585854324e-17
6213,2.028858153476888e-13,3.993397235291342e-17,3.17774573624791e-17
6214,2.028997638190654e-13,3.840081888324413e-17,2.987175630522714e-17
6215,2.017999509460425e-13,3.77205059084778e-17,2.900435079522056e-17
6216,2.043433452175263e-13,3.888671214744044e-17,3.120973807993157e-17
6217,2.032557717425783e-13,3.937382230055647e-17,3.122499940077415e-17
6218,2.048154534195185e-13,3.835829689690152e-17,2.993925885600292e-17
6219,2.051668670447796e-13,4.005233040379512e-17,3.162433589340334e-17
6220,2.03710279394109e-13,4.004603596105653e-17,3.177157150323636e-17
6221,2.03927488556262e-13,3.716415548981876e-17,2.902760331026684e-17
6222,2.012032088160628e-13,3.455705437006336e-17,2.704432948058952e-17
6223,2.025029628158205e-13,3.477840182898055e-17,2.637402400741909e-17
6224,2.023845531696304e-13,3.613002296485739e-17,2.786500778739579e-17
6225,2.024580575076562e-13,3.607991852721564e-17,2.726750966356178e-17
6226,2.033192996135985e-13,3.662444730606175e-17,2.780414844566396e-17
6227,2.031688990463547e-13,3.611261723090365e-17,2.806322008011249e-17
6228,2.019121798993338e-13,3.389589819001367e-17,2.591439738875865e-17
6229,2.029477265923438e-13,3.457739664273654e-17,2.616794558628327e-17
6230,2.05621913052626e-13,3.9074961647799e-17,2.999276054724881e-17
6231,2.027935221453967e-13,3.835977370596561e-17,3.021284173675775e-17
6232,2.018137548621808e-13,3.676035926248462e-17,2.823404920088369e-17
6233,2.0273915531762e-13,3.729367622785832e-17,2.892626375064278e-17
6234,2.035291155826702e-13,3.734195305233893e-17,2.894881528159194e-17
6235,2.016349746829713e-13,3.629822241038246e-17,2.760407658899937e-17
6236,1.995007144647993e-13,3.170934173592949e-17,2.350365521708118e-17
6237,2.01011674301417e-13,3.435046483482766e-17,2.562507325523411e-17
6238,2.034667706070941e-13,3.727422070323588e-17,2.797108408060102e-17
6239,2.00779475064878e-13,3.203171911742112e-17,2.358392904804403e-17
6240,2.032945828785659e-13,3.781530332418476e-17,3.006860606970003e-17
6241,2.037820344731815e-13,3.874097354148842e-17,3.041036977347768e-17
6242,2.037973338116871e-13,3.489908919117862e-17,2.680267570294156e-17
6243,2.022064472646995e-13,3.705868000739266e-17,2.910764911230534e-17
6244,2.053979360546963e-13,3.887613498034739e-17,3.117548062669891e-17
6245,2.036025747154431e-13,3.848981870780122e-17,2.974146638966568e-17
6246,2.009209605518503e-13,3.320033214642886e-17,2.511248452995995e-17
6247,2.015170116671873e-13,3.291961351550724e-17,2.484535809418343e-17
6248,2.058598409169957e-13,3.959162627730851e-17,3.14293250069743e-17
6249,2.028426385792991e-13,3.420624602109582e-17,2.62362553631742e-17
6250,2.033640613095022e-13,3.895325120620602e-17,2.999448876518249e-17
6251,2.065311290895814e-13,4.092077872197147e-17,3.19888891310989e-17
6252,2.046921743612998e-13,3.762269612660745e-17,2.915882783473884e-17
6253,2.045379633360794e-13,3.826768184134669e-17,2.927045078709673e-17
6254,2.052708126013314e-13,3.918166951969652e-17,3.098027598252751e-17
6255,2.043124965861888e-13,3.836951789177454e-17,3.026889147786372e-17
6256,2.041297854371905e-13,3.79311923601162e-17,2.9164172285118e-17
6257,2.041204676665202e-13,3.684151783382833e-17,2.810012645067882e-17
6258,2.039954091840899e-13,3.825069426962663e-17,2.958972380464198e-17
6259,2.038284852567748e-13,3.457418991707136e-17,2.624289955642313e-17
6260,2.006280397876422e-13,3.161861897491014e-17,2.326794526523614e-17
6261,2.024955610494156e-13,3.890450358246247e-17,3.069546345009248e-17
6262,1.992842311410082e-13,3.558439875333482e-17,2.790922634819554e-17
6263,2.007588546580665e-13,3.39950024319286e-17,2.549663586323808e-17
6264,2.044590531608074e-13,3.811702168009739e-17,2.992784581931578e-17
6265,2.024621547174112e-13,3.312705881968937e-17,2.465074924127803e-17
6266,2.028441434765872e-13,3.559027046412316e-17,2.661432562482038e-17
6267,2.014467816490774e-13,3.673503928406263e-17,2.896134353015907e-17
6268,2.034211335343537e-13,3.661316398034953e-17,2.872378938055422e-17
6269,2.05677357223776e-13,3.802160339552713e-17,3.002434848862458e-17
6270,2.036252220743802e-13,3.721257038187862e-17,2.846918462205044e-17
6271,2.027592546501905e-13,3.718025283221829e-17,2.822058122811229e-17
6272,2.045006177819764e-13,3.853142169070368e-17,2.990465039357407e-17
6273,2.051752444508895e-13,3.781241026309306e-17,2.924323395933244e-17
6274,2.012819018769632e-13,3.326163069843713e-17,2.488288258135892e-17
6275,2.055226343020468e-13,3.868290959779453e-17,3.071621814560862e-17
6276,2.015388770893604e-13,3.327923034751125e-17,2.498257305407816e-17
6277,2.020215627161118e-13,3.829237584914953e-17,2.972053557086964e-17
6278,2.030363216300184e-13,3.870802777391832e-17,2.985575208899419e-17
6279,2.012078970271302e-13,3.524737181089102e-17,2.703951931881789e-17
6280,2.01188422653105e-13,3.770402798334975e-17,2.917365717217194e-17
6281,2.047262550854551e-13,3.970954775069596e-17,3.159411696424635e-17
6282,2.00730344592895e-13,3.334473655996733e-17,2.50477880369609e-17
6283,2.042862738165265e-13,3.837372758426044e-17,2.986299262788594e-17
6284,2.016808832856713e-13,3.432246228318735e-17,2.563128114986944e-17
6285,2.046856542916894e-13,3.870185962011316e-17,2.952013520160643e-17
6286,2.015964814621723e-13,3.407369347444451e-17,2.604422615554585e-17
6287,2.03219015273737e-13,3.784610258737731e-17,3.007507140501421e-17
6288,2.026043792757837e-13,3.214258147020604e-17,2.391145400574897e-17
6289,2.05270095805274e-13,3.752033823431302e-17,2.854079870338691e-17
6290,2.043985327557598e-13,3.594926152214594e-17,2.75323532081112e-17
6291,2.041724841333845e-13,3.670815706365742e-17,2.823342121176435e-17
6292,2.033281839367426e-13,3.895672908677644e-17,3.067985311350882e-17
6293,2.041676180669209e-13,3.415703659435921e-17,2.558058251707955e-17
6294,2.031701025067406e-13,3.740387335418901e-17,2.815126353866903e-17
6295,2.037258008753652e-13,3.761433405634618e-17,2.914057844927032e-17
6296,2.036209096036064e-13,3.920981626244457e-17,3.116838936002548e-17
6297,2.031600733232627e-13,3.524478882513828e-17,2.71164701583014e-17
6298,2.023613762283347e-13,3.626490739773276e-17,2.730932143431643e-17
6299,2.032246912816502e-13,3.791283255686584e-17,2.996685686013241e-17
6300,2.029150061801431e-13,3.665126180754541e-17,2.786528713712753e-17
6301,2.032033494479076e-13,3.677371179085363e-17,2.852512023599124e-17
6302,2.03778338057838e-13,3.638953949279081e-17,2.852714298979074e-17
6303,2.047447305763753e-13,3.801312524661308e-17,2.887545985733228e-17
6304,2.009085539432443e-13,3.229382399989812e-17,2.404934317922973e-17
6305,2.0382592061544e-13,3.711398560762187e-17,2.907591234140043e-17
6306,2.033918863727686e-13,3.92553794242687e-17,3.105890496394678e-17
6307,2.032967122553867e-13,3.365969122277141e-17,2.534426034708635e-17
6308,2.066372536408916e-13,3.910655854381562e-17,3.120652880474227e-17
6309,2.042074039836511e-13,3.639869244520466e-17,2.795513062944486e-17
6310,2.020556405799847e-13,3.429134379337705e-17,2.644915902660207e-17
6311,2.047794167085878e-13,3.887195886184189e-17,3.081589480696705e-17
6312,2.009493763756688e-13,3.188367167317337e-17,2.355418351674899e-17
6313,2.005539244025017e-13,3.552151094819614e-17,2.718490890936729e-17
6314,2.040974448293672e-13,3.86553277189906e-17,3.026806673032754e-17
6315,2.032319476438859e-13,3.770944453249804e-17,2.956879558173736e-17
6316,2.017938837954469e-13,3.274884702476273e-17,2.473808023424841e-17
6317,2.063587851000996e-13,3.834661050032443e-17,2.971239069177064e-17
6318,2.011230814232114e-13,3.413702484703123e-17,2.569635863579522e-17
6319,2.012159504827427e-13,3.310669244719337e-17,2.47518346242098e-17
6320,1.992101181998354e-13,3.108783193587758e-17,2.238299568530779e-17
6321,2.037363746047048e-13,3.859407947041688e-17,3.066068299614938e-17
6322,2.054465117949018e-13,3.663179460919582e-17,2.881728372780743e-17
6323,2.049751745637947e-13,3.852879501951653e-17,2.973928637561273e-17
6324,2.027077080107357e-13,3.396610759862285e-17,2.551310391213302e-17
6325,2.03132646609186e-13,3.637401147507189e-17,2.707329479996261e-17
6326,2.034299787452359e-13,3.523030925784546e-17,2.669532277740764e-17
6327,2.003143424183669e-13,3.189670905423093e-17,2.401664764510146e-17
6328,2.042160211757268e-13,3.719245460564004e-17,2.879383355948941e-17
6329,2.026009518461153e-13,3.392032571077756e-17,2.578887302286545e-17
6330,2.03375567409408e-13,3.816365442060239e-17,3.003362549114241e-17
6331,2.034600651345029e-13,3.844179866436549e-17,2.993083470569194e-17
6332,2.0342757463835e-13,3.480014209410657e-17,2.688126183286075e-17
6333,2.001262274710612e-13,3.232556276967327e-17,2.398924625114886e-17
6334,2.018590035659981e-13,3.652298757900208e-17,2.761007579765518e-17
6335,2.059311171213383e-13,3.665018661639157e-17,2.858471355910433e-17
6336,2.054529851457299e-13,3.657551685134961e-17,2.866557504573498e-17
6337,2.031192276737714e-13,3.820364342645467e-17,2.988173514405261e-17
6338,2.021121925694943e-13,3.278200173587081e-17,2.485881997422504e-17
6339,2.020125827760206e-13,3.725219758206321e-17,2.900740352834177e-17
6340,2.015396102671493e-13,3.389189658242474e-17,2.549969273421699e-17
6341,2.038136625647123e-13,3.827962467815217e-17,3.000416503881642e-17
6342,2.004131967587087e-13,3.222814358688172e-17,2.389278388280064e-17
6343,1.995148065195954e-13,3.277861207567214e-17,2.419842322508952e-17
6344,2.021873612947084e-13,3.860496313952143e-17,3.032523639720864e-17
6345,2.020441083952059e-13,3.596565892624173e-17,2.757286708933396e-17
6346,2.042982101500593e-13,3.871676532853671e-17,3.016321971389313e-17
6347,2.035425665667908e-13,3.511535730149046e-17,2.742664870206389e-17
6348,2.036443260161239e-13,3.746883711299444e-17,2.834394213476784e-17
6349,2.021750508899027e-13,3.860447354999823e-17,2.977089733614881e-17
6350,2.021737974353913e-13,3.397985056023145e-17,2.596209889736306e-17
6351,2.039274249040056e-13,3.800524870078351e-17,2.938267587728595e-17
6352,2.031641936572913e-13,3.806888814713138e-17,2.921102367007832e-17
6353,2.009923505217009e-13,3.274698830016435e-17,2.439840926503565e-17
6354,2.020878484009828e-13,3.572092770813669e-17,2.74254041978684e-17
6355,2.046914402405331e-13,3.739790301103361e-17,2.887072835208628e-17
6356,2.041701710000324e-13,3.777787815913211e-17,2.882755319884661e-17
6357,2.031434797401854e-13,3.656059219901068e-17,2.832676204943801e-17
6358,2.023938475050449e-13,3.663778621496963e-17,2.785714563573341e-17
6359,2.024236186074232e-13,3.413592542879838e-17,2.617645006098854e-17
6360,2.038154420767012e-13,3.778559665104913e-17,2.924251606437337e-17
6361,2.038628771799097e-13,3.762451420604425e-17,2.857113328813744e-17
6362,2.019739442977657e-13,3.459149951132302e-17,2.61419905370689e-17
6363,2.028307731521805e-13,3.759452689707681e-17,2.970994693853304e-17
6364,2.03704688127549e-13,3.84969190648329e-17,3.041359163552517e-17
6365,2.036876540772783e-13,3.829558779807317e-17,2.944883563197723e-17
6366,2.022356617907253e-13,3.443344176990398e-17,2.611296236666296e-17
6367,2.048927384013714e-13,3.709393896535336e-17,2.862760564916757e-17
6368,2.031001215451217e-13,3.576612737747138e-17,2.679740476198022e-17
6369,2.019539913399294e-13,3.282759906700429e-17,2.418384743957482e-17
6370,2.008491037227131e-13,3.101948433816849e-17,2.231082791217531e-17
6371,2.010749634397978e-13,3.128730361973636e-17,2.252393490396064e-17
6372,2.019954368813084e-13,3.681182783768749e-17,2.895238360681035e-17
6373,2.033440802466636e-13,3.885623592482923e-17,3.036292243005835e-17
6374,2.042381747679067e-13,3.595110450927946e-17,2.806929475102752e-17
6375,2.020175509712449e-13,3.742974449349749e-17,2.860331076965603e-17
6376,2.044235214408285e-13,3.765463428318183e-17,2.887909535826418e-17
6377,2.018933212296302e-13,3.619067508236394e-17,2.798970360228111e-17
6378,2.03472389302772e-13,3.687425872193662e-17,2.846074821791353e-17
6379,2.032275696010432e-13,3.667449519489939e-17,2.757837547617965e-17
6380,2.064060153338545e-13,3.534034995142657e-17,2.632276517516692e-17
6381,2.036012861839126e-13,3.819583583555649e-17,2.969986252984604e-17
6382,2.026772893609792e-13,3.825271027106239e-17,2.942357046375515e-17
6383,2.036735022136128e-13,3.750765272820003e-17,2.899144234772427e-17
6384,2.023448990315416e-13,3.772973303163566e-17,2.89299361748304e-17
6385,2.019064869930575e-13,3.378480786414822e-17,2.528917171193653e-17
6386,2.038806617063456e-13,3.782547017628516e-17,2.899413676998547e-17
6387,2.029033596241937e-13,3.865089830104844e-17,3.010926914055993e-17
6388,2.016475178590914e-13,3.520879835614184e-17,2.731389271112545e-17
6389,2.040224505500326e-13,3.683975107689115e-17,2.868452734580451e-17
6390,2.035100655173117e-13,3.738627775565319e-17,2.978324550295545e-17
6391,2.041342275937467e-13,3.753367617356915e-17,2.85481461158395e-17
6392,2.031097400918573e-13,3.781811061695601e-17,3.006937360879815e-17
6393,2.045829818730569e-13,3.878000534435977e-17,3.076786589993282e-17
6394,2.03575196404217e-13,3.704990407690239e-17,2.916096095352239e-17
6395,2.021751759736524e-13,3.550844960980212e-17,2.676820348927573e-17
6396,2.028007472627146e-13,3.775460299315627e-17,2.999580585686513e-17
6397,2.027043624257732e-13,3.592218270476331e-17,2.708100083532371e-17
6398,2.03163521747981e-13,3.619597469895672e-17,2.836274473549845e-17
6399,2.016192545707118e-13,3.294381658338184e-17,2.47010731390333e-17
6400,2.021755648592071e-13,3.766558049770122e-17,2.879506699780928e-17
6401,2.033026618923882e-13,3.864067071964187e-17,3.07789486708639e-17
6402,2.042661891941591e-13,3.847825942360004e-17,3.036494792663545e-17
6403,2.041438471148091e-13,3.524703698218735e-17,2.710840147656934e-17
6404,2.015626951941246e-13,3.150210212246755e-17,2.313330062571619e-17
6405,2.005450768429526e-13,3.381208832712793e-17,2.495265430812005e-17
6406,2.006660822299358e-13,3.289479680766704e-17,2.4590353514925e-17
6407,2.030098988750762e-13,3.631322238384806e-17,2.802991543749061e-17
6408,2.023961732319159e-13,3.536650092850792e-17,2.654326076845136e-17
6409,2.056159313656644e-13,3.941156560953373e-17,3.085702912519424e-17
6410,2.049406075678004e-13,3.753008778586678e-17,2.854303032457374e-17
6411,2.031019541021205e-13,3.338709648518038e-17,2.538374150688669e-17
6412,2.018716295435954e-13,3.618027580558459e-17,2.806732667475656e-17
6413,2.005186614286915e-13,3.412278122359331e-17,2.559491917868778e-17
6414,1.991998110698853e-13,2.995916013342817e-17,2.189974414237687e-17
6415,2.029666694140394e-13,3.654718021152852e-17,2.844363647390999e-17
6416,2.030783918064211e-13,3.481979573635057e-17,2.674843341233234e-17
6417,2.023006957114227e-13,3.715351711011667e-17,2.889754194551563e-17
6418,2.019426773905623e-13,3.560192595470057e-17,2.685425491151726e-17
6419,2.025150527368645e-13,3.891376145018061e-17,3.094162828528348e-17
6420,2.009055194908016e-13,3.396984545112011e-17,2.559961733806692e-17
6421,2.013204962496881e-13,3.499628750896157e-17,2.626362170142376e-17
6422,2.018194013431013e-13,3.191178033889861e-17,2.352441578465942e-17
6423,2.032472888282859e-13,3.754277592916178e-17,2.946441970504397e-17
6424,2.052533148392134e-13,3.835963808197648e-17,2.969892966258576e-17
6425,1.99841597649923e-13,3.223211104986798e-17,2.365365049303123e-17
6426,2.024466940381605e-13,3.728491030728786e-17,2.931603857130644e-17
6427,2.006271477256156e-13,3.203727998662562e-17,2.349940359976415e-17
6428,2.028605841618312e-13,3.534292662682787e-17,2.758706826707026e-17
6429,2.039098934981447e-13,3.837823611021705e-17,2.960353120967836e-17
6430,2.011950214613628e-13,3.719552184698524e-17,2.828805226063707e-17
6431,2.039205084953031e-13,3.870665900944304e-17,3.061643031443827e-17
6432,2.023624917873886e-13,3.656489852973168e-17,2.786308263031438e-17
6433,2.012945694421392e-13,3.674364963153986e-17,2.760774059464678e-17
6434,2.038686281482892e-13,3.739844227278701e-17,2.849391484846155e-17
6435,2.020060836776348e-13,3.613325138804586e-17,2.756117810431129e-17
6436,2.033482426046489e-13,3.720284276205376e-17,2.894322850424029e-17
6437,2.043044307339291e-13,3.798707332698875e-17,2.929299559512707e-17
6438,2.024334059333937e-13,3.736182732064766e-17,2.872115946230288e-17
6439,2.020385842067206e-13,3.812722175994651e-17,2.953089259463857e-17
6440,2.017725280590514e-13,3.576594636058077e-17,2.771237160313097e-17
6441,2.008717652012382e-13,3.563748430152412e-17,2.673251433863065e-17
6442,2.011396060786233e-13,3.589392673759888e-17,2.633776122095062e-17
6443,2.050386875051689e-13,3.83982594222921e-17,3.006654697342054e-17
6444,2.045270799965273e-13,3.868273943254237e-17,3.094100873433429e-17
6445,2.022728741304029e-13,3.490106587585878e-17,2.697011874970257e-17
6446,2.024030492079368e-13,3.569757684637294e-17,2.766995628728078e-17
6447,1.990509934463911e-13,3.242851711726745e-17,2.400497738501871e-17
6448,2.001191257371235e-13,3.029440218492398e-17,2.186074617172127e-17
6449,2.012743941760296e-13,3.69699270913703e-17,2.877614332361942e-17
6450,2.022755772578102e-13,3.366827531045462e-17,2.567599823418797e-17
6451,1.985869316088684e-13,3.075839153114664e-17,2.254461254313039e-17
6452,2.035300334900634e-13,3.898600394403409e-17,3.069135688929316e-17
6453,2.028783207243025e-13,3.671531516658162e-17,2.736234864805324e-17
6454,2.012772901135586e-13,3.604062549542388e-17,2.765961783931113e-17
6455,2.020972023496489e-13,3.598597476075913e-17,2.814642296672313e-17
6456,2.022983364198082e-13,3.679005149948558e-17,2.796789244732e-17
6457,2.015092772515655e-13,3.612344325260389e-17,2.760599806648084e-17
6458,2.007244741785693e-13,3.254555363400617e-17,2.471815293631146e-17
6459,2.057213184092623e-13,3.825161056887218e-17,3.028691857041412e-17
6460,2.02865658953675e-13,3.68643315559038e-17,2.830190370241625e-17
6461,2.033691055849789e-13,3.619730943491677e-17,2.805642155891823e-17
6462,2.004110996061484e-13,3.289732098412558e-17,2.494959093285931e-17
6463,1.989037680146004e-13,3.012737497492469e-17,2.192584888889946e-17
6464,2.020429370876047e-13,3.811096904887595e-17,2.960198573031714e-17
6465,2.038413302221597e-13,3.435673939005957e-17,2.624251120700408e-17
6466,2.037493895894909e-13,3.915344945299981e-17,3.098625354070423e-17
6467,2.037048086556625e-13,3.794501328206417e-17,2.942140709657519e-17
6468,2.033703001246944e-13,3.660756356356832e-17,2.85396995054833e-17
6469,2.017605361901445e-13,3.013575721428086e-17,2.207906916904251e-17
6470,2.020765267623339e-13,3.641406408940227e-17,2.789395165258928e-17
6471,2.031263235880815e-13,3.78950437779789e-17,2.945710674788878e-17
6472,2.020864175036278e-13,3.646724610051091e-17,2.767007604350281e-17
6473,1.987127844924238e-13,3.079140882110997e-17,2.258008096989942e-17
6474,2.009880235438655e-13,3.273046419287555e-17,2.442072448863746e-17
6475,2.004450806906534e-13,3.103091577488606e-17,2.266289114450425e-17
6476,2.016076974384017e-13,3.620669081054618e-17,2.769524493698231e-17
6477,2.033269309449424e-13,3.453278324989657e-17,2.657413332208626e-17
6478,2.006894365589009e-13,3.059089915635644e-17,2.223932383774556e-17
6479,2.034658859559703e-13,3.785113788502507e-17,2.99783535813195e-17
6480,2.011346222264562e-13,3.494056088052622e-17,2.709493183525235e-17
6481,2.034199455841973e-13,3.554042892767033e-17,2.727994638038794e-17
6482,2.031524742412584e-13,3.532115899247729e-17,2.699967673647232e-17
6483,2.01631463125136e-13,3.58666794008337e-17,2.75834024838972e-17
6484,2.018179822480164e-13,3.680966393643756e-17,2.858499620599049e-17
6485,2.01802694805828e-13,3.401212298300996e-17,2.62496292340352e-17
6486,2.024478337672906e-13,3.642079341672129e-17,2.803159228655737e-17
6487,2.026910879327406e-13,3.301087635867644e-17,2.447555602020203e-17
6488,2.035713547966235e-13,3.518799927189762e-17,2.659888015746424e-17
6489,2.032602763475893e-13,3.555002060841154e-17,2.755293181893046e-17
6490,2.030579582872788e-13,3.749478124186556e-17,2.890813440230764e-17
6491,2.007856496045958e-13,3.262201803355781e-17,2.432420742245388e-17
6492,2.016896549154431e-13,3.75980799779482e-17,2.842871355442166e-17
6493,2.021592822431269e-13,3.519961997448385e-17,2.632519125400527e-17
6494,2.031931032729462e-13,3.69855956997937e-17,2.85368845093112e-17
6495,2.031063952780801e-13,3.838892821065692e-17,2.94324077121116e-17
6496,2.014079452696239e-13,3.130560018984679e-17,2.309571903840579e-17
6497,2.031952336642204e-13,3.787710668163369e-17,2.99419631995107e-17
6498,2.045736610828513e-13,3.859093413775322e-17,3.04246688396737e-17
6499,2.027787672248488e-13,3.663863310102604e-17,2.782552374740823e-17
6500,2.00849738193798e-13,3.162382650504668e-17,2.342847011174687e-17
6501,2.008219631886091e-13,3.193693095486562e-17,2.383448207084009e-17
6502,2.021747350036211e-13,3.731622125520256e-17,2.880758021592811e-17
6503,2.012941696283244e-13,3.159210469047008e-17,2.314327265024205e-17
6504,2.034649197109325e-13,3.533252790848668e-17,2.690073781933509e-17
6505,2.03089991550795e-13,3.759020305881115e-17,2.927154965806017e-17
6506,2.033592818352365e-13,3.823555843018203e-17,2.996851531187634e-17
6507,2.019616239879311e-13,3.266228746709676e-17,2.486662872024416e-17
6508,2.000858045188983e-13,3.142503867003248e-17,2.322557548409688e-17
6509,2.007042646141496e-13,3.070471871684249e-17,2.255158277966584e-17
6510,1.980771494206232e-13,3.081123316267609e-17,2.192994369406739e-17
6511,2.043400403549101e-13,3.572175088730772e-17,2.779842550416114e-17
6512,2.045282777426181e-13,3.85862574982125e-17,3.089911845867845e-17
6513,2.05468712391767e-13,3.87591175584716e-17,3.013300777029015e-17
6514,2.024150314037974e-13,3.210367078309987e-17,2.361261476520365e-17
6515,2.016523120147191e-13,3.606127865807889e-17,2.753239539625442e-17
6516,2.019263318959191e-13,3.249465409715744e-17,2.42287550223874e-17
6517,2.007847756647971e-13,3.684633139631927e-17,2.76376486585286e-17
6518,2.00919044481125e-13,3.741261985498711e-17,2.956137410616706e-17
6519,2.03122158487686e-13,3.859692465914161e-17,3.0774073737709e-17
6520,2.020759630246167e-13,3.488504991076338e-17,2.698779765503109e-17
6521,2.036903843127898e-13,3.714140251227962e-17,2.890782296167193e-17
6522,2.025047714422494e-13,3.621147090363696e-17,2.804622280645976e-17
6523,2.005317841486927e-13,3.26157720429466e-17,2.480302811987158e-17
6524,2.022174813766229e-13,3.746151927272042e-17,2.942021163002104e-17
6525,2.028440162360265e-13,3.718580617333766e-17,2.877202884382823e-17
6526,2.029929161330809e-13,3.798453768325596e-17,2.980575726159884e-17
6527,2.036118230957368e-13,3.872932275871412e-17,3.045817796949689e-17
6528,2.035099384698608e-13,3.762558482917377e-17,2.875425557056968e-17
6529,2.025745061437077e-13,3.565180711691146e-17,2.761633033913955e-17
6530,2.038199804245181e-13,3.642905367016407e-17,2.756740615958034e-17
6531,2.042439993675551e-13,3.673327112832242e-17,2.842275768259947e-17
6532,2.036565892833247e-13,3.819684185957243e-17,3.005185531232151e-17
6533,2.029474779145486e-13,3.669206326954027e-17,2.806499933455775e-17
6534,2.016789331273013e-13,3.68471879853237e-17,2.822887656534925e-17
6535,2.042021675714292e-13,3.711808886754389e-17,2.834698672416813e-17
6536,2.040073201211737e-13,3.818281814672146e-17,2.911414441510462e-17
6537,2.042457620463869e-13,3.620588645040347e-17,2.757642886018035e-17
6538,2.037226961459963e-13,3.763482335225483e-17,2.870652594646427e-17
6539,2.009502428481366e-13,3.326529858810671e-17,2.51204884335398e-17
6540,2.029154013543065e-13,3.469323088099063e-17,2.644936170581745e-17
6541,2.029267262306797e-13,3.855372695041454e-17,3.037992680095273e-17
6542,2.014964111005287e-13,3.08890726492386e-17,2.280389626563154e-17
6543,2.037107390406184e-13,3.727772115046248e-17,2.90551616429479e-17
6544,2.051970988795965e-13,3.801503692468905e-17,2.971052075847182e-17
6545,2.039651730695079e-13,3.900731779388701e-17,3.05125108184724e-17
6546,2.024517437407755e-13,3.273931105381458e-17,2.484708221893446e-17
6547,2.04022262269214e-13,3.447918834144173e-17,2.643589620574263e-17
6548,2.014302109118948e-13,3.246711513111255e-17,2.391337430475667e-17
6549,2.025588171434462e-13,3.691324677134564e-17,2.878026159943647e-17
6550,2.006057573071983e-13,3.113547844678225e-17,2.298872901917047e-17
6551,2.011767429788218e-13,3.60560125487924e-17,2.806448391845319e-17
6552,2.015229034000846e-13,3.378925086669145e-17,2.518068046601222e-17
6553,2.010571422550994e-13,3.653563359710511e-17,2.81572135682125e-17
6554,1.993626691539974e-13,3.199128322699801e-17,2.389576138989892e-17
6555,1.993745163435239e-13,2.952205510192311e-17,2.094396800958951e-17
6556,2.029240525587894e-13,3.61357988791293e-17,2.795225075832457e-17
6557,2.025883875482954e-13,3.612723277721692e-17,2.771516751967031e-17
6558,2.035335560852533e-13,3.572225055477865e-17,2.74726116619667e-17
6559,2.048362108440156e-13,3.828702908582097e-17,2.96380579864775e-17
6560,2.027533998012685e-13,3.650282672597191e-17,2.830878056470318e-17
6561,2.005031745554733e-13,3.134108123021135e-17,2.324065564894697e-17
6562,2.02739391442023e-13,3.749052904309592e-17,2.882341261799325e-17
6563,1.999534619040373e-13,3.159852940837538e-17,2.351528137882372e-17
6564,2.05501043543479e-13,3.753674596748451e-17,2.904430522698042e-17
6565,2.033130326720868e-13,3.632295074690339e-17,2.74202207719545e-17
6566,2.00110113474963e-13,3.376557823589318e-17,2.513004718808891e-17
6567,2.033721110734569e-13,3.784970438571881e-17,2.95118252617187e-17
6568,2.015819823268639e-13,3.261781260280137e-17,2.429163443809235e-17
6569,2.039960035184276e-13,3.689743591281023e-17,2.808262128663753e-17
6570,2.036842826118382e-13,3.710374375118159e-17,2.806754328311243e-17
6571,2.039878956509889e-13,3.83072005840367e-17,2.992031100177824e-17
6572,2.045571626928826e-13,3.759060178198095e-17,2.856691486167838e-17
6573,2.019542116619303e-13,3.545570936932436e-17,2.663615819740879e-17
6574,2.026309867879173e-13,3.794150589565088e-17,2.945737461410081e-17
6575,1.997230726757908e-13,3.610880433446815e-17,2.656216315971597e-17
6576,2.020799118558097e-13,3.554042984553963e-17,2.77460665879501e-17
6577,2.046198142152472e-13,3.448854068573152e-17,2.647665053149354e-17
6578,2.028797743195849e-13,3.753541362197831e-17,2.920334829737326e-17
6579,2.033496573459851e-13,3.352659428282751e-17,2.55263329112686e-17
6580,1.998269978454633e-13,3.219996692369278e-17,2.393387785539218e-17
6581,2.02447662293296e-13,3.596009155613992e-17,2.794032468955625e-17
6582,1.992427888574169e-13,3.07037461899794e-17,2.22665195010412e-17
6583,1.982258048368862e-13,3.075270206209001e-17,2.247092912409662e-17
6584,1.999434846131801e-13,3.279250817152217e-17,2.498382931255128e-17
6585,2.008046700714858e-13,3.121592602038611e-17,2.328066243851699e-17
6586,2.027744459399911e-13,3.72409359775656e-17,2.900434161449685e-17
6587,2.030190799929631e-13,3.802852694121541e-17,3.002214456935608e-17
6588,2.031928815076375e-13,3.765156311753924e-17,2.955257570615502e-17
6589,2.014426285967282e-13,3.33250228321441e-17,2.503099137461003e-17
6590,2.004723963753624e-13,3.400816790009055e-17,2.575165283373211e-17
6591,2.027524039803335e-13,3.600740071081584e-17,2.748787796543167e-17
6592,2.034767153614549e-13,3.506012948933088e-17,2.699781876322714e-17
6593,2.041539316693925e-13,3.728857754172331e-17,2.817279969159348e-17
6594,2.019111281166783e-13,3.209800665969086e-17,2.299324428158378e-17
6595,1.99846726163915e-13,3.045343344553384e-17,2.22727290039785e-17
6596,2.044191200454915e-13,3.827050639391913e-17,3.042307445128117e-17
6597,2.043760238515464e-13,3.562874946193066e-17,2.741823764492841e-17
6598,2.022047667039369e-13,3.173566708584087e-17,2.324341907792201e-17
6599,2.045671388037636e-13,3.90855824654664e-17,3.038887142038768e-17
6600,2.007940048983777e-13,3.595977027480809e-17,2.70369397060318e-17
6601,2.015090289650058e-13,3.856477025161181e-17,3.050781262051027e-17
6602,2.034555993721524e-13,3.594705313571044e-17,2.819914187181633e-17
6603,2.029226411166216e-13,3.591834807831358e-17,2.755065236226742e-17
6604,2.068019918509695e-13,3.872882352107137e-17,3.04449018713466e-17
6605,2.037653393231176e-13,3.573515053465987e-17,2.666060953708417e-17
6606,2.030585378700327e-13,3.566257310718403e-17,2.678103690434099e-17
6607,2.045273348601064e-13,3.853680112469662e-17,3.08471967636886e-17
6608,2.027246527815725e-13,3.812975027123917e-17,2.920119415153071e-17
6609,2.045994428110065e-13,3.66771781729008e-17,2.791166402427194e-17
6610,2.041951261805477e-13,3.597369037300808e-17,2.72489511097933e-17
6611,2.010614787203952e-13,3.295827933288574e-17,2.4697194043305e-17
6612,2.020839220921628e-13,3.54492608132161e-17,2.713056178941943e-17
6613,2.006957821964254e-13,3.65069901087024e-17,2.761729727857479e-17
6614,2.035855866867531e-13,3.657054777634754e-17,2.830477712002186e-17
6615,2.04815499323227e-13,3.844505182738079e-17,2.943052919984854e-17
6616,2.027818036422466e-13,3.811592644236664e-17,2.942826553107901e-17
6617,2.007222434379035e-13,3.328904361246178e-17,2.512709437208103e-17
6618,2.033558824190313e-13,3.731280524010619e-17,2.913414327706383e-17
6619,2.053124766577551e-13,3.968917295796755e-17,3.137765033660663e-17
6620,2.051207787546479e-13,3.702440570827995e-17,2.870620948530009e-17
6621,2.024482218377714e-13,3.364240394574022e-17,2.568674023869449e-17
6622,2.01099731760231e-13,3.215872868587352e-17,2.423859218104626e-17
6623,2.026673437426401e-13,3.883880393209684e-17,3.038456418262771e-17
6624,2.00406903324787e-13,3.068403073201313e-17,2.265294641914431e-17
6625,2.015157688838743e-13,3.749765015067512e-17,2.855262909037247e-17
6626,2.030297853855797e-13,3.56451047140971e-17,2.797482936438749e-17
6627,2.005966442178876e-13,3.837424078691913e-17,2.991844830380757e-17
6628,2.0175776624674e-13,3.457628442408522e-17,2.563464988318952e-17
6629,2.026332913291365e-13,3.7643535146966e-17,2.935416211102691e-17
6630,2.022510421751645e-13,3.517227704359377e-17,2.694558460345977e-17
6631,2.027366391832145e-13,3.84622951441583e-17,2.99617993400295e-17
6632,2.033165414887658e-13,3.44770405184732e-17,2.623814146207383e-17
6633,2.046289955337677e-13,3.703482311196269e-17,2.929582673320868e-17
6634,2.026033391750182e-13,3.170647402082386e-17,2.34703869413075e-17
6635,2.031877590577954e-13,3.582863718325044e-17,2.737626251645224e-17
6636,2.03129299540789e-13,3.798775268023673e-17,2.920305466380816e-17
6637,2.05181464888046e-13,3.782728019762823e-17,2.925258422149393e-17
6638,2.017740125832536e-13,3.765487577554309e-17,2.880182435094075e-17
6639,2.042156128726037e-13,3.877966275302692e-17,3.028656144276617e-17
6640,2.033216889062026e-13,3.871722810084308e-17,3.093199048702495e-17
6641,2.019211645192031e-13,3.52713820284007e-17,2.579791034642312e-17
6642,2.013455308748301e-13,3.564644808892662e-17,2.652302198384985e-17
6643,1.984069227069977e-13,3.237451438783873e-17,2.413619433097689e-17
6644,2.019122166391037e-13,3.87777133461905e-17,3.040590157488058e-17
6645,2.040811430640661e-13,3.892878621220943e-17,2.99226399895389e-17
6646,2.063701947454131e-13,3.755118195426159e-17,2.9682205137587e-17
6647,2.026614024494874e-13,3.551593198897903e-17,2.634330261453891e-17
6648,2.047067450776527e-13,4.004180979430583e-17,3.143917323489328e-17
6649,2.033206748765165e-13,3.342097614381409e-17,2.549549631428367e-17
6650,2.032665460666222e-13,3.858748095098076e-17,3.022116721408797e-17
6651,2.0230230465603e-13,3.219871125141054e-17,2.400872525928143e-17
6652,2.029299248691024e-13,3.673989990326238e-17,2.781240154805199e-17
6653,2.033627361974548e-13,3.808423061919526e-17,2.900189866879471e-17
6654,2.03788662152611e-13,3.615606182176656e-17,2.703729093589565e-17
6655,2.039734596412737e-13,3.826868478244543e-17,2.99268421948918e-17
6656,2.013356304216171e-13,3.386765316180713e-17,2.518388559657488e-17
6657,2.037477672463226e-13,3.759520651363687e-17,2.91720697679796e-17
6658,2.022767030629701e-13,3.513698792320229e-17,2.713620222489612e-17
6659,2.021706171536869e-13,3.332680066037209e-17,2.539100516647296e-17
6660,2.04870339389184e-13,3.881271112125965e-17,3.081739242716075e-17
6661,2.029489136860456e-13,3.666002149019217e-17,2.849727503733899e-17
6662,2.029981861451572e-13,3.799780138813998e-17,2.963469071592704e-17
6663,2.009517458456755e-13,3.126991868371279e-17,2.321663119972485e-17
6664,2.031117017691026e-13,3.601015485313313e-17,2.754665155950636e-17
6665,2.045044296105312e-13,3.82970176319943e-17,2.993765938954584e-17
6666,2.018242937226586e-13,3.620965575718518e-17,2.747813678841997e-17
6667,2.041289648207807e-13,3.510435874946777e-17,2.714846984731762e-17
6668,2.00417883221756e-13,3.287643535787017e-17,2.490172460579452e-17
6669,2.023761203259552e-13,3.802962592691252e-17,3.028324302371098e-17
6670,2.012443871423581e-13,3.535610566672986e-17,2.727869418192966e-17
6671,2.018229498488637e-13,3.341730690577016e-17,2.532162558380296e-17
6672,2.044468780231594e-13,3.551826791964932e-17,2.753922646593352e-17
6673,2.041813101674587e-13,3.788892828523277e-17,2.895192803158761e-17
6674,2.050507270258044e-13,3.975167644053415e-17,3.110467298154142e-17
6675,2.041197809328965e-13,3.801797010262598e-17,2.963309485664215e-17
6676,2.013658124090219e-13,3.494113075755299e-17,2.681341285546639e-17
6677,2.033390365680718e-13,3.843980653666972e-17,3.036635336662298e-17
6678,2.020726708219793e-13,3.689264419202118e-17,2.877098251005208e-17
6679,2.018302139618253e-13,3.387030239998891e-17,2.605548939000609e-17
6680,2.029371941533944e-13,3.718810439183139e-17,2.925231962536052e-17
6681,2.015864240094233e-13,3.480931895579739e-17,2.646285789088581e-17
6682,2.04765854711401e-13,3.812717690348417e-17,2.969678346078019e-17
6683,2.01486363977901e-13,3.542220528609013e-17,2.693379459324703e-17
6684,2.026818862561819e-13,3.541872010554809e-17,2.649572208214471e-17
6685,2.028785881212104e-13,3.335755968927819e-17,2.542070301865447e-17
6686,1.984426652314222e-13,3.420298635447566e-17,2.601483881123911e-17
6687,2.039732960070361e-13,3.953583474008027e-17,3.105781203002736e-17
6688,2.031049647531512e-13,3.85428580325392e-17,3.081439332373497e-17
6689,2.056461732221286e-13,3.839427233274214e-17,2.95629488375356e-17
6690,2.034744858509237e-13,3.314624224987664e-17,2.511197676276627e-17
6691,2.008801608211151e-13,3.409364821843357e-17,2.577953149196958e-17
6692,2.049132696955256e-13,3.738658434599947e-17,2.886548852662357e-17
6693,2.029923374732415e-13,3.812013921844665e-17,3.020161891833026e-17
6694,2.013121376554839e-13,3.359149463825399e-17,2.569386250511753e-17
6695,2.046960061579113e-13,3.77604866501219e-17,3.000537543157709e-17
6696,2.007426862513962e-13,3.165046537196848e-17,2.364343648336473e-17
6697,2.018829785361246e-13,3.558365668138695e-17,2.738555491494154e-17
6698,2.026361825367289e-13,3.661126483531865e-17,2.8573145068119e-17
6699,2.021433283965119e-13,3.460440490771618e-17,2.615448257921189e-17
6700,2.009072394208878e-13,3.334247487686864e-17,2.486242978226232e-17
6701,2.014647509377205e-13,3.76859115860422e-17,2.896709773878496e-17
6702,2.019531767650982e-13,3.384219875749975e-17,2.561291137798989e-17
6703,2.018336891686183e-13,3.583317273321525e-17,2.776712612370111e-17
6704,2.050401724607334e-13,3.770317662572656e-17,2.935946493440864e-17
6705,2.023664037270825e-13,3.2826380509539e-17,2.457142108239378e-17
6706,2.032555263978084e-13,3.80305866666686e-17,2.947842933036108e-17
6707,2.040610188454082e-13,3.60061239979367e-17,2.699542712614828e-17
6708,2.051104115173859e-13,3.678467701867015e-17,2.882497991434969e-17
6709,2.042628339135789e-13,3.916025343030435e-17,2.984768117147873e-17
6710,2.051076502940184e-13,3.674078037412951e-17,2.848582689147413e-17
6711,2.048212491605347e-13,3.91119738170173e-17,3.081095848216446e-17
6712,2.013862705509198e-13,3.591200514384929e-17,2.698456649921846e-17
6713,2.049090487023773e-13,3.733196631449001e-17,2.854489544244321e-17
6714,2.025732575344972e-13,3.558395099015459e-17,2.683380967604276e-17
6715,2.021543063097164e-13,3.293912663541313e-17,2.443809908780111e-17
6716,1.99365921493251e-13,3.120550086625829e-17,2.301829071261597e-17
6717,2.029938227159627e-13,3.743901355874732e-17,2.899753545996032e-17
6718,1.998540809118411e-13,3.202160874948142e-17,2.354547871436078e-17
6719,2.039402616321283e-13,3.922843772173595e-17,3.058541870834226e-17
6720,2.047251843767835e-13,3.669890424015912e-17,2.757428962362192e-17
6721,2.0016321224085e-13,3.178165506478958e-17,2.365543545640695e-17
6722,2.024028732384961e-13,3.641262204429961e-17,2.854662442797554e-17
6723,2.03826234928002e-13,3.616639583133725e-17,2.79757114422028e-17
6724,2.052925989387642e-13,3.905857800835831e-17,3.046799542848737e-17
6725,2.036163174471181e-13,3.536346372267576e-17,2.770442541904475e-17
6726,2.031110433875112e-13,3.432818927319781e-17,2.635840724304275e-17
6727,2.056387230829682e-13,3.850997871505141e-17,3.079435383861326e-17
6728,2.015793331034289e-13,3.150445331034588e-17,2.366136198822551e-17
6729,2.03173993660796e-13,3.808964618752304e-17,3.020172284536819e-17
6730,2.020024334042522e-13,3.575978058030713e-17,2.779902884821894e-17
6731,2.013099346361087e-13,3.650021703773601e-17,2.873590146135811e-17
6732,2.002943790952984e-13,3.12328919917173e-17,2.314580091243742e-17
6733,1.999984112976682e-13,3.344038898819085e-17,2.45320861887221e-17
6734,2.009345287812176e-13,3.630002136381923e-17,2.832989207717259e-17
6735,2.023538601321399e-13,3.578554435462915e-17,2.705423971748425e-17
6736,2.010666593088321e-13,3.488478750539988e-17,2.546075426261136e-17
6737,2.034370737867899e-13,3.9683804186421e-17,3.142920651857618e-17
6738,2.045431731718761e-13,3.798825272541496e-17,2.90689934507175e-17
6739,2.006565166542265e-13,3.57555719454693e-17,2.782985973356583e-17
6740,2.031433060843006e-13,3.872141435212479e-17,3.10295835823581e-17
6741,2.039260268290499e-13,3.784134039104574e-17,2.987220414760411e-17
6742,2.012992213372751e-13,3.380413199841985e-17,2.579357860913399e-17
6743,1.984944231831763e-13,3.160603350267485e-17,2.360633536543591e-17
6744,2.022059614304924e-13,3.780935573450851e-17,2.919817892514849e-17
6745,2.038431637885962e-13,3.799997419901729e-17,2.989062947562161e-17
6746,2.02792569767901e-13,3.549507801398445e-17,2.69410676027807e-17
6747,2.019351797564184e-13,3.723487476399543e-17,2.898772779225264e-17
6748,1.999844439667353e-13,3.06450154883569e-17,2.250415155717227e-17
6749,2.025801255930155e-13,3.716991429185254e-17,2.826677169911499e-17
6750,2.03501828578531e-13,3.729213294603597e-17,2.890372442613697e-17
6751,2.039732393042253e-13,3.713344494519256e-17,2.838313724560895e-17
6752,2.030268199824365e-13,3.687005114068552e-17,2.825015585227852e-17
6753,2.031132212248646e-13,3.710226390218312e-17,2.915331477867307e-17
6754,2.034102930551495e-13,3.774068102672676e-17,2.925839977032353e-17
6755,2.031010711538741e-13,3.943711626353863e-17,3.03289224615027e-17
6756,2.030433107897099e-13,3.746281192071772e-17,2.897619178950849e-17
6757,1.989517559059486e-13,3.191694880611509e-17,2.402144042421551e-17
6758,2.033203526991183e-13,3.834237108403558e-17,2.966033110790176e-17
6759,2.018517363908665e-13,3.449586794567314e-17,2.63627198648237e-17
6760,2.030751001141453e-13,3.691455233314129e-17,2.871406229784537e-17
6761,1.99497794452495e-13,3.119668692203486e-17,2.251936268017588e-17
6762,2.025582518997232e-13,3.769349950732795e-17,2.954240063147547e-17
6763,2.018930497586068e-13,3.114019479500065e-17,2.308917309237081e-17
6764,2.032407512345865e-13,3.727976087502912e-17,2.86990973127318e-17
6765,2.014181245220017e-13,3.571030571233399e-17,2.738888154608405e-17
6766,2.031741839203632e-13,3.840701157786907e-17,3.004393460384671e-17
6767,2.023363529991799e-13,3.366839342148395e-17,2.515911562154933e-17
6768,2.055626057045191e-13,3.899171588125873e-17,3.038598218307452e-17
6769,2.024725515957762e-13,3.592098529213672e-17,2.7328991751863e-17
6770,2.019623879968311e-13,3.473474127145805e-17,2.650098928461626e-17
6771,2.025737898366947e-13,3.825398513398816e-17,3.011776384902754e-17
6772,2.0265046292501e-13,3.723111940530728e-17,2.908482269236097e-17
6773,2.029247835785134e-13,3.499481500088684e-17,2.695477328204093e-17
6774,2.026228031675097e-13,3.692404775233936e-17,2.864398494497459e-17
6775,2.042689312545121e-13,3.760827084322888e-17,2.876217133162066e-17
6776,2.020509637824599e-13,3.613705990091089e-17,2.742591417241595e-17
6777,2.041699261543386e-13,3.83309689676917e-17,3.076878247907438e-17
6778,2.018926450618722e-13,3.383812134108148e-17,2.58952411402961e-17
6779,2.00126343868631e-13,3.392933003402317e-17,2.564221459307685e-17
6780,2.027715624605533e-13,3.794414829550329e-17,2.987267591618035e-17
6781,2.016595466495923e-13,3.752092115307127e-17,2.967994862630275e-17
6782,2.038789929202661e-13,3.782642155289442e-17,2.920266389652103e-17
6783,2.049920417032307e-13,3.708444692826003e-17,2.812080628907969e-17
6784,2.016311200642903e-13,3.066439046317907e-17,2.2570651474498e-17
6785,2.033113041624071e-13,3.762861215437305e-17,2.835659827109384e-17
6786,2.000325419168862e-13,3.207809603874873e-17,2.380213681486166e-17
6787,2.029445057801489e-13,3.770074012067813e-17,2.979848465684825e-17
6788,2.038927664918298e-13,3.777258225598407e-17,2.967841829178503e-17
6789,2.015563253451432e-13,3.698566753931216e-17,2.852672621282223e-17
6790,2.040491891987801e-13,3.841432761421856e-17,2.989804007213927e-17
6791,2.012268433574055e-13,3.247012312927403e-17,2.456038915505928e-17
6792,2.006732908539198e-13,3.604879769399569e-17,2.692296609038904e-17
6793,2.015085505254e-13,3.4481341106419e-17,2.535036554257089e-17
6794,2.022491250711763e-13,3.451936410763673e-17,2.633962660077837e-17
6795,2.031438124508464e-13,3.62269578111676e-17,2.74728092062584e-17
6796,2.022013567632466e-13,3.832113323728082e-17,3.031481335634631e-17
6797,2.006217047548562e-13,3.169957011117589e-17,2.365322891281744e-17
6798,2.04594342894823e-13,3.718986769931286e-17,2.926285061266195e-17
6799,2.023333723152818e-13,3.594033692424287e-17,2.746366304140681e-17
6800,2.039492921406586e-13,3.715487700862434e-17,2.892844253545487e-17
6801,2.030345346243654e-13,3.756690839522003e-17,2.834957460454693e-17
6802,2.03409548056281e-13,3.736902765774393e-17,2.865745444752817e-17
6803,2.03851029872511e-13,3.667178133018986e-17,2.897449785358715e-17
6804,2.01562407796557e-13,3.590659675839033e-17,2.810764130320526e-17
6805,2.010861337932057e-13,3.241828151398103e-17,2.404629820535324e-17
6806,2.02496559669189e-13,3.840407004062023e-17,3.025472951399505e-17
6807,2.048238493077428e-13,3.730497631043895e-17,2.870134217736472e-17
6808,2.027992832846447e-13,3.786534383216191e-17,2.969783601792682e-17
6809,2.032289842107136e-13,3.787027591215745e-17,2.945678161434885e-17
6810,2.025897225453084e-13,3.450639647652345e-17,2.615978666838683e-17
6811,2.019797806658274e-13,3.450425195273999e-17,2.608800166502984e-17
6812,2.038174171976501e-13,3.730627153232858e-17,2.870705101305752e-17
6813,2.044822877667011e-13,3.744424171319048e-17,2.980121323386556e-17
6814,1.99630074937407e-13,3.180077989281245e-17,2.375625826982824e-17
6815,2.010797722567242e-13,3.798275504602913e-17,2.920544936315895e-17
6816,2.049089704038699e-13,3.894437029644494e-17,3.027144425312617e-17
6817,2.021382179295102e-13,3.770793920619593e-17,2.8804269521596e-17
6818,2.020387553170668e-13,3.537477118002485e-17,2.65022279357027e-17
6819,2.003456804790145e-13,3.446628909328378e-17,2.681372563838444e-17
6820,2.016028216311778e-13,3.426736401785572e-17,2.650697934706999e-17
6821,2.009081894848276e-13,3.361343419067572e-17,2.517859187607398e-17
6822,1.986329039516019e-13,3.085502869132277e-17,2.23572370432019e-17
6823,1.996956643397499e-13,3.530459268689189e-17,2.612815993755648e-17
6824,2.003926229628391e-13,3.199798634495169e-17,2.331198618177347e-17
6825,2.041812602360311e-13,3.68507585696784e-17,2.86531438970452e-17
6826,2.048474662234257e-13,3.799583882314621e-17,2.941440605794343e-17
6827,2.033019189048713e-13,3.748118856578674e-17,2.890380806934633e-17
6828,2.019941657697882e-13,3.31751797163839e-17,2.51684999511475e-17
6829,2.01034125148543e-13,3.489238221830927e-17,2.645048233894763e-17
6830,2.035411723527774e-13,3.812396765333996e-17,2.93068333115111e-17
6831,1.999617311836966e-13,3.289182210866672e-17,2.406538128487606e-17
6832,2.032017474602697e-13,3.831815182314595e-17,2.977410736946029e-17
6833,2.031451668403486e-13,3.832258206825352e-17,3.082250421594776e-17
6834,2.055333257844867e-13,3.822026886725914e-17,2.963119078009444e-17
6835,2.017507665826267e-13,3.413640217390497e-17,2.624444903487864e-17
6836,2.01770970193245e-13,3.636718989410368e-17,2.819839833269903e-17
6837,2.008115419295025e-13,3.303573672149082e-17,2.46016465368163e-17
6838,1.992428609061884e-13,3.181325406188757e-17,2.331102421413028e-17
6839,1.99729004427563e-13,3.49124540282021e-17,2.612756780896807e-17
6840,2.039585350800204e-13,3.911605545387443e-17,3.068454646828893e-17
6841,2.02756757007931e-13,3.75871491766611e-17,2.913470039530115e-17
6842,2.041665784878027e-13,3.805373840392985e-17,2.939109436740288e-17
6843,2.035677382509992e-13,3.699726431096083e-17,2.805549452378326e-17
6844,2.025523935735706e-13,3.568598315459546e-17,2.696194643944316e-17
6845,1.996821161699785e-13,3.500192600919612e-17,2.609949160102377e-17
6846,2.003153072288746e-13,3.429748518039404e-17,2.493923028071067e-17
6847,2.025167945422805e-13,3.721316617686755e-17,2.816751553087736e-17
6848,2.049388621534879e-13,3.764888307658426e-17,2.944576447919566e-17
6849,2.024715516944558e-13,3.416454011939019e-17,2.647877577596028e-17
6850,2.024094567898243e-13,3.395293268371757e-17,2.574926437399729e-17
6851,2.012040117240515e-13,3.509911332473154e-17,2.623889882338225e-17
6852,2.035809773196658e-13,3.880172768328173e-17,2.953440044404789e-17
6853,2.016658084561385e-13,3.542385699833129e-17,2.676310792024111e-17
6854,2.018114459408798e-13,3.434191666588835e-17,2.623248606113077e-17
6855,2.021050250114417e-13,3.53791442749073e-17,2.664643797755527e-17
6856,2.001471163343767e-13,3.189810669977525e-17,2.375705604852315e-17
6857,2.012005647539266e-13,3.656504486558051e-17,2.76295660016272e-17
6858,2.044496034848458e-13,3.729667868022097e-17,2.861973449209724e-17
6859,2.01087713653468e-13,3.07936625713405e-17,2.22264482643205e-17
6860,2.026678061177662e-13,3.702651840447151e-17,2.910519428303871e-17
6861,2.043973541200172e-13,3.771104894637901e-17,2.920821008523182e-17
6862,2.026516480086142e-13,3.751561382901625e-17,2.940452181313085e-17
6863,2.006263465806944e-13,3.552408326541049e-17,2.703761054123605e-17
6864,2.035517385633737e-13,3.595379791586009e-17,2.70501492356432e-17
6865,2.028781524729847e-13,3.719475252054651e-17,2.921303278174072e-17
6866,2.041750183122724e-13,3.71330777040599e-17,2.877194932696938e-17
6867,2.030626498652284e-13,3.473474262693982e-17,2.677086988267846e-17
6868,2.029817652699711e-13,3.693545652391257e-17,2.826896380183157e-17
6869,2.026383317800357e-13,3.603651394387947e-17,2.752881676802078e-17
6870,2.000024165018805e-13,3.174948772383148e-17,2.333281967731692e-17
6871,2.01953493675865e-13,3.351645628675102e-17,2.545100937350877e-17
6872,2.016135828061987e-13,3.640078277340869e-17,2.802326622303631e-17
6873,2.036463050393959e-13,3.692068285159745e-17,2.847233765134607e-17
6874,2.018261304089472e-13,3.814856516573252e-17,2.994091303654087e-17
6875,2.024211311234924e-13,3.666688405409251e-17,2.89716774422569e-17
6876,2.022483282235756e-13,3.72193601423624e-17,2.889445299987822e-17
6877,2.037626404742213e-13,3.708214974203081e-17,2.80503016626332e-17
6878,2.028817726663782e-13,3.462805465304085e-17,2.626201679544034e-17
6879,2.022014880566055e-13,3.426464626370883e-17,2.601873699336913e-17
6880,2.022149602025527e-13,3.6805140963516e-17,2.815350943082822e-17
6881,2.037210390543464e-13,3.618133539228339e-17,2.789631578946449e-17
6882,2.051128748550656e-13,3.813157000839126e-17,3.001047478986862e-17
6883,2.036008619592612e-13,3.676213125351061e-17,2.788643963354436e-17
6884,2.040559642862067e-13,3.810869585721244e-17,2.968438731296494e-17
6885,1.994137788273147e-13,3.213461746280374e-17,2.372198331683517e-17
6886,2.017289665594761e-13,3.465702957619689e-17,2.659167891231369e-17
6887,1.983428715008469e-13,3.203018507487389e-17,2.353447805753378e-17
6888,2.018924154003783e-13,3.612357077957786e-17,2.782144286258119e-17
6889,2.007851013006166e-13,3.269876138482711e-17,2.431566847823643e-17
6890,2.018499264176848e-13,3.656684962846659e-17,2.742910749793389e-17
6891,2.034969202285409e-13,3.764559489103378e-17,2.884428084839163e-17
6892,2.025739377964341e-13,3.56064536063188e-17,2.700782283398192e-17
6893,2.019840008777586e-13,3.500256456768878e-17,2.649906497771466e-17
6894,2.015566231618633e-13,3.601145165929497e-17,2.785442998537547e-17
6895,2.042121855971723e-13,3.421056660451302e-17,2.632296603150469e-17
6896,2.0162163455141e-13,3.730891232895571e-17,2.92019583325539e-17
6897,1.997471708073467e-13,3.438983842860383e-17,2.591152165888056e-17
6898,2.038292315835868e-13,3.82913835055153e-17,3.029553093808379e-17
6899,2.023496819905618e-13,3.211010356552941e-17,2.429754569104225e-17
6900,1.990464416711721e-13,3.255489889425379e-17,2.438129398831834e-17
6901,2.001417538001263e-13,3.205132694404287e-17,2.367018566551879e-17
6902,2.001971125578006e-13,3.225007519628184e-17,2.390552571603473e-17
6903,2.025432415299969e-13,3.583800170792311e-17,2.776702838551202e-17
6904,2.008073335775236e-13,3.18397447470685e-17,2.431204367765699e-17
6905,2.024667369977116e-13,3.59208544825616e-17,2.69699976024618e-17
6906,2.037738906823008e-13,3.946298545677464e-17,3.06851293288342e-17
6907,2.050211661485423e-13,3.791392711465586e-17,3.01619134626802e-17
6908,2.038399977117491e-13,3.862613749727009e-17,3.040861824802655e-17
6909,2.035276361044024e-13,3.741730928073153e-17,2.904977052947425e-17
6910,2.025705444431248e-13,3.695195369891241e-17,2.867813564039542e-17
6911,2.005774188953376e-13,3.432459629276444e-17,2.606531672015295e-17
6912,2.03529274179751e-13,3.745513069964187e-17,2.834380068542235e-17
6913,2.023725056850959e-13,3.462720073472472e-17,2.644272874022201e-17
6914,2.03751771416018e-13,3.839293270249447e-17,2.990092878959725e-17
6915,2.032751574089752e-13,3.673188152496487e-17,2.881855444204518e-17
6916,2.036020319853154e-13,3.805333248367647e-17,2.978259937508708e-17
6917,2.018550473239023e-13,3.491047017554481e-17,2.644116273673458e-17
6918,2.004299768081247e-13,3.246874643294585e-17,2.425263273233144e-17
6919,2.030017782536119e-13,3.62978336328275e-17,2.718903749158407e-17
6920,2.029197771977036e-13,3.75614433397928e-17,2.841367428416889e-17
6921,2.0230922807813e-13,3.63188854401325e-17,2.745531125114635e-17
6922,2.021893831331858e-13,3.705377473649125e-17,2.812805085752596e-17
6923,2.007815047794772e-13,3.173629049035196e-17,2.318490999807647e-17
6924,2.025353488759267e-13,3.830108626299541e-17,3.01184550648563e-17
6925,2.041164301226832e-13,3.932563279820831e-17,3.060680427858011e-17
6926,2.004460911139509e-13,3.315919309975332e-17,2.519035539871763e-17
6927,2.001876794165537e-13,3.449874309172952e-17,2.648186620128965e-17
6928,1.994245518284309e-13,3.177422428123933e-17,2.340719006872617e-17
6929,2.042197138329526e-13,3.906700623831402e-17,3.063614642188508e-17
6930,2.019626001480295e-13,3.34949992167959e-17,2.497283762390305e-17
6931,2.046445950928345e-13,3.851610784688865e-17,3.048805091337066e-17
6932,2.017969493949985e-13,3.638698710775825e-17,2.712445104678232e-17
6933,1.990926736312465e-13,3.426024717403666e-17,2.564689222223773e-17
6934,2.026791586138593e-13,3.543472940966055e-17,2.694105128893994e-17
6935,2.002740936851167e-13,3.651262002218839e-17,2.78767326085812e-17
6936,2.016765226352519e-13,3.632414818186752e-17,2.852285232376845e-17
6937,1.986091749682726e-13,3.042881376145323e-17,2.247366380670473e-17
6938,1.989205110132645e-13,3.082084002684381e-17,2.249981234967249e-17
6939,2.005984746669799e-13,3.782446108796663e-17,2.894571850563589e-17
6940,2.034316238076489e-13,3.706303588477987e-17,2.867935076871185e-17
6941,2.020608652200314e-13,3.653043578988501e-17,2.774232608371761e-17
6942,2.005923433826073e-13,3.645401398901323e-17,2.794547957420235e-17
6943,2.004669074469743e-13,3.09777308064242e-17,2.267582310664784e-17
6944,2.032762460630664e-13,3.528808934978054e-17,2.617261244334084e-17
6945,2.023564224824899e-13,3.567251966692879e-17,2.695457245142517e-17
6946,2.018000319694048e-13,3.703188046088354e-17,2.901950855928667e-17
6947,2.042466383035034e-13,3.650733392284566e-17,2.781637541513962e-17
6948,2.009643460431121e-13,3.684616655687514e-17,2.864814219774606e-17
6949,2.022196079646369e-13,3.720467728157221e-17,2.857187426859253e-17
6950,2.018846698621326e-13,3.802111215539607e-17,2.926599754584329e-17
6951,2.012958162268382e-13,3.634143610228722e-17,2.827495109104744e-17
6952,1.993858169645516e-13,3.348255776610619e-17,2.50948842527275e-17
6953,1.973042423462871e-13,3.130639085437773e-17,2.249692376894724e-17
6954,2.023895189058394e-13,3.719541827091727e-17,2.917518423796486e-17
6955,2.015214879803561e-13,3.726604779189394e-17,2.8571304827486e-17
6956,2.002841870688315e-13,3.158950130040153e-17,2.33096626910752e-17
6957,1.993691960514192e-13,3.015403552143206e-17,2.127465636458721e-17
6958,2.009501805225698e-13,3.771612979430626e-17,2.921291759049699e-17
6959,2.034972711843179e-13,3.646800128594113e-17,2.848543990667492e-17
6960,2.043802729722682e-13,3.783683548647615e-17,2.919461902117788e-17
6961,2.013508033622232e-13,3.324674928681279e-17,2.455824964029708e-17
6962,1.995784686533516e-13,3.186680716836767e-17,2.38533541480495e-17
6963,2.020386937150349e-13,3.527828358279335e-17,2.689930487643634e-17
6964,2.02683358880305e-13,3.607004394710655e-17,2.837784120606657e-17
6965,2.024678872112001e-13,3.675913345581483e-17,2.819183845616975e-17
6966,2.004810821176617e-13,3.266017469780058e-17,2.417218863458221e-17
6967,1.998162058807121e-13,3.790248354933788e-17,2.912360164559223e-17
6968,1.986606621198718e-13,3.166852159434669e-17,2.315506042873276e-17
6969,2.013851168689784e-13,3.628850498188522e-17,2.764714838311584e-17
6970,2.011278359048032e-13,3.599734791176064e-17,2.781582457848574e-17
6971,2.025683604438126e-13,3.762343557558814e-17,2.949399439689967e-17
6972,2.008681556313926e-13,3.640425833832213e-17,2.893147927490653e-17
6973,1.981999095965228e-13,3.099462076619605e-17,2.259249189365052e-17
6974,2.005396478613694e-13,3.578171460283706e-17,2.740552897141515e-17
6975,2.034803763925591e-13,3.749911608880927e-17,2.914541457334072e-17
6976,2.008536875729714e-13,3.186468623775129e-17,2.346136841985578e-17
6977,1.981957232164285e-13,3.331101086138666e-17,2.456479760686295e-17
6978,2.023138539586147e-13,3.763151120801412e-17,2.915382739920224e-17
6979,2.032070327681483e-13,3.806354573894376e-17,2.95362726550976e-17
6980,2.036971836166892e-13,3.590604202756085e-17,2.744504887734879e-17
6981,2.027872930145365e-13,3.769765211118617e-17,2.909441615265852e-17
6982,2.034631992128024e-13,3.776629653537298e-17,2.952050033150434e-17
6983,2.042234721976749e-13,3.882775133171928e-17,3.084263704350394e-17
6984,2.036646257803841e-13,3.893603880761231e-17,3.056433023263243e-17
6985,2.032734063255102e-13,3.655101298870177e-17,2.805349467948713e-17
6986,2.027353502479089e-13,3.752888491543769e-17,2.911179307492499e-17
6987,1.991140303532545e-13,3.336822469802039e-17,2.465585485272343e-17
6988,1.99551797509025e-13,3.596954642494169e-17,2.709983103034637e-17
6989,2.027308346381461e-13,3.663981314859433e-17,2.875450523575836e-17
6990,2.002260304809395e-13,3.108070758258801e-17,2.291070854110091e-17
6991,1.978530948539907e-13,2.947360730330109e-17,2.09731617958379e-17
6992,2.009658727868888e-13,3.410725611550656e-17,2.612065559991335e-17
6993,2.033832775232878e-13,3.897375213793571e-17,3.045830483582154e-17
6994,2.0349102336444e-13,3.70979877487846e-17,2.813153945537122e-17
6995,2.048634306120812e-13,3.733701125179612e-17,2.893062570316052e-17
6996,2.008553136642256e-13,3.598312001935705e-17,2.797876492938477e-17
6997,2.039443797529178e-13,3.483055091661371e-17,2.67579872316417e-17
6998,2.01047395506016e-13,3.643797337479491e-17,2.792275089447772e-17
6999,2.017175648228873e-13,3.340850313459816e-17,2.52827134075283e-17
7000,1.985956745242134e-13,3.040699500665613e-17,2.195313981633381e-17
7001,2.022976443255061e-13,3.400438726818252e-17,2.534472124270198e-17
7002,2.005113288858865e-13,3.267717299830268e-17,2.440261804709811e-17
7003,2.020133267102772e-13,3.623188913913305e-17,2.735559429898075e-17
7004,2.029321302785251e-13,3.756521347780127e-17,2.89115264708979e-17
7005,2.036450302525194e-13,3.885232503569223e-17,3.066901172866654e-17
7006,2.017833323928626e-13,3.591089422788193e-17,2.724074479910979e-17
7007,2.014043478318399e-13,3.350594320771598e-17,2.53576926569801e-17
7008,2.018840562958125e-13,3.688802659462644e-17,2.842413945090012e-17
7009,2.019046157112705e-13,3.725054634060237e-17,2.87428858280718e-17
7010,1.997271314629618e-13,3.490300966582245e-17,2.670635742044397e-17
7011,2.011335397268e-13,3.728351946588978e-17,2.888742079024246e-17
7012,2.001293379021857e-13,3.477157097049264e-17,2.656433119543914e-17
7013,1.990360173962921e-13,2.93121193363954e-17,2.099397124401789e-17
7014,2.00737782653914e-13,3.604608065938791e-17,2.746143523655268e-17
7015,2.016868766633006e-13,3.612587035964541e-17,2.811001599760811e-17
7016,2.023402197148115e-13,3.606937468432884e-17,2.706743618573424e-17
7017,2.041823123735573e-13,3.482326971699182e-17,2.693317054094766e-17
7018,2.033339807085139e-13,3.48917553717883e-17,2.648275379173593e-17
7019,2.037282520797294e-13,3.727797693173382e-17,2.866999640862945e-17
7020,2.016781257890725e-13,3.665889287681115e-17,2.801235134299098e-17
7021,2.009896049427365e-13,3.323009808474733e-17,2.510582522300469e-17
7022,2.008038231306967e-13,3.505767778596427e-17,2.660279889824212e-17
7023,2.016468397627431e-13,3.407796611949748e-17,2.595409295226862e-17
7024,2.017735694614272e-13,3.54710255528262e-17,2.713633844319886e-17
7025,1.996737751287044e-13,3.04981803504513e-17,2.238523271082244e-17
7026,1.99747238052198e-13,3.393451318511779e-17,2.536227970272958e-17
7027,1.996272021868497e-13,3.307947824036565e-17,2.430569777162467e-17
7028,1.972690606077583e-13,2.97868435716068e-17,2.12218833011438e-17
7029,2.024254639987011e-13,3.876571674227997e-17,3.023285417993358e-17
7030,2.005728164939973e-13,3.351682530913225e-17,2.547772433389414e-17
7031,2.02882497384954e-13,3.748941397404074e-17,2.901107197509575e-17
7032,2.039225847042259e-13,3.682290185772306e-17,2.871298823845959e-17
7033,2.027757643884959e-13,3.776655766851277e-17,2.915359745060432e-17
7034,2.040331776361547e-13,3.806003679905699e-17,2.963414553608271e-17
7035,2.006452655972161e-13,3.568981522272144e-17,2.74721126903436e-17
7036,2.04383747935793e-13,3.516883069650447e-17,2.608512175126517e-17
7037,2.023306669119373e-13,3.498911740469319e-17,2.653252331335458e-17
7038,2.023382589692584e-13,3.322629777178553e-17,2.472813047008385e-17
7039,2.025523232076132e-13,3.656749435211678e-17,2.8100030737082e-17
7040,2.019313493855593e-13,3.791930488044162e-17,2.985738150262955e-17
7041,2.001515794069833e-13,3.434289602295808e-17,2.65892424404331e-17
7042,2.026835313236107e-13,3.756119657171373e-17,2.932090569715712e-17
7043,2.020783624454546e-13,3.584584043259608e-17,2.745906040000192e-17
7044,2.000165772937402e-13,3.486789224384977e-17,2.680533157130757e-17
7045,2.014749413829441e-13,3.76842769498253e-17,2.883705817342967e-17
7046,2.036772165405188e-13,3.667111635858651e-17,2.870360049866559e-17
7047,2.017667346065119e-13,3.571795019765398e-17,2.763294401246693e-17
7048,2.004101311541412e-13,3.296129292321331e-17,2.456963409374892e-17
7049,2.047475811167956e-13,3.718271144329604e-17,2.894076747191001e-17
7050,2.005788741445931e-13,3.775002248925628e-17,3.013706345567886e-17
7051,2.033894991278809e-13,3.804862971261329e-17,2.995311108839521e-17
7052,2.061885298829643e-13,3.969724962638098e-17,3.125617892144729e-17
7053,2.007717047671948e-13,3.021964306232706e-17,2.194782131606931e-17
7054,2.030962014346254e-13,3.841164352035615e-17,3.044436171338456e-17
7055,1.994177539302206e-13,3.024670259937763e-17,2.212184389299914e-17
7056,2.02910844844135e-13,3.666431958378075e-17,2.844197038408555e-17
7057,2.002133179688263e-13,3.356284372973084e-17,2.537542134927246e-17
7058,2.021648359899541e-13,3.510606222317482e-17,2.590260308364863e-17
7059,2.021077162262305e-13,3.519409580448293e-17,2.654916861255922e-17
7060,2.026267014540888e-13,3.661042816055825e-17,2.819680671551365e-17
7061,2.012499911466424e-13,3.353602401784971e-17,2.579203872092353e-17
7062,2.040787107769403e-13,3.785745140604266e-17,2.949416068286792e-17
7063,2.029227287922408e-13,3.706574505116286e-17,2.863575248246179e-17
7064,2.039156099788662e-13,3.734417722091439e-17,2.846169246919002e-17
7065,2.015248095883522e-13,3.618151050902077e-17,2.799863076460005e-17
7066,2.003203417936862e-13,3.626417848021933e-17,2.783707694260256e-17
7067,1.985137590121926e-13,3.105192505796962e-17,2.268714555789288e-17
7068,2.02895896753579e-13,3.779680909064921e-17,2.959755778462109e-17
7069,2.010071980948348e-13,3.399763162657947e-17,2.53623425422552e-17
7070,2.034246158410674e-13,3.495570205660918e-17,2.662986855216187e-17
7071,2.014218581561277e-13,3.496306505896357e-17,2.675253358595266e-17
7072,2.011881371527787e-13,3.133677708112221e-17,2.372961009932634e-17
7073,2.00888323437695e-13,3.262160651944609e-17,2.409869883926561e-17
7074,2.025770828832471e-13,3.900346869475027e-17,3.102808415147093e-17
7075,2.041258285116867e-13,3.599941284084233e-17,2.701408806363463e-17
7076,2.021475498724347e-13,3.854553702193818e-17,2.998802057811068e-17
7077,1.990403336954054e-13,3.463683104923471e-17,2.591394989362874e-17
7078,2.000193320717541e-13,3.201341143574469e-17,2.392820937954983e-17
7079,2.031073467088361e-13,3.702810948149487e-17,2.876424981958141e-17
7080,2.03717449404907e-13,3.573134055834838e-17,2.790991439954129e-17
7081,2.005405365652915e-13,3.416368518810105e-17,2.567616641004644e-17
7082,2.008606648952819e-13,3.493793269072567e-17,2.625697269883752e-17
7083,2.033613553882723e-13,3.808304202989195e-17,2.987668551248131e-17
7084,2.004379787071777e-13,3.170716216388883e-17,2.37096339133418e-17
7085,2.014799016343326e-13,3.784133011206027e-17,2.891344091679654e-17
7086,2.018635617013015e-13,3.795717625080124e-17,2.935930375628828e-17
7087,2.013886463822649e-13,3.652489598496875e-17,2.838913774984134e-17
7088,2.045833350257715e-13,3.746356802807858e-17,2.959596471143508e-17
7089,2.050392913294748e-13,3.865089691713711e-17,3.060382474892029e-17
7090,2.013279385152345e-13,3.65091000259025e-17,2.809608531311245e-17
7091,2.021820404746867e-13,3.773003490064095e-17,2.943626577536575e-17
7092,2.03254928337956e-13,3.704006518911588e-17,2.871360260101039e-17
7093,2.030230196163288e-13,3.821839185364107e-17,3.03480843836972e-17
7094,2.016889537926299e-13,3.539695692618044e-17,2.640568570798686e-17
7095,2.007251714166147e-13,3.377007482887196e-17,2.591238516541105e-17
7096,2.020394352742915e-13,3.450116195046985e-17,2.615783011354167e-17
7097,2.023725126746681e-13,3.900098731428642e-17,3.055006179186321e-17
7098,2.011446561461405e-13,3.524051251334641e-17,2.73425850720072e-17
7099,2.006047750979976e-13,3.584733443546412e-17,2.65348536136142e-17
7100,1.977316883239952e-13,3.092575241777474e-17,2.238040710637362e-17
7101,2.02719980099544e-13,3.744460677641424e-17,2.864197996575476e-17
7102,2.015275404959862e-13,3.595132463410366e-17,2.77863973704924e-17
7103,2.009340935605922e-13,3.732559882296049e-17,2.872040753916703e-17
7104,2.031594459295273e-13,3.746829366532386e-17,2.919774481696636e-17
7105,2.008427435869048e-13,3.526050604205175e-17,2.607779256555796e-17
7106,1.989168284767487e-13,3.470611426645822e-17,2.608441541969939e-17
7107,2.000610290671954e-13,3.689007217162521e-17,2.774745582984587e-17
7108,2.01000218971838e-13,3.022699500252873e-17,2.143775187601213e-17
7109,2.012100206307197e-13,3.318440053020564e-17,2.500141569854936e-17
7110,1.999487559055494e-13,3.23476474727011e-17,2.413622014909707e-17
7111,1.991899924450768e-13,3.432212299577788e-17,2.578605792989741e-17
7112,1.976632485580403e-13,2.951923705634008e-17,2.13485694222011e-17
7113,1.994727953470198e-13,2.932873290006582e-17,2.128131372343934e-17
7114,1.984293149691192e-13,3.3057286715221e-17,2.479319248084148e-17
7115,2.000942960353553e-13,3.556891427179506e-17,2.700758776805956e-17
7116,2.036783993544557e-13,3.795940989184203e-17,2.9138745080473e-17
7117,1.998698121354389e-13,3.086949001664007e-17,2.269352215027253e-17
7118,2.008567619866068e-13,3.524086506687799e-17,2.717780583088022e-17
7119,1.997935907121785e-13,3.216655995624288e-17,2.388140284225222e-17
7120,2.012736798026227e-13,3.501361313343508e-17,2.63641211161864e-17
7121,1.992530148285771e-13,3.11229060484309e-17,2.252186539568587e-17
7122,2.010109973950767e-13,3.458741703951621e-17,2.607125474158326e-17
7123,2.040213374625336e-13,3.781461275783656e-17,2.914986969297716e-17
7124,2.023819029568211e-13,3.171997855911208e-17,2.356583289259755e-17
7125,2.021841253547419e-13,3.737428165535236e-17,2.872070507096909e-17
7126,1.995957612751607e-13,3.367534818860485e-17,2.537103776725938e-17
7127,2.034227728812176e-13,3.657004514509288e-17,2.855773052063888e-17
7128,2.016484118722795e-13,3.527739416642344e-17,2.632436255001919e-17
7129,2.031105872520894e-13,3.850188137630251e-17,3.06620115388608e-17
7130,1.980723099631877e-13,3.126024622573465e-17,2.310142381002243e-17
7131,2.028503960213859e-13,3.818052743566759e-17,3.004000668234513e-17
7132,2.022593383735801e-13,3.920688503125702e-17,3.12872758636665e-17
7133,2.036173867300374e-13,3.621253976379405e-17,2.769146777145238e-17
7134,2.013548432923458e-13,3.506066689977709e-17,2.633450015518897e-17
7135,2.019434923854701e-13,3.16900761682853e-17,2.357874634234616e-17
7136,2.044684460022925e-13,3.859227768586781e-17,3.038482993354361e-17
7137,2.049200201652123e-13,3.587422116263467e-17,2.736060328843652e-17
7138,2.011393306162456e-13,3.106636640101499e-17,2.282417474808041e-17
7139,2.002056436442148e-13,3.464213491435748e-17,2.551044460649542e-17
7140,1.983730944074696e-13,2.994211251911167e-17,2.153946111020554e-17
7141,1.972721357925791e-13,2.964905793391879e-17,2.124510319460062e-17
7142,2.009668543239671e-13,3.908319934812353e-17,3.089440486068349e-17
7143,2.041450927709442e-13,3.88450101747705e-17,3.082634643715679e-17
7144,1.992053062768505e-13,3.329362641543486e-17,2.52724589797984e-17
7145,2.035021477577112e-13,3.861858176097668e-17,3.096885347946709e-17
7146,1.993316643996417e-13,3.11417942154289e-17,2.282211595504977e-17
7147,1.995712148015435e-13,3.273646530225188e-17,2.467577293135366e-17
7148,2.015723532293101e-13,3.571255139804026e-17,2.690618424594147e-17
7149,2.0075191269617e-13,3.338517440729325e-17,2.550699022771127e-17
7150,2.018628986462017e-13,3.649798069013149e-17,2.759340433985232e-17
7151,2.024230149599256e-13,3.820842326909441e-17,2.957321925758125e-17
7152,2.022792309820904e-13,3.860138707333451e-17,3.040184512798529e-17
7153,2.027009292040642e-13,3.873357267905598e-17,3.069816915957393e-17
7154,2.013086806022678e-13,3.269649515367245e-17,2.437664774406019e-17
7155,1.998408954800534e-13,3.549944982208995e-17,2.724128641510318e-17
7156,2.006068085870159e-13,3.503859086574055e-17,2.691979478087336e-17
7157,2.008855073372822e-13,3.200765147148262e-17,2.338597906829472e-17
7158,1.979650577395715e-13,3.049187743942074e-17,2.21253660655017e-17
7159,2.001361732323518e-13,3.55286987261869e-17,2.731117997479946e-17
7160,2.026735583187883e-13,3.805936987528914e-17,2.928744346937229e-17
7161,2.000000300231623e-13,3.115758457928303e-17,2.307672695993846e-17
7162,2.02141480788233e-13,3.649731747270094e-17,2.813443349931413e-17
7163,2.032735322042705e-13,3.765960062183685e-17,2.998016323578561e-17
7164,2.015101978825595e-13,3.581434477532981e-17,2.751038444294208e-17
7165,2.033784544250126e-13,3.619435548883311e-17,2.782606922440937e-17
7166,2.024304134785744e-13,3.744606720665567e-17,2.885811833530832e-17
7167,2.01747602058182e-13,3.597871156586114e-17,2.806282092542231e-17
7168,2.026088216229419e-13,3.750863761583847e-17,2.893620258092623e-17
7169,2.01684438749657e-13,3.620090438680617e-17,2.728844210284391e-17
7170,2.008596218539805e-13,3.546177179047483e-17,2.727635284625466e-17
7171,2.032723616816482e-13,3.666486006902143e-17,2.829034202234606e-17
7172,2.020655807385826e-13,3.313823153605855e-17,2.520114350381909e-17
7173,2.032548798398045e-13,3.806376592130399e-17,3.030713985119389e-17
7174,2.048393705883654e-13,3.867495476942371e-17,3.079791377439794e-17
7175,2.038894339192087e-13,3.892762736498525e-17,3.091072487878514e-17
7176,1.994880417684195e-13,3.101246785144438e-17,2.275392784999306e-17
7177,2.038022536354099e-13,3.617722600612531e-17,2.798617205884742e-17
7178,2.025917868152794e-13,3.7623641625401e-17,2.913086306194924e-17
7179,2.039059454469148e-13,3.469506703994821e-17,2.700036348818011e-17
7180,2.009982977937342e-13,3.391411538033645e-17,2.581884157677119e-17
7181,2.011148510000061e-13,3.421016523265401e-17,2.610359256661097e-17
7182,2.040255864591134e-13,3.709221198884471e-17,2.89423777632682e-17
7183,2.023281214160617e-13,3.675114937509822e-17,2.845628499516987e-17
7184,2.030535426632592e-13,3.842993766312194e-17,3.057633377200674e-17
7185,2.011570531092873e-13,3.503194236507177e-17,2.647173206520555e-17
7186,2.030258483917678e-13,3.573494829034939e-17,2.717978904657953e-17
7187,2.028781307882569e-13,3.766035051733444e-17,2.927632340830855e-17
7188,2.008190326242326e-13,3.618847413703261e-17,2.807765589868124e-17
7189,2.026242173307705e-13,3.47002629484785e-17,2.65584590988208e-17
7190,2.024277199728011e-13,3.510720899324259e-17,2.681324116990859e-17
7191,2.015921636420057e-13,3.272569388192951e-17,2.44077177993424e-17
7192,2.028331467138582e-13,3.876094170187019e-17,3.049691517321276e-17
7193,2.011516677855705e-13,3.39961007295622e-17,2.562709353701394e-17
7194,2.036803883504704e-13,3.542360094664052e-17,2.6796980547292e-17
7195,2.015238877385092e-13,3.379515456312664e-17,2.565930219630546e-17
7196,1.979404249044851e-13,3.242522727434017e-17,2.415946247890782e-17
7197,2.008063814232327e-13,3.608847481990754e-17,2.745311086053026e-17
7198,2.016791036558102e-13,3.544828847216063e-17,2.725652515879772e-17
7199,2.028085048477528e-13,3.602136486640392e-17,2.758345055357904e-17
7200,1.99040036011605e-13,2.976128374432404e-17,2.141096204903494e-17
7201,1.991562411750488e-13,3.301568641282181e-17,2.482063957805181e-17
7202,1.997016499716692e-13,3.26796940752601e-17,2.484546558642611e-17
7203,2.027021554112819e-13,3.667455575938173e-17,2.861376726265777e-17
7204,2.03432160432246e-13,3.555304638013734e-17,2.803403196759606e-17
7205,2.017554920124766e-13,3.69485209272861e-17,2.887538079196224e-17
7206,1.992090325878509e-13,3.507166018048182e-17,2.656511845654318e-17
7207,2.014896905967207e-13,3.663167870788952e-17,2.792148572536192e-17
7208,2.023462884817614e-13,3.686702638700947e-17,2.851082152516501e-17
7209,2.014854884167322e-13,3.673321669041465e-17,2.785883836407451e-17
7210,2.020103896541506e-13,3.600395833811416e-17,2.807638479929039e-17
7211,2.009585212302906e-13,3.484558692355685e-17,2.670142260105531e-17
7212,2.011053586229495e-13,3.597602247008486e-17,2.669675934033964e-17
7213,1.99356450553892e-13,3.25627617410871e-17,2.415424072382777e-17
7214,2.017258550135813e-13,3.811928464828085e-17,2.969087722158983e-17
7215,2.01755186808679e-13,3.504840228615282e-17,2.685692263298752e-17
7216,1.99289430007164e-13,3.394653330841389e-17,2.552932222138091e-17
7217,2.024370970031062e-13,3.638613551525253e-17,2.829974197196785e-17
7218,1.985438761861742e-13,3.294271757027051e-17,2.485447092332159e-17
7219,2.013628694956487e-13,3.511099072375083e-17,2.722822313672875e-17
7220,2.018321439464891e-13,3.725583155761278e-17,2.947854982845978e-17
7221,1.999078452357316e-13,3.171550124477317e-17,2.371607850386209e-17
7222,2.013136180240632e-13,3.75957849845196e-17,2.994596223625333e-17
7223,2.052159833796192e-13,3.841523301545837e-17,2.96889791078081e-17
7224,2.01699925879937e-13,3.692961903320069e-17,2.806311020587717e-17
7225,2.008413175511521e-13,3.264580451297906e-17,2.450943968131451e-17
7226,2.016123307322971e-13,3.626520961973868e-17,2.84099241687076e-17
7227,2.009171245695207e-13,3.539503013676729e-17,2.726008055532609e-17
7228,1.996691717881481e-13,3.594053641866836e-17,2.684553220932384e-17
7229,1.974903065325313e-13,3.156594259979205e-17,2.288726007652702e-17
7230,1.986407488987694e-13,2.984940157838525e-17,2.151919238993299e-17
7231,2.00472503127473e-13,3.249016058201919e-17,2.389338987013252e-17
7232,2.024488938712237e-13,3.694183283876536e-17,2.863970284099418e-17
7233,2.042629620971174e-13,3.766253520669954e-17,3.000362143410624e-17
7234,2.014000912939454e-13,3.415940784844445e-17,2.616759042095325e-17
7235,2.004214176066765e-13,3.37108446317098e-17,2.535493403260413e-17
7236,2.011607897341075e-13,3.496226451921491e-17,2.592196833487748e-17
7237,2.029017238435916e-13,3.60273115446414e-17,2.753953372945163e-17
7238,1.993840349208178e-13,3.472131261713449e-17,2.60529589590399e-17
7239,2.026921778658708e-13,3.649587702980817e-17,2.822189170653308e-17
7240,2.039874582196323e-13,3.822157196008112e-17,3.00065393717575e-17
7241,2.040497803480598e-13,3.897306785080178e-17,3.061029872276547e-17
7242,2.026904425747763e-13,3.150174339159435e-17,2.315129245340306e-17
7243,2.029028682299286e-13,3.69433340201024e-17,2.883468822744359e-17
7244,1.989339178855852e-13,3.16630099225307e-17,2.314851506685795e-17
7245,2.00894403949233e-13,3.514575152980799e-17,2.667306842627529e-17
7246,2.013336178975537e-13,3.603391234284377e-17,2.791206812029394e-17
7247,2.016246841266086e-13,3.816262401517546e-17,2.906711229450346e-17
7248,2.038559877576773e-13,3.815374299880342e-17,2.977268459893607e-17
7249,2.018758280958781e-13,3.738965880304286e-17,2.927398652592422e-17
7250,2.014375714393218e-13,3.822732812764044e-17,2.926680288003758e-17
7251,2.005157937616874e-13,3.612737659806325e-17,2.806083611766651e-17
7252,2.020262267734044e-13,3.60927211696295e-17,2.80042624092444e-17
7253,2.029039658974833e-13,3.922270200722888e-17,3.131449058831875e-17
7254,2.023762086887445e-13,3.385886890280368e-17,2.582413427516099e-17
7255,2.02725380069512e-13,3.53466975151742e-17,2.724240510622226e-17
7256,2.012812022049817e-13,3.643138022178049e-17,2.801751750741147e-17
7257,1.998944884189805e-13,3.210146071153484e-17,2.405006988329731e-17
7258,2.030756154979164e-13,3.803966735244342e-17,3.005152916073185e-17
7259,2.014618842299958e-13,3.286654034264653e-17,2.443761660262692e-17
7260,2.017380424475597e-13,3.736941567074626e-17,2.95590305671996e-17
7261,2.061327901446983e-13,3.83604078802109e-17,2.984691119759014e-17
7262,2.0464385446527e-13,3.557704817470698e-17,2.708314780405108e-17
7263,2.031304312194968e-13,3.720836389144344e-17,2.882596798305506e-17
7264,1.995318731577749e-13,3.09156006394439e-17,2.227918221475364e-17
7265,2.009589475590866e-13,3.555872303896053e-17,2.779170846417437e-17
7266,2.031238298832559e-13,3.473196300630353e-17,2.656972580642806e-17
7267,2.018759695688831e-13,3.404199090500148e-17,2.596187429488002e-17
7268,2.017191095960989e-13,3.291686069787303e-17,2.444106640492556e-17
7269,2.030472307284138e-13,3.889475722652894e-17,3.076028152963703e-17
7270,2.041673046271149e-13,3.877232488614434e-17,3.072119997127745e-17
7271,2.034038192466261e-13,3.856428802264231e-17,3.085720446192243e-17
7272,2.025649999768545e-13,3.768159548400682e-17,2.979822643774041e-17
7273,2.034454394157088e-13,3.853057815663019e-17,2.994874086151587e-17
7274,2.024934441733207e-13,3.679111031384746e-17,2.855139963490143e-17
7275,2.017628072569053e-13,3.743724110607912e-17,2.958018647651982e-17
7276,2.033532839182725e-13,3.802496991946271e-17,3.012730726717193e-17
7277,2.000190486078586e-13,3.641540781520173e-17,2.823508808272539e-17
7278,2.020954699953284e-13,3.348184815193924e-17,2.560838466928608e-17
7279,2.017176499391745e-13,3.849325666241078e-17,3.012510462317316e-17
7280,2.003709446314767e-13,3.154792916663959e-17,2.33234413422988e-17
7281,2.039146064774271e-13,3.774460260267835e-17,2.913473628629234e-17
7282,2.027420647590427e-13,3.522058530543647e-17,2.663152048608607e-17
7283,2.022886795420277e-13,3.640520043064275e-17,2.787222040640913e-17
7284,2.006979526805581e-13,3.563084768509677e-17,2.666313037577463e-17
7285,2.02256856397041e-13,3.763514605777326e-17,2.965887374128604e-17
7286,1.9995888796264e-13,3.174176595980517e-17,2.359313321194677e-17
7287,2.023209539382626e-13,3.752959047974325e-17,2.940945363726017e-17
7288,2.001515750632664e-13,3.048239384117443e-17,2.264315559867047e-17
7289,2.001866577928867e-13,3.654646054648964e-17,2.813473544243939e-17
7290,2.019870487024293e-13,3.451651723344405e-17,2.621273962202951e-17
7291,2.004650359419823e-13,3.141515992465144e-17,2.315192444297046e-17
7292,2.027847160492843e-13,3.546715423834169e-17,2.626607113990051e-17
7293,2.022129527808518e-13,3.599469028143757e-17,2.739806439118611e-17
7294,2.019140475132883e-13,3.588618063717506e-17,2.736320895828667e-17
7295,2.016507765973021e-13,3.611131571423116e-17,2.773897779397327e-17
7296,2.016094746105015e-13,3.783479875006147e-17,3.001537674127812e-17
7297,2.028830451008261e-13,3.749766036772473e-17,2.957455826237815e-17
7298,2.00869358950081e-13,3.713270092886446e-17,2.905800425778027e-17
7299,2.031307360521223e-13,3.842330786640934e-17,2.978400619593992e-17
7300,2.00327876509931e-13,3.242960227569674e-17,2.389617146696307e-17
7301,1.991006026877714e-13,3.083058822393113e-17,2.287846960836786e-17
7302,2.043185435931732e-13,3.765178008397245e-17,2.905308703494796e-17
7303,2.018928735985641e-13,3.624303097387074e-17,2.756437901578888e-17
7304,1.983405662059978e-13,2.982899314872521e-17,2.165759264062286e-17
7305,2.03525488348292e-13,3.73340318585306e-17,2.845391670148391e-17
7306,2.031853533583805e-13,3.70903064566348e-17,2.898136371362654e-17
7307,2.011457872818837e-13,3.333133749406782e-17,2.535455483344853e-17
7308,1.999205821737288e-13,3.739713364127362e-17,2.84688939458386e-17
7309,2.01035186692022e-13,3.63108240302809e-17,2.846430446123728e-17
7310,2.035472880015245e-13,3.525717354087784e-17,2.688758134947374e-17
7311,1.989995283481839e-13,3.070433634508113e-17,2.210859114365692e-17
7312,1.974462620565234e-13,2.938847912152249e-17,2.119046128833586e-17
7313,2.007103309659728e-13,3.89996959960489e-17,3.082599877452834e-17
7314,2.034002116655609e-13,3.816172482647581e-17,2.96368720343562e-17
7315,2.002296776620571e-13,3.02817801816935e-17,2.184204529405925e-17
7316,1.991573326342481e-13,3.579305392636106e-17,2.780748343781064e-17
7317,2.049221931698044e-13,3.919908580677814e-17,3.091211186865202e-17
7318,2.041437026711732e-13,3.795760218717131e-17,2.970854032142555e-17
7319,2.001016562191973e-13,3.329868095313945e-17,2.465544102430849e-17
7320,2.03234422245887e-13,3.768070292413762e-17,2.878544741478892e-17
7321,2.018114864851639e-13,3.828939123330247e-17,3.038849446310755e-17
7322,2.037954407636648e-13,3.64728826831026e-17,2.792170156138085e-17
7323,2.019070022577025e-13,3.541649381389222e-17,2.738641167756948e-17
7324,1.986823385013266e-13,2.982265926299014e-17,2.118194498015627e-17
7325,2.003333025572482e-13,3.149918624731465e-17,2.315853878922158e-17
7326,2.019650287134024e-13,3.72266871630217e-17,2.916505837015033e-17
7327,2.00216777753167e-13,3.176657253182316e-17,2.35876853117405e-17
7328,2.035180836940176e-13,3.835413728109045e-17,3.053097793188073e-17
7329,1.997424189038963e-13,3.053118571420574e-17,2.202727308135305e-17
7330,1.979243490538457e-13,3.017706039643003e-17,2.18144311182369e-17
7331,2.016512125251608e-13,3.580623294392552e-17,2.674635193858878e-17
7332,2.004243625025602e-13,3.114863124855089e-17,2.28053209971199e-17
7333,2.003986283584197e-13,3.260175933471231e-17,2.438863233579622e-17
7334,2.013705261281406e-13,3.528465275132966e-17,2.723683049199265e-17
7335,2.016339975798951e-13,3.680575940977292e-17,2.826478890512112e-17
7336,2.027711306632383e-13,3.561638855596453e-17,2.715795293518528e-17
7337,2.023262110847107e-13,3.928081041681684e-17,3.063026460031962e-17
7338,2.022910797102257e-13,3.833212845153543e-17,3.010234389451204e-17
7339,2.028133644851643e-13,3.613253148609382e-17,2.695508259181193e-17
7340,2.040635009611368e-13,3.627929371769484e-17,2.724213943856442e-17
7341,2.016071020482298e-13,3.306209371792475e-17,2.47026227752053e-17
7342,2.008346324666943e-13,3.535303799284894e-17,2.755720305874989e-17
7343,2.042578591651605e-13,3.690555168001915e-17,2.833230211698946e-17
7344,2.02999036750017e-13,3.708612119057343e-17,2.837738822605836e-17
7345,2.048629129235319e-13,3.853756511652772e-17,3.017850511120567e-17
7346,2.031581011578972e-13,3.476560505355212e-17,2.623398714364118e-17
7347,2.036710314913635e-13,3.900475890897243e-17,3.051131757010241e-17
7348,2.040821267541934e-13,3.890474895884592e-17,3.011877598134185e-17
7349,2.049100121009263e-13,3.841312699886437e-17,3.0007117741106e-17
7350,2.032214178996963e-13,3.841047527850949e-17,2.994700586312732e-17
7351,2.019952424272454e-13,3.662731523032789e-17,2.842258870597452e-17
7352,2.030076019792502e-13,3.932082269735721e-17,3.070607332474066e-17
7353,2.02736105380027e-13,3.818634957914444e-17,3.022393312320544e-17
7354,2.020430205248397e-13,3.791364937322608e-17,2.958319496238395e-17
7355,2.011001771191218e-13,3.426963740886477e-17,2.576586953740367e-17
7356,2.02288057939079e-13,3.891761446210756e-17,3.114308110609776e-17
7357,2.025784785405683e-13,3.796717204550215e-17,3.003157196299929e-17
7358,2.023835256837011e-13,3.683900740713319e-17,2.787078867244442e-17
7359,2.029710330401056e-13,3.709754070717416e-17,2.890260317635567e-17
7360,2.014002667116438e-13,3.789257511095256e-17,3.02253998228462e-17
7361,2.010359671704308e-13,3.381111043756607e-17,2.557636896223214e-17
7362,2.012597040099686e-13,3.30336152334516e-17,2.473667822814806e-17
7363,1.991835705078569e-13,3.413792794953644e-17,2.59343587162262e-17
7364,1.988842605560984e-13,2.989322434493887e-17,2.16920985690632e-17
7365,2.013025843184228e-13,3.548586368582991e-17,2.662292784380681e-17
7366,2.030649283115429e-13,3.708795983576547e-17,2.841738297570117e-17
7367,2.009540304577107e-13,3.364649985627729e-17,2.565664144955888e-17
7368,2.019232910645825e-13,3.670817126694033e-17,2.805045136061833e-17
7369,2.015593917773242e-13,3.43625648425365e-17,2.609896653713812e-17
7370,2.004689287650583e-13,3.247494157183777e-17,2.436604087279412e-17
7371,2.023058137071995e-13,3.61143286550782e-17,2.74193580553602e-17
7372,2.015470469387808e-13,3.675880348721558e-17,2.895584892353705e-17
7373,2.028971354239037e-13,3.661412357953795e-17,2.767285675630882e-17
7374,2.039011580827336e-13,3.637235905852176e-17,2.726795734077642e-17
7375,2.028316097841655e-13,3.703558988143148e-17,2.790146845998781e-17
7376,2.014327618775433e-13,3.711435004099507e-17,2.880775697481221e-17
7377,2.028403730776122e-13,3.67135758360666e-17,2.871147882134393e-17
7378,2.010596492418678e-13,3.234504569702655e-17,2.394484963453467e-17
7379,2.004940048749543e-13,3.666490928367074e-17,2.821678410840157e-17
7380,2.008798726837112e-13,3.689355442662807e-17,2.826438564574105e-17
7381,2.024239888302933e-13,3.714494857375227e-17,2.915832537372323e-17
7382,2.026293995807042e-13,3.674254179815128e-17,2.859904006932177e-17
7383,2.037055938815633e-13,3.818517230210645e-17,2.91555042232239e-17
7384,2.017053709285078e-13,3.711194697319429e-17,2.926286243327524e-17
7385,2.023859006523217e-13,3.59438703778736e-17,2.693281141510635e-17
7386,2.023918274898252e-13,3.212267988750128e-17,2.398169127027003e-17
7387,2.028406274885118e-13,3.617375752965387e-17,2.763664973920014e-17
7388,2.035573042478986e-13,3.582808927247419e-17,2.683550760225875e-17
7389,2.013670530794125e-13,3.589765302839511e-17,2.69309583114421e-17
7390,2.006447485068056e-13,3.315853069053512e-17,2.489397730557469e-17
7391,2.02997971457198e-13,3.643022561225597e-17,2.798905935414951e-17
7392,2.033500636452804e-13,3.776974858225466e-17,2.869759877669951e-17
7393,1.996880132873793e-13,3.349304547614073e-17,2.531055713799583e-17
7394,2.004139402565873e-13,3.466443951274214e-17,2.655724657451854e-17
7395,2.025241508150218e-13,3.58957882787564e-17,2.713041780577993e-17
7396,1.978676357097975e-13,3.011442924643382e-17,2.132974988285587e-17
7397,2.027438324223649e-13,3.528234713403768e-17,2.685828919755483e-17
7398,2.010712019966041e-13,3.714509504261092e-17,2.906548074729582e-17
7399,2.041383125410282e-13,3.737187380968988e-17,2.875633897414024e-17
7400,1.991168545291688e-13,3.253433886487278e-17,2.448625084649714e-17
7401,2.013378394737933e-13,3.307217014399177e-17,2.507819494927101e-17
7402,1.998095742412773e-13,3.128884090630181e-17,2.292869910705593e-17
7403,2.026174300021877e-13,3.767643551960395e-17,2.917463626051447e-17
7404,2.035572711295648e-13,3.704460419192087e-17,2.909015272826608e-17
7405,2.019889165458584e-13,3.809076905034457e-17,3.004239158905933e-17
7406,2.026073028944766e-13,3.546355864610986e-17,2.740126495609358e-17
7407,2.009484920932091e-13,3.630457200447594e-17,2.782203860308007e-17
7408,2.005771292155631e-13,3.299902547024067e-17,2.484900748093458e-17
7409,1.997997101817413e-13,3.559392656059368e-17,2.781580019538247e-17
7410,2.025361583684586e-13,3.761405890742339e-17,2.907190590281358e-17
7411,2.004115072308792e-13,3.090175045025848e-17,2.263566603493251e-17
7412,2.014600583051908e-13,3.650046727591609e-17,2.847098602178489e-17
7413,2.011156707499296e-13,3.704373766643972e-17,2.804367311377611e-17
7414,2.03676829878235e-13,3.784481714255571e-17,2.911058416117941e-17
7415,1.989234052943125e-13,3.189253796640737e-17,2.332073995546736e-17
7416,1.978043675100384e-13,3.016145417367431e-17,2.187651209053627e-17
7417,2.00603597212123e-13,3.739612828839885e-17,2.962555854384406e-17
7418,2.016377376781841e-13,3.697122131077881e-17,2.817871631434957e-17
7419,1.996645010447416e-13,3.615167728397809e-17,2.743676524768372e-17
7420,2.009777258687727e-13,3.705538080673368e-17,2.899061603182293e-17
7421,2.029910033063499e-13,3.897041812965559e-17,2.991439010916999e-17
7422,2.019576124336661e-13,3.502073140956348e-17,2.652483454964035e-17
7423,2.018576321627685e-13,3.380602942515339e-17,2.551629262732073e-17
7424,2.027096113537684e-13,3.805581432070584e-17,2.99860915485143e-17
7425,2.027228731303941e-13,3.755384321680199e-17,2.973084751096337e-17
7426,2.004236185357006e-13,3.23801188456817e-17,2.417561627399241e-17
7427,2.006950647232297e-13,3.753610621224192e-17,2.89377028274716e-17
7428,2.013058395267365e-13,3.56095177542549e-17,2.743189246976175e-17
7429,2.050883638760362e-13,3.8100270397787e-17,2.980881295410397e-17
7430,2.017198846849881e-13,3.330859726584158e-17,2.535546369260525e-17
7431,2.022588596505793e-13,3.706194198019333e-17,2.926400445560313e-17
7432,2.019682031967963e-13,3.614452477085089e-17,2.752183826118509e-17
7433,2.031323875059686e-13,3.809869130146256e-17,3.00274005252211e-17
7434,2.026707553648906e-13,3.625934629906097e-17,2.799089836012646e-17
7435,2.022043296838792e-13,3.177319709850834e-17,2.321963593762267e-17
7436,2.037436972775917e-13,3.831704271279539e-17,3.007837700706703e-17
7437,2.03256602544904e-13,3.686948331600369e-17,2.812634328149818e-17
7438,2.017396163540206e-13,3.541880553034448e-17,2.718424356310273e-17
7439,2.033361792926331e-13,3.787426660008001e-17,3.01709118126679e-17
7440,2.036007711487423e-13,3.728728449435811e-17,2.852335270265578e-17
7441,2.032048902498283e-13,3.725607870509137e-17,2.894255072071128e-17
7442,2.025484300886027e-13,3.702116899820732e-17,2.840294616277403e-17
7443,2.0174255244836e-13,3.527289119168083e-17,2.733199411724465e-17
7444,2.004853579740616e-13,3.560966077061179e-17,2.730587497926244e-17
7445,2.029405242281275e-13,3.681720555541375e-17,2.822114558844673e-17
7446,2.027459566479185e-13,3.766410725993395e-17,2.943949429128879e-17
7447,2.029025826016984e-13,3.582310226686819e-17,2.715714254187951e-17
7448,2.015601939580162e-13,3.558043383276534e-17,2.764219066708481e-17
7449,2.034607880574082e-13,3.919397068462284e-17,3.07444951956759e-17
7450,2.030582213968979e-13,3.678665286027787e-17,2.81258129696474e-17
7451,2.014661071078458e-13,3.268106425512236e-17,2.419654834639756e-17
7452,1.997914387289695e-13,3.543017080905984e-17,2.643093365194473e-17
7453,2.023541067672344e-13,3.786490160868842e-17,2.922978954114515e-17
7454,2.028475278164331e-13,3.77121660126122e-17,2.892080134119721e-17
7455,2.009372350886671e-13,3.653106956239323e-17,2.752657881245275e-17
7456,2.015316748568099e-13,3.262789335151838e-17,2.411544183943012e-17
7457,2.019304696010536e-13,3.506022227603476e-17,2.686942035427759e-17
7458,2.037927633838152e-13,3.754438357859971e-17,2.877850878923906e-17
7459,2.006945127902906e-13,3.203116282533389e-17,2.399911412458465e-17
7460,2.030886991106716e-13,3.679648827796339e-17,2.855333510244394e-17
7461,2.007753159809819e-13,3.299140538156185e-17,2.494016788488054e-17
7462,2.002370719799404e-13,3.755731917092992e-17,2.860169576237202e-17
7463,2.020894979274929e-13,3.705619719258881e-17,2.815426809989733e-17
7464,1.992399291455342e-13,3.148154152415649e-17,2.335168988765056e-17
7465,2.000050000027715e-13,3.618467376348873e-17,2.797356312848554e-17
7466,2.025386470411433e-13,3.850243796385434e-17,3.061973500200626e-17
7467,2.012927941371857e-13,3.238194720545777e-17,2.415171780571659e-17
7468,1.995822753720199e-13,3.281402606554876e-17,2.464704847009143e-17
7469,2.024280754741825e-13,3.467431418220136e-17,2.673048510965585e-17
7470,2.001346915922572e-13,3.558105120005201e-17,2.76383080034442e-17
7471,2.002178834560964e-13,3.193003558492201e-17,2.337985732408697e-17
7472,2.032515935282705e-13,3.766870122930153e-17,2.957625480028298e-17
7473,2.032859847353944e-13,3.860513478683472e-17,2.98787333966759e-17
7474,2.026579162065938e-13,3.739249015976147e-17,2.923747922137488e-17
7475,2.036018208761576e-13,3.838008493184502e-17,3.006634137678874e-17
7476,2.02796664289166e-13,3.632848449158082e-17,2.803619183929145e-17
7477,2.037590378049167e-13,3.745342140734741e-17,2.970421270101037e-17
7478,2.030933064413281e-13,3.754325739560936e-17,2.954018908089537e-17
7479,2.032085771777115e-13,3.618686512229795e-17,2.700100899127462e-17
7480,2.033811999375171e-13,3.647700952028465e-17,2.877068916213657e-17
7481,2.006023568201113e-13,3.21954809454393e-17,2.425612215395764e-17
7482,2.02756645582312e-13,3.900239933707554e-17,3.044222937370688e-17
7483,2.01738353468477e-13,3.126348477865328e-17,2.300155364408029e-17
7484,2.036159069846761e-13,3.513383184855713e-17,2.727336849845789e-17
7485,2.023016398604339e-13,3.767705268652976e-17,2.951618834194311e-17
7486,1.987795994762584e-13,3.043292974936597e-17,2.240219463364602e-17
7487,1.979731600895868e-13,2.987683650773526e-17,2.173426945821332e-17
7488,2.033560455755102e-13,3.810556696699952e-17,2.929901888431421e-17
7489,2.016821295838339e-13,3.743218653859116e-17,2.963186364869056e-17
7490,2.010390433972922e-13,3.419805363684525e-17,2.615653782869842e-17
7491,1.996701826428078e-13,3.146326847715454e-17,2.321224474158592e-17
7492,2.043789544660813e-13,4.021562707852961e-17,3.138398249964452e-17
7493,2.00312444953898e-13,3.635403164333218e-17,2.749152013445391e-17
7494,2.035440966059739e-13,3.566827720224433e-17,2.654852249416736e-17
7495,2.035724760912898e-13,3.829835259369877e-17,2.948833268594359e-17
7496,2.037273723265727e-13,3.725802085832347e-17,2.975827070566571e-17
7497,2.019427176702609e-13,3.662882838728713e-17,2.781775250745123e-17
7498,2.025591510240518e-13,3.832423820095597e-17,3.027808472142321e-17
7499,2.03186335543756e-13,3.613102692908259e-17,2.756628614310131e-17
7500,2.020375568436793e-13,3.721795293195661e-17,2.815210272166301e-17
7501,2.014116213984048e-13,3.700194348411867e-17,2.917734774187756e-17
7502,2.005463916474501e-13,3.646731872218126e-17,2.768523985900812e-17
7503,2.022791815948814e-13,3.593630067047222e-17,2.836226615736086e-17
7504,2.006402095295009e-13,3.74714993536478e-17,2.910790303042384e-17
7505,2.02616343395813e-13,3.712677697567651e-17,2.914749507844788e-17
7506,2.02037354714128e-13,3.661883201722566e-17,2.783075527414113e-17
7507,2.00623093050179e-13,3.643408459337941e-17,2.771921631359341e-17
7508,2.011774086948244e-13,3.653887591423556e-17,2.837812118124908e-17
7509,2.01645435575987e-13,3.524202107486709e-17,2.709302029661673e-17
7510,2.02244135541079e-13,3.719475760267241e-17,2.928522137615621e-17
7511,2.031868991034109e-13,3.694072708107457e-17,2.931077018291527e-17
7512,2.019606953366098e-13,3.809236427368682e-17,2.997254065410336e-17
7513,2.019760039719738e-13,3.531538553837945e-17,2.744924249832226e-17
7514,2.0287214201893e-13,3.875225416029849e-17,2.997922761424052e-17
7515,2.00331840708402e-13,3.185133366978392e-17,2.389172088049089e-17
7516,2.012627861091241e-13,3.77699380471304e-17,2.946091602327575e-17
7517,2.008661814233265e-13,3.482761018182363e-17,2.722126754684226e-17
7518,1.996628894480093e-13,3.167845611382579e-17,2.36541648105356e-17
7519,2.02951288786332e-13,3.799391324165176e-17,2.941470963373885e-17
7520,1.978953271272762e-13,3.370315377199093e-17,2.552668006013393e-17
7521,2.002355575187005e-13,3.578357301098714e-17,2.678812387611713e-17
7522,1.992112045014979e-13,3.234196924517428e-17,2.362282771417607e-17
7523,1.988930260477366e-13,2.990639833351367e-17,2.179342844503074e-17
7524,1.978940446310545e-13,3.060550439390088e-17,2.208107450160142e-17
7525,2.008137859521111e-13,3.535086125462821e-17,2.689229101403322e-17
7526,2.009736354492104e-13,3.722367883182803e-17,2.843173332547535e-17
7527,2.038820854486056e-13,3.808783831802844e-17,2.975208943330154e-17
7528,2.010948195217114e-13,3.503010839857636e-17,2.672048934643052e-17
7529,2.028603504813959e-13,3.674564291875641e-17,2.903637215299203e-17
7530,1.985270964163912e-13,2.982247846710568e-17,2.148790061709323e-17
7531,1.999556045101345e-13,3.156341758364554e-17,2.351238402418852e-17
7532,1.991850971851736e-13,3.272296367765719e-17,2.465893226475093e-17
7533,2.022466646715245e-13,3.50388050061381e-17,2.722657038917704e-17
7534,2.012792895186941e-13,3.647102625419282e-17,2.836925953151321e-17
7535,2.000980209757776e-13,3.69704431146495e-17,2.799287099799126e-17
7536,2.027336015005711e-13,3.688440223233637e-17,2.858669727299821e-17
7537,2.01386320526236e-13,3.345164086807982e-17,2.464785413867173e-17
7538,2.027043484340891e-13,3.827559880422434e-17,3.016783527992671e-17
7539,2.035804633754406e-13,3.880461689419601e-17,3.080538204708792e-17
7540,2.03134419120317e-13,3.684956328351671e-17,2.755236250508016e-17
7541,2.03180543669952e-13,3.788309221464611e-17,3.025579702645465e-17
7542,2.026443081401758e-13,3.871382227673587e-17,3.068561835416561e-17
7543,2.011414514962343e-13,3.550052557303576e-17,2.769898554207214e-17
7544,2.033433707423828e-13,3.790496891163519e-17,2.9237253704407e-17
7545,2.039803332899451e-13,3.440096048143044e-17,2.609369105624358e-17
7546,2.010115815472604e-13,3.485333468440356e-17,2.602142521798185e-17
7547,2.016014851720476e-13,3.642841389021482e-17,2.812423042555946e-17
7548,2.020697557778639e-13,3.678666120097518e-17,2.833133330052504e-17
7549,2.039089408874124e-13,3.711918221741518e-17,2.917217305332129e-17
7550,2.047003370593872e-13,3.640650516527298e-17,2.827307745174977e-17
7551,2.032307869109282e-13,3.859279886708509e-17,3.061880897070621e-17
7552,2.033200525901596e-13,3.605766864731167e-17,2.804095078517438e-17
7553,2.032438908240395e-13,3.748142836895712e-17,2.897938574453856e-17
7554,2.00528611251558e-13,3.274963951217128e-17,2.449967319723819e-17
7555,2.002147651225169e-13,3.173258580400601e-17,2.346878003916142e-17
7556,1.995721101815479e-13,3.5271190942362e-17,2.621307463484857e-17
7557,2.001881305348821e-13,3.227585735675795e-17,2.439555075603731e-17
7558,1.994979924678039e-13,3.449911499023662e-17,2.66518460628114e-17
7559,2.01362273661575e-13,3.624147553129546e-17,2.803291555016649e-17
7560,2.034405378019911e-13,3.832782757895539e-17,3.043627671442725e-17
7561,2.011382117178966e-13,3.408243105275424e-17,2.599786883269091e-17
7562,2.020087389351247e-13,3.512413125917095e-17,2.632294988959521e-17
7563,1.994349809511197e-13,3.160829148654367e-17,2.310580059195068e-17
7564,2.029536135351143e-13,3.721447728276978e-17,2.83734162244927e-17
7565,2.016773514400195e-13,3.55638424766584e-17,2.64733817166406e-17
7566,2.015571429482875e-13,3.55814895036279e-17,2.712462421541656e-17
7567,2.010642142426015e-13,3.682198592095466e-17,2.891958826319504e-17
7568,1.987244220712745e-13,3.030515493276579e-17,2.218586762773591e-17
7569,1.997277530282918e-13,3.558651429180751e-17,2.789103457256371e-17
7570,2.042767529106292e-13,3.559626283817253e-17,2.719720284201149e-17
7571,1.9981907861246e-13,3.044025548697124e-17,2.255979866231825e-17
7572,2.021304777995932e-13,3.468350221434802e-17,2.706205344951021e-17
7573,2.025091747536371e-13,3.796783525582532e-17,2.987432619238928e-17
7574,2.000363658925502e-13,3.438482386830413e-17,2.691129123622149e-17
7575,1.984894331740663e-13,3.646703296868658e-17,2.834935746550556e-17
7576,1.979035376150277e-13,3.084984951258507e-17,2.214810414391016e-17
7577,2.026212952193374e-13,3.91173226340446e-17,3.053262311445654e-17
7578,2.034092406104032e-13,3.586328645701854e-17,2.750645764847029e-17
7579,1.981782222755222e-13,3.14660297170519e-17,2.314309097507128e-17
7580,2.032689479765704e-13,3.835515754020332e-17,3.020092424763061e-17
7581,1.99865355222283e-13,3.644687210381075e-17,2.763607625432427e-17
7582,2.025940074176797e-13,3.93487955942378e-17,3.103122897680197e-17
7583,2.049328986639918e-13,3.713691828718359e-17,2.828849373749565e-17
7584,1.999065388478127e-13,3.280792057392278e-17,2.480281769156494e-17
7585,2.032246006429238e-13,3.725136936679516e-17,2.899403929578536e-17
7586,2.024175111181929e-13,3.694941568943242e-17,2.821865784991034e-17
7587,2.021519979526973e-13,3.786672503796301e-17,2.99191821788983e-17
7588,1.986221690859128e-13,2.970793030250846e-17,2.12521787661151e-17
7589,1.985854108677976e-13,3.287995755338717e-17,2.398942413503206e-17
7590,1.988049496265417e-13,3.22502481621861e-17,2.429064903296789e-17
7591,2.014653596687714e-13,3.547155217221604e-17,2.673356893661503e-17
7592,2.014088662830757e-13,3.74466719809921e-17,2.877054954717589e-17
7593,2.008453742354324e-13,3.583112836988879e-17,2.703060519078461e-17
7594,2.00090293048144e-13,3.156412551572899e-17,2.340002654218267e-17
7595,2.015281175319477e-13,3.611380907573238e-17,2.821313577422179e-17
7596,2.039872710886949e-13,3.799597649880339e-17,2.948858337392025e-17
7597,1.987055431864841e-13,3.021766507902429e-17,2.223409235704153e-17
7598,1.999318255301717e-13,3.352363444031353e-17,2.527247941863587e-17
7599,2.000014945241336e-13,3.382654423864091e-17,2.531004037351689e-17
7600,2.017922163511044e-13,3.288338357501888e-17,2.425803157458954e-17
7601,2.011071358088428e-13,3.617806761714081e-17,2.725265553418098e-17
7602,2.013987927545613e-13,3.620700740404333e-17,2.702966438693318e-17
7603,2.023860302252478e-13,3.796858467648122e-17,2.877146796070224e-17
7604,2.002413807264535e-13,3.174802341667528e-17,2.358312170076472e-17
7605,1.982681949235277e-13,3.384581318060552e-17,2.57926629938906e-17
7606,2.005332256708496e-13,3.152904341987882e-17,2.349828492082918e-17
7607,2.014144137651194e-13,3.835384871205199e-17,3.037156151002618e-17
7608,2.032361307912717e-13,3.857991423511581e-17,3.021771194586411e-17
7609,2.009885891662844e-13,3.72963779247076e-17,2.922901703702391e-17
7610,2.0371471027882e-13,3.888497555225717e-17,3.087410076047532e-17
7611,1.983077312345325e-13,3.238341129025404e-17,2.453987296882916e-17
7612,2.017538089174611e-13,3.663360886722326e-17,2.856492254512895e-17
7613,2.012185472919096e-13,3.566734703884018e-17,2.751243334924776e-17
7614,2.010309070963138e-13,3.711854855862528e-17,2.889250008198865e-17
7615,2.017938719129233e-13,3.446194058186544e-17,2.612364268642635e-17
7616,2.039127691114923e-13,3.897797613185423e-17,3.059718080950688e-17
7617,1.992364750265842e-13,3.367137621411499e-17,2.540747048748202e-17
7618,1.984272828230918e-13,3.173628624622178e-17,2.323231933520847e-17
7619,2.016003853000316e-13,3.685455135861644e-17,2.853038537190309e-17
7620,2.039166543556348e-13,3.711631144172986e-17,2.864661880952243e-17
7621,2.041316329313591e-13,3.865984400960709e-17,3.025964010867381e-17
7622,2.022848810330346e-13,3.56804303269008e-17,2.682602872467653e-17
7623,2.025431485802225e-13,3.810749672831915e-17,2.96480274997238e-17
7624,2.038393999616247e-13,3.62455744472453e-17,2.767638389789587e-17
7625,2.02692531375964e-13,3.679231396744382e-17,2.843150030309831e-17
7626,2.02020044035297e-13,3.616711971546122e-17,2.745506964032851e-17
7627,2.027628455172249e-13,3.753356736070484e-17,2.94475307007091e-17
7628,2.027610830089316e-13,3.492378581991804e-17,2.66265303657488e-17
7629,2.038665414211512e-13,3.796148725108077e-17,2.934450683263796e-17
7630,2.02174268692315e-13,3.851830598750654e-17,2.989492124092103e-17
7631,2.010662108815015e-13,3.544198509136511e-17,2.7076139781896e-17
7632,2.041817893945513e-13,3.742145233428148e-17,2.895602039316543e-17
7633,1.995684518163623e-13,3.148380314802693e-17,2.345110579696095e-17
7634,1.984842757086491e-13,3.133723361076659e-17,2.311337701144057e-17
7635,1.960955205843444e-13,3.023640785985683e-17,2.212358737897116e-17
7636,2.015177315367003e-13,3.589995758160851e-17,2.701864753472201e-17
7637,2.02816366297032e-13,3.795960932839303e-17,2.967178307619137e-17
7638,2.017690012731276e-13,3.665265667206758e-17,2.796652501565052e-17
7639,1.989333340895262e-13,3.233525274027282e-17,2.403424178899047e-17
7640,2.037102911738079e-13,3.739502679446819e-17,2.867171825833717e-17
7641,2.033659903925689e-13,3.825545458791372e-17,2.959730206054738e-17
7642,2.015141394257378e-13,3.868778457934744e-17,2.982554997051876e-17
7643,2.005589341702571e-13,3.238314098552862e-17,2.411571589719858e-17
7644,2.022343238494145e-13,3.765199779871282e-17,2.917635005449757e-17
7645,1.999683819259559e-13,3.325276226283125e-17,2.516033350753503e-17
7646,2.030491863527948e-13,3.710246127928179e-17,2.941074286321596e-17
7647,2.014996875910492e-13,3.327477225901439e-17,2.470926408149806e-17
7648,2.031517770345619e-13,3.717152389108583e-17,2.845393790453557e-17
7649,2.025639247175626e-13,3.70664092013544e-17,2.775137179873968e-17
7650,2.021704489663211e-13,3.262215891160415e-17,2.466672261818545e-17
7651,2.007347426602226e-13,3.656599650820939e-17,2.860175748434439e-17
7652,2.016297465644399e-13,3.626753523520962e-17,2.787664254367119e-17
7653,1.997544609261817e-13,3.558174986510767e-17,2.661768237033415e-17
7654,2.015155275053795e-13,3.746544203425321e-17,2.937665816232725e-17
7655,2.034920922385683e-13,3.751152679900006e-17,2.920567907822818e-17
7656,2.041151666904132e-13,3.84568849940347e-17,2.958851119505099e-17
7657,2.058964620497115e-13,3.745638914279283e-17,2.887451377031723e-17
7658,2.038396322476566e-13,3.543870012647993e-17,2.731099725585696e-17
7659,2.055561543067663e-13,3.923430825878876e-17,3.085487700326703e-17
7660,2.035956746044569e-13,3.596946755519422e-17,2.727930451763349e-17
7661,2.032716690656988e-13,3.695497848169494e-17,2.93736858517501e-17
7662,2.021474759076126e-13,3.521332051069767e-17,2.624118220400426e-17
7663,2.013126857337504e-13,3.588564168307034e-17,2.770003092278047e-17
7664,1.998427797666581e-13,3.296139558276579e-17,2.487368643865919e-17
7665,2.012006282820409e-13,3.59541285633848e-17,2.717706561125486e-17
7666,2.011848305622058e-13,3.630489380126313e-17,2.805789431744406e-17
7667,2.004865141288119e-13,3.065202325329198e-17,2.242376769155001e-17
7668,1.986393034153533e-13,3.266755033371889e-17,2.45570296038167e-17
7669,2.016321812604225e-13,3.592056087742608e-17,2.770261904887206e-17
7670,2.03418807139122e-13,3.817306172197827e-17,3.005682438123156e-17
7671,2.029830363614279e-13,3.710460494273199e-17,2.83970067070037e-17
7672,2.033535860711857e-13,3.623336129251494e-17,2.68767186952441e-17
7673,2.033241438009706e-13,3.829797633429714e-17,2.992949863997215e-17
7674,1.990297578443657e-13,3.094451005915497e-17,2.215278785835498e-17
7675,2.032948192148881e-13,3.824943055854218e-17,2.978308608408461e-17
7676,2.024692562118426e-13,3.73036463516637e-17,2.852542978335232e-17
7677,2.003630387694473e-13,3.530950386099258e-17,2.612095312291578e-17
7678,2.028107684271193e-13,3.766607792668118e-17,2.922866195765951e-17
7679,2.043847113895162e-13,3.765760689463871e-17,2.891177815390986e-17
7680,2.014062964378076e-13,3.327353413082915e-17,2.499284600571025e-17
7681,2.021070213493914e-13,3.966479505595916e-17,3.055963646494653e-17
7682,2.028485978655218e-13,3.610653006078834e-17,2.731597664876598e-17
7683,2.047916811632885e-13,3.696312579219995e-17,2.824429628092093e-17
7684,2.047198240896292e-13,3.943718118959236e-17,3.002110595421096e-17
7685,2.017240411731874e-13,3.320195516476247e-17,2.498918165146205e-17
7686,2.022477682640394e-13,3.903487111720835e-17,3.014203364688042e-17
7687,2.006846679063087e-13,3.285827997345475e-17,2.48289527325128e-17
7688,2.032191700788433e-13,3.745478543085176e-17,2.818186623466752e-17
7689,2.024409345779648e-13,3.460171758608108e-17,2.619558128938989e-17
7690,2.018325375030443e-13,3.556684649095571e-17,2.744109568262733e-17
7691,2.00537556770451e-13,3.467688672989835e-17,2.589571511690308e-17
7692,2.01683082541913e-13,3.316840835694593e-17,2.50294707413481e-17
7693,2.015916799269908e-13,3.579934704577038e-17,2.671425315759397e-17
7694,1.993762802136175e-13,3.506028444543456e-17,2.704781042884705e-17
7695,2.012149208161772e-13,3.482338660182626e-17,2.648211587798553e-17
7696,2.029917472142733e-13,3.598980441135547e-17,2.78570785040181e-17
7697,2.032347129990512e-13,3.60241555403933e-17,2.701917342238861e-17
7698,2.02428845150981e-13,3.742485728993273e-17,2.928510625463264e-17
7699,2.03581003958789e-13,3.746303408604117e-17,2.896406844856019e-17
7700,2.00777557612289e-13,3.47614079479244e-17,2.650688910142907e-17
7701,2.014102146585864e-13,3.821259024545919e-17,2.976757121267741e-17
7702,2.008444289741588e-13,3.312917414967848e-17,2.445028398149808e-17
7703,2.017204271003719e-13,3.619250200204642e-17,2.800275158012626e-17
7704,2.025426315286848e-13,3.676008316150933e-17,2.858253037989148e-17
7705,2.024702262601406e-13,3.62752999485473e-17,2.745712907099402e-17
7706,2.022724723328235e-13,3.819058982733699e-17,2.972413469683062e-17
7707,2.005897936496013e-13,3.594372605883274e-17,2.773337800196594e-17
7708,2.049668283210951e-13,3.842648835326424e-17,2.997619929874421e-17
7709,2.027016308510325e-13,3.787994543681212e-17,2.990042626901488e-17
7710,2.035260948911829e-13,3.738951402946716e-17,2.835699310042649e-17
7711,2.025535269049975e-13,3.800030134225778e-17,2.997846348059997e-17
7712,2.024880777229537e-13,3.857268746223293e-17,3.047342029464165e-17
7713,2.026531008001083e-13,3.403572950995761e-17,2.599249979004801e-17
7714,2.021477185676543e-13,3.648235833460436e-17,2.723254439974828e-17
7715,1.99920006053158e-13,3.711400139450008e-17,2.821838159155699e-17
7716,2.012613594288361e-13,3.645773654267345e-17,2.78929000600177e-17
7717,2.02278952512717e-13,3.685772319746383e-17,2.914443475327498e-17
7718,2.033286237970195e-13,3.856321684648978e-17,2.956462471796596e-17
7719,2.026083173918897e-13,3.391700931665309e-17,2.59173842126365e-17
7720,2.002192259756146e-13,3.225139540269574e-17,2.402910242486448e-17
7721,2.008257718358677e-13,3.363977268182208e-17,2.534740857042914e-17
7722,2.007390322813399e-13,3.673076187400901e-17,2.852452832062471e-17
7723,2.028862855776194e-13,3.608708328739989e-17,2.75506526885307e-17
7724,2.015884157340547e-13,3.591032295306748e-17,2.705266888299887e-17
7725,2.044330080082892e-13,3.681701461896879e-17,2.86592626216254e-17
7726,1.983847078174981e-13,3.077857305180474e-17,2.2527719052337e-17
7727,1.985957795822242e-13,3.215504916105982e-17,2.338908000173844e-17
7728,2.016128993780132e-13,3.634493651566908e-17,2.740241806392705e-17
7729,2.015113839856331e-13,3.56106022950177e-17,2.755697127712094e-17
7730,2.023476959664319e-13,3.67306438343921e-17,2.841072413241881e-17
7731,2.026478737549665e-13,3.506291108819214e-17,2.632063018409247e-17
7732,1.993578552622954e-13,3.071311907633311e-17,2.235300103981644e-17
7733,2.021693331075708e-13,3.786692619078068e-17,2.886942306815597e-17
7734,2.003482993453353e-13,3.428558030181638e-17,2.667992130888822e-17
7735,1.968658963952494e-13,2.99270180995347e-17,2.195298763752937e-17
7736,2.006296855848756e-13,3.613321047043416e-17,2.689012541716189e-17
7737,2.022931365254053e-13,3.578411582779184e-17,2.712603636140053e-17
7738,1.998156624157639e-13,3.489573922984268e-17,2.670735636278687e-17
7739,1.994687073062194e-13,3.202525588420366e-17,2.41742774255582e-17
7740,1.996156028211716e-13,3.004305202445239e-17,2.196703658704791e-17
7741,2.02016940431984e-13,3.87036007203696e-17,3.06290901966999e-17
7742,2.032503067021254e-13,3.846601164164104e-17,3.019706051335214e-17
7743,2.040828237539865e-13,3.639395120113524e-17,2.760507728111525e-17
7744,2.014578866486055e-13,3.734493373407367e-17,2.888935177403403e-17
7745,2.003828407806119e-13,3.21092841712155e-17,2.408818194965149e-17
7746,2.017403121788532e-13,3.412227923911159e-17,2.554256420268119e-17
7747,2.019332166772461e-13,3.566927759246513e-17,2.72830322305856e-17
7748,2.016924787991847e-13,3.270769850054512e-17,2.458969174943374e-17
7749,1.992506420180214e-13,3.174549477744953e-17,2.357606958703836e-17
7750,1.990760590744367e-13,3.489090110690205e-17,2.700446746188763e-17
7751,2.029244668332693e-13,3.850384577906559e-17,3.030667962096583e-17
7752,2.036848731830424e-13,3.905700071832755e-17,3.087748971331895e-17
7753,2.032910144636828e-13,3.834989262022093e-17,3.042148801301764e-17
7754,2.001295728654219e-13,3.54779190504789e-17,2.714576798733673e-17
7755,2.022244816852716e-13,3.790344067109143e-17,2.995910516754247e-17
7756,1.99879319208905e-13,3.176501364283816e-17,2.368185034189663e-17
7757,2.024381260941042e-13,3.315068003525346e-17,2.503546496738154e-17
7758,2.007168838855696e-13,3.793517945034311e-17,3.061799338561759e-17
7759,2.03824553725212e-13,3.733530921175219e-17,2.918717427734996e-17
7760,2.015961807588366e-13,3.372667488632629e-17,2.573345779343682e-17
7761,2.004150787430431e-13,3.530400782510725e-17,2.735650257059282e-17
7762,1.990975421818047e-13,3.447506429915819e-17,2.665693959845415e-17
7763,2.000803390458293e-13,3.210563991058842e-17,2.389723416467021e-17
7764,2.033603425122293e-13,3.681759965031557e-17,2.86824097177577e-17
7765,2.03957476454506e-13,3.578575209667892e-17,2.743801009709554e-17
7766,2.003389963011696e-13,3.691600968520377e-17,2.930301258915675e-17
7767,2.011199974293226e-13,3.716275043329215e-17,2.8646429445504e-17
7768,2.033178600827299e-13,3.770408640478327e-17,2.956133258814968e-17
7769,2.005916533222281e-13,3.621828368361948e-17,2.775937839433e-17
7770,2.023121009678768e-13,3.826507779672091e-17,2.996831298870762e-17
7771,2.023932441346725e-13,3.568925834173574e-17,2.733892611937923e-17
7772,2.026969981088794e-13,3.661789595062226e-17,2.800647498058182e-17
7773,2.031463320975935e-13,3.70459198499404e-17,2.921826536781393e-17
7774,2.036755090785554e-13,3.80612393709755e-17,2.987909528357096e-17
7775,2.026243647011487e-13,3.73053632099494e-17,2.85583791286497e-17
7776,2.019359101842734e-13,3.858093424817743e-17,3.038843524496893e-17
7777,1.987176990620548e-13,3.118508844901119e-17,2.311075229850997e-17
7778,2.003480255507242e-13,3.546090844673752e-17,2.708653403307017e-17
7779,2.00150120904956e-13,3.134947195072051e-17,2.30799972368841e-17
7780,2.029131329660039e-13,3.75448819257874e-17,2.982230486864325e-17
7781,2.047700731790741e-13,3.885866441205918e-17,3.06533604575488e-17
7782,2.024516408571311e-13,3.595815832911911e-17,2.772411338865301e-17
7783,2.011392439926986e-13,3.359807142564521e-17,2.569321865026177e-17
7784,2.025197684410017e-13,3.643552218992969e-17,2.783095479699621e-17
7785,2.004245161314521e-13,3.545432641578099e-17,2.702791350520895e-17
7786,1.991859892283909e-13,3.202754490911268e-17,2.361414868997122e-17
7787,2.009855567088918e-13,3.766471857138158e-17,2.873390046024882e-17
7788,2.030127379304781e-13,3.630371381190781e-17,2.786907615643863e-17
7789,1.99944008063675e-13,3.318265235335289e-17,2.494070459812512e-17
7790,2.041486883603914e-13,3.834943828574628e-17,3.016005558961543e-17
7791,1.993465906976294e-13,3.109233139482881e-17,2.288849623461004e-17
7792,2.017108189577413e-13,3.700847690489291e-17,2.852410071604748e-17
7793,2.016453736742587e-13,3.095144897509269e-17,2.246887819658317e-17
7794,2.010140197831716e-13,3.429896566431982e-17,2.630725542853e-17
7795,2.000870730259439e-13,3.060279950041609e-17,2.225866811132872e-17
7796,2.020720464139223e-13,3.856350722486795e-17,2.992955344543379e-17
7797,2.040336944231069e-13,3.721909388445233e-17,2.842357936447927e-17
7798,2.032759924998436e-13,3.701524393558885e-17,2.977463421019471e-17
7799,2.029612650577198e-13,3.595025023999342e-17,2.784092196277144e-17
7800,1.992148186244718e-13,3.445592835178501e-17,2.620839417423688e-17
7801,2.030297382128638e-13,3.785881902656581e-17,2.892426766175884e-17
7802,2.021938738393058e-13,3.501857437879542e-17,2.622267946156303e-17
7803,2.011924120335978e-13,3.304875393311504e-17,2.467956928278885e-17
7804,2.028573383356451e-13,3.55517809629396e-17,2.679083197097571e-17
7805,1.975760897357645e-13,3.480816552474667e-17,2.619319649707091e-17
7806,2.034579411923442e-13,3.905031442188571e-17,3.141305776500381e-17
7807,2.002672454692591e-13,3.072785362548453e-17,2.215905777144258e-17
7808,2.020252314214503e-13,3.444714398786285e-17,2.639179092937407e-17
7809,1.997142789387068e-13,3.401394802498635e-17,2.566616249497745e-17
7810,2.030708855475413e-13,3.784664432995004e-17,2.928942858511521e-17
7811,2.004583801863916e-13,3.737463006256505e-17,2.835524889153087e-17
7812,2.006550834859502e-13,3.472872556180007e-17,2.673250116287405e-17
7813,2.021035306085437e-13,3.742910770880759e-17,2.859698605990645e-17
7814,2.033380209533804e-13,3.76186878773271e-17,2.929195071667468e-17
7815,2.029729712093654e-13,3.251286656004715e-17,2.436872765900546e-17
7816,1.995522625563395e-13,3.673038951555191e-17,2.744239103041939e-17
7817,2.02352915568068e-13,3.596964557817928e-17,2.726198842113071e-17
7818,2.036207383929433e-13,3.65217999962413e-17,2.820144029642451e-17
7819,2.019844681320425e-13,3.676225608272047e-17,2.788999656865454e-17
7820,2.020222822934521e-13,3.32288320268687e-17,2.476128667306798e-17
7821,1.998913754498412e-13,3.586510534703683e-17,2.775326021668077e-17
7822,2.015022125445544e-13,3.795796253751526e-17,2.952663828937243e-17
7823,2.028367781515097e-13,3.865043606518122e-17,3.039689191127378e-17
7824,2.035179158138719e-13,3.336650602464137e-17,2.548635918394655e-17
7825,2.008888387562603e-13,3.638829728969911e-17,2.825164749210694e-17
7826,2.022306381378724e-13,3.728086800749318e-17,2.91202236977037e-17
7827,2.033644302859363e-13,3.636286683934371e-17,2.815180956124735e-17
7828,2.01861564169582e-13,3.576329068106843e-17,2.761164456355017e-17
7829,2.031134438077551e-13,3.679222535514997e-17,2.773020078112828e-17
7830,2.017956466097063e-13,3.782395659694361e-17,2.940838922091722e-17
7831,1.995312694312779e-13,3.576782412013691e-17,2.654554031514142e-17
7832,2.011092942198501e-13,3.721577432076807e-17,2.902946897303661e-17
7833,1.994275867761878e-13,3.068100885717054e-17,2.24476416562353e-17
7834,2.023333581543132e-13,3.709217964376676e-17,2.905966294982183e-17
7835,2.053910480306291e-13,3.775771199484718e-17,2.945483503693255e-17
7836,2.018215442024984e-13,3.856162169049856e-17,2.940287994463181e-17
7837,2.028058514837423e-13,3.593059663633245e-17,2.7256620142702e-17
7838,2.004456121025394e-13,3.149062109068582e-17,2.276077944109078e-17
7839,2.008539755511224e-13,3.708382107372833e-17,2.792635388076953e-17
7840,1.996621538199828e-13,2.994826980638671e-17,2.138208212061349e-17
7841,2.007410684575943e-13,3.902026806231111e-17,3.024625917915419e-17
7842,1.984921959122174e-13,3.239445780737834e-17,2.39805600911194e-17
7843,2.019014258242336e-13,3.574350548669578e-17,2.756237199234686e-17
7844,2.036312527435217e-13,3.854823415042465e-17,2.95329131085933e-17
7845,2.035924166687804e-13,3.656478734028983e-17,2.846100717483667e-17
7846,2.022811330912266e-13,3.759977162731904e-17,3.00117845555192e-17
7847,2.032143976781651e-13,3.659606817687931e-17,2.830064091190867e-17
7848,2.018533390769601e-13,3.898920966417211e-17,3.070531090973591e-17
7849,2.028758271398571e-13,3.697558292755672e-17,2.820134015999728e-17
7850,2.02441917585938e-13,3.948162565691294e-17,3.075308818114081e-17
7851,2.033390622479157e-13,3.497572518016905e-17,2.716925889659694e-17
7852,2.018306045364639e-13,3.530681229928866e-17,2.745359827891351e-17
7853,2.030355235309657e-13,3.876708056440814e-17,3.089011545368546e-17
7854,1.994835553759214e-13,3.097874847201477e-17,2.297706659346774e-17
7855,2.004601041291494e-13,3.294136262866324e-17,2.471263779676361e-17
7856,2.009641657562876e-13,3.183003909552482e-17,2.38919445827039e-17
7857,2.021019639562406e-13,3.726645934120422e-17,2.828855180762075e-17
7858,1.996813853245548e-13,3.134222030940081e-17,2.26532816478928e-17
7859,2.016427312008896e-13,3.609118056763352e-17,2.757277061423053e-17
7860,2.003037472262505e-13,3.647072118956735e-17,2.854758646940026e-17
7861,2.036789150015584e-13,3.817218675426561e-17,3.039582510549231e-17
7862,2.03180503402793e-13,3.706235995865009e-17,2.882095177045524e-17
7863,2.049665650710325e-13,3.83927061627386e-17,2.998198946063559e-17
7864,2.039550530730032e-13,3.711412149390777e-17,2.90828787636339e-17
7865,2.010291495173368e-13,3.535392708194023e-17,2.719951477946989e-17
7866,2.00849266475417e-13,3.510491377237734e-17,2.663946164490556e-17
7867,1.984205259820351e-13,3.030291003868796e-17,2.213163203364661e-17
7868,2.009564794964862e-13,3.525248834267968e-17,2.727949976183675e-17
7869,2.030362232543596e-13,3.81341148609389e-17,2.998465025341101e-17
7870,2.010208711025798e-13,3.603224160952123e-17,2.738676918292472e-17
7871,2.008571515969503e-13,3.548185283930431e-17,2.626033746758495e-17
7872,2.027940295765544e-13,3.449661555902003e-17,2.604465132600952e-17
7873,2.007957055500851e-13,3.668175907718407e-17,2.796678971264126e-17
7874,2.00039911013875e-13,3.321046369508274e-17,2.522568542013692e-17
7875,2.021807224788614e-13,3.764412749622212e-17,2.922350613483727e-17
7876,2.001354505903336e-13,3.559753865348922e-17,2.668809389261311e-17
7877,2.018960810498167e-13,3.788449368667651e-17,2.96294140836345e-17
7878,2.028644439305252e-13,3.55797284136537e-17,2.707114882288612e-17
7879,2.008537499361569e-13,3.516684166695602e-17,2.678245035943944e-17
7880,2.011172580022853e-13,3.511342571323189e-17,2.598128072838644e-17
7881,2.029068770693705e-13,3.58903098864716e-17,2.767833889385237e-17
7882,2.021998766416974e-13,3.547192054376296e-17,2.753326812818369e-17
7883,2.015041374694902e-13,3.885764015892874e-17,3.070331072360792e-17
7884,2.031488386881106e-13,3.586498257998687e-17,2.704726581827123e-17
7885,2.027967347391387e-13,3.939160040345921e-17,3.122160921801276e-17
7886,2.004962451507308e-13,3.210133622855666e-17,2.375277635834947e-17
7887,2.026038659685701e-13,3.868284886341167e-17,3.031376484567657e-17
7888,2.012521490197009e-13,3.577705586479377e-17,2.764137138750455e-17
7889,2.020347464023874e-13,3.54956700000865e-17,2.771624721149746e-17
7890,1.992806906054146e-13,3.184106496329738e-17,2.353536927342843e-17
7891,2.003829605475719e-13,3.343202831740951e-17,2.528478609179333e-17
7892,2.005380191969895e-13,3.683814553665735e-17,2.856565812599448e-17
7893,1.989475443501022e-13,3.569788254423348e-17,2.659568731795676e-17
7894,2.003518836930323e-13,3.580920977954418e-17,2.78186342143282e-17
7895,2.001415861118365e-13,3.5290288055944e-17,2.682858590043183e-17
7896,2.015097957138081e-13,3.683829141086393e-17,2.895211127173909e-17
7897,2.024509142400601e-13,3.968374499772731e-17,3.099714533863804e-17
7898,2.023960039774302e-13,3.682875892490847e-17,2.80967002767458e-17
7899,2.016873345254252e-13,3.707637172024706e-17,2.857089600606164e-17
7900,2.044257266044751e-13,3.918245165941477e-17,3.04340426523579e-17
7901,2.01692134022922e-13,3.729580766320461e-17,2.855436667585283e-17
7902,2.015089770585915e-13,3.074353736995179e-17,2.261030006218805e-17
7903,2.030834825197932e-13,3.873842376690052e-17,3.082159622727771e-17
7904,2.028912858240576e-13,3.602006258991704e-17,2.705743712332384e-17
7905,1.997184574802981e-13,3.321537034820329e-17,2.487190530921544e-17
7906,2.023688608476293e-13,3.667706857111561e-17,2.836018087066908e-17
7907,2.035693553037108e-13,3.890757609140274e-17,2.99200835407686e-17
7908,2.042183785951793e-13,3.859463470722523e-17,3.028521340616241e-17
7909,2.005908552959051e-13,3.858858982475662e-17,3.029324352316897e-17
7910,2.010702062910334e-13,3.458018040563038e-17,2.657819433937505e-17
7911,1.980054532036804e-13,3.070076442318238e-17,2.215890441754883e-17
7912,2.00895582040757e-13,3.581746436568552e-17,2.673260442520132e-17
7913,2.020485452562897e-13,3.247676150698158e-17,2.453423223551879e-17
7914,1.99432797596343e-13,3.072815160742162e-17,2.247079916503978e-17
7915,2.030579355554945e-13,3.620097832469838e-17,2.710284647671938e-17
7916,2.039042033969766e-13,3.751607250001722e-17,2.84595421978931e-17
7917,2.006367910681534e-13,3.110669587748882e-17,2.270179876866162e-17
7918,2.035797815585934e-13,3.846284383573269e-17,3.033160630322181e-17
7919,2.035351095145497e-13,3.756473972829249e-17,2.965342477767809e-17
7920,2.018044824999049e-13,3.342693150288851e-17,2.528810391450425e-17
7921,2.034451215807736e-13,3.608813103859369e-17,2.78423519449325e-17
7922,1.998064204632685e-13,3.364109086533598e-17,2.552339581072653e-17
7923,2.030056829567034e-13,3.886417279619729e-17,3.107580197865436e-17
7924,2.027570635685131e-13,3.781309659377233e-17,2.964470534759396e-17
7925,2.050092035332648e-13,3.86301571752417e-17,2.994974885461868e-17
7926,1.977480412345571e-13,3.134329040116792e-17,2.338007432233422e-17
7927,2.004509686441157e-13,3.125070257033865e-17,2.313322661404246e-17
7928,1.98326928924823e-13,3.086879736748666e-17,2.2409803567776e-17
7929,2.012199323846189e-13,3.580481734814738e-17,2.71353430674145e-17
7930,2.045581754736247e-13,3.768360702233694e-17,2.953303124974442e-17
7931,2.005160494466103e-13,3.6337230325976e-17,2.72192775093975e-17
7932,2.023970651785782e-13,3.729034657708828e-17,2.910743109262391e-17
7933,2.029495016590449e-13,3.684738184121581e-17,2.816704421446683e-17
7934,2.025955856791432e-13,3.55300666692504e-17,2.741099047720622e-17
7935,2.017713903801457e-13,3.413644839566408e-17,2.60000051159575e-17
7936,2.005936427383193e-13,3.828295469579921e-17,3.039556569166522e-17
7937,1.99128775356234e-13,3.336419734033922e-17,2.501761012559609e-17
7938,2.050957073044667e-13,3.73620259659087e-17,2.900299392107874e-17
7939,2.040661602137428e-13,3.780189423076619e-17,2.901123977189313e-17
7940,2.028164881718984e-13,3.524636174107509e-17,2.739889785035794e-17
7941,2.032348981161291e-13,3.661267189849982e-17,2.848651102562984e-17
7942,2.007718787679186e-13,3.343529346755419e-17,2.551367765287514e-17
7943,1.992616909204013e-13,2.988739081846118e-17,2.161793155610162e-17
7944,2.023008849577904e-13,3.810571611805368e-17,2.983652127041973e-17
7945,2.030916705227905e-13,3.754324079747279e-17,2.901629135021381e-17
7946,2.018878110817334e-13,3.662003260042736e-17,2.781467632128016e-17
7947,2.028024975712324e-13,3.80890328775436e-17,2.966661284904851e-17
7948,2.025974315318783e-13,3.844408226294765e-17,2.957022399621016e-17
7949,2.029873163270543e-13,3.820456525931496e-17,2.968895274478765e-17
7950,2.014537758710049e-13,3.330868282330934e-17,2.521334944691261e-17
7951,2.004794587098815e-13,3.46405822324975e-17,2.616664596187008e-17
7952,1.977299476120322e-13,3.00284791475545e-17,2.162583520547453e-17
7953,2.002603072842897e-13,3.066269082103484e-17,2.224726173867055e-17
7954,2.022297325305714e-13,3.665479145635069e-17,2.872900501447493e-17
7955,2.040911869176204e-13,3.6544056342521e-17,2.786773689036035e-17
7956,2.036913742902719e-13,3.734448138763895e-17,2.925016532586285e-17
7957,2.049607802457368e-13,3.524680175550251e-17,2.63224424202352e-17
7958,2.045113346821826e-13,3.894424365586468e-17,3.032699016859666e-17
7959,2.040519238858492e-13,3.785815421234051e-17,2.987766367144731e-17
7960,2.032445928534656e-13,3.339177040021968e-17,2.516313609690298e-17
7961,2.045340956962793e-13,3.661491909808123e-17,2.806471920233567e-17
7962,2.03529586837086e-13,3.721080569860858e-17,2.897270171874021e-17
7963,2.049189698471819e-13,3.880203494950742e-17,3.039915573099083e-17
7964,2.024252081169065e-13,3.669487583633708e-17,2.819662614706582e-17
7965,2.034960092831328e-13,3.78772052155126e-17,2.978903232301739e-17
7966,2.000355900713483e-13,3.166198848088268e-17,2.343524917018593e-17
7967,2.011895904847295e-13,3.372367885126448e-17,2.539579368385755e-17
7968,2.026431261137257e-13,3.570788890356946e-17,2.773538058633208e-17
7969,2.016448450022749e-13,3.901820389236689e-17,3.058533357934887e-17
7970,2.027433517820595e-13,3.580523602888246e-17,2.740671173536212e-17
7971,2.02459191562618e-13,3.717707455068656e-17,2.833531678493349e-17
7972,2.030215863251644e-13,3.871311466990034e-17,3.078983936207477e-17
7973,2.030118676434644e-13,3.820272485419653e-17,2.996801040997819e-17
7974,2.057761597780836e-13,3.913278563771345e-17,3.093427594503701e-17
7975,2.025489098448664e-13,3.703860264188606e-17,2.861764018645959e-17
7976,2.02750762212073e-13,3.528485174011476e-17,2.630257297717082e-17
7977,2.046379716768684e-13,3.964896969630718e-17,3.08938097307437e-17
7978,2.037819851662259e-13,3.895420900993108e-17,3.080055096994491e-17
7979,2.025273064702085e-13,3.115122179657195e-17,2.278556885721092e-17
7980,2.054991007659167e-13,3.982009350118416e-17,3.111479946736088e-17
7981,2.034896761626356e-13,3.678297356560839e-17,2.787397612251578e-17
7982,1.998518704025636e-13,3.600624788795507e-17,2.751767317538739e-17
7983,2.029738156911392e-13,3.817527700563302e-17,2.950872026352192e-17
7984,2.022380316055709e-13,3.209898757226477e-17,2.411427729884405e-17
7985,2.018272412970005e-13,3.617199390707789e-17,2.833707315085912e-17
7986,2.012726907367694e-13,3.741248916251479e-17,2.83113128036553e-17
7987,2.004133239428412e-13,3.573227245257244e-17,2.740839763789638e-17
7988,2.013657519869661e-13,3.923558024355797e-17,3.103322466496424e-17
7989,2.025222568039583e-13,3.368752694354319e-17,2.535468660522956e-17
7990,2.014696865362583e-13,3.372857189541575e-17,2.558065004748592e-17
7991,2.031090314615865e-13,3.895018552882622e-17,3.007449863764682e-17
7992,2.026106593424933e-13,3.689991143678058e-17,2.870532554670107e-17
7993,2.008987606747581e-13,3.050322335589975e-17,2.234069713245099e-17
7994,2.003063477170435e-13,3.57782600710747e-17,2.691999427462196e-17
7995,2.015405748180874e-13,3.933517943837177e-17,3.110758694785109e-17
7996,2.010758422499766e-13,3.6943123262148e-17,2.882682550989719e-17
7997,2.066975944701099e-13,3.694906831042288e-17,2.903716034821084e-17
7998,2.00902914081978e-13,3.1937340123537e-17,2.309557528491052e-17
7999,2.022299535585517e-13,3.656089675190373e-17,2.82898770057951e-17
8000,2.028737595694638e-13,3.815384158987991e-17,2.952587893325514e-17
8001,1.982985310727572e-13,3.139604424452289e-17,2.360818324076498e-17
8002,2.008901386035245e-13,3.488453227241332e-17,2.591592731713954e-17
8003,1.984617516779179e-13,3.213498042596148e-17,2.409427443914435e-17
8004,1.985005924926275e-13,3.3747294795849e-17,2.582492865719797e-17
8005,1.981679482513663e-13,2.943000116507174e-17,2.096452018157609e-17
8006,2.006296061653281e-13,3.499706401420778e-17,2.645559992127695e-17
8007,2.01755810589756e-13,3.561442254862242e-17,2.669643423929065e-17
8008,1.989371164236911e-13,3.555516712460766e-17,2.744976353942233e-17
8009,1.99565360218461e-13,3.333616847983003e-17,2.536466766968502e-17
8010,2.019391846007443e-13,3.873283325545887e-17,3.045442731387358e-17
8011,1.995762713156684e-13,3.022290052396254e-17,2.207118419858068e-17
8012,2.011162691633988e-13,3.658978971224167e-17,2.777336851424752e-17
8013,2.0329272624303e-13,3.751444705738503e-17,2.809942495552615e-17
8014,2.019998021036655e-13,3.909120328080984e-17,3.081133024563104e-17
8015,2.023649136327906e-13,3.679242523235945e-17,2.788667043096832e-17
8016,2.015552830599797e-13,3.748639973592489e-17,2.89140121130912e-17
8017,2.035813850585069e-13,3.771594130178985e-17,2.920400103714973e-17
8018,2.024630340128725e-13,3.520591861566225e-17,2.628155552193676e-17
8019,2.033862297360273e-13,3.762196991261173e-17,2.913254809941199e-17
8020,1.998924832631851e-13,3.183563842318235e-17,2.368496062190328e-17
8021,2.031020099860955e-13,3.828053325876672e-17,3.037434499200866e-17
8022,2.007040263805861e-13,3.18589210377082e-17,2.34551830353559e-17
8023,2.048181468324989e-13,3.901275772094985e-17,3.070901709540377e-17
8024,2.024968736682611e-13,3.512781520579972e-17,2.715777805129971e-17
8025,2.021545785820202e-13,3.665608383460542e-17,2.761719832603651e-17
8026,2.009737896348605e-13,3.494861817519611e-17,2.632175604623471e-17
8027,2.000866287793154e-13,3.11468250455712e-17,2.297367073088234e-17
8028,1.995859975186196e-13,3.444138198140928e-17,2.583191459972268e-17
8029,1.996226253537508e-13,3.404087624072937e-17,2.56866576345186e-17
8030,2.00028582755572e-13,3.285087493728917e-17,2.449811340358335e-17
8031,2.026012368084928e-13,3.52922618458837e-17,2.667394590932893e-17
8032,2.015420856578912e-13,3.684589802222953e-17,2.87433379328551e-17
8033,1.990885174728387e-13,3.139374904464137e-17,2.331663102892083e-17
8034,2.023174588712534e-13,3.696328796264804e-17,2.859406448191513e-17
8035,2.013965207147276e-13,3.210977565130578e-17,2.329384573981001e-17
8036,2.005651715070306e-13,3.320815097919537e-17,2.466423252270148e-17
8037,2.024007249670082e-13,3.773517714326195e-17,2.9531392406965e-17
8038,2.008743380585179e-13,3.450308025873003e-17,2.530351130923737e-17
8039,2.025588222683802e-13,3.636527661043336e-17,2.751455011560755e-17
8040,2.02943647996369e-13,3.668356683160657e-17,2.793166801573969e-17
8041,2.011815473542224e-13,3.643039572809482e-17,2.835246835133303e-17
8042,1.99696518588617e-13,3.153925758218511e-17,2.320880819559438e-17
8043,2.018517083673716e-13,3.771501551823329e-17,2.971037359884209e-17
8044,2.042681525341551e-13,3.681870439063353e-17,2.790446478002231e-17
8045,2.038647608633598e-13,3.810836537180403e-17,2.976038817802674e-17
8046,2.034069593552185e-13,3.878489999072097e-17,3.037803187669915e-17
8047,2.038434972466172e-13,3.863304275800003e-17,2.991053415376616e-17
8048,1.996486198011483e-13,3.157797794272851e-17,2.312391036178161e-17
8049,2.020992459079649e-13,3.565423739046669e-17,2.738438637593808e-17
8050,2.026425350547312e-13,3.819405500428489e-17,2.960232557481105e-17
8051,2.023587612467816e-13,3.766943903376636e-17,2.894844142178228e-17
8052,1.995483376431769e-13,3.29432305773066e-17,2.436695404173982e-17
8053,2.003576478743869e-13,3.292657848343229e-17,2.493620691873026e-17
8054,2.007883451681174e-13,3.619427818102031e-17,2.819504546105403e-17
8055,2.030027195874831e-13,3.608504588999746e-17,2.781182390907295e-17
8056,2.028054926606213e-13,3.597893174009864e-17,2.763063957500253e-17
8057,2.010247567492435e-13,3.68402449758649e-17,2.856748677683529e-17
8058,2.044720937188509e-13,3.878338122873461e-17,3.082189376991008e-17
8059,2.012576584892054e-13,3.364171621795019e-17,2.562430502299577e-17
8060,2.032079146542907e-13,3.749534435535984e-17,2.910849170346447e-17
8061,2.040053390251061e-13,3.898181926348671e-17,3.094718638666528e-17
8062,2.018356787765654e-13,3.185935815671826e-17,2.331217911031973e-17
8063,2.016751879956174e-13,3.80800073370316e-17,3.001560763617491e-17
8064,2.039367912355253e-13,3.807027926097965e-17,3.010054341197002e-17
8065,2.008868914130301e-13,3.476677118281022e-17,2.646837214911671e-17
8066,2.005639989329299e-13,3.171202628771122e-17,2.322399733711736e-17
8067,2.00564095485331e-13,3.801295620229869e-17,2.964596761418501e-17
8068,1.992483636143414e-13,3.129189930266308e-17,2.302013984967688e-17
8069,2.029491067507211e-13,3.666178286344684e-17,2.884520435622799e-17
8070,2.027416842236067e-13,3.694859107490606e-17,2.836257367200694e-17
8071,1.998305073142015e-13,3.192180353328433e-17,2.388593145370722e-17
8072,2.019801657669312e-13,3.750401895199602e-17,2.892278805441178e-17
8073,2.03639099631819e-13,3.826789820805116e-17,2.961397747615396e-17
8074,2.025850765751328e-13,3.352693758151541e-17,2.568100522951177e-17
8075,2.018037627382325e-13,3.532409363386072e-17,2.716542857045964e-17
8076,2.006999409768632e-13,3.612114304133199e-17,2.783007313953256e-17
8077,2.02400586062113e-13,3.389564963527089e-17,2.586703999720793e-17
8078,2.005275603416585e-13,3.245148790194313e-17,2.417604705523678e-17
8079,2.03304311771261e-13,3.85549969332675e-17,3.050480155093883e-17
8080,2.024422322909894e-13,3.582866908530079e-17,2.715956794788448e-17
8081,2.00478125818267e-13,3.089934472564575e-17,2.252248413774581e-17
8082,2.010325709718865e-13,3.783790499442152e-17,2.973574775050601e-17
8083,1.98608049781315e-13,3.133166336521579e-17,2.266341105654386e-17
8084,1.970300047651163e-13,3.282779576382374e-17,2.451169127022003e-17
8085,1.987726832180311e-13,3.046846704950055e-17,2.194337042161001e-17
8086,1.994892500026305e-13,3.588583172939869e-17,2.786165252834296e-17
8087,2.00978303099098e-13,3.32501703028077e-17,2.544805519017346e-17
8088,2.02269809758478e-13,3.733372847023502e-17,2.861048632394267e-17
8089,2.012717926181167e-13,3.305725792485591e-17,2.484706397662053e-17
8090,2.013333656873536e-13,3.582691006053251e-17,2.769546219651095e-17
8091,2.016798471925615e-13,3.708763820177147e-17,2.920208959463317e-17
8092,2.015187257086781e-13,3.578120525272495e-17,2.750615263765796e-17
8093,2.025084098393781e-13,3.567973146351497e-17,2.71691568851712e-17
8094,2.010641222220113e-13,3.5773709317715e-17,2.801760074109949e-17
8095,2.015383570207952e-13,3.4847846288291e-17,2.664243687425294e-17
8096,2.043623849327001e-13,3.905590426997048e-17,3.078337358542521e-17
8097,2.020099652852938e-13,3.498087808354416e-17,2.697392513745647e-17
8098,2.027966610852986e-13,3.542762601878652e-17,2.728540524764324e-17
8099,2.020803169312401e-13,3.860752459291324e-17,2.965730019516023e-17
8100,2.004073380739235e-13,3.421153242673345e-17,2.586622017340427e-17
8101,2.010820039817485e-13,3.551472750686351e-17,2.754159830790184e-17
8102,2.010874237178857e-13,3.499995098460038e-17,2.669931824691486e-17
8103,2.041496186631778e-13,3.814786482536231e-17,2.974072229481781e-17
8104,2.015626247805168e-13,3.694528340020148e-17,2.794723559694233e-17
8105,2.004371794720374e-13,3.564847655030279e-17,2.645823948460182e-17
8106,2.023077275659395e-13,3.577749236444511e-17,2.765483103514722e-17
8107,2.030746321601518e-13,3.786032696060503e-17,2.966080473116966e-17
8108,2.021683499792175e-13,3.927945171641293e-17,3.097353714246791e-17
8109,2.004228833453061e-13,3.602126452047775e-17,2.798853995113478e-17
8110,2.011265931402996e-13,3.183087468488447e-17,2.355607120770512e-17
8111,2.021046692868555e-13,3.635735250225457e-17,2.828207309212773e-17
8112,2.03644204188908e-13,3.625363778523163e-17,2.794033483891638e-17
8113,2.034587850985504e-13,3.76718439569357e-17,2.921491808867347e-17
8114,2.0225336357462e-13,3.857736261700499e-17,2.995611086059302e-17
8115,2.028623317003516e-13,3.332210745857023e-17,2.534435234453093e-17
8116,2.007990614451055e-13,3.134728152805673e-17,2.301186019473787e-17
8117,2.024605022779524e-13,3.552985392867123e-17,2.659340163386186e-17
8118,1.996641946810311e-13,3.662961404821194e-17,2.796764343939618e-17
8119,2.000287445540124e-13,3.476894032457943e-17,2.639832460195316e-17
8120,2.031600142354202e-13,3.622073661148873e-17,2.72906662003454e-17
8121,2.028273444346952e-13,3.41519569858263e-17,2.579078325780178e-17
8122,2.014282265956583e-13,3.36128708389145e-17,2.541817283543176e-17
8123,2.038823911364317e-13,3.800890898790954e-17,2.988800007384097e-17
8124,2.029322036865891e-13,3.832740104725637e-17,2.994073209106266e-17
8125,2.016972319741504e-13,3.646408306671068e-17,2.818429510569678e-17
8126,2.016664733232103e-13,3.507167561706696e-17,2.702112030440755e-17
8127,2.018703092103889e-13,3.128850598384821e-17,2.292787709214392e-17
8128,2.025423061599587e-13,3.48646414171368e-17,2.595897915707517e-17
8129,1.997408701706796e-13,3.172529054832584e-17,2.297907495851519e-17
8130,1.987964035741166e-13,3.098960822168897e-17,2.299983363281876e-17
8131,2.020905344306475e-13,3.531358861901149e-17,2.563134401511708e-17
8132,2.026743965834291e-13,3.909900692405777e-17,3.080745423180461e-17
8133,2.010367742842008e-13,3.694309330481633e-17,2.870172189502171e-17
8134,2.000959980927517e-13,3.078060856439368e-17,2.238620005842523e-17
8135,1.999946706764779e-13,3.664430062244681e-17,2.813395469441679e-17
8136,2.02770458659881e-13,3.690855680645456e-17,2.858549315031379e-17
8137,2.047452611405845e-13,3.842566518492355e-17,2.992738222559765e-17
8138,2.034041514381478e-13,3.555823832375654e-17,2.704709520965299e-17
8139,2.042840412375556e-13,3.539725009708797e-17,2.739905376156012e-17
8140,2.020725648648793e-13,3.450573648314268e-17,2.650865854631538e-17
8141,2.001953534515005e-13,2.999719467265565e-17,2.183943559600836e-17
8142,2.045192281914534e-13,3.946576741642079e-17,3.157108990795502e-17
8143,2.030968456025818e-13,3.671055026334788e-17,2.866273251551449e-17
8144,2.004943900324863e-13,3.285153504675739e-17,2.504396077377245e-17
8145,2.010846720659937e-13,3.637454442545852e-17,2.863051316060876e-17
8146,2.023582161052891e-13,3.585270785626238e-17,2.754442225939171e-17
8147,2.004490924480599e-13,3.357008693897243e-17,2.537444912667357e-17
8148,2.022193471735896e-13,3.586449820763008e-17,2.784466152138196e-17
8149,1.988804439725278e-13,3.05788916639167e-17,2.207016218224899e-17
8150,1.984047614118828e-13,3.024725145442208e-17,2.212417551184976e-17
8151,2.001808788649642e-13,3.356652948028415e-17,2.542362948991804e-17
8152,2.014887487738051e-13,3.7348533082733e-17,2.902881040654999e-17
8153,1.997638034374799e-13,3.009936446435574e-17,2.206250002523734e-17
8154,1.977818689961364e-13,2.940801505650489e-17,2.093471822297955e-17
8155,1.988644305828829e-13,3.280382523400799e-17,2.449987776228238e-17
8156,2.021326266629501e-13,3.77124723146013e-17,2.954210535440988e-17
8157,2.038267007352163e-13,3.685039601434976e-17,2.848973268325511e-17
8158,1.989237733854509e-13,2.886481084395188e-17,2.095918390131676e-17
8159,2.019734592623311e-13,3.866550229886011e-17,3.031525814322027e-17
8160,2.026786894485406e-13,3.433928420251269e-17,2.636190658591554e-17
8161,1.990279687333142e-13,2.98618376623148e-17,2.211626545092962e-17
8162,2.039494748513875e-13,3.6230172318415e-17,2.755396409427923e-17
8163,2.034189428802766e-13,3.793254682451269e-17,2.909625120015488e-17
8164,2.001435745573628e-13,3.221358352461713e-17,2.386003880471377e-17
8165,2.007274503344182e-13,3.320382545783086e-17,2.517713990566334e-17
8166,1.976719578823087e-13,3.066528674258501e-17,2.236251548551105e-17
8167,2.004328408298674e-13,3.33617213537113e-17,2.483671356927415e-17
8168,2.000726640327938e-13,3.234326495882797e-17,2.414082273905796e-17
8169,2.026835058067815e-13,3.776767750967607e-17,2.916147179720281e-17
8170,2.043543959569574e-13,3.837510875249391e-17,3.005614169698443e-17
8171,2.018671344624094e-13,3.130229725509783e-17,2.304802336937255e-17
8172,2.009796258950816e-13,3.199142730641813e-17,2.369419525080875e-17
8173,1.989145559315692e-13,2.939851713516532e-17,2.091875659087324e-17
8174,1.994999335851234e-13,3.652401366347134e-17,2.801813552384021e-17
8175,2.023424565998806e-13,3.754250127504905e-17,2.974853569178086e-17
8176,2.040661019647995e-13,3.647804008376654e-17,2.852729629900946e-17
8177,2.024712464618172e-13,3.768313168618682e-17,2.943399968602054e-17
8178,2.01860157948903e-13,3.585159494108633e-17,2.750554970176771e-17
8179,2.015845475450201e-13,3.57972502214073e-17,2.727215634780155e-17
8180,2.047185900727495e-13,3.909928134599562e-17,3.122280795329173e-17
8181,2.010469474473496e-13,3.800769340573517e-17,2.959068353717866e-17
8182,2.039291983267654e-13,3.92696853115333e-17,3.087492029592181e-17
8183,2.025308318053007e-13,3.502262318693331e-17,2.701983239433518e-17
8184,2.028830528528059e-13,3.892002476320581e-17,3.05053540960751e-17
8185,2.049665017021711e-13,3.833483663472878e-17,2.966651635431512e-17
8186,2.03829798848693e-13,3.756247065824119e-17,2.896811067321957e-17
8187,2.016027948139924e-13,3.12247442984283e-17,2.331540644506141e-17
8188,2.016376803521553e-13,3.748410855341381e-17,2.918982364008037e-17
8189,2.009937651012763e-13,3.570093911399422e-17,2.680388664398697e-17
8190,2.027391728404551e-13,3.790844164949765e-17,2.970280037700308e-17
8191,2.01722659235441e-13,3.504864479994828e-17,2.613249904149136e-17
8192,2.011127518348402e-13,3.800906243081495e-17,3.01158087041542e-17
8193,2.021111744293278e-13,3.77724068001224e-17,2.958863471210036e-17
8194,2.025686249741683e-13,3.691349411173924e-17,2.824008431271482e-17
8195,2.029085464034305e-13,3.761133977444185e-17,2.915818387090304e-17
8196,2.015013908083584e-13,3.636464305114698e-17,2.789046024833833e-17
8197,2.02450967754051e-13,3.71056078472784e-17,2.822302127805864e-17
8198,2.043492767323e-13,3.901516268033305e-17,3.08536195209682e-17
8199,2.015701190076517e-13,3.149420519804415e-17,2.300768619017473e-17
8200,2.019899755663703e-13,3.648910487501885e-17,2.773069483578781e-17
8201,2.021549491208882e-13,3.736030454941363e-17,2.889646255016841e-17
8202,2.004362016228551e-13,3.482378044255411e-17,2.650268438073523e-17
8203,2.030238296355238e-13,3.809620139144776e-17,2.967097271537656e-17
8204,2.011794927171711e-13,3.556367931591329e-17,2.764457203973144e-17
8205,2.032261491366342e-13,3.767911826475355e-17,2.975215099891121e-17
8206,2.042511190920549e-13,3.637862898480882e-17,2.769110558943121e-17
8207,2.021655122918858e-13,3.664246151087428e-17,2.773308169398962e-17
8208,1.99442165793755e-13,3.132274699869149e-17,2.324492089554014e-17
8209,2.039170020160053e-13,3.727744474386921e-17,2.910944044661461e-17
8210,2.023714953395438e-13,3.675631635111552e-17,2.756357252004317e-17
8211,2.001591278189777e-13,3.310518814334081e-17,2.499966178298279e-17
8212,2.017411126604296e-13,3.508658696503926e-17,2.727002601443996e-17
8213,2.013177210835408e-13,3.33371237746446e-17,2.540014524942508e-17
8214,2.034896013789777e-13,3.730063853660228e-17,2.905055043408597e-17
8215,2.049350486483888e-13,3.853516257501263e-17,3.033234835520131e-17
8216,2.023432692661849e-13,3.802152049385601e-17,2.932882648415173e-17
8217,1.994868186747841e-13,3.329430585431004e-17,2.493431113482033e-17
8218,2.010819730327652e-13,3.632592072828565e-17,2.777176246634262e-17
8219,1.995736116304464e-13,3.320880424254993e-17,2.467778467884426e-17
8220,2.017986223254154e-13,3.802236416500072e-17,2.974927417855562e-17
8221,2.048862902012162e-13,3.619246456908895e-17,2.75894236185283e-17
8222,2.028176428858488e-13,3.859611069656975e-17,3.019608273006273e-17
8223,2.047335353581974e-13,3.90976132265022e-17,3.011752731424355e-17
8224,2.028745666945194e-13,3.297150218649372e-17,2.486342781282796e-17
8225,2.038189696639053e-13,3.583189675375158e-17,2.664009826646385e-17
8226,2.006076080591546e-13,3.243729585788636e-17,2.423711819327957e-17
8227,1.996636256892221e-13,3.195771833187642e-17,2.38645028634225e-17
8228,2.007151717513518e-13,3.475982905229926e-17,2.595555073449772e-17
8229,2.019358579079409e-13,3.491684772708434e-17,2.650782022703913e-17
8230,2.019127071907077e-13,3.647900717144174e-17,2.817418430082148e-17
8231,2.009322738265869e-13,3.794719465126046e-17,2.951731024628165e-17
8232,2.014147864633062e-13,3.659878967357736e-17,2.78463967790212e-17
8233,2.021996790351793e-13,3.720229483604738e-17,2.936199983829545e-17
8234,1.99089838840562e-13,3.169935710220793e-17,2.348463150867521e-17
8235,2.030315279446255e-13,3.858865368199352e-17,3.074958121778675e-17
8236,2.03125326313807e-13,3.798225562054808e-17,2.991894393563192e-17
8237,1.999174561383279e-13,3.227599664985517e-17,2.444866039863426e-17
8238,2.018643664739284e-13,3.601272080516753e-17,2.735875454126699e-17
8239,1.99414953253514e-13,3.163099574796651e-17,2.350582508651228e-17
8240,2.014682964026303e-13,3.686691194644203e-17,2.865323529408411e-17
8241,2.006702206197325e-13,3.336530726194815e-17,2.507126526076275e-17
8242,2.022376870976556e-13,3.73474236478114e-17,2.935404109374994e-17
8243,2.014231862989962e-13,3.521177979193734e-17,2.634188673412652e-17
8244,2.01609992230083e-13,3.477559798058837e-17,2.691111726072868e-17
8245,2.030381405238705e-13,3.827862279605533e-17,3.03129295047373e-17
8246,2.014575038773591e-13,3.601139731479867e-17,2.668774296464432e-17
8247,2.046506145678763e-13,3.627249093409424e-17,2.709695063327884e-17
8248,1.997073436942733e-13,3.125937048162367e-17,2.318656109603564e-17
8249,2.023567208948409e-13,3.788144423784871e-17,2.908526918771733e-17
8250,2.031247941658466e-13,3.864267317336735e-17,2.989582412580454e-17
8251,2.037973697263514e-13,3.923627086507312e-17,3.03239905974366e-17
8252,2.03624573716944e-13,3.841244066818513e-17,2.932375432755327e-17
8253,2.033767692709951e-13,3.606103392948377e-17,2.785121851975469e-17
8254,2.009600002320536e-13,3.711495570747881e-17,2.813094091726628e-17
8255,2.001320241437697e-13,3.641657146228672e-17,2.775890151790585e-17
8256,1.987048624881692e-13,3.024913043272722e-17,2.181873563352612e-17
8257,2.020562420368143e-13,3.653964914669556e-17,2.777885182688037e-17
8258,2.023861962344853e-13,3.69844118111861e-17,2.829695190041482e-17
8259,2.018362526161832e-13,3.686966862779159e-17,2.799831721408336e-17
8260,2.017112329839371e-13,3.390376871587968e-17,2.559766066002693e-17
8261,2.036635573376179e-13,3.675406588923978e-17,2.85508007319502e-17
8262,2.029196858918705e-13,3.783156505183209e-17,2.925529775655576e-17
8263,2.037937379513846e-13,3.690484489831835e-17,2.838501893386228e-17
8264,2.041253534640423e-13,3.686969969015397e-17,2.827583541141509e-17
8265,1.983516832310009e-13,3.081863679733107e-17,2.22702149355895e-17
8266,2.000156580621654e-13,3.335719588880162e-17,2.492782220633907e-17
8267,2.018822596697795e-13,3.464848192778963e-17,2.638753141201822e-17
8268,2.010125077658995e-13,3.13635567617853e-17,2.339161325400202e-17
8269,2.022414639607937e-13,3.689427368586855e-17,2.863132896230372e-17
8270,2.022866668436638e-13,3.657987567559819e-17,2.719054773721892e-17
8271,2.028773632030634e-13,3.541494803805109e-17,2.698557329083307e-17
8272,2.007042487427797e-13,3.328966528446072e-17,2.495636672392734e-17
8273,2.03046649576956e-13,3.619022898671398e-17,2.723637963540331e-17
8274,2.010821096291204e-13,3.398427447772678e-17,2.570635039315733e-17
8275,2.017513379832926e-13,3.604562051478705e-17,2.737807830696941e-17
8276,1.997980439399463e-13,3.075933791464164e-17,2.24179458733211e-17
8277,2.016985218286085e-13,3.741119038489695e-17,2.92946149501062e-17
8278,2.036919231359618e-13,3.813436168520023e-17,2.953077399996797e-17
8279,2.020037594994042e-13,3.625872918188692e-17,2.772129026365166e-17
8280,2.031245545729906e-13,3.806494290423121e-17,2.981405192329482e-17
8281,2.000092065628418e-13,2.999284130891718e-17,2.183834029092655e-17
8282,2.007232925772116e-13,3.535395264182506e-17,2.694502035210541e-17
8283,2.004158406026559e-13,3.703770115885162e-17,2.835815639214171e-17
8284,2.020331670700422e-13,3.799512427204728e-17,2.975498489804656e-17
8285,2.025269673141938e-13,3.643689288829334e-17,2.775445564194434e-17
8286,2.015483604466837e-13,3.421625371459141e-17,2.569673671469e-17
8287,2.017556838545412e-13,3.512121536743413e-17,2.663933558340878e-17
8288,1.991888528839773e-13,3.011213205952772e-17,2.189399166050956e-17
8289,2.017627344231549e-13,3.423574574076412e-17,2.596450541123511e-17
8290,1.987150689602536e-13,3.38336975315509e-17,2.506397627109743e-17
8291,2.017912210781499e-13,3.786096311679817e-17,2.920970330425573e-17
8292,2.01693895130542e-13,3.817804829572542e-17,2.925263851996141e-17
8293,1.988200905723619e-13,3.046522074072169e-17,2.248648445282711e-17
8294,2.02578271444082e-13,3.768229174304004e-17,3.006264956565814e-17
8295,2.040323619653626e-13,3.813445115918111e-17,2.969159877448822e-17
8296,1.977295641373143e-13,3.140188274279263e-17,2.328723656909627e-17
8297,2.020399446026905e-13,3.542486857796104e-17,2.70775613658237e-17
8298,1.967666265966896e-13,2.993164955330376e-17,2.180505778885557e-17
8299,1.997999697075431e-13,3.724168522493647e-17,2.914472551816005e-17
8300,2.018081321137046e-13,3.436448192798628e-17,2.666904822912539e-17
8301,2.023316475862912e-13,3.677274209679517e-17,2.874431227075013e-17
8302,2.027749624611038e-13,3.720235218798713e-17,2.876049207280853e-17
8303,2.034269309682157e-13,3.90258196567035e-17,3.083690449889506e-17
8304,2.005089870907739e-13,3.16600478686015e-17,2.323664057521357e-17
8305,2.026628534904536e-13,3.869922718178262e-17,3.064532818395552e-17
8306,2.053156431283456e-13,3.774972158042623e-17,2.956870827381975e-17
8307,2.025950729061165e-13,3.844913353361965e-17,2.998275386706473e-17
8308,2.00473595315223e-13,3.153390687154471e-17,2.326547078706824e-17
8309,2.020830094175441e-13,3.831698570877955e-17,2.972315420799284e-17
8310,2.014493291976853e-13,3.544914150408308e-17,2.667483648217353e-17
8311,2.016671294238487e-13,3.590146035534048e-17,2.673619834922599e-17
8312,2.04249270296276e-13,3.971074861040919e-17,3.097490961632653e-17
8313,2.029673931720819e-13,3.699485111952193e-17,2.81098387391757e-17
8314,2.01169462101671e-13,3.262032487708081e-17,2.437254945694559e-17
8315,2.003282379500663e-13,3.164045960356162e-17,2.291668345194219e-17
8316,2.032454330466967e-13,3.694061694285027e-17,2.892157384058019e-17
8317,2.017391803421465e-13,3.692442043570593e-17,2.864659517371098e-17
8318,2.039591657202579e-13,3.707810312973956e-17,2.906814094508075e-17
8319,2.028299430533262e-13,3.881194557223215e-17,3.081831276171444e-17
8320,2.042471593752365e-13,3.438152947156729e-17,2.599090391587144e-17
8321,2.006362645040761e-13,3.224959464770358e-17,2.405451293660765e-17
8322,2.020350653683944e-13,3.679794744782676e-17,2.874127546496276e-17
8323,2.047397332905363e-13,3.705511732646128e-17,2.808580539555634e-17
8324,2.005980415693085e-13,3.346315967735846e-17,2.528070846418389e-17
8325,2.024375346965405e-13,3.611144655054362e-17,2.744010015251095e-17
8326,2.045901059851623e-13,3.845797902960037e-17,2.993824706755117e-17
8327,2.005360782890814e-13,3.320535383138444e-17,2.450516458522561e-17
8328,1.998521855841198e-13,3.079963438741891e-17,2.265355532998467e-17
8329,2.015635054126993e-13,3.783358410403256e-17,2.898268191947796e-17
8330,2.010811275001731e-13,3.592120826634941e-17,2.628613922111851e-17
8331,2.037233987008315e-13,3.758003678782494e-17,2.91231390435249e-17
8332,2.007055592298933e-13,3.410254416575035e-17,2.585058492167806e-17
8333,2.028636602357095e-13,3.609919271883763e-17,2.73043797342925e-17
8334,2.018376523513818e-13,3.806291337877647e-17,2.939480600884256e-17
8335,2.006252669149875e-13,3.579824594714626e-17,2.649021589791459e-17
8336,2.039630156767161e-13,3.649969924945374e-17,2.83167540669084e-17
8337,2.020182412410354e-13,3.564947315025135e-17,2.739423043689287e-17
8338,1.997016957123629e-13,3.244472483818896e-17,2.430329026339423e-17
8339,2.005890361261818e-13,3.724262234004986e-17,2.912095959467909e-17
8340,2.017110268567618e-13,3.749963493677029e-17,2.955594257869139e-17
8341,2.047501094710399e-13,3.847659282035092e-17,3.06331530470197e-17
8342,2.035393338482471e-13,3.747208431595132e-17,2.937025508847056e-17
8343,2.029947713779754e-13,3.783564277826817e-17,2.918601607452958e-17
8344,2.026228677966008e-13,3.510933000373256e-17,2.638762795413424e-17
8345,2.003750266357144e-13,3.611738206678641e-17,2.710366411347604e-17
8346,2.01464890054535e-13,3.508997241969074e-17,2.669163500056987e-17
8347,2.055641526445732e-13,3.980548975280822e-17,3.094602576056165e-17
8348,2.011012807542714e-13,3.698244795772313e-17,2.872324171379855e-17
8349,1.998652510508219e-13,3.512422056257435e-17,2.673480265516931e-17
8350,1.980100218910561e-13,3.176251002875037e-17,2.358652884244762e-17
8351,1.991669423142335e-13,3.313370940790163e-17,2.520671565415175e-17
8352,2.035128373617193e-13,3.581847879944203e-17,2.657893118332621e-17
8353,2.029312377262002e-13,3.676263997377214e-17,2.829477210093751e-17
8354,2.053658026399142e-13,3.77877179228205e-17,2.895424829755922e-17
8355,2.038663882875734e-13,3.830911943753562e-17,2.999538222024504e-17
8356,2.003924265174879e-13,3.498930682692456e-17,2.646885625274627e-17
8357,2.001048637682588e-13,3.310018034386604e-17,2.502698226905778e-17
8358,2.043978202582769e-13,3.88477627243544e-17,3.10193332417188e-17
8359,2.011950524918534e-13,3.707062295588579e-17,2.87490236688371e-17
8360,2.013591641922377e-13,3.38027979918139e-17,2.540104041635447e-17
8361,2.016747679015098e-13,3.637738011294985e-17,2.766912001087295e-17
8362,2.025320872749256e-13,3.737662544375554e-17,2.960097880603117e-17
8363,2.029989928890091e-13,3.648370320164838e-17,2.818298508282619e-17
8364,2.016628786453919e-13,3.169481901490311e-17,2.328132577237345e-17
8365,2.036121624812261e-13,3.760882320492668e-17,2.941444802000378e-17
8366,2.036664439394157e-13,3.652738907605051e-17,2.855883170455174e-17
8367,2.006489200588246e-13,3.733458409432596e-17,2.828123970876811e-17
8368,2.01645098398721e-13,3.576665617138568e-17,2.728324444724822e-17
8369,2.036281515490656e-13,3.786015964304914e-17,2.885538717661437e-17
8370,2.035742878212692e-13,3.761901182697809e-17,2.900887001746827e-17
8371,2.035311738123165e-13,3.482464270122909e-17,2.661970081502157e-17
8372,2.028596130940638e-13,3.341400360279043e-17,2.498012858671661e-17
8373,2.034316632747814e-13,3.662198145254851e-17,2.852142117464082e-17
8374,2.029864988593377e-13,3.888984808446634e-17,3.086756221425391e-17
8375,2.028186771757643e-13,3.684372354009905e-17,2.850595639953837e-17
8376,2.021910058149232e-13,3.814286211952066e-17,2.918360043814679e-17
8377,2.03556320817341e-13,3.801599121499181e-17,2.956460352642151e-17
8378,2.021563566356538e-13,3.607095093464925e-17,2.795969931374692e-17
8379,2.005596200261089e-13,3.609459273762918e-17,2.800727745895709e-17
8380,2.025548355287268e-13,3.782958259188579e-17,2.964839883403911e-17
8381,2.022045269656216e-13,3.144965262453737e-17,2.363423485307911e-17
8382,2.016735747587056e-13,3.744822478198556e-17,2.884828682939765e-17
8383,2.0240478803896e-13,3.424196318976907e-17,2.584518548172189e-17
8384,1.98396832789228e-13,3.048634430800999e-17,2.248771773478428e-17
8385,2.01599350544897e-13,3.652576560047453e-17,2.789469871020559e-17
8386,2.037170602760841e-13,3.826495429659393e-17,2.993399958538427e-17
8387,2.004000428665193e-13,3.307530563968226e-17,2.465880742775677e-17
8388,2.017707617011014e-13,3.719675560987615e-17,2.884748259583426e-17
8389,1.993502080608356e-13,3.151133854142124e-17,2.338268310048513e-17
8390,1.99920519256293e-13,3.41101594224159e-17,2.597515046816564e-17
8391,1.991965151505109e-13,3.230995419030846e-17,2.466531214074709e-17
8392,2.015025332071691e-13,3.231862282079417e-17,2.402173911824589e-17
8393,2.008515813505194e-13,3.279253764825857e-17,2.496101676624203e-17
8394,2.001548922297367e-13,3.553436006451242e-17,2.733358426150703e-17
8395,1.985236451627395e-13,2.991157558208596e-17,2.153897672363396e-17
8396,2.025493390527543e-13,3.775909019861999e-17,2.946675711608313e-17
8397,2.018188380292225e-13,3.560635671120216e-17,2.75775470673197e-17
8398,2.036998998266598e-13,3.657081498664856e-17,2.798484136293379e-17
8399,2.053742262920637e-13,3.847749150341018e-17,3.0723058701291e-17
8400,2.026784728683559e-13,3.825137294665678e-17,2.934468045885306e-17
8401,2.036118829121299e-13,3.711316728178638e-17,2.860880954594985e-17
8402,2.007454957346628e-13,3.229530818914587e-17,2.396097635450552e-17
8403,2.039857076390053e-13,3.803050013210325e-17,2.976616900756998e-17
8404,2.000737097550613e-13,3.588713179920865e-17,2.733658167946485e-17
8405,2.022884015378734e-13,3.410370251681069e-17,2.56429161958558e-17
8406,2.001569754783901e-13,3.220735785980195e-17,2.378832550549626e-17
8407,1.987170935749981e-13,3.180615333120997e-17,2.383745020159207e-17
8408,1.965018011943188e-13,2.922569501011961e-17,2.079427633651069e-17
8409,1.999214462787204e-13,3.233121951425247e-17,2.391617974723606e-17
8410,1.992449306384085e-13,3.375768150336946e-17,2.574685961057513e-17
8411,2.002077221992965e-13,3.066983303080837e-17,2.211819422465978e-17
8412,2.022471910174127e-13,3.611708208936356e-17,2.704048181782349e-17
8413,2.003299679858151e-13,3.124343984994386e-17,2.311602540621145e-17
8414,2.007617249771957e-13,3.635785167931524e-17,2.788254776278114e-17
8415,1.994122746497996e-13,3.261041786592811e-17,2.469800330551963e-17
8416,1.999300372755747e-13,3.848529127042022e-17,2.996987092564013e-17
8417,1.998866168527532e-13,3.468670822622766e-17,2.646826270403264e-17
8418,2.022970093164725e-13,3.530025396675634e-17,2.698324818912525e-17
8419,2.018791324167836e-13,3.606965908640313e-17,2.718707399856756e-17
8420,1.98691871650888e-13,3.326875588159973e-17,2.467624040097125e-17
8421,1.985748828904374e-13,3.203497393679791e-17,2.371964006825557e-17
8422,2.010739375288421e-13,3.74646995257082e-17,2.907724557025432e-17
8423,2.010415055788209e-13,3.558275873885057e-17,2.751595044165511e-17
8424,2.011051444879866e-13,3.367046802237651e-17,2.544455146102259e-17
8425,1.998924348716202e-13,3.449767990395057e-17,2.556426563909275e-17
8426,2.018411242489747e-13,3.572502213762805e-17,2.690027258956229e-17
8427,2.021425354838372e-13,3.367644601241209e-17,2.525984082877601e-17
8428,2.033008790235488e-13,3.766231504938441e-17,2.909439851751918e-17
8429,2.01388512495717e-13,3.488858689169276e-17,2.639332020793596e-17
8430,2.023430261710191e-13,3.716663178714139e-17,2.860503096503295e-17
8431,2.00352619221996e-13,3.10785838489504e-17,2.302793193934648e-17
8432,1.987869876083578e-13,3.101257371203221e-17,2.274231598359109e-17
8433,2.019624188266881e-13,3.786187726317991e-17,2.934751194621236e-17
8434,2.015647486775329e-13,3.164069649405382e-17,2.298608018847936e-17
8435,1.998917887863592e-13,3.28839020473033e-17,2.421797052919643e-17
8436,2.002866224745554e-13,3.122751729971067e-17,2.274831438471145e-17
8437,2.035899452568532e-13,3.755607852232702e-17,2.853673519512542e-17
8438,2.023505319320768e-13,3.423582314300373e-17,2.612772827296444e-17
8439,2.057311787420296e-13,4.029806140731551e-17,3.16624007977916e-17
8440,2.047549159806802e-13,3.908153278582653e-17,3.032248699417008e-17
8441,2.037296236497356e-13,3.762883794480642e-17,2.975332241877878e-17
8442,2.023719785341654e-13,3.405191221454078e-17,2.572912477140141e-17
8443,2.018222929444371e-13,3.406088482628188e-17,2.602454459816173e-17
8444,2.012792730165823e-13,3.463647081159375e-17,2.566379276424391e-17
8445,2.009662580096268e-13,3.519779434834732e-17,2.719770337455393e-17
8446,2.032708651169234e-13,3.673682805869435e-17,2.839191724085228e-17
8447,2.030167367282095e-13,3.498709864897262e-17,2.678791795592962e-17
8448,2.02957017123244e-13,3.84251846349915e-17,3.058580003227052e-17
8449,2.033094823179875e-13,3.78164027877696e-17,2.961872715602443e-17
8450,2.054957464609173e-13,3.689386281277616e-17,2.85285075845943e-17
8451,2.031834659030192e-13,3.690015504579178e-17,2.903031862556192e-17
8452,2.051265329131012e-13,3.749276108158837e-17,2.897121784154097e-17
8453,2.033089476633612e-13,3.613402563449424e-17,2.790624595820249e-17
8454,1.987698001712094e-13,3.546085513755177e-17,2.63159697020298e-17
8455,1.994100705118921e-13,3.328974700156602e-17,2.479156844648885e-17
8456,2.014035117566129e-13,3.693542641292579e-17,2.863502623055993e-17
8457,2.015491197055838e-13,3.556327697507941e-17,2.755765192459172e-17
8458,2.024318440636934e-13,3.798954475405353e-17,2.935968387872834e-17
8459,2.00820197021261e-13,3.248815937750303e-17,2.438730860174524e-17
8460,2.019912148975318e-13,3.864883950869472e-17,3.060826793084063e-17
8461,2.028998584441302e-13,3.739679276553056e-17,2.955269268237026e-17
8462,1.998558485989885e-13,3.200612906543329e-17,2.420119175785111e-17
8463,2.047729907235854e-13,3.886375104032929e-17,3.109661129280918e-17
8464,2.020144867974456e-13,3.786354821987773e-17,3.001578596342418e-17
8465,2.011995501348794e-13,3.440679791765228e-17,2.638788659359372e-17
8466,2.015328812125891e-13,3.401464268384034e-17,2.618865122520503e-17
8467,2.012171467027643e-13,3.776863883190009e-17,3.014744791353955e-17
8468,2.020690174224747e-13,3.636254742894901e-17,2.747028642758752e-17
8469,1.993692182590483e-13,3.207799928984134e-17,2.39200156029267e-17
8470,2.008239710579736e-13,3.757021942529196e-17,2.92307565035948e-17
8471,2.035065971232826e-13,3.728899457286584e-17,2.841009979514674e-17
8472,2.004596354691765e-13,3.079000603691908e-17,2.238961901259869e-17
8473,2.009085525977454e-13,2.999945183443579e-17,2.148129660634829e-17
8474,2.017595408795711e-13,3.616580804841323e-17,2.805204838145463e-17
8475,2.046795150609732e-13,3.871372295258234e-17,3.049306833152006e-17
8476,2.033332243525309e-13,3.786523043333551e-17,2.959651670490212e-17
8477,2.019967150225275e-13,3.572548089256397e-17,2.68212816393437e-17
8478,2.016551742282517e-13,3.700800635472724e-17,2.877567156248904e-17
8479,2.007129335696882e-13,3.209157524966547e-17,2.405314076735168e-17
8480,2.012318427147861e-13,3.56245483074569e-17,2.752202517213688e-17
8481,2.027556530944023e-13,3.631691509355649e-17,2.729023449040142e-17
8482,2.049657290083452e-13,3.736155121933392e-17,2.929596190435524e-17
8483,2.040409004927746e-13,3.846424915895585e-17,3.007564648939243e-17
8484,2.032849812928914e-13,3.619462145195551e-17,2.766003883739545e-17
8485,2.000068274774709e-13,3.66661244800151e-17,2.774289365388702e-17
8486,2.03614567959944e-13,3.818233673137948e-17,3.039533891905754e-17
8487,2.00803222549131e-13,3.464708126227935e-17,2.582100332684956e-17
8488,1.980139021268829e-13,3.123492427281063e-17,2.318433640354365e-17
8489,2.005130647926753e-13,3.057731995928311e-17,2.166788354350413e-17
8490,2.008961781168449e-13,3.712262004409162e-17,2.839068561254904e-17
8491,2.012301005294203e-13,3.647473630052998e-17,2.826414352454455e-17
8492,2.025738198263987e-13,3.519770556886047e-17,2.726315354993834e-17
8493,2.021174771713935e-13,3.458105700330566e-17,2.678215747316616e-17
8494,2.018495313250288e-13,3.823313637954445e-17,2.894926171332022e-17
8495,2.010571291349175e-13,3.628092317397456e-17,2.819949705339184e-17
8496,2.016293254445931e-13,3.348179654649761e-17,2.462610307030522e-17
8497,2.018660899113404e-13,3.556930191555132e-17,2.741749388311274e-17
8498,1.998987420025454e-13,3.269974891540114e-17,2.46004343428387e-17
8499,2.016277369407855e-13,3.731202684632361e-17,2.921670813891335e-17
8500,2.054415700043103e-13,3.860245529078001e-17,2.988195812131136e-17
8501,2.033254008154741e-13,3.708534587869271e-17,2.836733819144138e-17
8502,2.021722860350674e-13,3.68244870660688e-17,2.840738443179215e-17
8503,2.031781982496414e-13,3.775772492015273e-17,2.96091692083339e-17
8504,2.033570130582063e-13,3.582055208309739e-17,2.740710582755636e-17
8505,2.006557041672385e-13,3.138712578334773e-17,2.341593499134409e-17
8506,1.995922539632335e-13,3.420113494101765e-17,2.586636920532495e-17
8507,2.03902822967744e-13,3.868542261293532e-17,3.09599278259466e-17
8508,2.017330106853484e-13,3.662534007306078e-17,2.820327405985151e-17
8509,2.015821543989974e-13,3.716196281072633e-17,2.915029204078964e-17
8510,1.999871566091901e-13,3.348506148342045e-17,2.582785337868858e-17
8511,2.016291754935655e-13,3.500329038874712e-17,2.691092500433893e-17
8512,2.021772103416967e-13,3.789915113616029e-17,2.93352981572316e-17
8513,2.01163763814653e-13,3.32182635514429e-17,2.518776070403924e-17
8514,1.981922844409312e-13,3.286397297657898e-17,2.481774259977009e-17
8515,2.006524330223489e-13,3.74442483196834e-17,2.946208421638598e-17
8516,1.972226766589714e-13,3.318713517287695e-17,2.532986214491358e-17
8517,2.009712119862002e-13,3.583498791012731e-17,2.759262261777817e-17
8518,2.026672881784249e-13,3.5965182735512e-17,2.790525533760386e-17
8519,2.029953151213027e-13,3.784626040471519e-17,2.937442256370679e-17
8520,2.021323757631382e-13,3.305390874973322e-17,2.525550366279086e-17
8521,2.035154659211498e-13,3.710861966887995e-17,2.810972856846046e-17
8522,2.033278960902574e-13,3.609315048539671e-17,2.774298505566419e-17
8523,2.02612969307089e-13,3.728246283857492e-17,2.79563579797732e-17
8524,2.013512142246783e-13,3.486363769997822e-17,2.635962192393174e-17
8525,2.027638482299232e-13,3.780333208656717e-17,2.882417732428679e-17
8526,2.029319306255446e-13,3.910279483123075e-17,3.004924586269101e-17
8527,2.032681037681599e-13,3.785822324782238e-17,2.952495255267739e-17
8528,1.975787144982046e-13,3.155515185615479e-17,2.323526524553594e-17
8529,2.0133621441204e-13,3.756372445214045e-17,2.969513257942734e-17
8530,2.023294935954924e-13,3.56284961425256e-17,2.670438232071291e-17
8531,2.019303148461057e-13,3.516030283982328e-17,2.70199160944037e-17
8532,2.024424215561665e-13,3.846721778282565e-17,3.017208966371266e-17
8533,2.038475337208265e-13,3.890588702912373e-17,3.079461746814096e-17
8534,2.032161434623957e-13,3.50198266249748e-17,2.698535897782735e-17
8535,2.013157450898359e-13,3.639433374076651e-17,2.845167660692841e-17
8536,1.995078893547551e-13,3.196464842685999e-17,2.398051632378071e-17
8537,1.998699976751012e-13,3.274722879952101e-17,2.466861217737112e-17
8538,2.007134567919624e-13,3.795363414408625e-17,2.922862876544775e-17
8539,2.021196782070042e-13,3.656785030839834e-17,2.798117942587678e-17
8540,2.036578363965611e-13,3.566314340185486e-17,2.710325727129198e-17
8541,2.020729732043672e-13,3.535143151274673e-17,2.671599505489397e-17
8542,2.016365454006123e-13,3.662442399955963e-17,2.789166244728783e-17
8543,2.028212771699893e-13,3.694945202582036e-17,2.85738583304103e-17
8544,2.003021887961621e-13,3.216835295909773e-17,2.406152356480758e-17
8545,2.017171321440386e-13,3.408542791362766e-17,2.586409639779918e-17
8546,1.993543174879214e-13,3.618391780775229e-17,2.723132323353054e-17
8547,2.004800726436117e-13,3.873495139557658e-17,3.063755797490923e-17
8548,2.038479972608813e-13,3.810770996573908e-17,3.001545594947297e-17
8549,1.994277395147682e-13,3.413387374553194e-17,2.582295915674041e-17
8550,2.027810331353267e-13,3.651476653841159e-17,2.763861813699612e-17
8551,2.019230376555968e-13,3.728672008393348e-17,2.814820640370117e-17
8552,2.027626684167123e-13,3.691063403132968e-17,2.862565746209554e-17
8553,2.024732736948298e-13,3.515280121449748e-17,2.691955255340438e-17
8554,2.034002626967112e-13,3.739153513841237e-17,2.94642476790081e-17
8555,2.023008092462022e-13,3.432242076347776e-17,2.63254458273579e-17
8556,2.012820465086932e-13,3.502705717459203e-17,2.61416698872799e-17
8557,2.023379761862631e-13,3.671072956701784e-17,2.865534499907769e-17
8558,2.005932114639056e-13,3.605839335623191e-17,2.680203289862649e-17
8559,2.026721837079294e-13,3.843301347937002e-17,3.049743861458167e-17
8560,2.02295122086824e-13,3.56179855744317e-17,2.676230641117915e-17
8561,1.993321971382173e-13,3.197496958761421e-17,2.345910543068861e-17
8562,2.012695867635382e-13,3.795218786229923e-17,2.9830918425617e-17
8563,2.041218565399185e-13,3.699519293107202e-17,2.831593961155713e-17
8564,1.958423355809801e-13,3.140512173907734e-17,2.254127234092473e-17
8565,2.014544915547999e-13,3.7869553008854e-17,2.908183715796767e-17
8566,1.991789615533223e-13,3.441727636505884e-17,2.597225300116589e-17
8567,2.026731576961693e-13,3.856017845338419e-17,3.019838967745292e-17
8568,2.031990437008665e-13,3.756047827670985e-17,2.917946406419439e-17
8569,2.01759248310673e-13,3.568404581171601e-17,2.731964536560095e-17
8570,2.025195990535963e-13,3.511779418458465e-17,2.633362903291547e-17
8571,2.033286238960823e-13,3.854432526997285e-17,3.022826065291671e-17
8572,2.032717647528676e-13,3.990322587972838e-17,3.119892907164286e-17
8573,2.04657504702358e-13,3.686697708097936e-17,2.933519185090857e-17
8574,2.042625666270195e-13,3.579170622685088e-17,2.718183901087173e-17
8575,2.034726776019368e-13,3.674749587248846e-17,2.836127563626576e-17
8576,2.02158395812634e-13,3.254428441807502e-17,2.454130652837905e-17
8577,2.007220474276763e-13,3.262225830107801e-17,2.43454511487166e-17
8578,1.994774941126673e-13,3.249025535405541e-17,2.409144379519593e-17
8579,2.012595548150788e-13,3.67441717895163e-17,2.754312988587525e-17
8580,2.018311701739303e-13,3.604106225838732e-17,2.816494279737276e-17
8581,1.998084371906055e-13,3.158249052430009e-17,2.327298336116688e-17
8582,2.011450880688515e-13,2.975492664583677e-17,2.141067427805541e-17
8583,2.019740504605152e-13,3.488895587616789e-17,2.68875148533626e-17
8584,2.027448719162138e-13,3.612466754099877e-17,2.755579809935766e-17
8585,2.022675940841399e-13,3.731140813946221e-17,2.863039931097046e-17
8586,2.020804733840496e-13,3.39030887761024e-17,2.58083217210042e-17
8587,1.98696091401362e-13,3.184041793955878e-17,2.3659320510163e-17
8588,2.017861205061454e-13,3.5298049644397e-17,2.686146322209541e-17
8589,2.024347549521858e-13,3.486825834204562e-17,2.675514214614345e-17
8590,2.049190754744905e-13,3.812249203357998e-17,2.927905561618939e-17
8591,2.0255740321593e-13,3.769415953827639e-17,2.981314029293093e-17
8592,2.037512239333825e-13,3.575173238107224e-17,2.763143212603916e-17
8593,2.048076715879126e-13,3.843798356057618e-17,2.9915897993119e-17
8594,2.018848434967e-13,3.431689427105087e-17,2.610749891750704e-17
8595,2.011773482276261e-13,3.455687010204721e-17,2.617692205497077e-17
8596,2.024157122751588e-13,3.753446044753661e-17,2.871790833538709e-17
8597,2.043185195447311e-13,3.792523282629335e-17,2.983332784878273e-17
8598,1.991420252051935e-13,3.149011039253778e-17,2.310143358302906e-17
8599,2.014062289710053e-13,3.561182620841284e-17,2.617138405127149e-17
8600,2.033721846056629e-13,3.792798852174568e-17,2.959933489804821e-17
8601,2.04961359698079e-13,3.866429171656895e-17,3.025500151468032e-17
8602,2.037712512472765e-13,3.796720208203053e-17,3.015694979674418e-17
8603,2.048500629636248e-13,3.733748917943785e-17,2.906275318223619e-17
8604,2.015382920443573e-13,3.593503761597567e-17,2.73336389464814e-17
8605,2.025157999690356e-13,3.764933334562895e-17,2.945734727499811e-17
8606,2.028452483330937e-13,3.869086081019356e-17,2.986172525277011e-17
8607,2.046513552631546e-13,3.620638179725514e-17,2.749528544146444e-17
8608,2.018393066153522e-13,3.742104173566992e-17,2.880103546122793e-17
8609,2.037421643442691e-13,3.71549884586707e-17,2.843507181242968e-17
8610,2.010484713860181e-13,3.471526711970698e-17,2.627363420154907e-17
8611,2.021974278762852e-13,3.58349728553108e-17,2.752751175011009e-17
8612,2.011880849855407e-13,3.510834424323835e-17,2.660217114942043e-17
8613,1.99668676456449e-13,3.626619878636736e-17,2.78541288084951e-17
8614,2.018156842399281e-13,3.664120521483351e-17,2.757374509698105e-17
8615,2.02790624668005e-13,3.585374661423232e-17,2.683186951829642e-17
8616,2.021732568407572e-13,3.623300978512422e-17,2.760041500528147e-17
8617,2.031402667313827e-13,3.793652025229561e-17,2.952178793900475e-17
8618,2.020011157545199e-13,3.325453015322872e-17,2.513731591626319e-17
8619,2.013774535102458e-13,3.57387600309871e-17,2.741779445484919e-17
8620,2.037002852838882e-13,3.712900013737099e-17,2.93000653818989e-17
8621,2.011135334769237e-13,3.332583085801044e-17,2.500003119965523e-17
8622,2.023793460373712e-13,3.226681377869266e-17,2.424458791790883e-17
8623,2.002541606564644e-13,3.12897615200746e-17,2.271577102735694e-17
8624,2.02866438111664e-13,3.89706461975014e-17,3.05916499572008e-17
8625,2.022402346487714e-13,3.765452250213395e-17,2.901177695084132e-17
8626,2.01013884919789e-13,3.242124186788902e-17,2.390959505642155e-17
8627,2.031400455466575e-13,3.727265471125569e-17,2.914477157340305e-17
8628,2.033700857075905e-13,3.622033323602122e-17,2.758862902665395e-17
8629,2.009921031430082e-13,3.481276312260865e-17,2.662037874272918e-17
8630,2.027132451789596e-13,3.754489819190708e-17,2.928460829090584e-17
8631,2.036018733481079e-13,3.663125391445625e-17,2.860322786764646e-17
8632,2.043565039550165e-13,3.851552662172113e-17,2.987651023802745e-17
8633,2.038204927837381e-13,3.875345016972224e-17,3.101239057984545e-17
8634,2.043755759383393e-13,3.916011887445515e-17,3.055987556651547e-17
8635,2.019193122762886e-13,3.646735265660813e-17,2.78453820203552e-17
8636,2.029791215815149e-13,3.821553020858925e-17,2.964096570098712e-17
8637,2.013068726078347e-13,3.826788511826016e-17,2.973606980079028e-17
8638,2.028068400718369e-13,3.699858080020713e-17,2.851936891364467e-17
8639,2.022666675908835e-13,3.784732628653529e-17,2.887981225141902e-17
8640,2.00620220290844e-13,3.229091870596422e-17,2.34837468193999e-17
8641,2.021638964492454e-13,3.851905333415689e-17,3.014684459655755e-17
8642,1.999651786177867e-13,3.266915768836914e-17,2.474350787567125e-17
8643,2.019101071601179e-13,3.421391559552034e-17,2.613542308744099e-17
8644,2.010896144008038e-13,3.430732508724566e-17,2.568464518034987e-17
8645,2.031822209704189e-13,3.679306972248096e-17,2.869799707511783e-17
8646,2.003782825236744e-13,3.656694556036199e-17,2.812360204384116e-17
8647,2.010356239315228e-13,3.601622425882223e-17,2.704744612679147e-17
8648,1.992538378275106e-13,3.467111592347437e-17,2.617374033819807e-17
8649,2.045313930403608e-13,3.830909797387948e-17,2.944619209189563e-17
8650,2.014488289592413e-13,3.536704901493838e-17,2.648606424441663e-17
8651,1.990661078772301e-13,3.194729344342979e-17,2.364334936565453e-17
8652,1.987396718771119e-13,3.217800878238699e-17,2.407835425871973e-17
8653,1.983956489583298e-13,3.137052953329164e-17,2.274155669990154e-17
8654,2.014215908833618e-13,3.364063237845039e-17,2.560346588011928e-17
8655,2.02853993173267e-13,3.677570014993785e-17,2.824634743519413e-17
8656,2.004510391605482e-13,3.213989378913984e-17,2.36774074943623e-17
8657,2.017560015716042e-13,3.752237315224995e-17,2.961644763573327e-17
8658,1.986754889826047e-13,3.213741675704796e-17,2.383623825671173e-17
8659,2.03956628856642e-13,3.771175339008529e-17,2.870829414924869e-17
8660,2.045567608764939e-13,3.886722062893885e-17,3.04602522471722e-17
8661,2.030747479495511e-13,3.839799298365116e-17,3.02619176199413e-17
8662,1.986673212937572e-13,3.076631986957928e-17,2.25933863505173e-17
8663,2.011081887413795e-13,3.68235762442557e-17,2.869525550104412e-17
8664,2.027732986030865e-13,3.85218916750757e-17,3.088253200396654e-17
8665,2.002721976802571e-13,3.079913959223651e-17,2.263439287101262e-17
8666,2.001572022758397e-13,3.484127191233738e-17,2.664063638900334e-17
8667,2.043837759793512e-13,3.721140472137018e-17,2.846793730535722e-17
8668,2.024263952946237e-13,3.478126189957518e-17,2.596071326467021e-17
8669,2.007063022989176e-13,3.491203236033042e-17,2.648088615311038e-17
8670,2.022188948113329e-13,3.581225512334369e-17,2.765569022579669e-17
8671,2.016778965852739e-13,3.576853889258042e-17,2.711029156034847e-17
8672,2.018600794246828e-13,3.742892795804863e-17,2.851250797056887e-17
8673,1.991111706551654e-13,3.02414164150846e-17,2.157087207676779e-17
8674,2.025672106065121e-13,3.852825962824745e-17,3.047778822887841e-17
8675,2.018780076812515e-13,3.593425551280976e-17,2.716973549887872e-17
8676,2.036246146888283e-13,3.623351775470947e-17,2.79129603427311e-17
8677,2.016650353622994e-13,3.416147220182715e-17,2.59587027863573e-17
8678,2.051503809498873e-13,3.778447565070358e-17,2.927172403698228e-17
8679,1.996684304846993e-13,3.552308792516309e-17,2.695779726134938e-17
8680,2.033053026240071e-13,3.883275129952162e-17,3.054051954203919e-17
8681,2.021395038502963e-13,3.60239440639151e-17,2.815667353073774e-17
8682,1.997568598617371e-13,3.049631948618856e-17,2.241806951762667e-17
8683,1.971520304064423e-13,3.13079034701596e-17,2.308143409291151e-17
8684,2.020517919991204e-13,3.697316443738559e-17,2.892933283754158e-17
8685,2.033179706807354e-13,3.778435530355241e-17,2.940560789822905e-17
8686,2.00507516985856e-13,3.226365455310237e-17,2.410622171299502e-17
8687,2.035738011719882e-13,3.607074444147032e-17,2.752945897937605e-17
8688,2.055567562250532e-13,3.803216105248236e-17,3.000534051937573e-17
8689,2.009317013374839e-13,3.597285607008693e-17,2.69927520887994e-17
8690,2.024482243632465e-13,3.589603886756799e-17,2.772107094839362e-17
8691,2.035470174320982e-13,3.871920374953582e-17,3.059403758638575e-17
8692,1.998240851023643e-13,3.073066187166204e-17,2.23333487506851e-17
8693,2.022231843609745e-13,3.912559693406911e-17,3.14157200760542e-17
8694,2.021296550915784e-13,3.851478487772876e-17,3.00862708976481e-17
8695,2.01281460934519e-13,3.439172453562619e-17,2.608443646300388e-17
8696,2.035313613282196e-13,3.728705865654211e-17,2.857932128949444e-17
8697,2.014001238755844e-13,3.33867391409261e-17,2.519394176115087e-17
8698,2.016085100633253e-13,3.680231489808377e-17,2.855779550862849e-17
8699,2.005131498036299e-13,3.268853104541281e-17,2.435732423828537e-17
8700,1.992698484948087e-13,3.060530745272245e-17,2.211242698310208e-17
8701,2.018537927144939e-13,3.707228135212434e-17,2.901378296977151e-17
8702,2.021383618640384e-13,3.577599552640335e-17,2.681094624010808e-17
8703,2.001653739196766e-13,3.449951882497724e-17,2.630918236787535e-17
8704,2.025499356931241e-13,3.549027672901079e-17,2.708210000209018e-17
8705,1.994635207777746e-13,3.280041182698715e-17,2.438123864404846e-17
8706,2.018597574416484e-13,3.755057972268036e-17,2.92852971910776e-17
8707,2.030422876073708e-13,3.460984104416831e-17,2.651084550057036e-17
8708,2.022819770375595e-13,3.595222681907799e-17,2.704213507169249e-17
8709,2.017703836585376e-13,3.814470494656856e-17,3.046716529625333e-17
8710,2.023314091771733e-13,3.831034582125823e-17,3.018352903769825e-17
8711,2.003895956868086e-13,3.055487104862653e-17,2.209135504054692e-17
8712,2.013159442274389e-13,3.715173845269262e-17,2.853508561882569e-17
8713,2.005406048434058e-13,3.2200988820891e-17,2.425764840409234e-17
8714,2.042646254234557e-13,3.860594252502077e-17,3.081671463618588e-17
8715,2.010099567977431e-13,3.601279924677907e-17,2.758907677900389e-17
8716,2.027144792622991e-13,3.872377248900478e-17,3.062966366939167e-17
8717,2.023067913030819e-13,3.573147197949792e-17,2.754194290622767e-17
8718,2.015021276013136e-13,3.535514971058911e-17,2.746816808135535e-17
8719,2.037230147082282e-13,3.813923993412415e-17,3.010128220402431e-17
8720,2.025879362995551e-13,3.834792222626228e-17,2.903396466777601e-17
8721,2.029314871576252e-13,3.603023243050781e-17,2.713055937019754e-17
8722,2.011365411574639e-13,3.265161412273397e-17,2.443884035999783e-17
8723,2.040112341850756e-13,3.843184625963446e-17,3.01346021992964e-17
8724,2.044314165351046e-13,3.67705404613696e-17,2.861817062015143e-17
8725,2.045270141924759e-13,3.70587376148602e-17,2.834708487390923e-17
8726,2.022426200265128e-13,3.705040152280472e-17,2.834734052081695e-17
8727,2.00971235265965e-13,3.686399851623302e-17,2.806506725891687e-17
8728,2.006708837663713e-13,3.385724062432087e-17,2.582107934348559e-17
8729,2.049123708069415e-13,3.778450573021475e-17,2.952386616500723e-17
8730,2.025684070422149e-13,3.410660550185656e-17,2.55940078204356e-17
8731,2.022611556034275e-13,3.64735677963866e-17,2.812548814747905e-17
8732,2.02335938816239e-13,3.678967958202545e-17,2.821131059517423e-17
8733,2.03389682707604e-13,3.702020176026148e-17,2.844010044266399e-17
8734,2.02522346527294e-13,3.555248907304638e-17,2.736705621559275e-17
8735,2.045269273382003e-13,3.855463044518026e-17,3.025964950735764e-17
8736,2.019304186025062e-13,3.76919016132974e-17,2.960193918094097e-17
8737,2.031153675803018e-13,3.658099299228245e-17,2.822133875187547e-17
8738,2.035205541717447e-13,3.873293334314968e-17,3.034076676070638e-17
8739,2.053980938943854e-13,3.963212620806861e-17,3.120094519525813e-17
8740,2.032131389557683e-13,3.362994372002039e-17,2.581653132342696e-17
8741,2.007700514286468e-13,3.675559914963514e-17,2.832993740339992e-17
8742,2.02208305786191e-13,3.595380297124865e-17,2.724376959204574e-17
8743,2.051621108477707e-13,3.862089640804484e-17,3.015089544282556e-17
8744,2.009896047997851e-13,3.412818190192846e-17,2.569676443894583e-17
8745,2.012139664009966e-13,3.818698670769691e-17,2.999411915559506e-17
8746,2.026678239089487e-13,3.935280573306992e-17,3.1031796349995e-17
8747,2.019697752499045e-13,3.67767938853007e-17,2.833659654113151e-17
8748,2.069428901223342e-13,3.816036041240317e-17,3.01128744357398e-17
8749,2.042200683850864e-13,3.894678031561653e-17,3.053186202955001e-17
8750,1.998944123888864e-13,3.09044092844389e-17,2.231086451458292e-17
8751,2.032396999999114e-13,3.653711002710815e-17,2.87780794037517e-17
8752,2.005825834280726e-13,3.266536304981616e-17,2.453154801406171e-17
8753,2.009615860360856e-13,3.533296527456335e-17,2.740923286308665e-17
8754,2.014485369671648e-13,3.601009807959998e-17,2.763622402722068e-17
8755,2.019142830169812e-13,3.463854673547713e-17,2.681728437809606e-17
8756,2.025071747516167e-13,3.706469124717606e-17,2.829708888970071e-17
8757,2.022682730381966e-13,3.566991593096699e-17,2.729749229214038e-17
8758,2.016315494640341e-13,3.450046219629051e-17,2.603407568802175e-17
8759,2.014350955244247e-13,3.513635425222829e-17,2.708704468654316e-17
8760,1.995490717213091e-13,3.353675475824077e-17,2.587755309011931e-17
8761,2.035200190167885e-13,3.63249710320677e-17,2.755828850282875e-17
8762,2.041034932595962e-13,3.896320400962814e-17,3.054011308974652e-17
8763,2.026906125302256e-13,3.952327715489399e-17,3.082068540918754e-17
8764,2.024497488072608e-13,3.743448222312934e-17,2.871297359993338e-17
8765,2.015889855986197e-13,3.490127221436727e-17,2.675210666977741e-17
8766,2.020597192474352e-13,3.696401399117462e-17,2.85739440002426e-17
8767,2.026332043883378e-13,3.757091907184504e-17,2.894244159038328e-17
8768,2.026873595865633e-13,3.585735901545342e-17,2.69364826953418e-17
8769,2.01755938758247e-13,3.797460620641884e-17,3.042165663359595e-17
8770,2.02418057331821e-13,3.252902446828279e-17,2.437953977897943e-17
8771,2.007093973803195e-13,3.604389773265679e-17,2.764250016029429e-17
8772,2.018067186463916e-13,3.517419432263547e-17,2.655005731852807e-17
8773,2.006154775337768e-13,3.734242390236901e-17,2.918980952817828e-17
8774,2.01924452648979e-13,3.645248887978466e-17,2.779197638183041e-17
8775,2.011284209673618e-13,3.460134525097685e-17,2.655293945792272e-17
8776,2.035736735251446e-13,3.53707653723039e-17,2.682661183025772e-17
8777,2.019008225504161e-13,3.096594181189206e-17,2.257512752101302e-17
8778,2.039377750635883e-13,3.646991186304774e-17,2.805833888365033e-17
8779,2.011765696238874e-13,3.679943026230122e-17,2.822865677355732e-17
8780,2.027755807987411e-13,3.724354002083763e-17,2.842982738205187e-17
8781,1.983466019173119e-13,2.995555966856937e-17,2.160720487513882e-17
8782,2.004506090071746e-13,3.638194599592291e-17,2.763420280252646e-17
8783,2.017624919486992e-13,3.905546923511941e-17,3.078590158836988e-17
8784,2.011112735039457e-13,3.297255536909113e-17,2.505075796216091e-17
8785,2.00830009884124e-13,3.508778265767626e-17,2.660193918841437e-17
8786,2.019337699744935e-13,3.748487753971294e-17,2.879719245279029e-17
8787,2.024713431759791e-13,3.654993701776517e-17,2.810902113084861e-17
8788,1.979995878440669e-13,3.078692075260546e-17,2.243769479188789e-17
8789,2.041498149580539e-13,3.644205279820617e-17,2.876163625443072e-17
8790,2.020862193666847e-13,3.674066539407695e-17,2.800015408174974e-17
8791,2.038677503788971e-13,3.744328139581674e-17,2.876247352045872e-17
8792,2.010450137860755e-13,3.50419396848166e-17,2.58545298169928e-17
8793,2.035234371458367e-13,3.596788595063622e-17,2.655115122311461e-17
8794,2.011403285388173e-13,3.180142586364125e-17,2.374813515763423e-17
8795,2.010462676844887e-13,3.529827011816043e-17,2.665278350588031e-17
8796,2.008001249334763e-13,3.4744468260417e-17,2.665911997938406e-17
8797,2.036760896444139e-13,3.769310734800671e-17,2.908568650687858e-17
8798,2.036535730421409e-13,3.915312724364528e-17,3.069644316117819e-17
8799,2.03408129278448e-13,3.768494757011545e-17,2.879852440502062e-17
8800,2.026125996071201e-13,3.616747101538368e-17,2.800476966809014e-17
8801,2.034156535579849e-13,3.891007284448518e-17,3.115806410270416e-17
8802,2.023791530391556e-13,3.553362451072267e-17,2.704273340740591e-17
8803,2.019493892382854e-13,3.685666100404329e-17,2.843241692556109e-17
8804,2.03272168545497e-13,3.939640766067538e-17,3.104921694348109e-17
8805,2.020484299208239e-13,3.749635370529821e-17,2.916875755808009e-17
8806,1.979793954651671e-13,3.058166580542831e-17,2.249041546029193e-17
8807,1.987916890813046e-13,3.420788580780502e-17,2.623704923483253e-17
8808,2.005561581476553e-13,3.664030451259716e-17,2.809659643296593e-17
8809,2.020484513961404e-13,3.770546886216279e-17,3.006690678360247e-17
8810,2.016872795142063e-13,3.555007545719446e-17,2.630401544127136e-17
8811,2.016769536526038e-13,3.115418798666662e-17,2.313194424773822e-17
8812,2.010947530530613e-13,3.616586311989451e-17,2.738919327440004e-17
8813,2.045268839173324e-13,3.751975308992483e-17,2.966598774417777e-17
8814,2.029489212185824e-13,3.830262406873911e-17,3.005410991273186e-17
8815,2.049202399078837e-13,3.775811950038811e-17,2.951815272846071e-17
8816,2.026856241537714e-13,3.706835107401362e-17,2.811918837385573e-17
8817,2.054016952395083e-13,3.768643859972324e-17,2.82787772184065e-17
8818,2.028028534136909e-13,3.788258498524531e-17,3.00576924473252e-17
8819,2.025268884664519e-13,3.489673512277465e-17,2.659227104631726e-17
8820,2.041228078352469e-13,3.808588053766531e-17,2.958412662680225e-17
8821,2.022678422264941e-13,3.645393267161429e-17,2.839969792078371e-17
8822,2.032489102673492e-13,3.834570733656029e-17,3.010947832202644e-17
8823,2.023096919504841e-13,3.669922693518566e-17,2.821611078696284e-17
8824,2.012188208231891e-13,3.174885010080739e-17,2.35178738397494e-17
8825,2.01815387297218e-13,3.71445160166745e-17,2.919490215475136e-17
8826,2.027334781209529e-13,3.684810143078093e-17,2.853209032022539e-17
8827,2.008800138808451e-13,3.173877287465076e-17,2.367731809483984e-17
8828,2.003376390589087e-13,3.576447924261907e-17,2.727614329181916e-17
8829,2.023800945623748e-13,3.770289422387631e-17,2.980526308171379e-17
8830,2.044424054693623e-13,3.556982755750511e-17,2.745209376319284e-17
8831,2.001588677013067e-13,3.65961280005003e-17,2.870101091725025e-17
8832,2.011032870749955e-13,3.383493118173881e-17,2.590742983137271e-17
8833,2.006736449935008e-13,3.433009241360007e-17,2.548916389741027e-17
8834,1.995488127296941e-13,3.379769733963802e-17,2.526161317144881e-17
8835,2.015056567823008e-13,3.637427177021601e-17,2.715814175971858e-17
8836,1.972310696467866e-13,3.072990372346345e-17,2.241032989000903e-17
8837,2.020256880697418e-13,3.79729569550286e-17,2.951919836165078e-17
8838,2.009284620444287e-13,3.556974919441336e-17,2.753705866170837e-17
8839,2.035142194687502e-13,3.890351302583041e-17,3.007747067881985e-17
8840,2.022151731174127e-13,3.620663559014807e-17,2.808100027123557e-17
8841,2.025437155155373e-13,3.621420191206029e-17,2.803365178829685e-17
8842,2.022678859332649e-13,3.902801742536773e-17,3.09998659702646e-17
8843,2.006291809061598e-13,3.212243788273069e-17,2.403901487926644e-17
8844,2.024042065376475e-13,3.675394769190641e-17,2.873408668009107e-17
8845,2.042352262129682e-13,3.853961101166705e-17,3.016225570338157e-17
8846,2.011465470523994e-13,3.542525037571565e-17,2.654833543497563e-17
8847,2.017451781362224e-13,3.686569577164631e-17,2.863753388469414e-17
8848,2.010016571810329e-13,3.604535783257358e-17,2.806306385076979e-17
8849,2.02119029253937e-13,3.659460406196122e-17,2.869570214599423e-17
8850,2.024339094935773e-13,3.826124314657985e-17,2.996790857116062e-17
8851,2.019263471001823e-13,3.848742315454772e-17,2.957859131646724e-17
8852,1.997025021703119e-13,3.479620058326572e-17,2.668633994590939e-17
8853,2.01226688872059e-13,3.368901522191221e-17,2.521919551151205e-17
8854,1.995664057752058e-13,3.549554401541729e-17,2.635858036700195e-17
8855,2.03078205445415e-13,3.732811186923841e-17,2.876689705280089e-17
8856,2.04066785831871e-13,3.773200441260573e-17,3.017824373099929e-17
8857,2.02252258734415e-13,3.433748707127666e-17,2.613829303325333e-17
8858,2.042407507814034e-13,3.789020560630187e-17,2.960284629980126e-17
8859,2.036921649132159e-13,3.67997157514685e-17,2.83214290297808e-17
8860,2.009141227012249e-13,3.561155159965205e-17,2.690008152789181e-17
8861,2.057349628455319e-13,3.791505274800767e-17,2.936466441017437e-17
8862,2.014532062685175e-13,3.097953090245931e-17,2.244708410275465e-17
8863,2.019394871963053e-13,3.735245661863341e-17,2.846510999376174e-17
8864,2.025230367406564e-13,3.753127744804833e-17,2.873788000783733e-17
8865,2.039537959782462e-13,3.581767024661315e-17,2.74708440433425e-17
8866,2.037781137168958e-13,3.695716950611816e-17,2.872237240424923e-17
8867,2.035416451733891e-13,3.834223418951497e-17,3.014175173713267e-17
8868,2.041060255136557e-13,3.595959180405717e-17,2.742460438510474e-17
8869,2.007476514396247e-13,3.553661135152287e-17,2.732069089590302e-17
8870,1.984744766594079e-13,3.031138589800545e-17,2.25944179746933e-17
8871,2.016622246338506e-13,3.735965958918872e-17,2.846427454790377e-17
8872,2.033219408154523e-13,3.897161455435428e-17,3.069074795205393e-17
8873,2.028156089391351e-13,3.686599489652019e-17,2.81161285956138e-17
8874,2.020341369189606e-13,3.163072389349051e-17,2.321060466076596e-17
8875,2.02510877201015e-13,3.72077326687978e-17,2.876245056628029e-17
8876,2.019145876715443e-13,3.627927255051861e-17,2.714108191459054e-17
8877,2.035824774832554e-13,3.930053381103579e-17,3.087892549985263e-17
8878,2.0172507324234e-13,3.478339496996074e-17,2.680197296907147e-17
8879,2.005998382016113e-13,3.308640926607953e-17,2.503312100603174e-17
8880,2.009769491948782e-13,3.644036598897138e-17,2.829039194536575e-17
8881,2.030225620388531e-13,3.593539886286672e-17,2.768808115863395e-17
8882,2.032841252784488e-13,3.802259488018196e-17,2.986610645143671e-17
8883,2.03450290724319e-13,3.703188316643192e-17,2.816178261465327e-17
8884,2.023000080272974e-13,3.531752078836618e-17,2.729809715650382e-17
8885,2.014444592865807e-13,3.550044466583504e-17,2.726720566199957e-17
8886,2.035222047428034e-13,3.661321515900903e-17,2.770605992225184e-17
8887,2.043334438514306e-13,3.843748195583243e-17,3.023414999342924e-17
8888,2.045610403405363e-13,3.908746141161904e-17,3.086623983805383e-17
8889,2.003589316672031e-13,3.06988469485181e-17,2.269125373444002e-17
8890,1.987725830454479e-13,3.062514602092431e-17,2.230240300441913e-17
8891,1.987591571480482e-13,3.234745695186952e-17,2.421769240193663e-17
8892,2.045774021930859e-13,3.818840881418736e-17,3.011138644031281e-17
8893,2.038752680425417e-13,3.877327507141878e-17,3.099134154273228e-17
8894,2.014648917749679e-13,3.61480085962496e-17,2.780085394536224e-17
8895,2.006272381561846e-13,3.42650030786314e-17,2.591822202288788e-17
8896,2.040505363755052e-13,3.744376905788209e-17,2.90083873495325e-17
8897,2.006928917249074e-13,3.291389375710207e-17,2.518790784945419e-17
8898,2.042479712766253e-13,3.826970177791019e-17,2.927126343581588e-17
8899,1.99089245421615e-13,3.225156021032583e-17,2.40731659977465e-17
8900,2.00784931105661e-13,3.459399054058334e-17,2.668066215667192e-17
8901,2.028233193514574e-13,3.426656515883677e-17,2.556159688941935e-17
8902,2.029439388059613e-13,3.653473228058679e-17,2.818335151236203e-17
8903,2.023084192238636e-13,3.802090316413701e-17,2.96993654927882e-17
8904,2.001330004907081e-13,3.158638961279221e-17,2.360994881178254e-17
8905,2.01113575449468e-13,3.606489661186778e-17,2.686917171526138e-17
8906,1.982495555036893e-13,3.445262794760711e-17,2.665372281785567e-17
8907,2.02448969236719e-13,3.771420130859482e-17,3.001561628689003e-17
8908,2.012015386844844e-13,3.481209467481224e-17,2.611830416226087e-17
8909,2.005240601472075e-13,3.583121281927982e-17,2.664174551830696e-17
8910,2.00472178257823e-13,3.596822507559097e-17,2.679658093095956e-17
8911,2.002101963975225e-13,3.640123986419884e-17,2.796812343901278e-17
8912,2.010217443727641e-13,3.413214858817796e-17,2.614722403830384e-17
8913,2.017312529132615e-13,3.584614329494442e-17,2.726792125416265e-17
8914,2.004105912520762e-13,3.569032982621383e-17,2.72454597380333e-17
8915,2.026409372013989e-13,3.56413543512308e-17,2.704091748760186e-17
8916,2.011155766665755e-13,3.630922830434429e-17,2.777007249837838e-17
8917,2.035814397048236e-13,3.713887570168509e-17,2.877246175864491e-17
8918,2.023719588733288e-13,3.741200989665211e-17,2.865940306713596e-17
8919,2.013689850942374e-13,3.528681353344851e-17,2.649515263088476e-17
8920,2.026547837170615e-13,3.780453632263147e-17,2.976103368450572e-17
8921,2.004870221794258e-13,3.483983771921398e-17,2.65255350531422e-17
8922,1.983499854709249e-13,3.028319473809973e-17,2.174852097322891e-17
8923,2.057759438750372e-13,3.949154283062521e-17,3.116923241282684e-17
8924,2.010030067678689e-13,3.375639126173306e-17,2.567539160177542e-17
8925,2.028331476204711e-13,3.580149265596994e-17,2.774130074586331e-17
8926,1.985613660734243e-13,3.197711684537563e-17,2.409380971027368e-17
8927,2.008330662407375e-13,3.585055079300338e-17,2.762634021832833e-17
8928,2.03081210463658e-13,3.863320825267831e-17,3.035409118034334e-17
8929,2.015073966039522e-13,3.76248154360609e-17,2.911719078812262e-17
8930,1.975295607188697e-13,2.964225490832832e-17,2.120747085642824e-17
8931,2.039398862429436e-13,3.733778200512905e-17,2.86503151511097e-17
8932,2.009362667708337e-13,3.094314295882546e-17,2.277601952503696e-17
8933,1.985549015166167e-13,3.307473566382885e-17,2.386708988211425e-17
8934,2.048850250974177e-13,3.903626337737787e-17,3.082547254638368e-17
8935,2.001161634588483e-13,3.219835520544043e-17,2.395714406063513e-17
8936,2.010237836776482e-13,3.663956149604263e-17,2.858039998628627e-17
8937,2.013555253750324e-13,3.20122582463454e-17,2.36192637691437e-17
8938,1.99359603951951e-13,3.44173437384256e-17,2.635238767880753e-17
8939,2.002515455470073e-13,3.60459312328376e-17,2.794645624535365e-17
8940,2.021132505906001e-13,3.750738742944986e-17,2.973838700652065e-17
8941,2.008490742847515e-13,3.536423615978442e-17,2.674931967132662e-17
8942,1.995396082693445e-13,3.084924422820843e-17,2.2037945138262e-17
8943,2.007567715285393e-13,3.466926265058643e-17,2.628782568073716e-17
8944,1.999949302499302e-13,3.564807518622808e-17,2.737526549175223e-17
8945,2.022814063666983e-13,3.683996300485818e-17,2.873818605091417e-17
8946,2.018985277035605e-13,3.642189392813921e-17,2.768830624645056e-17
8947,2.02780412341182e-13,3.719408313660464e-17,2.932829923254218e-17
8948,2.023359363697633e-13,3.68012577207919e-17,2.872856288779739e-17
8949,2.010204574325086e-13,3.598227555962994e-17,2.730973738682717e-17
8950,2.034100393464675e-13,3.596382631962792e-17,2.81841614392873e-17
8951,2.01479939513952e-13,3.595854774566275e-17,2.739535621713084e-17
8952,2.046496711850346e-13,3.717956023044753e-17,2.855130123403237e-17
8953,2.028317776793588e-13,3.703118983259944e-17,2.818494669678282e-17
8954,2.015136911626759e-13,3.612078886392987e-17,2.745127974240802e-17
8955,2.017174464666323e-13,3.69645426730628e-17,2.851697366533224e-17
8956,1.995134545138709e-13,3.377251971218537e-17,2.519514325477603e-17
8957,2.026399159965545e-13,3.73656933059397e-17,2.861755713282557e-17
8958,2.022001591199805e-13,3.838047148241623e-17,3.007908862450405e-17
8959,2.022730277103904e-13,3.673013342460123e-17,2.868131718929822e-17
8960,2.025524039413106e-13,3.997228413097634e-17,3.189347506425995e-17
8961,2.028957578913183e-13,3.868856557172904e-17,3.062101655062162e-17
8962,1.995710206684943e-13,3.058077396509825e-17,2.264138726321469e-17
8963,2.021397359432183e-13,3.717412490457688e-17,2.873310162018292e-17
8964,2.02184896387071e-13,3.562222829938219e-17,2.662528885275129e-17
8965,2.014384422028403e-13,3.559568293294981e-17,2.732065549159917e-17
8966,2.037740278830647e-13,3.814076641812599e-17,3.041463077255621e-17
8967,1.999874868482962e-13,3.298232680465267e-17,2.500659273119221e-17
8968,2.009589652750315e-13,3.732154315280192e-17,2.89657986139201e-17
8969,2.00300038283848e-13,3.066080269652763e-17,2.225563903161822e-17
8970,1.999578597381284e-13,3.470503619274803e-17,2.659020515198363e-17
8971,2.028550786661254e-13,3.707781785379413e-17,2.842782987981162e-17
8972,1.972414453194364e-13,3.198462798851873e-17,2.381857596508835e-17
8973,2.001813089067354e-13,3.42701114822677e-17,2.603739604908804e-17
8974,2.018435659081964e-13,3.853471068446653e-17,3.045150807455369e-17
8975,2.015567885027402e-13,3.487754461091435e-17,2.690889432883998e-17
8976,1.997687550403074e-13,3.132176305972109e-17,2.338492027356282e-17
8977,2.011369501063763e-13,3.585507134534928e-17,2.696983642637213e-17
8978,2.008377911476861e-13,3.612133159950719e-17,2.755405756938508e-17
8979,2.008832190787318e-13,3.238205916622123e-17,2.39208826658623e-17
8980,2.00488773129971e-13,3.264807428023199e-17,2.444699642139837e-17
8981,1.998973540319982e-13,3.233375415685789e-17,2.403810468933461e-17
8982,2.033296860201448e-13,4.005403155676849e-17,3.1574679809871e-17
8983,2.034501659415196e-13,3.674104018664762e-17,2.871982357934466e-17
8984,2.015850261112759e-13,3.520763502245914e-17,2.633950246098582e-17
8985,1.998780300955371e-13,3.266142405803912e-17,2.442007451600682e-17
8986,2.03596992575203e-13,3.780345923989521e-17,2.955575756101426e-17
8987,1.97472438769494e-13,3.260178300233781e-17,2.447580084559313e-17
8988,2.037074327647895e-13,3.882071734218874e-17,2.996824919611418e-17
8989,2.062388944871913e-13,3.824134794157755e-17,3.013857022748977e-17
8990,2.017528668500233e-13,3.36565514467369e-17,2.54835181063422e-17
8991,2.031250415445393e-13,3.731237066825115e-17,2.859957720156421e-17
8992,2.003006619483068e-13,3.710932302650858e-17,2.908244637950272e-17
8993,2.003991461861586e-13,3.517451431211363e-17,2.703305430029048e-17
8994,2.004095905356819e-13,3.502642017803404e-17,2.689255828119338e-17
8995,2.028399737252546e-13,3.932508876197769e-17,3.106316914510759e-17
8996,2.025273023797914e-13,3.651724209554977e-17,2.762707445691153e-17
8997,1.997118099306206e-13,3.312735717053412e-17,2.445813977644171e-17
8998,2.053146628251638e-13,3.94292500058326e-17,3.083118786131319e-17
8999,2.006288219150081e-13,3.499418098165048e-17,2.657177129983033e-17
9000,2.025476750104049e-13,3.773828722087707e-17,2.881398859190152e-17
9001,2.021056150384273e-13,3.514219382337623e-17,2.611070755912284e-17
9002,2.006694715204152e-13,3.810748331395712e-17,2.935816246432985e-17
9003,2.007733778907215e-13,3.192461559714831e-17,2.301357447811589e-17
9004,2.004177609807333e-13,3.330486926419386e-17,2.444876206958193e-17
9005,2.016577844121545e-13,3.57039767834993e-17,2.673151984754776e-17
9006,2.024671909324339e-13,3.563329051843438e-17,2.738438599755392e-17
9007,2.030206457624784e-13,3.607340043810788e-17,2.734683481974089e-17
9008,2.015693233575827e-13,3.296299391914708e-17,2.486376414153044e-17
9009,2.054364833801012e-13,3.817499135468789e-17,3.039175343320302e-17
9010,2.022114043072048e-13,3.608334720836691e-17,2.709580757259438e-17
9011,2.01832668803927e-13,3.660756392638395e-17,2.854988928908616e-17
9012,2.029168335833668e-13,3.76625893372971e-17,2.899368741610253e-17
9013,2.016910444271069e-13,3.651782539066149e-17,2.782654806044388e-17
9014,2.033903091934725e-13,3.835086389449026e-17,3.03606110963901e-17
9015,2.024299831521544e-13,3.799339984269362e-17,2.961795866995054e-17
9016,2.007510466864134e-13,3.135158632459574e-17,2.305404689547283e-17
9017,2.018012434400862e-13,3.704060767424214e-17,2.828842392189258e-17
9018,2.00862215552073e-13,3.310724928350405e-17,2.497464198979035e-17
9019,2.020542094807421e-13,3.591292260193869e-17,2.679736825433792e-17
9020,2.010102249545507e-13,3.626612009024339e-17,2.737284338290169e-17
9021,2.015024652550844e-13,3.57354254585152e-17,2.692157357976844e-17
9022,2.02720115046942e-13,3.309698143938144e-17,2.516864588221326e-17
9023,2.004853640821001e-13,3.543365958628223e-17,2.632844866656591e-17
9024,2.004191062890582e-13,3.285238093371713e-17,2.506598415013444e-17
9025,2.025836851750054e-13,3.87205578240409e-17,3.032939011117431e-17
9026,2.029763158977466e-13,3.60512545715459e-17,2.837000114621869e-17
9027,2.021418797255299e-13,3.515703648852885e-17,2.698840201578483e-17
9028,2.012317353632828e-13,3.602174161655426e-17,2.728664371190672e-17
9029,2.039794525110493e-13,3.812743041885027e-17,3.022436085706957e-17
9030,2.029246042283969e-13,3.619602143312519e-17,2.748826057004483e-17
9031,2.010298009419589e-13,3.497808234908952e-17,2.591883370764298e-17
9032,2.010202249370654e-13,3.357834025492075e-17,2.547493251324504e-17
9033,2.013765902980736e-13,3.786199834950018e-17,2.97028830292385e-17
9034,2.011639595414852e-13,3.566471382140374e-17,2.729966598941137e-17
9035,2.01923035212883e-13,3.836656925153051e-17,2.998757468180619e-17
9036,2.024382517621992e-13,3.736989810244577e-17,2.929122491490784e-17
9037,2.008904116946641e-13,3.56482626359881e-17,2.770583559661874e-17
9038,2.022281737656758e-13,3.887490015574709e-17,3.058696993454003e-17
9039,2.018896207790439e-13,3.786380156060498e-17,2.937825866578712e-17
9040,2.027967799494074e-13,3.826211644168556e-17,3.012910886455962e-17
9041,2.001164060712396e-13,3.2990542488298e-17,2.504683084142584e-17
9042,2.021276004670666e-13,3.708699156623201e-17,2.889439361251591e-17
9043,2.005879794117021e-13,3.381576104982614e-17,2.577266871383207e-17
9044,2.03145806417558e-13,3.853857017901464e-17,3.05197488941441e-17
9045,2.039868263542761e-13,3.816049860486951e-17,3.014446366456941e-17
9046,2.027178088981462e-13,3.473752462313829e-17,2.66982833986891e-17
9047,2.021759977574989e-13,3.669173025829906e-17,2.858271558303778e-17
9048,2.023174726196693e-13,3.35074564195037e-17,2.521915862683934e-17
9049,2.045891605608739e-13,3.915005163317321e-17,3.093033373225623e-17
9050,2.011223330073023e-13,3.355857942774434e-17,2.495025015593386e-17
9051,2.043057964165938e-13,3.8160804402572e-17,3.024262402953068e-17
9052,2.024703783190748e-13,3.721196727913384e-17,2.929307149533723e-17
9053,2.025348721040875e-13,3.595222042073022e-17,2.809411514320598e-17
9054,2.033883855626233e-13,3.609215256821093e-17,2.743540566731661e-17
9055,2.012031330455385e-13,3.388896442727584e-17,2.572089516876899e-17
9056,2.012685246294441e-13,3.303241674760835e-17,2.471531091105446e-17
9057,2.02872540892275e-13,3.776767859338459e-17,2.886003408896765e-17
9058,2.007935687385363e-13,3.080721636150725e-17,2.19803415263304e-17
9059,2.038846935032846e-13,3.908856352186239e-17,3.104089700179629e-17
9060,2.013050178030802e-13,3.455504808511355e-17,2.660597289976827e-17
9061,2.005205807358871e-13,3.72021952099988e-17,2.908638203655768e-17
9062,2.022812889797542e-13,3.646357952875548e-17,2.808912674015073e-17
9063,1.992690096031879e-13,3.178518634457278e-17,2.367517512791434e-17
9064,2.011120019781312e-13,3.811571385781171e-17,2.974884268318728e-17
9065,2.000003635225641e-13,2.990258280835733e-17,2.181439907810003e-17
9066,2.015574825419341e-13,3.760491060426124e-17,2.88914517412195e-17
9067,2.05149507496625e-13,3.718768342962251e-17,2.880235294009437e-17
9068,2.008705632957625e-13,3.216183813194583e-17,2.401794646197922e-17
9069,2.032190796319727e-13,3.740754360283688e-17,2.925441664669999e-17
9070,2.017116278358328e-13,3.450235239243415e-17,2.578945942627796e-17
9071,1.997263840013161e-13,2.935817913760173e-17,2.130926886537023e-17
9072,2.006079584356021e-13,3.233321240616246e-17,2.393285744871626e-17
9073,2.048114856698332e-13,3.950541860406366e-17,3.109365301832191e-17
9074,1.994770829831187e-13,3.195844376507406e-17,2.384423376138131e-17
9075,2.015030397931579e-13,3.645736450100311e-17,2.846716745804795e-17
9076,1.99656424975217e-13,3.014079876948229e-17,2.18556392159629e-17
9077,1.975925674717604e-13,2.998385543139245e-17,2.136153694974949e-17
9078,2.022676744065385e-13,3.605179738293543e-17,2.757432332824302e-17
9079,2.03130517178445e-13,3.941630108747512e-17,3.073818902065878e-17
9080,2.043108678403014e-13,3.885805242439367e-17,2.997522488300628e-17
9081,1.993523930758552e-13,3.286807513214715e-17,2.437255377891867e-17
9082,1.986425946223466e-13,3.168135586534537e-17,2.339971202032198e-17
9083,2.026480361991963e-13,3.745413884269494e-17,2.838910829070422e-17
9084,2.016062162785738e-13,3.560923779328718e-17,2.683929956064691e-17
9085,2.032703056777806e-13,3.73980527763698e-17,2.892458008863023e-17
9086,2.020147839646145e-13,3.821251315256049e-17,2.973161744897655e-17
9087,2.013034353120101e-13,3.070290681677801e-17,2.266155440188967e-17
9088,2.016744425678946e-13,3.785468753911672e-17,2.915031153332822e-17
9089,2.028937154578043e-13,3.822940727760429e-17,3.017631954593875e-17
9090,2.036917407475006e-13,3.738542151355734e-17,2.867958109434015e-17
9091,2.031962277860398e-13,3.576273812882476e-17,2.680396545822907e-17
9092,2.018282765825602e-13,3.757256629796614e-17,2.926918189709041e-17
9093,2.011415433864126e-13,3.298197941345902e-17,2.507511814509502e-17
9094,2.045391425122787e-13,3.849379395880021e-17,3.001090454900188e-17
9095,2.010031218224477e-13,3.282024925766736e-17,2.432845929699094e-17
9096,2.04555064143411e-13,3.783495638260704e-17,2.873637386080028e-17
9097,2.011014047558538e-13,3.684207804209028e-17,2.824818948787442e-17
9098,2.023041589240897e-13,3.759299249611381e-17,2.847278106750814e-17
9099,2.018631258248551e-13,3.71539193670156e-17,2.85849878388943e-17
9100,2.021239749255343e-13,3.41492350288398e-17,2.561097904582394e-17
9101,2.018820602274642e-13,3.59805087708787e-17,2.734050315489756e-17
9102,1.991784157660405e-13,3.269589703930362e-17,2.435107945965423e-17
9103,1.991649572857478e-13,3.436566927214169e-17,2.539917117281142e-17
9104,2.017864501859854e-13,3.674420709668575e-17,2.789644832342902e-17
9105,2.01201640686595e-13,3.511990477597193e-17,2.689138174603205e-17
9106,2.013260520342e-13,3.804306480911599e-17,3.005120620746995e-17
9107,2.000797690571222e-13,3.217006247882883e-17,2.392219104726308e-17
9108,2.011150034012713e-13,3.553042729982877e-17,2.737250105894226e-17
9109,2.028475154749602e-13,3.494005404304749e-17,2.596237922046949e-17
9110,2.037859733980915e-13,3.75936240149009e-17,2.994704497749139e-17
9111,2.013367967484898e-13,3.771174321804919e-17,2.94611833439106e-17
9112,2.022364824635633e-13,3.364114850089462e-17,2.516619969892345e-17
9113,2.026703341898696e-13,3.785445094070461e-17,2.956770537096559e-17
9114,2.012560092448363e-13,3.277705021207313e-17,2.432512268368131e-17
9115,2.016588962657569e-13,3.146518564890841e-17,2.238486610394017e-17
9116,2.026337098018741e-13,3.601829753164726e-17,2.731493010109107e-17
9117,2.032337726946809e-13,3.771452503927036e-17,2.924706506728322e-17
9118,2.031442250838929e-13,3.603757435029783e-17,2.797328449761604e-17
9119,2.013071465077784e-13,3.769097557116704e-17,2.921586671201323e-17
9120,2.0219436038827e-13,3.799295191435103e-17,2.968880748317082e-17
9121,2.047991151313825e-13,3.728264282827773e-17,2.841629362932399e-17
9122,2.018984499129068e-13,3.493042778178337e-17,2.634189558926386e-17
9123,1.998647855533358e-13,3.483705565532604e-17,2.634374939012971e-17
9124,2.005076695225489e-13,3.253565095024173e-17,2.480988726105353e-17
9125,1.987117784416843e-13,3.177249092330526e-17,2.348115644804838e-17
9126,2.02846525157655e-13,3.598633514054803e-17,2.712936143839266e-17
9127,2.010469569912381e-13,3.500203284282018e-17,2.677971611884362e-17
9128,2.010712708828888e-13,3.559121290064477e-17,2.635086044717542e-17
9129,2.039837619234151e-13,3.799190085246493e-17,2.943024971203025e-17
9130,2.02232189063011e-13,3.183106912459831e-17,2.374159199160605e-17
9131,2.024209887513982e-13,3.836392623198097e-17,2.987197182649004e-17
9132,2.017961112068493e-13,3.505092633535517e-17,2.692637499064452e-17
9133,2.02486389481687e-13,3.56861748187023e-17,2.716996212324643e-17
9134,2.008522644376279e-13,3.183040166337601e-17,2.330331478481885e-17
9135,1.985650202428602e-13,3.176557410459718e-17,2.332963807967771e-17
9136,2.023659354006629e-13,3.614167874243821e-17,2.739463361707625e-17
9137,1.989892736162004e-13,3.20024950059488e-17,2.378465587688404e-17
9138,2.015630369947407e-13,3.598880179516624e-17,2.804155070076018e-17
9139,2.012758888384973e-13,3.32763596192086e-17,2.525910074520651e-17
9140,2.002006331930513e-13,3.640111872372701e-17,2.832763705099545e-17
9141,2.027685224856713e-13,3.547081548395069e-17,2.624056574781796e-17
9142,2.001044539779393e-13,3.394001457050247e-17,2.574734921532847e-17
9143,1.995361909327989e-13,3.255148728574234e-17,2.440167912095277e-17
9144,2.024803337208087e-13,3.498241031945929e-17,2.723902368789428e-17
9145,2.019374419727306e-13,3.615844824066369e-17,2.809732891162274e-17
9146,2.02219236358649e-13,3.60695233182354e-17,2.825877600626867e-17
9147,2.040794616631504e-13,3.749837852024227e-17,2.908112170524492e-17
9148,2.028648513007022e-13,3.85226603425574e-17,3.007704882987881e-17
9149,2.007952798119041e-13,3.253374251990688e-17,2.429781854393803e-17
9150,2.006185916440195e-13,3.506724476681547e-17,2.642375595799376e-17
9151,2.011502183734982e-13,3.813497329685071e-17,3.009370708620307e-17
9152,2.021827006205996e-13,3.727278474815543e-17,2.927050080420481e-17
9153,2.003692601144708e-13,3.400931630790523e-17,2.583722552079648e-17
9154,2.011150796244752e-13,3.390288684451728e-17,2.61118700845932e-17
9155,2.007121653763242e-13,3.436439138281944e-17,2.63833004467605e-17
9156,1.951173543884233e-13,3.185583143175995e-17,2.374968719204437e-17
9157,2.01945866658143e-13,3.677736276289235e-17,2.906182229421619e-17
9158,2.002625498723683e-13,3.406666084276489e-17,2.613102011916181e-17
9159,2.003032800910927e-13,3.63498510214458e-17,2.818898636277999e-17
9160,2.027885810031024e-13,3.773676646002047e-17,2.857936396500187e-17
9161,2.034796514783656e-13,3.814917993340483e-17,2.972672568009502e-17
9162,1.994713104215504e-13,3.599806303551255e-17,2.75719740410852e-17
9163,2.007773792289756e-13,3.632784437995312e-17,2.819925107660275e-17
9164,1.993023448920967e-13,3.331887337383395e-17,2.53289915228653e-17
9165,1.996058265789523e-13,2.969982125754148e-17,2.136981151511674e-17
9166,2.034515212413967e-13,3.830818671445391e-17,2.994030030259888e-17
9167,2.019160682445191e-13,3.332403273546203e-17,2.491688352328929e-17
9168,2.034098235926423e-13,3.786012051751632e-17,2.963212967307194e-17
9169,2.037013447232226e-13,3.704304591044894e-17,2.819672061991455e-17
9170,2.033435927823087e-13,3.758005350746411e-17,2.928972348853489e-17
9171,2.019158469983498e-13,3.749789044560955e-17,2.901760457818111e-17
9172,2.048569271097884e-13,3.854240618328368e-17,2.980299238677659e-17
9173,2.021249984727757e-13,3.306006895104022e-17,2.514172243350163e-17
9174,2.031194063680669e-13,3.749458720930395e-17,2.934053685431076e-17
9175,2.027178543755084e-13,3.813385376942813e-17,2.954509422454058e-17
9176,2.017712997602286e-13,3.676451602755343e-17,2.852497932613089e-17
9177,2.009494857134446e-13,3.071699128668785e-17,2.254977708097276e-17
9178,2.014249301333192e-13,3.454272321871701e-17,2.621759878692084e-17
9179,2.0218905763154e-13,3.435389617549847e-17,2.603015818393062e-17
9180,2.03891872122517e-13,3.610650105314003e-17,2.742279172928724e-17
9181,2.021497581208225e-13,3.321666812807825e-17,2.530280056364082e-17
9182,2.030651506574351e-13,3.71117618228458e-17,2.879636854189604e-17
9183,2.03124854157794e-13,3.652507325186236e-17,2.730527768935143e-17
9184,1.98981882082108e-13,3.134155489037003e-17,2.27668103087917e-17
9185,2.006870100650697e-13,3.572235020857993e-17,2.805016166184251e-17
9186,2.031358286476881e-13,3.34821564829204e-17,2.550917461247373e-17
9187,2.024045439907847e-13,3.703651703569995e-17,2.873743023427962e-17
9188,2.03326135712442e-13,3.805144973303681e-17,3.019670215172501e-17
9189,2.013695662895837e-13,3.553999269268485e-17,2.670969976705227e-17
9190,2.013062041005175e-13,3.233650880244644e-17,2.424898332595036e-17
9191,2.00351199289266e-13,3.376951171740839e-17,2.531753839776253e-17
9192,2.027935535119486e-13,3.671080835723018e-17,2.815887725302987e-17
9193,2.035193615179849e-13,3.495703880734651e-17,2.635529007292427e-17
9194,2.022276285338982e-13,3.726479787050964e-17,2.880442397679754e-17
9195,2.013954773248254e-13,3.162960387227321e-17,2.345454482038733e-17
9196,2.023951343700628e-13,3.237969917972629e-17,2.410439992045198e-17
9197,2.004454006949392e-13,3.72610279348927e-17,2.921917027119763e-17
9198,2.016807535522384e-13,3.734136889621709e-17,2.866715993120194e-17
9199,2.054352229159542e-13,3.880512237720832e-17,3.029614633831426e-17
9200,1.991490188929341e-13,3.139227387670864e-17,2.360291402453151e-17
9201,2.02237772300466e-13,3.601099309456649e-17,2.694715546772852e-17
9202,2.038145556035737e-13,3.951483466648847e-17,3.071159377926624e-17
9203,2.011598815574428e-13,3.448286668236652e-17,2.637822637793433e-17
9204,2.013138679457865e-13,3.677304429037149e-17,2.801348299326037e-17
9205,2.015812935279683e-13,3.571028465583005e-17,2.73551193117699e-17
9206,2.018310274306639e-13,3.806262704755211e-17,3.061440977814605e-17
9207,2.010213022653912e-13,3.498607977275577e-17,2.728040471260309e-17
9208,2.017498011752341e-13,3.588294657714543e-17,2.686549681093136e-17
9209,2.014705370846899e-13,3.372609140980678e-17,2.554313303322865e-17
9210,2.014776679042265e-13,3.796538920960669e-17,3.014801847084555e-17
9211,2.018758885028863e-13,3.671795167575733e-17,2.830102633917301e-17
9212,2.021454473002599e-13,3.667446620755796e-17,2.793107056337394e-17
9213,1.987690617343129e-13,3.60208036752908e-17,2.689843116910172e-17
9214,2.054880827636156e-13,3.889078831160343e-17,3.126992021214117e-17
9215,2.031846777185396e-13,3.623895124517996e-17,2.840020016180854e-17
9216,2.020012347365009e-13,3.595536198478228e-17,2.734540533983575e-17
9217,2.003476599988545e-13,3.247941773816318e-17,2.441118445361314e-17
9218,2.020505406550234e-13,3.496826434519875e-17,2.585948029837256e-17
9219,2.028697796751772e-13,3.846420011928383e-17,3.004287678045879e-17
9220,2.028643623040084e-13,3.813610574314833e-17,2.973384185920342e-17
9221,2.033394052598569e-13,3.777793232662046e-17,2.930018153568699e-17
9222,2.015005053810334e-13,3.633923447464594e-17,2.827704402191182e-17
9223,2.027506278176714e-13,3.498668338147941e-17,2.72597633049026e-17
9224,2.003971033601551e-13,3.166456960382102e-17,2.335486780365915e-17
9225,2.007820771770412e-13,3.643685594879215e-17,2.835170071950033e-17
9226,1.985688400741867e-13,3.281404817259338e-17,2.454466719988246e-17
9227,2.006270855981744e-13,3.57507792079843e-17,2.712375855974518e-17
9228,2.006121877186789e-13,3.681024549125285e-17,2.797842758737083e-17
9229,2.024014410044199e-13,3.759166681802106e-17,2.863143087287214e-17
9230,2.027836089494437e-13,3.803862811184751e-17,2.929121110422393e-17
9231,2.030893326111915e-13,3.653934836512173e-17,2.780758488402925e-17
9232,2.014756764943391e-13,3.373077781896967e-17,2.495953205781601e-17
9233,2.027871775988173e-13,3.823949660223952e-17,3.087563639575596e-17
9234,2.01956015198536e-13,3.771770728605166e-17,2.980166214099796e-17
9235,2.001583137996507e-13,3.51150071292747e-17,2.656871779911046e-17
9236,1.993912022556655e-13,3.12329822894791e-17,2.337376467890831e-17
9237,2.02182911930391e-13,3.257069267338046e-17,2.437989461736929e-17
9238,2.030937745683681e-13,3.832540907998463e-17,2.994806307324858e-17
9239,2.016431437123019e-13,3.111303729841642e-17,2.310765886573715e-17
9240,2.010881582449354e-13,3.802113439172758e-17,2.94236816586122e-17
9241,1.989180448917939e-13,3.193543731819765e-17,2.366480329752552e-17
9242,1.985346397774353e-13,3.055996747257925e-17,2.219578732423498e-17
9243,1.974078272539523e-13,2.969159757976895e-17,2.146460787351409e-17
9244,2.002698343032414e-13,3.416188832051553e-17,2.657917204076018e-17
9245,2.011307456659857e-13,3.51595383474285e-17,2.643842901464015e-17
9246,1.990788499213519e-13,3.304054228680854e-17,2.455813496281648e-17
9247,2.013553085290083e-13,3.289212551591535e-17,2.519700971018954e-17
9248,1.995027413053225e-13,3.233590029977364e-17,2.411242100226719e-17
9249,2.023483264875432e-13,3.762872325954153e-17,2.899141286218827e-17
9250,2.028832028953727e-13,3.977692205631246e-17,3.110158852303941e-17
9251,1.99799943939922e-13,3.016074413238676e-17,2.2214064410268e-17
9252,1.994828471770128e-13,3.502161129017837e-17,2.662169747588162e-17
9253,2.010778037566833e-13,3.373951882439758e-17,2.486654788208672e-17
9254,2.000459777619495e-13,3.37333661467759e-17,2.529648191209936e-17
9255,1.995792391978903e-13,3.12389505576136e-17,2.28304401618485e-17
9256,2.011597303461855e-13,3.767039456481722e-17,2.880006776028607e-17
9257,2.022544382345192e-13,3.695289635542482e-17,2.854123554351635e-17
9258,2.038564709146801e-13,3.759699522260979e-17,2.94795727829676e-17
9259,2.025501722250641e-13,3.646023585272586e-17,2.785452641445007e-17
9260,1.997269905943654e-13,3.337860009665998e-17,2.496695987656719e-17
9261,2.004021590893012e-13,3.463288083928072e-17,2.575071133403288e-17
9262,2.039425626522282e-13,3.795630283419292e-17,2.960866071889348e-17
9263,2.008307688094707e-13,3.794484083466132e-17,2.972957704108465e-17
9264,2.007921447379606e-13,3.521782157388947e-17,2.652958891362261e-17
9265,1.998017635121664e-13,3.533611976392097e-17,2.586449236769951e-17
9266,2.012963098882627e-13,3.721776359806001e-17,2.939697697890454e-17
9267,2.002291275473598e-13,3.548167172324862e-17,2.609730121355854e-17
9268,2.016813377796597e-13,3.337719502896458e-17,2.511456964675117e-17
9269,2.01886684857751e-13,3.765248025918035e-17,2.913476670729693e-17
9270,2.035301089496057e-13,3.659459974878776e-17,2.829434240949372e-17
9271,2.008740881656357e-13,3.457100180905831e-17,2.653092168286492e-17
9272,2.015057159102699e-13,3.413680884077329e-17,2.572361484191255e-17
9273,1.995998042198028e-13,3.629366461765568e-17,2.814023213525109e-17
9274,2.003588499190521e-13,3.479593584261525e-17,2.698606946755768e-17
9275,2.010764870047862e-13,3.638977059583278e-17,2.754842452559925e-17
9276,2.025003932840424e-13,3.899435461809509e-17,3.039820567128037e-17
9277,2.024813709086255e-13,3.698995654931142e-17,2.880219564802686e-17
9278,2.006380277697611e-13,3.195842328799204e-17,2.331518359438201e-17
9279,2.019160215244827e-13,3.566499865432154e-17,2.689415890310984e-17
9280,2.008547154125173e-13,3.26887759351089e-17,2.421471679488197e-17
9281,2.006536780577739e-13,3.531920865964885e-17,2.663423618247288e-17
9282,2.028496030297117e-13,3.659903380481287e-17,2.829640686677977e-17
9283,2.021845063290638e-13,3.610240504986837e-17,2.707104619210167e-17
9284,1.974755151393069e-13,3.103139938336712e-17,2.27094109755778e-17
9285,2.020045844143884e-13,3.812378971192072e-17,2.939223108829097e-17
9286,2.031899306592063e-13,3.509068845792747e-17,2.627250285791302e-17
9287,1.999932467323303e-13,3.372355017796924e-17,2.537525332030018e-17
9288,2.008698890302617e-13,3.631134967697296e-17,2.791025378780811e-17
9289,2.000192905042388e-13,3.31995944529748e-17,2.48068501662321e-17
9290,1.984594344541487e-13,2.993412973024872e-17,2.168242976834749e-17
9291,2.033527674084454e-13,3.784340424521855e-17,2.918008841026608e-17
9292,2.025448409921597e-13,3.536756276452803e-17,2.725697530938582e-17
9293,2.044812329682721e-13,3.625686245673084e-17,2.754675726136238e-17
9294,2.039644591851454e-13,3.876470659868248e-17,3.026209067688791e-17
9295,2.029274841779377e-13,3.673902669479921e-17,2.796989937193541e-17
9296,2.026420775437154e-13,3.61680973823247e-17,2.761238440208378e-17
9297,2.022659592578012e-13,3.902206579293744e-17,3.037894021803139e-17
9298,2.026922377148669e-13,3.525617601527569e-17,2.621123091091509e-17
9299,2.033639902124862e-13,3.883937429919541e-17,3.0480779312455e-17
9300,2.038242564928373e-13,3.729119870027949e-17,2.81895758521557e-17
9301,2.048613110813533e-13,3.894542058057895e-17,2.964499841324435e-17
9302,2.043767350913077e-13,3.893305660658729e-17,3.081924997125466e-17
9303,2.026471685179111e-13,3.771364741136126e-17,2.970016112301911e-17
9304,2.02821905865335e-13,3.646515166660172e-17,2.725162461668313e-17
9305,1.998823831331663e-13,3.185362687587192e-17,2.28310460266624e-17
9306,2.018855284095741e-13,3.466805713586793e-17,2.621952981200299e-17
9307,2.055578417931491e-13,3.863896282039685e-17,3.004440143515253e-17
9308,2.044752037436924e-13,3.896099745351606e-17,3.059926514651532e-17
9309,2.02099880837999e-13,3.677554924843384e-17,2.83563236941471e-17
9310,2.028116050102e-13,3.673224648970043e-17,2.842680507670419e-17
9311,2.01591462443955e-13,3.487615824277533e-17,2.667529122955399e-17
9312,1.98422158582595e-13,3.312087894849739e-17,2.495726899486731e-17
9313,2.018051940142834e-13,3.781771903671825e-17,2.946566668464363e-17
9314,2.037562874546351e-13,3.824500225883017e-17,2.997577770566941e-17
9315,2.050017236777638e-13,3.734294191030362e-17,2.862733325723715e-17
9316,2.017632004410344e-13,3.687090696852179e-17,2.863930197985228e-17
9317,2.028350454473344e-13,3.707680576717023e-17,2.85340010587714e-17
9318,2.038548994760122e-13,3.966920910365188e-17,3.114394362910017e-17
9319,2.040859491486139e-13,3.727249933953863e-17,2.879180315677908e-17
9320,1.99733466208591e-13,3.307774698858965e-17,2.493064715286425e-17
9321,2.008296802118077e-13,3.644222477009048e-17,2.808195743157213e-17
9322,2.027614025856171e-13,3.667876531175042e-17,2.791892095552424e-17
9323,2.021026786556771e-13,3.734921034708375e-17,2.938506126662614e-17
9324,2.019718849445714e-13,3.771423358090661e-17,2.926143308739527e-17
9325,2.040714221503175e-13,3.760865766185043e-17,2.90974432571901e-17
9326,2.00955827606645e-13,3.250975828906418e-17,2.462073058632933e-17
9327,2.037686912430853e-13,3.909064926444281e-17,3.078238556410248e-17
9328,2.032036950342284e-13,3.605107644262681e-17,2.735125717970134e-17
9329,1.97664636045813e-13,3.063012284806372e-17,2.233679513940344e-17
9330,2.032127295943031e-13,3.905712929651907e-17,3.100824323410578e-17
9331,2.012641168727686e-13,3.6770236301414e-17,2.799004437005949e-17
9332,2.045230248508558e-13,3.853382112425649e-17,3.040957338580155e-17
9333,2.030873994025969e-13,3.731566719551427e-17,2.911859885310804e-17
9334,2.029270987432806e-13,3.809048908396169e-17,2.998126735336039e-17
9335,2.024719362362936e-13,3.70028988313926e-17,2.890388386531467e-17
9336,2.012169564093401e-13,3.360309658137868e-17,2.544061120785216e-17
9337,2.023007730506509e-13,3.76433933226208e-17,2.939812918037592e-17
9338,2.020113712326095e-13,3.853734007677065e-17,3.002136101695849e-17
9339,2.030271929514787e-13,3.71563279413553e-17,2.75437039027904e-17
9340,2.010570543500055e-13,3.157460423897017e-17,2.30163548781965e-17
9341,2.027596934471094e-13,3.69761399090613e-17,2.835462175462203e-17
9342,2.027143041869318e-13,3.499533672937354e-17,2.641164604866831e-17
9343,2.007239481286156e-13,3.582178736358634e-17,2.774280946306978e-17
9344,2.02112663015106e-13,3.600600491116359e-17,2.766350439577356e-17
9345,2.011014394993195e-13,3.1010313125503e-17,2.211022425516836e-17
9346,2.026614874165534e-13,3.799971399965382e-17,2.960113778762801e-17
9347,2.003324134445351e-13,3.401733684752774e-17,2.569886303000425e-17
9348,2.030579845539759e-13,3.50607541846803e-17,2.621734080269549e-17
9349,2.038067466952125e-13,3.843052267043896e-17,2.99004980069991e-17
9350,1.995354223707707e-13,2.981747732218335e-17,2.139070149685154e-17
9351,1.990457079403868e-13,3.675091991691056e-17,2.813930456130787e-17
9352,2.018885847135213e-13,3.700664047382365e-17,2.862226818704999e-17
9353,2.038309609246417e-13,3.759087741996026e-17,2.882701684571007e-17
9354,2.015415424813538e-13,3.877587961356224e-17,3.065967047732819e-17
9355,2.007041829763471e-13,3.554001207624338e-17,2.734229185540927e-17
9356,2.034901610488491e-13,3.836440230628481e-17,2.916965452758025e-17
9357,2.017601572334439e-13,3.669805285106028e-17,2.802493156759963e-17
9358,1.995425165307909e-13,3.057594806247728e-17,2.240494662513019e-17
9359,2.015789033914492e-13,3.605802451187399e-17,2.752570194198888e-17
9360,2.017815015299636e-13,3.482445426827942e-17,2.651061447503287e-17
9361,2.024383048749229e-13,3.625046017619482e-17,2.712900259278578e-17
9362,2.038865508284984e-13,3.844000954180992e-17,2.977255633617751e-17
9363,2.023593699841022e-13,3.598139318398095e-17,2.775813207673345e-17
9364,1.986685164291035e-13,3.042056301465901e-17,2.2307479802485e-17
9365,1.980090500571192e-13,3.194727595585351e-17,2.348223763310536e-17
9366,2.014952806293842e-13,3.62123035478275e-17,2.731815935144494e-17
9367,2.026897833141591e-13,3.618567962538837e-17,2.734065104421987e-17
9368,2.052383950831342e-13,3.896015438886906e-17,3.0973888499588e-17
9369,2.019327479696227e-13,3.343508878709945e-17,2.518718978459454e-17
9370,2.016543753254108e-13,3.642854945226808e-17,2.773663431186498e-17
9371,2.008282864705372e-13,3.72686440447841e-17,2.88134748274202e-17
9372,2.017726355547602e-13,3.759033357122949e-17,2.965204319281593e-17
9373,2.02010969095207e-13,3.733541641597614e-17,2.891514696913421e-17
9374,2.025229000602859e-13,3.821795599534752e-17,3.049056197228555e-17
9375,2.02063066353451e-13,3.64443826347929e-17,2.773548833985613e-17
9376,2.003767151064558e-13,3.820937788159907e-17,3.001504871265927e-17
9377,2.055693826152033e-13,3.871032502919084e-17,3.02317185210934e-17
9378,2.031121307625633e-13,3.655945205777339e-17,2.790392190771225e-17
9379,2.015291585556277e-13,3.548021156681113e-17,2.702179717142106e-17
9380,2.00382504817179e-13,3.292448491154857e-17,2.485233835553038e-17
9381,2.030086410555305e-13,3.755192842704081e-17,2.933250891690535e-17
9382,2.009528248956881e-13,3.350872778897558e-17,2.54523325450602e-17
9383,2.007210363172088e-13,3.251988360588637e-17,2.458149211293262e-17
9384,2.026961405420345e-13,3.878502015477211e-17,3.00117275596261e-17
9385,2.00422303362539e-13,3.631374546612432e-17,2.702118612294704e-17
9386,1.988060101254721e-13,3.028305293135379e-17,2.18771559244083e-17
9387,2.00518739881436e-13,3.679795714095983e-17,2.812905471954002e-17
9388,2.027578661905989e-13,3.626686619377651e-17,2.74965507581433e-17
9389,2.016235489004483e-13,3.769741224946441e-17,2.965508858772096e-17
9390,2.044722335955651e-13,3.592885529950131e-17,2.688687070608829e-17
9391,2.015277983966561e-13,3.617779054448306e-17,2.803832981276427e-17
9392,2.023098516836526e-13,3.903068840134802e-17,3.019078198813242e-17
9393,1.986511993249822e-13,3.078350758960518e-17,2.246475099117038e-17
9394,2.031328986626411e-13,3.734025438999991e-17,2.912546895592382e-17
9395,2.033190193510625e-13,3.838765558216081e-17,3.045193710805577e-17
9396,2.009914638253685e-13,3.136024225755098e-17,2.333601881871469e-17
9397,2.005022800632725e-13,3.821810220495546e-17,2.958664142353003e-17
9398,2.024103194452383e-13,3.625588516689773e-17,2.796164784603531e-17
9399,2.016343249123223e-13,3.585269012026572e-17,2.785198150741241e-17
9400,2.018006592778709e-13,3.555122484413741e-17,2.67010987062328e-17
9401,2.020118413760169e-13,3.673279141232474e-17,2.784202894902623e-17
9402,2.019010130219026e-13,3.789356750027723e-17,2.906661754941128e-17
9403,2.008204269974988e-13,3.522813001037587e-17,2.646745340255813e-17
9404,1.999196746779643e-13,3.549313811447347e-17,2.612627382782654e-17
9405,2.021219972703325e-13,3.537350887078943e-17,2.650706473328337e-17
9406,2.008314725292346e-13,3.848823295827814e-17,2.999991797293983e-17
9407,2.003730691617426e-13,3.136483761692198e-17,2.311495734885157e-17
9408,2.013636952169291e-13,3.488518079851986e-17,2.597046641459653e-17
9409,2.006777873031759e-13,3.4724623366972e-17,2.650405215017522e-17
9410,2.003466931418843e-13,3.816677884601746e-17,3.028496210288841e-17
9411,2.021648446297375e-13,3.603591197121047e-17,2.803975126605126e-17
9412,2.034235576042804e-13,3.836688524902178e-17,3.002631284535883e-17
9413,2.019564945811197e-13,3.221140479158752e-17,2.399245512967786e-17
9414,1.999163414796172e-13,3.755973722010412e-17,2.921584918382327e-17
9415,1.986073813943779e-13,3.101408093025521e-17,2.283454534652076e-17
9416,2.02341199433648e-13,3.616016276230866e-17,2.77681104376712e-17
9417,2.015786160164529e-13,3.668305760164326e-17,2.834377365362987e-17
9418,2.021524972544333e-13,3.679140489032698e-17,2.869522504348721e-17
9419,1.994537552982927e-13,3.312893037482807e-17,2.496416067979582e-17
9420,2.035645272648338e-13,3.851498593239668e-17,2.952913123932163e-17
9421,2.004789479243811e-13,3.304087607647875e-17,2.496861969766921e-17
9422,1.997508963484158e-13,3.663425489152675e-17,2.846003338793398e-17
9423,2.011773691662478e-13,3.832415775979729e-17,3.00160905741917e-17
9424,2.022212361813532e-13,3.605557331245552e-17,2.747123140584897e-17
9425,2.010296333727952e-13,3.554375104933992e-17,2.699507221465379e-17
9426,1.998629388968123e-13,3.190460121297678e-17,2.3522031580562e-17
9427,2.006618692897178e-13,3.704037555822718e-17,2.819715873463681e-17
9428,2.001136471714596e-13,3.181322287700724e-17,2.343781237978118e-17
9429,2.018697215019751e-13,3.810881029168782e-17,3.005278106406403e-17
9430,2.003050899702275e-13,3.338369907318286e-17,2.541053450714656e-17
9431,1.97125832693406e-13,3.063786262899802e-17,2.234466874006389e-17
9432,2.026762605822173e-13,3.8345969981883e-17,3.032738329960035e-17
9433,2.013893335472508e-13,3.686208670007055e-17,2.777965973530547e-17
9434,2.032605598453418e-13,3.806468954116645e-17,2.973874297870925e-17
9435,2.000989140321943e-13,3.31430375630185e-17,2.483532093207423e-17
9436,2.008558474310483e-13,3.749041421669849e-17,2.92484647435118e-17
9437,2.04020689928949e-13,3.857813671927476e-17,3.030150700235375e-17
9438,2.019948717705052e-13,3.443835842955988e-17,2.664671804479547e-17
9439,1.994017536432022e-13,3.250207482678975e-17,2.418710879233989e-17
9440,2.032723168099487e-13,3.612923230641855e-17,2.730656340086961e-17
9441,2.033912595245058e-13,3.997783961412918e-17,3.09731682009756e-17
9442,2.027971434748779e-13,3.643040143804063e-17,2.846078259672183e-17
9443,2.026089248000129e-13,3.524925734187595e-17,2.612114479649914e-17
9444,1.995620424551058e-13,3.53517108990308e-17,2.644606732667988e-17
9445,2.016174631348186e-13,3.427086418315566e-17,2.615927192037741e-17
9446,2.012798075395428e-13,3.736015517430732e-17,2.900301941632012e-17
9447,2.00760910697045e-13,3.201083351316481e-17,2.382381980250637e-17
9448,2.018653459131319e-13,3.425573577127732e-17,2.60369650837283e-17
9449,2.024343553841471e-13,3.726922164822617e-17,2.859281996418175e-17
9450,2.025529755827368e-13,3.839256309798374e-17,3.056103420660988e-17
9451,2.038036897881106e-13,3.645031048249486e-17,2.854891193088667e-17
9452,2.022551424934859e-13,3.740987444698145e-17,2.93546285605641e-17
9453,2.021331591306704e-13,3.440317757002507e-17,2.599646302514954e-17
9454,2.034324859351458e-13,3.882672138556541e-17,3.059155888845585e-17
9455,2.01346755888278e-13,3.604548628757025e-17,2.736264661916002e-17
9456,1.98463471520227e-13,3.536056539737346e-17,2.706858067263597e-17
9457,2.018435194289203e-13,3.312822449915092e-17,2.454403828003283e-17
9458,2.018773124018913e-13,3.769075801752764e-17,2.931736923269847e-17
9459,2.005475294818468e-13,3.574240159215784e-17,2.694297197174697e-17
9460,2.025959488911238e-13,3.113629249599667e-17,2.306266513520458e-17
9461,2.026182516192574e-13,3.638103625849522e-17,2.755085894784249e-17
9462,2.027163651025601e-13,3.848053863455031e-17,3.043232334506694e-17
9463,2.029157444565328e-13,3.860069375473215e-17,3.003820520341402e-17
9464,1.990023530645549e-13,3.119236159223158e-17,2.339081440039823e-17
9465,1.990963815015133e-13,3.367790232882558e-17,2.510292151503521e-17
9466,2.034790308610293e-13,3.806492549517473e-17,2.987910348347417e-17
9467,2.038033257422467e-13,3.710541684822068e-17,2.849606880003532e-17
9468,2.030317284289815e-13,3.668649818091227e-17,2.876490597293819e-17
9469,2.021804543295776e-13,3.762271892882303e-17,2.898835980009622e-17
9470,2.020152578272668e-13,3.555610301420309e-17,2.812566924119723e-17
9471,2.023584697926538e-13,3.662950444067314e-17,2.769744458098349e-17
9472,2.020365490035391e-13,3.867026333804012e-17,3.042006248279346e-17
9473,2.027141722364979e-13,3.871420402236958e-17,3.006848276248808e-17
9474,2.006142403330931e-13,3.278736622233507e-17,2.485044348475148e-17
9475,2.031416438363678e-13,3.852942716544665e-17,2.986689936935031e-17
9476,2.01781484807155e-13,3.648018866688792e-17,2.764051849603779e-17
9477,2.012479144098025e-13,3.619167726906349e-17,2.712400106271034e-17
9478,2.017512571806273e-13,3.898964019530386e-17,3.055059845434069e-17
9479,2.043875424897968e-13,3.905958952672906e-17,3.077456560464465e-17
9480,2.03203853608738e-13,3.680137559287736e-17,2.769220375845477e-17
9481,2.020647119939395e-13,3.590543125322922e-17,2.825027790317381e-17
9482,2.027766536905569e-13,3.703286646235229e-17,2.818186963538682e-17
9483,2.020204216076259e-13,3.461375297538483e-17,2.657337710879138e-17
9484,2.008180488651374e-13,3.412504712510022e-17,2.551378233938899e-17
9485,2.030514930006666e-13,3.762949438245899e-17,2.977916739745832e-17
9486,2.016886268439145e-13,3.298736365915838e-17,2.499817244595036e-17
9487,2.046862712625104e-13,3.642080816964274e-17,2.78762269235158e-17
9488,2.045178850600028e-13,3.820898360867391e-17,3.056314286241657e-17
9489,2.024074744836854e-13,3.304446324847813e-17,2.476521105982509e-17
9490,2.01672413366165e-13,3.569327562519211e-17,2.762922403777579e-17
9491,2.012340380712127e-13,3.480326035537945e-17,2.651027758315395e-17
9492,2.01422080589797e-13,3.611461949137568e-17,2.726373324803127e-17
9493,2.018024381917209e-13,3.871540844491838e-17,3.023970106932025e-17
9494,2.044290677654673e-13,3.784483355657689e-17,2.952700031638471e-17
9495,2.017043404945189e-13,3.654113181394541e-17,2.857009584875852e-17
9496,2.02518482446232e-13,3.876649177629539e-17,3.04487429445421e-17
9497,2.012765826406928e-13,3.651420564445527e-17,2.81144806953055e-17
9498,1.9834006577319e-13,3.054585297121777e-17,2.259442589165448e-17
9499,2.003403139709653e-13,3.712293424815021e-17,2.907050436580128e-17
9500,1.995243084229851e-13,3.159691387108276e-17,2.364528242954372e-17
9501,1.997210318348058e-13,3.311449975751872e-17,2.459252921309693e-17
9502,2.0053420676528e-13,3.445838184215381e-17,2.643940740781173e-17
9503,1.991042407124741e-13,3.029926006980732e-17,2.188791253495007e-17
9504,2.003290619910405e-13,3.647125135588576e-17,2.80992276677776e-17
9505,2.035270908124347e-13,3.777604036175079e-17,2.951773686259252e-17
9506,2.020922665379379e-13,3.358995761195461e-17,2.550213209373068e-17
9507,2.03092252242292e-13,3.629001216017145e-17,2.842219403774283e-17
9508,2.046307671984758e-13,3.730559812526267e-17,2.895666711940879e-17
9509,2.022142972603093e-13,3.413248102067416e-17,2.620451692913886e-17
9510,2.017211044606457e-13,3.693948295187878e-17,2.85779497362127e-17
9511,2.001699140568942e-13,3.147569166183897e-17,2.350638075754859e-17
9512,2.005934719464788e-13,3.435285890669702e-17,2.63297921070542e-17
9513,2.02485417464672e-13,3.784462097472954e-17,2.921950239096845e-17
9514,2.015684192249385e-13,3.367445986271242e-17,2.563382677238489e-17
9515,2.02865877333292e-13,3.542842065905885e-17,2.738111548911026e-17
9516,2.007824169800991e-13,3.402641955552567e-17,2.572599560535389e-17
9517,1.987809900851372e-13,3.368593198588214e-17,2.576761933474249e-17
9518,2.001240558370473e-13,3.055788295551681e-17,2.206373905741554e-17
9519,2.035348395695954e-13,3.725849682703174e-17,2.910934387133074e-17
9520,1.992955407115474e-13,3.264791909635323e-17,2.442962636419862e-17
9521,2.009041128061575e-13,3.600580047980612e-17,2.679382490247501e-17
9522,2.019026547450205e-13,3.646721757210412e-17,2.74986678588891e-17
9523,2.022705821764327e-13,3.891287570461104e-17,3.01627250683045e-17
9524,2.012560525340385e-13,3.308107822769327e-17,2.473998370159086e-17
9525,2.029039625030139e-13,3.614186347886556e-17,2.70986481235746e-17
9526,2.027978570194174e-13,3.451267931559351e-17,2.635522029455041e-17
9527,2.001487450890417e-13,3.19656872396584e-17,2.388877343361229e-17
9528,1.992340300619243e-13,3.005790009833263e-17,2.178278378340676e-17
9529,2.01815272281512e-13,3.671048775888517e-17,2.899827499118371e-17
9530,2.028023205497194e-13,3.808270728884614e-17,3.004644094412817e-17
9531,2.014780389459325e-13,3.591817403546974e-17,2.773419524680053e-17
9532,2.019096851549755e-13,3.795422615760256e-17,3.049599994989145e-17
9533,2.022294227059318e-13,3.530748866066178e-17,2.692428905954892e-17
9534,2.019535075296135e-13,3.52451045555946e-17,2.670026310739662e-17
9535,2.026894276873817e-13,3.814890495539793e-17,2.985905626889112e-17
9536,2.021728411154457e-13,3.589506943005261e-17,2.788067822072749e-17
9537,2.030870993074318e-13,3.830345054946434e-17,3.023703131445812e-17
9538,1.992034802191256e-13,3.20782169724292e-17,2.410059006090483e-17
9539,2.029666146335491e-13,3.68512779645704e-17,2.895587134635307e-17
9540,2.014300132063139e-13,3.756750635119548e-17,2.941750763308339e-17
9541,2.002714212170279e-13,3.396581905970623e-17,2.540966168112892e-17
9542,2.012494020638886e-13,3.309195871708465e-17,2.470558063137161e-17
9543,2.025346073078924e-13,3.744515869169992e-17,2.897896192989513e-17
9544,2.026443418604103e-13,3.597301521143094e-17,2.737553572100389e-17
9545,2.016197750505758e-13,3.383344763723335e-17,2.556174780852263e-17
9546,1.999310937793891e-13,3.392116920051451e-17,2.575360462526881e-17
9547,2.021890643013525e-13,3.739011229512197e-17,2.863614116288237e-17
9548,2.03248876160895e-13,3.673356164512558e-17,2.884785241999735e-17
9549,2.029652259658002e-13,3.774584202305571e-17,2.972512225312665e-17
9550,2.043026502802164e-13,3.716233569106927e-17,2.859846234573088e-17
9551,2.007241110455882e-13,3.268273156674186e-17,2.447367083443346e-17
9552,2.022017791332914e-13,3.56253596653377e-17,2.701981962539232e-17
9553,2.034445304703667e-13,3.771659440370502e-17,2.864623146393831e-17
9554,2.01989601816111e-13,3.669566657295729e-17,2.76857830020761e-17
9555,1.997312822744848e-13,3.335285632187073e-17,2.525519325035829e-17
9556,2.005840405758232e-13,3.659442990709129e-17,2.752077695991187e-17
9557,2.026580133082293e-13,3.779293393952517e-17,2.990712950102533e-17
9558,2.014757045968335e-13,3.82067473967868e-17,3.015458496199049e-17
9559,1.991092251201454e-13,3.096648353618859e-17,2.297554654571977e-17
9560,1.987965089518871e-13,3.158529098280331e-17,2.296207679271515e-17
9561,2.051957168152002e-13,3.884846905659709e-17,3.091644319235847e-17
9562,2.025078453379994e-13,3.741551751253273e-17,2.875976121531469e-17
9563,1.998115237275248e-13,3.568895440447851e-17,2.686266038088648e-17
9564,2.024697109415754e-13,3.729049443561188e-17,2.895901869447092e-17
9565,2.016764886353843e-13,3.707236278662608e-17,2.842081539128085e-17
9566,2.015575318476357e-13,3.563791170472518e-17,2.760816488040898e-17
9567,2.004944713680845e-13,3.28613935854759e-17,2.428995965287774e-17
9568,1.986745220817459e-13,3.209076884902348e-17,2.360217235161309e-17
9569,2.012714046454448e-13,3.357606432927924e-17,2.519011226014831e-17
9570,2.013765864120521e-13,3.573263067340546e-17,2.751312791638252e-17
9571,2.018093976325639e-13,3.649799450487678e-17,2.78681367639128e-17
9572,2.047888391936838e-13,3.863886999815602e-17,3.037215812981137e-17
9573,2.00890285528747e-13,3.523426110791552e-17,2.708280316172709e-17
9574,2.014470311645177e-13,3.688352295686541e-17,2.854656110040879e-17
9575,2.027295891650892e-13,3.566879196379165e-17,2.725144618451518e-17
9576,2.010937963569278e-13,3.68796134221948e-17,2.838837108461436e-17
9577,2.03408029757924e-13,3.610481613616455e-17,2.722155817634838e-17
9578,2.006375627989381e-13,3.66765066807702e-17,2.867721296581652e-17
9579,2.038512897707389e-13,3.776193911195814e-17,2.893575092763176e-17
9580,2.034863737991614e-13,3.620954539727785e-17,2.822876197383429e-17
9581,2.027360830883826e-13,3.515221270932675e-17,2.613130292241065e-17
9582,2.005655870843748e-13,3.646905163810306e-17,2.823058200848164e-17
9583,2.027876744553315e-13,3.809567265743867e-17,3.01366437700935e-17
9584,2.017100021596392e-13,3.550949288469085e-17,2.665281847494082e-17
9585,2.016212422011642e-13,3.708189853419896e-17,2.900474578633107e-17
9586,2.037832546488523e-13,3.819082347279567e-17,2.991439476214462e-17
9587,2.01398035849344e-13,3.308880809347305e-17,2.516216747741492e-17
9588,2.003833145141064e-13,3.179226072475248e-17,2.428381129655225e-17
9589,2.027957964248027e-13,3.670405295727856e-17,2.752186156261052e-17
9590,2.006517851652426e-13,3.599463956915858e-17,2.773639862523012e-17
9591,1.995951676468023e-13,3.261981418231725e-17,2.417517686098599e-17
9592,2.019298005282005e-13,3.651496782593132e-17,2.897351895342139e-17
9593,2.03031814065662e-13,3.538578747785921e-17,2.728438275816211e-17
9594,2.018435042973867e-13,3.563827502325266e-17,2.737797456946201e-17
9595,2.041030962070009e-13,3.822655382399447e-17,2.981688387026567e-17
9596,2.028721097909078e-13,3.81649631269127e-17,2.990264364359756e-17
9597,2.022467262773184e-13,3.80392115975051e-17,2.936002502827534e-17
9598,2.028475066220036e-13,3.623023244630019e-17,2.742225951400838e-17
9599,1.999139884389926e-13,3.207670145716859e-17,2.388795131987364e-17
9600,2.000254010180203e-13,3.268949617280076e-17,2.428344859129142e-17
9601,2.005495994159545e-13,3.709374483396514e-17,2.888445217821832e-17
9602,2.041810362750387e-13,3.737158587219424e-17,2.965732693588797e-17
9603,2.036361375228284e-13,3.633487632018476e-17,2.734260694992294e-17
9604,2.008884122657034e-13,3.583486017128528e-17,2.794516631948867e-17
9605,1.989631060345654e-13,3.189470941638774e-17,2.360767396206527e-17
9606,2.036726200077106e-13,3.858105517475052e-17,3.108918023850102e-17
9607,2.006256729910779e-13,3.285005076003682e-17,2.476119201001183e-17
9608,2.024336999894881e-13,3.401190634690143e-17,2.599265459588103e-17
9609,2.034947330353931e-13,3.916585132734479e-17,3.106537311717389e-17
9610,2.023396131556192e-13,3.801452556792242e-17,3.010339690450127e-17
9611,2.04081507701799e-13,3.677363530512956e-17,2.808359835986433e-17
9612,2.037343955375442e-13,3.796451774211685e-17,2.94984045483861e-17
9613,2.019077026845679e-13,3.864368632576207e-17,3.009354407911305e-17
9614,2.024012320370255e-13,3.731473805828259e-17,2.910550629158913e-17
9615,2.012633970295888e-13,3.254653997629145e-17,2.453605397052578e-17
9616,2.01990511640479e-13,3.551412430833809e-17,2.733087743244166e-17
9617,2.03753044096242e-13,3.527962743754126e-17,2.641826393304837e-17
9618,1.996291693664708e-13,3.716550010438106e-17,2.917069756690958e-17
9619,2.037856430611765e-13,3.373814159366099e-17,2.590464162466476e-17
9620,2.034582920101856e-13,3.778230788269229e-17,2.928555460671134e-17
9621,2.011997500963341e-13,3.338247586951188e-17,2.481206867086348e-17
9622,2.007668498283709e-13,3.688980333948435e-17,2.834823735155368e-17
9623,2.029541049632364e-13,3.484140112782532e-17,2.660560159794391e-17
9624,2.014199386332509e-13,3.455699301869091e-17,2.617618302261883e-17
9625,2.012702450272574e-13,3.601935819697786e-17,2.736329635690819e-17
9626,2.013801416703884e-13,3.268595396725914e-17,2.491251092930895e-17
9627,2.030070240040728e-13,3.874731345023313e-17,3.009229081048413e-17
9628,2.022000217938207e-13,3.401006115139873e-17,2.602796236980004e-17
9629,2.034394121711317e-13,3.945306310820187e-17,3.057256581833768e-17
9630,2.026255496129604e-13,3.50116848558688e-17,2.612514777886134e-17
9631,2.047561908791591e-13,3.835275020525794e-17,2.957499621126119e-17
9632,2.027978445224534e-13,3.759426639751054e-17,2.885099090891648e-17
9633,2.044146531733865e-13,3.54382192387774e-17,2.649858527525486e-17
9634,2.01224079725181e-13,3.693925451986359e-17,2.833182704990501e-17
9635,2.040379610252831e-13,3.933626222766935e-17,3.129905977776499e-17
9636,2.003641104687473e-13,3.653112909122655e-17,2.820808490934821e-17
9637,2.019216045826215e-13,3.538276035302079e-17,2.675692298181488e-17
9638,2.023522154747559e-13,3.595409815050295e-17,2.68594024200411e-17
9639,2.010932087500847e-13,3.741672386423162e-17,2.865319542430549e-17
9640,2.003702681213877e-13,3.59704238193221e-17,2.776960223183163e-17
9641,2.026391483837739e-13,3.932539050948035e-17,3.106814427831784e-17
9642,1.995274224717837e-13,3.223630966734018e-17,2.377429053317776e-17
9643,2.001978387811282e-13,3.643505121467411e-17,2.7469209735758e-17
9644,2.032654837707673e-13,3.854349152312075e-17,3.03263069584023e-17
9645,2.044291463699409e-13,3.786728636039371e-17,2.932518745930568e-17
9646,1.996246533930597e-13,3.208640630659198e-17,2.390743448752455e-17
9647,2.009496069914261e-13,3.122250320071476e-17,2.260871788497708e-17
9648,2.018358069350247e-13,3.687878202721356e-17,2.767972911521486e-17
9649,2.024860613642809e-13,3.897992781677998e-17,3.026003368439735e-17
9650,2.023218815575749e-13,3.545262725727808e-17,2.673503101509521e-17
9651,1.995800227296912e-13,3.245166299634298e-17,2.410504283713159e-17
9652,2.018241353964331e-13,3.763260188821244e-17,2.890300970649124e-17
9653,2.015175294159267e-13,3.330524590604103e-17,2.5004733259302e-17
9654,2.011744761140805e-13,3.474394961213993e-17,2.645957285966495e-17
9655,2.021820004896687e-13,3.835176536601749e-17,2.917213986110954e-17
9656,2.02889212234657e-13,3.760994465371504e-17,2.948729155139614e-17
9657,2.037617045612184e-13,3.612183993123113e-17,2.745840082020385e-17
9658,2.020116202765609e-13,3.781263688847615e-17,2.97732306709277e-17
9659,2.019633607085398e-13,3.679608522842071e-17,2.826000884147528e-17
9660,2.028532515550743e-13,3.310118963322233e-17,2.468233764226536e-17
9661,2.023408064802475e-13,3.743892102181763e-17,2.860976432293993e-17
9662,2.010957630149016e-13,3.626628483052246e-17,2.744192775754936e-17
9663,2.017394374377742e-13,3.423002907204508e-17,2.629677260161431e-17
9664,2.023906820576857e-13,3.69930178021686e-17,2.831195086632255e-17
9665,2.000522011120548e-13,3.165271817691546e-17,2.343201133477575e-17
9666,1.973201636325804e-13,3.449775584849733e-17,2.570079996708529e-17
9667,2.03160535067647e-13,3.7562984567578e-17,2.847883514389992e-17
9668,2.026269909445154e-13,3.733629538109086e-17,2.8947047526235e-17
9669,2.018511069744939e-13,3.422210757295718e-17,2.567322039480028e-17
9670,2.011151566903401e-13,3.590408695376146e-17,2.75916944941964e-17
9671,2.053044012177184e-13,3.925567776969831e-17,3.109815533376904e-17
9672,2.02161938553943e-13,3.329408780586056e-17,2.532133976904932e-17
9673,2.007828673748927e-13,3.73208454651823e-17,2.82845044196081e-17
9674,2.014479870267679e-13,3.601212911520694e-17,2.669205030393851e-17
9675,2.018868043801887e-13,3.61333930174454e-17,2.816435974662007e-17
9676,2.043414046105685e-13,3.53685609744708e-17,2.65266839039845e-17
9677,2.032646049342553e-13,3.374559653524701e-17,2.580777119301433e-17
9678,2.028965459800094e-13,3.635322406117038e-17,2.816818993940909e-17
9679,2.041353091153142e-13,3.807829439187454e-17,2.959748397533891e-17
9680,2.007891835807254e-13,3.158752903110594e-17,2.348560959453658e-17
9681,1.99170428784094e-13,2.969951177922371e-17,2.130252025636535e-17
9682,1.992891388013203e-13,3.60673880025899e-17,2.723480079257596e-17
9683,2.018846986580667e-13,3.476613792541892e-17,2.676638203991835e-17
9684,2.033831793557864e-13,3.879981183858006e-17,2.980971060794474e-17
9685,2.026727206798734e-13,3.461537301335076e-17,2.621134989276952e-17
9686,2.025358491707989e-13,3.749205120850918e-17,2.867104602399144e-17
9687,2.01763327058377e-13,3.324057434578381e-17,2.48684875436692e-17
9688,2.014971066356967e-13,3.790944993908037e-17,2.916642600894963e-17
9689,2.052291662972173e-13,3.759805872006809e-17,2.911082983133518e-17
9690,2.022920269352004e-13,3.300168322308171e-17,2.420884704979605e-17
9691,2.032425619275412e-13,3.612548243396249e-17,2.786356688624528e-17
9692,2.017864684912914e-13,3.415047837385301e-17,2.589068477141744e-17
9693,2.039383655119044e-13,3.778404738987687e-17,2.905509472445444e-17
9694,2.033692781235855e-13,3.791201449129639e-17,2.888452393244801e-17
9695,2.016355350412667e-13,3.174889049517947e-17,2.327345279445619e-17
9696,1.998916355524646e-13,3.06663927517422e-17,2.190222065461358e-17
9697,1.991090826113694e-13,3.133709063028512e-17,2.312912231001029e-17
9698,2.030735390833442e-13,3.864780958724752e-17,3.040797660390911e-17
9699,2.014457399056245e-13,3.625210838178266e-17,2.69540811706804e-17
9700,2.036779469683738e-13,3.631172976083002e-17,2.790723123200937e-17
9701,2.033914875245029e-13,3.532659479420499e-17,2.636698435261781e-17
9702,2.014048694816484e-13,3.430521741868998e-17,2.597020550077063e-17
9703,2.029301045138995e-13,3.239630484538858e-17,2.402664908138184e-17
9704,2.021447621052449e-13,3.402331790389661e-17,2.57515071977925e-17
9705,2.02263179122211e-13,3.755004038680699e-17,2.901637535556186e-17
9706,2.025226524395789e-13,3.982772872996822e-17,3.113212305235046e-17
9707,2.046633300255412e-13,3.759437446917513e-17,2.916363590084428e-17
9708,2.041300191502287e-13,3.888420662552478e-17,3.076944211843919e-17
9709,2.037205507260131e-13,3.275033199785462e-17,2.487440175871058e-17
9710,2.020670007001536e-13,3.515705140762793e-17,2.66796457071228e-17
9711,2.024496477067474e-13,3.685769180342301e-17,2.855780687910678e-17
9712,2.018022001650608e-13,3.391620367920994e-17,2.631358684495296e-17
9713,2.039311095421581e-13,3.801214489450809e-17,2.964951620927477e-17
9714,2.047302785109581e-13,3.793390322076682e-17,2.936151922135082e-17
9715,2.006427025421406e-13,3.324318616894581e-17,2.50900922845334e-17
9716,2.016665536606564e-13,3.716737307592204e-17,2.821896088554374e-17
9717,2.034286550564328e-13,3.743834183884161e-17,2.964892759038572e-17
9718,2.055034214225404e-13,3.763009607353976e-17,2.9706776094721e-17
9719,2.038155897956803e-13,3.704880372083186e-17,2.872205212945992e-17
9720,2.036061304214431e-13,3.653513707990244e-17,2.782332203143219e-17
9721,2.038180489401183e-13,3.347580391015152e-17,2.542677003795106e-17
9722,2.029366925318327e-13,3.512696004267411e-17,2.633766181556975e-17
9723,2.036956566208666e-13,3.739107963561735e-17,2.899193045518639e-17
9724,2.035864578653323e-13,3.900732142576589e-17,3.092299181280467e-17
9725,2.018702354988666e-13,3.284537112895967e-17,2.443368736524192e-17
9726,2.009620122081367e-13,3.549962528235143e-17,2.72297891754147e-17
9727,2.0433313786767e-13,3.803057185858024e-17,2.981669038057365e-17
9728,1.99208255611752e-13,3.134294572533763e-17,2.35454516676766e-17
9729,1.997503589889981e-13,3.706082038350346e-17,2.909735044679491e-17
9730,2.026627116174353e-13,3.720951744061229e-17,2.861360967072588e-17
9731,2.012805349077357e-13,3.39144919670167e-17,2.579125946477701e-17
9732,2.03653518998979e-13,3.809275690141924e-17,2.984615478596507e-17
9733,2.030147963168695e-13,3.708523639231807e-17,2.83368333730723e-17
9734,2.038573573213477e-13,3.627680881128615e-17,2.775101890912985e-17
9735,1.977280589854724e-13,2.922536071040919e-17,2.096510907934578e-17
9736,2.015349041219481e-13,3.604674340028455e-17,2.745034323345389e-17
9737,1.994721809016739e-13,3.262171790484901e-17,2.436734110505881e-17
9738,1.992151668265529e-13,3.502132708643425e-17,2.620024132199442e-17
9739,2.023692584594906e-13,3.774910318087505e-17,2.979689680184397e-17
9740,2.003074352250154e-13,3.200547316252759e-17,2.330438063144043e-17
9741,1.998878520809581e-13,3.238607157806597e-17,2.379050866846366e-17
9742,2.02321416616847e-13,3.77867190982573e-17,3.005178320813723e-17
9743,2.005436495043357e-13,3.435518120809119e-17,2.624247297531081e-17
9744,2.010356400875416e-13,3.350585661324544e-17,2.521021176146756e-17
9745,2.029267418274324e-13,3.826442046455191e-17,2.965820372715515e-17
9746,2.004465084957434e-13,3.561554753858575e-17,2.696637964122709e-17
9747,2.013676575294444e-13,3.621385995227024e-17,2.756459241634045e-17
9748,2.032247687663377e-13,3.640689130801509e-17,2.754094105526797e-17
9749,2.034194202364611e-13,3.742622834874284e-17,2.955883372417091e-17
9750,2.005110772387145e-13,3.459542783490011e-17,2.61280448552928e-17
9751,2.029513421786888e-13,3.88963983545051e-17,2.998549974348159e-17
9752,2.010504801657574e-13,3.189710437025095e-17,2.330772306672194e-17
9753,2.029505246131633e-13,3.616982944434376e-17,2.744099568970178e-17
9754,2.004080544662058e-13,3.115629076296537e-17,2.308209604522574e-17
9755,2.041444039331758e-13,3.972023327138029e-17,3.127340346454847e-17
9756,2.026885160347402e-13,3.702309363204909e-17,2.82311891844407e-17
9757,2.003155289615804e-13,3.326316905957301e-17,2.516385278834316e-17
9758,2.018833479727619e-13,3.431511842883214e-17,2.572738985424024e-17
9759,2.024917090402252e-13,3.656049730581033e-17,2.729348629827337e-17
9760,2.020717583254228e-13,3.261153205095874e-17,2.421301364574597e-17
9761,1.985955198394873e-13,3.346606898257076e-17,2.546379791925065e-17
9762,2.030436245655771e-13,3.879886276273614e-17,3.051912615975883e-17
9763,2.016275770671735e-13,3.520620135054472e-17,2.626431371734214e-17
9764,2.021057660979555e-13,3.785188171656092e-17,3.006954465198285e-17
9765,2.019556102184066e-13,3.681926631786971e-17,2.837245551858136e-17
9766,2.014591206629773e-13,3.494438825371011e-17,2.635745942791534e-17
9767,2.001665367655567e-13,3.420200415783239e-17,2.618301133665933e-17
9768,2.015344976057178e-13,3.50233555755631e-17,2.645069730041853e-17
9769,2.038864806481271e-13,3.715564176906944e-17,2.796585564727723e-17
9770,2.029146809644002e-13,3.730571082045695e-17,2.824054639695764e-17
9771,2.020450416610995e-13,3.76690754025135e-17,2.944212796969057e-17
9772,2.03133874214569e-13,3.749971664067615e-17,2.891296140183659e-17
9773,2.035286798378896e-13,3.654847276239142e-17,2.801644948457321e-17
9774,2.05703794697699e-13,3.832146537465089e-17,3.042403894103426e-17
9775,2.028766132222124e-13,3.632973812674826e-17,2.789420359959022e-17
9776,2.002621011942457e-13,3.020073212594292e-17,2.206437276832633e-17
9777,2.022723290378148e-13,3.715566632748846e-17,2.798381808148577e-17
9778,2.026500250234185e-13,3.856383351589794e-17,3.055673850313672e-17
9779,2.02004426426732e-13,3.56634359842024e-17,2.683220859925302e-17
9780,2.028942338623647e-13,3.624196393320679e-17,2.767967258231778e-17
9781,2.022846494379346e-13,3.615367765219078e-17,2.673015418798875e-17
9782,2.005364848993586e-13,3.581260497877272e-17,2.719648105626129e-17
9783,2.030444661419259e-13,3.892904048028254e-17,3.101847535544556e-17
9784,2.005280591330328e-13,3.163891233618288e-17,2.371922439868687e-17
9785,2.02011864801241e-13,3.613451143577589e-17,2.818704549767862e-17
9786,2.021833289949316e-13,3.66389554545592e-17,2.812842892355973e-17
9787,2.041192209319797e-13,3.851287498530121e-17,2.943554627075092e-17
9788,2.033405613807503e-13,3.678002112053884e-17,2.822593064960663e-17
9789,2.038384109584695e-13,3.698358915153182e-17,2.903464638203294e-17
9790,2.045271676345278e-13,3.78850441490076e-17,2.967761175881011e-17
9791,2.036116707283285e-13,4.061915980697675e-17,3.172833381371995e-17
9792,2.020443327913224e-13,3.180814706923842e-17,2.336270174573215e-17
9793,1.998525532326103e-13,3.127703413685155e-17,2.280803689386756e-17
9794,2.028375584217611e-13,3.788537816069929e-17,2.881988617090025e-17
9795,1.991166914228483e-13,3.123918893930497e-17,2.290244227514037e-17
9796,2.025206721987119e-13,3.79724452879057e-17,2.997941807076709e-17
9797,1.999275346137139e-13,3.395494487322046e-17,2.631378460720474e-17
9798,2.02223113000627e-13,3.671027007257439e-17,2.829537454675595e-17
9799,2.018235266490808e-13,3.333204829178527e-17,2.515488040200801e-17
9800,1.975458270648207e-13,3.045546696263703e-17,2.248652164345625e-17
9801,1.998574656542081e-13,3.441607120164871e-17,2.513219337906418e-17
9802,2.000220410187892e-13,3.135626479750593e-17,2.327155322535071e-17
9803,2.023191356538349e-13,3.833973921971178e-17,2.964724974628365e-17
9804,2.023880807794058e-13,3.53280525551119e-17,2.615107473355844e-17
9805,2.019636542404791e-13,3.619965257113187e-17,2.746210647654e-17
9806,2.034115655372479e-13,3.615173797233214e-17,2.77577596851085e-17
9807,1.99782416410051e-13,3.048899653265146e-17,2.233524803887925e-17
9808,2.001798659500484e-13,3.605633722136701e-17,2.775352765171084e-17
9809,2.008542476516337e-13,3.531019330234171e-17,2.667137389671724e-17
9810,2.017448120564357e-13,3.652072582110651e-17,2.736317415303468e-17
9811,2.028341463217519e-13,3.705298938355356e-17,2.861827323333662e-17
9812,2.03066290703817e-13,3.633530727708332e-17,2.821953477384888e-17
9813,2.027253774211488e-13,3.788577641951926e-17,2.97071963942499e-17
9814,2.030119343980174e-13,3.687233878371387e-17,2.914469713054735e-17
9815,1.989448723861052e-13,3.103654541050675e-17,2.276894306814412e-17
9816,1.992945132695067e-13,3.354954631819505e-17,2.529472297532741e-17
9817,1.989365500200553e-13,3.495599341953079e-17,2.629486537141387e-17
9818,2.010041178929207e-13,3.673355265765533e-17,2.740082299390146e-17
9819,1.989826000531257e-13,3.394908870968956e-17,2.568320776926875e-17
9820,2.022226944438741e-13,3.576116741550355e-17,2.71466279015867e-17
9821,2.040000983255954e-13,3.316348864855602e-17,2.50610881398303e-17
9822,2.009277388443983e-13,3.443208626241271e-17,2.614422002400653e-17
9823,2.021657481918299e-13,3.766365225533348e-17,3.001151840794298e-17
9824,2.035491922624558e-13,3.889414225815732e-17,3.048449564815988e-17
9825,2.035002076448136e-13,3.808020234195255e-17,2.996426984414826e-17
9826,2.000843712941938e-13,3.22133312618448e-17,2.44902686948222e-17
9827,1.990070888483513e-13,3.219074325642116e-17,2.392851132267508e-17
9828,1.986043904568502e-13,3.018341021152962e-17,2.18221797011723e-17
9829,2.012135018051076e-13,3.649401716836503e-17,2.801211618230336e-17
9830,2.009785817289782e-13,3.557901755433882e-17,2.641943405869315e-17
9831,2.019517865963593e-13,3.626221348381956e-17,2.813669386077583e-17
9832,2.005195665243768e-13,3.277006297735632e-17,2.483293114494877e-17
9833,2.000124437530064e-13,2.848385965522957e-17,2.015866485006902e-17
9834,2.010329899161129e-13,3.428784414184028e-17,2.596962747799225e-17
9835,2.023957411599837e-13,3.559052961565354e-17,2.648260720814362e-17
9836,2.004403519516035e-13,3.52344084421841e-17,2.655541594443742e-17
9837,2.008628685065262e-13,3.617363712428975e-17,2.756134026663664e-17
9838,2.023097508928672e-13,3.695224779344285e-17,2.82922664267205e-17
9839,2.009636155763844e-13,3.644188197738143e-17,2.756514564310975e-17
9840,2.017576539583967e-13,3.68653853832435e-17,2.737797500335156e-17
9841,2.007402782710283e-13,3.638808811635536e-17,2.815931299455907e-17
9842,2.011390530509772e-13,3.406665023548545e-17,2.597700348992561e-17
9843,2.013076903112957e-13,3.626597435344644e-17,2.831190910733063e-17
9844,2.00922179823416e-13,3.342782128748917e-17,2.551650206533034e-17
9845,2.021337197685988e-13,3.636530699556251e-17,2.741295146300451e-17
9846,2.037510963366972e-13,3.819049427721023e-17,3.028490334706892e-17
9847,1.998127806103625e-13,3.528566471577406e-17,2.662182477000377e-17
9848,2.010244962716861e-13,3.660659919734856e-17,2.740492910253508e-17
9849,2.011537804897409e-13,3.500966877286722e-17,2.612509025228274e-17
9850,2.00908598653183e-13,3.874099521532041e-17,3.059614205086006e-17
9851,2.026127223773138e-13,3.633720432204821e-17,2.788105311077101e-17
9852,2.03195603967344e-13,3.619665038885024e-17,2.796949144875041e-17
9853,2.037745869447655e-13,3.870260558759045e-17,2.977101238389088e-17
9854,2.041757749967929e-13,3.903439827406166e-17,3.057226305007771e-17
9855,1.983109295481796e-13,3.061035262254192e-17,2.213716496334273e-17
9856,2.005774674411395e-13,3.324645775669818e-17,2.459680693959888e-17
9857,2.034258440420812e-13,3.757799090622352e-17,2.907356297707664e-17
9858,2.027080967470692e-13,3.518406387070888e-17,2.70562929877305e-17
9859,2.000767951107505e-13,3.113662064137986e-17,2.278667630713862e-17
9860,2.032160711189436e-13,3.687210326224134e-17,2.813705322759168e-17
9861,2.020582381716225e-13,3.560002975483881e-17,2.74221751742743e-17
9862,1.9852589506015e-13,3.055643823058775e-17,2.23498747350031e-17
9863,2.038906427277333e-13,3.780499913893597e-17,2.966271347829127e-17
9864,2.018032173622495e-13,3.29959569417801e-17,2.494098720439759e-17
9865,2.012069636107614e-13,3.662481166937634e-17,2.806388413689257e-17
9866,2.040736271145845e-13,3.89719308185421e-17,3.117400030048963e-17
9867,1.999037647475314e-13,3.402409725785442e-17,2.608719436716383e-17
9868,2.027529187835212e-13,3.730009309953795e-17,2.804252723382495e-17
9869,2.03875995556194e-13,3.751477278354634e-17,2.96813129110885e-17
9870,1.98886509701133e-13,3.244495637410511e-17,2.419182707376974e-17
9871,2.013440585090227e-13,3.653443231636339e-17,2.81138215595504e-17
9872,2.032249860675493e-13,3.809683073841799e-17,2.914045836136988e-17
9873,2.059985267705561e-13,3.957478051131908e-17,3.099856717233991e-17
9874,2.032536006891477e-13,3.660367732456958e-17,2.868574930534293e-17
9875,2.041728940089733e-13,3.703841015467519e-17,2.913618017796395e-17
9876,2.021686164218619e-13,3.526750124246618e-17,2.68624283697902e-17
9877,2.019820444671448e-13,3.792784973191972e-17,3.007599099024542e-17
9878,2.002093927283802e-13,3.151988786988132e-17,2.31823805858369e-17
9879,2.017710486848623e-13,3.787691902372856e-17,2.927525841051301e-17
9880,2.037403537541391e-13,3.702656665488424e-17,2.913114647846474e-17
9881,2.039392652356257e-13,3.80991108476076e-17,3.0403041208483e-17
9882,2.0463505685345e-13,3.816817748964309e-17,3.024213401187154e-17
9883,2.001971011154169e-13,3.432760486053284e-17,2.663942723766771e-17
9884,2.029789310573621e-13,3.713944512113101e-17,2.859193147684991e-17
9885,2.015726795222045e-13,3.511277997660869e-17,2.685704315342376e-17
9886,2.009797630657504e-13,3.619671975330297e-17,2.76922147227962e-17
9887,2.055485562981516e-13,3.925676680199632e-17,3.064503295494946e-17
9888,2.032324409642333e-13,3.777966522358921e-17,2.969338797251759e-17
9889,2.027841077821987e-13,3.543706195179565e-17,2.697539839553061e-17
9890,2.038578607724369e-13,3.955516854988567e-17,3.102517260235247e-17
9891,2.014383097144576e-13,3.588044503537096e-17,2.789073021360104e-17
9892,2.009938009432109e-13,3.532891035068126e-17,2.719744032986332e-17
9893,2.03616906869695e-13,3.800655711230614e-17,2.925715867226251e-17
9894,2.036842193658649e-13,3.814096932477801e-17,3.018641851327837e-17
9895,2.021519479334926e-13,3.728616311698216e-17,2.92784829490024e-17
9896,2.024036379809626e-13,3.713702914427014e-17,2.895785629016472e-17
9897,2.011747672534643e-13,3.743467296225948e-17,2.821095002010123e-17
9898,1.998324640006865e-13,3.252558599178738e-17,2.466694908619048e-17
9899,1.99708477529792e-13,3.142981872318647e-17,2.320582749016835e-17
9900,2.044199978713118e-13,3.841386863726116e-17,3.017801668357234e-17
9901,2.032256905522288e-13,3.740843005474616e-17,2.899226958623321e-17
9902,2.0147673423205e-13,3.366857018104493e-17,2.563607395741307e-17
9903,2.01582226288516e-13,3.5879609602374e-17,2.793742498000416e-17
9904,2.020400008051713e-13,3.9440677597111e-17,3.103517952960316e-17
9905,2.020966716926467e-13,3.723186340099009e-17,2.931360680722895e-17
9906,2.001981072351242e-13,3.288740902081079e-17,2.458650938961101e-17
9907,1.979109176164513e-13,3.005345055630906e-17,2.143912123344724e-17
9908,1.98894571637276e-13,3.372878845841967e-17,2.6050569991634e-17
9909,1.999574135967666e-13,3.300808878588045e-17,2.474467022582586e-17
9910,2.02628970414197e-13,3.697923327482153e-17,2.854404017981406e-17
9911,2.015243352441793e-13,3.798228349845902e-17,3.037234715876687e-17
9912,2.032761559597808e-13,3.810493155166771e-17,3.015721035113895e-17
9913,2.023555812321707e-13,3.390212024664134e-17,2.573482344081171e-17
9914,1.991759090589051e-13,3.050156785507858e-17,2.218808896350675e-17
9915,1.997863493410329e-13,3.339970113012151e-17,2.482261716875561e-17
9916,2.000909188681598e-13,3.587653590582188e-17,2.706340344030917e-17
9917,2.019846748686423e-13,3.69176740699303e-17,2.877036886094837e-17
9918,2.02724876926897e-13,3.501026196181129e-17,2.68898132752632e-17
9919,2.035454760947367e-13,3.796624628292933e-17,2.9582442171469e-17
9920,2.03581614308702e-13,3.656535879143536e-17,2.808328628091685e-17
9921,2.032897971846593e-13,3.818674579340378e-17,3.007430795909876e-17
9922,2.012823979259273e-13,3.32450773682475e-17,2.504149403657307e-17
9923,2.000057820762171e-13,3.412877861546357e-17,2.619660430684893e-17
9924,2.01359315748334e-13,3.295847740312465e-17,2.451869007848356e-17
9925,2.008886436137733e-13,3.722823650237533e-17,2.834599765704298e-17
9926,2.020599832473658e-13,3.375058290897174e-17,2.595923632428853e-17
9927,2.018910614560319e-13,3.617848551673932e-17,2.825048890751791e-17
9928,2.019681172930223e-13,3.326461256067634e-17,2.504865805048081e-17
9929,2.048719287507002e-13,3.710622278722044e-17,2.827414601271937e-17
9930,2.021920124261828e-13,3.495871323279157e-17,2.647104129477354e-17
9931,2.003372615379922e-13,3.5389821739867e-17,2.699322832081973e-17
9932,2.021181580615643e-13,3.512815944604822e-17,2.725516194824398e-17
9933,2.016887233373795e-13,3.84534348055676e-17,3.000299533149262e-17
9934,2.037983767702271e-13,3.562400320748615e-17,2.760858130742292e-17
9935,2.031730668151769e-13,3.865267134769182e-17,2.994312046212427e-17
9936,2.003996693156397e-13,3.571132609058034e-17,2.67862173167194e-17
9937,2.042353487348779e-13,3.564399379372995e-17,2.593283610710844e-17
9938,2.038178972473404e-13,3.840680920900995e-17,2.978322251899368e-17
9939,2.020455432099315e-13,3.631737286970257e-17,2.734302454390346e-17
9940,2.031946998309379e-13,3.889258028896271e-17,3.025130403252536e-17
9941,2.025584454810302e-13,3.562793156355417e-17,2.649321117214668e-17
9942,2.016982763233318e-13,3.174490400468134e-17,2.356025798798008e-17
9943,2.001533981842172e-13,3.730327712858316e-17,2.832582396941114e-17
9944,2.035362765662112e-13,3.724715188460429e-17,2.893982873800278e-17
9945,1.998119738502091e-13,3.099430009271572e-17,2.245129271897787e-17
9946,2.013479517747464e-13,3.713265721161598e-17,2.890254326033855e-17
9947,2.017449553200954e-13,3.698947730341713e-17,2.796796074870951e-17
9948,2.030241158807023e-13,3.764099302264273e-17,2.932115117913614e-17
9949,2.025641070546115e-13,3.501904762706364e-17,2.728907148636646e-17
9950,2.011790083776841e-13,3.456471739553103e-17,2.548002041441575e-17
9951,2.036986853427128e-13,3.847649014387607e-17,3.021362352990589e-17
9952,2.028097812146187e-13,3.274090491964439e-17,2.469775640206161e-17
9953,2.036626881290097e-13,3.81542820090904e-17,2.931376612321182e-17
9954,2.010013711515355e-13,3.617298046190812e-17,2.70105166768212e-17
9955,2.047328410343546e-13,3.882479486183345e-17,3.068136466961196e-17
9956,2.022461137956736e-13,3.533892999712306e-17,2.746668688669008e-17
9957,2.020204869489661e-13,3.687747285384591e-17,2.817861107887406e-17
9958,2.026984035320399e-13,3.611555162285136e-17,2.702322662628109e-17
9959,2.033037808998317e-13,3.811157501116272e-17,2.950962959853567e-17
9960,2.046212039037194e-13,3.752128646336161e-17,2.884048235932278e-17
9961,2.00453981992414e-13,3.150820959299539e-17,2.276284354300707e-17
9962,2.023597127189183e-13,3.724945360027484e-17,2.806100470033872e-17
9963,2.015552902138206e-13,3.691797760917341e-17,2.764411318021528e-17
9964,2.035202428874958e-13,3.777202782535741e-17,2.923368186813544e-17
9965,2.009742197343138e-13,3.680395261247963e-17,2.830692945043266e-17
9966,2.033353604756557e-13,3.641528005808356e-17,2.736404768166909e-17
9967,2.041786001207008e-13,3.865202832507817e-17,3.019705285699543e-17
9968,2.012076829648969e-13,3.168024596607396e-17,2.403057575130499e-17
9969,2.012755267300014e-13,3.562269904077063e-17,2.723191664754211e-17
9970,1.993458139710686e-13,3.14205871849825e-17,2.288658240333184e-17
9971,2.014923248340815e-13,3.832104039371778e-17,2.991361297847303e-17
9972,2.026135530818307e-13,3.700881146148489e-17,2.828407993213127e-17
9973,2.032901041603021e-13,3.813209033198288e-17,2.943441266560945e-17
9974,2.012432007270486e-13,3.277984757005987e-17,2.432075105562981e-17
9975,2.012251997934745e-13,3.572292688467617e-17,2.709748629462897e-17
9976,2.032361185325602e-13,3.619942425486568e-17,2.762283213877479e-17
9977,1.992620183644309e-13,3.409503832370861e-17,2.54802027387286e-17
9978,2.039073744144256e-13,3.734672522102269e-17,2.92652144963785e-17
9979,2.022410197191811e-13,3.449838611875202e-17,2.637036369897092e-17
9980,2.020744888631387e-13,3.733006358394753e-17,2.95018360176669e-17
9981,2.011420907900487e-13,3.267165864869101e-17,2.378100812415688e-17
9982,2.002558151260842e-13,3.144021929926533e-17,2.313177549719612e-17
9983,2.025684325214253e-13,3.584389378072136e-17,2.712916582257418e-17
9984,2.036805827054705e-13,3.977517833511953e-17,3.125781208101826e-17
9985,2.031662313583608e-13,3.705703389950172e-17,2.918945376650396e-17
9986,2.032424190287838e-13,3.791817959095236e-17,3.013572720042849e-17
9987,2.035864659195165e-13,3.792514870858075e-17,2.992981871846198e-17
9988,2.014709485904264e-13,3.381227540188827e-17,2.551643000582111e-17
9989,2.032942875735275e-13,3.846259197571273e-17,2.97122061837953e-17
9990,2.019668235425109e-13,3.572865314804006e-17,2.75246468816854e-17
9991,1.994618432867057e-13,3.204124615945045e-17,2.374456673561988e-17
9992,2.02147548333826e-13,3.771135585655805e-17,2.903936658449014e-17
9993,2.015606071327733e-13,3.556203994380215e-17,2.733489199241194e-17
9994,2.019859015197618e-13,3.381404117225134e-17,2.522183876865166e-17
9995,2.011707471597327e-13,3.557241983533075e-17,2.710330071304428e-17
9996,1.995421592425167e-13,3.188967956808129e-17,2.398259932392198e-17
9997,2.032450532611287e-13,3.571362119468126e-17,2.736486467740641e-17
9998,1.990775721324955e-13,3.572762923843372e-17,2.724951180812704e-17
9999,2.020108397668032e-13,3.508497013284694e-17,2.715721385612761e-17
10000,1.991632771726489e-13,3.399347943901153e-17,2.578367463080828e-17
